Timestamp,Angle (rad),Velocity (RPM),Duty Target (%),Duty U (%),Duty V (%),Duty W (%),Mode
11:52:52.530,2.344170570373535,396.5736999511719,0.0,0.0,0.0,0.0,0
11:52:52.539,2.344170570373535,396.5736999511719,0.0,0.0,0.0,0.0,0
11:52:52.564,2.344170570373535,396.5736999511719,0.0,0.0,0.0,0.0,0
11:52:52.564,2.344170570373535,396.5736999511719,0.0,0.0,0.0,0.0,0
11:52:52.580,2.344170570373535,396.5736999511719,0.0,0.0,0.0,0.0,0
11:52:52.580,2.344170570373535,396.5736999511719,0.0,0.0,0.0,0.0,0
11:52:52.597,2.344170570373535,396.5736999511719,0.0,0.0,0.0,0.0,0
11:52:52.612,2.344170570373535,396.5736999511719,0.0,0.0,0.0,0.0,0
11:52:52.612,2.344170570373535,396.5736999511719,0.0,0.0,0.0,0.0,0
11:52:52.628,2.344170570373535,396.5736999511719,0.0,0.0,0.0,0.0,0
11:52:52.644,2.344170570373535,396.5736999511719,0.0,0.0,0.0,0.0,0
11:52:52.644,2.344170570373535,396.5736999511719,0.0,0.0,0.0,0.0,0
11:52:52.661,2.344170570373535,396.5736999511719,0.0,0.0,0.0,0.0,0
11:52:52.661,2.344170570373535,396.5736999511719,0.0,0.0,0.0,0.0,0
11:52:52.676,2.344170570373535,396.5736999511719,0.0,0.0,0.0,0.0,0
11:52:52.692,2.344170570373535,396.5736999511719,0.0,0.0,0.0,0.0,0
11:52:52.692,2.344170570373535,396.5736999511719,0.0,0.0,0.0,0.0,0
11:52:52.708,2.344170570373535,396.5736999511719,0.0,0.0,0.0,0.0,0
11:52:52.725,2.344170570373535,396.5736999511719,0.0,0.0,0.0,0.0,0
11:52:52.725,2.344170570373535,396.5736999511719,0.0,0.0,0.0,0.0,0
11:52:52.740,2.344170570373535,396.5736999511719,0.0,0.0,0.0,0.0,0
11:52:52.740,2.344170570373535,396.5736999511719,0.0,0.0,0.0,0.0,0
11:52:52.756,2.344170570373535,396.5736999511719,0.0,0.0,0.0,0.0,0
11:52:52.772,2.344170570373535,396.5736999511719,0.0,0.0,0.0,0.0,0
11:52:52.772,2.344170570373535,396.5736999511719,0.0,0.0,0.0,0.0,0
11:52:52.789,2.344170570373535,396.5736999511719,0.0,0.0,0.0,0.0,0
11:52:52.796,2.344170570373535,396.5736999511719,0.0,0.0,0.0,0.0,0
11:52:52.804,2.344170570373535,396.5736999511719,0.0,0.0,0.0,0.0,0
11:52:52.820,2.344170570373535,396.5736999511719,0.0,0.0,0.0,0.0,0
11:52:52.820,2.344170570373535,396.5736999511719,0.0,0.0,0.0,0.0,0
11:52:52.836,2.344170570373535,396.5736999511719,0.0,0.0,0.0,0.0,0
11:52:52.853,2.344170570373535,396.5736999511719,0.0,0.0,0.0,0.0,0
11:52:52.860,2.344170570373535,396.5736999511719,0.0,0.0,0.0,0.0,0
11:52:52.868,2.344170570373535,396.5736999511719,0.0,0.0,0.0,0.0,0
11:52:52.884,2.344170570373535,396.5736999511719,0.0,0.0,0.0,0.0,0
11:52:52.884,2.344170570373535,396.5736999511719,0.0,0.0,0.0,0.0,0
11:52:52.900,2.344170570373535,396.5736999511719,0.0,0.0,0.0,0.0,0
11:52:52.900,2.344170570373535,396.5736999511719,0.0,0.0,0.0,0.0,0
11:52:52.918,2.344170570373535,396.5736999511719,0.0,0.0,0.0,0.0,0
11:52:52.932,2.344170570373535,396.5736999511719,0.0,0.0,0.0,0.0,0
11:52:52.932,2.344170570373535,396.5736999511719,0.0,0.0,0.0,0.0,0
11:52:52.948,2.344170570373535,396.5736999511719,0.0,0.0,0.0,0.0,0
11:52:52.964,2.344170570373535,396.5736999511719,0.0,0.0,0.0,0.0,0
11:52:52.964,2.344170570373535,396.5736999511719,0.0,0.0,0.0,0.0,0
11:52:52.981,2.344170570373535,396.5736999511719,0.0,0.0,0.0,0.0,0
11:52:52.981,2.344170570373535,396.5736999511719,0.0,0.0,0.0,0.0,0
11:52:52.996,2.344170570373535,396.5736999511719,0.0,0.0,0.0,0.0,0
11:52:53.012,2.344170570373535,396.5736999511719,0.0,0.0,0.0,0.0,0
11:52:53.012,2.344170570373535,396.5736999511719,0.0,0.0,0.0,0.0,0
11:52:53.028,2.344170570373535,396.5736999511719,0.0,0.0,0.0,0.0,0
11:52:53.045,2.344170570373535,396.5736999511719,0.0,0.0,0.0,0.0,0
11:52:53.052,2.344170570373535,396.5736999511719,0.0,0.0,0.0,0.0,0
11:52:53.060,2.344170570373535,396.5736999511719,0.0,0.0,0.0,0.0,0
11:52:53.060,2.344170570373535,396.5736999511719,0.0,0.0,0.0,0.0,0
11:52:53.076,2.344170570373535,396.5736999511719,0.0,0.0,0.0,0.0,0
11:52:53.093,2.344170570373535,396.5736999511719,0.0,0.0,0.0,0.0,0
11:52:53.093,2.344170570373535,396.5736999511719,0.0,0.0,0.0,0.0,0
11:52:53.108,2.344170570373535,396.5736999511719,0.0,0.0,0.0,0.0,0
11:52:53.124,2.344170570373535,396.5736999511719,0.0,0.0,0.0,0.0,0
11:52:53.124,2.344170570373535,396.5736999511719,0.0,0.0,0.0,0.0,0
11:52:53.130,2.344170570373535,396.5736999511719,0.0,0.0,0.0,0.0,0
11:52:53.151,2.344170570373535,396.5736999511719,0.0,0.0,0.0,0.0,0
11:52:53.151,2.344170570373535,396.5736999511719,0.0,0.0,0.0,0.0,0
11:52:53.165,2.344170570373535,396.5736999511719,0.0,0.0,0.0,0.0,0
11:52:53.180,2.344170570373535,396.5736999511719,0.0,0.0,0.0,0.0,0
11:52:53.180,2.344170570373535,396.5736999511719,0.0,0.0,0.0,0.0,0
11:52:53.194,2.344170570373535,396.5736999511719,0.0,0.0,0.0,0.0,0
11:52:53.212,2.344170570373535,396.5736999511719,0.0,0.0,0.0,0.0,0
11:52:53.212,2.344170570373535,396.5736999511719,0.0,0.0,0.0,0.0,0
11:52:53.228,2.344170570373535,396.5736999511719,0.0,0.0,0.0,0.0,0
11:52:53.232,2.344170570373535,396.5736999511719,0.0,0.0,0.0,0.0,0
11:52:53.248,2.344170570373535,396.5736999511719,0.0,0.0,0.0,0.0,0
11:52:53.265,2.344170570373535,396.5736999511719,0.0,0.0,0.0,0.0,0
11:52:53.265,2.344170570373535,396.5736999511719,0.0,0.0,0.0,0.0,0
11:52:53.282,2.344170570373535,396.5736999511719,0.0,0.0,0.0,0.0,0
11:52:53.289,2.344170570373535,396.5736999511719,0.0,0.0,0.0,0.0,0
11:52:53.289,2.344170570373535,396.5736999511719,0.0,0.0,0.0,0.0,0
11:52:53.300,2.344170570373535,396.5736999511719,0.0,0.0,0.0,0.0,0
11:52:53.310,2.344170570373535,396.5736999511719,0.0,0.0,0.0,0.0,0
11:52:53.320,2.344170570373535,396.5736999511719,0.0,0.0,0.0,0.0,0
11:52:53.331,2.344170570373535,396.5736999511719,0.0,0.0,0.0,0.0,0
11:52:53.341,2.344170570373535,396.5736999511719,0.0,0.0,0.0,0.0,0
11:52:53.353,2.344170570373535,396.5736999511719,0.0,0.0,0.0,0.0,0
11:52:53.360,2.344170570373535,396.5736999511719,0.0,0.0,0.0,0.0,0
11:52:53.370,2.344170570373535,396.5736999511719,0.0,0.0,0.0,0.0,0
11:52:53.380,2.344170570373535,396.5736999511719,0.0,0.0,0.0,0.0,0
11:52:53.390,2.344170570373535,396.5736999511719,0.0,0.0,0.0,0.0,0
11:52:53.399,2.344170570373535,396.5736999511719,0.0,0.0,0.0,0.0,0
11:52:53.415,2.344170570373535,396.5736999511719,0.0,0.0,0.0,0.0,0
11:52:53.420,2.344170570373535,396.5736999511719,0.0,0.0,0.0,0.0,0
11:52:53.429,2.344170570373535,396.5736999511719,0.0,0.0,0.0,0.0,0
11:52:53.440,2.344170570373535,396.5736999511719,0.0,0.0,0.0,0.0,0
11:52:53.450,2.344170570373535,396.5736999511719,0.0,0.0,0.0,0.0,0
11:52:53.460,2.344170570373535,396.5736999511719,0.0,0.0,0.0,0.0,0
11:52:53.476,2.344170570373535,396.5736999511719,0.0,0.0,0.0,0.0,0
11:52:53.480,2.344170570373535,396.5736999511719,0.0,0.0,0.0,0.0,0
11:52:53.490,2.344170570373535,396.5736999511719,0.0,0.0,0.0,0.0,0
11:52:53.500,2.344170570373535,396.5736999511719,0.0,0.0,0.0,0.0,0
11:52:53.526,2.344170570373535,396.5736999511719,0.0,0.0,0.0,0.0,0
11:52:53.526,2.344170570373535,396.5736999511719,0.0,0.0,0.0,0.0,0
11:52:53.543,2.344170570373535,396.5736999511719,0.0,0.0,0.0,0.0,0
11:52:53.552,2.344170570373535,396.5736999511719,0.0,0.0,0.0,0.0,0
11:52:53.558,2.344170570373535,396.5736999511719,0.0,0.0,0.0,0.0,0
11:52:53.574,2.344170570373535,396.5736999511719,0.0,0.0,0.0,0.0,0
11:52:53.574,2.344170570373535,396.5736999511719,0.0,0.0,0.0,0.0,0
11:52:53.592,2.344170570373535,396.5736999511719,0.0,0.0,0.0,0.0,0
11:52:53.592,2.344170570373535,396.5736999511719,0.0,0.0,0.0,0.0,0
11:52:53.606,2.344170570373535,396.5736999511719,0.0,0.0,0.0,0.0,0
11:52:53.622,2.344170570373535,396.5736999511719,0.0,0.0,0.0,0.0,0
11:52:53.622,2.344170570373535,396.5736999511719,0.0,0.0,0.0,0.0,0
11:52:53.637,2.344170570373535,396.5736999511719,0.0,0.0,0.0,0.0,0
11:52:53.654,2.344170570373535,396.5736999511719,0.0,0.0,0.0,0.0,0
11:52:53.654,2.344170570373535,396.5736999511719,0.0,0.0,0.0,0.0,0
11:52:53.677,2.344170570373535,396.5736999511719,0.0,0.0,0.0,0.0,0
11:52:53.678,2.344170570373535,396.5736999511719,0.0,0.0,0.0,0.0,0
11:52:53.685,2.344170570373535,396.5736999511719,0.0,0.0,0.0,0.0,0
11:52:53.692,2.344170570373535,396.5736999511719,0.0,0.0,0.0,0.0,0
11:52:53.712,2.344170570373535,396.5736999511719,0.0,0.0,0.0,0.0,0
11:52:53.712,2.344170570373535,396.5736999511719,0.0,0.0,0.0,0.0,0
11:52:53.737,2.344170570373535,396.5736999511719,0.0,0.0,0.0,0.0,0
11:52:53.737,2.344170570373535,396.5736999511719,0.0,0.0,0.0,0.0,0
11:52:53.743,2.344170570373535,396.5736999511719,0.0,0.0,0.0,0.0,0
11:52:53.750,2.344170570373535,396.5736999511719,0.0,0.0,0.0,0.0,0
11:52:53.759,2.344170570373535,396.5736999511719,0.0,0.0,0.0,0.0,0
11:52:53.770,2.344170570373535,396.5736999511719,0.0,0.0,0.0,0.0,0
11:52:53.783,2.344170570373535,396.5736999511719,0.0,0.0,0.0,0.0,0
11:52:53.795,2.344170570373535,396.5736999511719,0.0,0.0,0.0,0.0,0
11:52:53.799,2.344170570373535,396.5736999511719,0.0,0.0,0.0,0.0,0
11:52:53.810,2.344170570373535,396.5736999511719,0.0,0.0,0.0,0.0,0
11:52:53.820,2.344170570373535,396.5736999511719,0.0,0.0,0.0,0.0,0
11:52:53.829,2.344170570373535,396.5736999511719,0.0,0.0,0.0,0.0,0
11:52:53.841,2.344170570373535,396.5736999511719,0.0,0.0,0.0,0.0,0
11:52:53.858,2.344170570373535,396.5736999511719,0.0,0.0,0.0,0.0,0
11:52:53.859,2.344170570373535,396.5736999511719,0.0,0.0,0.0,0.0,0
11:52:53.869,2.344170570373535,396.5736999511719,0.0,0.0,0.0,0.0,0
11:52:53.880,2.344170570373535,396.5736999511719,0.0,0.0,0.0,0.0,0
11:52:53.890,2.344170570373535,396.5736999511719,0.0,0.0,0.0,0.0,0
11:52:53.900,2.344170570373535,396.5736999511719,0.0,0.0,0.0,0.0,0
11:52:53.911,2.344170570373535,396.5736999511719,0.0,0.0,0.0,0.0,0
11:52:53.921,2.344170570373535,396.5736999511719,0.0,0.0,0.0,0.0,0
11:52:53.931,2.344170570373535,396.5736999511719,0.0,0.0,0.0,0.0,0
11:52:53.939,2.344170570373535,396.5736999511719,0.0,0.0,0.0,0.0,0
11:52:53.950,2.344170570373535,396.5736999511719,0.0,0.0,0.0,0.0,0
11:52:53.961,2.344170570373535,396.5736999511719,0.0,0.0,0.0,0.0,0
11:52:53.971,2.344170570373535,396.5736999511719,0.0,0.0,0.0,0.0,0
11:52:53.980,2.344170570373535,396.5736999511719,0.0,0.0,0.0,0.0,0
11:52:53.990,2.344170570373535,396.5736999511719,0.0,0.0,0.0,0.0,0
11:52:54.010,2.344170570373535,396.5736999511719,0.0,0.0,0.0,0.0,0
11:52:54.010,2.344170570373535,396.5736999511719,0.0,0.0,0.0,0.0,0
11:52:54.027,2.344170570373535,396.5736999511719,0.0,0.0,0.0,0.0,0
11:52:54.044,2.344170570373535,396.5736999511719,0.0,0.0,0.0,0.0,0
11:52:54.050,2.344170570373535,396.5736999511719,0.0,0.0,0.0,0.0,0
11:52:54.058,2.344170570373535,396.5736999511719,0.0,0.0,0.0,0.0,0
11:52:54.074,2.344170570373535,396.5736999511719,0.0,0.0,0.0,0.0,0
11:52:54.074,2.344170570373535,396.5736999511719,0.0,0.0,0.0,0.0,0
11:52:54.090,2.344170570373535,396.5736999511719,0.0,0.0,0.0,0.0,0
11:52:54.091,2.344170570373535,396.5736999511719,0.0,0.0,0.0,0.0,0
11:52:54.117,2.344170570373535,396.5736999511719,0.0,0.0,0.0,0.0,0
11:52:54.117,2.344170570373535,396.5736999511719,0.0,0.0,0.0,0.0,0
11:52:54.123,2.344170570373535,396.5736999511719,0.0,0.0,0.0,0.0,0
11:52:54.138,2.344170570373535,396.5736999511719,0.0,0.0,0.0,0.0,0
11:52:54.155,2.344170570373535,396.5736999511719,0.0,0.0,0.0,0.0,0
11:52:54.155,2.344170570373535,396.5736999511719,0.0,0.0,0.0,0.0,0
11:52:54.171,2.344170570373535,396.5736999511719,0.0,0.0,0.0,0.0,0
11:52:54.171,2.344170570373535,396.5736999511719,0.0,0.0,0.0,0.0,0
11:52:54.187,2.344170570373535,396.5736999511719,0.0,0.0,0.0,0.0,0
11:52:54.204,2.344170570373535,396.5736999511719,0.0,0.0,0.0,0.0,0
11:52:54.204,2.344170570373535,396.5736999511719,0.0,0.0,0.0,0.0,0
11:52:54.221,2.344170570373535,396.5736999511719,0.0,0.0,0.0,0.0,0
11:52:54.221,2.344170570373535,396.5736999511719,0.0,0.0,0.0,0.0,0
11:52:54.236,2.344170570373535,396.5736999511719,0.0,0.0,0.0,0.0,0
11:52:54.241,2.344170570373535,396.5736999511719,0.0,0.0,0.0,0.0,0
11:52:54.249,2.344170570373535,396.5736999511719,0.0,0.0,0.0,0.0,0
11:52:54.265,2.344170570373535,396.5736999511719,0.0,0.0,0.0,0.0,0
11:52:54.282,2.344170570373535,396.5736999511719,0.0,0.0,0.0,0.0,0
11:52:54.288,2.344170570373535,396.5736999511719,0.0,0.0,0.0,0.0,0
11:52:54.298,2.344170570373535,396.5736999511719,0.0,0.0,0.0,0.0,0
11:52:54.315,2.344170570373535,396.5736999511719,0.0,0.0,0.0,0.0,0
11:52:54.315,2.344170570373535,396.5736999511719,0.0,0.0,0.0,0.0,0
11:52:54.331,2.344170570373535,396.5736999511719,0.0,0.0,0.0,0.0,0
11:52:54.331,2.344170570373535,396.5736999511719,0.0,0.0,0.0,0.0,0
11:52:54.358,2.344170570373535,396.5736999511719,0.0,0.0,0.0,0.0,0
11:52:54.358,2.344170570373535,396.5736999511719,0.0,0.0,0.0,0.0,0
11:52:54.364,2.344170570373535,396.5736999511719,0.0,0.0,0.0,0.0,0
11:52:54.380,2.344170570373535,396.5736999511719,0.0,0.0,0.0,0.0,0
11:52:54.380,2.344170570373535,396.5736999511719,0.0,0.0,0.0,0.0,0
11:52:54.396,2.344170570373535,396.5736999511719,0.0,0.0,0.0,0.0,0
11:52:54.414,2.344170570373535,396.5736999511719,0.0,0.0,0.0,0.0,0
11:52:54.414,2.344170570373535,396.5736999511719,0.0,0.0,0.0,0.0,0
11:52:54.428,2.344170570373535,396.5736999511719,0.0,0.0,0.0,0.0,0
11:52:54.445,2.344170570373535,396.5736999511719,0.0,0.0,0.0,0.0,0
11:52:54.445,2.344170570373535,396.5736999511719,0.0,0.0,0.0,0.0,0
11:52:54.461,2.344170570373535,396.5736999511719,0.0,0.0,0.0,0.0,0
11:52:54.461,2.344170570373535,396.5736999511719,0.0,0.0,0.0,0.0,0
11:52:54.483,2.344170570373535,396.5736999511719,0.0,0.0,0.0,0.0,0
11:52:54.483,2.344170570373535,396.5736999511719,0.0,0.0,0.0,0.0,0
11:52:54.491,2.344170570373535,396.5736999511719,0.0,0.0,0.0,0.0,0
11:52:54.500,2.344170570373535,396.5736999511719,0.0,0.0,0.0,0.0,0
11:52:54.515,2.344170570373535,396.5736999511719,0.0,0.0,0.0,0.0,0
11:52:54.533,2.344170570373535,396.5736999511719,0.0,0.0,0.0,0.0,0
11:52:54.533,2.344170570373535,396.5736999511719,0.0,0.0,0.0,0.0,0
11:52:54.547,2.344170570373535,396.5736999511719,0.0,0.0,0.0,0.0,0
11:52:54.564,2.344170570373535,396.5736999511719,0.0,0.0,0.0,0.0,0
11:52:54.564,2.344170570373535,396.5736999511719,0.0,0.0,0.0,0.0,0
11:52:54.580,2.344170570373535,396.5736999511719,0.0,0.0,0.0,0.0,0
11:52:54.580,2.344170570373535,396.5736999511719,0.0,0.0,0.0,0.0,0
11:52:54.598,2.344170570373535,396.5736999511719,0.0,0.0,0.0,0.0,0
11:52:54.613,2.344170570373535,396.5736999511719,0.0,0.0,0.0,0.0,0
11:52:54.613,2.344170570373535,396.5736999511719,0.0,0.0,0.0,0.0,0
11:52:54.630,2.344170570373535,396.5736999511719,0.0,0.0,0.0,0.0,0
11:52:54.630,2.344170570373535,396.5736999511719,0.0,0.0,0.0,0.0,0
11:52:54.645,2.344170570373535,396.5736999511719,0.0,0.0,0.0,0.0,0
11:52:54.663,2.344170570373535,396.5736999511719,0.0,0.0,0.0,0.0,0
11:52:54.672,2.344170570373535,396.5736999511719,0.0,0.0,0.0,0.0,0
11:52:54.678,2.344170570373535,396.5736999511719,0.0,0.0,0.0,0.0,0
11:52:54.694,2.344170570373535,396.5736999511719,0.0,0.0,0.0,0.0,0
11:52:54.694,2.344170570373535,396.5736999511719,0.0,0.0,0.0,0.0,0
11:52:54.710,2.344170570373535,396.5736999511719,0.0,0.0,0.0,0.0,0
11:52:54.710,2.344170570373535,396.5736999511719,0.0,0.0,0.0,0.0,0
11:52:54.728,2.344170570373535,396.5736999511719,0.0,0.0,0.0,0.0,0
11:52:54.743,2.344170570373535,396.5736999511719,0.0,0.0,0.0,0.0,0
11:52:54.743,2.344170570373535,396.5736999511719,0.0,0.0,0.0,0.0,0
11:52:54.759,2.344170570373535,396.5736999511719,0.0,0.0,0.0,0.0,0
11:52:54.775,2.344170570373535,396.5736999511719,0.0,0.0,0.0,0.0,0
11:52:54.775,2.344170570373535,396.5736999511719,0.0,0.0,0.0,0.0,0
11:52:54.801,2.344170570373535,396.5736999511719,0.0,0.0,0.0,0.0,0
11:52:54.801,2.344170570373535,396.5736999511719,0.0,0.0,0.0,0.0,0
11:52:54.808,2.344170570373535,396.5736999511719,0.0,0.0,0.0,0.0,0
11:52:54.824,2.344170570373535,396.5736999511719,0.0,0.0,0.0,0.0,0
11:52:54.824,2.344170570373535,396.5736999511719,0.0,0.0,0.0,0.0,0
11:52:54.840,2.344170570373535,396.5736999511719,0.0,0.0,0.0,0.0,0
11:52:54.840,2.344170570373535,396.5736999511719,0.0,0.0,0.0,0.0,0
11:52:54.866,2.344170570373535,396.5736999511719,0.0,0.0,0.0,0.0,0
11:52:54.873,2.344170570373535,396.5736999511719,0.0,0.0,0.0,0.0,0
11:52:54.873,2.344170570373535,396.5736999511719,0.0,0.0,0.0,0.0,0
11:52:54.888,2.344170570373535,396.5736999511719,0.0,0.0,0.0,0.0,0
11:52:54.912,2.344170570373535,396.5736999511719,0.0,0.0,0.0,0.0,0
11:52:54.912,2.344170570373535,396.5736999511719,0.0,0.0,0.0,0.0,0
11:52:54.921,2.344170570373535,396.5736999511719,0.0,0.0,0.0,0.0,0
11:52:54.921,2.344170570373535,396.5736999511719,0.0,0.0,0.0,0.0,0
11:52:54.937,2.344170570373535,396.5736999511719,0.0,0.0,0.0,0.0,0
11:52:54.953,2.344170570373535,396.5736999511719,0.0,0.0,0.0,0.0,0
11:52:54.953,2.344170570373535,396.5736999511719,0.0,0.0,0.0,0.0,0
11:52:54.971,2.344170570373535,396.5736999511719,0.0,0.0,0.0,0.0,0
11:52:54.971,2.344170570373535,396.5736999511719,0.0,0.0,0.0,0.0,0
11:52:54.985,2.344170570373535,396.5736999511719,0.0,0.0,0.0,0.0,0
11:52:55.000,2.344170570373535,396.5736999511719,0.0,0.0,0.0,0.0,0
11:52:55.000,2.344170570373535,396.5736999511719,0.0,0.0,0.0,0.0,0
11:52:55.016,2.344170570373535,396.5736999511719,0.0,0.0,0.0,0.0,0
11:52:55.034,2.344170570373535,396.5736999511719,0.0,0.0,0.0,0.0,0
11:52:55.034,2.344170570373535,396.5736999511719,0.0,0.0,0.0,0.0,0
11:52:55.048,2.344170570373535,396.5736999511719,0.0,0.0,0.0,0.0,0
11:52:55.064,2.344170570373535,396.5736999511719,0.0,0.0,0.0,0.0,0
11:52:55.064,2.344170570373535,396.5736999511719,0.0,0.0,0.0,0.0,0
11:52:55.080,2.344170570373535,396.5736999511719,0.0,0.0,0.0,0.0,0
11:52:55.080,2.344170570373535,396.5736999511719,0.0,0.0,0.0,0.0,0
11:52:55.098,2.344170570373535,396.5736999511719,0.0,0.0,0.0,0.0,0
11:52:55.112,2.344170570373535,396.5736999511719,0.0,0.0,0.0,0.0,0
11:52:55.113,2.344170570373535,396.5736999511719,0.0,0.0,0.0,0.0,0
11:52:55.129,2.344170570373535,396.5736999511719,0.0,0.0,0.0,0.0,0
11:52:55.145,2.344170570373535,396.5736999511719,0.0,0.0,0.0,0.0,0
11:52:55.145,2.344170570373535,396.5736999511719,0.0,0.0,0.0,0.0,0
11:52:55.162,2.344170570373535,396.5736999511719,0.0,0.0,0.0,0.0,0
11:52:55.168,2.344170570373535,396.5736999511719,0.0,0.0,0.0,0.0,0
11:52:55.178,2.344170570373535,396.5736999511719,0.0,0.0,0.0,0.0,0
11:52:55.194,2.344170570373535,396.5736999511719,0.0,0.0,0.0,0.0,0
11:52:55.194,2.344170570373535,396.5736999511719,0.0,0.0,0.0,0.0,0
11:52:55.210,2.344170570373535,396.5736999511719,0.0,0.0,0.0,0.0,0
11:52:55.210,2.344170570373535,396.5736999511719,0.0,0.0,0.0,0.0,0
11:52:55.228,2.344170570373535,396.5736999511719,0.0,0.0,0.0,0.0,0
11:52:55.242,2.344170570373535,396.5736999511719,0.0,0.0,0.0,0.0,0
11:52:55.242,2.344170570373535,396.5736999511719,0.0,0.0,0.0,0.0,0
11:52:55.258,2.344170570373535,396.5736999511719,0.0,0.0,0.0,0.0,0
11:52:55.274,2.344170570373535,396.5736999511719,0.0,0.0,0.0,0.0,0
11:52:55.274,2.344170570373535,396.5736999511719,0.0,0.0,0.0,0.0,0
11:52:55.292,2.344170570373535,396.5736999511719,0.0,0.0,0.0,0.0,0
11:52:55.302,2.344170570373535,396.5736999511719,0.0,0.0,0.0,0.0,0
11:52:55.307,2.344170570373535,396.5736999511719,0.0,0.0,0.0,0.0,0
11:52:55.323,2.344170570373535,396.5736999511719,0.0,0.0,0.0,0.0,0
11:52:55.323,2.344170570373535,396.5736999511719,0.0,0.0,0.0,0.0,0
11:52:55.339,2.344170570373535,396.5736999511719,0.0,0.0,0.0,0.0,0
11:52:55.339,2.344170570373535,396.5736999511719,0.0,0.0,0.0,0.0,0
11:52:55.369,2.344170570373535,396.5736999511719,0.0,0.0,0.0,0.0,0
11:52:55.371,2.344170570373535,396.5736999511719,0.0,0.0,0.0,0.0,0
11:52:55.371,2.344170570373535,396.5736999511719,0.0,0.0,0.0,0.0,0
11:52:55.387,2.344170570373535,396.5736999511719,0.0,0.0,0.0,0.0,0
11:52:55.403,2.344170570373535,396.5736999511719,0.0,0.0,0.0,0.0,0
11:52:55.404,2.344170570373535,396.5736999511719,0.0,0.0,0.0,0.0,0
11:52:55.420,2.344170570373535,396.5736999511719,0.0,0.0,0.0,0.0,0
11:52:55.427,2.344170570373535,396.5736999511719,0.0,0.0,0.0,0.0,0
11:52:55.436,2.344170570373535,396.5736999511719,0.0,0.0,0.0,0.0,0
11:52:55.452,2.344170570373535,396.5736999511719,0.0,0.0,0.0,0.0,0
11:52:55.452,2.344170570373535,396.5736999511719,0.0,0.0,0.0,0.0,0
11:52:55.469,2.344170570373535,396.5736999511719,0.0,0.0,0.0,0.0,0
11:52:55.484,2.344170570373535,396.5736999511719,0.0,0.0,0.0,0.0,0
11:52:55.484,2.344170570373535,396.5736999511719,0.0,0.0,0.0,0.0,0
11:52:55.500,2.344170570373535,396.5736999511719,0.0,0.0,0.0,0.0,0
11:52:55.500,2.344170570373535,396.5736999511719,0.0,0.0,0.0,0.0,0
11:52:55.516,2.344170570373535,396.5736999511719,0.0,0.0,0.0,0.0,0
11:52:55.534,2.344170570373535,396.5736999511719,0.0,0.0,0.0,0.0,0
11:52:55.534,2.344170570373535,396.5736999511719,0.0,0.0,0.0,0.0,0
11:52:55.548,2.344170570373535,396.5736999511719,0.0,0.0,0.0,0.0,0
11:52:55.564,2.344170570373535,396.5736999511719,0.0,0.0,0.0,0.0,0
11:52:55.565,2.344170570373535,396.5736999511719,0.0,0.0,0.0,0.0,0
11:52:55.581,2.344170570373535,396.5736999511719,0.0,0.0,0.0,0.0,0
11:52:55.581,2.344170570373535,396.5736999511719,0.0,0.0,0.0,0.0,0
11:52:55.599,2.344170570373535,396.5736999511719,0.0,0.0,0.0,0.0,0
11:52:55.609,2.344170570373535,396.5736999511719,0.0,0.0,0.0,0.0,0
11:52:55.613,2.344170570373535,396.5736999511719,0.0,0.0,0.0,0.0,0
11:52:55.630,2.344170570373535,396.5736999511719,0.0,0.0,0.0,0.0,0
11:52:55.630,2.344170570373535,396.5736999511719,0.0,0.0,0.0,0.0,0
11:52:55.646,2.344170570373535,396.5736999511719,0.0,0.0,0.0,0.0,0
11:52:55.664,2.344170570373535,396.5736999511719,0.0,0.0,0.0,0.0,0
11:52:55.664,2.344170570373535,396.5736999511719,0.0,0.0,0.0,0.0,0
11:52:55.678,2.344170570373535,396.5736999511719,0.0,0.0,0.0,0.0,0
11:52:55.695,2.344170570373535,396.5736999511719,0.0,0.0,0.0,0.0,0
11:52:55.695,2.344170570373535,396.5736999511719,0.0,0.0,0.0,0.0,0
11:52:55.711,2.344170570373535,396.5736999511719,0.0,0.0,0.0,0.0,0
11:52:55.711,2.344170570373535,396.5736999511719,0.0,0.0,0.0,0.0,0
11:52:55.728,2.344170570373535,396.5736999511719,0.0,0.0,0.0,0.0,0
11:52:55.744,2.344170570373535,396.5736999511719,0.0,0.0,0.0,0.0,0
11:52:55.744,2.344170570373535,396.5736999511719,0.0,0.0,0.0,0.0,0
11:52:55.760,2.344170570373535,396.5736999511719,0.0,0.0,0.0,0.0,0
11:52:55.760,2.344170570373535,396.5736999511719,0.0,0.0,0.0,0.0,0
11:52:55.776,2.344170570373535,396.5736999511719,0.0,0.0,0.0,0.0,0
11:52:55.794,2.344170570373535,396.5736999511719,0.0,0.0,0.0,0.0,0
11:52:55.794,2.344170570373535,396.5736999511719,0.0,0.0,0.0,0.0,0
11:52:55.808,2.344170570373535,396.5736999511719,0.0,0.0,0.0,0.0,0
11:52:55.825,2.344170570373535,396.5736999511719,0.0,0.0,0.0,0.0,0
11:52:55.825,2.344170570373535,396.5736999511719,0.0,0.0,0.0,0.0,0
11:52:55.841,2.344170570373535,396.5736999511719,0.0,0.0,0.0,0.0,0
11:52:55.841,2.344170570373535,396.5736999511719,0.0,0.0,0.0,0.0,0
11:52:55.859,2.344170570373535,396.5736999511719,0.0,0.0,0.0,0.0,0
11:52:55.866,2.344170570373535,396.5736999511719,0.0,0.0,0.0,0.0,0
11:52:55.874,2.344170570373535,396.5736999511719,0.0,0.0,0.0,0.0,0
11:52:55.890,2.344170570373535,396.5736999511719,0.0,0.0,0.0,0.0,0
11:52:55.890,2.344170570373535,396.5736999511719,0.0,0.0,0.0,0.0,0
11:52:55.906,2.344170570373535,396.5736999511719,0.0,0.0,0.0,0.0,0
11:52:55.924,2.344170570373535,396.5736999511719,0.0,0.0,0.0,0.0,0
11:52:55.930,2.344170570373535,396.5736999511719,0.0,0.0,0.0,0.0,0
11:52:55.938,2.344170570373535,396.5736999511719,0.0,0.0,0.0,0.0,0
11:52:55.955,2.344170570373535,396.5736999511719,0.0,0.0,0.0,0.0,0
11:52:55.955,2.344170570373535,396.5736999511719,0.0,0.0,0.0,0.0,0
11:52:55.971,2.344170570373535,396.5736999511719,0.0,0.0,0.0,0.0,0
11:52:55.971,2.344170570373535,396.5736999511719,0.0,0.0,0.0,0.0,0
11:52:55.988,2.344170570373535,396.5736999511719,0.0,0.0,0.0,0.0,0
11:52:56.003,2.344170570373535,396.5736999511719,0.0,0.0,0.0,0.0,0
11:52:56.004,2.344170570373535,396.5736999511719,0.0,0.0,0.0,0.0,0
11:52:56.019,2.344170570373535,396.5736999511719,0.0,0.0,0.0,0.0,0
11:52:56.020,2.344170570373535,396.5736999511719,0.0,0.0,0.0,0.0,0
11:52:56.036,2.344170570373535,396.5736999511719,0.0,0.0,0.0,0.0,0
11:52:56.054,2.344170570373535,396.5736999511719,0.0,0.0,0.0,0.0,0
11:52:56.060,2.344170570373535,396.5736999511719,0.0,0.0,0.0,0.0,0
11:52:56.068,2.344170570373535,396.5736999511719,0.0,0.0,0.0,0.0,0
11:52:56.084,2.344170570373535,396.5736999511719,0.0,0.0,0.0,0.0,0
11:52:56.084,2.344170570373535,396.5736999511719,0.0,0.0,0.0,0.0,0
11:52:56.100,2.344170570373535,396.5736999511719,0.0,0.0,0.0,0.0,0
11:52:56.100,2.344170570373535,396.5736999511719,0.0,0.0,0.0,0.0,0
11:52:56.118,2.344170570373535,396.5736999511719,0.0,0.0,0.0,0.0,0
11:52:56.132,2.344170570373535,396.5736999511719,0.0,0.0,0.0,0.0,0
11:52:56.132,2.344170570373535,396.5736999511719,0.0,0.0,0.0,0.0,0
11:52:56.148,2.344170570373535,396.5736999511719,0.0,0.0,0.0,0.0,0
11:52:56.164,2.344170570373535,396.5736999511719,0.0,0.0,0.0,0.0,0
11:52:56.164,2.344170570373535,396.5736999511719,0.0,0.0,0.0,0.0,0
11:52:56.182,2.344170570373535,396.5736999511719,0.0,0.0,0.0,0.0,0
11:52:56.182,2.344170570373535,396.5736999511719,0.0,0.0,0.0,0.0,0
11:52:56.197,2.344170570373535,396.5736999511719,0.0,0.0,0.0,0.0,0
11:52:56.213,2.344170570373535,396.5736999511719,0.0,0.0,0.0,0.0,0
11:52:56.213,2.344170570373535,396.5736999511719,0.0,0.0,0.0,0.0,0
11:52:56.228,2.344170570373535,396.5736999511719,0.0,0.0,0.0,0.0,0
11:52:56.246,2.344170570373535,396.5736999511719,0.0,0.0,0.0,0.0,0
11:52:56.246,2.344170570373535,396.5736999511719,0.0,0.0,0.0,0.0,0
11:52:56.261,2.344170570373535,396.5736999511719,0.0,0.0,0.0,0.0,0
11:52:56.261,2.344170570373535,396.5736999511719,0.0,0.0,0.0,0.0,0
11:52:56.277,2.344170570373535,396.5736999511719,0.0,0.0,0.0,0.0,0
11:52:56.293,2.344170570373535,396.5736999511719,0.0,0.0,0.0,0.0,0
11:52:56.293,2.344170570373535,396.5736999511719,0.0,0.0,0.0,0.0,0
11:52:56.311,2.344170570373535,396.5736999511719,0.0,0.0,0.0,0.0,0
11:52:56.311,2.344170570373535,396.5736999511719,0.0,0.0,0.0,0.0,0
11:52:56.326,2.344170570373535,396.5736999511719,0.0,0.0,0.0,0.0,0
11:52:56.342,2.344170570373535,396.5736999511719,0.0,0.0,0.0,0.0,0
11:52:56.342,2.344170570373535,396.5736999511719,0.0,0.0,0.0,0.0,0
11:52:56.367,2.344170570373535,396.5736999511719,0.0,0.0,0.0,0.0,0
11:52:56.367,2.344170570373535,396.5736999511719,0.0,0.0,0.0,0.0,0
11:52:56.374,2.344170570373535,396.5736999511719,0.0,0.0,0.0,0.0,0
11:52:56.391,2.344170570373535,396.5736999511719,0.0,0.0,0.0,0.0,0
11:52:56.391,2.344170570373535,396.5736999511719,0.0,0.0,0.0,0.0,0
11:52:56.407,2.344170570373535,396.5736999511719,0.0,0.0,0.0,0.0,0
11:52:56.425,2.344170570373535,396.5736999511719,0.0,0.0,0.0,0.0,0
11:52:56.425,2.344170570373535,396.5736999511719,0.0,0.0,0.0,0.0,0
11:52:56.438,2.344170570373535,396.5736999511719,0.0,0.0,0.0,0.0,0
11:52:56.454,2.344170570373535,396.5736999511719,0.0,0.0,0.0,0.0,0
11:52:56.454,2.344170570373535,396.5736999511719,0.0,0.0,0.0,0.0,0
11:52:56.470,2.344170570373535,396.5736999511719,0.0,0.0,0.0,0.0,0
11:52:56.470,2.344170570373535,396.5736999511719,0.0,0.0,0.0,0.0,0
11:52:56.488,2.344170570373535,396.5736999511719,0.0,0.0,0.0,0.0,0
11:52:56.503,2.344170570373535,396.5736999511719,0.0,0.0,0.0,0.0,0
11:52:56.503,2.344170570373535,396.5736999511719,0.0,0.0,0.0,0.0,0
11:52:56.519,2.344170570373535,396.5736999511719,0.0,0.0,0.0,0.0,0
11:52:56.519,2.344170570373535,396.5736999511719,0.0,0.0,0.0,0.0,0
11:52:56.535,2.344170570373535,396.5736999511719,0.0,0.0,0.0,0.0,0
11:52:56.553,2.344170570373535,396.5736999511719,0.0,0.0,0.0,0.0,0
11:52:56.560,2.344170570373535,396.5736999511719,0.0,0.0,0.0,0.0,0
11:52:56.567,2.344170570373535,396.5736999511719,0.0,0.0,0.0,0.0,0
11:52:56.584,2.344170570373535,396.5736999511719,0.0,0.0,0.0,0.0,0
11:52:56.584,2.344170570373535,396.5736999511719,0.0,0.0,0.0,0.0,0
11:52:56.600,2.344170570373535,396.5736999511719,0.0,0.0,0.0,0.0,0
11:52:56.600,2.344170570373535,396.5736999511719,0.0,0.0,0.0,0.0,0
11:52:56.617,2.344170570373535,396.5736999511719,0.0,0.0,0.0,0.0,0
11:52:56.633,2.344170570373535,396.5736999511719,0.0,0.0,0.0,0.0,0
11:52:56.633,2.344170570373535,396.5736999511719,0.0,0.0,0.0,0.0,0
11:52:56.648,2.344170570373535,396.5736999511719,0.0,0.0,0.0,0.0,0
11:52:56.665,2.344170570373535,396.5736999511719,0.0,0.0,0.0,0.0,0
11:52:56.665,2.344170570373535,396.5736999511719,0.0,0.0,0.0,0.0,0
11:52:56.682,2.344170570373535,396.5736999511719,0.0,0.0,0.0,0.0,0
11:52:56.682,2.344170570373535,396.5736999511719,0.0,0.0,0.0,0.0,0
11:52:56.697,2.344170570373535,396.5736999511719,0.0,0.0,0.0,0.0,0
11:52:56.714,2.344170570373535,396.5736999511719,0.0,0.0,0.0,0.0,0
11:52:56.714,2.344170570373535,396.5736999511719,0.0,0.0,0.0,0.0,0
11:52:56.730,2.344170570373535,396.5736999511719,0.0,0.0,0.0,0.0,0
11:52:56.730,2.344170570373535,396.5736999511719,0.0,0.0,0.0,0.0,0
11:52:56.747,2.344170570373535,396.5736999511719,0.0,0.0,0.0,0.0,0
11:52:56.762,2.344170570373535,396.5736999511719,0.0,0.0,0.0,0.0,0
11:52:56.762,2.344170570373535,396.5736999511719,0.0,0.0,0.0,0.0,0
11:52:56.778,2.344170570373535,396.5736999511719,0.0,0.0,0.0,0.0,0
11:52:56.795,2.344170570373535,396.5736999511719,0.0,0.0,0.0,0.0,0
11:52:56.795,2.344170570373535,396.5736999511719,0.0,0.0,0.0,0.0,0
11:52:56.813,2.344170570373535,396.5736999511719,0.0,0.0,0.0,0.0,0
11:52:56.813,2.344170570373535,396.5736999511719,0.0,0.0,0.0,0.0,0
11:52:56.826,2.344170570373535,396.5736999511719,0.0,0.0,0.0,0.0,0
11:52:56.843,2.344170570373535,396.5736999511719,0.0,0.0,0.0,0.0,0
11:52:56.843,2.344170570373535,396.5736999511719,0.0,0.0,0.0,0.0,0
11:52:56.859,2.344170570373535,396.5736999511719,0.0,0.0,0.0,0.0,0
11:52:56.883,2.344170570373535,396.5736999511719,0.0,0.0,0.0,0.0,0
11:52:56.883,2.344170570373535,396.5736999511719,0.0,0.0,0.0,0.0,0
11:52:56.891,2.344170570373535,396.5736999511719,0.0,0.0,0.0,0.0,0
11:52:56.891,2.344170570373535,396.5736999511719,0.0,0.0,0.0,0.0,0
11:52:56.908,2.344170570373535,396.5736999511719,0.0,0.0,0.0,0.0,0
11:52:56.924,2.344170570373535,396.5736999511719,0.0,0.0,0.0,0.0,0
11:52:56.924,2.344170570373535,396.5736999511719,0.0,0.0,0.0,0.0,0
11:52:56.940,4.188790321350098,0.0,10.053518295288086,0.0,0.0,10.04445743560791,1
11:52:56.940,4.188790321350098,0.0,10.155696868896484,0.0,0.0,10.155598640441895,1
11:52:56.956,5.304110050201416,14.960043907165527,9.502193450927734,0.0,0.0,9.488746643066406,1
11:52:56.972,5.413867473602295,14.960043907165527,9.593369483947754,0.0,0.0,9.5859956741333,1
11:52:56.972,0.008821532130241394,23.079814910888672,9.280163764953613,9.266463279724121,0.0,9.669352531433105,1
11:52:56.988,0.1778808981180191,23.079814910888672,9.367085456848145,9.363712310791016,0.0,9.669352531433105,1
11:52:57.005,0.34694892168045044,23.079814910888672,9.455999374389648,9.44706916809082,0.0,9.669352531433105,1
11:52:57.005,1.2711732387542725,32.08634567260742,9.087965965270996,9.085857391357422,0.0,0.0,1
11:52:57.025,1.5066314935684204,32.08634567260742,9.172025680541992,9.16921329498291,0.0,0.0,1
11:52:57.025,2.367190361022949,39.820579528808594,8.864065170288086,9.16921329498291,8.86357307434082,0.0,1
11:52:57.037,2.6589808464050293,39.820579528808594,8.944282531738281,9.16921329498291,8.933036804199219,0.0,1
11:52:57.053,3.4224390983581543,45.512672424316406,8.737112045288086,0.0,8.724645614624023,0.0,1
11:52:57.053,3.756676435470581,45.512672424316406,8.815834999084473,0.0,8.808001518249512,0.0,1
11:52:57.070,4.488920211791992,50.473655700683594,8.644224166870117,0.0,8.821894645690918,8.641288757324219,1
11:52:57.070,4.858292579650879,50.473655700683594,8.721673965454102,0.0,8.821894645690918,8.710753440856934,1
11:52:57.085,5.454559326171875,53.08112716674805,8.66955280303955,0.0,0.0,8.669075012207031,1
11:52:57.102,5.843973636627197,53.08112716674805,8.748598098754883,0.0,0.0,8.73853874206543,1
11:52:57.102,0.1811639666557312,55.94993591308594,8.684701919555664,8.682968139648438,0.0,8.780216217041016,1
11:52:57.118,0.5920095443725586,55.94993591308594,8.764968872070312,8.75243091583252,0.0,8.780216217041016,1
11:52:57.136,1.1589971780776978,57.86601257324219,8.750792503356934,8.73853874206543,0.0,0.0,1
11:52:57.145,1.5823878049850464,57.86601257324219,8.832815170288086,8.821894645690918,0.0,0.0,1
11:52:57.150,2.172244071960449,59.98741912841797,8.810690879821777,8.891359329223633,8.808001518249512,0.0,1
11:52:57.150,2.6117026805877686,59.98741912841797,8.894708633422852,8.891359329223633,8.891359329223633,0.0,1
11:52:57.167,3.166358232498169,61.457725524902344,8.90717887878418,0.0,8.905251502990723,0.0,1
11:52:57.183,3.6163594722747803,61.457725524902344,8.99366569519043,0.0,8.988607406616211,0.0,1
11:52:57.183,4.200350284576416,63.23324966430664,8.993611335754395,0.0,9.071965217590332,8.988607406616211,1
11:52:57.201,4.6631317138671875,63.23324966430664,9.082327842712402,0.0,9.071965217590332,9.071965217590332,1
11:52:57.207,5.127172946929932,63.23324966430664,9.173284530639648,0.0,9.071965217590332,9.16921329498291,1
11:52:57.215,5.678405284881592,64.29208374023438,9.212099075317383,0.0,0.0,9.210891723632812,1
11:52:57.231,6.150208950042725,64.29208374023438,9.306004524230957,0.0,0.0,9.294248580932617,1
11:52:57.231,0.4743550717830658,66.01441955566406,9.31396484375,9.308141708374023,0.0,9.294248580932617,1
11:52:57.248,1.056847095489502,67.38408660888672,9.341482162475586,9.33592700958252,0.0,0.0,1
11:52:57.265,1.5499958992004395,67.38408660888672,9.43799114227295,9.433176040649414,0.0,0.0,1
11:52:57.265,2.157811403274536,68.98982238769531,9.456315040588379,9.516532897949219,9.44706916809082,0.0,1
11:52:57.280,2.6633503437042236,68.98982238769531,9.55532455444336,9.516532897949219,9.544318199157715,0.0,1
11:52:57.280,3.2237765789031982,69.73619079589844,9.618953704833984,0.0,9.613780975341797,0.0,1
11:52:57.297,3.734524726867676,69.73619079589844,9.72120475769043,0.0,9.711030960083008,0.0,1
11:52:57.313,4.423862457275391,72.43218231201172,9.689512252807617,0.0,9.7666015625,9.683245658874512,1
11:52:57.313,4.95552396774292,72.43218231201172,9.793352127075195,0.0,9.7666015625,9.780494689941406,1
11:52:57.330,5.471833229064941,72.2468490600586,9.908256530761719,0.0,0.0,9.905529022216797,1
11:52:57.331,6.002005577087402,72.2468490600586,10.016154289245605,0.0,0.0,10.002778053283691,1
11:52:57.344,0.3703242242336273,74.016357421875,10.036011695861816,10.030564308166504,0.0,10.04445743560791,1
11:52:57.361,0.9139721393585205,74.016357421875,10.14627456665039,10.141705513000488,0.0,10.04445743560791,1
11:52:57.361,1.5656887292861938,75.5643081665039,10.179301261901855,10.169490814208984,0.0,0.0,1
11:52:57.377,2.2238776683807373,77.19416809082031,10.209809303283691,10.252848625183105,10.197277069091797,0.0,1
11:52:57.394,2.791090965270996,77.19416809082031,10.32291316986084,10.252848625183105,10.322311401367188,0.0,1
11:52:57.405,3.4086318016052246,77.95317840576172,10.399473190307617,0.0,10.391775131225586,0.0,1
11:52:57.411,3.9795479774475098,77.95317840576172,10.515487670898438,0.0,10.502917289733887,0.0,1
11:52:57.411,4.748690605163574,81.1103515625,10.472732543945312,0.0,10.516810417175293,10.4612398147583,1
11:52:57.426,5.328026294708252,80.88887023925781,10.600741386413574,0.0,0.0,10.600166320800781,1
11:52:57.442,5.921596050262451,80.88887023925781,10.720003128051758,0.0,0.0,10.711308479309082,1
11:52:57.442,0.3861335217952728,83.43946838378906,10.712074279785156,10.711308479309082,0.0,10.752986907958984,1
11:52:57.471,1.05426824092865,84.39088439941406,10.785100936889648,10.78077220916748,0.0,0.0,1
11:52:57.471,1.671860933303833,84.39088439941406,10.906527519226074,10.905807495117188,0.0,0.0,1
11:52:57.476,2.450329303741455,87.14944458007812,10.890983581542969,10.947484970092773,10.878022193908691,0.0,1
11:52:57.490,3.088946580886841,87.14944458007812,11.013821601867676,10.947484970092773,11.003056526184082,0.0,1
11:52:57.490,3.710524559020996,86.89567565917969,11.151631355285645,0.0,11.141983985900879,0.0,1
11:52:57.506,4.48781681060791,89.40725708007812,11.152036666870117,0.0,11.211447715759277,11.141983985900879,1
11:52:57.524,5.142329692840576,89.40725708007812,11.278581619262695,0.0,11.211447715759277,11.26701831817627,1
11:52:57.524,5.799756050109863,89.42151641845703,11.406704902648926,0.0,0.0,11.405946731567383,1
11:52:57.543,0.28931504487991333,91.5565185546875,11.429399490356445,11.419838905334473,0.0,11.475409507751465,1
11:52:57.543,0.9617708325386047,91.5565185546875,11.560159683227539,11.55876636505127,0.0,11.475409507751465,1
11:52:57.555,1.7057890892028809,92.76814270019531,11.630712509155273,11.628230094909668,0.0,0.0,1
11:52:57.571,2.525376558303833,95.35478973388672,11.633003234863281,11.66990852355957,11.628230094909668,0.0,1
11:52:57.571,3.181581497192383,94.61146545410156,11.802971839904785,0.0,11.794943809509277,0.0,1
11:52:57.589,3.8762333393096924,94.61146545410156,11.93854808807373,0.0,11.933870315551758,0.0,1
11:52:57.607,4.752683639526367,98.11067199707031,11.898109436035156,0.0,11.961655616760254,11.892191886901855,1
11:52:57.607,5.433961391448975,97.46199798583984,12.066478729248047,0.0,0.0,12.058905601501465,1
11:52:57.620,6.148983001708984,97.46199798583984,12.205169677734375,0.0,0.0,12.197833061218262,1
11:52:57.620,0.7252148389816284,100.126220703125,12.209754943847656,12.197833061218262,0.0,12.197833061218262,1
11:52:57.636,1.5270886421203613,101.37325286865234,12.286581993103027,12.28118896484375,0.0,0.0,1
11:52:57.653,2.370555877685547,103.40863800048828,12.324665069580078,12.364545822143555,12.322867393493652,0.0,1
11:52:57.653,3.1281418800354004,103.40863800048828,12.465362548828125,12.364545822143555,12.46179485321045,0.0,1
11:52:57.671,3.867502450942993,103.06134033203125,12.62593936920166,0.0,12.614615440368652,0.0,1
11:52:57.671,4.78056001663208,106.25438690185547,12.608659744262695,0.0,12.656293869018555,12.600723266601562,1
11:52:57.683,5.528353214263916,105.6881103515625,12.780791282653809,0.0,0.0,12.767436027526855,1
11:52:57.700,0.12253336608409882,107.90055847167969,12.816316604614258,12.809114456176758,0.0,12.89246940612793,1
11:52:57.700,0.912725031375885,107.90055847167969,12.962212562561035,12.961934089660645,0.0,12.89246940612793,1
11:52:57.717,1.7672638893127441,109.09056854248047,13.049949645996094,13.045289993286133,0.0,0.0,1
11:52:57.739,2.6927788257598877,111.7056655883789,13.066271781921387,13.086968421936035,13.059182167053223,0.0,1
11:52:57.739,3.459001302719116,110.69622802734375,13.265501022338867,0.0,13.253681182861328,0.0,1
11:52:57.739,4.406569957733154,113.8512191772461,13.258091926574707,0.0,13.364823341369629,13.253681182861328,1
11:52:57.765,5.242013454437256,113.8512191772461,13.408405303955078,0.0,13.364823341369629,13.406501770019531,1
11:52:57.765,6.0444841384887695,113.27951049804688,13.589531898498535,0.0,0.0,13.587108612060547,1
11:52:57.788,0.7073761820793152,115.69644165039062,13.621323585510254,13.614892959594727,0.0,13.601000785827637,1
11:52:57.788,1.5990941524505615,116.58525085449219,13.730724334716797,13.726035118103027,0.0,0.0,1
11:52:57.796,2.548222303390503,118.69596099853516,13.77951431274414,13.79549789428711,13.76771354675293,0.0,1
11:52:57.812,3.3303639888763428,116.9145278930664,14.024392127990723,0.0,14.017783164978027,0.0,1
11:52:57.812,4.335653781890869,120.6487045288086,13.996000289916992,0.0,14.142817497253418,13.989996910095215,1
11:52:57.830,5.220981121063232,120.6487045288086,14.153511047363281,0.0,14.142817497253418,14.142817497253418,1
11:52:57.845,6.071104049682617,120.00437927246094,14.345532417297363,0.0,0.0,14.337316513061523,1
11:52:57.855,0.7515528202056885,121.74761199951172,14.419257164001465,14.406779289245605,0.0,14.365100860595703,1
11:52:57.861,1.7115066051483154,123.25184631347656,14.504911422729492,14.504029273986816,0.0,0.0,1
11:52:57.861,2.705810308456421,125.32146453857422,14.562845230102539,14.545707702636719,14.559599876403809,0.0,1
11:52:57.877,3.5745482444763184,124.26632690429688,14.778806686401367,0.0,14.767991065979004,0.0,1
11:52:57.895,4.625877380371094,127.69376373291016,14.771844863891602,0.0,14.865240097045898,14.767991065979004,1
11:52:57.912,5.515956401824951,126.69255065917969,14.986345291137695,0.0,0.0,14.9763822555542,1
11:52:57.923,0.2593250274658203,129.1339874267578,15.031126022338867,15.018060684204102,0.0,15.10141658782959,1
11:52:57.924,1.1964309215545654,128.90432739257812,15.20969009399414,15.198665618896484,0.0,0.0,1
11:52:57.926,2.252497434616089,131.87881469726562,15.229455947875977,15.337594032287598,15.226451873779297,0.0,1
11:52:57.942,3.202387809753418,131.4598388671875,15.418731689453125,0.0,15.40705680847168,0.0,1
11:52:57.942,4.255981922149658,133.90087890625,15.466941833496094,0.0,15.573769569396973,15.462628364562988,1
11:52:57.959,5.236205101013184,133.90087890625,15.636781692504883,0.0,15.573769569396973,15.629342079162598,1
11:52:57.989,0.019495593383908272,136.36338806152344,15.686511993408203,15.68491268157959,0.0,15.82383918762207,1
11:52:57.989,1.0183825492858887,136.36338806152344,15.858189582824707,15.851625442504883,0.0,15.82383918762207,1
11:52:57.990,2.122952938079834,139.2667236328125,15.886220932006836,16.004446029663086,15.879410743713379,0.0,1
11:52:57.990,3.143458604812622,139.2667236328125,16.059032440185547,16.004446029663086,16.046123504638672,0.0,1
11:52:58.007,4.234594821929932,141.596923828125,16.117931365966797,0.0,16.268407821655273,16.11558723449707,1
11:52:58.043,5.27109432220459,141.596923828125,16.29205894470215,0.0,16.268407821655273,16.28230094909668,1
11:52:58.043,0.04048534110188484,142.88621520996094,16.406431198120117,16.393442153930664,0.0,16.57404899597168,1
11:52:58.056,1.1135481595993042,143.59451293945312,16.548240661621094,16.546262741088867,0.0,0.0,1
11:52:58.056,2.2221100330352783,145.20068359375,16.646005630493164,16.69908332824707,16.643512725830078,0.0,1
11:52:58.056,3.2483463287353516,144.1937255859375,16.875415802001953,0.0,16.865795135498047,0.0,1
11:52:58.072,4.433552265167236,148.0054473876953,16.865644454956055,0.0,17.004724502563477,16.851903915405273,1
11:52:58.072,5.448814392089844,146.2447509765625,17.133853912353516,0.0,0.0,17.129758834838867,1
11:52:58.089,0.3377540409564972,149.07797241210938,17.175308227539062,17.171436309814453,0.0,17.254793167114258,1
11:52:58.109,1.4651979207992554,150.00051879882812,17.31195831298828,17.31036376953125,0.0,0.0,1
11:52:58.124,2.6465260982513428,152.27938842773438,17.380878448486328,17.393720626831055,17.37982749938965,0.0,1
11:52:58.124,3.726111888885498,151.345703125,17.611804962158203,0.0,17.60211181640625,0.0,1
11:52:58.124,4.933664798736572,154.04283142089844,17.66167449951172,0.0,17.67157554626465,17.657682418823242,1
11:52:58.136,6.007430076599121,152.70384216308594,17.915313720703125,0.0,0.0,17.907752990722656,1
11:52:58.154,0.9399006366729736,155.2505340576172,17.975345611572266,17.96332359313965,0.0,17.93553924560547,1
11:52:58.177,2.1738998889923096,158.2559814453125,18.01333999633789,18.130035400390625,18.005001068115234,0.0,1
11:52:58.194,3.273017644882202,156.54641723632812,18.286914825439453,0.0,18.282855987548828,0.0,1
11:52:58.194,4.533060073852539,160.0497589111328,18.30203628540039,0.0,18.40789222717285,18.296749114990234,1
11:52:58.194,5.662820816040039,158.8077392578125,18.554874420166016,0.0,0.0,18.546817779541016,1
11:52:58.194,0.6133421659469604,160.87281799316406,18.643449783325195,18.63017463684082,0.0,18.644067764282227,1
11:52:58.200,1.8445022106170654,162.27354431152344,18.76586151123047,18.75520896911621,0.0,0.0,1
11:52:58.217,3.1088876724243164,164.32118225097656,18.855470657348633,18.782995223999023,18.852458953857422,0.0,1
11:52:58.257,4.330867290496826,165.42271423339844,18.995296478271484,0.0,19.102529525756836,18.99138641357422,1
11:52:58.258,5.477259159088135,163.55972290039062,19.283222198486328,0.0,0.0,19.28313446044922,1
11:52:58.258,0.5042464137077332,167.0017852783203,19.30837059020996,19.297027587890625,0.0,19.394275665283203,1
11:52:58.258,1.7171517610549927,166.6544189453125,19.523183822631836,19.519311904907227,0.0,0.0,1
11:52:58.266,3.036121129989624,169.4774932861328,19.579120635986328,19.560989379882812,19.57488250732422,0.0,1
11:52:58.306,4.301529884338379,170.73321533203125,19.715179443359375,0.0,19.811058044433594,19.713809967041016,1
11:52:58.307,5.534395694732666,170.09617614746094,19.94680404663086,0.0,0.0,19.936094284057617,1
11:52:58.307,0.59149169921875,173.11520385742188,19.996036529541016,19.99166488647461,0.0,20.0472354888916,1
11:52:58.307,1.8637747764587402,173.169189453125,20.194448471069336,20.1861629486084,0.0,0.0,1
11:52:58.313,3.1665220260620117,173.9552459716797,20.356056213378906,0.0,20.352876663208008,0.0,1
11:52:58.329,4.549879550933838,177.67138671875,20.373117446899414,0.0,20.491802215576172,20.36676788330078,1
11:52:58.372,5.7659759521484375,175.2151336669922,20.699077606201172,0.0,0.0,20.686302185058594,1
11:52:58.372,0.8424614667892456,177.48785400390625,20.79094886779785,20.783550262451172,0.0,20.7696590423584,1
11:52:58.372,2.23895263671875,180.63951110839844,20.838695526123047,20.9224796295166,20.82522964477539,0.0,1
11:52:58.372,3.5356905460357666,179.77601623535156,21.087390899658203,0.0,21.075300216674805,0.0,1
11:52:58.372,4.9750518798828125,183.78857421875,21.09244155883789,0.0,21.17254638671875,21.089191436767578,1
11:52:58.393,0.015366807579994202,183.6971893310547,21.304872512817383,21.297582626342773,0.0,21.40872573852539,1
11:52:58.393,1.3737648725509644,184.07748413085938,21.494251251220703,21.492080688476562,0.0,0.0,1
11:52:58.445,2.8091683387756348,186.94772338867188,21.558988571166992,21.589330673217773,21.547653198242188,0.0,1
11:52:58.445,4.193368434906006,187.9553985595703,21.71883773803711,0.0,21.839399337768555,21.714365005493164,1
11:52:58.445,5.537295341491699,186.7675323486328,21.988895416259766,0.0,0.0,21.97832679748535,1
11:52:58.445,0.6823402047157288,188.82530212402344,22.09781265258789,22.08946990966797,0.0,22.08946990966797,1
11:52:58.445,2.17976713180542,192.79513549804688,22.111845016479492,22.228397369384766,22.103361129760742,0.0,1
11:52:58.457,3.533339500427246,190.8531036376953,22.420570373535156,0.0,22.40900230407715,0.0,1
11:52:58.516,5.026535511016846,194.07034301757812,22.472749710083008,0.0,22.50625228881836,22.46457290649414,1
11:52:58.517,0.15485036373138428,194.14617919921875,22.683837890625,22.672964096069336,0.0,22.742427825927734,1
11:52:58.517,1.6191647052764893,195.5491180419922,22.82917022705078,22.82578468322754,0.0,0.0,1
11:52:58.517,3.103586435317993,197.2222442626953,22.96063232421875,22.88135528564453,22.95081901550293,0.0,1
11:52:58.517,4.580609321594238,198.66793823242188,23.105409622192383,0.0,23.17310333251953,23.103639602661133,1
11:52:58.517,6.011117935180664,197.7576141357422,23.36909294128418,0.0,0.0,23.36760139465332,1
11:52:58.521,1.2471942901611328,200.197021484375,23.466768264770508,23.46485137939453,0.0,0.0,1
11:52:58.583,2.780489921569824,202.5746612548828,23.566396713256836,23.575992584228516,23.562101364135742,0.0,1
11:52:58.583,4.27474308013916,203.4579315185547,23.74271011352539,0.0,23.853849411010742,23.742706298828125,1
11:52:58.583,5.735921382904053,202.466064453125,24.012924194335938,0.0,0.0,24.006669998168945,1
11:52:58.583,0.9795558452606201,203.885498046875,24.164710998535156,24.159488677978516,0.0,24.07613182067871,1
11:52:58.583,2.5737688541412354,207.3676300048828,24.212604522705078,24.24284553527832,24.2011661529541,0.0,1
11:52:58.583,4.014028549194336,204.82138061523438,24.563888549804688,0.0,24.5623779296875,0.0,1
11:52:58.651,5.586916923522949,207.0950164794922,24.674602508544922,0.0,0.0,24.673519134521484,1
11:52:58.651,0.8367912173271179,207.5864715576172,24.876861572265625,24.868019104003906,0.0,24.770769119262695,1
11:52:58.651,2.4746150970458984,211.72769165039062,24.895565032958984,24.9235897064209,24.881912231445312,0.0,1
11:52:58.651,3.9830567836761475,210.27012634277344,25.195335388183594,0.0,25.187551498413086,0.0,1
11:52:58.652,5.582145690917969,211.9554443359375,25.338947296142578,0.0,0.0,25.326478958129883,1
11:52:58.652,0.8947668671607971,213.58775329589844,25.486007690429688,25.479299545288086,0.0,25.423728942871094,1
11:52:58.652,2.5205435752868652,215.8414764404297,25.603633880615234,25.646013259887695,25.59044075012207,0.0,1
11:52:58.721,4.093973636627197,215.55516052246094,25.84811019897461,0.0,25.840511322021484,0.0,1
11:52:58.721,5.715268135070801,216.893798828125,26.011999130249023,0.0,0.0,26.00722312927246,1
11:52:58.721,1.0872832536697388,219.32162475585938,26.1230525970459,26.118364334106445,0.0,0.0,1
11:52:58.722,2.7371628284454346,220.99671936035156,26.271087646484375,26.257293701171875,26.257293701171875,0.0,1
11:52:58.722,4.4074578285217285,223.24005126953125,26.3918514251709,0.0,26.479578018188477,26.382328033447266,1
11:52:58.722,5.969266414642334,220.66127014160156,26.754446029663086,0.0,0.0,26.743539810180664,1
11:52:58.722,1.4048506021499634,224.4349822998047,26.80142593383789,26.799110412597656,0.0,0.0,1
11:52:58.795,3.056424856185913,224.69613647460938,27.02359962463379,26.896360397338867,27.02139663696289,0.0,1
11:52:58.795,4.753498554229736,226.82980346679688,27.153623580932617,0.0,27.188106536865234,27.14642906188965,1
11:52:58.795,0.12247169017791748,226.70758056640625,27.397464752197266,27.396499633789062,0.0,27.424283981323242,1
11:52:58.795,1.8498859405517578,229.26058959960938,27.50809097290039,27.50764274597168,0.0,0.0,1
11:52:58.795,3.569258451461792,230.63111877441406,27.677244186401367,0.0,27.674352645874023,0.0,1
11:52:58.795,5.283334255218506,231.46286010742188,27.8741455078125,0.0,0.0,27.868852615356445,1
11:52:58.795,0.704006016254425,231.69590759277344,28.103174209594727,28.091135025024414,0.0,28.00777816772461,1
11:52:58.900,2.488614082336426,235.09896850585938,28.173297882080078,28.188386917114258,28.160598754882812,0.0,1
11:52:58.900,4.22255802154541,235.80279541015625,28.379493713378906,0.0,28.452348709106445,28.36899185180664,1
11:52:58.900,5.943767547607422,235.5913848876953,28.63202667236328,0.0,0.0,28.619060516357422,1
11:52:58.900,1.4663821458816528,239.00169372558594,28.705406188964844,28.702417373657227,0.0,0.0,1
11:52:58.900,3.2285189628601074,239.3242950439453,28.931840896606445,0.0,28.924699783325195,0.0,1
11:52:58.948,5.017790794372559,240.79409790039062,29.102079391479492,0.0,29.04973602294922,29.091415405273438,1
11:52:58.948,0.4979105293750763,240.87191772460938,29.344472885131836,29.34148406982422,0.0,29.327592849731445,1
11:52:58.948,2.3183960914611816,243.233154296875,29.472389221191406,29.49430274963379,29.46651840209961,0.0,1
11:52:58.948,4.09475564956665,242.99229431152344,29.73116111755371,0.0,29.730480194091797,0.0,1
11:52:58.948,5.928314685821533,245.00526428222656,29.877906799316406,0.0,0.0,29.869407653808594,1
11:52:58.948,1.5061675310134888,247.7105255126953,29.990903854370117,29.980548858642578,0.0,0.0,1
11:52:58.949,3.3147332668304443,247.28208923339844,30.2602596282959,0.0,30.258405685424805,0.0,1
11:52:58.949,5.182232856750488,249.60342407226562,30.393348693847656,0.0,30.36954689025879,30.383440017700195,1
11:52:58.949,0.6815577149391174,248.04151916503906,30.67364501953125,30.661293029785156,0.0,30.61961555480957,1
11:52:58.949,2.572352409362793,250.82754516601562,30.68398666381836,30.633508682250977,30.675188064575195,0.0,1
11:52:59.010,4.486660003662109,254.1899871826172,30.66420555114746,0.0,30.758544921875,30.661293029785156,1
11:52:59.072,0.03597787767648697,252.91067504882812,30.874755859375,30.869686126708984,0.0,30.855792999267578,1
11:52:59.072,1.9289522171020508,254.48739624023438,30.94240951538086,30.939149856567383,0.0,0.0,1
11:52:59.072,3.8035309314727783,254.88011169433594,31.067415237426758,0.0,31.064186096191406,0.0,1
11:52:59.072,5.675936698913574,254.95849609375,31.208354949951172,0.0,0.0,31.20311164855957,1
11:52:59.072,1.3080055713653564,257.1473693847656,31.24415397644043,31.23089599609375,0.0,0.0,1
11:52:59.072,3.188943386077881,256.9666748046875,31.395057678222656,0.0,31.383716583251953,0.0,1
11:52:59.139,5.110653877258301,258.5987243652344,31.45563316345215,0.0,31.467073440551758,31.45318031311035,1
11:52:59.139,0.6922862529754639,257.4100646972656,31.657209396362305,31.64767837524414,0.0,31.578216552734375,1
11:52:59.139,2.6294565200805664,259.262451171875,31.705188751220703,31.606000900268555,31.703250885009766,0.0,1
11:52:59.139,4.566586971282959,260.8879089355469,31.764291763305664,0.0,31.800498962402344,31.758821487426758,1
11:52:59.139,0.15460127592086792,259.0612487792969,31.994672775268555,31.981103897094727,0.0,31.897750854492188,1
11:52:59.139,2.1266520023345947,262.320556640625,31.970977783203125,31.981103897094727,31.967214584350586,0.0,1
11:52:59.213,4.0393147468566895,261.8421325683594,32.132781982421875,0.0,32.120033264160156,0.0,1
11:52:59.213,5.985614776611328,262.8407287597656,32.219879150390625,0.0,0.0,32.217281341552734,1
11:52:59.213,1.6544079780578613,264.2271728515625,32.287498474121094,32.286746978759766,0.0,0.0,1
11:52:59.213,3.552941083908081,262.4034118652344,32.515045166015625,0.0,32.509029388427734,0.0,1
11:52:59.213,5.503124713897705,263.3955383300781,32.602203369140625,0.0,0.0,32.592384338378906,1
11:52:59.213,1.1584242582321167,264.5462341308594,32.68213653564453,32.675743103027344,0.0,0.0,1
11:52:59.213,3.089369535446167,264.1832275390625,32.83606719970703,32.74520492553711,32.82856369018555,0.0,1
11:52:59.290,5.050866603851318,265.2975769042969,32.915924072265625,0.0,32.925811767578125,32.91191864013672,1
11:52:59.290,0.6961206793785095,264.6357421875,33.08386993408203,33.07863235473633,0.0,33.0091667175293,1
11:52:59.290,2.6580519676208496,265.4930114746094,33.17580032348633,33.13420486450195,33.1619873046875,0.0,1
11:52:59.290,4.605041980743408,265.6525573730469,33.30174255371094,0.0,33.259239196777344,33.30091857910156,1
11:52:59.290,0.2797600328922272,265.9980773925781,33.41822814941406,33.41205978393555,0.0,33.37038040161133,1
11:52:59.290,2.2759664058685303,267.9673156738281,33.45250701904297,33.42594909667969,33.43984603881836,0.0,1
11:52:59.290,4.275629043579102,269.6957702636719,33.49799728393555,0.0,33.57876968383789,33.49541473388672,1
11:52:59.371,6.199953079223633,267.5182800292969,33.738365173339844,0.0,0.0,33.731590270996094,1
11:52:59.371,1.948279619216919,270.7895202636719,33.705501556396484,33.70380783081055,0.0,0.0,1
11:52:59.371,3.888272523880005,269.0441589355469,33.92382049560547,0.0,33.91219711303711,0.0,1
11:52:59.371,5.8708109855651855,269.3063049316406,34.04096603393555,0.0,0.0,34.0372314453125,1
11:52:59.371,1.6248986721038818,272.4522705078125,34.01337432861328,34.00944900512695,0.0,0.0,1
11:52:59.371,3.6231346130371094,272.5282287597656,34.13763427734375,0.0,34.13447952270508,0.0,1
11:52:59.371,5.648438930511475,273.6412353515625,34.208648681640625,0.0,0.0,34.20394515991211,1
11:52:59.371,1.3684744834899902,274.1648254394531,34.309207916259766,34.30119323730469,0.0,0.0,1
11:52:59.460,3.3758208751678467,273.915771484375,34.44734191894531,0.0,34.440120697021484,0.0,1
11:52:59.460,5.411283016204834,275.06787109375,34.515159606933594,0.0,0.0,34.509586334228516,1
11:52:59.460,1.1746513843536377,277.16436767578125,34.53593444824219,34.52347946166992,0.0,0.0,1
11:52:59.460,3.1809935569763184,276.2413024902344,34.70525360107422,0.0,34.70408248901367,0.0,1
11:52:59.460,5.212968349456787,276.5419006347656,34.813941955566406,0.0,34.7596549987793,34.801334381103516,1
11:52:59.551,0.9437618851661682,275.9239196777344,34.96932601928711,34.96804428100586,0.0,34.9124755859375,1
11:52:59.551,2.990102529525757,277.0083923339844,35.03787612915039,34.981937408447266,35.03750991821289,0.0,1
11:52:59.552,5.035550117492676,277.6007995605469,35.131038665771484,0.0,35.093082427978516,35.12086486816406,1
11:52:59.552,0.7968762516975403,277.98748779296875,35.2337760925293,35.23200607299805,0.0,35.16254425048828,1
11:52:59.552,2.8635361194610596,278.98291015625,35.30463790893555,35.190330505371094,35.301475524902344,0.0,1
11:52:59.552,4.945347785949707,280.72900390625,35.337860107421875,0.0,35.38482666015625,35.32925796508789,1
11:52:59.552,0.6543422341346741,278.06732177734375,35.591590881347656,35.57932662963867,0.0,35.46818542480469,1
11:52:59.552,2.7321438789367676,279.5379943847656,35.638153076171875,35.52375793457031,35.6348991394043,0.0,1
11:52:59.552,4.844685077667236,282.906494140625,35.5885009765625,0.0,35.6348991394043,35.57932662963867,1
11:52:59.552,0.5950528979301453,281.1414489746094,35.794677734375,35.7877197265625,0.0,35.718257904052734,1
11:52:59.552,2.688366174697876,282.408447265625,35.84886932373047,35.773826599121094,35.84328842163086,0.0,1
11:52:59.552,4.760007858276367,282.46466064453125,35.963829040527344,0.0,35.9405403137207,35.954429626464844,1
11:52:59.651,0.517877459526062,281.2518005371094,36.1422004699707,36.135040283203125,0.0,36.05168151855469,1
11:52:59.651,2.6534199714660645,284.45330810546875,36.09843826293945,36.0794677734375,36.093360900878906,0.0,1
11:52:59.651,4.748157024383545,284.9352722167969,36.19013214111328,0.0,36.20450210571289,36.17671585083008,1
11:52:59.651,0.5035607814788818,282.56640625,36.42455291748047,36.41289138793945,0.0,36.315643310546875,1
11:52:59.651,2.6133456230163574,284.0395202636719,36.46630859375,36.34342956542969,36.45457077026367,0.0,1
11:52:59.651,4.720958709716797,285.39886474609375,36.513648986816406,0.0,36.52403259277344,36.5101432800293,1
11:52:59.651,0.4880339205265045,283.2389221191406,36.73709487915039,36.732425689697266,0.0,36.59349822998047,1
11:52:59.651,2.6034739017486572,284.79229736328125,36.774505615234375,36.67685317993164,36.774105072021484,0.0,1
11:52:59.651,4.6984405517578125,285.39697265625,36.859405517578125,0.0,36.87135314941406,36.857460021972656,1
11:52:59.756,0.4899170398712158,284.3376770019531,37.02724838256836,37.024173736572266,0.0,36.91303253173828,1
11:52:59.756,2.6170170307159424,286.054443359375,37.05524826049805,36.954708099365234,37.05195617675781,0.0,1
11:52:59.756,4.680501937866211,284.79315185546875,37.2337532043457,0.0,37.246456146240234,37.232566833496094,1
11:52:59.756,0.4123968780040741,281.4433898925781,37.51722717285156,37.51041793823242,0.0,37.34370803833008,1
11:52:59.756,2.509976863861084,282.7700500488281,37.56760787963867,37.440956115722656,37.56599044799805,0.0,1
11:52:59.756,4.593912601470947,283.6170959472656,37.64221954345703,0.0,37.67713165283203,37.63545608520508,1
11:52:59.756,0.36950770020484924,282.6005554199219,37.809608459472656,37.80216979980469,0.0,37.74659729003906,1
11:52:59.756,2.436830997467041,282.34991455078125,37.93910598754883,37.885520935058594,37.92720031738281,0.0,1
11:52:59.756,4.467763423919678,280.4128723144531,38.153953552246094,0.0,38.066131591796875,38.14948654174805,1
11:52:59.756,0.21053388714790344,279.0016784667969,38.343719482421875,38.33009338378906,0.0,38.23284149169922,1
11:52:59.867,2.2840781211853027,279.9450988769531,38.41677474975586,38.357879638671875,38.413448333740234,0.0,1
11:52:59.867,4.345560073852539,280.6500549316406,38.50166702270508,0.0,38.52458953857422,38.496803283691406,1
11:52:59.867,0.06203188747167587,278.08551025390625,38.75066375732422,38.74687576293945,0.0,38.71908950805664,1
11:52:59.867,2.094395160675049,277.6350402832031,38.89363098144531,38.760765075683594,38.88580322265625,0.0,1
11:52:59.867,4.118930816650391,277.0535583496094,39.0454216003418,0.0,39.03862380981445,0.0,1
11:52:59.867,6.133216381072998,276.1905822753906,39.21128463745117,0.0,0.0,39.2053337097168,1
11:52:59.867,1.9054992198944092,277.85345458984375,39.25175476074219,39.247013092041016,0.0,0.0,1
11:52:59.867,3.9221019744873047,277.2893371582031,39.40291976928711,0.0,39.39983367919922,0.0,1
11:52:59.867,5.961975574493408,277.57708740234375,39.510746002197266,0.0,0.0,39.4970817565918,1
11:52:59.867,1.7197761535644531,278.1192321777344,39.60649490356445,39.594329833984375,0.0,0.0,1
11:52:59.982,3.693206787109375,275.2790222167969,39.872074127197266,0.0,39.85829162597656,0.0,1
11:52:59.982,5.716822624206543,275.4233703613281,39.98969650268555,0.0,0.0,39.98332977294922,1
11:52:59.982,1.4644153118133545,276.7970275878906,40.04619216918945,40.03889846801758,0.0,0.0,1
11:52:59.982,3.424910306930542,273.8082275390625,40.320960998535156,0.0,40.31675338745117,0.0,1
11:52:59.982,5.404168605804443,272.34735107421875,40.52042007446289,0.0,0.0,40.511253356933594,1
11:52:59.982,1.1242623329162598,272.7861633300781,40.62617874145508,40.62239456176758,0.0,0.0,1
11:52:59.982,3.1085433959960938,272.10546875,40.78783416748047,40.67796325683594,40.77521514892578,0.0,1
11:52:59.982,5.068458557128906,270.7184753417969,40.986270904541016,0.0,40.91414260864258,40.983604431152344,1
11:52:59.982,0.7585299611091614,270.17254638671875,41.14276885986328,41.13642501831055,0.0,41.03917694091797,1
11:52:59.982,2.7610583305358887,270.9093933105469,41.23429870605469,41.13642501831055,41.23367691040039,0.0,1
11:52:59.982,4.7422919273376465,271.05474853515625,41.35653305053711,0.0,41.37260437011719,41.344818115234375,1
11:53:00.101,0.3713655173778534,267.89971923828125,41.644859313964844,41.636566162109375,0.0,41.567100524902344,1
11:53:00.101,2.3284647464752197,267.398193359375,41.801273345947266,41.678245544433594,41.78938674926758,0.0,1
11:53:00.101,4.296152591705322,267.8331298828125,41.912811279296875,0.0,41.95610046386719,41.90052795410156,1
11:53:00.101,6.234302043914795,266.7998962402344,42.09708023071289,0.0,0.0,42.095027923583984,1
11:53:00.101,1.940200686454773,268.3563232421875,42.15196990966797,42.15060043334961,0.0,0.0,1
11:53:00.101,3.8772778511047363,266.98907470703125,42.352821350097656,0.0,42.3450927734375,0.0,1
11:53:00.101,5.8223371505737305,266.57281494140625,42.505897521972656,0.0,0.0,42.4979133605957,1
11:53:00.101,1.5033307075500488,267.30615234375,42.603431701660156,42.59516525268555,0.0,0.0,1
11:53:00.101,3.4213626384735107,265.33831787109375,42.83537673950195,0.0,42.83134460449219,0.0,1
11:53:00.101,5.373751640319824,265.4353332519531,42.96455383300781,0.0,0.0,42.95637512207031,1
11:53:00.101,1.0471975803375244,266.3524475097656,43.05354309082031,43.03973388671875,0.0,0.0,1
11:53:00.101,2.960484743118286,264.6246337890625,43.27458572387695,43.12308883666992,43.26201629638672,0.0,1
11:53:00.228,4.862278461456299,263.38690185546875,43.473060607910156,0.0,43.42873001098633,43.47040939331055,1
11:53:00.228,0.44910305738449097,260.6401062011719,43.74835968017578,43.74826431274414,0.0,43.609336853027344,1
11:53:00.228,2.3858654499053955,261.60009765625,43.8386344909668,43.76215744018555,43.83161926269531,0.0,1
11:53:00.228,4.2622857093811035,260.14727783203125,44.050777435302734,0.0,44.05390167236328,44.04001235961914,1
11:53:00.228,6.155398845672607,259.3785400390625,44.2299690246582,0.0,0.0,44.220619201660156,1
11:53:00.228,1.7837541103363037,260.0294189453125,44.338748931884766,44.33176040649414,0.0,0.0,1
11:53:00.228,3.5833523273468018,255.79388427734375,44.69243240356445,0.0,44.6790771484375,0.0,1
11:53:00.228,5.433385848999023,254.5604248046875,44.898048400878906,0.0,0.0,44.88746643066406,1
11:53:00.228,0.9563969969749451,252.13873291015625,45.1656608581543,45.16532516479492,0.0,44.956932067871094,1
11:53:00.228,2.8092851638793945,252.1040496826172,45.314178466796875,45.17921447753906,45.30425262451172,0.0,1
11:53:00.228,4.622358798980713,251.1804656982422,45.509429931640625,0.0,45.52653503417969,45.498748779296875,1
11:53:00.228,0.13907255232334137,249.53907775878906,45.74142837524414,45.734928131103516,0.0,45.7071418762207,1
11:53:00.368,1.9652175903320312,249.33505249023438,45.902347564697266,45.90163803100586,0.0,0.0,1
11:53:00.369,3.729398727416992,246.9546356201172,46.173126220703125,0.0,46.16559982299805,0.0,1
11:53:00.369,5.499233245849609,245.33399963378906,46.40842056274414,0.0,0.0,46.40177917480469,1
11:53:00.369,0.9892643690109253,244.21762084960938,46.62016296386719,46.610172271728516,0.0,46.47124099731445,1
11:53:00.369,2.787872552871704,244.59727478027344,46.7559928894043,46.665740966796875,46.74909591674805,0.0,1
11:53:00.369,4.576709747314453,244.5692596435547,46.913455963134766,0.0,46.915809631347656,46.90191650390625,1
11:53:00.369,0.020152956247329712,242.09011840820312,47.1943359375,47.19366455078125,0.0,47.17977523803711,1
11:53:00.369,1.8170750141143799,242.9342041015625,47.309940338134766,47.304805755615234,0.0,0.0,1
11:53:00.369,3.5175580978393555,239.85166931152344,47.623046875,0.0,47.61044692993164,0.0,1
11:53:00.369,5.241771697998047,238.4566192626953,47.852699279785156,0.0,0.0,47.846622467041016,1
11:53:00.369,0.7013281583786011,238.14122009277344,48.03057861328125,48.02722930908203,0.0,47.943870544433594,1
11:53:00.369,2.47904372215271,239.28965759277344,48.133750915527344,48.082801818847656,48.124481201171875,0.0,1
11:53:00.502,4.242321491241455,239.70848083496094,48.27398681640625,0.0,48.305084228515625,48.263404846191406,1
11:53:00.502,5.979121685028076,238.93836975097656,48.47276306152344,0.0,0.0,48.471797943115234,1
11:53:00.502,1.440506100654602,238.82675170898438,48.639923095703125,48.638511657714844,0.0,0.0,1
11:53:00.502,3.187190532684326,238.6739959716797,48.809173583984375,48.69408416748047,48.80522537231445,0.0,1
11:53:00.502,4.894280910491943,237.47889709472656,49.03211212158203,0.0,49.013614654541016,49.02750778198242,1
11:53:00.502,0.2793217599391937,234.8795166015625,49.326080322265625,49.31925582885742,0.0,49.235897064208984,1
11:53:00.502,2.0553107261657715,236.9120635986328,49.38856887817383,49.37482833862305,0.0,0.0,1
11:53:00.502,3.732569694519043,234.67431640625,49.66547775268555,0.0,49.652679443359375,0.0,1
11:53:00.502,5.416747093200684,233.0929412841797,49.90980911254883,0.0,0.0,49.90275192260742,1
11:53:00.502,0.8433111310005188,233.23875427246094,50.069149017333984,50.05556869506836,0.0,49.986106872558594,1
11:53:00.502,2.5376877784729004,232.6508026123047,50.26579284667969,50.194496154785156,50.26396560668945,0.0,1
11:53:00.502,4.203514575958252,231.20941162109375,50.50619888305664,0.0,50.50013732910156,50.50013732910156,1
11:53:00.502,5.88472843170166,230.71603393554688,50.69961166381836,0.0,0.0,50.694637298583984,1
11:53:00.503,1.3189291954040527,231.9202423095703,50.808040618896484,50.80577850341797,0.0,0.0,1
11:53:00.634,3.007719039916992,231.49948120117188,50.99718475341797,50.875240325927734,50.986385345458984,0.0,1
11:53:00.634,4.697880744934082,231.4511260986328,51.169281005859375,0.0,51.1669921875,51.1669921875,1
11:53:00.634,0.023483706638216972,228.18426513671875,51.50259017944336,51.50041580200195,0.0,51.444847106933594,1
11:53:00.634,1.7130682468414307,228.7888946533203,51.644378662109375,51.63934326171875,0.0,0.0,1
11:53:00.634,3.330958366394043,226.7030029296875,51.92094421386719,0.0,51.91720199584961,0.0,1
11:53:00.634,5.023565292358398,227.8907012939453,52.033878326416016,0.0,52.00055694580078,52.02833938598633,1
11:53:00.634,0.3770974278450012,226.6595458984375,52.268821716308594,52.26451873779297,0.0,52.222843170166016,1
11:53:00.634,2.0550143718719482,227.3533935546875,52.40709686279297,52.4034423828125,0.0,0.0,1
11:53:00.634,3.693434476852417,226.22669982910156,52.63697814941406,0.0,52.625728607177734,0.0,1
11:53:00.634,5.339719295501709,225.63211059570312,52.84031677246094,0.0,0.0,52.83412170410156,1
11:53:00.634,0.6937676668167114,225.0595245361328,53.043453216552734,53.04251480102539,0.0,52.93136978149414,1
11:53:00.634,2.3777055740356445,226.29861450195312,53.1559944152832,53.12586975097656,53.15365219116211,0.0,1
11:53:00.634,3.991525173187256,224.66319274902344,53.412872314453125,0.0,53.403724670410156,0.0,1
11:53:00.634,5.631781578063965,224.2404327392578,53.608978271484375,0.0,0.0,53.59822082519531,1
11:53:00.766,0.9662653207778931,223.35287475585938,53.82938766479492,53.82050323486328,0.0,53.667686462402344,1
11:53:00.766,2.61301851272583,223.53009033203125,53.99688720703125,53.88997268676758,53.98721694946289,0.0,1
11:53:00.766,4.216091632843018,222.2974090576172,54.23588562011719,0.0,54.23728942871094,54.22339630126953,1
11:53:00.766,5.8142876625061035,221.16473388671875,54.47030258178711,0.0,0.0,54.459571838378906,1
11:53:00.766,1.1400482654571533,220.90675354003906,54.66316223144531,54.65406799316406,0.0,0.0,1
11:53:00.766,2.745434522628784,220.4039764404297,54.86753845214844,54.76521301269531,54.862464904785156,0.0,1
11:53:00.766,4.32418155670166,219.23086547851562,55.10728454589844,0.0,55.11252975463867,55.09864044189453,1
11:53:00.766,5.905973434448242,218.34764099121094,55.3321533203125,0.0,0.0,55.3209228515625,1
11:53:00.766,1.2298321723937988,218.8143310546875,55.49059295654297,55.487632751464844,0.0,0.0,1
11:53:00.766,2.816962957382202,218.21018981933594,55.702301025390625,55.58488464355469,55.69602966308594,0.0,1
11:53:00.766,4.330276966094971,215.37890625,56.02764892578125,0.0,56.001670837402344,56.01555633544922,1
11:53:00.766,5.857643127441406,213.59263610839844,56.30188751220703,0.0,0.0,56.29341506958008,1
11:53:00.766,1.1157371997833252,212.99574279785156,56.519168853759766,56.51570129394531,0.0,0.0,1
11:53:00.890,2.644866943359375,211.8549041748047,56.76387023925781,56.62683868408203,56.75187683105469,0.0,1
11:53:00.890,4.154306411743164,210.41311645507812,57.02544403076172,0.0,57.01583480834961,0.0,1
11:53:00.890,5.6761369705200195,209.59022521972656,57.25575637817383,0.0,0.0,57.25201416015625,1
11:53:00.890,0.9177387356758118,209.2757110595703,57.461570739746094,57.46040344238281,0.0,57.321475982666016,1
11:53:00.890,2.4122276306152344,207.90060424804688,57.72203063964844,57.62711715698242,57.71047592163086,0.0,1
11:53:00.890,3.898820638656616,206.62501525878906,57.978641510009766,0.0,57.97444152832031,0.0,1
11:53:00.890,5.370725631713867,205.13731384277344,58.24712371826172,0.0,0.0,58.238399505615234,1
11:53:00.890,0.569678008556366,204.40328979492188,58.478858947753906,58.47457504272461,0.0,58.36343002319336,1
11:53:00.890,2.081103563308716,204.8962860107422,58.64891815185547,58.64128875732422,0.0,0.0,1
11:53:00.890,3.5582613945007324,203.9803924560547,58.89052963256836,0.0,58.87746810913086,0.0,1
11:53:00.890,5.067081451416016,204.44866943359375,59.06282043457031,0.0,58.9608268737793,59.05807113647461,1
11:53:00.890,0.18404050171375275,201.40609741210938,59.41323471069336,59.405391693115234,0.0,59.363712310791016,1
11:53:00.890,1.6883879899978638,202.33554077148438,59.56520462036133,59.55821228027344,0.0,0.0,1
11:53:01.010,3.134626865386963,201.16754150390625,59.82171630859375,59.6137809753418,59.80827713012695,0.0,1
11:53:01.010,4.582367420196533,200.52561950683594,60.05330276489258,0.0,60.00278091430664,60.044456481933594,1
11:53:01.010,6.003840923309326,198.86767578125,60.33740234375,0.0,0.0,60.33620071411133,1
11:53:01.010,1.2022101879119873,199.9034423828125,60.48703384399414,60.475135803222656,0.0,0.0,1
11:53:01.010,2.664926528930664,199.82318115234375,60.691001892089844,60.60016632080078,60.68352508544922,0.0,1
11:53:01.010,4.126404762268066,199.70799255371094,60.89671325683594,0.0,60.89191436767578,0.0,1
11:53:01.010,5.579909324645996,199.29769897460938,61.1172981262207,0.0,0.0,61.11419677734375,1
11:53:01.010,0.7290384769439697,198.373291015625,61.364479064941406,61.3642692565918,0.0,61.211448669433594,1
11:53:01.010,2.1897027492523193,198.5270233154297,61.55827713012695,61.51708984375,61.54487228393555,0.0,1
11:53:01.010,3.5983312129974365,196.9394073486328,61.8394889831543,0.0,61.83662414550781,0.0,1
11:53:01.010,5.051776885986328,197.2695770263672,62.0257682800293,0.0,61.91997528076172,62.01722717285156,1
11:53:01.010,0.13532285392284393,194.70298767089844,62.35818099975586,62.35065460205078,0.0,62.25340270996094,1
11:53:01.010,1.619528889656067,196.65829467773438,62.46461486816406,62.4617919921875,0.0,0.0,1
11:53:01.127,3.037842035293579,195.92724609375,62.704872131347656,62.53125762939453,62.69797134399414,0.0,1
11:53:01.127,4.444203853607178,195.00009155273438,62.95558166503906,0.0,62.9063606262207,62.94804382324219,1
11:53:01.127,5.821640968322754,193.3557891845703,63.24317169189453,0.0,0.0,63.23978805541992,1
11:53:01.127,0.9416100978851318,192.9755401611328,63.46929168701172,63.462074279785156,0.0,63.30925369262695,1
11:53:01.128,2.350954294204712,192.78125,63.6861572265625,63.628787994384766,63.684356689453125,0.0,1
11:53:01.128,3.8738484382629395,196.6280517578125,63.69869613647461,0.0,63.69824981689453,0.0,1
11:53:01.128,5.362195014953613,198.0831756591797,63.827720642089844,0.0,0.0,63.82328414916992,1
11:53:01.128,0.5028745532035828,197.11761474609375,64.07820129394531,64.07335662841797,0.0,63.94832229614258,1
11:53:01.128,1.9574953317642212,197.37118530273438,64.26881408691406,64.26785278320312,0.0,0.0,1
11:53:01.128,3.446253776550293,199.41226196289062,64.36946105957031,0.0,64.36509704589844,0.0,1
11:53:01.128,4.966848373413086,201.46287536621094,64.46614074707031,0.0,64.46234893798828,64.46234893798828,1
11:53:01.128,0.0440530851483345,197.59579467773438,64.8594741821289,64.85134887695312,0.0,64.74020385742188,1
11:53:01.246,1.6247636079788208,202.56170654296875,64.81143951416016,64.8096694946289,0.0,0.0,1
11:53:01.246,3.1505818367004395,204.32989501953125,64.91971588134766,0.0,64.90692138671875,0.0,1
11:53:01.246,4.703834056854248,206.2434844970703,65.01974487304688,0.0,65.04584503173828,65.01805877685547,1
11:53:01.246,6.158322811126709,204.42886352539062,65.30558776855469,0.0,0.0,65.29591369628906,1
11:53:01.246,1.385641098022461,205.4999542236328,65.44853210449219,65.43484497070312,0.0,0.0,1
11:53:01.246,2.9260735511779785,206.68170166015625,65.58295440673828,65.53209686279297,65.57376861572266,0.0,1
11:53:01.246,4.346638202667236,203.48883056640625,65.93709564208984,0.0,65.83773803710938,65.93498229980469,1
11:53:01.246,5.909492492675781,206.11184692382812,66.0017318725586,0.0,0.0,65.99055480957031,1
11:53:01.246,1.196619987487793,208.70828247070312,66.06607818603516,66.06002044677734,0.0,0.0,1
11:53:01.246,2.7465693950653076,209.44155883789062,66.2202377319336,66.17115783691406,66.21283721923828,0.0,1
11:53:01.246,4.203019142150879,206.94737243652344,66.53697967529297,0.0,66.53236389160156,0.0,1
11:53:01.366,5.725381374359131,207.4891815185547,66.70378875732422,0.0,0.0,66.69908142089844,1
11:53:01.366,0.9343457818031311,206.55921936035156,66.94341278076172,66.93525695800781,0.0,66.76854705810547,1
11:53:01.366,2.5389280319213867,209.43377685546875,66.98983001708984,66.87969207763672,66.97694396972656,0.0,1
11:53:01.366,4.14483642578125,211.9178466796875,67.0547103881836,0.0,67.04640197753906,0.0,1
11:53:01.366,5.7534613609313965,214.03042602539062,67.13681030273438,0.0,0.0,67.1297607421875,1
11:53:01.366,1.056676983833313,215.6271514892578,67.24393463134766,67.24089813232422,0.0,0.0,1
11:53:01.366,2.6237034797668457,215.14349365234375,67.45246887207031,67.36593627929688,67.44928741455078,0.0,1
11:53:01.366,4.219521999359131,215.62130737304688,67.61210632324219,0.0,67.54653930664062,67.60211181640625,1
11:53:01.366,5.852311134338379,217.6643524169922,67.69319915771484,0.0,0.0,67.68547058105469,1
11:53:01.366,1.16927969455719,218.67547607421875,67.82622528076172,67.82439422607422,0.0,0.0,1
11:53:01.366,2.745661497116089,217.56678771972656,68.064208984375,67.92164611816406,68.0605697631836,0.0,1
11:53:01.366,4.292303562164307,215.8343505859375,68.33343505859375,0.0,68.24118041992188,68.32453918457031,1
11:53:01.500,5.955366611480713,218.82080078125,68.36764526367188,0.0,0.0,68.3662109375,1
11:53:01.500,1.2928318977355957,220.8065643310547,68.45101165771484,68.44956970214844,0.0,0.0,1
11:53:01.500,2.858180284500122,218.93096923828125,68.72480773925781,68.53292846679688,68.71353149414062,0.0,1
11:53:01.500,4.453342437744141,218.42181396484375,68.93095397949219,0.0,68.83856964111328,68.92192077636719,1
11:53:01.500,6.109038829803467,220.4939422607422,69.00733184814453,0.0,0.0,69.00527954101562,1
11:53:01.500,1.413573980331421,219.82960510253906,69.22210693359375,69.21366882324219,0.0,0.0,1
11:53:01.500,2.9419054985046387,217.00230407714844,69.54508972167969,69.29702758789062,69.533203125,0.0,1
11:53:01.500,4.54697847366333,217.45016479492188,69.70426940917969,0.0,69.58877563476562,69.69992065429688,1
11:53:01.500,6.242305755615234,221.1161346435547,69.70172119140625,0.0,0.0,69.69992065429688,1
11:53:01.500,1.5746185779571533,221.75709533691406,69.8503646850586,69.8388442993164,0.0,0.0,1
11:53:01.500,3.1556506156921387,220.64157104492188,70.0853500366211,0.0,70.07501983642578,0.0,1
11:53:01.500,4.750726699829102,219.81715393066406,70.30577087402344,0.0,70.20005798339844,70.29730987548828,1
11:53:01.636,0.02237817645072937,217.44215393066406,70.60498046875,70.60295104980469,0.0,70.45012664794922,1
11:53:01.636,1.7855753898620605,224.6245574951172,70.42479705810547,70.4223403930664,0.0,0.0,1
11:53:01.636,3.35846209526062,222.36465454101562,70.7157211303711,0.0,70.7140884399414,0.0,1
11:53:01.636,4.9403977394104,220.65411376953125,70.97919464111328,0.0,70.79743957519531,70.9780502319336,1
11:53:01.636,0.11122794449329376,214.73277282714844,71.45584106445312,71.45040130615234,0.0,71.21422576904297,1
11:53:01.636,1.8758069276809692,222.679443359375,71.23925018310547,71.22811889648438,0.0,0.0,1
11:53:01.636,3.4946231842041016,222.45030212402344,71.4289779663086,0.0,71.42261505126953,0.0,1
11:53:01.636,5.076105117797852,220.7412872314453,71.69248962402344,0.0,71.50597381591797,71.68657684326172,1
11:53:01.636,0.26469406485557556,215.45465087890625,72.13790130615234,72.13114166259766,0.0,71.8532943725586,1
11:53:01.636,2.0150017738342285,222.2963104248047,71.97593688964844,71.96443939208984,0.0,0.0,1
11:53:01.636,3.587463617324829,220.4158477783203,72.24992370605469,0.0,72.2422866821289,0.0,1
11:53:01.636,5.245782375335693,222.796142578125,72.31190490722656,0.0,0.0,72.31175231933594,1
11:53:01.636,0.4988778233528137,219.41082763671875,72.6592025756836,72.65907287597656,0.0,72.42289733886719,1
11:53:01.636,2.233063220977783,224.27569580078125,72.59098052978516,72.40900421142578,72.58960723876953,0.0,1
11:53:01.833,3.879652976989746,224.3538055419922,72.76289367675781,0.0,72.75631713867188,0.0,1
11:53:01.833,5.517010688781738,224.75546264648438,72.92041778564453,0.0,0.0,72.90914154052734,1
11:53:01.833,0.7977591753005981,221.8458251953125,73.24324798583984,73.24256896972656,0.0,73.00639343261719,1
11:53:01.833,2.4716246128082275,223.3885498046875,73.34038543701172,73.13142395019531,73.33981323242188,0.0,1
11:53:01.833,4.115873336791992,223.61721801757812,73.50480651855469,0.0,73.49263763427734,0.0,1
11:53:01.833,5.754322528839111,223.68624877929688,73.67736053466797,0.0,0.0,73.6732406616211,1
11:53:01.833,1.1288667917251587,226.06394958496094,73.73654174804688,73.72881317138672,0.0,0.0,1
11:53:01.833,2.695326328277588,222.80177307128906,74.07476806640625,73.83995819091797,74.06224060058594,0.0,1
11:53:01.833,4.376605987548828,224.9514617919922,74.14356231689453,0.0,74.21505737304688,74.13170623779297,1
11:53:01.833,6.059467315673828,226.1026611328125,74.26090240478516,0.0,0.0,74.2567367553711,1
11:53:01.833,1.412480354309082,227.20114135742188,74.38218688964844,74.38177490234375,0.0,0.0,1
11:53:01.833,2.9362573623657227,222.4073028564453,74.79776000976562,74.46513366699219,74.78466033935547,0.0,1
11:53:01.833,4.664011001586914,226.22401428222656,74.78243255615234,0.0,74.8680191040039,74.7707748413086,1
11:53:02.034,0.014298944734036922,224.91171264648438,75.02144622802734,75.02083587646484,0.0,74.8541259765625,1
11:53:02.034,1.76969313621521,229.4204559326172,74.96935272216797,74.96527099609375,0.0,0.0,1
11:53:02.034,3.3343663215637207,225.4895782470703,75.34040832519531,0.0,75.34037017822266,0.0,1
11:53:02.034,5.0139312744140625,226.51576232910156,75.46346282958984,0.0,75.4237289428711,75.4515151977539,1
11:53:02.034,0.2958582937717438,222.97605895996094,75.81404113769531,75.81272888183594,0.0,75.60433959960938,1
11:53:02.034,2.0850372314453125,229.0303192138672,75.68414306640625,75.67379760742188,0.0,0.0,1
11:53:02.034,3.6412243843078613,225.00880432128906,76.06080627441406,0.0,76.04890441894531,0.0,1
11:53:02.034,5.405147075653076,229.812255859375,75.9937973022461,0.0,0.0,75.99333190917969,1
11:53:02.034,0.6716750264167786,225.0654754638672,76.40377807617188,76.3962173461914,0.0,76.09058380126953,1
11:53:02.034,2.3597941398620605,226.24014282226562,76.51708221435547,76.25729370117188,76.50736236572266,0.0,1
11:53:02.034,4.016136646270752,226.3072509765625,76.68633270263672,0.0,76.674072265625,0.0,1
11:53:02.034,5.762938976287842,229.34095764160156,76.7050552368164,0.0,0.0,76.70185852050781,1
11:53:02.034,1.181114912033081,231.69882202148438,76.75922393798828,76.75743103027344,0.0,0.0,1
11:53:02.034,2.786914348602295,228.3313446044922,77.09728240966797,76.85468292236328,77.09085845947266,0.0,1
11:53:02.034,4.523280620574951,231.0413818359375,77.1342544555664,0.0,77.22978210449219,77.13253784179688,1
11:53:02.034,6.198163032531738,230.39303588867188,77.3367919921875,0.0,0.0,77.32703399658203,1
11:53:02.034,1.6532528400421143,233.53305053710938,77.35073852539062,77.34092712402344,0.0,0.0,1
11:53:02.034,3.215074062347412,228.16893005371094,77.78842163085938,0.0,77.7854995727539,0.0,1
11:53:02.034,4.984000205993652,232.1112823486328,77.7615966796875,0.0,77.86885833740234,77.7577133178711,1
11:53:02.034,0.35073158144950867,230.1530303955078,78.02552795410156,78.02167510986328,0.0,77.68824768066406,1
11:53:02.242,2.1811351776123047,235.771484375,77.9114761352539,77.91053009033203,0.0,0.0,1
11:53:02.242,3.7596659660339355,230.955322265625,78.32035827636719,0.0,78.31342315673828,0.0,1
11:53:02.242,5.602416515350342,236.94993591308594,78.18587493896484,0.0,0.0,78.17449951171875,1
11:53:02.242,0.9274705648422241,232.33677673339844,78.58187866210938,78.57738494873047,0.0,78.25784301757812,1
11:53:02.242,2.639061212539673,232.5585479736328,78.73593139648438,78.53570556640625,78.7302017211914,0.0,1
11:53:02.242,4.404186248779297,235.22219848632812,78.76981353759766,0.0,78.88301849365234,78.75798797607422,1
11:53:02.242,6.130837917327881,235.34979248046875,78.92793273925781,0.0,0.0,78.9247055053711,1
11:53:02.242,1.5870836973190308,236.99029541015625,79.01142883300781,79.00806427001953,0.0,0.0,1
11:53:02.242,3.230651378631592,233.62367248535156,79.34530639648438,0.0,79.34148406982422,0.0,1
11:53:02.242,5.040489196777344,237.6585693359375,79.30806732177734,0.0,79.42484283447266,79.2998046875,1
11:53:02.242,0.36398985981941223,232.8370819091797,79.71385192871094,79.70269012451172,0.0,79.5776596069336,1
11:53:02.242,2.2008070945739746,237.91915893554688,79.6237564086914,79.61933898925781,0.0,0.0,1
11:53:02.243,3.777467727661133,232.45074462890625,80.0645980834961,0.0,80.06391143798828,0.0,1
11:53:02.243,5.563060283660889,235.5899658203125,80.07228088378906,0.0,0.0,80.06391143798828,1
11:53:02.243,1.0471975803375244,238.4902801513672,80.09383392333984,80.09169006347656,0.0,0.0,1
11:53:02.243,2.710233688354492,235.21710205078125,80.4202651977539,80.1889419555664,80.41122436523438,0.0,1
11:53:02.243,4.516043186187744,239.067138671875,80.391357421875,0.0,80.5362548828125,80.38343811035156,1
11:53:02.243,6.255263328552246,238.43251037597656,80.58515167236328,0.0,0.0,80.57794189453125,1
11:53:02.243,1.7204113006591797,239.41738891601562,80.69940948486328,80.68907928466797,0.0,0.0,1
11:53:02.243,3.3714540004730225,235.68948364257812,81.0491714477539,0.0,81.0363998413086,0.0,1
11:53:02.458,5.2514142990112305,242.30026245117188,80.88152313232422,0.0,0.0,80.86968994140625,1
11:53:02.458,0.6302998065948486,237.8939666748047,81.26195526123047,81.25868225097656,0.0,80.98082733154297,1
11:53:02.458,2.4128308296203613,239.2732696533203,81.35110473632812,81.10586547851562,81.342041015625,0.0,1
11:53:02.458,4.120278358459473,237.52427673339844,81.60018157958984,0.0,81.59210968017578,0.0,1
11:53:02.458,5.989752292633057,242.38731384277344,81.51591491699219,0.0,0.0,81.50875091552734,1
11:53:02.458,1.4965887069702148,243.704833984375,81.60812377929688,81.60600280761719,0.0,0.0,1
11:53:02.458,3.1473793983459473,238.40744018554688,82.03089141845703,0.0,82.02278900146484,0.0,1
11:53:02.459,4.957580089569092,241.02581787109375,82.06039428710938,0.0,82.12003326416016,82.05056762695312,1
11:53:02.459,0.46389448642730713,241.6866455078125,82.18453216552734,82.17560577392578,0.0,82.00889587402344,1
11:53:02.459,2.229249954223633,241.23745727539062,82.36235046386719,82.13392639160156,82.35620880126953,0.0,1
11:53:02.459,3.931575298309326,238.69802856445312,82.6494369506836,0.0,82.64795684814453,0.0,1
11:53:02.459,5.757226467132568,241.39637756347656,82.67205810546875,0.0,0.0,82.66184997558594,1
11:53:02.459,1.2601838111877441,243.14317321777344,82.74494171142578,82.73131561279297,0.0,0.0,1
11:53:02.459,2.94946551322937,239.67446899414062,83.07709503173828,82.81466674804688,83.06474304199219,0.0,1
11:53:02.459,4.771830081939697,243.05433654785156,83.06798553466797,0.0,83.25923919677734,83.06474304199219,1
11:53:02.459,0.25465741753578186,242.2064666748047,83.26642608642578,83.25923919677734,0.0,83.10641479492188,1
11:53:02.459,2.1347126960754395,246.42176818847656,83.21041107177734,83.20366668701172,0.0,0.0,1
11:53:02.459,3.812622547149658,241.84561157226562,83.59595489501953,0.0,83.59266662597656,0.0,1
11:53:02.459,5.710712909698486,246.89663696289062,83.4991683959961,0.0,0.0,83.49541473388672,1
11:53:02.459,1.2447248697280884,248.409423828125,83.57817840576172,83.56488037109375,0.0,0.0,1
11:53:02.459,3.0009570121765137,245.91561889648438,83.85468292236328,83.64823150634766,83.84273529052734,0.0,1
11:53:02.691,4.799570560455322,246.52696228027344,83.97897338867188,0.0,84.09280395507812,83.96776580810547,1
11:53:02.691,0.29639729857444763,245.20452880859375,84.1983413696289,84.19005584716797,0.0,84.0233383178711,1
11:53:02.691,2.1246533393859863,246.12745666503906,84.30411529541016,84.10669708251953,84.30120086669922,0.0,1
11:53:02.691,3.8554563522338867,243.40989685058594,84.59391021728516,0.0,84.59294128417969,0.0,1
11:53:02.691,5.762146949768066,248.2162628173828,84.50642395019531,0.0,0.0,84.49569702148438,1
11:53:02.691,1.2745367288589478,248.36282348632812,84.65299224853516,84.64851379394531,0.0,0.0,1
11:53:02.691,3.012984037399292,245.23631286621094,84.96256256103516,84.71797943115234,84.95415496826172,0.0,1
11:53:02.691,4.818097114562988,246.16111755371094,85.07145690917969,0.0,85.17643737792969,85.06529235839844,1
11:53:02.691,0.33571043610572815,245.73464965820312,85.24447631835938,85.23200988769531,0.0,85.06529235839844,1
11:53:02.692,2.1789653301239014,247.31219482421875,85.31710052490234,85.134765625,85.31536102294922,0.0,1
11:53:02.692,3.8781113624572754,242.95233154296875,85.68944549560547,0.0,85.67657470703125,0.0,1
11:53:02.692,5.786271095275879,248.0045623779297,85.59049224853516,0.0,0.0,85.57933044433594,1
11:53:02.692,1.2940022945404053,248.23861694335938,85.73294830322266,85.73214721679688,0.0,0.0,1
11:53:02.692,3.026904344558716,244.95545959472656,86.05042266845703,85.8016128540039,86.03778839111328,0.0,1
11:53:02.692,4.822079658508301,245.8343505859375,86.16307067871094,0.0,86.30175018310547,86.16282653808594,1
11:53:02.692,0.34524840116500854,245.64540100097656,86.32606506347656,86.31564331054688,0.0,86.19061279296875,1
11:53:02.692,2.154198169708252,245.81260681152344,86.470947265625,86.3712158203125,86.46846771240234,0.0,1
11:53:02.692,3.866659641265869,242.3371124267578,86.80021667480469,0.0,86.78800201416016,0.0,1
11:53:02.692,5.727972030639648,245.80804443359375,86.78244018554688,0.0,0.0,86.77410125732422,1
11:53:02.692,1.2638463973999023,247.33013916015625,86.86109924316406,86.85746002197266,0.0,0.0,1
11:53:02.692,3.022627830505371,245.2428741455078,87.1200180053711,86.92692565917969,87.10752868652344,0.0,1
11:53:02.924,4.817498683929443,245.93832397460938,87.24185180664062,0.0,87.35759735107422,87.2325668334961,1
11:53:02.924,0.3102727234363556,244.7192840576172,87.45674133300781,87.45484924316406,0.0,87.35759735107422,1
11:53:02.924,2.1749401092529297,247.68475341796875,87.46261596679688,87.45484924316406,0.0,0.0,1
11:53:02.924,3.7638492584228516,239.58709716796875,88.02557373046875,0.0,88.02445220947266,0.0,1
11:53:02.924,5.5713090896606445,241.5191192626953,88.08849334716797,0.0,0.0,88.08002471923828,1
11:53:02.924,1.08713698387146,243.28045654296875,88.15956115722656,88.14949035644531,0.0,0.0,1
11:53:02.924,2.827136993408203,241.579833984375,88.40177154541016,88.24673461914062,88.39955139160156,0.0,1
11:53:02.924,4.57214879989624,241.38623046875,88.57152557373047,0.0,88.66352081298828,88.56626892089844,1
11:53:02.924,0.06807604432106018,241.4690704345703,88.72486114501953,88.71908569335938,0.0,88.63572692871094,1
11:53:02.924,1.8919111490249634,243.82046508789062,88.7647476196289,88.76077270507812,0.0,0.0,1
11:53:02.924,3.4693894386291504,235.93856811523438,89.31845092773438,0.0,89.31647491455078,0.0,1
11:53:02.924,5.197513580322266,235.9047088623047,89.48462677001953,0.0,89.38594055175781,89.48319244384766,1
11:53:02.924,0.19777171313762665,221.20443725585938,90.38868713378906,90.38621520996094,0.0,89.85829162597656,1
11:53:02.924,2.1139073371887207,233.74940490722656,89.93550872802734,90.06668090820312,89.9277572631836,0.0,1
11:53:02.924,3.7964091300964355,232.7014617919922,90.1547622680664,0.0,90.15003967285156,0.0,1
11:53:02.924,5.460986614227295,230.89199829101562,90.41114807128906,0.0,0.0,90.40010833740234,1
11:53:02.925,0.5734038352966309,221.35003662109375,91.06157684326172,91.05307006835938,0.0,90.5112533569336,1
11:53:02.925,2.4681196212768555,232.2091064453125,90.6899642944336,90.81689453125,90.67796325683594,0.0,1
11:53:02.925,4.128450393676758,230.67906188964844,90.93543243408203,0.0,90.92803955078125,0.0,1
11:53:02.925,5.726503372192383,227.1763916015625,91.27977752685547,0.0,0.0,91.27535247802734,1
11:53:02.925,0.7906122803688049,217.4749298095703,91.94241333007812,91.94220733642578,0.0,91.35871124267578,1
11:53:02.925,2.644360065460205,227.1763916015625,91.6326904296875,91.692138671875,91.62267303466797,0.0,1
11:53:02.925,4.288796424865723,227.21226501464844,91.8051986694336,0.0,91.92831420898438,91.80327606201172,1
11:53:03.161,5.9000349044799805,225.07870483398438,92.08645629882812,0.0,0.0,92.08113861083984,1
11:53:03.161,1.141493797302246,224.31346130371094,92.30532836914062,92.30342102050781,0.0,0.0,1
11:53:03.161,2.773348331451416,223.8584442138672,92.50386810302734,92.40066528320312,92.49791717529297,0.0,1
11:53:03.161,4.413668155670166,226.113525390625,92.56938171386719,0.0,92.88690948486328,92.56737518310547,1
11:53:03.162,6.157745361328125,229.357177734375,92.5791244506836,0.0,0.0,92.56737518310547,1
11:53:03.162,1.5564097166061401,229.50950622558594,92.7418212890625,92.73409271240234,0.0,0.0,1
11:53:03.162,3.138444185256958,226.0791778564453,93.0853271484375,92.80355834960938,93.08140563964844,0.0,1
11:53:03.162,4.73534631729126,224.1712188720703,93.35655212402344,0.0,93.30369567871094,93.34537506103516,1
11:53:03.162,0.1528569906949997,226.35208129882812,93.4214859008789,93.41484069824219,0.0,93.4287338256836,1
11:53:03.162,1.8608958721160889,228.35568237304688,93.49295043945312,93.48429870605469,0.0,0.0,1
11:53:03.162,3.3853464126586914,222.90435791015625,93.93865203857422,0.0,93.92887115478516,0.0,1
11:53:03.162,5.05485725402832,224.2536163330078,94.04705810546875,0.0,94.01222229003906,94.04000854492188,1
11:53:03.162,0.4553196132183075,225.65782165527344,94.15031433105469,94.13726043701172,0.0,94.0955810546875,1
11:53:03.162,2.2089743614196777,229.23150634765625,94.14322662353516,94.0816879272461,94.13726043701172,0.0,1
11:53:03.162,3.7122039794921875,223.08551025390625,94.62274932861328,0.0,94.60961151123047,0.0,1
11:53:03.162,5.591663837432861,232.94815063476562,94.29998779296875,0.0,0.0,94.29007720947266,1
11:53:03.162,1.0471975803375244,235.5839080810547,94.33721923828125,94.33175659179688,0.0,0.0,1
11:53:03.162,2.8242950439453125,237.413330078125,94.40961456298828,94.42900848388672,94.4012222290039,0.0,1
11:53:03.162,4.5111165046691895,235.44097900390625,94.67182922363281,0.0,94.56793975830078,94.6651840209961,1
11:53:03.162,0.010436373762786388,237.69839477539062,94.72187805175781,94.72075653076172,0.0,94.73464965820312,1
11:53:03.162,1.780250072479248,238.746826171875,94.83153533935547,94.81800842285156,0.0,0.0,1
11:53:03.162,3.2651431560516357,229.24244689941406,95.47294616699219,0.0,95.47096252441406,0.0,1
11:53:03.162,5.010472774505615,231.8332061767578,95.51219177246094,0.0,95.5543212890625,95.49874877929688,1
11:53:03.162,0.325027197599411,228.04820251464844,95.8691635131836,95.8599624633789,0.0,95.58210754394531,1
11:53:03.404,2.2416062355041504,238.1476593017578,95.52923583984375,95.5543212890625,95.52653503417969,0.0,1
11:53:03.404,3.9320523738861084,236.0307159423828,95.79804229736328,0.0,95.79049682617188,0.0,1
11:53:03.404,5.722661972045898,238.43446350097656,95.83953094482422,0.0,0.0,95.8321762084961,1
11:53:03.404,1.1663377285003662,238.6821746826172,95.9908447265625,95.98499298095703,0.0,0.0,1
11:53:03.404,2.907073974609375,238.34226989746094,96.16948699951172,96.06835174560547,96.16560363769531,0.0,1
11:53:03.404,4.707890033721924,240.35557556152344,96.22970581054688,0.0,96.22117614746094,96.22117614746094,1
11:53:03.404,6.250814437866211,233.0974884033203,96.75650787353516,0.0,0.0,96.74909973144531,1
11:53:03.404,1.5782829523086548,233.16201782226562,96.925537109375,96.91580963134766,0.0,0.0,1
11:53:03.404,3.3045120239257812,233.8145294189453,97.05816650390625,0.0,97.05474090576172,0.0,1
11:53:03.404,5.081824779510498,236.16513061523438,97.10691833496094,0.0,97.13809204101562,97.0964126586914,1
11:53:03.404,0.4821544587612152,234.40774536132812,97.35920715332031,97.34648132324219,0.0,97.23534393310547,1
11:53:03.404,2.188140392303467,233.7145233154297,97.55860900878906,97.41594696044922,97.55487060546875,0.0,1
11:53:03.404,3.869741678237915,232.48338317871094,97.7874526977539,0.0,97.77716064453125,0.0,1
11:53:03.404,5.641263961791992,234.8427734375,97.83447265625,0.0,0.0,97.83273315429688,1
11:53:03.404,1.0528749227523804,234.05557250976562,98.04049682617188,98.02722930908203,0.0,0.0,1
11:53:03.404,2.7463839054107666,233.20591735839844,98.24861145019531,98.13837432861328,98.2356185913086,0.0,1
11:53:03.404,4.476949214935303,234.09271240234375,98.3712158203125,0.0,98.38844299316406,98.36065673828125,1
11:53:03.404,6.174030303955078,233.4263916015625,98.57061004638672,0.0,0.0,98.56904602050781,1
11:53:03.404,1.5873926877975464,233.11752319335938,98.75373840332031,98.7496566772461,0.0,0.0,1
11:53:03.404,3.2526755332946777,231.49473571777344,99.00184631347656,0.0,98.99971771240234,0.0,1
11:53:03.404,5.024710178375244,234.53379821777344,99.01592254638672,0.0,99.08307647705078,99.01361083984375,1
11:53:03.404,0.3949073553085327,231.90293884277344,99.31488037109375,99.30535888671875,0.0,99.18032836914062,1
11:53:03.404,2.212613105773926,236.5497589111328,99.24635314941406,99.19422149658203,99.23590087890625,0.0,1
11:53:03.404,3.9859063625335693,238.10218811035156,99.33180236816406,0.0,99.31925201416016,0.0,1
11:53:03.657,5.75168514251709,238.83799743652344,99.45675659179688,0.0,0.0,99.44429016113281,1
11:53:03.657,1.2479153871536255,240.5018768310547,99.53521728515625,99.52764892578125,0.0,0.0,1
11:53:03.657,2.9760818481445312,239.17486572265625,99.76179504394531,99.61100006103516,99.74993133544922,0.0,1
11:53:03.657,4.744073390960693,239.58099365234375,99.90154266357422,0.0,99.80550384521484,99.88885498046875,1
11:53:03.658,0.2285631000995636,239.91845703125,100.0,100.0,0.0,99.93053436279297,1
11:53:03.658,2.049372673034668,242.36611938476562,100.0,100.0,0.0,0.0,1
11:53:03.658,3.7916667461395264,241.27896118164062,100.0,0.0,100.0,0.0,1
11:53:03.658,5.561211585998535,241.23179626464844,100.0,0.0,0.0,100.0,1
11:53:03.658,1.0626773834228516,243.25193786621094,100.0,100.0,0.0,0.0,1
11:53:03.658,2.7814865112304688,240.78472900390625,100.0,100.0,100.0,0.0,1
11:53:03.658,4.603222846984863,242.9843292236328,100.0,0.0,100.0,100.0,1
11:53:03.658,0.024670876562595367,239.83828735351562,100.0,100.0,0.0,100.0,1
11:53:03.658,1.860121250152588,243.0531768798828,100.0,100.0,0.0,0.0,1
11:53:03.658,3.606348991394043,241.63815307617188,100.0,0.0,100.0,0.0,1
11:53:03.658,5.38540506362915,242.121826171875,100.0,0.0,0.0,100.0,1
11:53:03.658,0.814318060874939,239.67178344726562,100.0,100.0,0.0,100.0,1
11:53:03.658,2.6634809970855713,243.0823516845703,100.0,100.0,100.0,0.0,1
11:53:03.658,4.405188083648682,241.6590576171875,100.0,0.0,100.0,100.0,1
11:53:03.658,6.173091411590576,241.59844970703125,100.0,0.0,0.0,100.0,1
11:53:03.658,1.6832664012908936,243.385986328125,100.0,100.0,0.0,0.0,1
11:53:03.658,3.430239200592041,242.15562438964844,100.0,0.0,100.0,0.0,1
11:53:03.658,5.204752445220947,242.19183349609375,100.0,0.0,100.0,100.0,1
11:53:03.658,0.6243333220481873,239.32240295410156,100.0,100.0,0.0,100.0,1
11:53:03.658,2.4963932037353516,243.8837890625,100.0,100.0,100.0,0.0,1
11:53:03.927,4.252529144287109,242.62167358398438,100.0,0.0,100.0,100.0,1
11:53:03.927,6.044793128967285,243.26100158691406,100.0,0.0,0.0,100.0,1
11:53:03.927,1.5607872009277344,244.68565368652344,100.0,100.0,0.0,0.0,1
11:53:03.927,3.2861766815185547,241.84451293945312,100.0,0.0,100.0,0.0,1
11:53:03.927,5.027078628540039,240.65408325195312,100.0,0.0,100.0,100.0,1
11:53:03.927,0.48788079619407654,239.5923614501953,100.0,100.0,0.0,100.0,1
11:53:03.927,2.3263916969299316,242.78172302246094,100.0,100.0,100.0,0.0,1
11:53:03.927,4.097085475921631,242.44737243652344,100.0,0.0,100.0,0.0,1
11:53:03.927,5.896086692810059,243.39437866210938,100.0,0.0,0.0,100.0,1
11:53:03.927,1.3645234107971191,242.45176696777344,100.0,100.0,0.0,0.0,1
11:53:03.927,3.0736935138702393,239.9481201171875,100.0,100.0,100.0,0.0,1
11:53:03.927,4.876976013183594,241.40049743652344,100.0,0.0,100.0,100.0,1
11:53:03.927,0.3174839913845062,239.38670349121094,100.0,100.0,0.0,100.0,1
11:53:03.927,2.1341283321380615,241.81497192382812,100.0,100.0,100.0,0.0,1
11:53:03.927,3.9296927452087402,242.5659637451172,100.0,0.0,100.0,0.0,1
11:53:03.927,5.675826549530029,241.24514770507812,100.0,0.0,0.0,100.0,1
11:53:03.927,1.2078852653503418,244.76133728027344,100.0,100.0,0.0,0.0,1
11:53:03.927,2.934124708175659,242.19406127929688,100.0,100.0,100.0,0.0,1
11:53:03.927,4.727260589599609,242.7567138671875,100.0,0.0,100.0,100.0,1
11:53:03.927,0.14754848182201385,239.5379180908203,100.0,100.0,0.0,100.0,1
11:53:03.927,2.0307581424713135,244.86656188964844,100.0,100.0,0.0,0.0,1
11:53:03.927,3.798717975616455,243.89369201660156,100.0,0.0,100.0,0.0,1
11:53:03.927,5.583996772766113,243.867431640625,100.0,0.0,0.0,100.0,1
11:53:03.927,1.0873459577560425,244.68252563476562,100.0,100.0,0.0,0.0,1
11:53:03.927,2.8518848419189453,243.38299560546875,100.0,100.0,100.0,0.0,1
11:53:04.218,4.61696195602417,242.6498565673828,100.0,0.0,100.0,100.0,1
11:53:04.218,0.058280523866415024,240.3539581298828,100.0,100.0,0.0,100.0,1
11:53:04.218,1.9407918453216553,245.48519897460938,100.0,100.0,0.0,0.0,1
11:53:04.218,3.68186616897583,243.4430694580078,100.0,0.0,100.0,0.0,1
11:53:04.218,5.458439826965332,243.15487670898438,100.0,0.0,0.0,100.0,1
11:53:04.218,0.9046561121940613,241.12875366210938,100.0,100.0,0.0,100.0,1
11:53:04.218,2.682652473449707,241.34555053710938,100.0,100.0,100.0,0.0,1
11:53:04.219,4.446971893310547,240.87464904785156,100.0,0.0,100.0,100.0,1
11:53:04.219,6.258379936218262,242.82781982421875,100.0,0.0,0.0,100.0,1
11:53:04.219,1.7488439083099365,243.03721618652344,100.0,100.0,0.0,0.0,1
11:53:04.219,3.496215581893921,241.7781219482422,100.0,0.0,100.0,0.0,1
11:53:04.219,5.260839939117432,241.39723205566406,100.0,0.0,0.0,100.0,1
11:53:04.219,0.6580076217651367,238.07144165039062,100.0,100.0,0.0,100.0,1
11:53:04.219,2.481553554534912,240.84019470214844,100.0,100.0,100.0,0.0,1
11:53:04.219,4.290683269500732,242.65182495117188,100.0,0.0,100.0,100.0,1
11:53:04.219,6.0433349609375,241.56942749023438,100.0,0.0,0.0,100.0,1
11:53:04.219,1.5471930503845215,242.94244384765625,100.0,100.0,0.0,0.0,1
11:53:04.219,3.2954659461975098,241.63421630859375,100.0,0.0,100.0,0.0,1
11:53:04.219,5.0519022941589355,241.15744018554688,100.0,0.0,100.0,100.0,1
11:53:04.219,0.51179039478302,239.95156860351562,100.0,100.0,0.0,100.0,1
11:53:04.219,2.365330219268799,243.5309600830078,100.0,100.0,100.0,0.0,1
11:53:04.219,4.1145100593566895,242.22140502929688,100.0,0.0,100.0,0.0,1
11:53:04.219,5.892798900604248,242.37364196777344,100.0,0.0,0.0,100.0,1
11:53:04.219,1.3997066020965576,243.85260009765625,100.0,100.0,0.0,0.0,1
11:53:04.219,3.1415927410125732,242.3004150390625,100.0,0.0,100.0,0.0,1
11:53:04.219,4.916690826416016,242.12161254882812,100.0,0.0,100.0,100.0,1
11:53:04.219,0.35067087411880493,239.68692016601562,100.0,100.0,0.0,100.0,1
11:53:04.524,2.2161879539489746,243.97877502441406,100.0,100.0,100.0,0.0,1
11:53:04.524,3.983819007873535,243.2200164794922,100.0,0.0,100.0,0.0,1
11:53:04.524,5.770800590515137,243.5080108642578,100.0,0.0,0.0,100.0,1
11:53:04.524,1.2854888439178467,244.85968017578125,100.0,100.0,0.0,0.0,1
11:53:04.524,3.054866313934326,243.77056884765625,100.0,100.0,100.0,0.0,1
11:53:04.524,4.755833148956299,240.65699768066406,100.0,0.0,100.0,100.0,1
11:53:04.524,0.2040945291519165,239.0520782470703,100.0,100.0,0.0,100.0,1
11:53:04.524,2.0980911254882812,245.01666259765625,100.0,100.0,0.0,0.0,1
11:53:04.524,3.823253870010376,242.54039001464844,100.0,0.0,100.0,0.0,1
11:53:04.525,5.622187614440918,243.55267333984375,100.0,0.0,0.0,100.0,1
11:53:04.525,1.0917547941207886,242.62474060058594,100.0,100.0,0.0,0.0,1
11:53:04.525,2.807509183883667,240.09950256347656,100.0,100.0,100.0,0.0,1
11:53:04.525,4.615118026733398,241.78097534179688,100.0,0.0,100.0,100.0,1
11:53:04.525,0.06283809244632721,239.91909790039062,100.0,100.0,0.0,100.0,1
11:53:04.525,1.9150044918060303,243.87814331054688,100.0,100.0,0.0,0.0,1
11:53:04.525,3.6704230308532715,242.8135986328125,100.0,0.0,100.0,0.0,1
11:53:04.525,5.423008441925049,241.4993133544922,100.0,0.0,0.0,100.0,1
11:53:04.525,0.8334274888038635,238.58087158203125,100.0,100.0,0.0,100.0,1
11:53:04.525,2.674753189086914,242.016357421875,100.0,100.0,100.0,0.0,1
11:53:04.525,4.458046913146973,242.3060302734375,100.0,0.0,100.0,100.0,1
11:53:04.525,6.237396717071533,242.3715057373047,100.0,0.0,0.0,100.0,1
11:53:04.525,1.7532479763031006,244.55667114257812,100.0,100.0,0.0,0.0,1
11:53:04.525,3.5180253982543945,243.54208374023438,100.0,0.0,100.0,0.0,1
11:53:04.525,5.309537887573242,243.77224731445312,100.0,0.0,0.0,100.0,1
11:53:04.525,0.7533348202705383,241.454345703125,100.0,100.0,0.0,100.0,1
11:53:04.525,2.576838254928589,243.41506958007812,100.0,100.0,100.0,0.0,1
11:53:04.525,4.3480634689331055,242.73504638671875,100.0,0.0,100.0,100.0,1
11:53:04.525,6.146161079406738,243.6199188232422,100.0,0.0,0.0,100.0,1
11:53:04.525,1.6635853052139282,245.27328491210938,100.0,100.0,0.0,0.0,1
11:53:04.851,3.4074020385742188,243.3711700439453,100.0,0.0,100.0,0.0,1
11:53:04.851,5.184352874755859,243.20260620117188,100.0,0.0,100.0,100.0,1
11:53:04.851,0.633456826210022,241.18612670898438,100.0,100.0,0.0,100.0,1
11:53:04.851,2.4052653312683105,241.02285766601562,100.0,100.0,100.0,0.0,1
11:53:04.851,4.19455099105835,241.97073364257812,100.0,0.0,100.0,0.0,1
11:53:04.851,5.979990005493164,242.61904907226562,100.0,0.0,0.0,100.0,1
11:53:04.851,1.4706372022628784,242.92335510253906,100.0,100.0,0.0,0.0,1
11:53:04.851,3.209745168685913,241.4786834716797,100.0,0.0,100.0,0.0,1
11:53:04.851,5.003772258758545,242.36155700683594,100.0,0.0,100.0,100.0,1
11:53:04.851,0.3812648355960846,237.91310119628906,100.0,100.0,0.0,100.0,1
11:53:04.851,2.1954922676086426,240.51498413085938,100.0,100.0,100.0,0.0,1
11:53:04.851,3.988384962081909,241.7938232421875,100.0,0.0,100.0,0.0,1
11:53:04.851,5.751850128173828,241.41455078125,100.0,0.0,0.0,100.0,1
11:53:04.851,1.2499325275421143,242.6241912841797,100.0,100.0,0.0,0.0,1
11:53:04.851,3.0144002437591553,241.9798583984375,100.0,100.0,100.0,0.0,1
11:53:04.851,4.751075744628906,240.64959716796875,100.0,0.0,100.0,100.0,1
11:53:04.851,0.20922882854938507,239.59295654296875,100.0,100.0,0.0,100.0,1
11:53:04.851,2.0574822425842285,243.36973571777344,100.0,100.0,0.0,0.0,1
11:53:04.851,3.7964839935302734,241.48463439941406,100.0,0.0,100.0,0.0,1
11:53:04.851,5.571084499359131,241.6842803955078,100.0,0.0,0.0,100.0,1
11:53:04.851,1.0722401142120361,243.24644470214844,100.0,100.0,0.0,0.0,1
11:53:04.851,2.8013486862182617,241.22622680664062,100.0,100.0,100.0,0.0,1
11:53:04.851,4.576603412628174,241.4887237548828,100.0,0.0,100.0,100.0,1
11:53:04.851,0.0057836477644741535,238.88877868652344,100.0,100.0,0.0,100.0,1
11:53:04.851,1.8660848140716553,243.58917236328125,100.0,100.0,0.0,0.0,1
11:53:04.851,3.61159086227417,242.08978271484375,100.0,0.0,100.0,0.0,1
11:53:04.851,5.399938106536865,242.6584014892578,100.0,0.0,0.0,100.0,1
11:53:04.851,0.8294275403022766,240.13807678222656,100.0,100.0,0.0,100.0,1
11:53:04.851,2.6570334434509277,242.58367919921875,100.0,100.0,100.0,0.0,1
11:53:04.851,4.360293865203857,239.6729278564453,100.0,0.0,100.0,100.0,1
11:53:04.851,6.18490743637085,242.36817932128906,100.0,0.0,0.0,100.0,1
11:53:05.187,1.6848443746566772,244.168701171875,100.0,100.0,0.0,0.0,1
11:53:05.187,3.415501594543457,242.050537109375,100.0,0.0,100.0,0.0,1
11:53:05.187,5.188577175140381,241.92555236816406,100.0,0.0,100.0,100.0,1
11:53:05.187,0.6510124802589417,240.66860961914062,100.0,100.0,0.0,100.0,1
11:53:05.187,2.404078483581543,240.10076904296875,100.0,100.0,100.0,0.0,1
11:53:05.187,4.1993913650512695,241.36737060546875,100.0,0.0,100.0,100.0,1
11:53:05.187,6.004405975341797,242.77943420410156,100.0,0.0,0.0,100.0,1
11:53:05.187,1.505688190460205,243.76251220703125,100.0,100.0,0.0,0.0,1
11:53:05.187,3.2676408290863037,243.01898193359375,100.0,0.0,100.0,0.0,1
11:53:05.187,5.055055618286133,243.36695861816406,100.0,0.0,100.0,100.0,1
11:53:05.187,0.4340265989303589,238.6496124267578,100.0,100.0,0.0,100.0,1
11:53:05.187,2.272552013397217,242.04238891601562,100.0,100.0,100.0,0.0,1
11:53:05.187,4.069948673248291,243.0376739501953,100.0,0.0,100.0,0.0,1
11:53:05.187,5.830904960632324,242.41311645507812,100.0,0.0,0.0,100.0,1
11:53:05.187,1.3426791429519653,244.3266143798828,100.0,100.0,0.0,0.0,1
11:53:05.187,3.105935573577881,243.3475341796875,100.0,100.0,100.0,0.0,1
11:53:05.187,4.880568981170654,242.8681182861328,100.0,0.0,100.0,100.0,1
11:53:05.187,0.32869094610214233,240.88307189941406,100.0,100.0,0.0,100.0,1
11:53:05.187,2.1486475467681885,242.86143493652344,100.0,100.0,100.0,0.0,1
11:53:05.187,3.919433116912842,242.54693603515625,100.0,0.0,100.0,0.0,1
11:53:05.187,5.717658996582031,243.34999084472656,100.0,0.0,0.0,100.0,1
11:53:05.187,1.2222437858581543,244.80499267578125,100.0,100.0,0.0,0.0,1
11:53:05.187,2.96456241607666,242.87969970703125,100.0,100.0,100.0,0.0,1
11:53:05.187,4.746497631072998,242.77569580078125,100.0,0.0,100.0,100.0,1
11:53:05.187,0.1956264227628708,240.6934814453125,100.0,100.0,0.0,100.0,1
11:53:05.187,2.017878532409668,243.049560546875,100.0,100.0,0.0,0.0,1
11:53:05.187,3.7541582584381104,241.67852783203125,100.0,0.0,100.0,0.0,1
11:53:05.187,5.534023284912109,242.47340393066406,100.0,0.0,0.0,100.0,1
11:53:05.187,0.9727328419685364,240.43682861328125,100.0,100.0,0.0,100.0,1
11:53:05.188,2.7470827102661133,240.5463104248047,100.0,100.0,100.0,0.0,1
11:53:05.188,4.538271903991699,241.70018005371094,100.0,0.0,100.0,100.0,1
11:53:05.188,0.004580195527523756,240.8051300048828,100.0,0.0,0.0,100.0,1
11:53:05.188,1.7813891172409058,242.5059051513672,100.0,100.0,0.0,0.0,1
11:53:05.539,3.5094220638275146,241.06117248535156,100.0,0.0,100.0,0.0,1
11:53:05.539,5.280265808105469,240.9984893798828,100.0,0.0,0.0,100.0,1
11:53:05.539,0.707072377204895,238.8115997314453,100.0,100.0,0.0,100.0,1
11:53:05.539,2.5251526832580566,241.3505859375,100.0,100.0,100.0,0.0,1
11:53:05.539,4.261232852935791,240.037109375,100.0,0.0,100.0,100.0,1
11:53:05.539,6.057260990142822,241.45654296875,100.0,0.0,0.0,100.0,1
11:53:05.539,1.5564039945602417,242.77139282226562,100.0,100.0,0.0,0.0,1
11:53:05.539,3.290257692337036,240.9263916015625,100.0,0.0,100.0,0.0,1
11:53:05.539,5.066526412963867,241.2466583251953,100.0,0.0,100.0,100.0,1
11:53:05.539,0.47043612599372864,238.0939483642578,100.0,100.0,0.0,100.0,1
11:53:05.539,2.2857449054718018,240.62506103515625,100.0,100.0,100.0,0.0,1
11:53:05.539,4.0630316734313965,241.22494506835938,100.0,0.0,100.0,0.0,1
11:53:05.539,5.849158763885498,242.10177612304688,100.0,0.0,0.0,100.0,1
11:53:05.539,1.3464404344558716,243.434326171875,100.0,100.0,0.0,0.0,1
11:53:05.539,3.1077117919921875,242.6302490234375,100.0,100.0,100.0,0.0,1
11:53:05.539,4.8581109046936035,241.66944885253906,100.0,0.0,100.0,100.0,1
11:53:05.539,0.3184094727039337,240.28375244140625,100.0,100.0,0.0,100.0,1
11:53:05.539,2.143808126449585,242.6767120361328,100.0,100.0,100.0,0.0,1
11:53:05.539,3.886957883834839,241.3244171142578,100.0,0.0,100.0,0.0,1
11:53:05.539,5.688094139099121,242.8913116455078,100.0,0.0,0.0,100.0,1
11:53:05.539,1.1836626529693604,244.75982666015625,100.0,100.0,0.0,0.0,1
11:53:05.539,2.9255101680755615,242.64059448242188,100.0,100.0,100.0,0.0,1
11:53:05.539,4.697364807128906,242.4168243408203,100.0,0.0,100.0,100.0,1
11:53:05.539,0.16251952946186066,240.96177673339844,100.0,100.0,0.0,100.0,1
11:53:05.539,1.9682073593139648,242.55679321289062,100.0,100.0,0.0,0.0,1
11:53:05.539,3.743605136871338,243.17190551757812,100.0,0.0,100.0,0.0,1
11:53:05.539,5.510632038116455,242.89495849609375,100.0,0.0,0.0,100.0,1
11:53:05.539,0.9335821866989136,240.0874786376953,100.0,100.0,0.0,100.0,1
11:53:05.539,2.756678581237793,242.3193359375,100.0,100.0,100.0,0.0,1
11:53:05.539,4.559683799743652,243.19798278808594,100.0,0.0,100.0,100.0,1
11:53:05.539,0.013862784951925278,241.58680725097656,100.0,0.0,0.0,100.0,1
11:53:05.539,1.8364876508712769,244.82200622558594,100.0,100.0,0.0,0.0,1
11:53:05.539,3.575263023376465,243.1086883544922,100.0,0.0,100.0,0.0,1
11:53:05.699,5.347405910491943,242.63458251953125,100.0,0.0,0.0,100.0,1
11:53:05.699,0.7565476894378662,239.47166442871094,100.0,100.0,0.0,100.0,1
11:53:05.699,2.6199159622192383,243.38177490234375,100.0,100.0,100.0,0.0,1
11:53:05.699,4.391801357269287,242.91885375976562,100.0,0.0,100.0,100.0,1
11:53:05.699,6.183815002441406,243.31051635742188,100.0,0.0,0.0,100.0,1
11:53:05.699,1.695185661315918,244.44998168945312,100.0,100.0,0.0,0.0,1
11:53:05.699,3.4350287914276123,242.42303466796875,100.0,0.0,100.0,0.0,1
11:53:05.699,5.235987663269043,243.7442169189453,100.0,0.0,0.0,100.0,1
11:53:05.699,0.6548347473144531,240.33131408691406,100.0,100.0,0.0,100.0,1
11:53:05.699,2.484842538833618,242.89540100097656,100.0,100.0,100.0,0.0,1
11:53:05.699,4.271742820739746,243.1572265625,100.0,0.0,100.0,100.0,1
11:53:05.699,6.05862283706665,243.27691650390625,100.0,0.0,0.0,100.0,1
11:53:05.699,1.5478432178497314,243.269775390625,100.0,100.0,0.0,0.0,1
11:53:05.699,3.295848846435547,242.20840454101562,100.0,0.0,100.0,0.0,1
11:53:05.699,5.041802406311035,240.9773712158203,100.0,0.0,100.0,100.0,1
11:53:05.699,0.522782564163208,240.6544189453125,100.0,100.0,0.0,100.0,1
11:53:05.699,2.2959744930267334,240.90969848632812,100.0,100.0,100.0,0.0,1
11:53:05.699,4.078042984008789,241.42323303222656,100.0,0.0,100.0,0.0,1
11:53:05.699,5.83160924911499,240.7860870361328,100.0,0.0,0.0,100.0,1
11:53:05.699,1.3264350891113281,242.7077178955078,100.0,100.0,0.0,0.0,1
11:53:05.700,3.040687322616577,240.186767578125,100.0,100.0,100.0,0.0,1
11:53:05.700,4.844306468963623,241.83145141601562,100.0,0.0,100.0,100.0,1
11:53:05.700,0.2601214349269867,238.76898193359375,100.0,100.0,0.0,100.0,1
11:53:05.700,2.0897984504699707,241.96603393554688,100.0,100.0,0.0,0.0,1
11:53:05.700,3.8275468349456787,240.70860290527344,100.0,0.0,100.0,0.0,1
11:53:05.700,5.604131698608398,241.4315948486328,100.0,0.0,0.0,100.0,1
11:53:05.700,1.106179118156433,243.0357208251953,100.0,100.0,0.0,0.0,1
11:53:05.700,2.8828060626983643,242.7466583251953,100.0,100.0,100.0,0.0,1
11:53:05.700,4.624126434326172,241.5061492919922,100.0,0.0,100.0,100.0,1
11:53:05.700,0.039027485996484756,238.4357147216797,100.0,100.0,0.0,100.0,1
11:53:05.700,1.8982592821121216,243.2015380859375,100.0,100.0,0.0,0.0,1
11:53:05.700,3.6346793174743652,241.71597290039062,100.0,0.0,100.0,0.0,1
11:53:05.700,5.428676128387451,242.65017700195312,100.0,0.0,0.0,100.0,1
11:53:05.700,0.8256800770759583,239.0572967529297,100.0,100.0,0.0,100.0,1
11:53:05.700,2.687105178833008,243.15000915527344,100.0,100.0,100.0,0.0,1
11:53:05.859,4.438475131988525,241.82901000976562,100.0,0.0,100.0,100.0,1
11:53:05.859,6.234768867492676,242.89540100097656,100.0,0.0,0.0,100.0,1
11:53:05.859,1.7420618534088135,244.01268005371094,100.0,100.0,0.0,0.0,1
11:53:05.859,3.4622910022735596,241.3810577392578,100.0,0.0,100.0,0.0,1
11:53:05.859,5.251410007476807,242.5236053466797,100.0,0.0,0.0,100.0,1
11:53:05.859,0.6301419138908386,238.13453674316406,100.0,100.0,0.0,100.0,1
11:53:05.859,2.483999252319336,242.3448028564453,100.0,100.0,100.0,0.0,1
11:53:05.859,4.247503757476807,241.8290557861328,100.0,0.0,100.0,100.0,1
11:53:05.859,6.047717094421387,242.89442443847656,100.0,0.0,0.0,100.0,1
11:53:05.859,1.5171473026275635,242.25335693359375,100.0,100.0,0.0,0.0,1
11:53:05.859,3.286661386489868,242.8079376220703,100.0,0.0,100.0,0.0,1
11:53:05.859,5.03398323059082,241.4560546875,100.0,0.0,100.0,100.0,1
11:53:05.859,0.47833138704299927,239.70965576171875,100.0,100.0,0.0,100.0,1
11:53:05.859,2.306652545928955,242.29983520507812,100.0,100.0,100.0,0.0,1
11:53:05.859,4.092813014984131,242.7664031982422,100.0,0.0,100.0,0.0,1
11:53:05.859,5.8427228927612305,241.4327850341797,100.0,0.0,0.0,100.0,1
11:53:06.021,1.3720512390136719,244.67758178710938,100.0,100.0,0.0,0.0,1
11:53:06.021,3.0953738689422607,241.95872497558594,100.0,100.0,100.0,0.0,1
11:53:06.021,4.889548301696777,242.6676788330078,100.0,0.0,100.0,100.0,1
11:53:06.021,0.2981346547603607,239.15968322753906,100.0,100.0,0.0,100.0,1
11:53:06.021,2.1680614948272705,243.8402557373047,100.0,100.0,100.0,0.0,1
11:53:06.021,3.957667827606201,243.99542236328125,100.0,0.0,100.0,0.0,1
11:53:06.021,5.7424774169921875,243.77227783203125,100.0,0.0,0.0,100.0,1
11:53:06.021,1.2469011545181274,244.779296875,100.0,100.0,0.0,0.0,1
11:53:06.021,3.010538339614868,243.49366760253906,100.0,100.0,100.0,0.0,1
11:53:06.021,4.764742851257324,242.397705078125,100.0,0.0,100.0,100.0,1
11:53:06.021,0.21470287442207336,240.4441680908203,100.0,100.0,0.0,100.0,1
11:53:06.021,2.0887272357940674,245.0731201171875,100.0,100.0,0.0,0.0,1
11:53:06.021,3.830151319503784,243.29885864257812,100.0,0.0,100.0,0.0,1
11:53:06.021,5.617076396942139,243.35572814941406,100.0,0.0,0.0,100.0,1
11:53:06.021,1.1062664985656738,243.32943725585938,100.0,100.0,0.0,0.0,1
11:53:06.021,2.845399856567383,241.49229431152344,100.0,100.0,100.0,0.0,1
11:53:06.177,4.604191303253174,240.96817016601562,100.0,0.0,100.0,100.0,1
11:53:06.177,0.09148550778627396,240.87452697753906,100.0,100.0,0.0,100.0,1
11:53:06.177,1.906886339187622,242.93092346191406,100.0,100.0,0.0,0.0,1
11:53:06.177,3.643829107284546,241.54025268554688,100.0,0.0,100.0,0.0,1
11:53:06.177,5.403598785400391,241.0413360595703,100.0,0.0,0.0,100.0,1
11:53:06.177,0.7972733974456787,237.58546447753906,100.0,100.0,0.0,100.0,1
11:53:06.177,2.623765468597412,240.71759033203125,100.0,100.0,100.0,0.0,1
11:53:06.177,4.424551010131836,242.1846466064453,100.0,0.0,100.0,100.0,1
11:53:06.177,6.181128025054932,241.40663146972656,100.0,0.0,0.0,100.0,1
11:53:06.177,1.6753456592559814,242.34690856933594,100.0,100.0,0.0,0.0,1
11:53:06.177,3.4190940856933594,241.03561401367188,100.0,0.0,100.0,0.0,1
11:53:06.177,5.17307186126709,240.4624481201172,100.0,0.0,100.0,100.0,1
11:53:06.177,0.623858630657196,239.3118438720703,100.0,100.0,0.0,100.0,1
11:53:06.177,2.4645581245422363,242.46530151367188,100.0,100.0,100.0,0.0,1
11:53:06.177,4.223711967468262,241.903564453125,100.0,0.0,100.0,100.0,1
11:53:06.177,5.991155624389648,241.61366271972656,100.0,0.0,0.0,100.0,1
11:53:06.177,1.4902830123901367,243.2035675048828,100.0,100.0,0.0,0.0,1
11:53:06.178,3.2288622856140137,241.71578979492188,100.0,0.0,100.0,0.0,1
11:53:06.178,4.995884418487549,241.43614196777344,100.0,0.0,100.0,100.0,1
11:53:06.178,0.41530781984329224,238.66546630859375,100.0,100.0,0.0,100.0,1
11:53:06.178,2.273153781890869,242.86968994140625,100.0,100.0,100.0,0.0,1
11:53:06.178,4.03257942199707,242.1213836669922,100.0,0.0,100.0,0.0,1
11:53:06.178,5.817244529724121,242.69912719726562,100.0,0.0,0.0,100.0,1
11:53:06.178,1.3229732513427734,243.90988159179688,100.0,100.0,0.0,0.0,1
11:53:06.178,3.0788848400115967,242.5887451171875,100.0,100.0,100.0,0.0,1
11:53:06.178,4.787533760070801,240.0643768310547,100.0,0.0,100.0,100.0,1
11:53:06.178,0.23172101378440857,238.49758911132812,100.0,100.0,0.0,100.0,1
11:53:06.178,2.1252059936523438,244.5784454345703,100.0,100.0,0.0,0.0,1
11:53:06.178,3.8567543029785156,242.5250244140625,100.0,0.0,100.0,0.0,1
11:53:06.178,5.655688285827637,243.53224182128906,100.0,0.0,0.0,100.0,1
11:53:06.178,1.1300312280654907,242.83743286132812,100.0,100.0,0.0,0.0,1
11:53:06.178,2.846449136734009,240.29257202148438,100.0,100.0,100.0,0.0,1
11:53:06.494,4.653393268585205,241.88424682617188,100.0,0.0,100.0,100.0,1
11:53:06.494,0.11017919331789017,240.36474609375,100.0,100.0,0.0,100.0,1
11:53:06.494,1.9592894315719604,244.01174926757812,100.0,100.0,0.0,0.0,1
11:53:06.494,3.719132900238037,242.96116638183594,100.0,0.0,100.0,0.0,1
11:53:06.494,5.471306800842285,241.7713623046875,100.0,0.0,0.0,100.0,1
11:53:06.494,0.886526346206665,238.97640991210938,100.0,100.0,0.0,100.0,1
11:53:06.494,2.717264175415039,241.85028076171875,100.0,100.0,100.0,0.0,1
11:53:06.494,4.510903835296631,242.5996551513672,100.0,0.0,100.0,100.0,1
11:53:06.494,0.0082203708589077,242.60757446289062,100.0,0.0,0.0,100.0,1
11:53:06.494,1.8063063621520996,244.3942108154297,100.0,100.0,0.0,0.0,1
11:53:06.494,3.5660719871520996,243.30882263183594,100.0,0.0,100.0,0.0,1
11:53:06.494,5.3477463722229,243.38345336914062,100.0,0.0,0.0,100.0,1
11:53:06.494,0.7847908735275269,240.92037963867188,100.0,100.0,0.0,100.0,1
11:53:06.494,2.6144442558288574,243.061279296875,100.0,100.0,100.0,0.0,1
11:53:06.494,4.371585845947266,242.1201629638672,100.0,0.0,100.0,100.0,1
11:53:06.495,6.174499988555908,243.38063049316406,100.0,0.0,0.0,100.0,1
11:53:06.495,1.6868528127670288,244.93299865722656,100.0,100.0,0.0,0.0,1
11:53:06.495,3.4261059761047363,242.9874267578125,100.0,0.0,100.0,0.0,1
11:53:06.495,5.20694637298584,242.89297485351562,100.0,0.0,100.0,100.0,1
11:53:06.495,0.6571035981178284,241.1680908203125,100.0,100.0,0.0,100.0,1
11:53:06.495,2.4239838123321533,240.82041931152344,100.0,100.0,100.0,0.0,1
11:53:06.495,4.188790321350098,240.72164916992188,100.0,0.0,100.0,100.0,1
11:53:06.495,5.998691558837891,242.49234008789062,100.0,0.0,0.0,100.0,1
11:53:06.495,1.484534740447998,242.6581268310547,100.0,100.0,0.0,0.0,1
11:53:06.495,3.223980188369751,241.3670654296875,100.0,0.0,100.0,0.0,1
11:53:06.495,5.006688117980957,241.8178253173828,100.0,0.0,100.0,100.0,1
11:53:06.495,0.38041990995407104,237.3745574951172,100.0,100.0,0.0,100.0,1
11:53:06.495,2.200172185897827,240.3795166015625,100.0,100.0,100.0,0.0,1
11:53:06.496,3.9872241020202637,241.4511260986328,100.0,0.0,100.0,0.0,1
11:53:06.496,5.746222019195557,241.01536560058594,100.0,0.0,0.0,100.0,1
11:53:06.496,1.2345589399337769,241.9281768798828,100.0,100.0,0.0,0.0,1
11:53:06.496,2.998203992843628,241.45098876953125,100.0,100.0,100.0,0.0,1
11:53:06.817,4.72525691986084,239.90782165527344,100.0,0.0,100.0,100.0,1
11:53:06.817,0.17520774900913239,238.7388153076172,100.0,100.0,0.0,100.0,1
11:53:06.817,2.0270676612854004,242.95687866210938,100.0,100.0,0.0,0.0,1
11:53:06.817,3.7625107765197754,241.21974182128906,100.0,0.0,100.0,0.0,1
11:53:06.817,5.537303924560547,241.2948760986328,100.0,0.0,0.0,100.0,1
11:53:06.817,0.9403174519538879,238.20838928222656,100.0,100.0,0.0,100.0,1
11:53:06.817,2.7675976753234863,241.10134887695312,100.0,100.0,100.0,0.0,1
11:53:06.817,4.537502288818359,241.17562866210938,100.0,0.0,100.0,100.0,1
11:53:06.817,0.04902428016066551,242.17173767089844,100.0,0.0,0.0,100.0,1
11:53:06.817,1.8274264335632324,243.49778747558594,100.0,100.0,0.0,0.0,1
11:53:06.817,3.5733983516693115,242.02951049804688,100.0,0.0,100.0,0.0,1
11:53:06.817,5.366613864898682,242.8437957763672,100.0,0.0,0.0,100.0,1
11:53:06.817,0.796829104423523,240.2686767578125,100.0,100.0,0.0,100.0,1
11:53:06.817,2.633683204650879,243.0651397705078,100.0,100.0,100.0,0.0,1
11:53:06.817,4.3417067527771,240.24940490722656,100.0,0.0,100.0,100.0,1
11:53:06.817,6.167607307434082,242.83409118652344,100.0,0.0,0.0,100.0,1
11:53:06.972,1.6718432903289795,244.7263641357422,100.0,100.0,0.0,0.0,1
11:53:06.972,3.4065256118774414,242.57431030273438,100.0,0.0,100.0,0.0,1
11:53:06.972,5.186471939086914,242.56503295898438,100.0,0.0,100.0,100.0,1
11:53:06.972,0.6425824761390686,241.0542755126953,100.0,100.0,0.0,100.0,1
11:53:06.972,2.3996565341949463,240.35098266601562,100.0,100.0,100.0,0.0,1
11:53:06.972,4.204718112945557,241.95205688476562,100.0,0.0,100.0,100.0,1
11:53:06.973,6.010526180267334,243.22080993652344,100.0,0.0,0.0,100.0,1
11:53:06.973,1.5115361213684082,244.2970428466797,100.0,100.0,0.0,0.0,1
11:53:06.973,3.277355670928955,243.30499267578125,100.0,0.0,100.0,0.0,1
11:53:06.973,5.059870719909668,243.3699493408203,100.0,0.0,100.0,100.0,1
11:53:06.973,0.45377346873283386,239.1756134033203,100.0,100.0,0.0,100.0,1
11:53:06.973,2.282170057296753,242.1630859375,100.0,100.0,100.0,0.0,1
11:53:06.973,4.090374946594238,243.36399841308594,100.0,0.0,100.0,0.0,1
11:53:06.973,5.850362777709961,242.57386779785156,100.0,0.0,0.0,100.0,1
11:53:06.973,1.367208480834961,244.6861114501953,100.0,100.0,0.0,0.0,1
11:53:06.973,3.1310901641845703,243.63424682617188,100.0,100.0,100.0,0.0,1
11:53:06.973,4.8948211669921875,242.82540893554688,100.0,0.0,100.0,100.0,1
11:53:06.973,0.3526412844657898,241.0404510498047,100.0,100.0,0.0,100.0,1
11:53:06.973,2.1725802421569824,242.95843505859375,100.0,100.0,100.0,0.0,1
11:53:06.973,3.9380080699920654,242.4071502685547,100.0,0.0,100.0,0.0,1
11:53:06.974,5.737269401550293,243.55418395996094,100.0,0.0,0.0,100.0,1
11:53:06.974,1.2470412254333496,244.96934509277344,100.0,100.0,0.0,0.0,1
11:53:06.974,2.9890503883361816,242.99087524414062,100.0,100.0,100.0,0.0,1
11:53:06.974,4.775825500488281,243.05792236328125,100.0,0.0,100.0,100.0,1
11:53:06.974,0.22968743741512299,241.2765655517578,100.0,100.0,0.0,100.0,1
11:53:06.974,2.0474677085876465,243.2535858154297,100.0,100.0,0.0,0.0,1
11:53:06.974,3.7936384677886963,242.19700622558594,100.0,0.0,100.0,0.0,1
11:53:06.974,5.5773162841796875,242.7368927001953,100.0,0.0,0.0,100.0,1
11:53:06.974,1.067940592765808,243.0250701904297,100.0,100.0,0.0,0.0,1
11:53:06.974,2.8060784339904785,241.22813415527344,100.0,100.0,100.0,0.0,1
11:53:06.974,4.5916428565979,241.97772216796875,100.0,0.0,100.0,100.0,1
11:53:06.974,0.06001823768019676,241.2439727783203,100.0,0.0,0.0,100.0,1
11:53:07.133,1.8446662425994873,242.89720153808594,100.0,100.0,0.0,0.0,1
11:53:07.133,3.577162981033325,241.48484802246094,100.0,0.0,100.0,0.0,1
11:53:07.133,5.346750259399414,241.21665954589844,100.0,0.0,0.0,100.0,1
11:53:07.133,0.7738646864891052,239.00567626953125,100.0,100.0,0.0,100.0,1
11:53:07.133,2.581625461578369,241.04542541503906,100.0,100.0,100.0,0.0,1
11:53:07.133,4.322645664215088,240.00875854492188,100.0,0.0,100.0,100.0,1
11:53:07.133,6.119030475616455,241.4427947998047,100.0,0.0,0.0,100.0,1
11:53:07.133,1.6244843006134033,243.044189453125,100.0,100.0,0.0,0.0,1
11:53:07.133,3.3573999404907227,241.06781005859375,100.0,0.0,100.0,0.0,1
11:53:07.133,5.1292500495910645,241.3556365966797,100.0,0.0,100.0,100.0,1
11:53:07.133,0.546786904335022,238.5128173828125,100.0,100.0,0.0,100.0,1
11:53:07.133,2.3526527881622314,240.6818389892578,100.0,100.0,100.0,0.0,1
11:53:07.133,4.140024662017822,241.4714813232422,100.0,0.0,100.0,0.0,1
11:53:07.133,5.925703048706055,242.2084503173828,100.0,0.0,0.0,100.0,1
11:53:07.133,1.4289777278900146,243.78854370117188,100.0,100.0,0.0,0.0,1
11:53:07.133,3.1765735149383545,242.26101684570312,100.0,0.0,100.0,0.0,1
11:53:07.290,4.9402360916137695,241.87417602539062,100.0,0.0,100.0,100.0,1
11:53:07.290,0.39439907670021057,240.23080444335938,100.0,100.0,0.0,100.0,1
11:53:07.290,2.2300772666931152,243.0358428955078,100.0,100.0,100.0,0.0,1
11:53:07.290,3.9625983238220215,241.20291137695312,100.0,0.0,100.0,0.0,1
11:53:07.290,5.759596347808838,242.8136749267578,100.0,0.0,0.0,100.0,1
11:53:07.290,1.2612966299057007,244.72918701171875,100.0,100.0,0.0,0.0,1
11:53:07.290,3.0025007724761963,242.6176300048828,100.0,100.0,100.0,0.0,1
11:53:07.290,4.774306297302246,242.3997344970703,100.0,0.0,100.0,100.0,1
11:53:07.290,0.24872909486293793,241.35804748535156,100.0,100.0,0.0,100.0,1
11:53:07.290,2.049577236175537,242.61390686035156,100.0,100.0,0.0,0.0,1
11:53:07.290,3.8196306228637695,242.9528350830078,100.0,0.0,100.0,0.0,1
11:53:07.290,5.592127799987793,242.98971557617188,100.0,0.0,0.0,100.0,1
11:53:07.290,1.0871555805206299,243.6735382080078,100.0,100.0,0.0,0.0,1
11:53:07.290,2.833233118057251,242.1874237060547,100.0,100.0,100.0,0.0,1
11:53:07.290,4.6366353034973145,243.11424255371094,100.0,0.0,100.0,100.0,1
11:53:07.449,0.025010107085108757,238.64822387695312,100.0,100.0,0.0,100.0,1
11:53:07.449,1.9132096767425537,244.69981384277344,100.0,100.0,0.0,0.0,1
11:53:07.449,3.6569879055023193,243.2574005126953,100.0,0.0,100.0,0.0,1
11:53:07.449,5.418863296508789,242.2932891845703,100.0,0.0,0.0,100.0,1
11:53:07.449,0.8207002878189087,238.97544860839844,100.0,100.0,0.0,100.0,1
11:53:07.449,2.6869022846221924,243.08248901367188,100.0,100.0,100.0,0.0,1
11:53:07.449,4.463466167449951,242.84072875976562,100.0,0.0,100.0,100.0,1
11:53:07.449,6.256287574768066,243.47091674804688,100.0,0.0,0.0,100.0,1
11:53:07.449,1.7677863836288452,244.56222534179688,100.0,100.0,0.0,0.0,1
11:53:07.449,3.507399797439575,242.56240844726562,100.0,0.0,100.0,0.0,1
11:53:07.449,5.304651737213135,243.41909790039062,100.0,0.0,0.0,100.0,1
11:53:07.449,0.7160868644714355,240.0800323486328,100.0,100.0,0.0,100.0,1
11:53:07.449,2.5567078590393066,242.92042541503906,100.0,100.0,100.0,0.0,1
11:53:07.449,4.338634490966797,242.95384216308594,100.0,0.0,100.0,100.0,1
11:53:07.449,6.125024795532227,243.11390686035156,100.0,0.0,0.0,100.0,1
11:53:07.449,1.6154584884643555,243.25070190429688,100.0,100.0,0.0,0.0,1
11:53:07.609,3.358213186264038,241.97630310058594,100.0,0.0,100.0,0.0,1
11:53:07.609,5.097801208496094,240.5836944580078,100.0,0.0,100.0,100.0,1
11:53:07.609,0.5799025893211365,240.5874786376953,100.0,100.0,0.0,100.0,1
11:53:07.609,2.3625218868255615,241.0365447998047,100.0,100.0,100.0,0.0,1
11:53:07.609,4.13459587097168,241.3103485107422,100.0,0.0,100.0,0.0,1
11:53:07.609,5.89841890335083,240.92694091796875,100.0,0.0,0.0,100.0,1
11:53:07.609,1.3932358026504517,242.68881225585938,100.0,100.0,0.0,0.0,1
11:53:07.609,3.1069552898406982,240.1744384765625,100.0,100.0,100.0,0.0,1
11:53:07.609,4.911559104919434,241.83267211914062,100.0,0.0,100.0,100.0,1
11:53:07.609,0.32088249921798706,238.6018524169922,100.0,100.0,0.0,100.0,1
11:53:07.609,2.138763189315796,241.2063751220703,100.0,100.0,100.0,0.0,1
11:53:07.609,3.8893773555755615,240.57171630859375,100.0,0.0,100.0,0.0,1
11:53:07.609,5.666273593902588,241.3979034423828,100.0,0.0,0.0,100.0,1
11:53:07.609,1.163431167602539,242.73886108398438,100.0,100.0,0.0,0.0,1
11:53:07.609,2.933889865875244,242.29559326171875,100.0,100.0,100.0,0.0,1
11:53:07.609,4.670693397521973,240.9930877685547,100.0,0.0,100.0,100.0,1
11:53:07.766,0.08575119823217392,238.1079864501953,100.0,100.0,0.0,100.0,1
11:53:07.766,1.9396113157272339,242.6923065185547,100.0,100.0,0.0,0.0,1
11:53:07.766,3.6717777252197266,241.22499084472656,100.0,0.0,100.0,0.0,1
11:53:07.766,5.457213878631592,241.95208740234375,100.0,0.0,0.0,100.0,1
11:53:07.766,0.8517795205116272,238.47393798828125,100.0,100.0,0.0,100.0,1
11:53:07.766,2.7095425128936768,242.5576629638672,100.0,100.0,100.0,0.0,1
11:53:07.766,4.4668354988098145,241.61993408203125,100.0,0.0,100.0,100.0,1
11:53:07.766,6.2569732666015625,242.49771118164062,100.0,0.0,0.0,100.0,1
11:53:07.766,1.7654860019683838,243.77810668945312,100.0,100.0,0.0,0.0,1
11:53:07.766,3.4858174324035645,241.22744750976562,100.0,0.0,100.0,0.0,1
11:53:07.766,5.275749683380127,242.4492645263672,100.0,0.0,0.0,100.0,1
11:53:07.766,0.658538818359375,238.25790405273438,100.0,100.0,0.0,100.0,1
11:53:07.766,2.5178987979888916,242.64425659179688,100.0,100.0,100.0,0.0,1
11:53:07.766,4.285759449005127,242.244140625,100.0,0.0,100.0,100.0,1
11:53:07.766,6.087158679962158,243.2263641357422,100.0,0.0,0.0,100.0,1
11:53:07.766,1.5557317733764648,242.46444702148438,100.0,100.0,0.0,0.0,1
11:53:07.924,3.325098752975464,242.94961547851562,100.0,0.0,100.0,0.0,1
11:53:07.924,5.07244873046875,241.56674194335938,100.0,0.0,100.0,100.0,1
11:53:07.924,0.5161159634590149,239.77464294433594,100.0,100.0,0.0,100.0,1
11:53:07.924,2.34486985206604,242.34085083007812,100.0,100.0,100.0,0.0,1
11:53:07.924,4.1368632316589355,243.02723693847656,100.0,0.0,100.0,0.0,1
11:53:07.924,5.891338348388672,241.81163024902344,100.0,0.0,0.0,100.0,1
11:53:07.924,1.420988917350769,244.83688354492188,100.0,100.0,0.0,0.0,1
11:53:07.924,3.167149066925049,243.2807159423828,100.0,0.0,100.0,0.0,1
11:53:07.924,4.93796443939209,242.6891326904297,100.0,0.0,100.0,100.0,1
11:53:07.924,0.35014379024505615,239.32833862304688,100.0,100.0,0.0,100.0,1
11:53:07.924,2.2160613536834717,243.7304229736328,100.0,100.0,100.0,0.0,1
11:53:07.924,3.9998090267181396,243.6840057373047,100.0,0.0,100.0,0.0,1
11:53:07.924,5.785979747772217,243.64974975585938,100.0,0.0,0.0,100.0,1
11:53:07.924,1.2851157188415527,244.42636108398438,100.0,100.0,0.0,0.0,1
11:53:07.924,3.047828197479248,243.2109832763672,100.0,100.0,100.0,0.0,1
11:53:07.924,4.802431106567383,242.21548461914062,100.0,0.0,100.0,100.0,1
11:53:08.080,0.24253113567829132,239.92799377441406,100.0,100.0,0.0,100.0,1
11:53:08.080,2.1219029426574707,244.92575073242188,100.0,100.0,0.0,0.0,1
11:53:08.080,3.8581175804138184,242.9830780029297,100.0,0.0,100.0,0.0,1
11:53:08.080,5.635247230529785,242.74191284179688,100.0,0.0,0.0,100.0,1
11:53:08.080,1.1204438209533691,242.74452209472656,100.0,100.0,0.0,0.0,1
11:53:08.080,2.8427438735961914,240.6165771484375,100.0,100.0,100.0,0.0,1
11:53:08.080,4.612967491149902,240.55650329589844,100.0,0.0,100.0,100.0,1
11:53:08.080,0.09129258990287781,240.3859405517578,100.0,100.0,0.0,100.0,1
11:53:08.080,1.9111742973327637,242.78054809570312,100.0,100.0,0.0,0.0,1
11:53:08.080,3.6530144214630127,241.38258361816406,100.0,0.0,100.0,0.0,1
11:53:08.080,5.413097381591797,240.94430541992188,100.0,0.0,0.0,100.0,1
11:53:08.080,0.8069936633110046,237.707275390625,100.0,100.0,0.0,100.0,1
11:53:08.080,2.6225390434265137,240.18106079101562,100.0,100.0,100.0,0.0,1
11:53:08.080,4.424246311187744,241.84613037109375,100.0,0.0,100.0,100.0,1
11:53:08.080,6.174502372741699,240.92037963867188,100.0,0.0,0.0,100.0,1
11:53:08.080,1.664527177810669,241.8595428466797,100.0,100.0,0.0,0.0,1
11:53:08.396,3.404320240020752,240.55859375,100.0,0.0,100.0,0.0,1
11:53:08.396,5.14708948135376,239.87229919433594,100.0,0.0,100.0,100.0,1
11:53:08.396,0.598831295967102,238.7139892578125,100.0,100.0,0.0,100.0,1
11:53:08.396,2.4450666904449463,242.27700805664062,100.0,100.0,100.0,0.0,1
11:53:08.396,4.204651355743408,241.79437255859375,100.0,0.0,100.0,100.0,1
11:53:08.396,5.961750030517578,241.30770874023438,100.0,0.0,0.0,100.0,1
11:53:08.396,1.4609640836715698,242.8549041748047,100.0,100.0,0.0,0.0,1
11:53:08.396,3.200268507003784,241.49246215820312,100.0,0.0,100.0,0.0,1
11:53:08.396,4.966802597045898,241.2592010498047,100.0,0.0,100.0,100.0,1
11:53:08.396,0.3919937014579773,238.75901794433594,100.0,100.0,0.0,100.0,1
11:53:08.396,2.2394630908966064,242.71820068359375,100.0,100.0,100.0,0.0,1
11:53:08.396,4.008947372436523,242.21681213378906,100.0,0.0,100.0,0.0,1
11:53:08.396,5.798710346221924,242.9403839111328,100.0,0.0,0.0,100.0,1
11:53:08.396,1.3090165853500366,244.30548095703125,100.0,100.0,0.0,0.0,1
11:53:08.396,3.0722639560699463,243.32643127441406,100.0,100.0,100.0,0.0,1
11:53:08.397,4.778911590576172,240.41566467285156,100.0,0.0,100.0,100.0,1
11:53:08.397,0.21786446869373322,238.7261505126953,100.0,100.0,0.0,100.0,1
11:53:08.397,2.1114249229431152,244.7568817138672,100.0,100.0,0.0,0.0,1
11:53:08.397,3.847280740737915,242.59353637695312,100.0,0.0,100.0,0.0,1
11:53:08.397,5.646219253540039,243.5791778564453,100.0,0.0,0.0,100.0,1
11:53:08.397,1.120502233505249,242.86428833007812,100.0,100.0,0.0,0.0,1
11:53:08.397,2.8322396278381348,240.3095245361328,100.0,100.0,100.0,0.0,1
11:53:08.397,4.643913269042969,241.89984130859375,100.0,0.0,100.0,100.0,1
11:53:08.397,0.10075699537992477,240.3750762939453,100.0,100.0,0.0,100.0,1
11:53:08.397,1.9491736888885498,243.99769592285156,100.0,100.0,0.0,0.0,1
11:53:08.397,3.704846143722534,242.9678955078125,100.0,0.0,100.0,0.0,1
11:53:08.397,5.461769104003906,241.7721405029297,100.0,0.0,0.0,100.0,1
11:53:08.397,0.8724482655525208,238.9733428955078,100.0,100.0,0.0,100.0,1
11:53:08.397,2.7129855155944824,242.049072265625,100.0,100.0,100.0,0.0,1
11:53:08.397,4.506340026855469,242.72572326660156,100.0,0.0,100.0,100.0,1
11:53:08.397,6.280797481536865,242.4875946044922,100.0,0.0,0.0,100.0,1
11:53:08.556,1.8031747341156006,244.94515991210938,100.0,100.0,0.0,0.0,1
11:53:08.556,3.5721654891967773,244.06063842773438,100.0,0.0,100.0,0.0,1
11:53:08.556,5.357537269592285,243.81500244140625,100.0,0.0,0.0,100.0,1
11:53:08.556,0.8008826375007629,241.4883575439453,100.0,100.0,0.0,100.0,1
11:53:08.556,2.630164623260498,243.63926696777344,100.0,100.0,100.0,0.0,1
11:53:08.556,4.3866777420043945,242.5063934326172,100.0,0.0,100.0,100.0,1
11:53:08.556,6.194783687591553,243.664306640625,100.0,0.0,0.0,100.0,1
11:53:08.556,1.706310749053955,245.0088653564453,100.0,100.0,0.0,0.0,1
11:53:08.556,3.445317029953003,243.03707885742188,100.0,0.0,100.0,0.0,1
11:53:08.556,5.221437931060791,242.9296112060547,100.0,0.0,100.0,100.0,1
11:53:08.556,0.670883297920227,241.00851440429688,100.0,100.0,0.0,100.0,1
11:53:08.556,2.4482569694519043,241.117919921875,100.0,100.0,100.0,0.0,1
11:53:08.557,4.214070796966553,240.92161560058594,100.0,0.0,100.0,100.0,1
11:53:08.557,6.017473220825195,242.400390625,100.0,0.0,0.0,100.0,1
11:53:08.557,1.508650779724121,242.78225708007812,100.0,100.0,0.0,0.0,1
11:53:08.557,3.247770071029663,241.38656616210938,100.0,0.0,100.0,0.0,1
11:53:08.714,5.030524253845215,241.83387756347656,100.0,0.0,100.0,100.0,1
11:53:08.714,0.41866976022720337,237.91514587402344,100.0,100.0,0.0,100.0,1
11:53:08.714,2.2238125801086426,240.3096923828125,100.0,100.0,100.0,0.0,1
11:53:08.714,4.021129131317139,241.63031005859375,100.0,0.0,100.0,0.0,1
11:53:08.714,5.790713787078857,241.54391479492188,100.0,0.0,0.0,100.0,1
11:53:08.714,1.2830854654312134,242.37486267089844,100.0,100.0,0.0,0.0,1
11:53:08.714,3.0526504516601562,242.0009765625,100.0,100.0,100.0,0.0,1
11:53:08.714,4.794297218322754,240.87603759765625,100.0,0.0,100.0,100.0,1
11:53:08.714,0.24179136753082275,239.21063232421875,100.0,100.0,0.0,100.0,1
11:53:08.714,2.0955660343170166,243.311767578125,100.0,100.0,0.0,0.0,1
11:53:08.714,3.829690456390381,241.4409637451172,100.0,0.0,100.0,0.0,1
11:53:08.714,5.599930763244629,241.4991455078125,100.0,0.0,0.0,100.0,1
11:53:08.714,1.096618890762329,242.97882080078125,100.0,100.0,0.0,0.0,1
11:53:08.714,2.8195388317108154,240.8013916015625,100.0,100.0,100.0,0.0,1
11:53:08.714,4.600142002105713,241.37698364257812,100.0,0.0,100.0,100.0,1
11:53:08.714,0.024996377527713776,238.6563262939453,100.0,100.0,0.0,100.0,1
11:53:09.035,1.8902156352996826,243.64230346679688,100.0,100.0,0.0,0.0,1
11:53:09.035,3.6402859687805176,242.12551879882812,100.0,0.0,100.0,0.0,1
11:53:09.035,5.424405574798584,242.6495361328125,100.0,0.0,0.0,100.0,1
11:53:09.035,0.8528964519500732,240.10720825195312,100.0,100.0,0.0,100.0,1
11:53:09.035,2.6861212253570557,242.76718139648438,100.0,100.0,100.0,0.0,1
11:53:09.035,4.398837566375732,240.01654052734375,100.0,0.0,100.0,100.0,1
11:53:09.035,6.213569641113281,242.37525939941406,100.0,0.0,0.0,100.0,1
11:53:09.035,1.719190239906311,244.4315948486328,100.0,100.0,0.0,0.0,1
11:53:09.035,3.45412015914917,242.4453582763672,100.0,0.0,100.0,0.0,1
11:53:09.035,5.251947402954102,243.2615966796875,100.0,0.0,0.0,100.0,1
11:53:09.035,0.6945601105690002,241.02029418945312,100.0,100.0,0.0,100.0,1
11:53:09.035,2.4419796466827393,240.1408233642578,100.0,100.0,100.0,0.0,1
11:53:09.035,4.247563362121582,241.61904907226562,100.0,0.0,100.0,100.0,1
11:53:09.035,6.047928333282471,242.9539031982422,100.0,0.0,0.0,100.0,1
11:53:09.035,1.554422378540039,244.12722778320312,100.0,100.0,0.0,0.0,1
11:53:09.035,3.315619468688965,243.1991424560547,100.0,0.0,100.0,0.0,1
11:53:09.036,5.103330612182617,243.3106231689453,100.0,0.0,100.0,100.0,1
11:53:09.036,0.4861311614513397,238.9215850830078,100.0,100.0,0.0,100.0,1
11:53:09.036,2.3257007598876953,242.23695373535156,100.0,100.0,100.0,0.0,1
11:53:09.036,4.128830432891846,243.39999389648438,100.0,0.0,100.0,0.0,1
11:53:09.036,5.888516426086426,242.55258178710938,100.0,0.0,0.0,100.0,1
11:53:09.036,1.410863995552063,244.84640502929688,100.0,100.0,0.0,0.0,1
11:53:09.036,3.181621789932251,243.9625244140625,100.0,0.0,100.0,0.0,1
11:53:09.036,4.965001583099365,243.67178344726562,100.0,0.0,100.0,100.0,1
11:53:09.036,0.40554648637771606,241.2197265625,100.0,100.0,0.0,100.0,1
11:53:09.036,2.288717746734619,246.05642700195312,100.0,0.0,100.0,1.486523985862732,2
11:53:09.036,4.546269416809082,269.4859619140625,100.0,25.187551498413086,0.0,100.0,2
11:53:09.036,0.6120195388793945,286.4868469238281,100.0,100.0,63.23978805541992,0.0,2
11:53:09.036,3.3302674293518066,323.16656494140625,100.0,0.0,99.29146575927734,100.0,2
11:53:09.036,6.077905654907227,342.15069580078125,100.0,100.0,0.0,3.0425119400024414,2
11:53:09.036,2.746033191680908,366.8621520996094,100.0,0.0,100.0,69.14421081542969,2
11:53:09.036,5.891081809997559,394.50390625,100.0,100.0,0.0,30.327869415283203,2
11:53:09.194,2.7825076580047607,412.73699951171875,99.35596466064453,0.0,100.0,74.39566040039062,2
11:53:09.194,6.180511951446533,435.3597717285156,98.19659423828125,100.0,0.0,0.0,2
11:53:09.194,3.3474292755126953,457.92132568359375,97.02233123779297,0.0,95.45706939697266,100.0,2
11:53:09.194,0.5900295972824097,465.3230895996094,96.58831024169922,100.0,59.6137809753418,0.0,2
11:53:09.194,4.357682704925537,491.6615905761719,95.1886215209961,0.4028896689414978,0.0,100.0,2
11:53:09.194,1.9771642684936523,515.6192626953125,93.88957214355469,0.0,100.0,0.0,2
11:53:09.194,5.866106033325195,525.2929077148438,93.28826904296875,100.0,0.0,35.12086486816406,2
11:53:09.194,3.5560503005981445,538.1146850585938,92.5164566040039,0.0,65.11531066894531,100.0,2
11:53:09.194,1.3355451822280884,555.0912475585938,91.52620697021484,81.9949951171875,100.0,0.0,2
11:53:09.194,5.425217628479004,558.8513793945312,91.18618774414062,100.0,0.0,94.87358093261719,2
11:53:09.194,3.2602176666259766,563.0750732421875,90.81452178955078,0.0,100.0,100.0,2
11:53:09.194,1.1898137331008911,581.0614013671875,89.74921417236328,100.0,100.0,0.0,2
11:53:09.194,5.5089335441589355,586.52880859375,89.29814147949219,100.0,0.0,83.21755981445312,2
11:53:09.194,3.5656752586364746,591.5872802734375,88.85846710205078,0.0,63.23978805541992,100.0,2
11:53:09.194,1.750879168510437,608.9713745117188,87.79420471191406,26.410114288330078,100.0,0.0,2
11:53:09.194,6.221961975097656,610.678955078125,87.5019302368164,100.0,0.0,0.0,2
11:53:09.517,4.477283000946045,619.4292602539062,86.8499755859375,19.644346237182617,0.0,100.0,2
11:53:09.517,2.803549289703369,626.3707885742188,86.2785873413086,0.0,100.0,73.86773681640625,2
11:53:09.517,1.2262800931930542,647.8601684570312,84.97054290771484,93.03973388671875,100.0,0.0,2
11:53:09.517,5.991704940795898,648.5170288085938,84.69510650634766,100.0,0.0,20.7696590423584,2
11:53:09.517,4.46895170211792,657.0374145507812,84.01891326904297,19.616559982299805,0.0,100.0,2
11:53:09.517,2.9832546710968018,653.8304443359375,83.92205047607422,0.0,100.0,94.9569320678711,2
11:53:09.517,1.6464258432388306,674.1764526367188,82.64280700683594,40.62239456176758,100.0,0.0,2
11:53:09.517,0.22632771730422974,660.7913818359375,83.04251098632812,100.0,13.503750801086426,0.0,2
11:53:09.517,5.207837104797363,678.3803100585938,81.8886947631836,100.0,0.0,100.0,2
11:53:09.517,3.9035916328430176,682.5464477539062,81.40019989013672,0.0,21.158655166625977,100.0,2
11:53:09.517,2.6622860431671143,687.6742553710938,80.85700988769531,0.0,100.0,55.36259841918945,2
11:53:09.517,1.449477195739746,705.1681518554688,79.69306182861328,64.46234893798828,100.0,0.0,2
11:53:09.517,0.24984656274318695,684.5503540039062,80.42571258544922,100.0,17.37982749938965,0.0,2
11:53:09.517,5.395263671875,710.5836791992188,78.82202911376953,100.0,0.0,92.12281036376953,2
11:53:09.517,4.248582363128662,705.5999755859375,78.76287841796875,0.0,0.0,100.0,2
11:53:09.517,3.099252700805664,705.6320190429688,78.45240783691406,0.0,100.0,100.0,2
11:53:09.732,2.0506742000579834,716.151611328125,77.61656188964844,0.0,100.0,0.0,2
11:53:09.732,0.8224387168884277,698.699462890625,78.18083190917969,100.0,84.52348327636719,0.0,2
11:53:09.732,6.1173624992370605,714.888916015625,77.05689239501953,100.0,0.0,9.516532897949219,2
11:53:09.732,5.035203456878662,717.4281005859375,76.61447143554688,86.4545669555664,0.0,100.0,2
11:53:09.732,3.9884209632873535,723.7520141601562,75.978515625,0.0,13.79549789428711,100.0,2
11:53:09.732,2.9514403343200684,718.348388671875,75.9251937866211,0.0,100.0,87.27423858642578,2
11:53:09.732,2.012143135070801,738.7506103515625,74.58332824707031,2.208946943283081,100.0,0.0,2
11:53:09.732,0.8808339834213257,716.7523803710938,75.35800170898438,100.0,89.52486419677734,0.0,2
11:53:09.732,0.05521517992019653,735.9005126953125,74.06835174560547,100.0,0.0,0.0,2
11:53:09.732,5.362907886505127,734.7335815429688,73.79473114013672,100.0,0.0,92.76187896728516,2
11:53:09.732,4.403733253479004,737.09814453125,73.34335327148438,16.57404899597168,0.0,100.0,2
11:53:09.732,3.4963526725769043,741.46826171875,72.78797912597656,0.0,68.33843231201172,100.0,2
11:53:09.732,2.6073598861694336,738.64111328125,72.58859252929688,0.0,100.0,48.8330078125,2
11:53:09.732,1.7883555889129639,761.9690551757812,71.08000183105469,26.979717254638672,100.0,0.0,2
11:53:09.732,0.7662717700004578,731.8142700195312,72.24214935302734,100.0,76.0350112915039,0.0,2
11:53:09.732,0.08236555755138397,752.819580078125,70.83949279785156,100.0,4.612392425537109,0.0,2
11:53:09.732,5.512259006500244,754.4056396484375,70.4104995727539,100.0,0.0,75.85440063476562,2
11:53:09.934,4.660297393798828,750.9353637695312,70.23190307617188,44.51236343383789,0.0,100.0,2
11:53:09.934,3.8200817108154297,752.0848388671875,69.82442474365234,0.0,33.82884216308594,100.0,2
11:53:09.934,2.9393935203552246,744.6307983398438,69.84883117675781,0.0,100.0,83.092529296875,2
11:53:09.934,2.2050669193267822,763.0065307617188,68.58140563964844,0.0,100.0,8.710753440856934,2
11:53:09.934,1.2048310041427612,761.6363525390625,68.30547332763672,86.6629638671875,100.0,0.0,2
11:53:09.934,0.3703651428222656,734.4218139648438,69.3145980834961,100.0,34.12059020996094,0.0,2
11:53:09.934,5.874199390411377,754.2333374023438,67.97406768798828,100.0,0.0,38.33009338378906,2
11:53:09.934,5.011837959289551,750.61279296875,67.802490234375,79.99443817138672,0.0,100.0,2
11:53:09.934,4.228520393371582,751.9254150390625,67.38348388671875,2.973047971725464,0.0,100.0,2
11:53:09.934,3.435621738433838,758.04150390625,66.72283172607422,0.0,72.77021789550781,100.0,2
11:53:09.934,2.6325318813323975,748.859619140625,66.82725524902344,0.0,100.0,51.444847106933594,2
11:53:09.934,1.964550256729126,770.489501953125,65.38826751708984,12.364545822143555,100.0,0.0,2
11:53:09.934,1.0522692203521729,770.89599609375,65.01345825195312,98.31897735595703,98.88858032226562,1.097527027130127,2
11:53:09.935,0.3192662000656128,745.0429077148438,65.94572448730469,100.0,29.92498016357422,0.0,2
11:53:09.935,5.953283786773682,767.1959838867188,64.47518920898438,100.0,0.0,31.383716583251953,2
11:53:09.935,5.156518459320068,762.1751708984375,64.36378479003906,91.46985626220703,0.0,100.0,2
11:53:09.935,4.422834396362305,762.168212890625,63.99842834472656,22.58960723876953,0.0,100.0,2
11:53:09.935,3.701634407043457,767.28076171875,63.37757110595703,0.0,46.52681350708008,100.0,2
11:53:09.935,2.955920696258545,759.0648803710938,63.423118591308594,0.0,100.0,81.53653717041016,2
11:53:09.935,2.306192398071289,761.75927734375,62.92144012451172,0.0,100.0,21.033620834350586,2
11:53:09.935,1.5954172611236572,781.1669921875,61.58570861816406,47.721588134765625,100.0,0.0,2
11:53:10.123,0.7230511903762817,749.662353515625,62.797019958496094,100.0,68.657958984375,0.0,2
11:53:10.123,0.16631317138671875,753.2978515625,62.24433898925781,100.0,17.338150024414062,0.0,2
11:53:10.123,5.703708171844482,771.3833618164062,60.973167419433594,100.0,0.0,55.09864044189453,2
11:53:10.123,4.9872822761535645,768.1546020507812,60.76373291015625,74.72908782958984,0.0,100.0,2
11:53:10.123,4.359742641448975,767.9107666015625,60.40254211425781,18.69963836669922,0.9030286073684692,99.08307647705078,2
11:53:10.123,3.726682662963867,780.675537109375,59.38922119140625,0.0,44.51236343383789,100.0,2
11:53:10.123,3.06876277923584,775.3259887695312,59.276493072509766,3.792720317840576,96.1933822631836,88.73297882080078,2
11:53:10.123,2.538412570953369,779.5423583984375,58.68225860595703,0.0,100.0,42.99805450439453,2
11:53:10.123,2.023224353790283,800.2164916992188,57.26537322998047,12.44790267944336,94.59571838378906,5.39038610458374,2
11:53:10.123,1.4006831645965576,805.2901611328125,56.62660217285156,64.37899780273438,98.31897735595703,1.6671297550201416,2
11:53:10.123,0.7102450132369995,770.6095581054688,57.97236633300781,99.3331527709961,66.12947845458984,0.6529591679573059,2
11:53:10.123,0.247800812125206,771.3447875976562,57.54383850097656,97.9438705444336,26.493471145629883,2.042233943939209,2
11:53:10.123,5.969481468200684,794.3824462890625,56.004478454589844,97.42984008789062,2.5562655925750732,32.49513626098633,2
11:53:10.123,5.337197780609131,791.490478515625,55.75933837890625,94.04000854492188,5.946095943450928,84.27340698242188,2
11:53:10.123,4.683276653289795,773.78515625,56.26108932495117,47.540985107421875,1.2920255661010742,98.69407653808594,2
11:53:10.123,4.059629440307617,779.6764526367188,55.586395263671875,5.557099342346191,17.949430465698242,94.42900848388672,2
11:53:10.123,3.3678641319274902,782.069091796875,55.09034729003906,4.37621545791626,74.20116424560547,95.60989379882812,2
11:53:10.123,2.723586082458496,772.6490478515625,55.182594299316406,2.4729092121124268,97.51319885253906,58.71075439453125,2
11:53:10.123,2.175642251968384,790.3240966796875,53.919769287109375,7.793831825256348,92.19227600097656,15.365378379821777,2
11:53:10.123,1.4445503950119019,794.7752685546875,53.32334899902344,60.058349609375,95.80438995361328,4.1817169189453125,2
11:53:10.299,0.688834011554718,763.3397216796875,54.5189208984375,96.56848907470703,63.448177337646484,3.4176158905029297,2
11:53:10.299,0.08997946232557297,774.0159912109375,53.612831115722656,92.12281036376953,16.198944091796875,7.863295078277588,2
11:53:10.300,5.644157409667969,769.3651123046875,53.476844787597656,95.99888610839844,3.9872188568115234,59.22478485107422,2
11:53:10.300,4.898262977600098,766.8401489257812,53.235740661621094,64.75409698486328,4.681856155395508,95.30425262451172,2
11:53:10.300,4.154163837432861,764.460205078125,52.98983383178711,9.474854469299316,12.656293869018555,90.5112533569336,2
11:53:10.300,3.3855056762695312,762.8771362304688,52.70647430419922,6.126701831817627,71.81161499023438,93.85940551757812,2
11:53:10.300,2.5931859016418457,750.5782470703125,52.961090087890625,4.140038967132568,95.8460693359375,48.02722930908203,2
11:53:10.300,1.8472450971603394,771.52880859375,51.557891845703125,28.88302230834961,92.9424819946289,7.043622970581055,2
11:53:10.300,0.8512746691703796,737.6781616210938,52.89752197265625,93.35926818847656,75.53486633300781,6.626840591430664,2
11:53:10.300,0.14887697994709015,753.8135986328125,51.73628234863281,91.692138671875,21.589330673217773,8.293971061706543,2
11:53:10.300,5.486213207244873,751.3916015625,51.50892639160156,92.9424819946289,7.043622970581055,70.85301208496094,2
11:53:10.300,4.56712007522583,736.0200805664062,51.93182373046875,38.71908950805664,5.487635135650635,94.49847412109375,2
11:53:10.300,3.6568500995635986,743.303955078125,51.22626495361328,5.62656307220459,50.639068603515625,94.35955047607422,2
11:53:10.300,2.684431552886963,728.2240600585938,51.64091491699219,5.362600803375244,94.62350463867188,55.140316009521484,2
11:53:10.300,1.80203378200531,746.59130859375,50.38697052001953,32.675743103027344,92.47013092041016,7.515976428985596,2
11:53:10.300,0.7142635583877563,719.0951538085938,51.427894592285156,93.72047424316406,64.61517333984375,6.265629291534424,2
11:53:10.300,6.162152290344238,738.2011108398438,50.13697052001953,89.941650390625,10.04445743560791,20.53348159790039,2
11:53:10.300,5.137332439422607,730.4500122070312,50.19153594970703,81.0363998413086,10.391775131225586,89.5943374633789,2
11:53:10.300,4.147348403930664,729.8524169921875,49.89183807373047,11.711585998535156,15.295915603637695,88.27452087402344,2
11:53:10.459,3.10422945022583,728.8123779296875,49.615257263183594,12.003334999084473,87.98277282714844,84.77354431152344,2
11:53:10.459,2.1920814514160156,742.9357299804688,48.583251953125,11.68380069732666,88.30230712890625,19.880523681640625,2
11:53:10.459,0.9807281494140625,733.7651977539062,48.71861267089844,87.85774230957031,82.24507141113281,12.128368377685547,2
11:53:10.459,0.038473471999168396,724.591796875,48.853431701660156,87.41316986083984,15.82383918762207,12.57293701171875,2
11:53:10.459,5.204593181610107,721.9194946289062,48.668846130371094,84.49569702148438,12.850790977478027,87.13531494140625,2
11:53:10.459,4.110915660858154,718.2351684570312,48.535255432128906,12.072797775268555,18.602388381958008,87.9133071899414,2
11:53:10.459,3.0052337646484375,714.8026123046875,48.390628814697266,11.183662414550781,88.80244445800781,77.41039276123047,2
11:53:10.459,1.9744147062301636,727.357666015625,47.448211669921875,22.033899307250977,87.78826904296875,12.197833061218262,2
11:53:10.459,0.6613950133323669,694.3250122070312,48.790184020996094,91.84495544433594,60.044456481933594,8.14115047454834,2
11:53:10.459,5.901390552520752,709.6547241210938,47.71424102783203,90.9002456665039,9.085857391357422,39.872188568115234,2
11:53:10.459,4.635430812835693,696.8068237304688,48.054962158203125,44.45679473876953,8.502362251281738,91.48374938964844,2
11:53:10.459,3.423161745071411,699.8119506835938,47.6053466796875,9.961100578308105,67.10197448730469,90.02500915527344,2
11:53:10.459,2.2832798957824707,687.1617431640625,47.93902587890625,10.78077220916748,89.20533752441406,26.368436813354492,2
11:53:10.459,0.8883828520774841,710.3129272460938,46.488529205322266,87.607666015625,74.8680191040039,12.378438949584961,2
11:53:10.459,6.053522109985352,699.9007568359375,46.70989990234375,88.70519256591797,11.280911445617676,29.68880271911621,2
11:53:10.459,4.7464919090271,688.242919921875,46.99884033203125,52.4034423828125,9.308141708374023,90.67796325683594,2
11:53:10.459,3.479522466659546,693.7330322265625,46.43181228637695,10.47513198852539,62.850791931152344,89.51097869873047,2
11:53:10.459,2.247936487197876,682.9532470703125,46.67960739135742,12.308974266052246,87.67713165283203,24.673519134521484,2
11:53:10.607,0.8503368496894836,675.2930297851562,46.77619171142578,88.35787963867188,72.5062484741211,11.628230094909668,2
11:53:10.607,5.901228904724121,684.7960815429688,46.01523971557617,89.44151306152344,10.544595718383789,40.247291564941406,2
11:53:10.608,4.5819878578186035,684.7312622070312,45.73362350463867,41.06696319580078,10.725201606750488,89.26090240478516,2
11:53:10.608,3.2231342792510986,682.0361938476562,45.58542251586914,14.309530258178711,79.24423217773438,85.67657470703125,2
11:53:10.608,1.9501398801803589,690.6904296875,44.87260818481445,25.062517166137695,86.0933609008789,13.89274787902832,2
11:53:10.608,0.4482005536556244,663.2327880859375,45.96824645996094,89.69158172607422,44.80411148071289,10.294526100158691,2
11:53:10.608,5.442032337188721,681.1018676757812,44.79560089111328,86.84356689453125,13.142539978027344,70.9780502319336,2
11:53:10.608,4.037047863006592,674.8040771484375,44.833309173583984,13.823284149169922,25.56265640258789,86.16282653808594,2
11:53:10.608,2.6120550632476807,668.7041015625,44.86578369140625,11.141983985900879,88.84412384033203,49.597110748291016,2
11:53:10.608,1.127706527709961,679.9334716796875,44.0373420715332,78.31342315673828,84.45401763916016,15.532093048095703,2
11:53:10.608,5.997773170471191,667.8052368164062,44.37602233886719,87.34370422363281,12.642399787902832,34.28730010986328,2
11:53:10.608,4.482165813446045,657.16259765625,44.64601135253906,34.71797561645508,12.350652694702148,87.63545227050781,2
11:53:10.608,2.9523391723632812,655.6825561523438,44.46087646484375,13.614892959594727,86.3712158203125,71.8810806274414,2
11:53:10.608,1.4947168827056885,665.9110107421875,43.69248580932617,54.973602294921875,87.71881103515625,12.26729679107666,2
11:53:10.608,6.2592878341674805,658.4616088867188,43.80839920043945,83.28702545166016,16.69908332824707,18.50514030456543,2
11:53:10.608,4.699058532714844,653.2708129882812,43.811500549316406,49.11086654663086,12.058905601501465,87.92720794677734,2
11:53:10.747,3.1353461742401123,653.1695556640625,43.56294631958008,17.199222564697266,82.7868881225586,82.31452941894531,2
11:53:10.747,1.6741032600402832,663.5984497070312,42.789920806884766,43.3731575012207,86.85746002197266,13.128646850585938,2
11:53:10.747,0.0796096920967102,641.8314819335938,43.62615966796875,84.10669708251953,21.881078720092773,15.879410743713379,2
11:53:10.747,4.745460510253906,646.0145263671875,43.17023849487305,52.13948440551758,12.628507614135742,87.35759735107422,2
11:53:10.747,3.14859676361084,649.3018798828125,42.75808334350586,17.79660987854004,81.67546081542969,82.18949127197266,2
11:53:10.747,1.6264013051986694,655.9353637695312,42.180458068847656,46.47124099731445,86.46846771240234,13.517643928527832,2
11:53:10.747,6.277408123016357,645.1310424804688,42.47510528564453,81.95332336425781,18.032785415649414,18.449569702148438,2
11:53:10.747,4.630699157714844,638.7527465820312,42.551422119140625,44.79022216796875,13.267573356628418,86.71853637695312,2
11:53:10.747,2.999854326248169,637.7002563476562,42.36284637451172,15.948875427246094,84.0372314453125,73.6732406616211,2
11:53:10.747,1.3924591541290283,649.394287109375,41.539798736572266,61.044734954833984,85.39871978759766,14.587386131286621,2
11:53:10.747,6.023075103759766,639.2593383789062,41.80772018432617,84.95415496826172,15.031952857971191,33.66212844848633,2
11:53:10.747,4.332526206970215,632.5991821289062,41.90235900878906,26.68796730041504,16.296192169189453,83.6899185180664,2
11:53:10.747,2.6384167671203613,630.0094604492188,41.79697036743164,13.809391975402832,86.17671966552734,51.278133392333984,2
11:53:10.747,0.7935768365859985,615.7683715820312,42.281402587890625,85.2875747680664,66.907470703125,14.698527336120605,2
11:53:10.878,5.50689172744751,633.6318969726562,41.15378189086914,84.49569702148438,15.4904146194458,65.42095184326172,2
11:53:10.878,3.7498257160186768,627.5669555664062,41.22968292236328,14.420671463012695,44.76243209838867,85.56543731689453,2
11:53:10.878,2.044370412826538,634.1926879882812,40.67399597167969,22.172826766967773,81.342041015625,18.644067764282227,2
11:53:10.878,0.19010423123836517,611.4608764648438,41.58721923828125,84.0233383178711,29.577659606933594,15.962767601013184,2
11:53:10.878,4.7194976806640625,621.0984497070312,40.883785247802734,50.43067169189453,14.587386131286621,85.39871978759766,2
11:53:10.878,2.9185733795166016,617.6669921875,40.8349494934082,16.21283721923828,83.77326965332031,68.13003540039062,2
11:53:10.878,1.088609218597412,626.2984619140625,40.1859245300293,77.95220947265625,80.8280029296875,19.158100128173828,2
11:53:10.878,5.621676445007324,619.8600463867188,40.290218353271484,84.55126190185547,15.434843063354492,58.307861328125,2
11:53:10.878,3.792252779006958,618.302734375,40.150577545166016,15.50430679321289,42.35898971557617,84.48179626464844,2
11:53:10.878,2.0052297115325928,619.5848388671875,39.871490478515625,24.826339721679688,81.31425476074219,18.67185401916504,2
11:53:10.878,0.14766407012939453,602.5829467773438,40.50981521606445,82.62017059326172,27.688247680664062,17.365936279296875,2
11:53:10.878,4.5600786209106445,612.1551513671875,39.820430755615234,40.928035736083984,15.907196998596191,84.07891082763672,2
11:53:10.878,2.669768810272217,606.5510864257812,39.89117431640625,15.4904146194458,84.49569702148438,53.084190368652344,2
11:53:10.878,0.7652525305747986,599.2862548828125,40.0460090637207,83.66212463378906,64.36509704589844,16.323978424072266,2
11:53:10.997,5.225149154663086,607.2727661132812,39.439517974853516,79.0219497680664,20.227840423583984,79.75827026367188,2
11:53:10.997,3.3468172550201416,605.0233154296875,39.3468132019043,17.629898071289062,68.46346282958984,82.35620880126953,2
11:53:10.997,1.4921610355377197,612.3991088867188,38.77490997314453,54.55682373046875,83.46763610839844,16.518478393554688,2
11:53:10.997,5.852834224700928,605.0106201171875,38.941646575927734,83.56488037109375,16.421228408813477,44.55404281616211,2
11:53:10.997,3.903332233428955,599.9111328125,38.994441986083984,17.171436309814453,36.190608978271484,82.81466674804688,2
11:53:10.997,2.0191380977630615,606.6367797851562,38.45875930786133,24.993053436279297,80.00833129882812,19.977771759033203,2
11:53:10.997,0.04371405020356178,599.6446533203125,38.61206817626953,79.66101837158203,23.256460189819336,20.325090408325195,2
11:53:10.997,4.3072309494018555,592.1763305664062,38.790672302246094,27.063072204589844,19.11642074584961,80.86968994140625,2
11:53:10.997,2.314493179321289,588.0652465820312,38.803749084472656,17.92164421081543,82.06446075439453,32.592384338378906,2
11:53:10.997,0.28456032276153564,581.316162109375,38.95139694213867,82.77299499511719,36.16282272338867,17.213115692138672,2
11:53:10.997,4.590068340301514,587.9489135742188,38.431392669677734,42.95637512207031,16.963045120239258,83.02305603027344,2
11:53:10.997,2.538262128829956,581.4893188476562,38.567840576171875,16.69908332824707,83.28702545166016,45.38760757446289,2
11:53:10.997,0.4797719717025757,576.27490234375,38.64378356933594,83.42594909667969,47.45762634277344,16.560155868530273,2
11:53:11.106,4.777675628662109,581.8502807617188,38.17919921875,53.72325897216797,17.004724502563477,82.98138427734375,2
11:53:11.106,2.7379257678985596,582.2416381835938,37.975135803222656,17.338150024414062,82.64795684814453,56.80744552612305,2
11:53:11.106,0.6158598065376282,571.9663696289062,38.30732345581055,83.02305603027344,55.29313659667969,16.963045120239258,2
11:53:11.106,4.925282001495361,581.1409912109375,37.66442108154297,61.933868408203125,18.11614418029785,81.86996459960938,2
11:53:11.106,2.8117363452911377,574.7560424804688,37.804473876953125,17.866073608398438,82.12003326416016,60.90580749511719,2
11:53:11.106,0.7153744101524353,570.5690307617188,37.83610534667969,82.16171264648438,60.808555603027344,17.82439422607422,2
11:53:11.106,4.987279891967773,578.7686767578125,37.247833251953125,65.15699005126953,18.949708938598633,81.0363998413086,2
11:53:11.106,2.827383041381836,570.7352905273438,37.47441101074219,18.24117660522461,81.74492645263672,61.68380355834961,2
11:53:11.106,0.6922942996025085,566.4703369140625,37.51421356201172,82.02278900146484,59.44706726074219,17.96332359313965,2
11:53:11.106,4.894089698791504,569.8427124023438,37.172828674316406,60.072242736816406,18.324535369873047,81.66156768798828,2
11:53:11.106,2.7907190322875977,570.177734375,36.98286819458008,18.43567657470703,81.55043029785156,59.530426025390625,2
11:53:11.106,0.5868629217147827,561.525390625,37.24595642089844,82.18949127197266,53.52875518798828,17.79660987854004,2
11:53:11.207,4.777416229248047,567.1978149414062,36.79216766357422,53.58433151245117,18.199501037597656,81.78660583496094,2
11:53:11.207,2.6295762062072754,565.80810546875,36.692325592041016,18.21339225769043,81.77271270751953,50.62517547607422,2
11:53:11.207,0.414703905582428,557.086181640625,36.9619026184082,81.81439208984375,43.97054672241211,18.171714782714844,2
11:53:11.207,4.534815788269043,561.812255859375,36.5609130859375,40.302860260009766,18.824674606323242,81.16143035888672,2
11:53:11.207,2.370546579360962,561.7538452148438,36.40032958984375,19.435955047607422,80.55015563964844,36.62128448486328,2
11:53:11.207,0.16141702234745026,553.0852661132812,36.6710319519043,79.68880462646484,30.508474349975586,20.297306060791016,2
11:53:11.207,4.210367202758789,559.6948852539062,36.1822509765625,23.881633758544922,22.520143508911133,77.4659652709961,2
11:53:11.207,2.035170793533325,565.207763671875,35.748931884765625,25.97943878173828,77.67435455322266,22.311752319335938,2
11:53:11.207,6.020019054412842,555.3480224609375,36.08492660522461,80.1889419555664,19.797164916992188,36.05168151855469,2
11:53:11.207,3.772733688354492,556.3502197265625,35.87966537475586,19.102529525756836,44.220619201660156,80.88358306884766,2
11:53:11.207,1.576602816581726,563.0499267578125,35.39029312133789,49.68046569824219,80.64739990234375,19.33870506286621,2
11:53:11.296,5.573155879974365,555.3814697265625,35.61859130859375,80.30007934570312,19.686023712158203,59.89163589477539,2
11:53:11.296,3.2755038738250732,550.9098510742188,35.68963623046875,21.40872573852539,70.32508850097656,78.57738494873047,2
11:53:11.296,0.9324389696121216,563.3280639648438,34.918758392333984,77.74382019042969,70.81134033203125,22.242290496826172,2
11:53:11.296,4.999123573303223,549.4318237304688,35.45939636230469,65.03195190429688,20.53348159790039,79.45262908935547,2
11:53:11.296,2.680368185043335,545.1017456054688,35.52699279785156,19.28313446044922,80.70297241210938,53.32036590576172,2
11:53:11.296,0.37648341059684753,540.7474975585938,35.59675979614258,80.49458312988281,42.16448974609375,19.491525650024414,2
11:53:11.296,4.382363319396973,546.5128173828125,35.16193389892578,32.89802551269531,21.18644142150879,78.79966735839844,2
11:53:11.296,2.1245646476745605,552.549560546875,34.714778900146484,23.520421981811523,76.46568298339844,25.326478958129883,2
11:53:11.296,6.0376386642456055,543.9717407226562,34.99821853637695,79.13309478759766,20.85301399230957,35.57932662963867,2
11:53:11.296,3.7019288539886475,542.7047119140625,34.917945861816406,19.769380569458008,48.06890869140625,80.21672821044922,2
11:53:11.381,1.3709917068481445,550.6082763671875,34.38230895996094,60.22506332397461,79.17476654052734,20.811336517333984,2
11:53:11.381,5.308155536651611,542.481689453125,34.645362854003906,76.99360656738281,22.99249839782715,72.65907287597656,2
11:53:11.381,2.9063351154327393,536.7748413085938,34.78986740112305,21.103084564208984,78.88301849365234,64.83745574951172,2
11:53:11.381,0.4891403019428253,529.1356811523438,35.03349304199219,80.31397247314453,48.180049896240234,19.672130584716797,2
11:53:11.381,4.469869136810303,535.453369140625,34.577598571777344,37.538204193115234,20.9224796295166,79.06362915039062,2
11:53:11.381,2.156869649887085,544.7453002929688,33.97565460205078,23.645458221435547,76.34065246582031,27.313142776489258,2
11:53:11.381,5.99057674407959,536.872802734375,34.2349739074707,78.85523986816406,21.130870819091797,38.23284149169922,2
11:53:11.381,3.5353341102600098,533.0262451171875,34.29314041137695,20.547372817993164,56.654624938964844,79.43873596191406,2
11:53:11.381,1.0822783708572388,534.5838012695312,34.08361053466797,73.9927749633789,76.06278991699219,23.923311233520508,2
11:53:11.463,4.93528938293457,525.7025146484375,34.397560119628906,61.392051696777344,20.936370849609375,79.04973602294922,2
11:53:11.463,2.531308174133301,526.418212890625,34.23199462890625,20.464017868041992,79.5220947265625,45.5543212890625,2
11:53:11.463,0.10381187498569489,519.5237426757812,34.44847106933594,77.22978210449219,28.938594818115234,22.75632095336914,2
11:53:11.463,3.91499924659729,527.62890625,33.916629791259766,21.53375816345215,37.413169860839844,78.45234680175781,2
11:53:11.463,1.5154831409454346,534.9902954101562,33.42155456542969,52.76465606689453,78.89691925048828,21.089191436767578,2
11:53:11.463,5.310887336730957,527.4117431640625,33.67281723022461,76.27118682861328,23.714920043945312,71.90885925292969,2
11:53:11.463,2.8344199657440186,523.657470703125,33.73573303222656,21.464296340942383,78.52181243896484,60.86412811279297,2
11:53:11.463,0.3143616318702698,514.6829833984375,34.061439514160156,78.84134674072266,39.38594055175781,21.14476203918457,2
11:53:11.463,4.173985481262207,524.168701171875,33.461734771728516,24.687414169311523,25.54876136779785,75.29869842529297,2
11:53:11.543,1.705493450164795,524.978515625,33.29924392700195,43.28980255126953,78.56348419189453,21.422616958618164,2
11:53:11.543,5.484074592590332,523.2713623046875,33.26409912109375,77.71603393554688,22.27007484436035,63.573219299316406,2
11:53:11.543,2.9467427730560303,516.3367309570312,33.49031066894531,22.547929763793945,77.43817901611328,66.21283721923828,2
11:53:11.544,0.4014076292514801,509.8140563964844,33.698421478271484,78.95248413085938,43.83161926269531,21.033620834350586,2
11:53:11.544,4.230398178100586,520.5770263671875,33.042724609375,27.02139663696289,24.6318416595459,75.35426330566406,2
11:53:11.544,1.744467854499817,522.4681396484375,32.830806732177734,41.48374557495117,77.99388885498047,21.992219924926758,2
11:53:11.544,5.459881782531738,517.8080444335938,32.94789123535156,77.25757598876953,22.728534698486328,64.58738708496094,2
11:53:11.544,2.9282150268554688,514.22900390625,33.01020050048828,22.770214080810547,77.21588897705078,65.11531066894531,2
11:53:11.624,0.3294651508331299,504.8119812011719,33.367088317871094,78.34120178222656,40.330650329589844,21.644901275634766,2
11:53:11.624,4.124434947967529,514.7674560546875,32.75482940673828,24.5623779296875,28.216171264648438,75.4237289428711,2
11:53:11.624,1.5980476140975952,519.871337890625,32.38676071166992,48.66629409790039,78.03556060791016,21.95054054260254,2
11:53:11.624,5.294154644012451,513.5194091796875,32.5913200378418,75.21533966064453,24.770769119262695,71.9366455078125,2
11:53:11.624,2.7009990215301514,508.4991455078125,32.731075286865234,21.742149353027344,78.24395751953125,54.07057571411133,2
11:53:11.624,0.14123797416687012,499.2716369628906,33.084075927734375,76.57682800292969,31.480968475341797,23.40928077697754,2
11:53:11.624,3.798060894012451,508.7589416503906,32.50086212158203,22.08946990966797,43.53987121582031,77.89663696289062,2
11:53:11.624,1.1977427005767822,510.5775451660156,32.30253982543945,67.65768432617188,76.04890441894531,23.937204360961914,2
11:53:11.707,4.8584089279174805,502.265380859375,32.61202621459961,57.11308670043945,22.04779052734375,77.93831634521484,2
11:53:11.707,2.297208309173584,502.42132568359375,32.498260498046875,23.28424644470215,76.70185852050781,34.6207275390625,2
11:53:11.707,5.94598913192749,502.60577392578125,32.384498596191406,77.54932403564453,22.43678855895996,40.99749755859375,2
11:53:11.707,3.2948784828186035,503.8074035644531,32.22224426269531,23.978883743286133,67.49097442626953,76.0072250366211,2
11:53:11.707,0.6327624917030334,495.24407958984375,32.54838943481445,78.00778198242188,55.307029724121094,21.97832679748535,2
11:53:11.707,4.3559184074401855,499.7886962890625,32.21755599975586,33.13420486450195,23.839954376220703,76.14614868164062,2
11:53:11.707,1.751197099685669,505.63507080078125,31.824939727783203,41.42817687988281,77.10475158691406,22.88135528564453,2
11:53:11.707,5.3659772872924805,502.5644226074219,31.878629684448242,75.49319458007812,24.4929141998291,68.33843231201172,2
11:53:11.788,2.6756954193115234,496.5777282714844,32.077659606933594,22.256181716918945,77.72991943359375,52.76465606689453,2
11:53:11.788,0.0640067607164383,493.1490478515625,32.15012741088867,74.95137786865234,28.60516929626465,25.034730911254883,2
11:53:11.788,3.6641597747802734,497.4501953125,31.838584899902344,22.422895431518555,50.04167556762695,77.56321716308594,2
11:53:11.788,0.9429802894592285,502.1531066894531,31.50809097290039,74.90969848632812,69.241455078125,25.0764102935791,2
11:53:11.788,4.613232135772705,495.5389404296875,31.74169921875,45.276466369628906,22.645179748535156,77.34092712402344,2
11:53:11.788,1.9806185960769653,501.60833740234375,31.34372329711914,31.258684158325195,74.89580535888672,25.090303421020508,2
11:53:11.788,5.533688068389893,494.45550537109375,31.60619354248047,76.674072265625,23.312030792236328,60.61405944824219,2
11:53:11.788,2.803605318069458,491.56219482421875,31.65814208984375,23.04806900024414,76.93804168701172,58.7524299621582,2
11:53:11.873,0.1198120266199112,484.39312744140625,31.92447853088379,75.4237289428711,31.17532730102539,24.5623779296875,2
11:53:11.873,3.6914169788360596,491.0096130371094,31.50177001953125,22.714643478393555,48.74965286254883,77.2714614868164,2
11:53:11.873,0.9170570373535156,498.0272216796875,31.061159133911133,74.8402328491211,67.85218048095703,25.1458740234375,2
11:53:11.873,4.563333988189697,491.2904968261719,31.306068420410156,43.025840759277344,23.186996459960938,76.79911041259766,2
11:53:11.873,1.9004406929016113,497.8210754394531,30.889158248901367,34.99583435058594,75.29869842529297,24.687414169311523,2
11:53:11.873,5.395514488220215,490.21356201171875,31.179943084716797,75.2292251586914,24.756877899169922,66.64350891113281,2
11:53:11.873,2.6488325595855713,486.45587158203125,31.2789249420166,22.92303466796875,77.06307220458984,51.444847106933594,2
11:53:11.873,6.2259345054626465,489.9214172363281,31.019264221191406,73.9927749633789,25.993331909179688,29.0775203704834,2
11:53:11.955,3.4210190773010254,487.1634216308594,31.070863723754883,23.881633758544922,61.26701736450195,76.10447692871094,2
11:53:11.955,0.6261655688285828,479.3525695800781,31.375732421875,77.02139282226562,54.806888580322266,22.964712142944336,2
11:53:11.955,4.211597442626953,485.40191650390625,30.9893798828125,27.674352645874023,26.451793670654297,73.53431701660156,2
11:53:11.955,1.4632261991500854,488.40966796875,30.756534576416016,54.94581985473633,76.47957611083984,23.506528854370117,2
11:53:11.955,4.956576347351074,483.2779235839844,30.929716110229492,61.211448669433594,24.006669998168945,75.97943878173828,2
11:53:11.955,2.2416250705718994,476.2264099121094,31.199745178222656,24.868019104003906,75.11808776855469,32.78688430786133,2
11:53:11.955,5.702825546264648,482.8774719238281,30.786767959594727,76.6185073852539,23.36760139465332,52.61183547973633,2
11:53:11.955,2.8731889724731445,479.2045593261719,30.888504028320312,24.103918075561523,75.88218688964844,61.68380355834961,2
11:53:11.955,0.1212766170501709,473.5400390625,31.090652465820312,74.7707748413086,31.731037139892578,25.215335845947266,2
11:53:12.041,3.576439142227173,478.338623046875,30.772239685058594,23.450958251953125,54.084468841552734,76.53514862060547,2
11:53:12.041,0.7176473140716553,470.801025390625,31.071430206298828,76.3962173461914,58.97471237182617,23.589887619018555,2
11:53:12.041,4.278155326843262,476.9514465332031,30.683181762695312,30.633508682250977,25.882190704345703,74.10391235351562,2
11:53:12.041,1.4933322668075562,479.8479309082031,30.461475372314453,53.52875518798828,76.2989730834961,23.6871337890625,2
11:53:12.041,4.928986549377441,474.23248291015625,30.66655731201172,59.877742767333984,24.062240600585938,75.92386627197266,2
11:53:12.041,2.1764485836029053,473.577392578125,30.622861862182617,26.021116256713867,73.9649887084961,30.36954689025879,2
11:53:12.041,5.5943708419799805,474.1139221191406,30.520965576171875,76.06278991699219,23.923311233520508,57.5159797668457,2
11:53:12.041,2.725806474685669,471.7786865234375,30.563570022583008,23.673242568969727,76.3128662109375,54.93192672729492,2
11:53:12.136,6.225242614746094,475.240966796875,30.315671920776367,73.45095825195312,26.535146713256836,29.577659606933594,2
11:53:12.136,3.3665904998779297,472.117431640625,30.398805618286133,24.826339721679688,63.40650177001953,75.1597671508789,2
11:53:12.136,0.4744901657104492,466.0253601074219,30.632089614868164,76.49346923828125,47.73548126220703,23.492637634277344,2
11:53:12.136,3.959357738494873,471.12286376953125,30.304597854614258,24.881912231445312,36.8157844543457,75.10419464111328,2
11:53:12.136,1.0923994779586792,477.9750671386719,29.89181900024414,70.63072967529297,72.97860717773438,27.00750160217285,2
11:53:12.136,4.552326202392578,471.2184753417969,30.15705108642578,42.78966522216797,24.21506118774414,75.77104187011719,2
11:53:12.136,1.738645315170288,476.231689453125,29.835498809814453,42.511810302734375,75.46540832519531,24.520700454711914,2
11:53:12.136,5.111209869384766,468.3977966308594,30.156896591186523,67.56043243408203,25.92386817932129,74.06224060058594,2
11:53:12.136,2.277416944503784,467.0799255371094,30.152545928955078,25.382051467895508,74.60405731201172,34.88468933105469,2
11:53:12.234,5.6758317947387695,469.5842590332031,29.959617614746094,75.85440063476562,24.131702423095703,53.75103759765625,2
11:53:12.234,2.7716596126556396,467.5161437988281,29.99430274963379,24.326202392578125,75.65990447998047,56.87691116333008,2
11:53:12.234,6.21357536315918,469.95843505859375,29.804039001464844,73.18699645996094,26.799110412597656,30.383440017700195,2
11:53:12.234,3.270771026611328,467.0305480957031,29.885498046875,26.104473114013672,67.2131118774414,73.88162994384766,2
11:53:12.234,0.3564625382423401,460.1996765136719,30.161251068115234,75.7432632446289,42.470130920410156,24.24284553527832,2
11:53:12.234,3.797819137573242,466.6177673339844,29.77434730529785,24.43734359741211,44.081687927246094,75.54875946044922,2
11:53:12.234,0.8199366331100464,458.3614501953125,30.123878479003906,74.9374771118164,63.18421936035156,25.048625946044922,2
11:53:12.234,4.275757789611816,464.29339599609375,29.76179313659668,31.119754791259766,26.63239860534668,73.35370635986328,2
11:53:12.234,1.3844513893127441,469.6539001464844,29.430700302124023,58.16893768310547,75.03472900390625,24.95137596130371,2
11:53:12.350,4.735060691833496,462.5230407714844,29.72289276123047,51.00027847290039,24.256736755371094,75.7293701171875,2
11:53:12.350,1.862415075302124,466.58203125,29.45718765258789,37.28813552856445,74.42344665527344,25.56265640258789,2
11:53:12.350,5.191472053527832,461.3960266113281,29.655227661132812,70.49180603027344,27.202001571655273,72.78411102294922,2
11:53:12.350,2.293548107147217,460.0817565917969,29.658506393432617,25.646013259887695,74.34009552001953,35.81550598144531,2
11:53:12.350,5.640418529510498,461.73095703125,29.514904022216797,75.36815643310547,24.617948532104492,55.251461029052734,2
11:53:12.350,2.6767678260803223,457.7099914550781,29.6561222076416,24.353986740112305,75.63211822509766,52.61183547973633,2
11:53:12.350,6.075017929077148,461.8038635253906,29.39191246032715,74.18727111816406,25.7988338470459,36.315643310546875,2
11:53:12.350,3.070107936859131,456.0624084472656,29.620426177978516,26.924144744873047,73.06195831298828,69.40816497802734,2
11:53:12.350,0.14309358596801758,450.4283752441406,29.84344482421875,73.9927749633789,33.37038040161133,25.993331909179688,2
11:53:12.350,3.4966166019439697,459.46148681640625,29.33402442932129,24.95137596130371,57.377044677734375,75.03472900390625,2
11:53:12.481,0.4940355718135834,451.6869812011719,29.66498374938965,75.67379760742188,48.68019104003906,24.31230926513672,2
11:53:12.481,3.866030693054199,456.1203918457031,29.38628387451172,25.048625946044922,41.20589065551758,74.9374771118164,2
11:53:12.481,0.8442898392677307,450.1187744140625,29.631370544433594,74.34009552001953,64.00389099121094,25.646013259887695,2
11:53:12.481,4.241997241973877,455.4444274902344,29.307273864746094,30.063905715942383,27.36871337890625,72.61739349365234,2
11:53:12.481,1.290001392364502,460.6228332519531,28.99371910095215,62.045013427734375,74.11781311035156,25.868297576904297,2
11:53:12.481,4.5934062004089355,454.8554992675781,29.22621726989746,44.79022216796875,24.868019104003906,75.11808776855469,2
11:53:12.481,1.6587226390838623,460.17938232421875,28.905733108520508,46.17949295043945,74.92359161376953,25.062517166137695,2
11:53:12.481,4.921983242034912,452.5914611816406,29.23002815246582,59.1136474609375,25.229230880737305,74.75688171386719,2
11:53:12.481,2.0247018337249756,460.54144287109375,28.777894973754883,31.064186096191406,72.39511108398438,27.59099578857422,2
11:53:12.481,5.260566234588623,455.245849609375,28.989948272705078,72.03389739990234,27.95220947265625,70.79743957519531,2
11:53:12.481,2.2982864379882812,452.74053955078125,29.061267852783203,26.104473114013672,73.88162994384766,36.28786087036133,2
11:53:12.481,5.5926408767700195,454.4829406738281,28.921112060546875,74.68741607666016,25.298694610595703,57.19644546508789,2
11:53:12.619,2.5352578163146973,447.6456604003906,29.21219825744629,24.7846622467041,75.20144653320312,46.373992919921875,2
11:53:12.619,5.885891914367676,453.9925842285156,28.844032287597656,74.7707748413086,25.215335845947266,44.5401496887207,2
11:53:12.619,2.848013401031494,449.3330078125,29.025848388671875,25.520977020263672,74.46513366699219,59.9194221496582,2
11:53:12.619,6.1320013999938965,448.7311096191406,29.005260467529297,73.3953857421875,26.59071922302246,34.162269592285156,2
11:53:12.619,3.0759334564208984,445.4883728027344,29.11832046508789,27.36871337890625,72.61739349365234,69.29702758789062,2
11:53:12.619,0.12915204465389252,443.52618408203125,29.166173934936523,73.3120346069336,33.17588424682617,26.674076080322266,2
11:53:12.619,3.4086756706237793,450.821533203125,28.751678466796875,25.909975051879883,60.933589935302734,74.07613372802734,2
11:53:12.619,0.341836541891098,442.20269775390625,29.133596420288086,74.81244659423828,42.095027923583984,25.17365837097168,2
11:53:12.619,3.627681255340576,446.51593017578125,28.870460510253906,25.006946563720703,51.6115608215332,74.97916412353516,2
11:53:12.619,0.5558471083641052,440.4903869628906,29.12453269958496,75.20144653320312,51.40316390991211,24.7846622467041,2
11:53:12.619,3.8923180103302,448.78497314453125,28.66086769104004,25.812726974487305,40.31675338745117,74.17337799072266,2
11:53:12.619,0.8028333187103271,442.1243896484375,28.94769287109375,74.09002685546875,61.9616584777832,25.896081924438477,2
11:53:12.619,4.11257791519165,446.4033203125,28.687299728393555,27.59099578857422,31.383716583251953,72.39511108398438,2
11:53:12.771,1.0553838014602661,449.51556396484375,28.48681640625,71.06140899658203,71.46429443359375,28.521812438964844,2
11:53:12.771,4.319721221923828,446.8191833496094,28.576139450073242,33.59266662597656,27.132537841796875,72.85356903076172,2
11:53:12.771,1.279097557067871,449.91107177734375,28.378225326538086,62.23950958251953,73.53431701660156,26.451793670654297,2
11:53:12.771,4.527998447418213,446.26483154296875,28.515045166015625,42.15060043334961,25.715476989746094,74.2706298828125,2
11:53:12.771,1.4848641157150269,446.9749450683594,28.435749053955078,53.65379333496094,74.53459167480469,25.451513290405273,2
11:53:12.771,4.673216342926025,440.3717346191406,28.72271156311035,48.305084228515625,25.131982803344727,74.8541259765625,2
11:53:12.771,1.6990864276885986,448.89794921875,28.253896713256836,44.567935943603516,74.2567367553711,25.7293701171875,2
11:53:12.771,4.8920817375183105,443.0859069824219,28.500812530517578,57.62711715698242,25.701581954956055,74.2845230102539,2
11:53:12.771,1.881062388420105,447.9408874511719,28.215452194213867,37.065853118896484,73.25646209716797,26.729646682739258,2
11:53:12.771,5.046586513519287,442.5625915527344,28.44256591796875,63.98999786376953,26.729646682739258,73.25646209716797,2
11:53:12.771,2.037156820297241,447.67315673828125,28.144792556762695,31.00861358642578,71.76993560791016,28.216171264648438,2
11:53:12.771,5.20071268081665,441.37005615234375,28.41802978515625,69.99166870117188,28.257850646972656,71.72825622558594,2
11:53:12.771,2.195861339569092,439.4378967285156,28.472471237182617,27.49374771118164,72.49236297607422,32.49513626098633,2
11:53:12.771,5.360080718994141,443.4192199707031,28.233718872070312,72.5201416015625,27.46596336364746,66.46290588378906,2
11:53:12.934,2.2951908111572266,439.0584411621094,28.40987205505371,26.66018295288086,73.325927734375,36.46846389770508,2
11:53:12.934,5.502470016479492,442.4233093261719,28.200769424438477,73.61767578125,26.368436813354492,60.752986907958984,2
11:53:12.934,2.3702774047851562,435.49755859375,28.50777244567871,26.062795639038086,73.9233169555664,39.5109748840332,2
11:53:12.934,5.615429878234863,442.1222229003906,28.137828826904297,74.10391235351562,25.882190704345703,56.0572395324707,2
11:53:12.934,2.5163979530334473,437.67303466796875,28.32027816772461,25.59044075012207,74.39566040039062,45.67935562133789,2
11:53:12.934,5.7158122062683105,437.5257873535156,28.288719177246094,74.46513366699219,25.520977020263672,51.84773635864258,2
11:53:12.934,2.5930254459381104,433.9447021484375,28.429866790771484,25.382051467895508,74.60405731201172,48.93025588989258,2
11:53:12.934,5.828998565673828,438.1275939941406,28.182649612426758,74.34009552001953,25.646013259887695,47.05473709106445,2
11:53:12.934,2.714559555053711,436.42071533203125,28.229589462280273,25.6599063873291,74.32620239257812,54.07057571411133,2
11:53:12.934,5.9434709548950195,438.50885009765625,28.087356567382812,73.90941619873047,26.076688766479492,42.28952407836914,2
11:53:12.934,2.79776668548584,434.87591552734375,28.232852935791016,25.937759399414062,74.04834747314453,57.57154846191406,2
11:53:12.934,6.046640396118164,438.9162902832031,27.994098663330078,73.24256896972656,26.743539810180664,38.10780715942383,2
11:53:12.934,2.8741531372070312,434.2774963378906,28.18938636779785,26.382328033447266,73.6037826538086,60.711307525634766,2
11:53:12.934,6.093185901641846,436.2472839355469,28.054786682128906,72.95082092285156,27.035287857055664,36.21839141845703,2
11:53:12.934,2.9452078342437744,432.9989318847656,28.18218421936035,26.88246726989746,73.10364532470703,63.573219299316406,2
11:53:13.112,6.184215545654297,437.0318298339844,27.94516944885254,72.04779052734375,27.93831443786621,32.71742248535156,2
11:53:13.112,3.0061216354370117,432.15655517578125,28.15495491027832,27.424283981323242,72.56182098388672,65.9766616821289,2
11:53:13.112,6.202200412750244,433.0660705566406,28.075227737426758,71.96443939208984,28.02167320251465,31.953319549560547,2
11:53:13.112,3.044074058532715,431.7095642089844,28.11041259765625,27.827173233032227,72.158935546875,67.4215087890625,2
11:53:13.112,6.268444061279297,434.53302001953125,27.934160232543945,71.11698150634766,28.869131088256836,29.577659606933594,2
11:53:13.112,3.1074540615081787,432.2624206542969,28.015104293823242,28.577381134033203,71.40872192382812,69.75548553466797,2
11:53:13.112,0.00940292701125145,434.2808532714844,27.881607055664062,71.01972961425781,29.424840927124023,28.966379165649414,2
11:53:13.112,3.1586740016937256,431.65423583984375,27.98017692565918,28.799667358398438,70.35287475585938,71.18643951416016,2
11:53:13.112,0.03315100073814392,432.6996154785156,27.89589500427246,71.29757690429688,30.286190032958984,28.688522338867188,2
11:53:13.112,3.139129400253296,433.91424560546875,27.803800582885742,29.105304718017578,70.88079833984375,70.75576782226562,2
11:53:13.112,0.07510662823915482,434.3854064941406,27.74650764465332,71.64490509033203,31.953319549560547,28.34120750427246,2
11:53:13.112,3.182774782180786,431.1860046386719,27.87427520751953,28.60516929626465,69.39427947998047,71.38093566894531,2
11:53:13.112,0.0857400968670845,433.6979675292969,27.716829299926758,71.72825622558594,32.37010192871094,28.257850646972656,2
11:53:13.112,3.1526317596435547,429.339111328125,27.904308319091797,28.938594818115234,70.51959228515625,71.04751586914062,2
11:53:13.112,0.08488503843545914,433.3876647949219,27.67073631286621,71.68657684326172,32.3562126159668,28.299528121948242,2
11:53:13.112,3.156209945678711,430.75543212890625,27.771203994750977,28.994163513183594,70.29730987548828,70.99193572998047,2
11:53:13.305,0.06549756228923798,426.7713623046875,27.938941955566406,71.70046997070312,31.45318031311035,28.285634994506836,2
11:53:13.305,3.148620367050171,432.1273498535156,27.642227172851562,29.174772262573242,70.4779052734375,70.81134033203125,2
11:53:13.305,0.069231316447258,432.3225402832031,27.6016788482666,71.47818756103516,31.828285217285156,28.507917404174805,2
11:53:13.305,3.1417641639709473,430.5579833984375,27.66047477722168,29.24423599243164,70.72798156738281,70.74187469482422,2
11:53:13.305,0.007494624238461256,428.1136474609375,27.753028869628906,70.89469146728516,29.452625274658203,29.091415405273438,2
11:53:13.305,3.0968167781829834,430.08447265625,27.62540054321289,28.75798988342285,71.22811889648438,69.08863830566406,2
11:53:13.305,0.011428531259298325,429.8355712890625,27.607831954956055,70.83912658691406,29.702695846557617,29.146984100341797,2
11:53:13.305,3.1103975772857666,430.0902099609375,27.566219329833984,28.952486038208008,71.03362274169922,69.5470962524414,2
11:53:13.305,6.268557071685791,429.5565185546875,27.564090728759766,70.83912658691406,29.146984100341797,29.841623306274414,2
11:53:13.305,3.070019483566284,426.82318115234375,27.67332649230957,28.43845558166504,71.54765319824219,68.13003540039062,2
11:53:13.305,6.2309489250183105,429.5473327636719,27.50909423828125,71.21422576904297,28.771881103515625,31.258684158325195,2
11:53:13.305,3.0050487518310547,425.1435241699219,27.701641082763672,27.771604537963867,72.2145004272461,65.6710205078125,2
11:53:13.305,6.165478229522705,428.2093505859375,27.520593643188477,71.89497375488281,28.091135025024414,33.68991470336914,2
11:53:13.305,2.9659500122070312,424.9438171386719,27.65725326538086,27.479854583740234,72.5062484741211,64.14281463623047,2
11:53:13.305,6.113338947296143,427.7840576171875,27.489118576049805,72.32564544677734,27.66046142578125,35.70436096191406,2
11:53:13.305,2.9026989936828613,424.16058349609375,27.644479751586914,27.02139663696289,72.96470642089844,61.642120361328125,2
11:53:13.305,6.036703586578369,425.7143859863281,27.540660858154297,72.93692779541016,27.04918098449707,38.69130325317383,2
11:53:13.506,2.8045666217803955,422.79931640625,27.66164207458496,26.451793670654297,73.53431701660156,57.68268585205078,2
11:53:13.506,5.9495158195495605,425.5241394042969,27.499195098876953,73.3814926147461,26.6046142578125,42.20616912841797,2
11:53:13.507,2.754913091659546,424.34912109375,27.533445358276367,26.368436813354492,73.61767578125,55.626564025878906,2
11:53:13.507,5.8844733238220215,425.98883056640625,27.42683982849121,73.56210327148438,26.42400550842285,44.87357711791992,2
11:53:13.507,2.6814515590667725,424.8984375,27.45672607421875,26.257293701171875,73.72881317138672,52.59794616699219,2
11:53:13.507,5.797013759613037,425.1531677246094,27.41937255859375,73.72881317138672,26.257293701171875,48.45790481567383,2
11:53:13.507,2.5637340545654297,421.5646667480469,27.57451057434082,26.14615249633789,73.83995819091797,47.74937438964844,2
11:53:13.507,5.71006441116333,425.5523986816406,27.351261138916016,73.64545440673828,26.340652465820312,52.02833938598633,2
11:53:13.507,2.4912102222442627,423.3917236328125,27.435049057006836,26.42400550842285,73.56210327148438,44.79022216796875,2
11:53:13.507,5.617766857147217,426.3775939941406,27.261898040771484,73.36759948730469,26.61850357055664,55.77938461303711,2
11:53:13.507,2.390711784362793,422.3268737792969,27.439985275268555,26.840787887573242,73.14531707763672,40.719642639160156,2
11:53:13.507,5.500053882598877,426.1216735839844,27.227712631225586,72.78411102294922,27.202001571655273,60.475135803222656,2
11:53:13.507,2.305375576019287,422.8780212402344,27.364999771118164,27.43817901611328,72.54792785644531,37.371490478515625,2
11:53:13.507,5.387371063232422,424.5414123535156,27.2580509185791,71.97832489013672,28.00777816772461,64.865234375,2
11:53:13.507,2.1735615730285645,420.2247009277344,27.451414108276367,28.53570556640625,71.45040130615234,32.286746978759766,2
11:53:13.507,5.226823806762695,424.9085388183594,27.196012496948242,70.06112670898438,29.49430274963379,70.49180603027344,2
11:53:13.507,2.100346088409424,425.958251953125,27.12024688720703,29.577659606933594,70.408447265625,29.869407653808594,2
11:53:13.507,5.146164417266846,422.9449462890625,27.24835205078125,67.17144012451172,28.577381134033203,71.40872192382812,2
11:53:13.507,2.0050878524780273,427.481201171875,26.999780654907227,32.95359802246094,71.20033264160156,28.78577423095703,2
11:53:13.507,5.034794807434082,423.81646728515625,27.16136360168457,62.9063606262207,27.688247680664062,72.29785919189453,2
11:53:13.719,1.8687808513641357,428.2102355957031,26.919118881225586,38.13559341430664,72.28396606445312,27.70214080810547,2
11:53:13.720,4.86968994140625,420.3162536621094,27.291885375976562,56.40455627441406,26.646289825439453,73.33981323242188,2
11:53:13.720,1.6891191005706787,424.6470031738281,27.054649353027344,45.20700454711914,73.25646209716797,26.729646682739258,2
11:53:13.720,4.732511520385742,420.94744873046875,27.21892738342285,50.819671630859375,26.42400550842285,73.56210327148438,2
11:53:13.720,1.5622119903564453,426.70465087890625,26.910234451293945,50.33342742919922,73.29814147949219,26.68796730041504,2
11:53:13.720,4.575807571411133,419.832763671875,27.232444763183594,44.42900848388672,26.63239860534668,73.35370635986328,2
11:53:13.720,1.37712824344635,422.0341491699219,27.1024169921875,57.82162094116211,73.0202865600586,26.965824127197266,2
11:53:13.720,4.416627883911133,418.47021484375,27.26146697998047,38.080020904541016,27.410390853881836,72.57572174072266,2
11:53:13.720,1.209713101387024,422.7780456542969,27.027273178100586,64.30953216552734,71.89497375488281,28.091135025024414,2
11:53:13.720,4.269116401672363,420.3382263183594,27.129653930664062,32.53681564331055,28.771881103515625,71.21422576904297,2
11:53:13.720,0.9862071871757507,423.9870910644531,26.929508209228516,70.86690521240234,68.0188980102539,29.119199752807617,2
11:53:13.720,4.103997230529785,419.91522216796875,27.113061904907227,28.730201721191406,32.71742248535156,71.25590515136719,2
11:53:13.720,0.8078710436820984,413.95660400390625,27.392545700073242,72.77021789550781,61.51708984375,27.215892791748047,2
11:53:13.720,3.9153964519500732,417.91229248046875,27.17560577392578,27.188106536865234,39.89997100830078,72.79800415039062,2
11:53:13.720,0.6278324127197266,413.30682373046875,27.388879776000977,73.58988189697266,54.26507568359375,26.396221160888672,2
11:53:13.720,3.730661630630493,417.2286376953125,27.173734664916992,26.507362365722656,47.33259201049805,73.47874450683594,2
11:53:13.720,0.4522377848625183,412.5587463378906,27.389686584472656,73.65934753417969,47.06863021850586,26.326757431030273,2
11:53:13.720,3.5546724796295166,418.6605529785156,27.06587791442871,26.701862335205078,54.47346496582031,73.28424072265625,2
11:53:13.720,0.2832310199737549,411.9453430175781,27.383338928222656,73.0202865600586,40.219505310058594,26.965824127197266,2
11:53:13.720,3.3652234077453613,417.3428955078125,27.095027923583984,27.577104568481445,62.003334045410156,72.40900421142578,2
11:53:13.942,0.1371806114912033,412.75262451171875,27.30657958984375,71.89497375488281,34.55126190185547,28.091135025024414,2
11:53:13.942,3.1662707328796387,414.4570007324219,27.20363426208496,29.2998046875,69.5193099975586,70.6863021850586,2
11:53:13.942,6.255448818206787,419.00994873046875,26.95936393737793,70.53348541259766,29.452625274658203,30.758544921875,2
11:53:13.942,2.973630905151367,416.426025390625,27.07082176208496,28.02167320251465,71.96443939208984,64.12892150878906,2
11:53:13.942,6.073133945465088,420.0123291015625,26.873302459716797,72.13114166259766,27.854961395263672,37.56599044799805,2
11:53:13.942,2.777344226837158,415.03460693359375,27.105297088623047,26.813003540039062,73.17310333251953,56.44623565673828,2
11:53:13.942,5.886538505554199,419.4080505371094,26.86929702758789,73.07585144042969,26.91025161743164,44.88746643066406,2
11:53:13.942,2.5990071296691895,415.5915222167969,27.042957305908203,26.576826095581055,73.40928649902344,49.222007751464844,2
11:53:13.942,5.655064582824707,415.5442810058594,27.028379440307617,73.27034759521484,26.715755462646484,54.22339630126953,2
11:53:13.942,2.4037387371063232,412.8995361328125,27.143993377685547,27.02139663696289,72.96470642089844,41.33092498779297,2
11:53:13.942,5.468496322631836,417.4991760253906,26.89798927307129,72.31175231933594,27.674352645874023,61.57265853881836,2
11:53:13.942,2.2613365650177,415.7703552246094,26.966697692871094,28.105030059814453,71.8810806274414,35.87107849121094,2
11:53:13.942,5.258787155151367,417.7533874511719,26.85085105895996,70.3945541381836,29.591554641723633,69.32481384277344,2
11:53:13.942,2.047667980194092,419.4320373535156,26.750898361206055,31.578216552734375,70.57515716552734,29.410945892333984,2
11:53:13.942,5.0432281494140625,415.741455078125,26.920204162597656,63.1147575378418,27.93831443786621,72.04779052734375,2
11:53:13.942,1.8437485694885254,421.5830993652344,26.612001419067383,39.23311996459961,72.18672180175781,27.799388885498047,2
11:53:13.942,4.811850547790527,415.097412109375,26.920738220214844,54.0011100769043,26.799110412597656,73.18699645996094,2
11:53:13.942,1.5821399688720703,417.56683349609375,26.782390594482422,49.54153823852539,73.18699645996094,26.799110412597656,2
11:53:13.942,4.571662902832031,413.28643798828125,26.982160568237305,44.31786346435547,26.85468292236328,73.13142395019531,2
11:53:13.942,1.3444164991378784,417.3186950683594,26.76608657836914,59.00250244140625,72.57572174072266,27.410390853881836,2
11:53:13.942,4.36221981048584,415.008056640625,26.867141723632812,36.16282272338867,28.132814407348633,71.8532943725586,2
11:53:13.942,1.0611432790756226,418.29437255859375,26.69009780883789,69.5193099975586,70.17227172851562,29.813838958740234,2
11:53:14.173,4.1155009269714355,414.23712158203125,26.878252029418945,29.035842895507812,32.43956756591797,70.95026397705078,2
11:53:14.173,0.7991342544555664,409.6659240722656,27.09344482421875,72.57572174072266,61.044734954833984,27.410390853881836,2
11:53:14.173,3.870553493499756,413.3215637207031,26.896438598632812,27.188106536865234,41.761600494384766,72.79800415039062,2
11:53:14.173,0.5667724609375,409.668212890625,27.066335678100586,73.40928649902344,51.75048828125,26.576826095581055,2
11:53:14.173,3.627044200897217,413.28204345703125,26.871267318725586,26.743539810180664,51.528202056884766,73.24256896972656,2
11:53:14.173,0.32531502842903137,407.4682312011719,27.14836883544922,73.04806518554688,41.96998977661133,26.938039779663086,2
11:53:14.173,3.3828861713409424,414.62237548828125,26.77730941772461,27.716032028198242,61.18366241455078,72.27008056640625,2
11:53:14.173,0.13358798623085022,407.6922302246094,27.109142303466797,71.70046997070312,34.53737258911133,28.285634994506836,2
11:53:14.173,3.1355366706848145,413.7372131347656,26.793256759643555,29.827728271484375,70.15837860107422,69.88052368164062,2
11:53:14.173,6.186118125915527,415.2001647949219,26.706148147583008,71.04751586914062,28.938594818115234,33.42594909667969,2
11:53:14.173,2.8676183223724365,411.6086120605469,26.872753143310547,27.43817901611328,72.54792785644531,59.94720458984375,2
11:53:14.173,5.9293131828308105,414.5281677246094,26.71417236328125,72.79800415039062,27.188106536865234,43.2203369140625,2
11:53:14.173,2.620959997177124,412.682373046875,26.793025970458984,26.785219192504883,73.20088958740234,50.11114501953125,2
11:53:14.173,5.686555862426758,415.4733581542969,26.639516830444336,73.00639343261719,26.979717254638672,52.903587341308594,2
11:53:14.173,2.3628787994384766,409.62939453125,26.919286727905273,27.43817901611328,72.54792785644531,39.8027229309082,2
11:53:14.173,5.401299476623535,414.8359375,26.64638328552246,71.60321807861328,28.382884979248047,64.00389099121094,2
11:53:14.173,2.1770331859588623,411.5722351074219,26.79573631286621,29.008058547973633,70.9780502319336,32.84245681762695,2
11:53:14.173,5.17332649230957,413.64483642578125,26.67916488647461,67.79661560058594,29.2998046875,70.6863021850586,2
11:53:14.173,1.9479814767837524,418.3236999511719,26.433147430419922,35.38482666015625,71.2697982788086,28.716310501098633,2
11:53:14.173,4.893077373504639,413.15521240234375,26.67928695678711,57.18254852294922,27.257570266723633,72.7285385131836,2
11:53:14.173,1.666260838508606,417.96588134765625,26.426057815551758,46.22117233276367,72.77021789550781,27.215892791748047,2
11:53:14.173,4.6161627769470215,411.31817626953125,26.745515823364258,46.1378173828125,26.938039779663086,73.04806518554688,2
11:53:14.402,1.3610343933105469,415.9129943847656,26.50459098815918,58.26618576049805,72.43678283691406,27.549320220947266,2
11:53:14.402,4.344334602355957,411.8768310546875,26.694215774536133,35.57932662963867,28.424560546875,71.5615463256836,2
11:53:14.402,1.0414369106292725,418.3995666503906,26.35725212097168,69.824951171875,69.56098937988281,30.161157608032227,2
11:53:14.402,4.087686538696289,412.6187744140625,26.63237953186035,28.952486038208008,33.6065559387207,71.03362274169922,2
11:53:14.402,0.7626732587814331,408.3480529785156,26.834733963012695,72.57572174072266,59.530426025390625,27.410390853881836,2
11:53:14.402,3.8055481910705566,412.2862243652344,26.626806259155273,27.160322189331055,44.401222229003906,72.8257827758789,2
11:53:14.402,0.4673106074333191,406.08544921875,26.92599868774414,73.27034759521484,47.721588134765625,26.715755462646484,2
11:53:14.402,3.4978878498077393,410.44146728515625,26.69801139831543,27.188106536865234,56.66851806640625,72.79800415039062,2
11:53:14.402,0.18777509033679962,404.5878601074219,26.980085372924805,72.04779052734375,36.6629638671875,27.93831443786621,2
11:53:14.402,3.180053949356079,410.3971862792969,26.680273056030273,29.549875259399414,68.657958984375,70.43623352050781,2
11:53:14.402,6.238120079040527,411.6944580078125,26.603981018066406,70.45012664794922,29.535982131958008,31.61989402770996,2
11:53:14.402,2.8966379165649414,408.9033203125,26.734539031982422,27.72992515563965,72.25617980957031,61.01694869995117,2
11:53:14.402,5.922360420227051,410.6765441894531,26.63644027709961,72.75631713867188,27.229785919189453,43.512088775634766,2
11:53:14.403,2.6263232231140137,409.8058166503906,26.669740676879883,26.896360397338867,73.08975219726562,50.31953430175781,2
11:53:14.403,5.633763313293457,411.0712890625,26.596567153930664,72.83967590332031,27.14642906188965,55.00138854980469,2
11:53:14.403,2.328909397125244,406.76983642578125,26.80120277404785,27.743816375732422,72.2422866821289,38.538482666015625,2
11:53:14.647,5.32764196395874,411.1831970214844,26.571035385131836,70.89469146728516,29.091415405273438,66.68518829345703,2
11:53:14.647,2.098611354827881,415.7896728515625,26.330188751220703,30.20283317565918,69.78327178955078,30.383440017700195,2
11:53:14.647,5.018332004547119,409.1622619628906,26.651498794555664,62.03112030029297,27.97999382019043,72.00611114501953,2
11:53:14.647,1.7958178520202637,415.305908203125,26.334054946899414,41.178104400634766,72.2283935546875,27.757709503173828,2
11:53:14.647,4.716148376464844,409.7602233886719,26.601964950561523,50.1389274597168,26.951929092407227,73.03417205810547,2
11:53:14.647,1.4727083444595337,416.09613037109375,26.275266647338867,53.848289489746094,72.64517974853516,27.340927124023438,2
11:53:14.647,4.428147792816162,410.92510986328125,26.522785186767578,38.830230712890625,27.95220947265625,72.03389739990234,2
11:53:14.647,1.1141999959945679,411.8793640136719,26.46529769897461,67.49097442626953,70.56126403808594,29.424840927124023,2
11:53:14.647,4.143145561218262,410.470458984375,26.525772094726562,29.591554641723633,31.68935775756836,70.3945541381836,2
11:53:14.647,0.7923040390014648,406.21282958984375,26.7297420501709,72.31175231933594,60.641841888427734,27.674352645874023,2
11:53:14.647,3.853775978088379,411.5650329589844,26.45106315612793,27.49374771118164,42.55348587036133,72.49236297607422,2
11:53:14.647,0.4823854863643646,404.13397216796875,26.81397819519043,73.20088958740234,48.33287048339844,26.785219192504883,2
11:53:14.647,3.521599531173706,409.74896240234375,26.522777557373047,27.257570266723633,55.68213653564453,72.7285385131836,2
11:53:14.647,0.2093375027179718,405.0677185058594,26.74687957763672,72.02000427246094,37.59377670288086,27.966102600097656,2
11:53:14.647,3.2145450115203857,409.6695251464844,26.507110595703125,29.327592849731445,67.31036376953125,70.65851593017578,2
11:53:14.647,6.234385013580322,410.1292724609375,26.475017547607422,70.38066101074219,29.605445861816406,31.842178344726562,2
11:53:14.647,2.895190954208374,407.79345703125,26.582996368408203,27.854961395263672,72.13114166259766,60.90580749511719,2
11:53:14.647,5.921938896179199,410.0379333496094,26.462064743041992,72.60350036621094,27.382606506347656,43.58155059814453,2
11:53:14.647,2.5829310417175293,407.0455627441406,26.602323532104492,26.965824127197266,73.0202865600586,48.596832275390625,2
11:53:14.647,5.582583427429199,409.25848388671875,26.48294448852539,72.57572174072266,27.410390853881836,56.98805618286133,2
11:53:14.647,2.278613805770874,405.938232421875,26.640554428100586,28.243955612182617,71.74215698242188,36.69074630737305,2
11:53:14.647,5.2520904541015625,410.0382995605469,26.428543090820312,69.99166870117188,29.994443893432617,69.2553482055664,2
11:53:14.648,1.992069125175476,410.8533935546875,26.379295349121094,33.81494903564453,70.83912658691406,29.146984100341797,2
11:53:14.648,4.94484806060791,408.7649230957031,26.47646713256836,59.14142608642578,27.674352645874023,72.31175231933594,2
11:53:14.648,1.6697688102722168,412.20855712890625,26.2973575592041,46.09613800048828,72.65907287597656,27.32703399658203,2
11:53:14.648,4.620113849639893,409.2251892089844,26.438690185546875,46.332313537597656,27.188106536865234,72.79800415039062,2
11:53:14.648,1.3052420616149902,411.32012939453125,26.327245712280273,60.363990783691406,71.99221801757812,27.993886947631836,2
11:53:14.648,4.263273239135742,405.8063049316406,26.594707489013672,32.675743103027344,29.24423599243164,70.74187469482422,2
11:53:14.648,0.8877177834510803,401.9525451660156,26.781686782836914,71.67268371582031,64.29563903808594,28.313419342041016,2
11:53:14.648,3.919246196746826,406.8362121582031,26.52889060974121,27.757709503173828,39.99721908569336,72.2283935546875,2
11:53:14.894,0.5674026012420654,402.1376953125,26.757295608520508,73.14531707763672,51.75048828125,26.840787887573242,2
11:53:14.894,3.5940136909484863,407.5454406738281,26.47897720336914,27.11864471435547,52.820228576660156,72.86746215820312,2
11:53:14.894,0.25225362181663513,401.83575439453125,26.757057189941406,72.31175231933594,39.23311996459961,27.674352645874023,2
11:53:14.894,3.2564425468444824,407.7688293457031,26.45291519165039,28.966379165649414,65.76827239990234,71.01972961425781,2
11:53:14.894,6.266411781311035,408.6792907714844,26.399564743041992,69.97777557373047,30.008337020874023,30.772436141967773,2
11:53:14.894,2.916553020477295,406.2308349609375,26.514360427856445,28.049457550048828,71.9366455078125,61.69769287109375,2
11:53:14.894,5.932372093200684,409.62054443359375,26.33773422241211,72.4645767211914,27.52153205871582,43.20644760131836,2
11:53:14.894,2.5802905559539795,406.6772155761719,26.476726531982422,27.07696533203125,72.90914154052734,48.49958419799805,2
11:53:14.894,5.594701766967773,409.3036193847656,26.33757209777832,72.49236297607422,27.49374771118164,56.47401809692383,2
11:53:14.894,2.2563838958740234,404.87396240234375,26.5517520904541,28.480133056640625,71.50597381591797,35.898860931396484,2
11:53:14.894,5.222814083099365,409.357177734375,26.320837020874023,69.28313446044922,30.1055850982666,69.88052368164062,2
11:53:14.894,1.9815139770507812,411.47296142578125,26.206714630126953,34.30119323730469,70.79743957519531,29.188663482666016,2
11:53:14.894,4.932252407073975,408.126708984375,26.36648178100586,58.613502502441406,27.70214080810547,72.28396606445312,2
11:53:14.894,1.6581004858016968,413.7165832519531,26.080656051635742,46.58238220214844,72.49236297607422,27.49374771118164,2
11:53:14.894,4.583526134490967,409.0167541503906,26.307722091674805,44.915252685546875,27.396499633789062,72.58960723876953,2
11:53:14.894,1.2751394510269165,412.1572570800781,26.14376449584961,61.419837951660156,71.64490509033203,28.34120750427246,2
11:53:14.894,4.23060941696167,406.1847839355469,26.43412208557129,31.61989402770996,29.702695846557617,70.28341674804688,2
11:53:14.894,0.8396441340446472,401.35040283203125,26.6704044342041,71.95054626464844,62.43401336669922,28.035566329956055,2
11:53:14.894,3.8695404529571533,406.1614074707031,26.422761917114258,27.59099578857422,41.95610046386719,72.39511108398438,2
11:53:14.894,0.494424968957901,401.13861083984375,26.667654037475586,73.07585144042969,48.8330078125,26.91025161743164,2
11:53:14.894,3.5202999114990234,407.14697265625,26.359832763671875,27.410390853881836,55.69602966308594,72.57572174072266,2
11:53:14.894,0.19502206146717072,402.53118896484375,26.58387565612793,71.78382873535156,37.12142562866211,28.20227813720703,2
11:53:14.894,3.1441028118133545,406.64404296875,26.372966766357422,30.188941955566406,69.68602752685547,69.79716491699219,2
11:53:14.894,6.170029640197754,408.49273681640625,26.274051666259766,70.85301208496094,29.133092880249023,34.27341079711914,2
11:53:15.149,2.781081438064575,403.11761474609375,26.537572860717773,27.313142776489258,72.67296600341797,56.46012878417969,2
11:53:15.150,5.78504753112793,405.24566650390625,26.425430297851562,72.86746215820312,27.11864471435547,48.9858283996582,2
11:53:15.150,2.4334516525268555,402.86187744140625,26.53973388671875,27.396499633789062,72.58960723876953,42.692413330078125,2
11:53:15.150,5.424214839935303,405.84271240234375,26.385129928588867,71.575439453125,28.410669326782227,63.01750564575195,2
11:53:15.150,2.1144521236419678,407.97698974609375,26.273771286010742,30.063905715942383,69.92220306396484,30.9808292388916,2
11:53:15.150,5.031651973724365,404.047607421875,26.46555519104004,62.447898864746094,28.230064392089844,71.75604248046875,2
11:53:15.150,1.7613322734832764,409.21539306640625,26.20232391357422,42.55348587036133,72.27008056640625,27.716032028198242,2
11:53:15.150,4.688940525054932,405.8109436035156,26.366708755493164,49.06918716430664,27.160322189331055,72.8257827758789,2
11:53:15.150,1.3784009218215942,410.03961181640625,26.150964736938477,57.488189697265625,72.2283935546875,27.757709503173828,2
11:53:15.150,4.32279634475708,405.45574951171875,26.374120712280273,34.96804428100586,28.869131088256836,71.11698150634766,2
11:53:15.150,0.9051954746246338,399.4264221191406,26.6713809967041,71.43651580810547,64.89302825927734,28.549596786499023,2
11:53:15.150,3.9655656814575195,406.475830078125,26.311386108398438,28.230064392089844,38.316200256347656,71.75604248046875,2
11:53:15.150,0.5776933431625366,400.80120849609375,26.58986473083496,72.99250030517578,52.153377532958984,26.993608474731445,2
11:53:15.150,3.5589308738708496,402.3992004394531,26.50444793701172,27.174217224121094,54.20949935913086,72.8118896484375,2
11:53:15.150,0.22629304230213165,399.6665344238281,26.636409759521484,72.04779052734375,38.288414001464844,27.93831443786621,2
11:53:15.150,3.216085195541382,406.0773620605469,26.309886932373047,29.46651840209961,67.1297607421875,70.51959228515625,2
11:53:15.150,6.2274489402771,407.3689880371094,26.238588333129883,70.26951599121094,29.71658706665039,32.24506759643555,2
11:53:15.150,2.826146125793457,402.60626220703125,26.472797393798828,27.56321144104004,72.42289733886719,58.19672393798828,2
11:53:15.150,5.856060981750488,407.2365417480469,26.235305786132812,72.60350036621094,27.382606506347656,46.207279205322266,2
11:53:15.150,2.5064961910247803,404.1905517578125,26.381746292114258,27.285358428955078,72.70075225830078,45.59599685668945,2
11:53:15.150,5.472711563110352,404.1531982421875,26.377792358398438,71.90885925292969,28.07724380493164,61.18366241455078,2
11:53:15.150,2.2188994884490967,402.35821533203125,26.461606979370117,28.88302230834961,71.10308074951172,34.565155029296875,2
11:53:15.150,5.132987976074219,406.7610778808594,26.236360549926758,66.06002044677734,29.25812530517578,70.72798156738281,2
11:53:15.150,1.8601552248001099,411.1166687011719,26.012493133544922,38.85801696777344,71.5893325805664,28.39677619934082,2
11:53:15.150,4.750202178955078,404.884765625,26.318143844604492,51.48652267456055,27.215892791748047,72.77021789550781,2
11:53:15.413,1.4440267086029053,407.9273376464844,26.16160011291504,54.95970916748047,72.4645767211914,27.52153205871582,2
11:53:15.413,4.380332946777344,404.652587890625,26.32052230834961,37.12142562866211,28.43845558166504,71.54765319824219,2
11:53:15.413,1.0111159086227417,410.5576171875,26.021785736083984,69.90830993652344,68.28285217285156,30.077800750732422,2
11:53:15.413,4.011594772338867,405.4101867675781,26.272747039794922,28.59127426147461,36.607391357421875,71.39482879638672,2
11:53:15.413,0.6416420936584473,401.892333984375,26.444425582885742,72.7285385131836,54.66796112060547,27.257570266723633,2
11:53:15.413,3.6374950408935547,405.62005615234375,26.2534122467041,27.271465301513672,51.08363723754883,72.71464538574219,2
11:53:15.413,0.2862113118171692,401.5804138183594,26.450475692749023,72.25617980957031,40.6640739440918,27.72992515563965,2
11:53:15.413,3.2227652072906494,403.5599670410156,26.34775161743164,29.3692684173584,66.907470703125,70.61683654785156,2
11:53:15.413,6.193942546844482,403.0600280761719,26.369020462036133,70.7140884399414,29.27202033996582,33.342594146728516,2
11:53:15.413,2.826270818710327,401.6771545410156,26.435205459594727,27.59099578857422,72.39511108398438,58.19672393798828,2
11:53:15.413,5.819989204406738,404.54534912109375,26.28700828552246,72.71464538574219,27.271465301513672,47.61044692993164,2
11:53:15.413,2.455672025680542,402.2726135253906,26.397729873657227,27.43817901611328,72.54792785644531,43.59544372558594,2
11:53:15.413,5.42779541015625,404.82757568359375,26.266725540161133,71.50597381591797,28.480133056640625,62.823001861572266,2
11:53:15.413,2.1362342834472656,407.33514404296875,26.137502670288086,29.938871383666992,70.04723358154297,31.828285217285156,2
11:53:15.413,5.05660343170166,404.53070068359375,26.27425765991211,63.29535675048828,28.577381134033203,71.40872192382812,2
11:53:15.413,1.747552752494812,408.22772216796875,26.085693359375,43.109195709228516,72.2283935546875,27.757709503173828,2
11:53:15.413,4.653506755828857,403.62445068359375,26.311758041381836,47.666019439697266,27.24367904663086,72.74242401123047,2
11:53:15.413,1.337559461593628,408.89654541015625,26.04475212097168,59.016395568847656,71.9366455078125,28.049457550048828,2
11:53:15.413,4.272700786590576,404.3921813964844,26.264659881591797,33.217559814453125,29.410945892333984,70.57515716552734,2
11:53:15.413,0.8823752403259277,399.5134582519531,26.50495147705078,71.49208068847656,63.94832229614258,28.494028091430664,2
11:53:15.413,3.8629543781280518,401.8034362792969,26.385643005371094,27.59099578857422,42.220062255859375,72.39511108398438,2
11:53:15.413,0.4908072054386139,397.9853210449219,26.573320388793945,72.99250030517578,48.68019104003906,26.993608474731445,2
11:53:15.413,3.508207082748413,405.315673828125,26.200803756713867,27.577104568481445,56.140594482421875,72.40900421142578,2
11:53:15.413,0.17981480062007904,400.7871398925781,26.42181968688965,71.53376007080078,36.63517379760742,28.452348709106445,2
11:53:15.413,3.0953125953674316,405.1234130859375,26.202184677124023,29.841623306274414,70.14448547363281,68.04667663574219,2
11:53:15.413,6.11659574508667,405.8251953125,26.162668228149414,71.22811889648438,28.75798988342285,36.273963928222656,2
11:53:15.672,2.7346770763397217,402.662109375,26.31631851196289,27.354822158813477,72.63128662109375,54.5846061706543,2
11:53:15.672,5.71197509765625,403.5233154296875,26.268938064575195,72.71464538574219,27.271465301513672,51.86162567138672,2
11:53:15.672,2.3712496757507324,400.73980712890625,26.40364646911621,27.813282012939453,72.1728286743164,40.31675338745117,2
11:53:15.672,5.341950416564941,404.6612243652344,26.20344352722168,70.74187469482422,29.24423599243164,65.93498229980469,2
11:53:15.672,2.072415828704834,410.0288391113281,25.930063247680664,31.286468505859375,69.68602752685547,30.30008316040039,2
11:53:15.672,4.948215007781982,403.39605712890625,26.257278442382812,59.196998596191406,27.88274574279785,72.10336303710938,2
11:53:15.672,1.6379570960998535,406.6043395996094,26.093990325927734,47.36037826538086,72.5340347290039,27.452070236206055,2
11:53:15.672,4.544427871704102,403.2275695800781,26.25958824157715,43.41483688354492,27.577104568481445,72.40900421142578,2
11:53:15.672,1.2243373394012451,409.77081298828125,25.929716110229492,63.19811248779297,71.11698150634766,28.869131088256836,2
11:53:15.672,4.162600040435791,403.9556579589844,26.215328216552734,30.036121368408203,31.23089599609375,69.94998168945312,2
11:53:15.673,0.7924354672431946,401.1266784667969,26.353652954101562,71.99221801757812,60.48902130126953,27.993886947631836,2
11:53:15.673,3.78072452545166,403.7459716796875,26.219402313232422,27.43817901611328,45.457069396972656,72.54792785644531,2
11:53:15.673,0.41503775119781494,400.62615966796875,26.37249755859375,72.70075225830078,45.7071418762207,27.285358428955078,2
11:53:15.673,3.3573296070098877,402.4231262207031,26.280078887939453,28.299528121948242,61.933868408203125,71.68657684326172,2
11:53:15.673,0.05315884202718735,403.0732116699219,26.244129180908203,70.25562286376953,32.14781951904297,29.730480194091797,2
11:53:15.673,2.940185070037842,400.7367248535156,26.35914421081543,28.34120750427246,71.64490509033203,62.51736831665039,2
11:53:15.673,5.923642158508301,403.32958984375,26.22578239440918,72.39511108398438,27.59099578857422,43.567657470703125,2
11:53:15.673,2.556394338607788,401.3334655761719,26.323589324951172,27.24367904663086,72.74242401123047,47.56876754760742,2
11:53:15.673,5.512158393859863,403.2064514160156,26.2286376953125,72.02000427246094,27.966102600097656,59.62767791748047,2
11:53:15.673,2.2023375034332275,402.4736328125,26.262237548828125,29.188663482666016,70.79743957519531,34.092803955078125,2
11:53:15.673,5.126053810119629,403.83514404296875,26.191301345825195,65.78215789794922,29.2303409576416,70.75576782226562,2
11:53:15.673,1.8169316053390503,407.2589416503906,26.017223358154297,40.48346710205078,71.83940124511719,28.14670753479004,2
11:53:15.673,4.733927249908447,404.2254943847656,26.165891647338867,50.83356475830078,27.340927124023438,72.64517974853516,2
11:53:15.673,1.4012870788574219,407.9911193847656,25.975168228149414,56.57126998901367,72.158935546875,27.827173233032227,2
11:53:15.673,4.312870979309082,402.29510498046875,26.255908966064453,34.676300048828125,29.04973602294922,70.93637084960938,2
11:53:15.673,0.9133773446083069,398.16241455078125,26.46062660217285,71.18643951416016,65.0736312866211,28.799667358398438,2
11:53:15.926,3.8969907760620117,401.3587341308594,26.296916961669922,27.827173233032227,40.928035736083984,72.158935546875,2
11:53:15.926,0.5012663006782532,397.132568359375,26.505680084228516,72.93692779541016,49.11086654663086,27.04918098449707,2
11:53:15.926,3.5184338092803955,404.1400146484375,26.150800704956055,27.59099578857422,55.72380828857422,72.39511108398438,2
11:53:15.926,0.1753115952014923,399.38037109375,26.384355545043945,71.46429443359375,36.48235321044922,28.521812438964844,2
11:53:15.926,3.106222629547119,404.08245849609375,26.147035598754883,29.994443893432617,69.99166870117188,68.39399719238281,2
11:53:15.926,6.1031670570373535,405.154052734375,26.089862823486328,71.2697982788086,28.716310501098633,36.8157844543457,2
11:53:15.926,2.721564531326294,401.8211669921875,26.25305938720703,27.382606506347656,72.60350036621094,54.07057571411133,2
11:53:15.926,5.688486576080322,402.227294921875,26.229049682617188,72.64517974853516,27.340927124023438,52.792442321777344,2
11:53:15.926,2.351663589477539,400.0719299316406,26.333148956298828,27.993886947631836,71.99221801757812,39.594329833984375,2
11:53:15.926,5.297837734222412,404.7356872558594,26.097118377685547,70.22784423828125,29.75826644897461,67.4354019165039,2
11:53:15.926,2.0210938453674316,408.357666015625,25.911924362182617,33.07863235473633,70.20005798339844,29.78605079650879,2
11:53:15.926,4.89962100982666,402.54876708984375,26.198999404907227,57.30758285522461,27.70214080810547,72.28396606445312,2
11:53:15.926,1.5766454935073853,405.655517578125,26.041200637817383,49.763824462890625,72.54792785644531,27.43817901611328,2
11:53:15.926,4.493374347686768,403.1816711425781,26.162738800048828,41.469852447509766,27.88274574279785,72.10336303710938,2
11:53:15.926,1.1505672931671143,409.119384765625,25.863771438598633,65.82383728027344,70.43623352050781,29.549875259399414,2
11:53:15.926,4.088536739349365,402.6062316894531,26.185121536254883,29.313697814941406,33.85662841796875,70.67240905761719,2
11:53:15.926,0.7259696125984192,400.4646911621094,26.28975486755371,72.29785919189453,57.91886520385742,27.688247680664062,2
11:53:15.927,3.6703040599823,401.7057800292969,26.225812911987305,27.285358428955078,49.79161071777344,72.70075225830078,2
11:53:15.927,0.3147903084754944,398.5516357421875,26.38154411315918,72.33953857421875,41.78938674926758,27.646568298339844,2
11:53:15.927,3.2576804161071777,402.01885986328125,26.20620346069336,29.160877227783203,65.57376861572266,70.82523345947266,2
11:53:15.927,6.201786518096924,401.2003479003906,26.244720458984375,70.53348541259766,29.452625274658203,33.14809799194336,2
11:53:15.927,2.8107144832611084,399.1378173828125,26.34688949584961,27.604888916015625,72.38121795654297,57.557655334472656,2
11:53:15.927,5.818516254425049,403.0989685058594,26.145776748657227,72.60350036621094,27.382606506347656,47.679908752441406,2
11:53:15.927,2.433215856552124,400.22833251953125,26.288137435913086,27.618783950805664,72.36732482910156,42.74798583984375,2
11:53:15.927,5.367431163787842,402.1257019042969,26.192119598388672,70.95026397705078,29.035842895507812,65.0041732788086,2
11:53:15.927,2.074272394180298,406.1109313964844,25.991304397583008,31.189218521118164,69.71380615234375,30.27229881286621,2
11:53:16.183,4.968451976776123,402.23187255859375,26.183334350585938,59.94720458984375,28.063350677490234,71.9227523803711,2
11:53:16.183,1.6606985330581665,406.4668884277344,25.970064163208008,46.499027252197266,72.39511108398438,27.59099578857422,2
11:53:16.183,4.545862197875977,402.2552490234375,26.17840003967285,43.48429870605469,27.632675170898438,72.35343170166016,2
11:53:16.183,1.1874139308929443,406.4564208984375,25.9670352935791,64.55960083007812,70.85301208496094,29.133092880249023,2
11:53:16.183,4.147947788238525,402.7853698730469,26.146989822387695,29.938871383666992,31.786609649658203,70.04723358154297,2
11:53:16.183,0.7327706813812256,397.49774169921875,26.40999984741211,72.36732482910156,58.22450637817383,27.618783950805664,2
11:53:16.183,3.708731174468994,400.8060607910156,26.241281509399414,27.285358428955078,48.27730178833008,72.70075225830078,2
11:53:16.183,0.3386135399341583,396.8865051269531,26.435134887695312,72.49236297607422,42.70630645751953,27.49374771118164,2
11:53:16.183,3.3223683834075928,403.32318115234375,26.109792709350586,28.702417373657227,63.15643310546875,71.28369140625,2
11:53:16.183,0.022200293838977814,404.86962890625,26.028446197509766,69.75548553466797,31.23089599609375,30.230621337890625,2
11:53:16.184,2.8909807205200195,400.00885009765625,26.270118713378906,28.091135025024414,71.89497375488281,60.61405944824219,2
11:53:16.184,5.899284362792969,404.5834045410156,26.038387298583984,72.32564544677734,27.66046142578125,44.55404281616211,2
11:53:16.184,2.524825096130371,401.4709167480469,26.191051483154297,27.410390853881836,72.57572174072266,46.332313537597656,2
11:53:16.184,5.46781587600708,401.4192810058594,26.19099235534668,71.71436309814453,28.271739959716797,61.29480743408203,2
11:53:16.184,2.196345806121826,407.940185546875,25.86240577697754,29.563766479492188,70.4223403930664,34.12059020996094,2
11:53:16.184,5.0786356925964355,403.7113952636719,26.071666717529297,64.00389099121094,28.910810470581055,71.0752944946289,2
11:53:16.184,1.7824537754058838,407.8109130859375,25.86359405517578,41.8449592590332,71.89497375488281,28.091135025024414,2
11:53:16.184,4.652489185333252,401.781005859375,26.162073135375977,47.63823318481445,27.382606506347656,72.60350036621094,2
11:53:16.184,1.312943935394287,405.203369140625,25.989925384521484,59.93331527709961,71.75604248046875,28.230064392089844,2
11:53:16.184,4.244035720825195,402.4985046386719,26.122655868530273,32.30064010620117,29.799943923950195,70.18616485595703,2
11:53:16.184,0.8168154954910278,395.9562683105469,26.449018478393555,71.9227523803711,61.46151351928711,28.063350677490234,2
11:53:16.184,3.826831102371216,402.0685119628906,26.1395320892334,27.646568298339844,43.67879867553711,72.33953857421875,2
11:53:16.184,0.4553135633468628,399.35504150390625,26.273141860961914,72.68685913085938,47.304805755615234,27.29924964904785,2
11:53:16.184,3.396413564682007,400.92010498046875,26.193777084350586,28.11892318725586,60.43345260620117,71.8671875,2
11:53:16.184,0.08849465847015381,398.89849853515625,26.293182373046875,70.64462280273438,33.37038040161133,29.34148406982422,2
11:53:16.443,2.958772659301758,398.3756103515625,26.318510055541992,28.507917404174805,71.47818756103516,63.18421936035156,2
11:53:16.443,5.9197821617126465,400.4747009277344,26.21213722229004,72.40900421142578,27.577104568481445,43.72047805786133,2
11:53:16.443,2.5381476879119873,398.7774963378906,26.296361923217773,27.285358428955078,72.70075225830078,46.846343994140625,2
11:53:16.443,5.526819229125977,402.1712341308594,26.124500274658203,72.00611114501953,27.97999382019043,59.03028869628906,2
11:53:16.443,2.1657907962799072,400.21685791015625,26.221302032470703,29.563766479492188,70.4223403930664,32.800777435302734,2
11:53:16.443,5.058292865753174,399.56097412109375,26.253707885742188,63.35093307495117,28.60516929626465,71.38093566894531,2
11:53:16.443,1.7665786743164062,405.7214660644531,25.94515037536621,42.42845153808594,72.03389739990234,27.95220947265625,2
11:53:16.443,4.660183429718018,401.51043701171875,26.154205322265625,47.943870544433594,27.36871337890625,72.61739349365234,2
11:53:16.443,1.3266693353652954,405.637451171875,25.947044372558594,59.405391693115234,71.79772186279297,28.188386917114258,2
11:53:16.443,4.243650913238525,402.45977783203125,26.1037654876709,32.30064010620117,29.827728271484375,70.15837860107422,2
11:53:16.443,0.816656231880188,395.9176025390625,26.430137634277344,71.90885925292969,61.447628021240234,28.07724380493164,2
11:53:16.443,3.826430082321167,401.874267578125,26.129430770874023,27.66046142578125,43.70658493041992,72.32564544677734,2
11:53:16.443,0.4258289337158203,396.8620910644531,26.37847137451172,72.7285385131836,46.12392044067383,27.257570266723633,2
11:53:16.443,3.3800971508026123,399.765869140625,26.231042861938477,28.188386917114258,61.05862808227539,71.79772186279297,2
11:53:16.443,0.08966170996427536,403.5382080078125,26.040796279907227,70.45012664794922,33.56488037109375,29.535982131958008,2
11:53:16.443,2.97735857963562,401.34124755859375,26.14853286743164,28.799667358398438,71.18643951416016,63.78160858154297,2
11:53:16.443,5.959385871887207,404.2176208496094,26.00173568725586,72.06168365478516,27.92442512512207,42.24784851074219,2
11:53:16.443,2.5538339614868164,399.68597412109375,26.227266311645508,27.32703399658203,72.65907287597656,47.471519470214844,2
11:53:16.443,5.544554233551025,404.750244140625,25.972370147705078,71.96443939208984,28.02167320251465,58.307861328125,2
11:53:16.443,2.2071340084075928,400.74273681640625,26.169776916503906,29.216449737548828,70.7696533203125,34.31509017944336,2
11:53:16.443,5.1365742683410645,403.13214111328125,26.047557830810547,66.07391357421875,29.43873405456543,70.54737091064453,2
11:53:16.443,1.8273097276687622,406.5132141113281,25.87745475769043,40.15003967285156,71.67268371582031,28.313419342041016,2
11:53:16.443,4.709232807159424,402.69696044921875,26.066593170166016,49.87496566772461,27.424283981323242,72.56182098388672,2
11:53:16.443,1.3901731967926025,407.3829345703125,25.830650329589844,56.96026611328125,71.99221801757812,27.993886947631836,2
11:53:16.443,4.293479919433594,400.6864318847656,26.162212371826172,34.023338317871094,29.2998046875,70.6863021850586,2
11:53:16.443,0.8770950436592102,397.12200927734375,26.33991241455078,71.39482879638672,63.67046356201172,28.59127426147461,2
11:53:16.711,3.8602535724639893,401.021728515625,26.14308738708496,27.78549575805664,42.38677215576172,72.20061492919922,2
11:53:16.711,0.4477179944515228,395.45513916015625,26.420045852661133,72.8118896484375,46.98527526855469,27.174217224121094,2
11:53:16.711,3.446107864379883,401.78948974609375,26.100675582885742,27.92442512512207,58.50236511230469,72.06168365478516,2
11:53:16.711,0.09467896074056625,399.28057861328125,26.22428321838379,70.64462280273438,33.634342193603516,29.34148406982422,2
11:53:16.711,2.9939701557159424,398.62579345703125,26.256343841552734,28.84134292602539,71.14476013183594,64.44845581054688,2
11:53:16.711,5.9918012619018555,402.94012451171875,26.039411544799805,71.9366455078125,28.049457550048828,40.99749755859375,2
11:53:16.711,2.5791280269622803,397.9366149902344,26.28864097595215,27.24367904663086,72.74242401123047,48.45790481567383,2
11:53:16.711,5.544681549072266,401.3103942871094,26.11929702758789,72.08946990966797,27.896636962890625,58.349544525146484,2
11:53:16.711,2.2071242332458496,398.2203674316406,26.273208618164062,29.133092880249023,70.85301208496094,34.24562454223633,2
11:53:16.711,5.136832237243652,403.3620300292969,26.01499366760254,66.06002044677734,29.46651840209961,70.51959228515625,2
11:53:16.711,1.7627514600753784,402.760986328125,26.044843673706055,42.53959274291992,72.13114166259766,27.854961395263672,2
11:53:16.711,4.648558139801025,399.2557678222656,26.220075607299805,47.48541259765625,27.32703399658203,72.65907287597656,2
11:53:16.711,1.3359137773513794,405.595947265625,25.903566360473633,59.03028869628906,71.81161499023438,28.17449188232422,2
11:53:16.711,4.231255054473877,401.6904296875,26.097352981567383,31.869962692260742,29.9527645111084,70.03334045410156,2
11:53:16.711,0.8041547536849976,395.46148681640625,26.408912658691406,71.96443939208984,60.96137619018555,28.02167320251465,2
11:53:16.711,3.8129079341888428,401.3343200683594,26.113197326660156,27.618783950805664,44.2345085144043,72.36732482910156,2
11:53:16.711,0.38738808035850525,395.0788879394531,26.424991607666016,72.65907287597656,44.609615325927734,27.32703399658203,2
11:53:16.711,3.390104055404663,401.783447265625,26.08747673034668,28.243955612182617,60.62794876098633,71.74215698242188,2
11:53:16.711,0.0628548115491867,402.435791015625,26.053102493286133,70.20005798339844,32.620174407958984,29.78605079650879,2
11:53:16.711,2.950570821762085,399.94989013671875,26.1761417388916,28.56348991394043,71.42261505126953,62.80911636352539,2
11:53:16.711,5.92210578918457,403.298583984375,26.00774574279785,72.2145004272461,27.771604537963867,43.67879867553711,2
11:53:16.711,2.529982089996338,400.5484924316406,26.143081665039062,27.43817901611328,72.54792785644531,46.54070281982422,2
11:53:16.711,5.5051493644714355,403.8605651855469,25.975505828857422,71.76993560791016,28.216171264648438,59.79439163208008,2
11:53:16.711,2.1331241130828857,399.5220642089844,26.190996170043945,29.92498016357422,70.06112670898438,31.675466537475586,2
11:53:16.712,5.035752296447754,399.7797546386719,26.177217483520508,62.47568893432617,28.494028091430664,71.49208068847656,2
11:53:16.712,1.7558072805404663,405.9450988769531,25.86728858947754,42.859127044677734,72.00611114501953,27.97999382019043,2
11:53:16.973,4.663408279418945,402.4817199707031,26.038068771362305,48.082801818847656,27.46596336364746,72.5201416015625,2
11:53:16.973,1.3245824575424194,406.8740539550781,25.81804084777832,59.43317413330078,71.67268371582031,28.313419342041016,2
11:53:16.973,4.233222961425781,403.1876525878906,25.999834060668945,32.00889205932617,30.008337020874023,69.97777557373047,2
11:53:16.973,0.8194171190261841,397.2063903808594,26.297433853149414,71.78382873535156,61.48930358886719,28.20227813720703,2
11:53:16.973,3.8272452354431152,403.0780944824219,26.00104522705078,27.771604537963867,43.70658493041992,72.2145004272461,2
11:53:16.973,0.39567288756370544,395.5783996582031,26.37500762939453,72.64517974853516,44.94303894042969,27.340927124023438,2
11:53:16.973,3.364661931991577,400.6405029296875,26.1207332611084,28.382884979248047,61.586551666259766,71.60321807861328,2
11:53:16.973,0.05104459449648857,402.4361572265625,26.029741287231445,70.06112670898438,32.217281341552734,29.92498016357422,2
11:53:16.973,2.926621437072754,399.6759948730469,26.16667938232422,28.39677619934082,71.5893325805664,61.91997528076172,2
11:53:16.974,5.896291255950928,401.639892578125,26.067138671875,72.35343170166016,27.632675170898438,44.665184020996094,2
11:53:16.974,2.511272430419922,398.5854797363281,26.219242095947266,27.410390853881836,72.57572174072266,45.80438995361328,2
11:53:16.974,5.460689544677734,402.237060546875,26.03656005859375,71.54765319824219,28.43845558166504,61.48930358886719,2
11:53:16.974,2.150299310684204,403.8677978515625,25.95338249206543,29.92498016357422,70.06112670898438,32.43956756591797,2
11:53:16.974,5.050740718841553,401.9851989746094,26.047752380371094,62.961936950683594,28.716310501098633,71.2697982788086,2
11:53:16.974,1.70540189743042,404.6554870605469,25.91481590270996,44.77632522583008,72.2283935546875,27.757709503173828,2
11:53:16.974,4.602051734924316,402.2034606933594,26.036462783813477,45.6932487487793,27.577104568481445,72.40900421142578,2
11:53:16.974,1.2077387571334839,403.1702880859375,25.988536834716797,63.83717727661133,71.03362274169922,28.952486038208008,2
11:53:16.974,4.154353141784668,400.6932067871094,26.111618041992188,30.036121368408203,31.59210968017578,69.94998168945312,2
11:53:16.974,0.7175387144088745,395.1146545410156,26.391780853271484,72.42289733886719,57.62711715698242,27.56321144104004,2
11:53:16.974,3.707772731781006,400.2434997558594,26.133237838745117,27.382606506347656,48.31897735595703,72.60350036621094,2
11:53:16.974,0.32079991698265076,396.0682678222656,26.341827392578125,72.33953857421875,42.03945541381836,27.646568298339844,2
11:53:16.974,3.261246681213379,401.2003173828125,26.084943771362305,29.216449737548828,65.3653793334961,70.7696533203125,2
11:53:16.974,6.237929821014404,402.08599853515625,26.03939437866211,70.01944732666016,29.966657638549805,32.00889205932617,2
11:53:16.974,2.844940423965454,399.7709655761719,26.154542922973633,27.92442512512207,72.06168365478516,58.82189178466797,2
11:53:16.974,5.814568519592285,402.7151184082031,26.00592613220215,72.47846984863281,27.50764274597168,47.846622467041016,2
11:53:16.974,2.428356409072876,399.7007141113281,26.155261993408203,27.743816375732422,72.2422866821289,42.59516525268555,2
11:53:16.974,5.374557971954346,403.36309814453125,25.97240447998047,70.83912658691406,29.146984100341797,64.62906646728516,2
11:53:17.236,2.078662633895874,407.9056701660156,25.742849349975586,31.21700668334961,69.4776382446289,30.508474349975586,2
11:53:17.236,4.931894302368164,401.6229248046875,26.055831909179688,58.50236511230469,27.966102600097656,72.02000427246094,2
11:53:17.236,1.5866764783859253,402.1637268066406,26.027732849121094,49.37482833862305,72.5340347290039,27.452070236206055,2
11:53:17.236,4.505895137786865,399.5559997558594,26.157102584838867,41.94220733642578,27.827173233032227,72.158935546875,2
11:53:17.236,1.1553606986999512,404.7937316894531,25.895139694213867,65.6710205078125,70.50569915771484,29.48041343688965,2
11:53:17.236,4.112615585327148,403.00128173828125,25.982404708862305,29.702695846557617,33.13420486450195,70.28341674804688,2
11:53:17.236,0.6874484419822693,397.2145080566406,26.271930694580078,72.43678283691406,56.41844940185547,27.549320220947266,2
11:53:17.236,3.6692214012145996,401.85369873046875,26.037471771240234,27.43817901611328,49.83328628540039,72.54792785644531,2
11:53:17.236,0.2824572026729584,396.7784118652344,26.289615631103516,72.10336303710938,40.58071517944336,27.88274574279785,2
11:53:17.236,3.2463226318359375,402.5074768066406,26.001001358032227,29.424840927124023,65.85162353515625,70.56126403808594,2
11:53:17.236,6.216937065124512,403.17584228515625,25.965524673461914,70.17227172851562,29.813838958740234,32.800777435302734,2
11:53:17.236,2.7971670627593994,398.9956359863281,26.174407958984375,27.688247680664062,72.29785919189453,56.98805618286133,2
11:53:17.236,5.7657151222229,402.27716064453125,26.00965690612793,72.5201416015625,27.46596336364746,49.74993133544922,2
11:53:17.236,2.3937087059020996,399.2958068847656,26.15704917907715,27.91053009033203,72.07557678222656,41.2614631652832,2
11:53:17.236,5.312355995178223,401.41217041015625,26.050460815429688,70.33898162841797,29.647123336791992,66.89358520507812,2
11:53:17.236,1.9982116222381592,403.3759460449219,25.95136070251465,33.85662841796875,70.45012664794922,29.535982131958008,2
11:53:17.236,4.870577812194824,399.51397705078125,26.145044326782227,56.16837692260742,27.632675170898438,72.35343170166016,2
11:53:17.236,1.538914442062378,402.68353271484375,25.98619842529297,51.23645782470703,72.49236297607422,27.49374771118164,2
11:53:17.236,4.454928874969482,401.9162902832031,26.024818420410156,40.052791595458984,28.20227813720703,71.78382873535156,2
11:53:17.236,1.0432732105255127,404.17425537109375,25.912927627563477,69.4776382446289,69.29702758789062,30.508474349975586,2
11:53:17.236,4.000485420227051,400.3921813964844,26.101163864135742,28.646846771240234,37.10752868652344,71.33926391601562,2
11:53:17.236,0.5907399654388428,395.9052429199219,26.32511329650879,72.74242401123047,52.63962173461914,27.24367904663086,2
11:53:17.236,3.5637402534484863,399.4826965332031,26.146074295043945,27.46596336364746,53.959434509277344,72.5201416015625,2
11:53:17.236,0.1831962764263153,394.9150695800781,26.37495994567871,71.51986694335938,36.787994384765625,28.46623992919922,2
11:53:17.236,3.1248278617858887,399.9523620605469,26.122434616088867,30.216726303100586,69.76937866210938,69.01917266845703,2
11:53:17.236,6.072603702545166,401.4295654296875,26.048009872436523,71.45040130615234,28.53570556640625,37.954986572265625,2
11:53:17.501,2.660038471221924,397.8944091796875,26.22480010986328,27.29924964904785,72.68685913085938,51.653236389160156,2
11:53:17.501,5.648802757263184,402.00714111328125,26.01815414428711,72.38121795654297,27.604888916015625,54.3067512512207,2
11:53:17.501,2.2911629676818848,400.49249267578125,26.092947006225586,28.59127426147461,71.39482879638672,37.42706298828125,2
11:53:17.501,5.189682960510254,400.74041748046875,26.079740524291992,67.96332550048828,29.92498016357422,70.06112670898438,2
11:53:17.501,1.8964334726333618,405.25390625,25.852554321289062,37.59377670288086,71.20033264160156,28.78577423095703,2
11:53:17.501,4.751908302307129,400.3109130859375,26.0999755859375,51.54209899902344,27.410390853881836,72.57572174072266,2
11:53:17.501,1.4373846054077148,406.5916442871094,25.785470962524414,55.140316009521484,72.13114166259766,27.854961395263672,2
11:53:17.501,4.326687335968018,401.47747802734375,26.03902816772461,35.301475524902344,29.105304718017578,70.88079833984375,2
11:53:17.501,0.9216644167900085,396.8729553222656,26.26852798461914,70.96415710449219,65.26812744140625,29.02195167541504,2
11:53:17.501,3.933804512023926,403.110107421875,25.955425262451172,28.327312469482422,39.663795471191406,71.65879821777344,2
11:53:17.501,0.5183300971984863,397.3274230957031,26.243616104125977,72.71464538574219,49.79161071777344,27.271465301513672,2
11:53:17.501,3.513983726501465,403.0929260253906,25.953489303588867,27.771604537963867,55.862735748291016,72.2145004272461,2
11:53:17.501,0.11464601755142212,395.60552978515625,26.326818466186523,70.90858459472656,34.28730010986328,29.0775203704834,2
11:53:17.501,3.017566442489624,398.2795715332031,26.192346572875977,29.091415405273438,70.89469146728516,65.28202056884766,2
11:53:17.501,6.015105247497559,402.1429748535156,25.9974422454834,71.76993560791016,28.216171264648438,40.13615036010742,2
11:53:17.502,2.626652956008911,399.5357360839844,26.126440048217773,27.36871337890625,72.61739349365234,50.33342742919922,2
11:53:17.502,5.58744478225708,402.5055236816406,25.976701736450195,72.158935546875,27.827173233032227,56.66851806640625,2
11:53:17.502,2.2208921909332275,398.66217041015625,26.168479919433594,29.091415405273438,70.89469146728516,34.815223693847656,2
11:53:17.502,5.129787445068359,400.30609130859375,26.086416244506836,65.85162353515625,29.34148406982422,70.64462280273438,2
11:53:17.502,1.838908076286316,406.607177734375,25.76966667175293,39.74715042114258,71.50597381591797,28.480133056640625,2
11:53:17.502,4.684925556182861,400.1866760253906,26.089717864990234,48.91636657714844,27.410390853881836,72.57572174072266,2
11:53:17.502,1.347913384437561,402.14483642578125,25.991552352905273,58.613502502441406,71.95054626464844,28.035566329956055,2
11:53:17.502,4.257301330566406,399.3881530761719,26.129531860351562,32.75910186767578,29.66101837158203,70.32508850097656,2
11:53:17.502,0.8651095628738403,397.0760803222656,26.245296478271484,71.40872192382812,63.18421936035156,28.577381134033203,2
11:53:17.502,3.822430372238159,399.7274475097656,26.112516403198242,27.66046142578125,43.859405517578125,72.32564544677734,2
11:53:17.502,0.39227229356765747,393.2874450683594,26.434959411621094,72.68685913085938,44.80411148071289,27.29924964904785,2
11:53:17.769,3.3627424240112305,401.1478271484375,26.041990280151367,28.46623992919922,61.62822723388672,71.51986694335938,2
11:53:17.769,0.048752766102552414,401.4725036621094,26.02391815185547,70.03334045410156,32.14781951904297,29.9527645111084,2
11:53:17.769,2.922529458999634,398.487548828125,26.174047470092773,28.36899185180664,71.61711120605469,61.767154693603516,2
11:53:17.769,5.870090961456299,401.0803527832031,26.045289993286133,72.40900421142578,27.577104568481445,45.67935562133789,2
11:53:17.769,2.487311601638794,399.2202453613281,26.138525009155273,27.549320220947266,72.43678283691406,44.88746643066406,2
11:53:17.769,5.4326701164245605,401.06524658203125,26.046751022338867,71.35315704345703,28.632953643798828,62.54515075683594,2
11:53:17.769,2.1308045387268066,405.4095458984375,25.828746795654297,30.230621337890625,69.75548553466797,31.85607147216797,2
11:53:17.769,4.976365089416504,400.1838684082031,26.09028434753418,60.2111701965332,28.17449188232422,71.81161499023438,2
11:53:17.769,1.6710948944091797,405.4643249511719,25.825664520263672,46.11003112792969,72.2422866821289,27.743816375732422,2
11:53:17.769,4.557792663574219,400.32427978515625,26.08109474182129,43.97054672241211,27.674352645874023,72.31175231933594,2
11:53:17.769,1.2051446437835693,404.974853515625,25.8485164642334,63.851070404052734,70.89469146728516,29.091415405273438,2
11:53:17.769,4.103098392486572,398.7771301269531,26.1577091217041,29.48041343688965,33.35648727416992,70.50569915771484,2
11:53:17.769,0.6753116250038147,394.35296630859375,26.37912940979004,72.57572174072266,55.973880767822266,27.410390853881836,2
11:53:17.769,3.6962392330169678,401.8096923828125,26.003578186035156,27.479854583740234,48.777435302734375,72.5062484741211,2
11:53:17.769,0.3132801353931427,397.61566162109375,26.211503982543945,72.18672180175781,41.78938674926758,27.799388885498047,2
11:53:17.769,3.269528865814209,402.84661865234375,25.95014762878418,29.25812530517578,64.99027252197266,70.72798156738281,2
11:53:17.769,6.228111743927002,402.99542236328125,25.941150665283203,70.03334045410156,29.9527645111084,32.42567443847656,2
11:53:17.769,2.8209388256073,399.0816955566406,26.135921478271484,27.827173233032227,72.158935546875,57.891082763671875,2
11:53:17.770,5.766270637512207,399.2544860839844,26.12603759765625,72.61739349365234,27.36871337890625,49.73603820800781,2
11:53:17.770,2.405616521835327,397.74713134765625,26.200498580932617,27.813282012939453,72.1728286743164,41.70602798461914,2
11:53:17.770,5.363821983337402,402.6536560058594,25.95442008972168,70.72798156738281,29.25812530517578,65.0041732788086,2
11:53:17.770,2.0623135566711426,405.9256286621094,25.788705825805664,31.731037139892578,69.68602752685547,30.30008316040039,2
11:53:17.770,4.918247222900391,400.05926513671875,26.081457138061523,57.98832702636719,27.88274574279785,72.10336303710938,2
11:53:17.770,1.5983797311782837,403.8722229003906,25.890644073486328,48.91636657714844,72.40900421142578,27.577104568481445,2
11:53:17.770,4.47163724899292,399.6875305175781,26.09971809387207,40.6640739440918,28.035566329956055,71.95054626464844,2
11:53:17.770,1.1230915784835815,406.8546142578125,25.741798400878906,66.71297454833984,70.08891296386719,29.89719581604004,2
11:53:17.770,4.062036514282227,401.4986877441406,26.007173538208008,29.216449737548828,34.9124755859375,70.7696533203125,2
11:53:18.037,0.6673584580421448,397.757080078125,26.193971633911133,72.43678283691406,55.626564025878906,27.549320220947266,2
11:53:18.037,3.6204118728637695,400.3345947265625,26.064790725708008,27.43817901611328,51.736595153808594,72.54792785644531,2
11:53:18.037,0.23927994072437286,397.2460632324219,26.219104766845703,71.78382873535156,38.955265045166016,28.20227813720703,2
11:53:18.037,3.150365114212036,400.1619873046875,26.07379913330078,30.34176254272461,69.2553482055664,69.64434051513672,2
11:53:18.037,6.103586673736572,399.2508239746094,26.119285583496094,71.28369140625,28.702417373657227,36.774105072021484,2
11:53:18.037,2.704988956451416,397.6599426269531,26.199708938598633,27.382606506347656,72.60350036621094,53.403724670410156,2
11:53:18.038,5.663979530334473,399.92706298828125,26.085458755493164,72.47846984863281,27.50764274597168,53.72325897216797,2
11:53:18.038,2.2967369556427,398.3321838378906,26.16567611694336,28.494028091430664,71.49208068847656,37.59377670288086,2
11:53:18.038,5.195464611053467,398.33514404296875,26.166461944580078,68.22728729248047,29.92498016357422,70.06112670898438,2
11:53:18.038,1.8938254117965698,404.0563049316406,25.88094139099121,37.663238525390625,71.24201202392578,28.744094848632812,2
11:53:18.038,4.777388572692871,400.6895751953125,26.049345016479492,52.52848434448242,27.479854583740234,72.5062484741211,2
11:53:18.038,1.4499574899673462,405.084228515625,25.830278396606445,54.66796112060547,72.20061492919922,27.78549575805664,2
11:53:18.038,4.3442792892456055,400.7740783691406,26.04472541809082,35.9405403137207,28.952486038208008,71.03362274169922,2
11:53:18.038,0.8926377296447754,394.1722717285156,26.37556266784668,71.29757690429688,64.26785278320312,28.688522338867188,2
11:53:18.038,3.895327568054199,400.9002380371094,26.037288665771484,28.035566329956055,41.08085632324219,71.95054626464844,2
11:53:18.038,0.4971874952316284,396.3002014160156,26.26656150817871,72.7285385131836,48.958045959472656,27.257570266723633,2
11:53:18.038,3.439330577850342,397.9815368652344,26.181970596313477,27.896636962890625,58.79410934448242,72.08946990966797,2
11:53:18.038,0.12806090712547302,393.94171142578125,26.383729934692383,71.0752944946289,34.74576187133789,28.910810470581055,2
11:53:18.038,3.010606050491333,400.5394287109375,26.052501678466797,29.146984100341797,70.83912658691406,64.94859313964844,2
11:53:18.038,5.993002891540527,403.009765625,25.92702865600586,71.83940124511719,28.14670753479004,40.99749755859375,2
11:53:18.038,2.576587200164795,398.5737609863281,26.14885139465332,27.36871337890625,72.61739349365234,48.374549865722656,2
11:53:18.038,5.535315036773682,402.2543029785156,25.96426773071289,71.90885925292969,28.07724380493164,58.65518569946289,2
11:53:18.038,2.2052786350250244,398.7119445800781,26.14008331298828,29.25812530517578,70.72798156738281,34.259517669677734,2
11:53:18.038,5.108572959899902,400.9815673828125,26.025903701782227,65.05973815917969,29.202556610107422,70.7835464477539,2
11:53:18.038,1.816199779510498,407.1329650878906,25.71800422668457,40.62239456176758,71.60321807861328,28.382884979248047,2
11:53:18.038,4.672970771789551,401.1517639160156,26.016204833984375,48.45790481567383,27.479854583740234,72.5062484741211,2
11:53:18.308,1.3530217409133911,406.10028076171875,25.767982482910156,58.349544525146484,71.78382873535156,28.20227813720703,2
11:53:18.309,4.2581329345703125,399.197509765625,26.110645294189453,32.800777435302734,29.674907684326172,70.31119537353516,2
11:53:18.309,0.8149569630622864,395.2356872558594,26.3098201751709,71.81161499023438,61.32258605957031,28.17449188232422,2
11:53:18.309,3.8001575469970703,399.9042053222656,26.075498580932617,27.618783950805664,44.734649658203125,72.36732482910156,2
11:53:18.309,0.3949523866176605,395.0921936035156,26.316043853759766,72.58960723876953,44.92914581298828,27.396499633789062,2
11:53:18.309,3.3596768379211426,400.7282409667969,26.033227920532227,28.494028091430664,61.73937225341797,71.49208068847656,2
11:53:18.309,0.022875135764479637,400.645751953125,26.036571502685547,69.76937866210938,31.24479103088379,30.216726303100586,2
11:53:18.309,2.8983101844787598,397.49432373046875,26.19474220275879,28.188386917114258,71.79772186279297,60.86412811279297,2
11:53:18.309,5.871160507202148,401.69091796875,25.984615325927734,72.35343170166016,27.632675170898438,45.65156936645508,2
11:53:18.309,2.470015287399292,396.9955749511719,26.218828201293945,27.53542709350586,72.45067596435547,44.192832946777344,2
11:53:18.309,5.424159526824951,399.0112609863281,26.118392944335938,71.35315704345703,28.632953643798828,62.89247131347656,2
11:53:18.309,2.104245662689209,404.1261901855469,25.863515853881836,30.480688095092773,69.50541687011719,30.925256729125977,2
11:53:18.309,4.978030204772949,401.1951904296875,26.010330200195312,60.238956451416016,28.257850646972656,71.72825622558594,2
11:53:18.309,1.6206846237182617,402.30804443359375,25.955448150634766,48.055015563964844,72.43678283691406,27.549320220947266,2
11:53:18.309,4.502758026123047,397.5511169433594,26.19364356994629,41.817169189453125,27.799388885498047,72.18672180175781,2
11:53:18.309,1.1472978591918945,404.2049865722656,25.862548828125,65.93498229980469,70.408447265625,29.577659606933594,2
11:53:18.309,4.0820441246032715,399.81048583984375,26.081209182739258,29.34148406982422,34.148372650146484,70.64462280273438,2
11:53:18.309,0.6535196900367737,394.8961486816406,26.327394485473633,72.60350036621094,55.11252975463867,27.382606506347656,2
11:53:18.309,3.6322436332702637,400.230224609375,26.060401916503906,27.43817901611328,51.278133392333984,72.54792785644531,2
11:53:18.309,0.24011622369289398,394.4876403808594,26.347225189208984,71.89497375488281,38.94137191772461,28.091135025024414,2
11:53:18.309,3.201632261276245,401.10736083984375,26.01590347290039,29.841623306274414,67.4354019165039,70.14448547363281,2
11:53:18.309,6.169421672821045,402.9779052734375,25.92113494873047,70.58905029296875,29.39705467224121,34.49569320678711,2
11:53:18.309,2.751864194869995,398.9850158691406,26.120250701904297,27.577104568481445,72.40900421142578,55.22367477416992,2
11:53:18.309,5.729640007019043,402.9525146484375,25.92217445373535,72.43678283691406,27.549320220947266,51.153099060058594,2
11:53:18.309,2.3446614742279053,399.7307434082031,26.082195281982422,28.243955612182617,71.74215698242188,39.42761993408203,2
11:53:18.309,5.267725944519043,402.724365234375,25.93174171447754,69.78327178955078,30.20283317565918,68.3662109375,2
11:53:18.309,1.9251495599746704,401.9088134765625,25.971771240234375,36.46846389770508,71.08918762207031,28.896915435791016,2
11:53:18.573,4.813506603240967,399.112060546875,26.111780166625977,53.94554138183594,27.49374771118164,72.49236297607422,2
11:53:18.573,1.5026216506958008,404.50457763671875,25.841279983520508,52.63962173461914,72.32564544677734,27.66046142578125,2
11:53:18.573,4.415757656097412,401.4472961425781,25.99256706237793,38.59405517578125,28.46623992919922,71.51986694335938,2
11:53:18.573,1.0124973058700562,406.79510498046875,25.726228713989258,69.65824127197266,68.11614990234375,30.327869415283203,2
11:53:18.573,3.979712724685669,401.8061828613281,25.9732666015625,28.60516929626465,37.94109344482422,71.38093566894531,2
11:53:18.573,0.5601472854614258,396.0582275390625,26.25994873046875,72.71464538574219,51.43095397949219,27.271465301513672,2
11:53:18.573,3.5652763843536377,401.8595275878906,25.967626571655273,27.618783950805664,53.87607955932617,72.36732482910156,2
11:53:18.573,0.17261606454849243,394.9814147949219,26.310611724853516,71.39482879638672,36.42678451538086,28.59127426147461,2
11:53:18.573,3.0745208263397217,398.3797302246094,26.14093589782715,29.674907684326172,70.31119537353516,67.28257751464844,2
11:53:18.573,6.060827732086182,401.9692077636719,25.960935592651367,71.46429443359375,28.521812438964844,38.44123458862305,2
11:53:18.573,2.6631603240966797,399.8032531738281,26.06816864013672,27.43817901611328,72.54792785644531,51.764381408691406,2
11:53:18.573,5.5999836921691895,401.08978271484375,26.003204345703125,72.2283935546875,27.757709503173828,56.1961669921875,2
11:53:18.573,2.234653949737549,396.75469970703125,26.219945907592773,28.938594818115234,71.04751586914062,35.28757858276367,2
11:53:18.573,5.138417720794678,398.8484191894531,26.116256713867188,66.18505096435547,29.39705467224121,70.58905029296875,2
11:53:18.573,1.8341015577316284,403.3923645019531,25.888465881347656,39.886077880859375,71.64490509033203,28.34120750427246,2
11:53:18.573,4.717886447906494,400.8169860839844,26.017677307128906,50.20838928222656,27.46596336364746,72.5201416015625,2
11:53:18.573,1.3620164394378662,403.6378173828125,25.878259658813477,58.04390335083008,71.9227523803711,28.063350677490234,2
11:53:18.573,4.283935546875,402.6341552734375,25.92806053161621,33.82884216308594,29.563766479492188,70.4223403930664,2
11:53:18.573,0.8498204350471497,395.6405334472656,26.278301239013672,71.54765319824219,62.628509521484375,28.43845558166504,2
11:53:18.573,3.822519063949585,399.38494873046875,26.090932846069336,27.674352645874023,43.859405517578125,72.31175231933594,2
11:53:18.573,0.4018513262271881,394.46380615234375,26.33833122253418,72.63128662109375,45.19310760498047,27.354822158813477,2
11:53:18.573,3.3672404289245605,399.1848449707031,26.10210609436035,28.382884979248047,61.48930358886719,71.60321807861328,2
11:53:18.573,0.048168670386075974,401.30120849609375,25.995840072631836,70.00556182861328,32.14781951904297,29.980548858642578,2
11:53:18.573,2.898648262023926,397.3177795410156,26.195980072021484,28.188386917114258,71.79772186279297,60.878021240234375,2
11:53:18.573,5.884492874145508,402.0975036621094,25.95658302307129,72.29785919189453,27.688247680664062,45.13753890991211,2
11:53:18.573,2.5007071495056152,400.4559631347656,26.03822898864746,27.604888916015625,72.38121795654297,45.42928695678711,2
11:53:18.573,5.440405368804932,401.75482177734375,25.972694396972656,71.35315704345703,28.632953643798828,62.211727142333984,2
11:53:18.573,2.130307912826538,405.2118225097656,25.798906326293945,30.258405685424805,69.72769927978516,31.85607147216797,2
11:53:18.834,4.9759297370910645,400.03057861328125,26.05843162536621,60.16949462890625,28.20227813720703,71.78382873535156,2
11:53:18.834,1.6840167045593262,407.0062255859375,25.709135055541992,45.63767623901367,72.11725616455078,27.868852615356445,2
11:53:18.834,4.555798530578613,401.0159606933594,26.007043838500977,43.91497802734375,27.743816375732422,72.2422866821289,2
11:53:18.834,1.1846815347671509,401.8419494628906,25.965200424194336,64.65684509277344,70.82523345947266,29.160877227783203,2
11:53:18.834,4.133142948150635,401.7535400390625,25.96902084350586,29.92498016357422,32.42567443847656,70.06112670898438,2
11:53:18.834,0.7098106145858765,396.667724609375,26.223318099975586,72.31175231933594,57.27980041503906,27.674352645874023,2
11:53:18.834,3.7069907188415527,401.78271484375,25.96597671508789,27.52153205871582,48.360652923583984,72.4645767211914,2
11:53:18.835,0.2864821255207062,395.50994873046875,26.279420852661133,72.11725616455078,40.73353576660156,27.868852615356445,2
11:53:18.835,3.2220070362091064,401.1513671875,25.996423721313477,29.66101837158203,66.71297454833984,70.32508850097656,2
11:53:18.835,6.215809345245361,402.540283203125,25.925186157226562,70.14448547363281,29.841623306274414,32.85634994506836,2
11:53:18.835,2.82391357421875,400.4723815917969,26.027132034301758,27.92442512512207,72.06168365478516,57.97444152832031,2
11:53:18.835,5.777435779571533,401.68377685546875,25.965627670288086,72.47846984863281,27.50764274597168,49.29146957397461,2
11:53:18.835,2.378601551055908,397.8865661621094,26.15576171875,27.993886947631836,71.99221801757812,40.69186019897461,2
11:53:18.835,5.307373046875,402.1114807128906,25.94578742980957,70.20005798339844,29.78605079650879,67.00472259521484,2
11:53:18.835,2.0151748657226562,405.9765930175781,25.751672744750977,33.384273529052734,70.1305923461914,29.85551643371582,2
11:53:18.835,4.872509956359863,400.76214599609375,26.011993408203125,56.210060119628906,27.757709503173828,72.2283935546875,2
11:53:18.835,1.527105689048767,402.7397155761719,25.9128475189209,51.694915771484375,72.40900421142578,27.577104568481445,2
11:53:18.835,4.416850566864014,399.1623229980469,26.092134475708008,38.59405517578125,28.382884979248047,71.60321807861328,2
11:53:18.835,1.0416646003723145,402.63372802734375,25.918874740600586,69.49152374267578,69.241455078125,30.494583129882812,2
11:53:18.835,3.9748055934906006,399.39666748046875,26.081148147583008,28.480133056640625,38.066131591796875,71.50597381591797,2
11:53:18.835,0.5358135104179382,393.22491455078125,26.391029357910156,72.85356903076172,50.472354888916016,27.132537841796875,2
11:53:18.835,3.5243895053863525,400.0978088378906,26.047775268554688,27.66046142578125,55.4737434387207,72.32564544677734,2
11:53:18.835,0.14861053228378296,395.0305480957031,26.300647735595703,71.18643951416016,35.53764724731445,28.799667358398438,2
11:53:18.835,3.0621585845947266,398.31781005859375,26.137609481811523,29.549875259399414,70.43623352050781,66.83800506591797,2
11:53:18.835,6.022770404815674,400.5525817871094,26.026273727416992,71.75604248046875,28.230064392089844,39.830509185791016,2
11:53:18.835,2.636582374572754,399.0215148925781,26.103153228759766,27.396499633789062,72.58960723876953,50.72241973876953,2
11:53:19.096,5.575873851776123,400.8221435546875,26.013505935668945,72.1450424194336,27.841068267822266,57.12697982788086,2
11:53:19.096,2.2300312519073486,397.94256591796875,26.157230377197266,29.02195167541504,70.96415710449219,35.14865493774414,2
11:53:19.096,5.130495548248291,400.5758056640625,26.025861740112305,65.83773803710938,29.39705467224121,70.58905029296875,2
11:53:19.096,1.812503457069397,405.01446533203125,25.803726196289062,40.73353576660156,71.68657684326172,28.299528121948242,2
11:53:19.096,4.6833109855651855,400.2368469238281,26.0418758392334,48.86079406738281,27.452070236206055,72.5340347290039,2
11:53:19.096,1.3504528999328613,404.42779541015625,25.832401275634766,58.4606819152832,71.82550048828125,28.160598754882812,2
11:53:19.096,4.213934421539307,399.8984680175781,26.059053421020508,31.30035972595215,30.175048828125,69.8110580444336,2
11:53:19.096,0.7914587259292603,394.2953186035156,26.339635848999023,71.99221801757812,60.44734573364258,27.993886947631836,2
11:53:19.096,3.801941394805908,400.89361572265625,26.006919860839844,27.674352645874023,44.6790771484375,72.31175231933594,2
11:53:19.096,0.41397789120674133,397.13568115234375,26.193876266479492,72.54792785644531,45.6932487487793,27.43817901611328,2
11:53:19.096,3.3620657920837402,400.94873046875,26.003992080688477,28.494028091430664,61.642120361328125,71.49208068847656,2
11:53:19.096,0.050444506108760834,402.1756286621094,25.94181251525879,69.99166870117188,32.25896072387695,29.994443893432617,2
11:53:19.096,2.9378600120544434,399.4198913574219,26.07908821105957,28.549596786499023,71.43651580810547,62.29507827758789,2
11:53:19.096,5.871530532836914,399.5055847167969,26.073734283447266,72.43678283691406,27.549320220947266,45.62378692626953,2
11:53:19.096,2.486966848373413,397.2911376953125,26.184072494506836,27.50764274597168,72.47846984863281,44.859683990478516,2
11:53:19.096,5.450897216796875,401.3849182128906,25.978500366210938,71.42261505126953,28.56348991394043,61.83662414550781,2
11:53:19.096,2.141862154006958,405.138671875,25.789566040039062,30.147262573242188,69.8388442993164,32.25896072387695,2
11:53:19.096,5.012382507324219,400.3952941894531,26.02637481689453,61.530982971191406,28.46623992919922,71.51986694335938,2
11:53:19.096,1.6812230348587036,403.0416564941406,25.893680572509766,45.7071418762207,72.28396606445312,27.70214080810547,2
11:53:19.096,4.577640533447266,399.97705078125,26.04708480834961,44.74854278564453,27.646568298339844,72.33953857421875,2
11:53:19.096,1.2234543561935425,405.76641845703125,25.758190155029297,63.142539978027344,70.96415710449219,29.02195167541504,2
11:53:19.096,4.144891262054443,401.7366943359375,25.957866668701172,30.050012588500977,32.02278137207031,69.93608856201172,2
11:53:19.096,0.7307252883911133,397.13311767578125,26.188444137573242,72.18672180175781,58.071685791015625,27.799388885498047,2
11:53:19.096,3.69211483001709,400.094970703125,26.04047203063965,27.452070236206055,48.94415283203125,72.5340347290039,2
11:53:19.096,0.3091093897819519,397.1797180175781,26.18645477294922,72.1450424194336,41.636566162109375,27.841068267822266,2
11:53:19.097,3.227158308029175,399.443115234375,26.074045181274414,29.549875259399414,66.58794403076172,70.43623352050781,2
11:53:19.354,6.174221038818359,399.669189453125,26.0628719329834,70.65851593017578,29.34148406982422,34.24562454223633,2
11:53:19.354,2.760427474975586,397.0153503417969,26.196786880493164,27.53542709350586,72.45067596435547,55.57099151611328,2
11:53:19.355,5.732335090637207,399.6202697753906,26.066070556640625,72.56182098388672,27.424283981323242,51.05584716796875,2
11:53:19.355,2.365204334259033,399.02227783203125,26.09673500061035,28.105030059814453,71.8810806274414,40.20561218261719,2
11:53:19.355,5.2620368003845215,400.4826354980469,26.024978637695312,69.79716491699219,30.188941955566406,68.63018035888672,2
11:53:19.355,1.963952898979187,403.9738464355469,25.850690841674805,35.13475799560547,70.67240905761719,29.313697814941406,2
11:53:19.355,4.84739351272583,400.86102294921875,26.006710052490234,55.23756790161133,27.674352645874023,72.31175231933594,2
11:53:19.355,1.498889684677124,404.57598876953125,25.82158088684082,52.77854919433594,72.29785919189453,27.688247680664062,2
11:53:19.355,4.3851094245910645,400.6875305175781,26.015823364257812,37.45484924316406,28.660737991333008,71.32537078857422,2
11:53:19.355,0.9633371829986572,404.051025390625,25.848407745361328,70.25562286376953,66.50458526611328,29.730480194091797,2
11:53:19.355,3.9534595012664795,400.5509948730469,26.02216911315918,28.382884979248047,38.89969253540039,71.60321807861328,2
11:53:19.355,0.5385200381278992,395.6348571777344,26.268407821655273,72.74242401123047,50.583492279052734,27.24367904663086,2
11:53:19.355,3.4944841861724854,398.53973388671875,26.122621536254883,27.70214080810547,56.654624938964844,72.28396606445312,2
11:53:19.355,0.15925684571266174,394.4209899902344,26.328245162963867,71.29757690429688,35.9266471862793,28.688522338867188,2
11:53:19.355,3.0555360317230225,399.9238586425781,26.051864624023438,29.563766479492188,70.4223403930664,66.5462646484375,2
11:53:19.355,6.038991451263428,402.7654724121094,25.908145904541016,71.5615463256836,28.424560546875,39.27479934692383,2
11:53:19.355,2.610893726348877,397.65386962890625,26.164121627807617,27.340927124023438,72.64517974853516,49.708251953125,2
11:53:19.355,5.584272861480713,402.40277099609375,25.926036834716797,72.10336303710938,27.88274574279785,56.779659271240234,2
11:53:19.355,2.2416229248046875,399.5450744628906,26.067493438720703,28.994163513183594,70.99193572998047,35.62100601196289,2
11:53:19.355,5.154621601104736,400.8568115234375,26.00139617919922,66.68518829345703,29.647123336791992,70.33898162841797,2
11:53:19.355,1.849782943725586,405.9786376953125,25.745323181152344,39.358154296875,71.42261505126953,28.56348991394043,2
11:53:19.355,4.707932472229004,401.04168701171875,25.991622924804688,49.819393157958984,27.479854583740234,72.5062484741211,2
11:53:19.355,1.401681661605835,406.5093078613281,25.7176570892334,56.487911224365234,71.95054626464844,28.035566329956055,2
11:53:19.355,4.294680595397949,400.5959167480469,26.011167526245117,34.162269592285156,29.39705467224121,70.58905029296875,2
11:53:19.355,0.8614468574523926,395.5618896484375,26.263540267944336,71.45040130615234,63.045291900634766,28.53570556640625,2
11:53:19.355,3.834190845489502,399.3643798828125,26.072864532470703,27.72992515563965,43.41483688354492,72.25617980957031,2
11:53:19.612,0.4247194826602936,394.7982177734375,26.30158233642578,72.65907287597656,46.09613800048828,27.32703399658203,2
11:53:19.612,3.3921895027160645,400.9319152832031,25.994157791137695,28.313419342041016,60.5029182434082,71.67268371582031,2
11:53:19.613,0.04218770191073418,397.55853271484375,26.162595748901367,70.07501983642578,31.828285217285156,29.91108512878418,2
11:53:19.613,2.933427572250366,397.54998779296875,26.163818359375,28.452348709106445,71.53376007080078,62.170047760009766,2
11:53:19.613,5.906820297241211,401.734619140625,25.95459747314453,72.2283935546875,27.757709503173828,44.276187896728516,2
11:53:19.613,2.5004966259002686,397.28369140625,26.177053451538086,27.479854583740234,72.5062484741211,45.38760757446289,2
11:53:19.613,5.452837944030762,399.4086608886719,26.071611404418945,71.51986694335938,28.46623992919922,61.808837890625,2
11:53:19.613,2.125093460083008,403.2506103515625,25.880386352539062,30.244510650634766,69.74159240722656,31.61989402770996,2
11:53:19.613,5.0148396492004395,401.5736389160156,25.964433670043945,61.60044860839844,28.521812438964844,71.46429443359375,2
11:53:19.613,1.6436842679977417,401.8309631347656,25.95258903503418,47.15198516845703,72.40900421142578,27.577104568481445,2
11:53:19.613,4.530949115753174,398.07696533203125,26.141069412231445,42.914695739746094,27.72992515563965,72.25617980957031,2
11:53:19.613,1.1754158735275269,403.8421630859375,25.854494094848633,64.93470764160156,70.65851593017578,29.327592849731445,2
11:53:19.613,4.091189384460449,398.677978515625,26.11229705810547,29.39705467224121,33.801055908203125,70.58905029296875,2
11:53:19.613,0.6748512983322144,395.042236328125,26.294954299926758,72.5062484741211,55.93220520019531,27.479854583740234,2
11:53:19.613,3.6561427116394043,400.28387451171875,26.032367706298828,27.452070236206055,50.34731674194336,72.5340347290039,2
11:53:19.613,0.2583552896976471,394.5058898925781,26.3209285736084,71.99221801757812,39.64990234375,27.993886947631836,2
11:53:19.613,3.214679479598999,401.1055908203125,25.990394592285156,29.730480194091797,66.96304321289062,70.25562286376953,2
11:53:19.613,6.165428161621094,401.0813293457031,25.990985870361328,70.67240905761719,29.313697814941406,34.606834411621094,2
11:53:19.613,2.7624237537384033,398.4935607910156,26.1204776763916,27.604888916015625,72.38121795654297,55.626564025878906,2
11:53:19.613,5.728060245513916,401.9888916015625,25.946746826171875,72.45067596435547,27.53542709350586,51.222564697265625,2
11:53:19.613,2.3595941066741943,399.7889099121094,26.055465698242188,28.17449188232422,71.81161499023438,40.011112213134766,2
11:53:19.613,5.280448913574219,402.7657470703125,25.905715942382812,69.90830993652344,30.077800750732422,67.90775299072266,2
11:53:19.613,1.9254302978515625,401.9586486816406,25.945323944091797,36.48235321044922,71.06140899658203,28.924699783325195,2
11:53:19.613,4.825056076049805,399.133056640625,26.086606979370117,54.39011001586914,27.549320220947266,72.43678283691406,2
11:53:19.613,1.5145909786224365,404.50238037109375,25.817243576049805,52.167266845703125,72.31175231933594,27.674352645874023,2
11:53:19.613,4.41935396194458,400.5690002441406,26.012422561645508,38.71908950805664,28.424560546875,71.5615463256836,2
11:53:19.614,1.0208213329315186,405.8876953125,25.747900009155273,69.58877563476562,68.42178344726562,30.39733123779297,2
11:53:19.614,3.9784600734710693,401.22808837890625,25.9791316986084,28.59127426147461,37.98277282714844,71.39482879638672,2
11:53:19.614,0.5705540180206299,396.5749816894531,26.211341857910156,72.67296600341797,51.83384323120117,27.313142776489258,2
11:53:19.614,3.550896406173706,401.7413635253906,25.951309204101562,27.66046142578125,54.431785583496094,72.32564544677734,2
11:53:19.614,0.1724698543548584,394.8939208984375,26.292926788330078,71.38093566894531,36.42678451538086,28.60516929626465,2
11:53:19.614,3.0743820667266846,398.32415771484375,26.121862411499023,29.68880271911621,70.29730987548828,67.25479125976562,2
11:53:19.614,6.060760974884033,401.9598083496094,25.939556121826172,71.45040130615234,28.53570556640625,38.45512390136719,2
11:53:19.614,2.649794101715088,398.5738525390625,26.108354568481445,27.396499633789062,72.58960723876953,51.23645782470703,2
11:53:19.614,5.587134838104248,400.3492431640625,26.019718170166016,72.18672180175781,27.799388885498047,56.6963005065918,2
11:53:19.614,2.226714849472046,397.1298522949219,26.181140899658203,29.035842895507812,70.95026397705078,35.00972366333008,2
11:53:19.614,5.125405311584473,398.2998962402344,26.124149322509766,65.72659301757812,29.27202033996582,70.7140884399414,2
11:53:19.614,1.8217380046844482,403.1169128417969,25.8831844329834,40.35843276977539,71.70046997070312,28.285634994506836,2
11:53:19.614,4.718169212341309,401.39801025390625,25.96953773498535,50.22228240966797,27.50764274597168,72.47846984863281,2
11:53:19.614,1.3600385189056396,404.3528137207031,25.823184967041016,58.09947204589844,71.8671875,28.11892318725586,2
11:53:19.614,4.271197319030762,402.4997863769531,25.915220260620117,33.39816665649414,29.702695846557617,70.28341674804688,2
11:53:19.614,0.8271192908287048,395.4239501953125,26.269371032714844,71.70046997070312,61.767154693603516,28.285634994506836,2
11:53:19.614,3.7988975048065186,399.2788391113281,26.077022552490234,27.604888916015625,44.77632522583008,72.38121795654297,2
11:53:19.614,0.37034809589385986,393.67218017578125,26.35947608947754,72.54792785644531,43.9566535949707,27.43817901611328,2
11:53:19.614,3.3491063117980957,398.5655822753906,26.114469528198242,28.494028091430664,62.170047760009766,71.49208068847656,2
11:53:19.614,0.02341393567621708,400.9013671875,25.99772834777832,69.75548553466797,31.286468505859375,30.230621337890625,2
11:53:19.614,2.876098155975342,397.26513671875,26.180227279663086,28.07724380493164,71.90885925292969,60.01667404174805,2
11:53:19.614,5.861143112182617,402.06658935546875,25.939952850341797,72.33953857421875,27.646568298339844,46.05445861816406,2
11:53:19.614,2.4686646461486816,399.64495849609375,26.060701370239258,27.674352645874023,72.31175231933594,44.17893981933594,2
11:53:19.614,5.410715579986572,402.2759704589844,25.92926788330078,71.08918762207031,28.896915435791016,63.29535675048828,2
11:53:19.614,2.082982063293457,404.96282958984375,25.794086456298828,31.03639793395996,69.4637451171875,30.522367477416992,2
11:53:19.614,4.92756462097168,399.41326904296875,26.07285499572754,58.349544525146484,27.93831443786621,72.04779052734375,2
11:53:20.125,1.6351655721664429,406.7420349121094,25.706008911132812,47.51319885253906,72.2145004272461,27.771604537963867,2
11:53:20.125,4.508810043334961,400.86907958984375,25.998149871826172,42.10892105102539,27.93831443786621,72.04779052734375,2
11:53:20.125,1.132028341293335,401.8158264160156,25.9503173828125,66.53236389160156,70.33898162841797,29.647123336791992,2
11:53:20.125,4.08651065826416,402.07293701171875,25.9371280670166,29.49430274963379,34.07891082763672,70.49180603027344,2
11:53:20.125,0.6668569445610046,396.83489990234375,26.19908332824707,72.45067596435547,55.598777770996094,27.53542709350586,2
11:53:20.125,3.658529281616211,401.8054504394531,25.949390411376953,27.52153205871582,50.25007247924805,72.4645767211914,2
11:53:20.126,0.24619516730308533,395.5137634277344,26.263673782348633,71.8671875,39.2053337097168,28.11892318725586,2
11:53:20.126,3.168818473815918,401.0756530761719,25.98528289794922,30.20283317565918,68.56071472167969,69.78327178955078,2
11:53:20.126,6.1420793533325195,400.7157897949219,26.002111434936523,70.88079833984375,29.105304718017578,35.440399169921875,2
11:53:20.126,2.764719247817993,399.6347351074219,26.055335998535156,27.674352645874023,72.31175231933594,55.709922790527344,2
11:53:20.126,5.717813491821289,400.88226318359375,25.992151260375977,72.47846984863281,27.50764274597168,51.62545394897461,2
11:53:20.126,2.342180013656616,398.3783264160156,26.117238998413086,28.230064392089844,71.75604248046875,39.33036804199219,2
11:53:20.126,5.2659101486206055,402.0400390625,25.934511184692383,69.76937866210938,30.216726303100586,68.42178344726562,2
11:53:20.126,1.9682916402816772,405.9514465332031,25.73815155029297,35.0514030456543,70.54737091064453,29.43873405456543,2
11:53:20.126,4.825295925140381,400.734375,25.99853515625,54.39011001586914,27.618783950805664,72.36732482910156,2
11:53:20.126,1.4679388999938965,401.8389587402344,25.94343376159668,53.98721694946289,72.33953857421875,27.646568298339844,2
11:53:20.126,4.364851951599121,398.3877258300781,26.116600036621094,36.649070739746094,28.730201721191406,71.25590515136719,2
11:53:20.126,0.952221691608429,395.6694030761719,26.253583908081055,70.67240905761719,66.36566162109375,29.313697814941406,2
11:53:20.126,3.9150145053863525,399.0179748535156,26.086679458618164,28.105030059814453,40.31675338745117,71.8810806274414,2
11:53:20.126,0.49305835366249084,393.69342041015625,26.35388946533203,72.8118896484375,48.79133224487305,27.174217224121094,2
11:53:20.126,3.476543426513672,400.40460205078125,26.018341064453125,27.854961395263672,57.30758285522461,72.13114166259766,2
11:53:20.126,0.10772700607776642,394.50823974609375,26.312458038330078,70.83912658691406,34.051124572753906,29.146984100341797,2
11:53:20.126,3.0166873931884766,398.80908203125,26.098756790161133,29.160877227783203,70.82523345947266,65.18476867675781,2
11:53:20.126,5.963706016540527,400.3504943847656,26.022789001464844,72.06168365478516,27.92442512512207,42.08113098144531,2
11:53:20.126,2.577562093734741,399.1908264160156,26.081600189208984,27.424283981323242,72.56182098388672,48.41622543334961,2
11:53:20.126,5.516815185546875,401.0976257324219,25.986679077148438,71.83940124511719,28.14670753479004,59.363712310791016,2
11:53:20.127,2.180570363998413,397.268798828125,26.178163528442383,29.452625274658203,70.53348541259766,33.35648727416992,2
11:53:20.127,5.059176445007324,400.1307678222656,26.036048889160156,63.267578125,28.78577423095703,71.20033264160156,2
11:53:20.127,1.741196870803833,404.78839111328125,25.803035736083984,43.42873001098633,72.02000427246094,27.966102600097656,2
11:53:20.127,4.613003730773926,400.14593505859375,26.0346622467041,46.12392044067383,27.56321144104004,72.42289733886719,2
11:53:20.127,1.275850772857666,403.9153137207031,25.846250534057617,61.26701736450195,71.40872192382812,28.577381134033203,2
11:53:20.127,4.147490501403809,397.8101806640625,26.151567459106445,29.92498016357422,31.800498962402344,70.06112670898438,2
11:53:20.127,0.7270309925079346,393.83673095703125,26.35102653503418,72.33953857421875,57.97444152832031,27.646568298339844,2
11:53:20.127,3.742945909500122,400.7905578613281,26.00029945373535,27.549320220947266,46.95748519897461,72.43678283691406,2
11:53:20.127,0.3527137041091919,397.09814453125,26.18389892578125,72.33953857421875,43.317588806152344,27.646568298339844,2
11:53:20.127,3.3082597255706787,402.5801696777344,25.910221099853516,28.966379165649414,63.573219299316406,71.01972961425781,2
11:53:20.127,6.260523796081543,401.8298034667969,25.94683074951172,69.69992065429688,30.286190032958984,31.30035972595215,2
11:53:20.127,2.867079496383667,399.2998962402344,26.072912216186523,28.105030059814453,71.8810806274414,59.62767791748047,2
11:53:20.127,5.802018165588379,399.52362060546875,26.06066131591797,72.54792785644531,27.43817901611328,48.33287048339844,2
11:53:20.127,2.4250659942626953,397.325439453125,26.17009925842285,27.743816375732422,72.2422866821289,42.470130920410156,2
11:53:20.127,5.39280891418457,401.507080078125,25.96059226989746,70.9780502319336,29.008058547973633,63.96220779418945,2
11:53:20.127,2.0732526779174805,405.6871337890625,25.75053596496582,31.397611618041992,69.533203125,30.452903747558594,2
11:53:20.127,4.929649353027344,399.9402160644531,26.037525177001953,58.405113220214844,27.97999382019043,72.00611114501953,2
11:53:20.127,1.6098800897598267,404.26873779296875,25.821386337280273,48.48569107055664,72.33953857421875,27.646568298339844,2
11:53:20.127,4.495924472808838,400.1272888183594,26.028160095214844,41.60877990722656,27.97999382019043,72.00611114501953,2
11:53:20.127,1.121416449546814,405.8840637207031,25.74103546142578,66.76854705810547,70.07501983642578,29.91108512878418,2
11:53:20.127,4.060595989227295,400.8791198730469,25.989669799804688,29.216449737548828,34.981937408447266,70.7696533203125,2
11:53:20.127,0.6559626460075378,397.4147033691406,26.1630802154541,72.45067596435547,55.16810607910156,27.53542709350586,2
11:53:20.127,3.606994152069092,400.5123596191406,26.00879669189453,27.50764274597168,52.26451873779297,72.47846984863281,2
11:53:20.127,0.23494692146778107,397.6114196777344,26.15407943725586,71.70046997070312,38.830230712890625,28.285634994506836,2
11:53:20.127,3.135969400405884,399.71728515625,26.049684524536133,30.39733123779297,69.58877563476562,69.33869934082031,2
11:53:20.641,6.079761981964111,398.96856689453125,26.08721160888672,71.43651580810547,28.549596786499023,37.67713165283203,2
11:53:20.641,2.6822097301483154,397.5103759765625,26.161306381225586,27.382606506347656,72.60350036621094,52.51458740234375,2
11:53:20.641,5.650864124298096,400.26904296875,26.023311614990234,72.39511108398438,27.59099578857422,54.22339630126953,2
11:53:20.641,2.2745370864868164,398.80303955078125,26.097692489624023,28.716310501098633,71.2697982788086,36.8157844543457,2
11:53:20.641,5.159393310546875,397.8974914550781,26.144203186035156,66.94915008544922,29.577659606933594,70.408447265625,2
11:53:20.641,1.868983268737793,403.7346496582031,25.852890014648438,38.59405517578125,71.39482879638672,28.59127426147461,2
11:53:20.641,4.740299224853516,399.6779479980469,26.056154251098633,51.08363723754883,27.43817901611328,72.54792785644531,2
11:53:20.641,1.3894028663635254,403.1128234863281,25.885780334472656,57.0019416809082,72.04779052734375,27.93831443786621,2
11:53:20.641,4.295416831970215,399.760986328125,26.053964614868164,34.162269592285156,29.3692684173584,70.61683654785156,2
11:53:20.641,0.8478175401687622,394.2641296386719,26.329790115356445,71.60321807861328,62.57293701171875,28.382884979248047,2
11:53:20.641,3.860213279724121,400.6927185058594,26.006389617919922,27.896636962890625,42.42845153808594,72.08946990966797,2
11:53:20.641,0.46468043327331543,396.4539794921875,26.218120574951172,72.65907287597656,47.679908752441406,27.32703399658203,2
11:53:20.642,3.405256509780884,398.0614929199219,26.13719940185547,28.11892318725586,60.072242736816406,71.8671875,2
11:53:20.642,0.08464759588241577,401.51171875,25.96479034423828,70.35287475585938,33.43984603881836,29.633230209350586,2
11:53:20.642,2.9750208854675293,400.3160705566406,26.023616790771484,28.88302230834961,71.10308074951172,63.628787994384766,2
11:53:20.642,5.944024085998535,402.02490234375,25.936662673950195,72.07557678222656,27.91053009033203,42.859127044677734,2
11:53:20.642,2.5301027297973633,397.802490234375,26.148405075073242,27.43817901611328,72.54792785644531,46.55459976196289,2
11:53:20.642,5.495030403137207,402.81231689453125,25.898042678833008,71.64490509033203,28.34120750427246,60.155601501464844,2
11:53:20.642,2.17026686668396,399.2794189453125,26.073375701904297,29.633230209350586,70.35287475585938,33.06473922729492,2
11:53:20.642,5.073821067810059,401.44573974609375,25.964235305786133,63.7677116394043,28.966379165649414,71.01972961425781,2
11:53:20.642,1.768041729927063,406.7593688964844,25.698402404785156,42.442344665527344,71.81161499023438,28.17449188232422,2
11:53:20.642,4.625927448272705,400.9720458984375,25.986923217773438,46.624061584472656,27.577104568481445,72.40900421142578,2
11:53:20.642,1.2943793535232544,406.9794006347656,25.686269760131836,60.5029182434082,71.39482879638672,28.59127426147461,2
11:53:20.642,4.190979480743408,401.196533203125,25.972942352294922,30.59183120727539,30.494583129882812,69.49152374267578,2
11:53:20.642,0.772787868976593,396.0947265625,26.228382110595703,72.00611114501953,59.697139739990234,27.97999382019043,2
11:53:20.642,3.72755765914917,399.2951965332031,26.068431854248047,27.46596336364746,47.55487823486328,72.5201416015625,2
11:53:20.643,0.3182162046432495,394.03411865234375,26.331804275512695,72.31175231933594,41.94220733642578,27.674352645874023,2
11:53:20.643,3.2675256729125977,400.5885009765625,26.003826141357422,29.2303409576416,65.1014175415039,70.75576782226562,2
11:53:20.643,6.222698211669922,400.5583190917969,26.00485610961914,70.14448547363281,29.841623306274414,32.56460189819336,2
11:53:20.643,2.8174538612365723,397.2951965332031,26.16849136352539,27.78549575805664,72.20061492919922,57.76604461669922,2
11:53:20.643,5.7998270988464355,401.6312255859375,25.951997756958008,72.45067596435547,27.53542709350586,48.43012237548828,2
11:53:20.643,2.396287679672241,397.1510009765625,26.17606544494629,27.88274574279785,72.10336303710938,41.35871124267578,2
11:53:20.643,5.336334228515625,399.085693359375,26.079721450805664,70.58905029296875,29.39705467224121,66.06002044677734,2
11:53:20.643,1.9968572854995728,403.08843994140625,25.88096809387207,33.95387649536133,70.408447265625,29.577659606933594,2
11:53:20.643,4.883620262145996,400.94482421875,25.989055633544922,56.64073181152344,27.813282012939453,72.1728286743164,2
11:53:20.643,1.4984272718429565,401.90802001953125,25.942588806152344,52.80633544921875,72.39511108398438,27.59099578857422,2
11:53:20.643,4.392594814300537,398.2734375,26.12506675720215,37.67713165283203,28.521812438964844,71.46429443359375,2
11:53:20.643,1.00026273727417,402.619384765625,25.909788131713867,69.93608856201172,67.82439422607422,30.050012588500977,2
11:53:20.643,3.9641284942626953,399.2171325683594,26.0794677734375,28.410669326782227,38.46902084350586,71.575439453125,2
11:53:20.643,0.5359858274459839,394.0258483886719,26.340604782104492,72.79800415039062,50.48624801635742,27.188106536865234,2
11:53:20.643,3.525090456008911,400.4794006347656,26.017650604248047,27.688247680664062,55.44595718383789,72.29785919189453,2
11:53:20.643,0.16465449333190918,394.6307678222656,26.309070587158203,71.32537078857422,36.135040283203125,28.660737991333008,2
11:53:20.643,3.0780699253082275,399.8040466308594,26.050025939941406,29.772159576416016,70.21395111083984,67.33815002441406,2
11:53:21.163,6.0493483543396,402.1070556640625,25.93400001525879,71.51986694335938,28.46623992919922,38.871910095214844,2
11:53:21.163,2.6484038829803467,399.2550964355469,26.076427459716797,27.424283981323242,72.56182098388672,51.18088150024414,2
11:53:21.163,5.585676193237305,401.458740234375,25.96706771850586,72.1450424194336,27.841068267822266,56.73798370361328,2
11:53:21.163,2.250424385070801,399.5838317871094,26.059728622436523,28.938594818115234,71.04751586914062,35.9405403137207,2
11:53:21.163,5.156720161437988,401.7754211425781,25.949325561523438,66.72686767578125,29.702695846557617,70.28341674804688,2
11:53:21.163,1.7968037128448486,402.0416259765625,25.935775756835938,41.27535629272461,71.8810806274414,28.105030059814453,2
11:53:21.163,4.674971580505371,398.0743103027344,26.134031295776367,48.52737045288086,27.382606506347656,72.60350036621094,2
11:53:21.164,1.353183627128601,404.09466552734375,25.833168029785156,58.36343002319336,71.83940124511719,28.14670753479004,2
11:53:21.164,4.286968231201172,401.26495361328125,25.973384857177734,33.91219711303711,29.508197784423828,70.4779052734375,2
11:53:21.164,0.8381401300430298,395.4342346191406,26.265981674194336,71.61711120605469,62.18394088745117,28.36899185180664,2
11:53:21.164,3.8364930152893066,401.5983581542969,25.9559383392334,27.841068267822266,43.35926818847656,72.1450424194336,2
11:53:21.164,0.44269657135009766,396.7935791015625,26.195432662963867,72.60350036621094,46.81856155395508,27.382606506347656,2
11:53:21.164,3.4088146686553955,401.0284118652344,25.98166847229004,28.230064392089844,59.877742767333984,71.75604248046875,2
11:53:21.164,0.08197787404060364,395.83770751953125,26.240230560302734,70.53348541259766,33.17588424682617,29.452625274658203,2
11:53:21.164,2.9217348098754883,397.2550048828125,26.170442581176758,28.36899185180664,71.61711120605469,61.73937225341797,2
11:53:21.164,5.906876564025879,401.40985107421875,25.963058471679688,72.2283935546875,27.757709503173828,44.276187896728516,2
11:53:21.164,2.507863759994507,398.8432312011719,26.09055519104004,27.53542709350586,72.45067596435547,45.6932487487793,2
11:53:21.164,5.445100784301758,401.27880859375,25.968538284301758,71.38093566894531,28.60516929626465,62.045013427734375,2
11:53:21.164,2.111321210861206,402.26519775390625,25.918601989746094,30.36954689025879,69.61656188964844,31.133647918701172,2
11:53:21.164,4.985814094543457,398.9074401855469,26.08772850036621,60.55848693847656,28.243955612182617,71.74215698242188,2
11:53:21.164,1.6692007780075073,402.5104064941406,25.907312393188477,46.17949295043945,72.32564544677734,27.66046142578125,2
11:53:21.164,4.57417631149292,401.0285949707031,25.98221206665039,44.623504638671875,27.70214080810547,72.28396606445312,2
11:53:21.164,1.168631672859192,403.5213317871094,25.85979652404785,65.1708755493164,70.60295104980469,29.383161544799805,2
11:53:21.164,4.119363307952881,400.95513916015625,25.987674713134766,29.772159576416016,32.89802551269531,70.21395111083984,2
11:53:21.164,0.6739284992218018,394.8576354980469,26.293231964111328,72.5062484741211,55.9044189453125,27.479854583740234,2
11:53:21.164,3.6568219661712646,399.87408447265625,26.043249130249023,27.43817901611328,50.31953430175781,72.54792785644531,2
11:53:21.164,0.24376513063907623,394.1414794921875,26.331167221069336,71.90885925292969,39.080299377441406,28.07724380493164,2
11:53:21.164,3.1945128440856934,399.05682373046875,26.085708618164062,29.85551643371582,67.74103546142578,70.1305923461914,2
11:53:21.164,6.140559196472168,400.3170166015625,26.022695541381836,70.90858459472656,29.0775203704834,35.482078552246094,2
11:53:21.164,2.7268624305725098,397.3462219238281,26.17197608947754,27.46596336364746,72.5201416015625,54.26507568359375,2
11:53:21.164,5.7063822746276855,401.1220703125,25.98338508605957,72.4645767211914,27.52153205871582,52.07002258300781,2
11:53:21.164,2.338702440261841,399.2805480957031,26.07514190673828,28.285634994506836,71.70046997070312,39.2053337097168,2
11:53:21.164,5.253046989440918,401.8990173339844,25.944446563720703,69.64434051513672,30.34176254272461,68.88024139404297,2
11:53:21.164,1.9551689624786377,405.3457946777344,25.771310806274414,35.495967864990234,70.6863021850586,29.2998046875,2
11:53:21.164,4.798720836639404,399.4394836425781,26.067197799682617,53.3620491027832,27.50764274597168,72.47846984863281,2
11:53:21.425,1.487044334411621,406.1479187011719,25.731529235839844,53.223114013671875,72.20061492919922,27.78549575805664,2
11:53:21.425,4.379988670349121,401.07684326171875,25.983097076416016,37.27424240112305,28.716310501098633,71.2697982788086,2
11:53:21.425,0.9526866674423218,395.87548828125,26.24350357055664,70.65851593017578,66.36566162109375,29.327592849731445,2
11:53:21.425,3.955862522125244,401.6986389160156,25.95172691345215,28.46623992919922,38.830230712890625,71.51986694335938,2
11:53:21.425,0.5497094392776489,397.4072265625,26.166240692138672,72.64517974853516,51.0141716003418,27.340927124023438,2
11:53:21.425,3.526358127593994,401.41546630859375,25.9648494720459,27.72992515563965,55.376495361328125,72.25617980957031,2
11:53:21.425,0.13455277681350708,396.1355895996094,26.228361129760742,71.0058364868164,35.0652961730957,28.98027229309082,2
11:53:21.425,3.0263400077819824,397.0329284667969,26.18303871154785,29.188663482666016,70.79743957519531,65.58766174316406,2
11:53:21.425,6.0252532958984375,401.3677062988281,25.965105056762695,71.68657684326172,28.299528121948242,39.76104736328125,2
11:53:21.425,2.650784969329834,400.03167724609375,26.030506134033203,27.46596336364746,72.5201416015625,51.278133392333984,2
11:53:21.425,5.585690498352051,401.39031982421875,25.96169090270996,72.13114166259766,27.854961395263672,56.724090576171875,2
11:53:21.425,2.2210850715637207,398.5347595214844,26.104753494262695,29.146984100341797,70.83912658691406,34.856903076171875,2
11:53:21.425,5.128195762634277,399.49066162109375,26.057741165161133,65.78215789794922,29.355377197265625,70.63072967529297,2
11:53:21.425,1.8243073225021362,405.00714111328125,25.781713485717773,40.288970947265625,71.60321807861328,28.382884979248047,2
11:53:21.425,4.683393478393555,400.24554443359375,26.019779205322266,48.86079406738281,27.46596336364746,72.5201416015625,2
11:53:21.425,1.3451929092407227,402.54498291015625,25.904937744140625,58.68296813964844,71.8532943725586,28.132814407348633,2
11:53:21.425,4.245515823364258,398.8291015625,26.0909481048584,32.383995056152344,29.813838958740234,70.17227172851562,2
11:53:21.425,0.8524855971336365,396.7203369140625,26.1968936920166,71.46429443359375,62.684078216552734,28.521812438964844,2
11:53:21.425,3.810101270675659,400.2171325683594,26.022554397583008,27.688247680664062,44.35954284667969,72.29785919189453,2
11:53:21.425,0.36209142208099365,393.0861511230469,26.379941940307617,72.54792785644531,43.62322998046875,27.43817901611328,2
11:53:21.425,3.328662872314453,400.0152587890625,26.034305572509766,28.716310501098633,62.89247131347656,71.2697982788086,2
11:53:21.425,6.279645919799805,399.890869140625,26.03982925415039,69.56098937988281,30.425119400024414,30.577939987182617,2
11:53:21.425,2.9008872509002686,399.12445068359375,26.078811645507812,28.299528121948242,71.68657684326172,60.90580749511719,2
11:53:21.425,5.822179317474365,399.5232849121094,26.059711456298828,72.5201416015625,27.46596336364746,47.540985107421875,2
11:53:21.425,2.4661519527435303,399.7751770019531,26.04741859436035,27.688247680664062,72.29785919189453,44.081687927246094,2
11:53:21.425,5.383619785308838,399.16571044921875,26.078781127929688,71.0058364868164,28.98027229309082,64.35120391845703,2
11:53:21.427,2.0683486461639404,403.7640075683594,25.84963035583496,31.480968475341797,69.67213439941406,30.313974380493164,2
11:53:21.427,4.940920829772949,400.25860595703125,26.02594757080078,58.835784912109375,28.035566329956055,71.95054626464844,2
11:53:21.427,1.6098767518997192,404.91424560546875,25.793392181396484,48.48569107055664,72.31175231933594,27.674352645874023,2
11:53:21.427,4.499395370483398,400.0824890136719,26.033750534057617,41.73381805419922,27.95220947265625,72.03389739990234,2
11:53:21.427,1.1187024116516113,404.30267333984375,25.823673248291016,66.9213638305664,70.11669921875,29.869407653808594,2
11:53:21.427,4.032293796539307,398.3681945800781,26.119903564453125,28.88302230834961,35.9266471862793,71.10308074951172,2
11:53:21.427,0.6223232746124268,394.8856201171875,26.294639587402344,72.65907287597656,53.87607955932617,27.32703399658203,2
11:53:21.427,3.610976219177246,400.7062683105469,26.001760482788086,27.50764274597168,52.111698150634766,72.47846984863281,2
11:53:21.427,0.2502470016479492,397.7159423828125,26.149932861328125,71.79772186279297,39.39983367919922,28.188386917114258,2
11:53:21.427,3.16798996925354,401.32366943359375,25.970359802246094,30.230621337890625,68.57460021972656,69.75548553466797,2
11:53:21.427,6.1563849449157715,402.43341064453125,25.91379737854004,70.6863021850586,29.2998046875,34.96804428100586,2
11:53:21.427,2.751113176345825,399.5505065917969,26.057453155517578,27.632675170898438,72.35343170166016,55.18199157714844,2
11:53:21.427,5.698029041290283,399.7156066894531,26.048301696777344,72.5062484741211,27.479854583740234,52.4034423828125,2
11:53:21.427,2.3376121520996094,397.4046630859375,26.16315269470215,28.216171264648438,71.76993560791016,39.13587188720703,2
11:53:21.427,5.275652885437012,401.5247497558594,25.95624351501465,69.89441680908203,30.091690063476562,68.10224914550781,2
11:53:21.427,1.9670029878616333,405.26519775390625,25.76816749572754,35.07918930053711,70.57515716552734,29.410945892333984,2
11:53:21.427,4.825281620025635,399.6273193359375,26.04928970336914,54.39011001586914,27.577104568481445,72.40900421142578,2
11:53:21.427,1.5010007619857788,403.6107177734375,25.85062599182129,52.6951904296875,72.32564544677734,27.66046142578125,2
11:53:21.427,4.389242649078369,399.7486267089844,26.043853759765625,37.59377670288086,28.60516929626465,71.38093566894531,2
11:53:21.427,0.9706103205680847,405.255615234375,25.76944923400879,70.11669921875,66.69908142089844,29.869407653808594,2
11:53:21.427,3.9549081325531006,401.07476806640625,25.976726531982422,28.43845558166504,38.85801696777344,71.54765319824219,2
11:53:21.427,0.5587314367294312,397.6238098144531,26.149690628051758,72.63128662109375,51.37538146972656,27.354822158813477,2
11:53:21.427,3.5125677585601807,400.2889709472656,26.016645431518555,27.72992515563965,55.93220520019531,72.25617980957031,2
11:53:21.427,0.1498139351606369,395.6814880371094,26.246828079223633,71.15865325927734,35.62100601196289,28.82745361328125,2
11:53:21.427,3.03732967376709,397.219970703125,26.17055892944336,29.285913467407227,70.7001953125,65.9766616821289,2
11:53:21.427,5.987041473388672,399.1244201660156,26.07529067993164,71.99221801757812,27.993886947631836,41.178104400634766,2
11:53:21.941,2.5685009956359863,395.9679870605469,26.234725952148438,27.29924964904785,72.68685913085938,48.04112243652344,2
11:53:21.941,5.5496721267700195,399.87164306640625,26.039539337158203,72.04779052734375,27.93831443786621,58.12725830078125,2
11:53:21.941,2.1726155281066895,398.9162292480469,26.08877944946289,29.605445861816406,70.38066101074219,33.13420486450195,2
11:53:21.941,5.05476713180542,398.1401672363281,26.128997802734375,63.15643310546875,28.674633026123047,71.31147766113281,2
11:53:21.941,1.7387596368789673,402.5056457519531,25.91193389892578,43.49819564819336,72.11725616455078,27.868852615356445,2
11:53:21.941,4.6353759765625,399.4828186035156,26.06350326538086,46.98527526855469,27.49374771118164,72.49236297607422,2
11:53:21.941,1.281477451324463,404.5285339355469,25.812715530395508,61.044734954833984,71.42261505126953,28.56348991394043,2
11:53:21.941,4.189082622528076,400.5005798339844,26.013338088989258,30.494583129882812,30.480688095092773,69.50541687011719,2
11:53:21.941,0.7600618004798889,394.68365478515625,26.3044490814209,72.1450424194336,59.238677978515625,27.841068267822266,2
11:53:21.941,3.7540810108184814,400.302978515625,26.021821975708008,27.549320220947266,46.52681350708008,72.43678283691406,2
11:53:21.941,0.35561978816986084,395.2664489746094,26.273046493530273,72.42289733886719,43.400943756103516,27.56321144104004,2
11:53:21.941,3.2851483821868896,398.28204345703125,26.122159957885742,28.98027229309082,64.53181457519531,71.0058364868164,2
11:53:21.941,6.260948657989502,401.8763122558594,25.942842483520508,69.69992065429688,30.286190032958984,31.286468505859375,2
11:53:21.941,2.858785629272461,400.2672119140625,26.022171020507812,28.105030059814453,71.8810806274414,59.30813980102539,2
11:53:21.941,5.825948238372803,402.40142822265625,25.914424896240234,72.38121795654297,27.604888916015625,47.41594696044922,2
11:53:21.941,2.418638229370117,397.9443664550781,26.137470245361328,27.799388885498047,72.18672180175781,42.233951568603516,2
11:53:21.941,5.359293460845947,401.8664855957031,25.941661834716797,70.6863021850586,29.2998046875,65.15699005126953,2
11:53:21.941,2.0585451126098633,404.4274597167969,25.812631607055664,31.842178344726562,69.74159240722656,30.244510650634766,2
11:53:21.941,4.955493927001953,401.4177551269531,25.962085723876953,59.363712310791016,28.17449188232422,71.81161499023438,2
11:53:21.941,1.63538658618927,405.6798095703125,25.749286651611328,47.499305725097656,72.2422866821289,27.743816375732422,2
11:53:21.941,4.506606101989746,401.7948303222656,25.942726135253906,42.03945541381836,27.993886947631836,71.99221801757812,2
11:53:21.941,1.1283280849456787,405.74615478515625,25.745656967163086,66.53236389160156,70.14448547363281,29.841623306274414,2
11:53:21.941,4.087145805358887,402.0157470703125,25.929790496826172,29.508197784423828,34.06501770019531,70.4779052734375,2
11:53:21.941,0.6324971318244934,395.0687561035156,26.27782440185547,72.61739349365234,54.27896499633789,27.36871337890625,2
11:53:21.941,3.6098127365112305,400.0179138183594,26.029720306396484,27.479854583740234,52.153377532958984,72.5062484741211,2
11:53:21.941,0.22218260169029236,394.39141845703125,26.31105613708496,71.75604248046875,38.27452087402344,28.230064392089844,2
11:53:21.942,3.1525216102600098,400.84014892578125,25.98839569091797,30.383440017700195,69.11641693115234,69.60266876220703,2
11:53:21.942,6.118786811828613,400.9275207519531,25.98341178894043,71.06140899658203,28.924699783325195,36.28786087036133,2
11:53:21.942,2.713872194290161,397.4106140136719,26.159839630126953,27.43817901611328,72.54792785644531,53.75103759765625,2
11:53:21.942,5.6796979904174805,401.6338806152344,25.94908905029297,72.39511108398438,27.59099578857422,53.09808349609375,2
11:53:21.942,2.2977452278137207,397.177734375,26.17160415649414,28.480133056640625,71.50597381591797,37.63545608520508,2
11:53:21.942,5.23698616027832,400.9916687011719,25.981386184692383,69.49152374267578,30.494583129882812,69.44984436035156,2
11:53:21.942,1.880063772201538,403.0963439941406,25.87750244140625,38.17727279663086,71.33926391601562,28.646846771240234,2
11:53:21.942,4.777888774871826,401.62701416015625,25.95171356201172,52.5423698425293,27.56321144104004,72.42289733886719,2
11:53:21.942,1.402698040008545,401.8724365234375,25.940494537353516,56.50180435180664,72.1450424194336,27.841068267822266,2
11:53:21.942,4.2966203689575195,397.4298400878906,26.163267135620117,34.148372650146484,29.27202033996582,70.7140884399414,2
11:53:21.942,0.8701351881027222,394.28692626953125,26.322887420654297,71.43651580810547,63.40650177001953,28.549596786499023,2
11:53:21.942,3.8577423095703125,399.1075744628906,26.080921173095703,27.827173233032227,42.511810302734375,72.158935546875,2
11:53:21.942,0.4333936870098114,393.90582275390625,26.342016220092773,72.71464538574219,46.429561614990234,27.271465301513672,2
11:53:21.942,3.4036407470703125,400.48260498046875,26.013320922851562,28.230064392089844,60.08613586425781,71.75604248046875,2
11:53:21.942,0.09871681779623032,402.3185729980469,25.92029571533203,70.45012664794922,33.967769622802734,29.535982131958008,2
11:53:21.942,2.9741320610046387,400.13934326171875,26.02913475036621,28.869131088256836,71.11698150634766,63.60099792480469,2
11:53:21.942,5.919008255004883,401.5995178222656,25.955778121948242,72.18672180175781,27.799388885498047,43.817726135253906,2
11:53:21.942,2.5247955322265625,398.73663330078125,26.09841537475586,27.49374771118164,72.49236297607422,46.34620666503906,2
11:53:21.942,5.473704814910889,402.3341369628906,25.919818878173828,71.53376007080078,28.452348709106445,60.96137619018555,2
11:53:21.942,2.158269166946411,406.6662292480469,25.701820373535156,30.050012588500977,69.93608856201172,32.88413619995117,2
11:53:21.942,5.0136189460754395,400.85064697265625,25.992111206054688,61.55876541137695,28.494028091430664,71.49208068847656,2
11:53:21.942,1.668914556503296,401.82379150390625,25.94278907775879,46.17949295043945,72.35343170166016,27.632675170898438,2
11:53:21.942,4.570035457611084,399.12347412109375,26.078222274780273,44.442901611328125,27.632675170898438,72.35343170166016,2
11:53:21.942,1.2375627756118774,404.57110595703125,25.805782318115234,62.65629577636719,71.11698150634766,28.869131088256836,2
11:53:21.943,4.169569492340088,402.16265869140625,25.924530029296875,30.34176254272461,31.20311164855957,69.64434051513672,2
11:53:21.943,0.7272395491600037,395.1228942871094,26.277767181396484,72.28396606445312,57.96054458618164,27.70214080810547,2
11:53:22.200,3.7170534133911133,401.45782470703125,25.959753036499023,27.53542709350586,47.97166061401367,72.45067596435547,2
11:53:22.200,0.310959130525589,395.94964599609375,26.234493255615234,72.20061492919922,41.692138671875,27.78549575805664,2
11:53:22.200,3.2692389488220215,401.4673156738281,25.957473754882812,29.25812530517578,65.0041732788086,70.72798156738281,2
11:53:22.200,6.22445011138916,401.3310852050781,25.96319007873535,70.08891296386719,29.89719581604004,32.53681564331055,2
11:53:22.200,2.8193774223327637,398.5498352050781,26.10276222229004,27.841068267822266,72.1450424194336,57.82162094116211,2
11:53:22.200,5.801892280578613,402.232177734375,25.918331146240234,72.42289733886719,27.56321144104004,48.346763610839844,2
11:53:22.200,2.3982372283935547,398.1898498535156,26.119953155517578,27.91053009033203,72.07557678222656,41.45595932006836,2
11:53:22.200,5.3237152099609375,400.8426818847656,25.987403869628906,70.3945541381836,29.591554641723633,66.44901275634766,2
11:53:22.200,1.9952327013015747,402.05963134765625,25.92645835876465,33.98166275024414,70.45012664794922,29.535982131958008,2
11:53:22.200,4.856831073760986,397.97662353515625,26.132286071777344,55.64045333862305,27.59099578857422,72.39511108398438,2
11:53:22.200,1.5377240180969238,402.91162109375,25.886003494262695,51.278133392333984,72.39511108398438,27.59099578857422,2
11:53:22.200,4.433260440826416,400.6231994628906,26.001094818115234,39.247013092041016,28.34120750427246,71.64490509033203,2
11:53:22.200,1.010314702987671,403.4356994628906,25.86224365234375,69.78327178955078,68.14392852783203,30.20283317565918,2
11:53:22.200,3.976314067840576,400.2530212402344,26.02129364013672,28.53570556640625,38.0383415222168,71.45040130615234,2
11:53:22.200,0.5576432943344116,395.1271057128906,26.27764320373535,72.74242401123047,51.333702087402344,27.24367904663086,2
11:53:22.200,3.527787685394287,399.11041259765625,26.079463958740234,27.618783950805664,55.34870529174805,72.36732482910156,2
11:53:22.200,0.14687372744083405,394.2919921875,26.32164764404297,71.18643951416016,35.46818542480469,28.799667358398438,2
11:53:22.200,3.0769495964050293,399.524169921875,26.060373306274414,29.75826644897461,70.22784423828125,67.31036376953125,2
11:53:22.200,6.023260593414307,400.4753112792969,26.013202667236328,71.74215698242188,28.243955612182617,39.81661605834961,2
11:53:22.200,2.6148440837860107,397.8012390136719,26.14754867553711,27.354822158813477,72.63128662109375,49.87496566772461,2
11:53:22.200,5.58696985244751,402.2916564941406,25.922792434692383,72.10336303710938,27.88274574279785,56.66851806640625,2
11:53:22.200,2.224550485610962,400.0857238769531,26.032758712768555,29.174772262573242,70.81134033203125,35.023616790771484,2
11:53:22.200,5.116640567779541,399.5797424316406,26.05803871154785,65.3653793334961,29.24423599243164,70.74187469482422,2
11:53:22.200,1.812136173248291,404.6025085449219,25.806537628173828,40.747432708740234,71.70046997070312,28.285634994506836,2
11:53:22.200,4.657704830169678,398.8287353515625,26.095727920532227,47.86051940917969,27.424283981323242,72.56182098388672,2
11:53:22.200,1.3555246591567993,407.5664978027344,25.659250259399414,58.210609436035156,71.70046997070312,28.285634994506836,2
11:53:22.719,4.238140106201172,400.58612060546875,26.005910873413086,32.175601959228516,29.9527645111084,70.03334045410156,2
11:53:22.719,0.8312867283821106,397.0554504394531,26.1822566986084,71.60321807861328,61.89219284057617,28.382884979248047,2
11:53:22.720,3.8126089572906494,401.5885009765625,25.955345153808594,27.757709503173828,44.276187896728516,72.2283935546875,2
11:53:22.720,0.4131399691104889,396.59857177734375,26.204914093017578,72.54792785644531,45.665462493896484,27.43817901611328,2
11:53:22.720,3.381086826324463,401.75201416015625,25.94623565673828,28.424560546875,60.90580749511719,71.5615463256836,2
11:53:22.720,0.020251721143722534,399.5004577636719,26.057958602905273,69.75548553466797,31.133647918701172,30.230621337890625,2
11:53:22.720,2.9003093242645264,397.3184509277344,26.16703987121582,28.230064392089844,71.75604248046875,60.933589935302734,2
11:53:22.720,5.8849639892578125,401.42230224609375,25.960330963134766,72.29785919189453,27.688247680664062,45.1236457824707,2
11:53:22.720,2.5138938426971436,400.3045654296875,26.01518440246582,27.59099578857422,72.39511108398438,45.94331741333008,2
11:53:22.720,5.444083213806152,400.64459228515625,25.997520446777344,71.39482879638672,28.59127426147461,62.08668899536133,2
11:53:22.720,2.1156728267669678,404.0543518066406,25.827106475830078,30.383440017700195,69.60266876220703,31.342039108276367,2
11:53:22.720,4.988570690155029,400.02862548828125,26.028844833374023,60.641841888427734,28.299528121948242,71.68657684326172,2
11:53:22.720,1.6828283071517944,405.8687744140625,25.736948013305664,45.67935562133789,72.1450424194336,27.841068267822266,2
11:53:22.720,4.554963111877441,400.4342346191406,26.007816314697266,43.87329864501953,27.743816375732422,72.2422866821289,2
11:53:22.720,1.1924926042556763,402.66387939453125,25.896913528442383,64.33731079101562,70.83912658691406,29.146984100341797,2
11:53:22.720,4.11760950088501,400.0270690917969,26.02896499633789,29.71658706665039,32.925811767578125,70.26951599121094,2
11:53:22.720,0.7199507355690002,396.90106201171875,26.185829162597656,72.2283935546875,57.6549072265625,27.757709503173828,2
11:53:22.720,3.655632495880127,399.38323974609375,26.062318801879883,27.424283981323242,50.361209869384766,72.56182098388672,2
11:53:22.720,0.24275626242160797,393.2770080566406,26.36861801147461,71.9366455078125,39.02472686767578,28.049457550048828,2
11:53:22.720,3.189302921295166,400.12554931640625,26.027299880981445,29.9527645111084,67.87996673583984,70.03334045410156,2
11:53:22.720,6.14030647277832,400.1087341308594,26.027793884277344,70.92247772216797,29.063629150390625,35.482078552246094,2
11:53:22.720,2.749032735824585,398.4162902832031,26.113388061523438,27.577104568481445,72.40900421142578,55.11252975463867,2
11:53:22.720,5.691089153289795,400.0346984863281,26.033832550048828,72.49236297607422,27.49374771118164,52.66740798950195,2
11:53:22.720,2.3391690254211426,399.2715759277344,26.071887969970703,28.285634994506836,71.70046997070312,39.23311996459961,2
11:53:22.720,5.2483415603637695,400.1756896972656,26.02728271484375,69.64434051513672,30.34176254272461,69.08863830566406,2
11:53:22.720,1.942346453666687,404.8612365722656,25.793292999267578,35.9405403137207,70.81134033203125,29.174772262573242,2
11:53:22.977,4.800493240356445,399.9245910644531,26.040414810180664,53.43151092529297,27.53542709350586,72.45067596435547,2
11:53:22.977,1.4631890058517456,404.21868896484375,25.826335906982422,54.1539306640625,72.2283935546875,27.757709503173828,2
11:53:22.977,4.354355335235596,399.85089111328125,26.0440731048584,36.30175018310547,28.869131088256836,71.11698150634766,2
11:53:22.977,0.9345526099205017,405.28717041015625,25.77311897277832,70.45012664794922,65.43484497070312,29.535982131958008,2
11:53:22.977,3.8912010192871094,398.05828857421875,26.133220672607422,27.93831443786621,41.20589065551758,72.04779052734375,2
11:53:22.977,0.4973786473274231,394.71612548828125,26.300615310668945,72.75631713867188,48.958045959472656,27.229785919189453,2
11:53:22.977,3.480053186416626,400.6893005371094,26.00053596496582,27.854961395263672,57.16865539550781,72.13114166259766,2
11:53:22.977,0.13487038016319275,396.0691223144531,26.230125427246094,71.01972961425781,35.07918930053711,28.966379165649414,2
11:53:22.977,3.0154542922973633,398.1884765625,26.125272750854492,29.133092880249023,70.85301208496094,65.15699005126953,2
11:53:22.977,6.001812934875488,402.29498291015625,25.919296264648438,71.78382873535156,28.20227813720703,40.6640739440918,2
11:53:22.977,2.6033833026885986,399.087646484375,26.078861236572266,27.410390853881836,72.57572174072266,49.41650390625,2
11:53:22.977,5.537716865539551,399.42974853515625,26.060768127441406,72.00611114501953,27.97999382019043,58.599609375,2
11:53:22.978,2.2254679203033447,397.9946594238281,26.13188362121582,29.0775203704834,70.90858459472656,34.99583435058594,2
11:53:22.978,5.12077522277832,401.35882568359375,25.963157653808594,65.46263122558594,29.355377197265625,70.63072967529297,2
11:53:22.978,1.8007652759552002,404.55950927734375,25.802400588989258,41.164215087890625,71.75604248046875,28.230064392089844,2
11:53:22.978,4.686027526855469,400.0019226074219,26.02933120727539,48.958045959472656,27.452070236206055,72.5340347290039,2
11:53:22.978,1.3296072483062744,402.82421875,25.888513565063477,59.26646041870117,71.76993560791016,28.216171264648438,2
11:53:22.978,4.236929893493652,399.8485412597656,26.037179946899414,32.120033264160156,29.938871383666992,70.04723358154297,2
11:53:22.978,0.8032783269882202,394.3174743652344,26.314573287963867,71.89497375488281,60.89191436767578,28.091135025024414,2
11:53:22.978,3.799863338470459,400.67132568359375,25.99578857421875,27.688247680664062,44.76243209838867,72.29785919189453,2
11:53:22.978,0.41026413440704346,397.30401611328125,26.16426658630371,72.5062484741211,45.5543212890625,27.479854583740234,2
11:53:22.978,3.3416945934295654,400.1568298339844,26.02226448059082,28.632953643798828,62.40622329711914,71.35315704345703,2
11:53:22.978,0.025254204869270325,401.6013488769531,25.949995040893555,69.72769927978516,31.383716583251953,30.258405685424805,2
11:53:22.978,2.873833179473877,396.48760986328125,26.206350326538086,28.035566329956055,71.95054626464844,59.94720458984375,2
11:53:22.978,5.836278915405273,399.6785583496094,26.047155380249023,72.47846984863281,27.50764274597168,46.99916458129883,2
11:53:22.978,2.45219349861145,397.1272888183594,26.175256729125977,27.632675170898438,72.35343170166016,43.512088775634766,2
11:53:22.979,5.4032816886901855,399.676513671875,26.04743194580078,71.13087463378906,28.85523796081543,63.614891052246094,2
11:53:22.979,2.052692174911499,402.0232238769531,25.93126678466797,31.967214584350586,69.89441680908203,30.091690063476562,2
11:53:22.979,4.9141340255737305,397.38079833984375,26.16461753845215,57.86329650878906,27.799388885498047,72.18672180175781,2
11:53:22.979,1.6218658685684204,404.1772766113281,25.825788497924805,48.01333999633789,72.32564544677734,27.66046142578125,2
11:53:22.979,4.495389938354492,399.8601379394531,26.041385650634766,41.580997467041016,27.966102600097656,72.02000427246094,2
11:53:22.979,1.1183841228485107,404.2337646484375,25.824142456054688,66.9213638305664,70.1028060913086,29.88330078125,2
11:53:22.979,4.059603691101074,400.4548034667969,26.012298583984375,29.188663482666016,34.99583435058594,70.79743957519531,2
11:53:22.979,0.6212902665138245,394.6742858886719,26.30207061767578,72.65907287597656,53.83439636230469,27.32703399658203,2
11:53:22.979,3.6223201751708984,400.4493713378906,26.012657165527344,27.479854583740234,51.66712951660156,72.5062484741211,2
11:53:22.979,0.22325176000595093,394.4696960449219,26.31121253967285,71.75604248046875,38.316200256347656,28.230064392089844,2
11:53:22.979,3.1694791316986084,397.5503845214844,26.15692901611328,30.063905715942383,68.657958984375,69.92220306396484,2
11:53:22.979,6.120326995849609,401.9400939941406,25.937685012817383,71.0058364868164,28.98027229309082,36.26007080078125,2
11:53:22.979,2.7072322368621826,398.9339904785156,26.08754539489746,27.49374771118164,72.49236297607422,53.48707962036133,2
11:53:22.979,5.695559501647949,402.9676208496094,25.884872436523438,72.36732482910156,27.618783950805664,52.47290802001953,2
11:53:22.979,2.2894861698150635,397.7861633300781,26.143972396850586,28.56348991394043,71.42261505126953,37.34370803833008,2
11:53:22.979,5.203467845916748,402.8101806640625,25.893362045288086,68.31063842773438,30.216726303100586,69.76937866210938,2
11:53:22.979,1.918216586112976,404.3374328613281,25.81577491760254,36.8018913269043,71.01972961425781,28.966379165649414,2
11:53:22.979,4.814787864685059,401.40289306640625,25.961339950561523,53.973323822021484,27.632675170898438,72.35343170166016,2
11:53:22.979,1.488189935684204,405.72576904296875,25.746055603027344,53.18143844604492,72.2145004272461,27.771604537963867,2
11:53:22.979,4.375247478485107,401.77886962890625,25.942378997802734,37.12142562866211,28.78577423095703,71.20033264160156,2
11:53:22.979,0.9480313658714294,405.262451171875,25.768234252929688,70.32508850097656,65.90719604492188,29.66101837158203,2
11:53:22.979,3.9444615840911865,401.7162170410156,25.94317054748535,28.39677619934082,39.26090621948242,71.5893325805664,2
11:53:22.979,0.5064893960952759,394.8387145996094,26.287384033203125,72.75631713867188,49.31925582885742,27.229785919189453,2
11:53:22.980,3.4816598892211914,399.68890380859375,26.044557571411133,27.813282012939453,57.12697982788086,72.1728286743164,2
11:53:22.980,0.13422192633152008,394.9659118652344,26.280216217041016,71.04751586914062,35.023616790771484,28.938594818115234,2
11:53:23.498,3.0173134803771973,398.4692687988281,26.104930877685547,29.160877227783203,70.82523345947266,65.21256256103516,2
11:53:23.498,5.975985527038574,400.0673828125,26.024721145629883,72.00611114501953,27.97999382019043,41.60877990722656,2
11:53:23.498,2.578084945678711,397.3029479980469,26.163658142089844,27.354822158813477,72.63128662109375,48.43012237548828,2
11:53:23.498,5.534481048583984,401.7483825683594,25.9423770904541,71.89497375488281,28.091135025024414,58.68296813964844,2
11:53:23.498,2.1955857276916504,396.82464599609375,26.187959671020508,29.313697814941406,70.67240905761719,33.8844108581543,2
11:53:23.498,5.095658302307129,400.9591369628906,25.98240852355957,64.57349395751953,29.119199752807617,70.86690521240234,2
11:53:23.498,1.7514021396636963,403.6135559082031,25.850645065307617,43.025840759277344,72.02000427246094,27.966102600097656,2
11:53:23.498,4.647805690765381,401.19720458984375,25.97171974182129,47.48541259765625,27.549320220947266,72.43678283691406,2
11:53:23.498,1.2550971508026123,401.3118896484375,25.966970443725586,62.08668899536133,71.36705017089844,28.619060516357422,2
11:53:23.498,4.160321235656738,398.32965087890625,26.11669921875,30.091690063476562,31.383716583251953,69.89441680908203,2
11:53:23.498,0.747833251953125,394.5022888183594,26.3104305267334,72.2145004272461,58.76632308959961,27.771604537963867,2
11:53:23.498,3.7174205780029297,398.39898681640625,26.114946365356445,27.410390853881836,47.943870544433594,72.57572174072266,2
11:53:23.498,0.32748937606811523,395.76812744140625,26.247346878051758,72.28396606445312,42.31731033325195,27.70214080810547,2
11:53:23.498,3.2661869525909424,400.04095458984375,26.034103393554688,29.216449737548828,65.1708755493164,70.7696533203125,2
11:53:23.498,6.24965238571167,402.0521240234375,25.932872772216797,69.8110580444336,30.175048828125,31.68935775756836,2
11:53:23.498,2.844839334487915,399.6565856933594,26.052635192871094,28.00777816772461,71.97832489013672,58.780216217041016,2
11:53:23.498,5.813455581665039,402.0621032714844,25.931846618652344,72.42289733886719,27.56321144104004,47.90219497680664,2
11:53:23.498,2.4237654209136963,398.92962646484375,26.088077545166016,27.827173233032227,72.158935546875,42.442344665527344,2
11:53:23.498,5.346893310546875,402.2286682128906,25.92426872253418,70.56126403808594,29.424840927124023,65.58766174316406,2
11:53:23.498,2.066288709640503,407.73583984375,25.64729118347168,31.703250885009766,69.533203125,30.452903747558594,2
11:53:23.498,4.907067775726318,400.6385192871094,26.001224517822266,57.54376220703125,27.896636962890625,72.08946990966797,2
11:53:23.498,1.5514131784439087,401.73724365234375,25.946008682250977,50.750205993652344,72.4645767211914,27.52153205871582,2
11:53:23.498,4.4599995613098145,398.7694091796875,26.09427833557129,40.219505310058594,28.105030059814453,71.8810806274414,2
11:53:23.498,1.0979499816894531,404.4002380371094,25.8133544921875,67.62989807128906,69.89441680908203,30.091690063476562,2
11:53:23.498,4.062694072723389,401.78369140625,25.942262649536133,29.27202033996582,34.926368713378906,70.7140884399414,2
11:53:23.498,0.6212514042854309,395.52783203125,26.25563621520996,72.61739349365234,53.83439636230469,27.36871337890625,2
11:53:23.498,3.607659339904785,401.97271728515625,25.932174682617188,27.577104568481445,52.222843170166016,72.40900421142578,2
11:53:23.500,0.21856330335140228,395.4168701171875,26.258684158325195,71.68657684326172,38.16337966918945,28.299528121948242,2
11:53:23.500,3.1782188415527344,401.5904235839844,25.948762893676758,30.13336944580078,68.21339416503906,69.85273742675781,2
11:53:23.500,6.131371974945068,401.6282653808594,25.946086883544922,70.92247772216797,29.063629150390625,35.857181549072266,2
11:53:23.500,2.716017961502075,398.63580322265625,26.096107482910156,27.50764274597168,72.47846984863281,53.82050323486328,2
11:53:23.500,5.681503772735596,401.520751953125,25.952167510986328,72.39511108398438,27.59099578857422,53.02861785888672,2
11:53:23.500,2.3211214542388916,399.6293640136719,26.045705795288086,28.424560546875,71.5615463256836,38.56626892089844,2
11:53:23.500,5.211283206939697,400.0107727050781,26.026416778564453,68.6718521118164,30.20283317565918,69.78327178955078,2
11:53:23.500,1.8915112018585205,402.55255126953125,25.899465560913086,37.74659729003906,71.28369140625,28.702417373657227,2
11:53:23.500,4.753390312194824,398.2348327636719,26.11650276184082,51.5976676940918,27.396499633789062,72.58960723876953,2
11:53:23.500,1.441229224205017,403.10101318359375,25.87371826171875,55.00138854980469,72.2145004272461,27.771604537963867,2
11:53:23.500,4.336928367614746,400.6710510253906,25.995803833007812,35.690467834472656,29.04973602294922,70.93637084960938,2
11:53:23.500,0.8682652711868286,393.4928894042969,26.356948852539062,71.47818756103516,63.35093307495117,28.507917404174805,2
11:53:23.500,3.870025157928467,400.5840759277344,26.00181770324707,27.95220947265625,42.053348541259766,72.03389739990234,2
11:53:23.500,0.45316001772880554,394.5738220214844,26.302465438842773,72.71464538574219,47.22145080566406,27.271465301513672,2
11:53:23.500,3.418654441833496,399.76824951171875,26.043262481689453,28.11892318725586,59.530426025390625,71.8671875,2
11:53:23.500,0.07828790694475174,394.8758850097656,26.288530349731445,70.53348541259766,33.0091667175293,29.452625274658203,2
11:53:23.500,2.959954261779785,399.09466552734375,26.078048706054688,28.716310501098633,71.2697982788086,63.1147575378418,2
11:53:23.500,5.905588150024414,400.2706298828125,26.019878387451172,72.28396606445312,27.70214080810547,44.31786346435547,2
11:53:23.500,2.5056612491607666,397.4101257324219,26.163055419921875,27.479854583740234,72.5062484741211,45.59599685668945,2
11:53:23.500,5.4573588371276855,401.1907043457031,25.974262237548828,71.46429443359375,28.521812438964844,61.586551666259766,2
11:53:23.500,2.142190933227539,405.33123779296875,25.76687240600586,30.161157608032227,69.824951171875,32.286746978759766,2
11:53:23.500,4.999555587768555,399.54998779296875,26.055727005004883,61.05862808227539,28.355098724365234,71.63101196289062,2
11:53:23.500,1.6941996812820435,404.6031799316406,25.803020477294922,45.23478698730469,72.1728286743164,27.813282012939453,2
11:53:23.500,4.550198078155518,399.0235595703125,26.082794189453125,43.67879867553711,27.70214080810547,72.28396606445312,2
11:53:23.500,1.216550350189209,407.6858215332031,25.65022850036621,63.337039947509766,70.82523345947266,29.160877227783203,2
11:53:24.024,4.119433879852295,400.7394104003906,25.994678497314453,29.75826644897461,32.88413619995117,70.22784423828125,2
11:53:24.024,0.7207772731781006,397.0328369140625,26.17951011657715,72.2283935546875,57.68268585205078,27.757709503173828,2
11:53:24.024,3.705317497253418,401.638916015625,25.94911766052246,27.53542709350586,48.43012237548828,72.45067596435547,2
11:53:24.024,0.30188557505607605,396.60107421875,26.200727462768555,72.13114166259766,41.344818115234375,27.854961395263672,2
11:53:24.024,3.249708652496338,402.0366516113281,25.928470611572266,29.452625274658203,65.6849136352539,70.53348541259766,2
11:53:24.024,6.172940254211426,399.0296325683594,26.078184127807617,70.67240905761719,29.313697814941406,34.27341079711914,2
11:53:24.024,2.7864091396331787,397.5965270996094,26.149450302124023,27.66046142578125,72.32564544677734,56.57126998901367,2
11:53:24.024,5.767178058624268,401.8768005371094,25.934484481811523,72.45067596435547,27.53542709350586,49.694358825683594,2
11:53:24.024,2.400967597961426,399.8700866699219,26.033096313476562,27.97999382019043,72.00611114501953,41.580997467041016,2
11:53:24.024,5.32974100112915,402.0370788574219,25.924152374267578,70.408447265625,29.577659606933594,66.19894409179688,2
11:53:24.024,1.9851129055023193,402.87213134765625,25.88214111328125,34.37065887451172,70.50569915771484,29.48041343688965,2
11:53:24.024,4.8825154304504395,399.8937683105469,26.031572341918945,56.599056243896484,27.771604537963867,72.2145004272461,2
11:53:24.024,1.5614533424377441,405.808837890625,25.73579978942871,50.34731674194336,72.28396606445312,27.70214080810547,2
11:53:24.024,4.429790496826172,399.7786560058594,26.036415100097656,39.10808563232422,28.34120750427246,71.64490509033203,2
11:53:24.024,1.0509679317474365,402.0086364746094,25.925390243530273,69.31092071533203,69.4776382446289,30.508474349975586,2
11:53:24.024,3.987351655960083,399.6334533691406,26.044750213623047,28.59127426147461,37.621559143066406,71.39482879638672,2
11:53:24.024,0.5921937823295593,396.67193603515625,26.193092346191406,72.61739349365234,52.681304931640625,27.36871337890625,2
11:53:24.024,3.524965524673462,398.8663635253906,26.08401870727539,27.618783950805664,55.4598503112793,72.36732482910156,2
11:53:24.024,0.153493270277977,393.6217956542969,26.346731185913086,71.2697982788086,35.70436096191406,28.716310501098633,2
11:53:24.024,3.047600030899048,396.74365234375,26.192365646362305,29.3692684173584,70.61683654785156,66.35176849365234,2
11:53:24.024,6.022397041320801,399.4794921875,26.05488395690918,71.78382873535156,28.20227813720703,39.84440231323242,2
11:53:24.024,2.6350648403167725,398.1293640136719,26.123395919799805,27.36871337890625,72.61739349365234,50.66685104370117,2
11:53:24.024,5.569733619689941,400.8446350097656,25.989011764526367,72.08946990966797,27.896636962890625,57.349266052246094,2
11:53:24.024,2.2312424182891846,399.1382751464844,26.07411003112793,29.0775203704834,70.90858459472656,35.24590301513672,2
11:53:24.024,5.1289849281311035,400.0480651855469,26.029264450073242,65.79605102539062,29.383161544799805,70.60295104980469,2
11:53:24.024,1.8121546506881714,404.7677917480469,25.793790817260742,40.747432708740234,71.68657684326172,28.299528121948242,2
11:53:24.024,4.682466983795166,400.7274169921875,25.995729446411133,48.8330078125,27.49374771118164,72.49236297607422,2
11:53:24.025,1.3185728788375854,405.08148193359375,25.779050827026367,59.641571044921875,71.61711120605469,28.36899185180664,2
11:53:24.025,4.23620080947876,399.3892822265625,26.062171936035156,32.07835388183594,29.938871383666992,70.04723358154297,2
11:53:24.025,0.8050515055656433,395.5376892089844,26.255645751953125,71.83940124511719,60.933589935302734,28.14670753479004,2
11:53:24.025,3.752018928527832,397.4679260253906,26.157764434814453,27.424283981323242,46.596275329589844,72.56182098388672,2
11:53:24.025,0.35872510075569153,393.6896057128906,26.347320556640625,72.5062484741211,43.512088775634766,27.479854583740234,2
11:53:24.025,3.341460943222046,400.64849853515625,25.997331619262695,28.646846771240234,62.392330169677734,71.33926391601562,2
11:53:24.025,0.015579081140458584,402.21588134765625,25.91744613647461,69.60266876220703,31.078075408935547,30.383440017700195,2
11:53:24.025,2.875577449798584,398.13409423828125,26.122516632080078,28.11892318725586,71.8671875,59.97499084472656,2
11:53:24.025,5.846924304962158,401.3543395996094,25.961284637451172,72.39511108398438,27.59099578857422,46.596275329589844,2
11:53:24.025,2.4677460193634033,399.0697937011719,26.075111389160156,27.66046142578125,72.32564544677734,44.13726043701172,2
11:53:24.025,5.402683734893799,399.35528564453125,26.060028076171875,71.14476013183594,28.84134292602539,63.65657043457031,2
11:53:24.025,2.108060359954834,405.583984375,25.748266220092773,30.5362606048584,69.44984436035156,31.147539138793945,2
11:53:24.025,4.978662490844727,401.3000793457031,25.962060928344727,60.238956451416016,28.299528121948242,71.68657684326172,2
11:53:24.025,1.672019600868225,406.0988464355469,25.72144889831543,46.09613800048828,72.158935546875,27.827173233032227,2
11:53:24.025,4.536447525024414,399.5243225097656,26.048995971679688,43.150875091552734,27.78549575805664,72.20061492919922,2
11:53:24.025,1.1733574867248535,403.1114196777344,25.869827270507812,65.01805877685547,70.64462280273438,29.34148406982422,2
11:53:24.025,4.080814361572266,399.3880920410156,26.05604362487793,29.355377197265625,34.217838287353516,70.63072967529297,2
11:53:24.025,0.6532719731330872,394.0623474121094,26.323341369628906,72.60350036621094,55.09864044189453,27.382606506347656,2
11:53:24.280,3.646557092666626,400.33770751953125,26.008270263671875,27.479854583740234,50.72241973876953,72.5062484741211,2
11:53:24.281,0.27207279205322266,397.8133850097656,26.134254455566406,71.90885925292969,40.2333984375,28.07724380493164,2
11:53:24.281,3.175283670425415,399.7647705078125,26.037391662597656,30.091690063476562,68.3662109375,69.89441680908203,2
11:53:24.281,6.167394638061523,402.1231689453125,25.919191360473633,70.60295104980469,29.383161544799805,34.57905197143555,2
11:53:24.281,2.73683762550354,397.0118408203125,26.175382614135742,27.479854583740234,72.5062484741211,54.65406799316406,2
11:53:24.281,5.697140693664551,399.1370544433594,26.06962013244629,72.5201416015625,27.46596336364746,52.43123245239258,2
11:53:24.281,2.315458059310913,396.70648193359375,26.192462921142578,28.34120750427246,71.64490509033203,38.288414001464844,2
11:53:24.281,5.260418891906738,399.51824951171875,26.052095413208008,69.79716491699219,30.188941955566406,68.69963836669922,2
11:53:24.281,1.9149984121322632,402.9131774902344,25.883352279663086,36.88524627685547,71.08918762207031,28.896915435791016,2
11:53:24.281,4.763340473175049,397.4468688964844,26.15795135498047,51.986663818359375,27.36871337890625,72.61739349365234,2
11:53:24.281,1.4506909847259521,404.15252685546875,25.823686599731445,54.64017868041992,72.20061492919922,27.78549575805664,2
11:53:24.281,4.335857391357422,400.0067443847656,26.030702590942383,35.6348991394043,29.035842895507812,70.95026397705078,2
11:53:24.281,0.9041656255722046,394.4623718261719,26.30968475341797,71.14476013183594,64.65684509277344,28.84134292602539,2
11:53:24.281,3.8930234909057617,399.7525329589844,26.044517517089844,28.02167320251465,41.164215087890625,71.96443939208984,2
11:53:24.281,0.4758826494216919,394.95977783203125,26.2843017578125,72.7285385131836,48.11058807373047,27.257570266723633,2
11:53:24.281,3.456052541732788,400.6578674316406,25.998830795288086,27.966102600097656,58.08557891845703,72.02000427246094,2
11:53:24.281,0.11036636680364609,395.46978759765625,26.257484436035156,70.82523345947266,34.1761589050293,29.160877227783203,2
11:53:24.281,3.0058140754699707,398.69525146484375,26.096370697021484,29.0775203704834,70.90858459472656,64.7957763671875,2
11:53:24.281,5.978121280670166,401.91259765625,25.935914993286133,71.9227523803711,28.063350677490234,41.55320739746094,2
11:53:24.281,2.5831923484802246,400.49835205078125,26.005455017089844,27.479854583740234,72.5062484741211,48.638511657714844,2
11:53:24.281,5.53933572769165,402.547119140625,25.901994705200195,71.8810806274414,28.105030059814453,58.47457504272461,2
11:53:24.281,2.172602653503418,397.2436218261719,26.166723251342773,29.535982131958008,70.45012664794922,33.07863235473633,2
11:53:24.281,5.057623863220215,399.0927429199219,26.074777603149414,63.225894927978516,28.744094848632812,71.24201202392578,2
11:53:24.281,1.752503514289856,403.4786376953125,25.85480308532715,42.984161376953125,72.02000427246094,27.966102600097656,2
11:53:24.281,4.672097682952881,401.61871337890625,25.946945190429688,48.43012237548828,27.53542709350586,72.45067596435547,2
11:53:24.281,1.323108434677124,405.8903503417969,25.7341365814209,59.460960388183594,71.60321807861328,28.382884979248047,2
11:53:24.281,4.2306904792785645,402.2237854003906,25.91631507873535,31.981103897094727,30.1055850982666,69.88052368164062,2
11:53:24.281,0.7943730354309082,395.95196533203125,26.229867935180664,71.8810806274414,60.51681137084961,28.105030059814453,2
11:53:24.281,3.7899179458618164,401.20428466796875,25.964862823486328,27.688247680664062,45.151432037353516,72.29785919189453,2
11:53:24.281,0.3729435205459595,395.3798828125,26.256103515625,72.47846984863281,44.081687927246094,27.50764274597168,2
11:53:24.281,3.3267788887023926,399.2137145996094,26.064607620239258,28.702417373657227,62.97582244873047,71.28369140625,2
11:53:24.281,6.283168792724609,401.4744873046875,25.95149040222168,69.4637451171875,30.522367477416992,30.5362606048584,2
11:53:24.281,2.866746187210083,398.35589599609375,26.10712242126465,28.07724380493164,71.90885925292969,59.62767791748047,2
11:53:24.281,5.83640193939209,400.989501953125,25.975017547607422,72.42289733886719,27.56321144104004,46.99916458129883,2
11:53:24.543,2.443737030029297,397.7717590332031,26.13616943359375,27.70214080810547,72.28396606445312,43.19255447387695,2
11:53:24.543,5.384765148162842,401.8138427734375,25.9348087310791,70.89469146728516,29.091415405273438,64.24006652832031,2
11:53:24.543,2.0543830394744873,402.72430419921875,25.889020919799805,31.939428329467773,69.8388442993164,30.147262573242188,2
11:53:24.543,4.953888893127441,401.1296081542969,25.969736099243164,59.30813980102539,28.160598754882812,71.82550048828125,2
11:53:24.543,1.6084486246109009,404.73773193359375,25.79071807861328,48.541263580322266,72.31175231933594,27.674352645874023,2
11:53:24.543,4.491421699523926,401.9676513671875,25.92900276184082,41.469852447509766,28.07724380493164,71.90885925292969,2
11:53:24.543,1.0731523036956787,402.0391845703125,25.926206588745117,68.56071472167969,69.72769927978516,30.258405685424805,2
11:53:24.543,4.021829605102539,399.08563232421875,26.07415008544922,28.82745361328125,36.34342956542969,71.15865325927734,2
11:53:24.543,0.577242910861969,393.5740966796875,26.352331161499023,72.78411102294922,52.111698150634766,27.202001571655273,2
11:53:24.544,3.566610336303711,398.5376892089844,26.103498458862305,27.49374771118164,53.848289489746094,72.49236297607422,2
11:53:24.544,0.1738574355840683,394.32110595703125,26.31528091430664,71.40872192382812,36.46846389770508,28.577381134033203,2
11:53:24.544,3.0834474563598633,397.20489501953125,26.172115325927734,29.744375228881836,70.24172973632812,67.61600494384766,2
11:53:24.544,6.071707725524902,401.0555419921875,25.979137420654297,71.40872192382812,28.577381134033203,38.024452209472656,2
11:53:24.544,2.6952359676361084,400.4382629394531,26.00977897644043,27.53542709350586,72.45067596435547,53.000831604003906,2
11:53:24.544,5.63418436050415,401.75408935546875,25.943307876586914,72.28396606445312,27.70214080810547,54.862464904785156,2
11:53:24.544,2.2733004093170166,398.4298400878906,26.108686447143555,28.716310501098633,71.2697982788086,36.76021194458008,2
11:53:24.544,5.162982940673828,399.5811767578125,26.052249908447266,67.01861572265625,29.68880271911621,70.29730987548828,2
11:53:24.544,1.8751291036605835,406.7994689941406,25.690433502197266,38.44123458862305,71.21422576904297,28.771881103515625,2
11:53:24.544,4.732151031494141,400.9223937988281,25.983081817626953,50.764102935791016,27.49374771118164,72.49236297607422,2
11:53:24.544,1.3840317726135254,401.83184814453125,25.937034606933594,57.2103385925293,72.06168365478516,27.92442512512207,2
11:53:24.544,4.3094282150268555,399.03460693359375,26.076663970947266,34.64851379394531,29.216449737548828,70.7696533203125,2
11:53:24.544,0.8987374305725098,396.83636474609375,26.186922073364258,71.08918762207031,64.37899780273438,28.896915435791016,2
11:53:24.544,3.896605968475342,401.8128662109375,25.936540603637695,28.132814407348633,41.06696319580078,71.8532943725586,2
11:53:24.544,0.4603089690208435,395.65533447265625,26.24489974975586,72.67296600341797,47.499305725097656,27.313142776489258,2
11:53:24.544,3.4121711254119873,400.5456237792969,25.999834060668945,28.188386917114258,59.752708435058594,71.79772186279297,2
11:53:24.544,0.0852159932255745,396.06134033203125,26.22292137145996,70.56126403808594,33.30091857910156,29.424840927124023,2
11:53:24.807,2.997084617614746,399.9329833984375,26.028179168701172,29.04973602294922,70.93637084960938,64.44845581054688,2
11:53:24.807,5.94233512878418,401.1117248535156,25.968324661254883,72.10336303710938,27.88274574279785,42.914695739746094,2
11:53:24.807,2.544569492340088,398.4285888671875,26.102813720703125,27.452070236206055,72.5340347290039,47.124202728271484,2
11:53:24.807,5.505019187927246,401.13421630859375,25.967721939086914,71.75604248046875,28.230064392089844,59.80827713012695,2
11:53:24.807,2.197421073913574,398.2699279785156,26.110143661499023,29.355377197265625,70.63072967529297,34.00944900512695,2
11:53:24.807,5.049075126647949,400.7929992675781,25.98402214050293,62.86468505859375,28.75798988342285,71.22811889648438,2
11:53:24.807,1.7040423154830933,401.93408203125,25.92700958251953,44.8318977355957,72.2422866821289,27.743816375732422,2
11:53:24.807,4.602361679077148,399.26800537109375,26.060998916625977,45.7071418762207,27.56321144104004,72.42289733886719,2
11:53:24.807,1.24822998046875,401.65338134765625,25.942296981811523,62.32286834716797,71.29757690429688,28.688522338867188,2
11:53:24.807,4.162385940551758,399.3282775878906,26.059566497802734,30.161157608032227,31.342039108276367,69.824951171875,2
11:53:24.808,0.7257182002067566,394.0893249511719,26.323448181152344,72.32564544677734,57.91886520385742,27.66046142578125,2
11:53:24.808,3.7159829139709473,400.84393310546875,25.985610961914062,27.52153205871582,48.01333999633789,72.4645767211914,2
11:53:24.808,0.299305260181427,394.8367614746094,26.28583526611328,72.18672180175781,41.219783782958984,27.799388885498047,2
11:53:24.808,3.254662036895752,398.94647216796875,26.081541061401367,29.285913467407227,65.60155487060547,70.7001953125,2
11:53:24.808,6.199557781219482,400.6414489746094,25.997434616088867,70.36676788330078,29.619338989257812,33.384273529052734,2
11:53:24.808,2.8090054988861084,399.02197265625,26.078811645507812,27.813282012939453,72.1728286743164,57.41872787475586,2
11:53:24.808,5.766820907592773,400.8242492675781,25.988632202148438,72.49236297607422,27.49374771118164,49.708251953125,2
11:53:24.808,2.3766884803771973,397.59368896484375,26.150150299072266,28.00777816772461,71.97832489013672,40.62239456176758,2
11:53:24.808,5.303482532501221,401.5677185058594,25.952356338500977,70.17227172851562,29.813838958740234,67.14364624023438,2
11:53:24.808,1.987526297569275,404.06927490234375,25.82717514038086,34.31509017944336,70.45012664794922,29.535982131958008,2
11:53:24.808,4.858733654022217,399.77191162109375,26.042343139648438,55.69602966308594,27.674352645874023,72.31175231933594,2
11:53:24.808,1.5504474639892578,404.7827453613281,25.79155731201172,50.77799606323242,72.32564544677734,27.66046142578125,2
11:53:24.808,4.395003795623779,399.1539001464844,26.07326889038086,37.78827667236328,28.53570556640625,71.45040130615234,2
11:53:24.808,1.0203877687454224,407.1743469238281,25.672584533691406,69.533203125,68.3523178100586,30.452903747558594,2
11:53:24.808,3.977987051010132,400.4626159667969,26.005428314208984,28.56348991394043,37.98277282714844,71.42261505126953,2
11:53:24.808,0.5816923379898071,396.7297668457031,26.19142723083496,72.63128662109375,52.278411865234375,27.354822158813477,2
11:53:25.076,3.560098171234131,401.4059143066406,25.9581298828125,27.632675170898438,54.084468841552734,72.35343170166016,2
11:53:25.334,0.1886400729417801,397.25537109375,26.164888381958008,71.39482879638672,37.09363555908203,28.59127426147461,2
11:53:25.334,3.0990591049194336,398.9613342285156,26.079174041748047,29.966657638549805,70.01944732666016,68.0883560180664,2
11:53:25.334,6.0463995933532715,399.4429016113281,26.054370880126953,71.63101196289062,28.355098724365234,38.94137191772461,2
11:53:25.334,2.651888847351074,397.4266357421875,26.154428482055664,27.354822158813477,72.63128662109375,51.3198127746582,2
11:53:25.334,5.6377387046813965,402.48663330078125,25.900279998779297,72.25617980957031,27.72992515563965,54.70964431762695,2
11:53:25.334,2.2867212295532227,399.666259765625,26.039499282836914,28.674633026123047,71.31147766113281,37.28813552856445,2
11:53:25.334,5.174243450164795,399.17437744140625,26.064193725585938,67.4215087890625,29.78605079650879,70.20005798339844,2
11:53:25.334,1.8445560932159424,402.39208984375,25.90361785888672,39.48318862915039,71.5893325805664,28.39677619934082,2
11:53:25.334,4.729414939880371,399.440673828125,26.051889419555664,50.652957916259766,27.43817901611328,72.54792785644531,2
11:53:25.334,1.4104524850845337,405.55145263671875,25.747068405151367,56.15448760986328,72.00611114501953,27.97999382019043,2
11:53:25.334,4.292593955993652,399.6302795410156,26.04226303100586,34.06501770019531,29.39705467224121,70.58905029296875,2
11:53:25.334,0.8995454907417297,397.2706298828125,26.16049575805664,71.06140899658203,64.40678405761719,28.924699783325195,2
11:53:25.334,3.858177423477173,400.1142883300781,26.018503189086914,27.88274574279785,42.511810302734375,72.10336303710938,2
11:53:25.334,0.4638429284095764,396.8355407714844,26.182567596435547,72.63128662109375,47.65212631225586,27.354822158813477,2
11:53:25.334,3.402817487716675,399.94940185546875,26.027467727661133,28.230064392089844,60.11391830444336,71.75604248046875,2
11:53:25.334,0.06888864934444427,399.99310302734375,26.024940490722656,70.24172973632812,32.84245681762695,29.744375228881836,2
11:53:25.334,2.920549154281616,396.59619140625,26.196653366088867,28.34120750427246,71.64490509033203,61.69769287109375,2
11:53:25.334,5.895419597625732,400.2913818359375,26.011289596557617,72.31175231933594,27.674352645874023,44.70686340332031,2
11:53:25.334,2.50911283493042,398.81085205078125,26.08608055114746,27.53542709350586,72.45067596435547,45.734928131103516,2
11:53:25.334,5.438364028930664,400.2810363769531,26.013591766357422,71.36705017089844,28.619060516357422,62.3089714050293,2
11:53:25.334,2.1264965534210205,403.7666015625,25.839540481567383,30.258405685424805,69.72769927978516,31.703250885009766,2
11:53:25.334,4.999324321746826,399.6269226074219,26.047143936157227,61.044734954833984,28.355098724365234,71.63101196289062,2
11:53:25.334,1.6694369316101074,404.5943298339844,25.799671173095703,46.17949295043945,72.2283935546875,27.757709503173828,2
11:53:25.334,4.555105209350586,400.5231018066406,26.00292205810547,43.88719177246094,27.757709503173828,72.2283935546875,2
11:53:25.334,1.1701048612594604,404.36871337890625,25.81165313720703,65.1014175415039,70.57515716552734,29.410945892333984,2
11:53:25.334,4.119469165802002,400.83038330078125,25.987041473388672,29.772159576416016,32.88413619995117,70.21395111083984,2
11:53:25.335,0.6858782768249512,394.9762878417969,26.28021240234375,72.45067596435547,56.36288070678711,27.53542709350586,2
11:53:25.335,3.63450288772583,398.21722412109375,26.117769241333008,27.382606506347656,51.19477462768555,72.60350036621094,2
11:53:25.335,0.25897306203842163,394.05865478515625,26.325733184814453,71.99221801757812,39.663795471191406,27.993886947631836,2
11:53:25.335,3.2148056030273438,401.00665283203125,25.97726058959961,29.744375228881836,66.94915008544922,70.24172973632812,2
11:53:25.335,6.180655002593994,402.6490783691406,25.893571853637695,70.4640121459961,29.5220890045166,34.12059020996094,2
11:53:25.335,2.7480058670043945,397.2879943847656,26.162288665771484,27.52153205871582,72.4645767211914,55.084747314453125,2
11:53:25.335,5.741089344024658,402.19281005859375,25.91639518737793,72.43678283691406,27.549320220947266,50.708534240722656,2
11:53:25.335,2.3658957481384277,399.423828125,26.054141998291016,28.14670753479004,71.83940124511719,40.247291564941406,2
11:53:25.335,5.293129920959473,398.9589538574219,26.076839447021484,70.15837860107422,29.827728271484375,67.58821868896484,2
11:53:25.335,2.003833293914795,406.0072937011719,25.72415542602539,33.801055908203125,70.21395111083984,29.772159576416016,2
11:53:25.335,4.87404203414917,401.9508361816406,25.926456451416016,56.25173568725586,27.827173233032227,72.158935546875,2
11:53:25.335,1.5637269020080566,406.4065856933594,25.70270538330078,50.26396560668945,72.25617980957031,27.72992515563965,2
11:53:25.335,4.430808067321777,400.321533203125,26.0051326751709,39.14976501464844,28.355098724365234,71.63101196289062,2
11:53:25.335,1.0213686227798462,403.3769226074219,25.853147506713867,69.67213439941406,68.50513458251953,30.313974380493164,2
11:53:25.335,3.988659381866455,400.2006530761719,26.01125144958496,28.632953643798828,37.59377670288086,71.35315704345703,2
11:53:25.335,0.5590956211090088,394.65777587890625,26.289005279541016,72.74242401123047,51.389278411865234,27.24367904663086,2
11:53:25.335,3.5495054721832275,400.81640625,25.980371475219727,27.646568298339844,54.48735809326172,72.33953857421875,2
11:53:25.335,0.175411194562912,397.38916015625,26.151321411132812,71.28369140625,36.607391357421875,28.702417373657227,2
11:53:25.335,3.0720880031585693,397.4589538574219,26.148624420166016,29.647123336791992,70.33898162841797,67.19922637939453,2
11:53:25.335,6.060604095458984,401.4582214355469,25.948265075683594,71.45040130615234,28.53570556640625,38.45512390136719,2
11:53:25.335,2.6354057788848877,396.7487487792969,26.184303283691406,27.32703399658203,72.65907287597656,50.68074417114258,2
11:53:25.335,5.582581043243408,399.02880859375,26.070959091186523,72.2145004272461,27.771604537963867,56.87691116333008,2
11:53:25.335,2.2369933128356934,397.5516052246094,26.145618438720703,28.98027229309082,71.0058364868164,35.41261672973633,2
11:53:25.336,5.155426025390625,401.2289123535156,25.961864471435547,66.68518829345703,29.674907684326172,70.31119537353516,2
11:53:25.336,1.796868920326233,402.2494201660156,25.911540985107422,41.27535629272461,71.8671875,28.11892318725586,2
11:53:25.336,4.670787334442139,397.58282470703125,26.145858764648438,48.360652923583984,27.36871337890625,72.61739349365234,2
11:53:25.596,1.3392130136489868,403.2628479003906,25.863445281982422,58.891357421875,71.79772186279297,28.188386917114258,2
11:53:25.596,4.238870620727539,400.0658264160156,26.022924423217773,32.18949890136719,29.938871383666992,70.04723358154297,2
11:53:25.596,0.8016356229782104,393.7421875,26.34083366394043,71.9227523803711,60.83634567260742,28.063350677490234,2
11:53:25.596,3.7993834018707275,400.3773193359375,26.008359909057617,27.674352645874023,44.77632522583008,72.31175231933594,2
11:53:25.596,0.386581689119339,394.576416015625,26.29798126220703,72.54792785644531,44.609615325927734,27.43817901611328,2
11:53:25.596,3.3526904582977295,400.2410583496094,26.0139217376709,28.549596786499023,61.989437103271484,71.43651580810547,2
11:53:25.596,0.039379194378852844,402.1752624511719,25.916025161743164,69.85273742675781,31.897750854492188,30.13336944580078,2
11:53:25.596,2.915541410446167,399.809326171875,26.0338134765625,28.43845558166504,71.54765319824219,61.447628021240234,2
11:53:25.596,5.871623992919922,401.9793701171875,25.925737380981445,72.29785919189453,27.688247680664062,45.65156936645508,2
11:53:25.596,2.4854624271392822,399.8761291503906,26.02968406677246,27.646568298339844,72.33953857421875,44.8318977355957,2
11:53:25.596,5.4165778160095215,402.1397399902344,25.916034698486328,71.13087463378906,28.85523796081543,63.07307434082031,2
11:53:25.596,2.063175678253174,401.5352783203125,25.946170806884766,31.59210968017578,69.79716491699219,30.188941955566406,2
11:53:25.596,4.951931476593018,398.9150390625,26.077667236328125,59.28035354614258,28.049457550048828,71.9366455078125,2
11:53:25.596,1.659114956855774,404.4754638671875,25.798913955688477,46.58238220214844,72.2422866821289,27.743816375732422,2
11:53:25.596,4.556918144226074,401.72998046875,25.934846878051758,43.97054672241211,27.799388885498047,72.18672180175781,2
11:53:25.596,1.186390995979309,405.7583312988281,25.73392677307129,64.46234893798828,70.65851593017578,29.327592849731445,2
11:53:25.596,4.108089447021484,401.15740966796875,25.962574005126953,29.674907684326172,33.30091857910156,70.31119537353516,2
11:53:25.596,0.6980725526809692,396.3692932128906,26.201597213745117,72.33953857421875,56.82133865356445,27.646568298339844,2
11:53:25.596,3.694749593734741,401.6720275878906,25.93470573425293,27.549320220947266,48.846900939941406,72.43678283691406,2
11:53:25.596,0.2781168520450592,394.8531494140625,26.275333404541016,72.06168365478516,40.41400146484375,27.92442512512207,2
11:53:25.596,3.211916446685791,399.9284362792969,26.021923065185547,29.730480194091797,67.08808135986328,70.25562286376953,2
11:53:25.596,6.190627098083496,401.9394226074219,25.920745849609375,70.3945541381836,29.591554641723633,33.745487213134766,2
11:53:25.596,2.775604486465454,398.9328918457031,26.070695877075195,27.688247680664062,72.29785919189453,56.12670135498047,2
11:53:25.596,5.718761920928955,400.4217529296875,25.99594497680664,72.49236297607422,27.49374771118164,51.58377456665039,2
11:53:25.596,2.341191530227661,397.5450744628906,26.139942169189453,28.216171264648438,71.76993560791016,39.27479934692383,2
11:53:25.596,5.267215728759766,401.71954345703125,25.9321346282959,69.78327178955078,30.20283317565918,68.3801040649414,2
11:53:26.125,0.9678435325622559,397.3133544921875,0.0,0.0,0.0,0.0,0
11:53:26.125,0.9678435325622559,397.3133544921875,0.0,0.0,0.0,0.0,0
11:53:26.125,0.9678435325622559,397.3133544921875,0.0,0.0,0.0,0.0,0
11:53:26.125,0.9678435325622559,397.3133544921875,0.0,0.0,0.0,0.0,0
11:53:26.125,0.9678435325622559,397.3133544921875,0.0,0.0,0.0,0.0,0
11:53:26.125,0.9678435325622559,397.3133544921875,0.0,0.0,0.0,0.0,0
11:53:26.125,0.9678435325622559,397.3133544921875,0.0,0.0,0.0,0.0,0
11:53:26.125,0.9678435325622559,397.3133544921875,0.0,0.0,0.0,0.0,0
11:53:26.125,0.9678435325622559,397.3133544921875,0.0,0.0,0.0,0.0,0
11:53:26.125,0.9678435325622559,397.3133544921875,0.0,0.0,0.0,0.0,0
11:53:26.125,0.9678435325622559,397.3133544921875,0.0,0.0,0.0,0.0,0
11:53:26.125,0.9678435325622559,397.3133544921875,0.0,0.0,0.0,0.0,0
11:53:26.125,0.9678435325622559,397.3133544921875,0.0,0.0,0.0,0.0,0
11:53:26.125,0.9678435325622559,397.3133544921875,0.0,0.0,0.0,0.0,0
11:53:26.125,0.9678435325622559,397.3133544921875,0.0,0.0,0.0,0.0,0
11:53:26.125,0.9678435325622559,397.3133544921875,0.0,0.0,0.0,0.0,0
11:53:26.125,0.9678435325622559,397.3133544921875,0.0,0.0,0.0,0.0,0
11:53:26.125,0.9678435325622559,397.3133544921875,0.0,0.0,0.0,0.0,0
11:53:26.125,0.9678435325622559,397.3133544921875,0.0,0.0,0.0,0.0,0
11:53:26.125,0.9678435325622559,397.3133544921875,0.0,0.0,0.0,0.0,0
11:53:26.125,0.9678435325622559,397.3133544921875,0.0,0.0,0.0,0.0,0
11:53:26.125,0.9678435325622559,397.3133544921875,0.0,0.0,0.0,0.0,0
11:53:26.125,0.9678435325622559,397.3133544921875,0.0,0.0,0.0,0.0,0
11:53:26.125,0.9678435325622559,397.3133544921875,0.0,0.0,0.0,0.0,0
11:53:26.125,0.9678435325622559,397.3133544921875,0.0,0.0,0.0,0.0,0
11:53:26.125,0.9678435325622559,397.3133544921875,0.0,0.0,0.0,0.0,0
11:53:26.125,0.9678435325622559,397.3133544921875,0.0,0.0,0.0,0.0,0
11:53:26.239,0.9678435325622559,397.3133544921875,0.0,0.0,0.0,0.0,0
11:53:26.239,0.9678435325622559,397.3133544921875,0.0,0.0,0.0,0.0,0
11:53:26.239,0.9678435325622559,397.3133544921875,0.0,0.0,0.0,0.0,0
11:53:26.239,0.9678435325622559,397.3133544921875,0.0,0.0,0.0,0.0,0
11:53:26.239,0.9678435325622559,397.3133544921875,0.0,0.0,0.0,0.0,0
11:53:26.239,0.9678435325622559,397.3133544921875,0.0,0.0,0.0,0.0,0
11:53:26.239,0.9678435325622559,397.3133544921875,0.0,0.0,0.0,0.0,0
11:53:26.239,0.9678435325622559,397.3133544921875,0.0,0.0,0.0,0.0,0
11:53:26.239,0.9678435325622559,397.3133544921875,0.0,0.0,0.0,0.0,0
11:53:26.239,0.9678435325622559,397.3133544921875,0.0,0.0,0.0,0.0,0
11:53:26.239,0.9678435325622559,397.3133544921875,0.0,0.0,0.0,0.0,0
11:53:26.239,0.9678435325622559,397.3133544921875,0.0,0.0,0.0,0.0,0
11:53:26.239,0.9678435325622559,397.3133544921875,0.0,0.0,0.0,0.0,0
11:53:26.240,0.9678435325622559,397.3133544921875,0.0,0.0,0.0,0.0,0
11:53:26.240,0.9678435325622559,397.3133544921875,0.0,0.0,0.0,0.0,0
11:53:26.240,0.9678435325622559,397.3133544921875,0.0,0.0,0.0,0.0,0
11:53:26.240,0.9678435325622559,397.3133544921875,0.0,0.0,0.0,0.0,0
11:53:26.240,0.9678435325622559,397.3133544921875,0.0,0.0,0.0,0.0,0
11:53:26.240,0.9678435325622559,397.3133544921875,0.0,0.0,0.0,0.0,0
11:53:26.240,0.9678435325622559,397.3133544921875,0.0,0.0,0.0,0.0,0
11:53:26.240,0.9678435325622559,397.3133544921875,0.0,0.0,0.0,0.0,0
11:53:26.240,0.9678435325622559,397.3133544921875,0.0,0.0,0.0,0.0,0
11:53:26.240,0.9678435325622559,397.3133544921875,0.0,0.0,0.0,0.0,0
11:53:26.240,0.9678435325622559,397.3133544921875,0.0,0.0,0.0,0.0,0
11:53:26.240,0.9678435325622559,397.3133544921875,0.0,0.0,0.0,0.0,0
11:53:26.240,0.9678435325622559,397.3133544921875,0.0,0.0,0.0,0.0,0
11:53:26.321,0.9678435325622559,397.3133544921875,0.0,0.0,0.0,0.0,0
11:53:26.321,0.9678435325622559,397.3133544921875,0.0,0.0,0.0,0.0,0
11:53:26.321,0.9678435325622559,397.3133544921875,0.0,0.0,0.0,0.0,0
11:53:26.321,0.9678435325622559,397.3133544921875,0.0,0.0,0.0,0.0,0
11:53:26.321,0.9678435325622559,397.3133544921875,0.0,0.0,0.0,0.0,0
11:53:26.321,0.9678435325622559,397.3133544921875,0.0,0.0,0.0,0.0,0
11:53:26.321,0.9678435325622559,397.3133544921875,0.0,0.0,0.0,0.0,0
11:53:26.321,0.9678435325622559,397.3133544921875,0.0,0.0,0.0,0.0,0
11:53:26.321,0.9678435325622559,397.3133544921875,0.0,0.0,0.0,0.0,0
11:53:26.321,0.9678435325622559,397.3133544921875,0.0,0.0,0.0,0.0,0
11:53:26.321,0.9678435325622559,397.3133544921875,0.0,0.0,0.0,0.0,0
11:53:26.321,0.9678435325622559,397.3133544921875,0.0,0.0,0.0,0.0,0
11:53:26.322,0.9678435325622559,397.3133544921875,0.0,0.0,0.0,0.0,0
11:53:26.322,0.9678435325622559,397.3133544921875,0.0,0.0,0.0,0.0,0
11:53:26.322,0.9678435325622559,397.3133544921875,0.0,0.0,0.0,0.0,0
11:53:26.322,0.9678435325622559,397.3133544921875,0.0,0.0,0.0,0.0,0
11:53:26.322,0.9678435325622559,397.3133544921875,0.0,0.0,0.0,0.0,0
11:53:26.322,0.9678435325622559,397.3133544921875,0.0,0.0,0.0,0.0,0
11:53:26.322,0.9678435325622559,397.3133544921875,0.0,0.0,0.0,0.0,0
11:53:26.322,0.9678435325622559,397.3133544921875,0.0,0.0,0.0,0.0,0
11:53:26.393,0.9678435325622559,397.3133544921875,0.0,0.0,0.0,0.0,0
11:53:26.393,0.9678435325622559,397.3133544921875,0.0,0.0,0.0,0.0,0
11:53:26.393,0.9678435325622559,397.3133544921875,0.0,0.0,0.0,0.0,0
11:53:26.393,0.9678435325622559,397.3133544921875,0.0,0.0,0.0,0.0,0
11:53:26.393,0.9678435325622559,397.3133544921875,0.0,0.0,0.0,0.0,0
11:53:26.393,0.9678435325622559,397.3133544921875,0.0,0.0,0.0,0.0,0
11:53:26.393,0.9678435325622559,397.3133544921875,0.0,0.0,0.0,0.0,0
11:53:26.464,0.9678435325622559,397.3133544921875,0.0,0.0,0.0,0.0,0
11:53:26.464,0.9678435325622559,397.3133544921875,0.0,0.0,0.0,0.0,0
11:53:26.464,0.9678435325622559,397.3133544921875,0.0,0.0,0.0,0.0,0
11:53:26.464,0.9678435325622559,397.3133544921875,0.0,0.0,0.0,0.0,0
11:53:26.464,0.9678435325622559,397.3133544921875,0.0,0.0,0.0,0.0,0
11:53:26.464,0.9678435325622559,397.3133544921875,0.0,0.0,0.0,0.0,0
11:53:26.464,0.9678435325622559,397.3133544921875,0.0,0.0,0.0,0.0,0
11:53:26.609,0.9678435325622559,397.3133544921875,0.0,0.0,0.0,0.0,0
11:53:26.609,0.9678435325622559,397.3133544921875,0.0,0.0,0.0,0.0,0
11:53:26.609,0.9678435325622559,397.3133544921875,0.0,0.0,0.0,0.0,0
11:53:26.609,0.9678435325622559,397.3133544921875,0.0,0.0,0.0,0.0,0
11:53:26.609,0.9678435325622559,397.3133544921875,0.0,0.0,0.0,0.0,0
11:53:26.609,0.9678435325622559,397.3133544921875,0.0,0.0,0.0,0.0,0
11:53:26.609,0.9678435325622559,397.3133544921875,0.0,0.0,0.0,0.0,0
11:53:26.610,0.9678435325622559,397.3133544921875,0.0,0.0,0.0,0.0,0
11:53:26.610,0.9678435325622559,397.3133544921875,0.0,0.0,0.0,0.0,0
11:53:26.610,0.9678435325622559,397.3133544921875,0.0,0.0,0.0,0.0,0
11:53:26.610,0.9678435325622559,397.3133544921875,0.0,0.0,0.0,0.0,0
11:53:26.610,0.9678435325622559,397.3133544921875,0.0,0.0,0.0,0.0,0
11:53:26.610,0.9678435325622559,397.3133544921875,0.0,0.0,0.0,0.0,0
11:53:26.610,0.9678435325622559,397.3133544921875,0.0,0.0,0.0,0.0,0
11:53:26.610,0.9678435325622559,397.3133544921875,0.0,0.0,0.0,0.0,0
11:53:26.674,0.9678435325622559,397.3133544921875,0.0,0.0,0.0,0.0,0
11:53:26.674,0.9678435325622559,397.3133544921875,0.0,0.0,0.0,0.0,0
11:53:26.674,0.9678435325622559,397.3133544921875,0.0,0.0,0.0,0.0,0
11:53:26.674,0.9678435325622559,397.3133544921875,0.0,0.0,0.0,0.0,0
11:53:26.674,0.9678435325622559,397.3133544921875,0.0,0.0,0.0,0.0,0
11:53:26.674,0.9678435325622559,397.3133544921875,0.0,0.0,0.0,0.0,0
11:53:26.727,0.9678435325622559,397.3133544921875,0.0,0.0,0.0,0.0,0
11:53:26.727,0.9678435325622559,397.3133544921875,0.0,0.0,0.0,0.0,0
11:53:26.727,0.9678435325622559,397.3133544921875,0.0,0.0,0.0,0.0,0
11:53:26.727,0.9678435325622559,397.3133544921875,0.0,0.0,0.0,0.0,0
11:53:26.727,0.9678435325622559,397.3133544921875,0.0,0.0,0.0,0.0,0
11:53:26.739,0.9678435325622559,397.3133544921875,0.0,0.0,0.0,0.0,0
11:53:26.739,0.9678435325622559,397.3133544921875,0.0,0.0,0.0,0.0,0
11:53:26.786,0.9678435325622559,397.3133544921875,0.0,0.0,0.0,0.0,0
11:53:26.787,0.9678435325622559,397.3133544921875,0.0,0.0,0.0,0.0,0
11:53:26.787,0.9678435325622559,397.3133544921875,0.0,0.0,0.0,0.0,0
11:53:26.787,0.9678435325622559,397.3133544921875,0.0,0.0,0.0,0.0,0
11:53:26.803,0.9678435325622559,397.3133544921875,0.0,0.0,0.0,0.0,0
11:53:26.803,0.9678435325622559,397.3133544921875,0.0,0.0,0.0,0.0,0
11:53:26.850,0.9678435325622559,397.3133544921875,0.0,0.0,0.0,0.0,0
11:53:26.850,0.9678435325622559,397.3133544921875,0.0,0.0,0.0,0.0,0
11:53:26.850,0.9678435325622559,397.3133544921875,0.0,0.0,0.0,0.0,0
11:53:26.850,0.9678435325622559,397.3133544921875,0.0,0.0,0.0,0.0,0
11:53:26.850,0.9678435325622559,397.3133544921875,0.0,0.0,0.0,0.0,0
11:53:26.867,0.9678435325622559,397.3133544921875,0.0,0.0,0.0,0.0,0
11:53:26.906,0.9678435325622559,397.3133544921875,0.0,0.0,0.0,0.0,0
11:53:26.906,0.9678435325622559,397.3133544921875,0.0,0.0,0.0,0.0,0
11:53:26.906,0.9678435325622559,397.3133544921875,0.0,0.0,0.0,0.0,0
11:53:26.906,0.9678435325622559,397.3133544921875,0.0,0.0,0.0,0.0,0
11:53:26.914,0.9678435325622559,397.3133544921875,0.0,0.0,0.0,0.0,0
11:53:26.931,0.9678435325622559,397.3133544921875,0.0,0.0,0.0,0.0,0
11:53:26.973,0.9678435325622559,397.3133544921875,0.0,0.0,0.0,0.0,0
11:53:26.973,0.9678435325622559,397.3133544921875,0.0,0.0,0.0,0.0,0
11:53:26.973,0.9678435325622559,397.3133544921875,0.0,0.0,0.0,0.0,0
11:53:26.973,0.9678435325622559,397.3133544921875,0.0,0.0,0.0,0.0,0
11:53:26.978,0.9678435325622559,397.3133544921875,0.0,0.0,0.0,0.0,0
11:53:26.996,0.9678435325622559,397.3133544921875,0.0,0.0,0.0,0.0,0
11:53:27.034,0.9678435325622559,397.3133544921875,0.0,0.0,0.0,0.0,0
11:53:27.034,0.9678435325622559,397.3133544921875,0.0,0.0,0.0,0.0,0
11:53:27.034,0.9678435325622559,397.3133544921875,0.0,0.0,0.0,0.0,0
11:53:27.034,0.9678435325622559,397.3133544921875,0.0,0.0,0.0,0.0,0
11:53:27.034,0.9678435325622559,397.3133544921875,0.0,0.0,0.0,0.0,0
11:53:27.041,0.9678435325622559,397.3133544921875,0.0,0.0,0.0,0.0,0
11:53:27.061,0.9678435325622559,397.3133544921875,0.0,0.0,0.0,0.0,0
11:53:27.061,0.9678435325622559,397.3133544921875,0.0,0.0,0.0,0.0,0
11:53:27.085,0.9678435325622559,397.3133544921875,0.0,0.0,0.0,0.0,0
11:53:27.085,0.9678435325622559,397.3133544921875,0.0,0.0,0.0,0.0,0
11:53:27.090,0.9678435325622559,397.3133544921875,0.0,0.0,0.0,0.0,0
11:53:27.106,0.9678435325622559,397.3133544921875,0.0,0.0,0.0,0.0,0
11:53:27.124,0.9678435325622559,397.3133544921875,0.0,0.0,0.0,0.0,0
11:53:27.156,0.9678435325622559,397.3133544921875,0.0,0.0,0.0,0.0,0
11:53:27.156,0.9678435325622559,397.3133544921875,0.0,0.0,0.0,0.0,0
11:53:27.156,0.9678435325622559,397.3133544921875,0.0,0.0,0.0,0.0,0
11:53:27.156,0.9678435325622559,397.3133544921875,0.0,0.0,0.0,0.0,0
11:53:27.169,0.9678435325622559,397.3133544921875,0.0,0.0,0.0,0.0,0
11:53:27.169,0.9678435325622559,397.3133544921875,0.0,0.0,0.0,0.0,0
11:53:27.186,0.9678435325622559,397.3133544921875,0.0,0.0,0.0,0.0,0
11:53:27.203,0.9678435325622559,397.3133544921875,0.0,0.0,0.0,0.0,0
11:53:27.203,0.9678435325622559,397.3133544921875,0.0,0.0,0.0,0.0,0
11:53:27.217,0.9678435325622559,397.3133544921875,0.0,0.0,0.0,0.0,0
11:53:27.233,0.9678435325622559,397.3133544921875,0.0,0.0,0.0,0.0,0
11:53:27.233,0.9678435325622559,397.3133544921875,0.0,0.0,0.0,0.0,0
11:53:27.251,0.9678435325622559,397.3133544921875,0.0,0.0,0.0,0.0,0
11:53:27.251,0.9678435325622559,397.3133544921875,0.0,0.0,0.0,0.0,0
11:53:27.265,0.9678435325622559,397.3133544921875,0.0,0.0,0.0,0.0,0
11:53:27.281,0.9678435325622559,397.3133544921875,0.0,0.0,0.0,0.0,0
11:53:27.281,0.9678435325622559,397.3133544921875,0.0,0.0,0.0,0.0,0
11:53:27.299,0.9678435325622559,397.3133544921875,0.0,0.0,0.0,0.0,0
11:53:27.314,0.9678435325622559,397.3133544921875,0.0,0.0,0.0,0.0,0
11:53:27.323,0.9678435325622559,397.3133544921875,0.0,0.0,0.0,0.0,0
11:53:27.330,0.9678435325622559,397.3133544921875,0.0,0.0,0.0,0.0,0
11:53:27.330,0.9678435325622559,397.3133544921875,0.0,0.0,0.0,0.0,0
11:53:27.346,0.9678435325622559,397.3133544921875,0.0,0.0,0.0,0.0,0
11:53:27.363,0.9678435325622559,397.3133544921875,0.0,0.0,0.0,0.0,0
11:53:27.363,0.9678435325622559,397.3133544921875,0.0,0.0,0.0,0.0,0
11:53:27.382,0.9678435325622559,397.3133544921875,0.0,0.0,0.0,0.0,0
11:53:27.382,0.9678435325622559,397.3133544921875,0.0,0.0,0.0,0.0,0
11:53:27.394,0.9678435325622559,397.3133544921875,0.0,0.0,0.0,0.0,0
11:53:27.411,0.9678435325622559,397.3133544921875,0.0,0.0,0.0,0.0,0
11:53:27.411,0.9678435325622559,397.3133544921875,0.0,0.0,0.0,0.0,0
11:53:27.428,0.9678435325622559,397.3133544921875,0.0,0.0,0.0,0.0,0
11:53:27.447,0.9678435325622559,397.3133544921875,0.0,0.0,0.0,0.0,0
11:53:27.447,0.9678435325622559,397.3133544921875,0.0,0.0,0.0,0.0,0
11:53:27.458,0.9678435325622559,397.3133544921875,0.0,0.0,0.0,0.0,0
11:53:27.458,0.9678435325622559,397.3133544921875,0.0,0.0,0.0,0.0,0
11:53:27.474,0.9678435325622559,397.3133544921875,0.0,0.0,0.0,0.0,0
11:53:27.491,0.9678435325622559,397.3133544921875,0.0,0.0,0.0,0.0,0
11:53:27.498,0.9678435325622559,397.3133544921875,0.0,0.0,0.0,0.0,0
11:53:27.507,0.9678435325622559,397.3133544921875,0.0,0.0,0.0,0.0,0
11:53:27.522,0.9678435325622559,397.3133544921875,0.0,0.0,0.0,0.0,0
11:53:27.523,0.9678435325622559,397.3133544921875,0.0,0.0,0.0,0.0,0
11:53:27.538,0.9678435325622559,397.3133544921875,0.0,0.0,0.0,0.0,0
11:53:27.538,0.9678435325622559,397.3133544921875,0.0,0.0,0.0,0.0,0
11:53:27.556,0.9678435325622559,397.3133544921875,0.0,0.0,0.0,0.0,0
11:53:27.575,0.9678435325622559,397.3133544921875,0.0,0.0,0.0,0.0,0
11:53:27.575,0.9678435325622559,397.3133544921875,0.0,0.0,0.0,0.0,0
11:53:27.587,0.9678435325622559,397.3133544921875,0.0,0.0,0.0,0.0,0
11:53:27.603,0.9678435325622559,397.3133544921875,0.0,0.0,0.0,0.0,0
11:53:27.603,0.9678435325622559,397.3133544921875,0.0,0.0,0.0,0.0,0
11:53:27.631,0.9678435325622559,397.3133544921875,0.0,0.0,0.0,0.0,0
11:53:27.631,0.9678435325622559,397.3133544921875,0.0,0.0,0.0,0.0,0
11:53:27.638,0.9678435325622559,397.3133544921875,0.0,0.0,0.0,0.0,0
11:53:27.651,0.9678435325622559,397.3133544921875,0.0,0.0,0.0,0.0,0
11:53:27.651,0.9678435325622559,397.3133544921875,0.0,0.0,0.0,0.0,0
11:53:27.667,0.9678435325622559,397.3133544921875,0.0,0.0,0.0,0.0,0
11:53:27.684,0.9678435325622559,397.3133544921875,0.0,0.0,0.0,0.0,0
11:53:27.684,0.9678435325622559,397.3133544921875,0.0,0.0,0.0,0.0,0
11:53:27.698,0.9678435325622559,397.3133544921875,0.0,0.0,0.0,0.0,0
11:53:27.714,0.9678435325622559,397.3133544921875,0.0,0.0,0.0,0.0,0
11:53:27.714,0.9678435325622559,397.3133544921875,0.0,0.0,0.0,0.0,0
11:53:27.730,0.9678435325622559,397.3133544921875,0.0,0.0,0.0,0.0,0
11:53:27.730,0.9678435325622559,397.3133544921875,0.0,0.0,0.0,0.0,0
11:53:27.749,0.9678435325622559,397.3133544921875,0.0,0.0,0.0,0.0,0
11:53:27.756,0.9678435325622559,397.3133544921875,0.0,0.0,0.0,0.0,0
11:53:27.763,0.9678435325622559,397.3133544921875,0.0,0.0,0.0,0.0,0
11:53:27.778,0.9678435325622559,397.3133544921875,0.0,0.0,0.0,0.0,0
11:53:27.778,0.9678435325622559,397.3133544921875,0.0,0.0,0.0,0.0,0
11:53:27.794,0.9678435325622559,397.3133544921875,0.0,0.0,0.0,0.0,0
11:53:27.812,0.9678435325622559,397.3133544921875,0.0,0.0,0.0,0.0,0
11:53:27.812,0.9678435325622559,397.3133544921875,0.0,0.0,0.0,0.0,0
11:53:27.827,0.9678435325622559,397.3133544921875,0.0,0.0,0.0,0.0,0
11:53:27.843,0.9678435325622559,397.3133544921875,0.0,0.0,0.0,0.0,0
11:53:27.843,0.9678435325622559,397.3133544921875,0.0,0.0,0.0,0.0,0
11:53:27.859,0.9678435325622559,397.3133544921875,0.0,0.0,0.0,0.0,0
11:53:27.859,0.9678435325622559,397.3133544921875,0.0,0.0,0.0,0.0,0
11:53:27.877,0.9678435325622559,397.3133544921875,0.0,0.0,0.0,0.0,0
11:53:27.892,0.9678435325622559,397.3133544921875,0.0,0.0,0.0,0.0,0
11:53:27.892,0.9678435325622559,397.3133544921875,0.0,0.0,0.0,0.0,0
11:53:27.908,0.9678435325622559,397.3133544921875,0.0,0.0,0.0,0.0,0
11:53:27.924,0.9678435325622559,397.3133544921875,0.0,0.0,0.0,0.0,0
11:53:27.924,0.9678435325622559,397.3133544921875,0.0,0.0,0.0,0.0,0
11:53:27.950,0.9678435325622559,397.3133544921875,0.0,0.0,0.0,0.0,0
11:53:27.950,0.9678435325622559,397.3133544921875,0.0,0.0,0.0,0.0,0
11:53:27.956,0.9678435325622559,397.3133544921875,0.0,0.0,0.0,0.0,0
11:53:27.973,0.9678435325622559,397.3133544921875,0.0,0.0,0.0,0.0,0
11:53:27.973,0.9678435325622559,397.3133544921875,0.0,0.0,0.0,0.0,0
11:53:27.989,0.9678435325622559,397.3133544921875,0.0,0.0,0.0,0.0,0
11:53:27.989,0.9678435325622559,397.3133544921875,0.0,0.0,0.0,0.0,0
11:53:28.006,0.9678435325622559,397.3133544921875,0.0,0.0,0.0,0.0,0
11:53:28.022,0.9678435325622559,397.3133544921875,0.0,0.0,0.0,0.0,0
11:53:28.022,0.9678435325622559,397.3133544921875,0.0,0.0,0.0,0.0,0
11:53:28.038,0.9678435325622559,397.3133544921875,0.0,0.0,0.0,0.0,0
11:53:28.038,0.9678435325622559,397.3133544921875,0.0,0.0,0.0,0.0,0
11:53:28.054,0.9678435325622559,397.3133544921875,0.0,0.0,0.0,0.0,0
11:53:28.072,0.9678435325622559,397.3133544921875,0.0,0.0,0.0,0.0,0
11:53:28.079,0.9678435325622559,397.3133544921875,0.0,0.0,0.0,0.0,0
11:53:28.087,0.9678435325622559,397.3133544921875,0.0,0.0,0.0,0.0,0
11:53:28.104,0.9678435325622559,397.3133544921875,0.0,0.0,0.0,0.0,0
11:53:28.104,0.9678435325622559,397.3133544921875,0.0,0.0,0.0,0.0,0
11:53:28.120,0.9678435325622559,397.3133544921875,0.0,0.0,0.0,0.0,0
11:53:28.120,0.9678435325622559,397.3133544921875,0.0,0.0,0.0,0.0,0
11:53:28.140,0.9678435325622559,397.3133544921875,0.0,0.0,0.0,0.0,0
11:53:28.140,0.9678435325622559,397.3133544921875,0.0,0.0,0.0,0.0,0
11:53:28.151,0.9678435325622559,397.3133544921875,0.0,0.0,0.0,0.0,0
11:53:28.168,0.9678435325622559,397.3133544921875,0.0,0.0,0.0,0.0,0
11:53:28.168,0.9678435325622559,397.3133544921875,0.0,0.0,0.0,0.0,0
11:53:28.184,0.9678435325622559,397.3133544921875,0.0,0.0,0.0,0.0,0
11:53:28.200,0.9678435325622559,397.3133544921875,0.0,0.0,0.0,0.0,0
11:53:28.200,0.9678435325622559,397.3133544921875,0.0,0.0,0.0,0.0,0
11:53:28.216,0.9678435325622559,397.3133544921875,0.0,0.0,0.0,0.0,0
11:53:28.232,0.9678435325622559,397.3133544921875,0.0,0.0,0.0,0.0,0
11:53:28.233,0.9678435325622559,397.3133544921875,0.0,0.0,0.0,0.0,0
11:53:28.249,0.9678435325622559,397.3133544921875,0.0,0.0,0.0,0.0,0
11:53:28.255,0.9678435325622559,397.3133544921875,0.0,0.0,0.0,0.0,0
11:53:28.265,0.9678435325622559,397.3133544921875,0.0,0.0,0.0,0.0,0
11:53:28.281,0.9678435325622559,397.3133544921875,0.0,0.0,0.0,0.0,0
11:53:28.281,0.9678435325622559,397.3133544921875,0.0,0.0,0.0,0.0,0
11:53:28.297,0.9678435325622559,397.3133544921875,0.0,0.0,0.0,0.0,0
11:53:28.315,0.9678435325622559,397.3133544921875,0.0,0.0,0.0,0.0,0
11:53:28.315,0.9678435325622559,397.3133544921875,0.0,0.0,0.0,0.0,0
11:53:28.330,0.9678435325622559,397.3133544921875,0.0,0.0,0.0,0.0,0
11:53:28.330,0.9678435325622559,397.3133544921875,0.0,0.0,0.0,0.0,0
11:53:28.346,0.9678435325622559,397.3133544921875,0.0,0.0,0.0,0.0,0
11:53:28.362,0.9678435325622559,397.3133544921875,0.0,0.0,0.0,0.0,0
11:53:28.363,0.9678435325622559,397.3133544921875,0.0,0.0,0.0,0.0,0
11:53:28.386,0.9678435325622559,397.3133544921875,0.0,0.0,0.0,0.0,0
11:53:28.386,0.9678435325622559,397.3133544921875,0.0,0.0,0.0,0.0,0
11:53:28.395,0.9678435325622559,397.3133544921875,0.0,0.0,0.0,0.0,0
11:53:28.411,0.9678435325622559,397.3133544921875,0.0,0.0,0.0,0.0,0
11:53:28.411,0.9678435325622559,397.3133544921875,0.0,0.0,0.0,0.0,0
11:53:28.427,0.9678435325622559,397.3133544921875,0.0,0.0,0.0,0.0,0
11:53:28.444,0.9678435325622559,397.3133544921875,0.0,0.0,0.0,0.0,0
11:53:28.444,0.9678435325622559,397.3133544921875,0.0,0.0,0.0,0.0,0
11:53:28.460,0.9678435325622559,397.3133544921875,0.0,0.0,0.0,0.0,0
11:53:28.460,0.9678435325622559,397.3133544921875,0.0,0.0,0.0,0.0,0
11:53:28.476,0.9678435325622559,397.3133544921875,0.0,0.0,0.0,0.0,0
11:53:28.492,0.9678435325622559,397.3133544921875,0.0,0.0,0.0,0.0,0
11:53:28.492,0.9678435325622559,397.3133544921875,0.0,0.0,0.0,0.0,0
11:53:28.508,0.9678435325622559,397.3133544921875,0.0,0.0,0.0,0.0,0
11:53:28.524,0.9678435325622559,397.3133544921875,0.0,0.0,0.0,0.0,0
11:53:28.524,0.9678435325622559,397.3133544921875,0.0,0.0,0.0,0.0,0
11:53:28.540,0.9678435325622559,397.3133544921875,0.0,0.0,0.0,0.0,0
11:53:28.540,0.9678435325622559,397.3133544921875,0.0,0.0,0.0,0.0,0
11:53:28.556,0.9678435325622559,397.3133544921875,0.0,0.0,0.0,0.0,0
11:53:28.573,0.9678435325622559,397.3133544921875,0.0,0.0,0.0,0.0,0
11:53:28.574,0.9678435325622559,397.3133544921875,0.0,0.0,0.0,0.0,0
11:53:28.588,0.9678435325622559,397.3133544921875,0.0,0.0,0.0,0.0,0
11:53:28.588,0.9678435325622559,397.3133544921875,0.0,0.0,0.0,0.0,0
11:53:28.604,0.9678435325622559,397.3133544921875,0.0,0.0,0.0,0.0,0
11:53:28.620,0.9678435325622559,397.3133544921875,0.0,0.0,0.0,0.0,0
11:53:28.620,0.9678435325622559,397.3133544921875,0.0,0.0,0.0,0.0,0
11:53:28.636,0.9678435325622559,397.3133544921875,0.0,0.0,0.0,0.0,0
11:53:28.653,0.9678435325622559,397.3133544921875,0.0,0.0,0.0,0.0,0
11:53:28.653,0.9678435325622559,397.3133544921875,0.0,0.0,0.0,0.0,0
11:53:28.669,0.9678435325622559,397.3133544921875,0.0,0.0,0.0,0.0,0
11:53:28.669,0.9678435325622559,397.3133544921875,0.0,0.0,0.0,0.0,0
11:53:28.684,0.9678435325622559,397.3133544921875,0.0,0.0,0.0,0.0,0
11:53:28.701,0.9678435325622559,397.3133544921875,0.0,0.0,0.0,0.0,0
11:53:28.701,0.9678435325622559,397.3133544921875,0.0,0.0,0.0,0.0,0
11:53:28.717,0.9678435325622559,397.3133544921875,0.0,0.0,0.0,0.0,0
11:53:28.733,0.9678435325622559,397.3133544921875,0.0,0.0,0.0,0.0,0
11:53:28.733,0.9678435325622559,397.3133544921875,0.0,0.0,0.0,0.0,0
11:53:28.750,0.9678435325622559,397.3133544921875,0.0,0.0,0.0,0.0,0
11:53:28.756,0.9678435325622559,397.3133544921875,0.0,0.0,0.0,0.0,0
11:53:28.765,0.9678435325622559,397.3133544921875,0.0,0.0,0.0,0.0,0
11:53:28.782,0.9678435325622559,397.3133544921875,0.0,0.0,0.0,0.0,0
11:53:28.782,0.9678435325622559,397.3133544921875,0.0,0.0,0.0,0.0,0
11:53:28.798,0.9678435325622559,397.3133544921875,0.0,0.0,0.0,0.0,0
11:53:28.798,0.9678435325622559,397.3133544921875,0.0,0.0,0.0,0.0,0
11:53:28.816,0.9678435325622559,397.3133544921875,0.0,0.0,0.0,0.0,0
11:53:28.831,0.9678435325622559,397.3133544921875,0.0,0.0,0.0,0.0,0
11:53:28.831,0.9678435325622559,397.3133544921875,0.0,0.0,0.0,0.0,0
11:53:28.847,0.9678435325622559,397.3133544921875,0.0,0.0,0.0,0.0,0
11:53:28.863,0.9678435325622559,397.3133544921875,0.0,0.0,0.0,0.0,0
11:53:28.863,0.9678435325622559,397.3133544921875,0.0,0.0,0.0,0.0,0
11:53:28.889,0.9678435325622559,397.3133544921875,0.0,0.0,0.0,0.0,0
11:53:28.889,0.9678435325622559,397.3133544921875,0.0,0.0,0.0,0.0,0
11:53:28.895,0.9678435325622559,397.3133544921875,0.0,0.0,0.0,0.0,0
11:53:28.912,0.9678435325622559,397.3133544921875,0.0,0.0,0.0,0.0,0
11:53:28.912,0.9678435325622559,397.3133544921875,0.0,0.0,0.0,0.0,0
11:53:28.928,0.9678435325622559,397.3133544921875,0.0,0.0,0.0,0.0,0
11:53:28.928,0.9678435325622559,397.3133544921875,0.0,0.0,0.0,0.0,0
11:53:28.950,0.9678435325622559,397.3133544921875,0.0,0.0,0.0,0.0,0
11:53:28.950,0.9678435325622559,397.3133544921875,0.0,0.0,0.0,0.0,0
11:53:28.960,0.9678435325622559,397.3133544921875,0.0,0.0,0.0,0.0,0
11:53:28.976,0.9678435325622559,397.3133544921875,0.0,0.0,0.0,0.0,0
11:53:28.993,0.9678435325622559,397.3133544921875,0.0,0.0,0.0,0.0,0
11:53:28.993,0.9678435325622559,397.3133544921875,0.0,0.0,0.0,0.0,0
11:53:29.009,0.9678435325622559,397.3133544921875,0.0,0.0,0.0,0.0,0
11:53:29.016,0.9678435325622559,397.3133544921875,0.0,0.0,0.0,0.0,0
11:53:29.024,0.9678435325622559,397.3133544921875,0.0,0.0,0.0,0.0,0
11:53:29.040,0.9678435325622559,397.3133544921875,0.0,0.0,0.0,0.0,0
11:53:29.040,0.9678435325622559,397.3133544921875,0.0,0.0,0.0,0.0,0
