Timestamp,Angle (rad),Velocity (RPM),Duty Target (%),Duty U (%),Duty V (%),Duty W (%),Mode
11:11:36.149,0.9178294539451599,286.13616943359375,20.0,0.0,0.0,0.0,0
11:11:36.149,0.9178294539451599,286.13616943359375,20.0,0.0,0.0,0.0,0
11:11:36.165,0.9178294539451599,286.13616943359375,20.0,0.0,0.0,0.0,0
11:11:36.178,0.9178294539451599,286.13616943359375,20.0,0.0,0.0,0.0,0
11:11:36.178,0.9178294539451599,286.13616943359375,20.0,0.0,0.0,0.0,0
11:11:36.194,0.9178294539451599,286.13616943359375,20.0,0.0,0.0,0.0,0
11:11:36.212,0.9178294539451599,286.13616943359375,20.0,0.0,0.0,0.0,0
11:11:36.212,0.9178294539451599,286.13616943359375,20.0,0.0,0.0,0.0,0
11:11:36.226,0.9178294539451599,286.13616943359375,20.0,0.0,0.0,0.0,0
11:11:36.227,0.9178294539451599,286.13616943359375,20.0,0.0,0.0,0.0,0
11:11:36.243,0.9178294539451599,286.13616943359375,20.0,0.0,0.0,0.0,0
11:11:36.259,0.9178294539451599,286.13616943359375,20.0,0.0,0.0,0.0,0
11:11:36.259,0.9178294539451599,286.13616943359375,20.0,0.0,0.0,0.0,0
11:11:36.278,0.9178294539451599,286.13616943359375,20.0,0.0,0.0,0.0,0
11:11:36.279,0.9178294539451599,286.13616943359375,20.0,0.0,0.0,0.0,0
11:11:36.292,0.9178294539451599,286.13616943359375,20.0,0.0,0.0,0.0,0
11:11:36.307,0.9178294539451599,286.13616943359375,20.0,0.0,0.0,0.0,0
11:11:36.307,0.9178294539451599,286.13616943359375,20.0,0.0,0.0,0.0,0
11:11:36.322,0.9178294539451599,286.13616943359375,20.0,0.0,0.0,0.0,0
11:11:36.339,0.9178294539451599,286.13616943359375,20.0,0.0,0.0,0.0,0
11:11:36.351,0.9178294539451599,286.13616943359375,20.0,0.0,0.0,0.0,0
11:11:36.354,0.9178294539451599,286.13616943359375,20.0,0.0,0.0,0.0,0
11:11:36.370,0.9178294539451599,286.13616943359375,20.0,0.0,0.0,0.0,0
11:11:36.370,0.9178294539451599,286.13616943359375,20.0,0.0,0.0,0.0,0
11:11:36.386,0.9178294539451599,286.13616943359375,20.0,0.0,0.0,0.0,0
11:11:36.386,0.9178294539451599,286.13616943359375,20.0,0.0,0.0,0.0,0
11:11:36.403,0.9178294539451599,286.13616943359375,20.0,0.0,0.0,0.0,0
11:11:36.417,0.9178294539451599,286.13616943359375,20.0,0.0,0.0,0.0,0
11:11:36.418,0.9178294539451599,286.13616943359375,20.0,0.0,0.0,0.0,0
11:11:36.434,0.9178294539451599,286.13616943359375,20.0,0.0,0.0,0.0,0
11:11:36.450,0.9178294539451599,286.13616943359375,20.0,0.0,0.0,0.0,0
11:11:36.450,0.9178294539451599,286.13616943359375,20.0,0.0,0.0,0.0,0
11:11:36.467,0.9178294539451599,286.13616943359375,20.0,0.0,0.0,0.0,0
11:11:36.478,0.9178294539451599,286.13616943359375,20.0,0.0,0.0,0.0,0
11:11:36.483,0.9178294539451599,286.13616943359375,20.0,0.0,0.0,0.0,0
11:11:36.499,0.9178294539451599,286.13616943359375,20.0,0.0,0.0,0.0,0
11:11:36.499,0.9178294539451599,286.13616943359375,20.0,0.0,0.0,0.0,0
11:11:36.516,0.9178294539451599,286.13616943359375,20.0,0.0,0.0,0.0,0
11:11:36.532,0.9178294539451599,286.13616943359375,20.0,0.0,0.0,0.0,0
11:11:36.532,0.9178294539451599,286.13616943359375,20.0,0.0,0.0,0.0,0
11:11:36.547,0.9178294539451599,286.13616943359375,20.0,0.0,0.0,0.0,0
11:11:36.547,0.9178294539451599,286.13616943359375,20.0,0.0,0.0,0.0,0
11:11:36.563,0.9178294539451599,286.13616943359375,20.0,0.0,0.0,0.0,0
11:11:36.580,0.9178294539451599,286.13616943359375,20.0,0.0,0.0,0.0,0
11:11:36.591,0.9178294539451599,286.13616943359375,20.0,0.0,0.0,0.0,0
11:11:36.596,0.9178294539451599,286.13616943359375,20.0,0.0,0.0,0.0,0
11:11:36.596,0.9178294539451599,286.13616943359375,20.0,0.0,0.0,0.0,0
11:11:36.611,0.9178294539451599,286.13616943359375,20.0,0.0,0.0,0.0,0
11:11:36.626,0.9178294539451599,286.13616943359375,20.0,0.0,0.0,0.0,0
11:11:36.627,0.9178294539451599,286.13616943359375,20.0,0.0,0.0,0.0,0
11:11:36.644,0.9178294539451599,286.13616943359375,20.0,0.0,0.0,0.0,0
11:11:36.659,0.9178294539451599,286.13616943359375,20.0,0.0,0.0,0.0,0
11:11:36.660,0.9178294539451599,286.13616943359375,20.0,0.0,0.0,0.0,0
11:11:36.676,0.9178294539451599,286.13616943359375,20.0,0.0,0.0,0.0,0
11:11:36.676,0.9178294539451599,286.13616943359375,20.0,0.0,0.0,0.0,0
11:11:36.691,0.9178294539451599,286.13616943359375,20.0,0.0,0.0,0.0,0
11:11:36.708,0.9178294539451599,286.13616943359375,20.0,0.0,0.0,0.0,0
11:11:36.719,0.9178294539451599,286.13616943359375,20.0,0.0,0.0,0.0,0
11:11:36.723,0.9178294539451599,286.13616943359375,20.0,0.0,0.0,0.0,0
11:11:36.739,0.9178294539451599,286.13616943359375,20.0,0.0,0.0,0.0,0
11:11:36.739,0.9178294539451599,286.13616943359375,20.0,0.0,0.0,0.0,0
11:11:36.755,0.9178294539451599,286.13616943359375,20.0,0.0,0.0,0.0,0
11:11:36.772,0.9178294539451599,286.13616943359375,20.0,0.0,0.0,0.0,0
11:11:36.782,0.9178294539451599,286.13616943359375,20.0,0.0,0.0,0.0,0
11:11:36.787,0.9178294539451599,286.13616943359375,20.0,0.0,0.0,0.0,0
11:11:36.787,0.9178294539451599,286.13616943359375,20.0,0.0,0.0,0.0,0
11:11:36.803,0.9178294539451599,286.13616943359375,20.0,0.0,0.0,0.0,0
11:11:36.819,0.9178294539451599,286.13616943359375,20.0,0.0,0.0,0.0,0
11:11:36.819,0.9178294539451599,286.13616943359375,20.0,0.0,0.0,0.0,0
11:11:36.838,0.9178294539451599,286.13616943359375,20.0,0.0,0.0,0.0,0
11:11:36.838,0.9178294539451599,286.13616943359375,20.0,0.0,0.0,0.0,0
11:11:36.852,0.9178294539451599,286.13616943359375,20.0,0.0,0.0,0.0,0
11:11:36.867,0.9178294539451599,286.13616943359375,20.0,0.0,0.0,0.0,0
11:11:36.867,0.9178294539451599,286.13616943359375,20.0,0.0,0.0,0.0,0
11:11:36.886,0.9178294539451599,286.13616943359375,20.0,0.0,0.0,0.0,0
11:11:36.886,0.9178294539451599,286.13616943359375,20.0,0.0,0.0,0.0,0
11:11:36.904,0.9178294539451599,286.13616943359375,20.0,0.0,0.0,0.0,0
11:11:36.920,0.9178294539451599,286.13616943359375,20.0,0.0,0.0,0.0,0
11:11:36.920,0.9178294539451599,286.13616943359375,20.0,0.0,0.0,0.0,0
11:11:36.936,0.9178294539451599,286.13616943359375,20.0,0.0,0.0,0.0,0
11:11:36.936,0.9178294539451599,286.13616943359375,20.0,0.0,0.0,0.0,0
11:11:36.954,0.9178294539451599,286.13616943359375,20.0,0.0,0.0,0.0,0
11:11:36.969,0.9178294539451599,286.13616943359375,20.0,0.0,0.0,0.0,0
11:11:36.969,0.9178294539451599,286.13616943359375,20.0,0.0,0.0,0.0,0
11:11:36.984,0.9178294539451599,286.13616943359375,20.0,0.0,0.0,0.0,0
11:11:37.002,0.9178294539451599,286.13616943359375,20.0,0.0,0.0,0.0,0
11:11:37.002,0.9178294539451599,286.13616943359375,20.0,0.0,0.0,0.0,0
11:11:37.018,0.9178294539451599,286.13616943359375,20.0,0.0,0.0,0.0,0
11:11:37.030,0.9178294539451599,286.13616943359375,20.0,0.0,0.0,0.0,0
11:11:37.037,0.9178294539451599,286.13616943359375,20.0,0.0,0.0,0.0,0
11:11:37.037,0.9178294539451599,286.13616943359375,20.0,0.0,0.0,0.0,0
11:11:37.053,0.9178294539451599,286.13616943359375,20.0,0.0,0.0,0.0,0
11:11:37.069,0.9178294539451599,286.13616943359375,20.0,0.0,0.0,0.0,0
11:11:37.070,0.9178294539451599,286.13616943359375,20.0,0.0,0.0,0.0,0
11:11:37.087,0.9178294539451599,286.13616943359375,20.0,0.0,0.0,0.0,0
11:11:37.099,0.9178294539451599,286.13616943359375,20.0,0.0,0.0,0.0,0
11:11:37.102,0.9178294539451599,286.13616943359375,20.0,0.0,0.0,0.0,0
11:11:37.117,0.9178294539451599,286.13616943359375,20.0,0.0,0.0,0.0,0
11:11:37.117,0.9178294539451599,286.13616943359375,20.0,0.0,0.0,0.0,0
11:11:37.133,0.9178294539451599,286.13616943359375,20.0,0.0,0.0,0.0,0
11:11:37.151,0.9178294539451599,286.13616943359375,20.0,0.0,0.0,0.0,0
11:11:37.165,0.9178294539451599,286.13616943359375,20.0,0.0,0.0,0.0,0
11:11:37.165,0.9178294539451599,286.13616943359375,20.0,0.0,0.0,0.0,0
11:11:37.182,0.9178294539451599,286.13616943359375,20.0,0.0,0.0,0.0,0
11:11:37.182,0.9178294539451599,286.13616943359375,20.0,0.0,0.0,0.0,0
11:11:37.197,0.9178294539451599,286.13616943359375,20.0,0.0,0.0,0.0,0
11:11:37.197,0.9178294539451599,286.13616943359375,20.0,0.0,0.0,0.0,0
11:11:37.215,0.9178294539451599,286.13616943359375,20.0,0.0,0.0,0.0,0
11:11:37.230,0.9178294539451599,286.13616943359375,20.0,0.0,0.0,0.0,0
11:11:37.230,0.9178294539451599,286.13616943359375,20.0,0.0,0.0,0.0,0
11:11:37.245,0.9178294539451599,286.13616943359375,20.0,0.0,0.0,0.0,0
11:11:37.260,0.9178294539451599,286.13616943359375,20.0,0.0,0.0,0.0,0
11:11:37.261,0.9178294539451599,286.13616943359375,20.0,0.0,0.0,0.0,0
11:11:37.278,0.9178294539451599,286.13616943359375,20.0,0.0,0.0,0.0,0
11:11:37.291,0.9178294539451599,286.13616943359375,20.0,0.0,0.0,0.0,0
11:11:37.293,0.9178294539451599,286.13616943359375,20.0,0.0,0.0,0.0,0
11:11:37.309,0.9178294539451599,286.13616943359375,20.0,0.0,0.0,0.0,0
11:11:37.309,0.9178294539451599,286.13616943359375,20.0,0.0,0.0,0.0,0
11:11:37.322,0.9178294539451599,286.13616943359375,20.0,0.0,0.0,0.0,0
11:11:37.351,0.9178294539451599,286.13616943359375,20.0,0.0,0.0,0.0,0
11:11:37.352,0.9178294539451599,286.13616943359375,20.0,0.0,0.0,0.0,0
11:11:37.352,0.9178294539451599,286.13616943359375,20.0,0.0,0.0,0.0,0
11:11:37.357,0.9178294539451599,286.13616943359375,20.0,0.0,0.0,0.0,0
11:11:37.368,0.9178294539451599,286.13616943359375,20.0,0.0,0.0,0.0,0
11:11:37.383,0.9178294539451599,286.13616943359375,20.0,0.0,0.0,0.0,0
11:11:37.405,0.9178294539451599,286.13616943359375,20.0,0.0,0.0,0.0,0
11:11:37.422,0.9178294539451599,286.13616943359375,20.0,0.0,0.0,0.0,0
11:11:37.423,0.9178294539451599,286.13616943359375,20.0,0.0,0.0,0.0,0
11:11:37.423,0.9178294539451599,286.13616943359375,20.0,0.0,0.0,0.0,0
11:11:37.438,0.9178294539451599,286.13616943359375,20.0,0.0,0.0,0.0,0
11:11:37.438,0.9178294539451599,286.13616943359375,20.0,0.0,0.0,0.0,0
11:11:37.455,0.9178294539451599,286.13616943359375,20.0,0.0,0.0,0.0,0
11:11:37.476,0.9178294539451599,286.13616943359375,20.0,0.0,0.0,0.0,0
11:11:37.476,0.9178294539451599,286.13616943359375,20.0,0.0,0.0,0.0,0
11:11:37.483,0.9178294539451599,286.13616943359375,20.0,0.0,0.0,0.0,0
11:11:37.499,0.9178294539451599,286.13616943359375,20.0,0.0,0.0,0.0,0
11:11:37.499,0.9178294539451599,286.13616943359375,20.0,0.0,0.0,0.0,0
11:11:37.519,0.9178294539451599,286.13616943359375,20.0,0.0,0.0,0.0,0
11:11:37.519,0.9178294539451599,286.13616943359375,20.0,0.0,0.0,0.0,0
11:11:37.535,0.9178294539451599,286.13616943359375,20.0,0.0,0.0,0.0,0
11:11:37.551,0.9178294539451599,286.13616943359375,20.0,0.0,0.0,0.0,0
11:11:37.551,0.9178294539451599,286.13616943359375,20.0,0.0,0.0,0.0,0
11:11:37.568,0.9178294539451599,286.13616943359375,20.0,0.0,0.0,0.0,0
11:11:37.568,0.9178294539451599,286.13616943359375,20.0,0.0,0.0,0.0,0
11:11:37.585,0.9178294539451599,286.13616943359375,20.0,0.0,0.0,0.0,0
11:11:37.604,0.9178294539451599,286.13616943359375,20.0,0.0,0.0,0.0,0
11:11:37.604,0.9178294539451599,286.13616943359375,20.0,0.0,0.0,0.0,0
11:11:37.618,0.9178294539451599,286.13616943359375,20.0,0.0,0.0,0.0,0
11:11:37.618,0.9178294539451599,286.13616943359375,20.0,0.0,0.0,0.0,0
11:11:37.635,0.9178294539451599,286.13616943359375,20.0,0.0,0.0,0.0,0
11:11:37.652,0.9178294539451599,286.13616943359375,20.0,0.0,0.0,0.0,0
11:11:37.652,0.9178294539451599,286.13616943359375,20.0,0.0,0.0,0.0,0
11:11:37.668,0.9178294539451599,286.13616943359375,20.0,0.0,0.0,0.0,0
11:11:37.668,0.9178294539451599,286.13616943359375,20.0,0.0,0.0,0.0,0
11:11:37.684,0.9178294539451599,286.13616943359375,20.0,0.0,0.0,0.0,0
11:11:37.700,0.9178294539451599,286.13616943359375,20.0,0.0,0.0,0.0,0
11:11:37.700,0.9178294539451599,286.13616943359375,20.0,0.0,0.0,0.0,0
11:11:37.717,0.9178294539451599,286.13616943359375,20.0,0.0,0.0,0.0,0
11:11:37.727,0.9178294539451599,286.13616943359375,20.0,0.0,0.0,0.0,0
11:11:37.732,0.9178294539451599,286.13616943359375,20.0,0.0,0.0,0.0,0
11:11:37.749,0.9178294539451599,286.13616943359375,20.0,0.0,0.0,0.0,0
11:11:37.749,0.9178294539451599,286.13616943359375,20.0,0.0,0.0,0.0,0
11:11:37.766,0.9178294539451599,286.13616943359375,20.0,0.0,0.0,0.0,0
11:11:37.781,0.9178294539451599,286.13616943359375,20.0,0.0,0.0,0.0,0
11:11:37.781,0.9178294539451599,286.13616943359375,20.0,0.0,0.0,0.0,0
11:11:37.798,0.9178294539451599,286.13616943359375,20.0,0.0,0.0,0.0,0
11:11:37.798,0.9178294539451599,286.13616943359375,20.0,0.0,0.0,0.0,0
11:11:37.813,0.9178294539451599,286.13616943359375,20.0,0.0,0.0,0.0,0
11:11:37.831,0.9178294539451599,286.13616943359375,20.0,0.0,0.0,0.0,0
11:11:37.840,0.9178294539451599,286.13616943359375,20.0,0.0,0.0,0.0,0
11:11:37.846,0.9178294539451599,286.13616943359375,20.0,0.0,0.0,0.0,0
11:11:37.846,0.9178294539451599,286.13616943359375,20.0,0.0,0.0,0.0,0
11:11:37.862,0.9178294539451599,286.13616943359375,20.0,0.0,0.0,0.0,0
11:11:37.869,0.9178294539451599,286.13616943359375,20.0,0.0,0.0,0.0,0
11:11:37.885,0.9178294539451599,286.13616943359375,20.0,0.0,0.0,0.0,0
11:11:37.902,0.9178294539451599,286.13616943359375,20.0,0.0,0.0,0.0,0
11:11:37.902,0.9178294539451599,286.13616943359375,20.0,0.0,0.0,0.0,0
11:11:37.917,0.9178294539451599,286.13616943359375,20.0,0.0,0.0,0.0,0
11:11:37.917,0.9178294539451599,286.13616943359375,20.0,0.0,0.0,0.0,0
11:11:37.935,0.9178294539451599,286.13616943359375,20.0,0.0,0.0,0.0,0
11:11:37.952,0.9178294539451599,286.13616943359375,20.0,0.0,0.0,0.0,0
11:11:37.953,0.9178294539451599,286.13616943359375,20.0,0.0,0.0,0.0,0
11:11:37.967,0.9178294539451599,286.13616943359375,20.0,0.0,0.0,0.0,0
11:11:37.968,0.9178294539451599,286.13616943359375,20.0,0.0,0.0,0.0,0
11:11:37.984,0.9178294539451599,286.13616943359375,20.0,0.0,0.0,0.0,0
11:11:38.000,0.9178294539451599,286.13616943359375,20.0,0.0,0.0,0.0,0
11:11:38.000,0.9178294539451599,286.13616943359375,20.0,0.0,0.0,0.0,0
11:11:38.017,0.9178294539451599,286.13616943359375,20.0,0.0,0.0,0.0,0
11:11:38.031,0.9178294539451599,286.13616943359375,20.0,0.0,0.0,0.0,0
11:11:38.032,0.9178294539451599,286.13616943359375,20.0,0.0,0.0,0.0,0
11:11:38.048,0.9178294539451599,286.13616943359375,20.0,0.0,0.0,0.0,0
11:11:38.048,0.9178294539451599,286.13616943359375,20.0,0.0,0.0,0.0,0
11:11:38.064,0.9178294539451599,286.13616943359375,20.0,0.0,0.0,0.0,0
11:11:38.081,0.9178294539451599,286.13616943359375,20.0,0.0,0.0,0.0,0
11:11:38.092,0.9178294539451599,286.13616943359375,20.0,0.0,0.0,0.0,0
11:11:38.095,0.9178294539451599,286.13616943359375,20.0,0.0,0.0,0.0,0
11:11:38.111,0.9178294539451599,286.13616943359375,20.0,0.0,0.0,0.0,0
11:11:38.111,0.9178294539451599,286.13616943359375,20.0,0.0,0.0,0.0,0
11:11:38.127,0.9178294539451599,286.13616943359375,20.0,0.0,0.0,0.0,0
11:11:38.127,0.9178294539451599,286.13616943359375,20.0,0.0,0.0,0.0,0
11:11:38.143,0.9178294539451599,286.13616943359375,20.0,0.0,0.0,0.0,0
11:11:38.159,0.9178294539451599,286.13616943359375,20.0,0.0,0.0,0.0,0
11:11:38.159,0.9178294539451599,286.13616943359375,20.0,0.0,0.0,0.0,0
11:11:38.175,0.9178294539451599,286.13616943359375,20.0,0.0,0.0,0.0,0
11:11:38.191,0.9178294539451599,286.13616943359375,20.0,0.0,0.0,0.0,0
11:11:38.191,0.9178294539451599,286.13616943359375,20.0,0.0,0.0,0.0,0
11:11:38.208,0.9178294539451599,286.13616943359375,20.0,0.0,0.0,0.0,0
11:11:38.218,0.9178294539451599,286.13616943359375,20.0,0.0,0.0,0.0,0
11:11:38.223,0.9178294539451599,286.13616943359375,20.0,0.0,0.0,0.0,0
11:11:38.239,0.9178294539451599,286.13616943359375,20.0,0.0,0.0,0.0,0
11:11:38.239,0.9178294539451599,286.13616943359375,20.0,0.0,0.0,0.0,0
11:11:38.255,0.9178294539451599,286.13616943359375,20.0,0.0,0.0,0.0,0
11:11:38.272,0.9178294539451599,286.13616943359375,20.0,0.0,0.0,0.0,0
11:11:38.281,0.9178294539451599,286.13616943359375,20.0,0.0,0.0,0.0,0
11:11:38.287,0.9178294539451599,286.13616943359375,20.0,0.0,0.0,0.0,0
11:11:38.287,0.9178294539451599,286.13616943359375,20.0,0.0,0.0,0.0,0
11:11:38.304,0.9178294539451599,286.13616943359375,20.0,0.0,0.0,0.0,0
11:11:38.319,0.9178294539451599,286.13616943359375,20.0,0.0,0.0,0.0,0
11:11:38.319,0.9178294539451599,286.13616943359375,20.0,0.0,0.0,0.0,0
11:11:38.336,0.9178294539451599,286.13616943359375,20.0,0.0,0.0,0.0,0
11:11:38.336,0.9178294539451599,286.13616943359375,20.0,0.0,0.0,0.0,0
11:11:38.352,0.9178294539451599,286.13616943359375,20.0,0.0,0.0,0.0,0
11:11:38.367,0.9178294539451599,286.13616943359375,20.0,0.0,0.0,0.0,0
11:11:38.367,0.9178294539451599,286.13616943359375,20.0,0.0,0.0,0.0,0
11:11:38.384,0.9178294539451599,286.13616943359375,20.0,0.0,0.0,0.0,0
11:11:38.401,0.9178294539451599,286.13616943359375,20.0,0.0,0.0,0.0,0
11:11:38.414,0.9178294539451599,286.13616943359375,20.0,0.0,0.0,0.0,0
11:11:38.416,0.9178294539451599,286.13616943359375,20.0,0.0,0.0,0.0,0
11:11:38.416,0.9178294539451599,286.13616943359375,20.0,0.0,0.0,0.0,0
11:11:38.432,0.9178294539451599,286.13616943359375,20.0,0.0,0.0,0.0,0
11:11:38.447,0.9178294539451599,286.13616943359375,20.0,0.0,0.0,0.0,0
11:11:38.448,0.9178294539451599,286.13616943359375,20.0,0.0,0.0,0.0,0
11:11:38.464,0.9178294539451599,286.13616943359375,20.0,0.0,0.0,0.0,0
11:11:38.480,0.9178294539451599,286.13616943359375,20.0,0.0,0.0,0.0,0
11:11:38.480,0.9178294539451599,286.13616943359375,20.0,0.0,0.0,0.0,0
11:11:38.496,0.9178294539451599,286.13616943359375,20.0,0.0,0.0,0.0,0
11:11:38.496,0.9178294539451599,286.13616943359375,20.0,0.0,0.0,0.0,0
11:11:38.512,0.9178294539451599,286.13616943359375,20.0,0.0,0.0,0.0,0
11:11:38.529,0.9178294539451599,286.13616943359375,20.0,0.0,0.0,0.0,0
11:11:38.529,0.9178294539451599,286.13616943359375,20.0,0.0,0.0,0.0,0
11:11:38.545,0.9178294539451599,286.13616943359375,20.0,0.0,0.0,0.0,0
11:11:38.561,0.9178294539451599,286.13616943359375,20.0,0.0,0.0,0.0,0
11:11:38.561,0.9178294539451599,286.13616943359375,20.0,0.0,0.0,0.0,0
11:11:38.579,0.9178294539451599,286.13616943359375,20.0,0.0,0.0,0.0,0
11:11:38.588,0.9178294539451599,286.13616943359375,20.0,0.0,0.0,0.0,0
11:11:38.594,0.9178294539451599,286.13616943359375,20.0,0.0,0.0,0.0,0
11:11:38.610,0.9178294539451599,286.13616943359375,20.0,0.0,0.0,0.0,0
11:11:38.610,0.9178294539451599,286.13616943359375,20.0,0.0,0.0,0.0,0
11:11:38.626,0.9178294539451599,286.13616943359375,20.0,0.0,0.0,0.0,0
11:11:38.626,0.9178294539451599,286.13616943359375,20.0,0.0,0.0,0.0,0
11:11:38.644,0.9178294539451599,286.13616943359375,20.0,0.0,0.0,0.0,0
11:11:38.658,0.9178294539451599,286.13616943359375,20.0,0.0,0.0,0.0,0
11:11:38.659,0.9178294539451599,286.13616943359375,20.0,0.0,0.0,0.0,0
11:11:38.675,0.9178294539451599,286.13616943359375,20.0,0.0,0.0,0.0,0
11:11:38.691,0.9178294539451599,286.13616943359375,20.0,0.0,0.0,0.0,0
11:11:38.691,0.9178294539451599,286.13616943359375,20.0,0.0,0.0,0.0,0
11:11:38.709,0.9178294539451599,286.13616943359375,20.0,0.0,0.0,0.0,0
11:11:38.709,0.9178294539451599,286.13616943359375,20.0,0.0,0.0,0.0,0
11:11:38.724,0.9178294539451599,286.13616943359375,20.0,0.0,0.0,0.0,0
11:11:38.741,0.9178294539451599,286.13616943359375,20.0,0.0,0.0,0.0,0
11:11:38.741,0.9178294539451599,286.13616943359375,20.0,0.0,0.0,0.0,0
11:11:38.756,0.9178294539451599,286.13616943359375,20.0,0.0,0.0,0.0,0
11:11:38.756,0.9178294539451599,286.13616943359375,20.0,0.0,0.0,0.0,0
11:11:38.774,0.9178294539451599,286.13616943359375,20.0,0.0,0.0,0.0,0
11:11:38.789,0.9178294539451599,286.13616943359375,20.0,0.0,0.0,0.0,0
11:11:38.789,0.9178294539451599,286.13616943359375,20.0,0.0,0.0,0.0,0
11:11:38.805,0.9178294539451599,286.13616943359375,20.0,0.0,0.0,0.0,0
11:11:38.821,0.9178294539451599,286.13616943359375,20.0,0.0,0.0,0.0,0
11:11:38.821,0.9178294539451599,286.13616943359375,20.0,0.0,0.0,0.0,0
11:11:38.839,0.9178294539451599,286.13616943359375,20.0,0.0,0.0,0.0,0
11:11:38.848,0.9178294539451599,286.13616943359375,20.0,0.0,0.0,0.0,0
11:11:38.854,0.9178294539451599,286.13616943359375,20.0,0.0,0.0,0.0,0
11:11:38.870,0.9178294539451599,286.13616943359375,20.0,0.0,0.0,0.0,0
11:11:38.870,0.9178294539451599,286.13616943359375,20.0,0.0,0.0,0.0,0
11:11:38.886,0.9178294539451599,286.13616943359375,20.0,0.0,0.0,0.0,0
11:11:38.886,0.9178294539451599,286.13616943359375,20.0,0.0,0.0,0.0,0
11:11:38.904,0.9178294539451599,286.13616943359375,20.0,0.0,0.0,0.0,0
11:11:38.917,0.9178294539451599,286.13616943359375,20.0,0.0,0.0,0.0,0
11:11:38.917,0.9178294539451599,286.13616943359375,20.0,0.0,0.0,0.0,0
11:11:38.933,0.9178294539451599,286.13616943359375,20.0,0.0,0.0,0.0,0
11:11:38.950,0.9178294539451599,286.13616943359375,20.0,0.0,0.0,0.0,0
11:11:38.950,0.9178294539451599,286.13616943359375,20.0,0.0,0.0,0.0,0
11:11:38.967,0.9178294539451599,286.13616943359375,20.0,0.0,0.0,0.0,0
11:11:38.967,0.9178294539451599,286.13616943359375,20.0,0.0,0.0,0.0,0
11:11:38.982,0.9178294539451599,286.13616943359375,20.0,0.0,0.0,0.0,0
11:11:38.998,0.9178294539451599,286.13616943359375,20.0,0.0,0.0,0.0,0
11:11:38.998,0.9178294539451599,286.13616943359375,20.0,0.0,0.0,0.0,0
11:11:39.016,0.9178294539451599,286.13616943359375,20.0,0.0,0.0,0.0,0
11:11:39.031,0.9178294539451599,286.13616943359375,20.0,0.0,0.0,0.0,0
11:11:39.031,0.9178294539451599,286.13616943359375,20.0,0.0,0.0,0.0,0
11:11:39.047,0.9178294539451599,286.13616943359375,20.0,0.0,0.0,0.0,0
11:11:39.047,0.9178294539451599,286.13616943359375,20.0,0.0,0.0,0.0,0
11:11:39.064,0.9178294539451599,286.13616943359375,20.0,0.0,0.0,0.0,0
11:11:39.082,0.9178294539451599,286.13616943359375,20.0,0.0,0.0,0.0,0
11:11:39.082,0.9178294539451599,286.13616943359375,20.0,0.0,0.0,0.0,0
11:11:39.096,0.9178294539451599,286.13616943359375,20.0,0.0,0.0,0.0,0
11:11:39.096,0.9178294539451599,286.13616943359375,20.0,0.0,0.0,0.0,0
11:11:39.113,0.9178294539451599,286.13616943359375,20.0,0.0,0.0,0.0,0
11:11:39.129,0.9178294539451599,286.13616943359375,20.0,0.0,0.0,0.0,0
11:11:39.129,0.9178294539451599,286.13616943359375,20.0,0.0,0.0,0.0,0
11:11:39.147,0.9178294539451599,286.13616943359375,20.0,0.0,0.0,0.0,0
11:11:39.158,0.9178294539451599,286.13616943359375,20.0,0.0,0.0,0.0,0
11:11:39.162,0.9178294539451599,286.13616943359375,20.0,0.0,0.0,0.0,0
11:11:39.178,0.9178294539451599,286.13616943359375,20.0,0.0,0.0,0.0,0
11:11:39.178,0.9178294539451599,286.13616943359375,20.0,0.0,0.0,0.0,0
11:11:39.194,0.9178294539451599,286.13616943359375,20.0,0.0,0.0,0.0,0
11:11:39.211,0.9178294539451599,286.13616943359375,20.0,0.0,0.0,0.0,0
11:11:39.222,0.9178294539451599,286.13616943359375,20.0,0.0,0.0,0.0,0
11:11:39.226,0.9178294539451599,286.13616943359375,20.0,0.0,0.0,0.0,0
11:11:39.226,0.9178294539451599,286.13616943359375,20.0,0.0,0.0,0.0,0
11:11:39.243,0.9178294539451599,286.13616943359375,20.0,0.0,0.0,0.0,0
11:11:39.259,0.9178294539451599,286.13616943359375,20.0,0.0,0.0,0.0,0
11:11:39.259,0.9178294539451599,286.13616943359375,20.0,0.0,0.0,0.0,0
11:11:39.276,0.9178294539451599,286.13616943359375,20.0,0.0,0.0,0.0,0
11:11:39.287,0.9178294539451599,286.13616943359375,20.0,0.0,0.0,0.0,0
11:11:39.291,0.9178294539451599,286.13616943359375,20.0,0.0,0.0,0.0,0
11:11:39.307,0.9178294539451599,286.13616943359375,20.0,0.0,0.0,0.0,0
11:11:39.307,0.9178294539451599,286.13616943359375,20.0,0.0,0.0,0.0,0
11:11:39.323,0.9178294539451599,286.13616943359375,20.0,0.0,0.0,0.0,0
11:11:39.341,0.9178294539451599,286.13616943359375,20.0,0.0,0.0,0.0,0
11:11:39.352,0.9178294539451599,286.13616943359375,20.0,0.0,0.0,0.0,0
11:11:39.355,0.9178294539451599,286.13616943359375,20.0,0.0,0.0,0.0,0
11:11:39.372,0.9178294539451599,286.13616943359375,20.0,0.0,0.0,0.0,0
11:11:39.372,0.9178294539451599,286.13616943359375,20.0,0.0,0.0,0.0,0
11:11:39.387,0.9178294539451599,286.13616943359375,20.0,0.0,0.0,0.0,0
11:11:39.387,0.9178294539451599,286.13616943359375,20.0,0.0,0.0,0.0,0
11:11:39.405,0.9178294539451599,286.13616943359375,20.0,0.0,0.0,0.0,0
11:11:39.420,0.9178294539451599,286.13616943359375,20.0,0.0,0.0,0.0,0
11:11:39.420,0.9178294539451599,286.13616943359375,20.0,0.0,0.0,0.0,0
11:11:39.436,0.9178294539451599,286.13616943359375,20.0,0.0,0.0,0.0,0
11:11:39.436,0.9178294539451599,286.13616943359375,20.0,0.0,0.0,0.0,0
11:11:39.454,0.9178294539451599,286.13616943359375,20.0,0.0,0.0,0.0,0
11:11:39.469,0.9178294539451599,286.13616943359375,20.0,0.0,0.0,0.0,0
11:11:39.469,0.9178294539451599,286.13616943359375,20.0,0.0,0.0,0.0,0
11:11:39.485,0.9178294539451599,286.13616943359375,20.0,0.0,0.0,0.0,0
11:11:39.502,0.9178294539451599,286.13616943359375,20.0,0.0,0.0,0.0,0
11:11:39.502,0.9178294539451599,286.13616943359375,20.0,0.0,0.0,0.0,0
11:11:39.518,0.9178294539451599,286.13616943359375,20.0,0.0,0.0,0.0,0
11:11:39.530,0.9178294539451599,286.13616943359375,20.0,0.0,0.0,0.0,0
11:11:39.533,0.9178294539451599,286.13616943359375,20.0,0.0,0.0,0.0,0
11:11:39.550,0.9178294539451599,286.13616943359375,20.0,0.0,0.0,0.0,0
11:11:39.550,0.9178294539451599,286.13616943359375,20.0,0.0,0.0,0.0,0
11:11:39.566,0.9178294539451599,286.13616943359375,20.0,0.0,0.0,0.0,0
11:11:39.566,0.9178294539451599,286.13616943359375,20.0,0.0,0.0,0.0,0
11:11:39.596,0.9178294539451599,286.13616943359375,20.0,0.0,0.0,0.0,0
11:11:39.599,0.9178294539451599,286.13616943359375,20.0,0.0,0.0,0.0,0
11:11:39.599,0.9178294539451599,286.13616943359375,20.0,0.0,0.0,0.0,0
11:11:39.615,0.9178294539451599,286.13616943359375,20.0,0.0,0.0,0.0,0
11:11:39.631,0.9178294539451599,286.13616943359375,20.0,0.0,0.0,0.0,0
11:11:39.631,0.9178294539451599,286.13616943359375,20.0,0.0,0.0,0.0,0
11:11:39.649,0.9178294539451599,286.13616943359375,20.0,0.0,0.0,0.0,0
11:11:39.659,0.9178294539451599,286.13616943359375,20.0,0.0,0.0,0.0,0
11:11:39.663,0.9178294539451599,286.13616943359375,20.0,0.0,0.0,0.0,0
11:11:39.680,0.9178294539451599,286.13616943359375,20.0,0.0,0.0,0.0,0
11:11:39.680,0.9178294539451599,286.13616943359375,20.0,0.0,0.0,0.0,0
11:11:39.696,0.9178294539451599,286.13616943359375,20.0,0.0,0.0,0.0,0
11:11:39.696,0.9178294539451599,286.13616943359375,20.0,0.0,0.0,0.0,0
11:11:39.713,0.9178294539451599,286.13616943359375,20.0,0.0,0.0,0.0,0
11:11:39.729,0.9178294539451599,286.13616943359375,20.0,0.0,0.0,0.0,0
11:11:39.729,0.9178294539451599,286.13616943359375,20.0,0.0,0.0,0.0,0
11:11:39.745,0.9178294539451599,286.13616943359375,20.0,0.0,0.0,0.0,0
11:11:39.761,0.9178294539451599,286.13616943359375,20.0,0.0,0.0,0.0,0
11:11:39.761,0.9178294539451599,286.13616943359375,20.0,0.0,0.0,0.0,0
11:11:39.778,0.9178294539451599,286.13616943359375,20.0,0.0,0.0,0.0,0
11:11:39.779,0.9178294539451599,286.13616943359375,20.0,0.0,0.0,0.0,0
11:11:39.793,0.9178294539451599,286.13616943359375,20.0,0.0,0.0,0.0,0
11:11:39.810,0.9178294539451599,286.13616943359375,20.0,0.0,0.0,0.0,0
11:11:39.810,0.9178294539451599,286.13616943359375,20.0,0.0,0.0,0.0,0
11:11:39.826,0.9178294539451599,286.13616943359375,20.0,0.0,0.0,0.0,0
11:11:39.826,0.9178294539451599,286.13616943359375,20.0,0.0,0.0,0.0,0
11:11:39.844,0.9178294539451599,286.13616943359375,20.0,0.0,0.0,0.0,0
11:11:39.859,0.9178294539451599,286.13616943359375,20.0,0.0,0.0,0.0,0
11:11:39.859,0.9178294539451599,286.13616943359375,20.0,0.0,0.0,0.0,0
11:11:39.875,0.9178294539451599,286.13616943359375,20.0,0.0,0.0,0.0,0
11:11:39.876,0.9178294539451599,286.13616943359375,20.0,0.0,0.0,0.0,0
11:11:39.892,0.9178294539451599,286.13616943359375,20.0,0.0,0.0,0.0,0
11:11:39.910,0.9178294539451599,286.13616943359375,20.0,0.0,0.0,0.0,0
11:11:39.910,0.9178294539451599,286.13616943359375,20.0,0.0,0.0,0.0,0
11:11:39.924,0.9178294539451599,286.13616943359375,20.0,0.0,0.0,0.0,0
11:11:39.941,0.9178294539451599,286.13616943359375,20.0,0.0,0.0,0.0,0
11:11:39.941,0.9178294539451599,286.13616943359375,20.0,0.0,0.0,0.0,0
11:11:39.957,0.9178294539451599,286.13616943359375,20.0,0.0,0.0,0.0,0
11:11:39.957,0.9178294539451599,286.13616943359375,20.0,0.0,0.0,0.0,0
11:11:39.975,0.9178294539451599,286.13616943359375,20.0,0.0,0.0,0.0,0
11:11:39.990,0.9178294539451599,286.13616943359375,20.0,0.0,0.0,0.0,0
11:11:39.990,0.9178294539451599,286.13616943359375,20.0,0.0,0.0,0.0,0
11:11:40.006,0.9178294539451599,286.13616943359375,20.0,0.0,0.0,0.0,0
11:11:40.006,0.9178294539451599,286.13616943359375,20.0,0.0,0.0,0.0,0
11:11:40.022,0.9178294539451599,286.13616943359375,20.0,0.0,0.0,0.0,0
11:11:40.039,0.9178294539451599,286.13616943359375,20.0,0.0,0.0,0.0,0
11:11:40.053,0.9178294539451599,286.13616943359375,20.0,0.0,0.0,0.0,0
11:11:40.054,0.9178294539451599,286.13616943359375,20.0,0.0,0.0,0.0,0
11:11:40.070,0.9178294539451599,286.13616943359375,20.0,0.0,0.0,0.0,0
11:11:40.070,0.9178294539451599,286.13616943359375,20.0,0.0,0.0,0.0,0
11:11:40.086,0.9178294539451599,286.13616943359375,20.0,0.0,0.0,0.0,0
11:11:40.086,0.9178294539451599,286.13616943359375,20.0,0.0,0.0,0.0,0
11:11:40.103,0.9178294539451599,286.13616943359375,20.0,0.0,0.0,0.0,0
11:11:40.119,0.9178294539451599,286.13616943359375,20.0,0.0,0.0,0.0,0
11:11:40.119,0.9178294539451599,286.13616943359375,20.0,0.0,0.0,0.0,0
11:11:40.135,0.9178294539451599,286.13616943359375,20.0,0.0,0.0,0.0,0
11:11:40.151,0.9178294539451599,286.13616943359375,20.0,0.0,0.0,0.0,0
11:11:40.151,0.9178294539451599,286.13616943359375,20.0,0.0,0.0,0.0,0
11:11:40.169,0.9178294539451599,286.13616943359375,20.0,0.0,0.0,0.0,0
11:11:40.169,0.9178294539451599,286.13616943359375,20.0,0.0,0.0,0.0,0
11:11:40.184,0.9178294539451599,286.13616943359375,20.0,0.0,0.0,0.0,0
11:11:40.200,0.9178294539451599,286.13616943359375,20.0,0.0,0.0,0.0,0
11:11:40.200,0.9178294539451599,286.13616943359375,20.0,0.0,0.0,0.0,0
11:11:40.216,0.9178294539451599,286.13616943359375,20.0,0.0,0.0,0.0,0
11:11:40.216,0.9178294539451599,286.13616943359375,20.0,0.0,0.0,0.0,0
11:11:40.234,0.9178294539451599,286.13616943359375,20.0,0.0,0.0,0.0,0
11:11:40.248,0.9178294539451599,286.13616943359375,20.0,0.0,0.0,0.0,0
11:11:40.248,0.9178294539451599,286.13616943359375,20.0,0.0,0.0,0.0,0
11:11:40.264,0.9178294539451599,286.13616943359375,20.0,0.0,0.0,0.0,0
11:11:40.282,0.9178294539451599,286.13616943359375,20.0,0.0,0.0,0.0,0
11:11:40.292,0.9178294539451599,286.13616943359375,20.0,0.0,0.0,0.0,0
11:11:40.297,0.9178294539451599,286.13616943359375,20.0,0.0,0.0,0.0,0
11:11:40.297,0.9178294539451599,286.13616943359375,20.0,0.0,0.0,0.0,0
11:11:40.313,0.9178294539451599,286.13616943359375,20.0,0.0,0.0,0.0,0
11:11:40.330,0.9178294539451599,286.13616943359375,20.0,0.0,0.0,0.0,0
11:11:40.330,0.9178294539451599,286.13616943359375,20.0,0.0,0.0,0.0,0
11:11:40.347,0.9178294539451599,286.13616943359375,20.0,0.0,0.0,0.0,0
11:11:40.357,0.9178294539451599,286.13616943359375,20.0,0.0,0.0,0.0,0
11:11:40.362,0.9178294539451599,286.13616943359375,20.0,0.0,0.0,0.0,0
11:11:40.378,0.9178294539451599,286.13616943359375,20.0,0.0,0.0,0.0,0
11:11:40.378,0.9178294539451599,286.13616943359375,20.0,0.0,0.0,0.0,0
11:11:40.395,0.9178294539451599,286.13616943359375,20.0,0.0,0.0,0.0,0
11:11:40.412,0.9178294539451599,286.13616943359375,20.0,0.0,0.0,0.0,0
11:11:40.412,0.9178294539451599,286.13616943359375,20.0,0.0,0.0,0.0,0
11:11:40.427,0.9178294539451599,286.13616943359375,20.0,0.0,0.0,0.0,0
11:11:40.427,0.9178294539451599,286.13616943359375,20.0,0.0,0.0,0.0,0
11:11:40.443,0.9178294539451599,286.13616943359375,20.0,0.0,0.0,0.0,0
11:11:40.459,0.9178294539451599,286.13616943359375,20.0,0.0,0.0,0.0,0
11:11:40.459,0.9178294539451599,286.13616943359375,20.0,0.0,0.0,0.0,0
11:11:40.477,0.9178294539451599,286.13616943359375,20.0,0.0,0.0,0.0,0
11:11:40.487,0.9178294539451599,286.13616943359375,20.0,0.0,0.0,0.0,0
11:11:40.492,0.9178294539451599,286.13616943359375,20.0,0.0,0.0,0.0,0
11:11:40.508,0.9178294539451599,286.13616943359375,20.0,0.0,0.0,0.0,0
11:11:40.508,0.9178294539451599,286.13616943359375,20.0,0.0,0.0,0.0,0
11:11:40.525,0.9178294539451599,286.13616943359375,20.0,0.0,0.0,0.0,0
11:11:40.542,0.9178294539451599,286.13616943359375,20.0,0.0,0.0,0.0,0
11:11:40.542,0.9178294539451599,286.13616943359375,20.0,0.0,0.0,0.0,0
11:11:40.557,0.9178294539451599,286.13616943359375,20.0,0.0,0.0,0.0,0
11:11:40.557,0.9178294539451599,286.13616943359375,20.0,0.0,0.0,0.0,0
11:11:40.573,0.9178294539451599,286.13616943359375,20.0,0.0,0.0,0.0,0
11:11:40.590,0.9178294539451599,286.13616943359375,20.0,0.0,0.0,0.0,0
11:11:40.590,0.9178294539451599,286.13616943359375,20.0,0.0,0.0,0.0,0
11:11:40.607,0.9178294539451599,286.13616943359375,20.0,0.0,0.0,0.0,0
11:11:40.618,0.9178294539451599,286.13616943359375,20.0,0.0,0.0,0.0,0
11:11:40.622,0.9178294539451599,286.13616943359375,20.0,0.0,0.0,0.0,0
11:11:40.638,0.9178294539451599,286.13616943359375,20.0,0.0,0.0,0.0,0
11:11:40.638,0.9178294539451599,286.13616943359375,20.0,0.0,0.0,0.0,0
11:11:40.654,0.9178294539451599,286.13616943359375,20.0,0.0,0.0,0.0,0
11:11:40.672,0.9178294539451599,286.13616943359375,20.0,0.0,0.0,0.0,0
11:11:40.681,0.9178294539451599,286.13616943359375,20.0,0.0,0.0,0.0,0
11:11:40.687,0.9178294539451599,286.13616943359375,20.0,0.0,0.0,0.0,0
11:11:40.687,0.9178294539451599,286.13616943359375,20.0,0.0,0.0,0.0,0
11:11:40.703,0.9178294539451599,286.13616943359375,20.0,0.0,0.0,0.0,0
11:11:40.719,0.9178294539451599,286.13616943359375,20.0,0.0,0.0,0.0,0
11:11:40.719,0.9178294539451599,286.13616943359375,20.0,0.0,0.0,0.0,0
11:11:40.736,0.9178294539451599,286.13616943359375,20.0,0.0,0.0,0.0,0
11:11:40.746,0.9178294539451599,286.13616943359375,20.0,0.0,0.0,0.0,0
11:11:40.752,0.9178294539451599,286.13616943359375,20.0,0.0,0.0,0.0,0
11:11:40.767,0.9178294539451599,286.13616943359375,20.0,0.0,0.0,0.0,0
11:11:40.767,0.9178294539451599,286.13616943359375,20.0,0.0,0.0,0.0,0
11:11:40.783,0.9178294539451599,286.13616943359375,20.0,0.0,0.0,0.0,0
11:11:40.801,0.9178294539451599,286.13616943359375,20.0,0.0,0.0,0.0,0
11:11:40.801,0.9178294539451599,286.13616943359375,20.0,0.0,0.0,0.0,0
11:11:40.816,0.9178294539451599,286.13616943359375,20.0,0.0,0.0,0.0,0
11:11:40.816,0.9178294539451599,286.13616943359375,20.0,0.0,0.0,0.0,0
11:11:40.832,0.9178294539451599,286.13616943359375,20.0,0.0,0.0,0.0,0
11:11:40.849,0.9178294539451599,286.13616943359375,20.0,0.0,0.0,0.0,0
11:11:40.849,0.9178294539451599,286.13616943359375,20.0,0.0,0.0,0.0,0
11:11:40.866,0.9178294539451599,286.13616943359375,20.0,0.0,0.0,0.0,0
11:11:40.881,0.9178294539451599,286.13616943359375,20.0,0.0,0.0,0.0,0
11:11:40.881,0.9178294539451599,286.13616943359375,20.0,0.0,0.0,0.0,0
11:11:40.898,0.9178294539451599,286.13616943359375,20.0,0.0,0.0,0.0,0
11:11:40.898,0.9178294539451599,286.13616943359375,20.0,0.0,0.0,0.0,0
11:11:40.914,0.9178294539451599,286.13616943359375,20.0,0.0,0.0,0.0,0
11:11:40.931,0.9178294539451599,286.13616943359375,20.0,0.0,0.0,0.0,0
11:11:40.931,0.9178294539451599,286.13616943359375,20.0,0.0,0.0,0.0,0
11:11:40.946,0.9178294539451599,286.13616943359375,20.0,0.0,0.0,0.0,0
11:11:40.946,0.9178294539451599,286.13616943359375,20.0,0.0,0.0,0.0,0
11:11:40.963,0.9178294539451599,286.13616943359375,20.0,0.0,0.0,0.0,0
11:11:40.979,0.9178294539451599,286.13616943359375,20.0,0.0,0.0,0.0,0
11:11:40.979,0.9178294539451599,286.13616943359375,20.0,0.0,0.0,0.0,0
11:11:40.996,0.9178294539451599,286.13616943359375,20.0,0.0,0.0,0.0,0
11:11:41.011,0.9178294539451599,286.13616943359375,20.0,0.0,0.0,0.0,0
11:11:41.011,0.9178294539451599,286.13616943359375,20.0,0.0,0.0,0.0,0
11:11:41.027,0.9178294539451599,286.13616943359375,20.0,0.0,0.0,0.0,0
11:11:41.027,0.9178294539451599,286.13616943359375,20.0,0.0,0.0,0.0,0
11:11:41.043,0.9178294539451599,286.13616943359375,20.0,0.0,0.0,0.0,0
11:11:41.060,0.9178294539451599,286.13616943359375,20.0,0.0,0.0,0.0,0
11:11:41.070,0.9178294539451599,286.13616943359375,20.0,0.0,0.0,0.0,0
11:11:41.075,0.9178294539451599,286.13616943359375,20.0,0.0,0.0,0.0,0
11:11:41.092,0.9178294539451599,286.13616943359375,20.0,0.0,0.0,0.0,0
11:11:41.092,0.9178294539451599,286.13616943359375,20.0,0.0,0.0,0.0,0
11:11:41.107,0.9178294539451599,286.13616943359375,20.0,0.0,0.0,0.0,0
11:11:41.107,0.9178294539451599,286.13616943359375,20.0,0.0,0.0,0.0,0
11:11:41.124,0.9178294539451599,286.13616943359375,20.0,0.0,0.0,0.0,0
11:11:41.139,0.9178294539451599,286.13616943359375,20.0,0.0,0.0,0.0,0
11:11:41.139,0.9178294539451599,286.13616943359375,20.0,0.0,0.0,0.0,0
11:11:41.155,0.9178294539451599,286.13616943359375,20.0,0.0,0.0,0.0,0
11:11:41.171,0.9178294539451599,286.13616943359375,20.0,0.0,0.0,0.0,0
11:11:41.182,0.9178294539451599,286.13616943359375,20.0,0.0,0.0,0.0,0
11:11:41.186,0.9178294539451599,286.13616943359375,20.0,0.0,0.0,0.0,0
11:11:41.187,0.9178294539451599,286.13616943359375,20.0,0.0,0.0,0.0,0
11:11:41.202,0.9178294539451599,286.13616943359375,20.0,0.0,0.0,0.0,0
11:11:41.219,0.9178294539451599,286.13616943359375,20.0,0.0,0.0,0.0,0
11:11:41.219,0.9178294539451599,286.13616943359375,20.0,0.0,0.0,0.0,0
11:11:41.236,0.9178294539451599,286.13616943359375,20.0,0.0,0.0,0.0,0
11:11:41.246,0.9178294539451599,286.13616943359375,20.0,0.0,0.0,0.0,0
11:11:41.251,0.9178294539451599,286.13616943359375,20.0,0.0,0.0,0.0,0
11:11:41.267,0.9178294539451599,286.13616943359375,20.0,0.0,0.0,0.0,0
11:11:41.267,0.9178294539451599,286.13616943359375,20.0,0.0,0.0,0.0,0
11:11:41.284,0.9178294539451599,286.13616943359375,20.0,0.0,0.0,0.0,0
11:11:41.301,0.9178294539451599,286.13616943359375,20.0,0.0,0.0,0.0,0
11:11:41.301,0.9178294539451599,286.13616943359375,20.0,0.0,0.0,0.0,0
11:11:41.316,0.9178294539451599,286.13616943359375,20.0,0.0,0.0,0.0,0
11:11:41.316,0.9178294539451599,286.13616943359375,20.0,0.0,0.0,0.0,0
11:11:41.332,0.9178294539451599,286.13616943359375,20.0,0.0,0.0,0.0,0
11:11:41.347,0.9178294539451599,286.13616943359375,20.0,0.0,0.0,0.0,0
11:11:41.347,0.9178294539451599,286.13616943359375,20.0,0.0,0.0,0.0,0
11:11:41.365,0.9178294539451599,286.13616943359375,20.0,0.0,0.0,0.0,0
11:11:41.380,0.9178294539451599,286.13616943359375,20.0,0.0,0.0,0.0,0
11:11:41.380,0.9178294539451599,286.13616943359375,20.0,0.0,0.0,0.0,0
11:11:41.396,0.9178294539451599,286.13616943359375,20.0,0.0,0.0,0.0,0
11:11:41.396,0.9178294539451599,286.13616943359375,20.0,0.0,0.0,0.0,0
11:11:41.412,0.9178294539451599,286.13616943359375,20.0,0.0,0.0,0.0,0
11:11:41.430,0.9178294539451599,286.13616943359375,20.0,0.0,0.0,0.0,0
11:11:41.430,0.9178294539451599,286.13616943359375,20.0,0.0,0.0,0.0,0
11:11:41.445,0.9178294539451599,286.13616943359375,20.0,0.0,0.0,0.0,0
11:11:41.461,0.9178294539451599,286.13616943359375,20.0,0.0,0.0,0.0,0
11:11:41.461,0.9178294539451599,286.13616943359375,20.0,0.0,0.0,0.0,0
11:11:41.477,0.9178294539451599,286.13616943359375,20.0,0.0,0.0,0.0,0
11:11:41.477,0.9178294539451599,286.13616943359375,20.0,0.0,0.0,0.0,0
11:11:41.495,0.9178294539451599,286.13616943359375,20.0,0.0,0.0,0.0,0
11:11:41.510,0.9178294539451599,286.13616943359375,20.0,0.0,0.0,0.0,0
11:11:41.510,0.9178294539451599,286.13616943359375,20.0,0.0,0.0,0.0,0
11:11:41.526,0.9178294539451599,286.13616943359375,20.0,0.0,0.0,0.0,0
11:11:41.526,0.9178294539451599,286.13616943359375,20.0,0.0,0.0,0.0,0
11:11:41.543,0.9178294539451599,286.13616943359375,20.0,0.0,0.0,0.0,0
11:11:41.559,0.9178294539451599,286.13616943359375,20.0,0.0,0.0,0.0,0
11:11:41.559,0.9178294539451599,286.13616943359375,20.0,0.0,0.0,0.0,0
11:11:41.574,0.9178294539451599,286.13616943359375,20.0,0.0,0.0,0.0,0
11:11:41.591,0.9178294539451599,286.13616943359375,20.0,0.0,0.0,0.0,0
11:11:41.591,0.9178294539451599,286.13616943359375,20.0,0.0,0.0,0.0,0
11:11:41.607,0.9178294539451599,286.13616943359375,20.0,0.0,0.0,0.0,0
11:11:41.607,0.9178294539451599,286.13616943359375,20.0,0.0,0.0,0.0,0
11:11:41.624,0.9178294539451599,286.13616943359375,20.0,0.0,0.0,0.0,0
11:11:41.639,0.9178294539451599,286.13616943359375,20.0,0.0,0.0,0.0,0
11:11:41.640,0.9178294539451599,286.13616943359375,20.0,0.0,0.0,0.0,0
11:11:41.655,0.9178294539451599,286.13616943359375,20.0,0.0,0.0,0.0,0
11:11:41.672,0.9178294539451599,286.13616943359375,20.0,0.0,0.0,0.0,0
11:11:41.672,0.9178294539451599,286.13616943359375,20.0,0.0,0.0,0.0,0
11:11:41.689,0.9178294539451599,286.13616943359375,20.0,0.0,0.0,0.0,0
11:11:41.700,0.9178294539451599,286.13616943359375,20.0,0.0,0.0,0.0,0
11:11:41.707,0.9178294539451599,286.13616943359375,20.0,0.0,0.0,0.0,0
11:11:41.707,0.9178294539451599,286.13616943359375,20.0,0.0,0.0,0.0,0
11:11:41.723,0.9178294539451599,286.13616943359375,20.0,0.0,0.0,0.0,0
11:11:41.740,0.9178294539451599,286.13616943359375,20.0,0.0,0.0,0.0,0
11:11:41.740,0.9178294539451599,286.13616943359375,20.0,0.0,0.0,0.0,0
11:11:41.757,0.9178294539451599,286.13616943359375,20.0,0.0,0.0,0.0,0
11:11:41.773,0.9178294539451599,286.13616943359375,20.0,0.0,0.0,0.0,0
11:11:41.773,0.9178294539451599,286.13616943359375,20.0,0.0,0.0,0.0,0
11:11:41.787,0.9178294539451599,286.13616943359375,20.0,0.0,0.0,0.0,0
11:11:41.787,0.9178294539451599,286.13616943359375,20.0,0.0,0.0,0.0,0
11:11:41.803,0.9178294539451599,286.13616943359375,20.0,0.0,0.0,0.0,0
11:11:41.820,0.9178294539451599,286.13616943359375,20.0,0.0,0.0,0.0,0
11:11:41.820,0.9178294539451599,286.13616943359375,20.0,0.0,0.0,0.0,0
11:11:41.836,0.9178294539451599,286.13616943359375,20.0,0.0,0.0,0.0,0
11:11:41.836,0.9178294539451599,286.13616943359375,20.0,0.0,0.0,0.0,0
11:11:41.852,0.9178294539451599,286.13616943359375,20.0,0.0,0.0,0.0,0
11:11:41.869,0.9178294539451599,286.13616943359375,20.0,0.0,0.0,0.0,0
11:11:41.869,0.9178294539451599,286.13616943359375,20.0,0.0,0.0,0.0,0
11:11:41.886,0.9178294539451599,286.13616943359375,20.0,0.0,0.0,0.0,0
11:11:41.901,0.9178294539451599,286.13616943359375,20.0,0.0,0.0,0.0,0
11:11:41.901,0.9178294539451599,286.13616943359375,20.0,0.0,0.0,0.0,0
11:11:41.917,0.9178294539451599,286.13616943359375,20.0,0.0,0.0,0.0,0
11:11:41.917,0.9178294539451599,286.13616943359375,20.0,0.0,0.0,0.0,0
11:11:41.932,0.9178294539451599,286.13616943359375,20.0,0.0,0.0,0.0,0
11:11:41.950,0.9178294539451599,286.13616943359375,20.0,0.0,0.0,0.0,0
11:11:41.960,0.9178294539451599,286.13616943359375,20.0,0.0,0.0,0.0,0
11:11:41.965,0.9178294539451599,286.13616943359375,20.0,0.0,0.0,0.0,0
11:11:41.982,0.9178294539451599,286.13616943359375,20.0,0.0,0.0,0.0,0
11:11:41.982,0.9178294539451599,286.13616943359375,20.0,0.0,0.0,0.0,0
11:11:41.997,0.9178294539451599,286.13616943359375,20.0,0.0,0.0,0.0,0
11:11:41.997,0.9178294539451599,286.13616943359375,20.0,0.0,0.0,0.0,0
11:11:42.013,0.9178294539451599,286.13616943359375,20.0,0.0,0.0,0.0,0
11:11:42.028,0.9178294539451599,286.13616943359375,20.0,0.0,0.0,0.0,0
11:11:42.028,0.9178294539451599,286.13616943359375,20.0,0.0,0.0,0.0,0
11:11:42.044,0.9178294539451599,286.13616943359375,20.0,0.0,0.0,0.0,0
11:11:42.062,0.9178294539451599,286.13616943359375,20.0,0.0,0.0,0.0,0
11:11:42.074,0.9178294539451599,286.13616943359375,20.0,0.0,0.0,0.0,0
11:11:42.078,0.9178294539451599,286.13616943359375,20.0,0.0,0.0,0.0,0
11:11:42.078,0.9178294539451599,286.13616943359375,20.0,0.0,0.0,0.0,0
11:11:42.094,0.9178294539451599,286.13616943359375,20.0,0.0,0.0,0.0,0
11:11:42.110,0.9178294539451599,286.13616943359375,20.0,0.0,0.0,0.0,0
11:11:42.110,0.9178294539451599,286.13616943359375,20.0,0.0,0.0,0.0,0
11:11:42.127,0.9178294539451599,286.13616943359375,20.0,0.0,0.0,0.0,0
11:11:42.140,0.9178294539451599,286.13616943359375,20.0,0.0,0.0,0.0,0
11:11:42.142,0.9178294539451599,286.13616943359375,20.0,0.0,0.0,0.0,0
11:11:42.158,0.9178294539451599,286.13616943359375,20.0,0.0,0.0,0.0,0
11:11:42.158,0.9178294539451599,286.13616943359375,20.0,0.0,0.0,0.0,0
11:11:42.175,0.9178294539451599,286.13616943359375,20.0,0.0,0.0,0.0,0
11:11:42.192,0.9178294539451599,286.13616943359375,20.0,0.0,0.0,0.0,0
11:11:42.203,0.9178294539451599,286.13616943359375,20.0,0.0,0.0,0.0,0
11:11:42.207,0.9178294539451599,286.13616943359375,20.0,0.0,0.0,0.0,0
11:11:42.207,0.9178294539451599,286.13616943359375,20.0,0.0,0.0,0.0,0
11:11:42.224,0.9178294539451599,286.13616943359375,20.0,0.0,0.0,0.0,0
11:11:42.240,0.9178294539451599,286.13616943359375,20.0,0.0,0.0,0.0,0
11:11:42.240,0.9178294539451599,286.13616943359375,20.0,0.0,0.0,0.0,0
11:11:42.257,0.9178294539451599,286.13616943359375,20.0,0.0,0.0,0.0,0
11:11:42.257,0.9178294539451599,286.13616943359375,20.0,0.0,0.0,0.0,0
11:11:42.272,0.9178294539451599,286.13616943359375,20.0,0.0,0.0,0.0,0
11:11:42.288,0.9178294539451599,286.13616943359375,20.0,0.0,0.0,0.0,0
11:11:42.288,0.9178294539451599,286.13616943359375,20.0,0.0,0.0,0.0,0
11:11:42.304,0.9178294539451599,286.13616943359375,20.0,0.0,0.0,0.0,0
11:11:42.322,0.9178294539451599,286.13616943359375,20.0,0.0,0.0,0.0,0
11:11:42.322,0.9178294539451599,286.13616943359375,20.0,0.0,0.0,0.0,0
11:11:42.336,0.9178294539451599,286.13616943359375,20.0,0.0,0.0,0.0,0
11:11:42.336,0.9178294539451599,286.13616943359375,20.0,0.0,0.0,0.0,0
11:11:42.352,0.9178294539451599,286.13616943359375,20.0,0.0,0.0,0.0,0
11:11:42.369,0.9178294539451599,286.13616943359375,20.0,0.0,0.0,0.0,0
11:11:42.369,0.9178294539451599,286.13616943359375,20.0,0.0,0.0,0.0,0
11:11:42.386,0.9178294539451599,286.13616943359375,20.0,0.0,0.0,0.0,0
11:11:42.397,0.9178294539451599,286.13616943359375,20.0,0.0,0.0,0.0,0
11:11:42.402,0.9178294539451599,286.13616943359375,20.0,0.0,0.0,0.0,0
11:11:42.417,0.9178294539451599,286.13616943359375,20.0,0.0,0.0,0.0,0
11:11:42.417,0.9178294539451599,286.13616943359375,20.0,0.0,0.0,0.0,0
11:11:42.434,0.9178294539451599,286.13616943359375,20.0,0.0,0.0,0.0,0
11:11:42.451,0.9178294539451599,286.13616943359375,20.0,0.0,0.0,0.0,0
11:11:42.451,0.9178294539451599,286.13616943359375,20.0,0.0,0.0,0.0,0
11:11:42.466,0.9178294539451599,286.13616943359375,20.0,0.0,0.0,0.0,0
11:11:42.466,0.9178294539451599,286.13616943359375,20.0,0.0,0.0,0.0,0
11:11:42.483,0.9178294539451599,286.13616943359375,20.0,0.0,0.0,0.0,0
11:11:42.499,0.9178294539451599,286.13616943359375,20.0,0.0,0.0,0.0,0
11:11:42.509,0.9178294539451599,286.13616943359375,20.0,0.0,0.0,0.0,0
11:11:42.515,0.9178294539451599,286.13616943359375,20.0,0.0,0.0,0.0,0
11:11:42.532,0.9178294539451599,286.13616943359375,20.0,0.0,0.0,0.0,0
11:11:42.532,0.9178294539451599,286.13616943359375,20.0,0.0,0.0,0.0,0
11:11:42.547,0.9178294539451599,286.13616943359375,20.0,0.0,0.0,0.0,0
11:11:42.547,0.9178294539451599,286.13616943359375,20.0,0.0,0.0,0.0,0
11:11:42.563,0.9178294539451599,286.13616943359375,20.0,0.0,0.0,0.0,0
11:11:42.578,0.9178294539451599,286.13616943359375,20.0,0.0,0.0,0.0,0
11:11:42.578,0.9178294539451599,286.13616943359375,20.0,0.0,0.0,0.0,0
11:11:42.594,0.9178294539451599,286.13616943359375,20.0,0.0,0.0,0.0,0
11:11:42.610,0.9178294539451599,286.13616943359375,20.0,0.0,0.0,0.0,0
11:11:42.611,0.9178294539451599,286.13616943359375,20.0,0.0,0.0,0.0,0
11:11:42.628,0.9178294539451599,286.13616943359375,20.0,0.0,0.0,0.0,0
11:11:42.628,0.9178294539451599,286.13616943359375,20.0,0.0,0.0,0.0,0
11:11:42.643,0.9178294539451599,286.13616943359375,20.0,0.0,0.0,0.0,0
11:11:42.659,0.9178294539451599,286.13616943359375,20.0,0.0,0.0,0.0,0
11:11:42.660,0.9178294539451599,286.13616943359375,20.0,0.0,0.0,0.0,0
11:11:42.675,0.9178294539451599,286.13616943359375,20.0,0.0,0.0,0.0,0
11:11:42.693,0.9178294539451599,286.13616943359375,20.0,0.0,0.0,0.0,0
11:11:42.693,0.9178294539451599,286.13616943359375,20.0,0.0,0.0,0.0,0
11:11:42.708,0.9178294539451599,286.13616943359375,20.0,0.0,0.0,0.0,0
11:11:42.708,0.9178294539451599,286.13616943359375,20.0,0.0,0.0,0.0,0
11:11:42.723,0.9178294539451599,286.13616943359375,20.0,0.0,0.0,0.0,0
11:11:42.739,0.9178294539451599,286.13616943359375,20.0,0.0,0.0,0.0,0
11:11:42.739,0.9178294539451599,286.13616943359375,20.0,0.0,0.0,0.0,0
11:11:42.757,0.9178294539451599,286.13616943359375,20.0,0.0,0.0,0.0,0
11:11:42.772,0.9178294539451599,286.13616943359375,20.0,0.0,0.0,0.0,0
11:11:42.772,0.9178294539451599,286.13616943359375,20.0,0.0,0.0,0.0,0
11:11:42.787,0.9178294539451599,286.13616943359375,20.0,0.0,0.0,0.0,0
11:11:42.787,0.9178294539451599,286.13616943359375,20.0,0.0,0.0,0.0,0
11:11:42.802,0.9178294539451599,286.13616943359375,20.0,0.0,0.0,0.0,0
11:11:42.820,0.9178294539451599,286.13616943359375,20.0,0.0,0.0,0.0,0
11:11:42.820,0.9178294539451599,286.13616943359375,20.0,0.0,0.0,0.0,0
11:11:42.835,0.9178294539451599,286.13616943359375,20.0,0.0,0.0,0.0,0
11:11:42.852,0.9178294539451599,286.13616943359375,20.0,0.0,0.0,0.0,0
11:11:42.852,0.9178294539451599,286.13616943359375,20.0,0.0,0.0,0.0,0
11:11:42.867,0.9178294539451599,286.13616943359375,20.0,0.0,0.0,0.0,0
11:11:42.868,0.9178294539451599,286.13616943359375,20.0,0.0,0.0,0.0,0
11:11:42.885,0.9178294539451599,286.13616943359375,20.0,0.0,0.0,0.0,0
11:11:42.900,0.9178294539451599,286.13616943359375,20.0,0.0,0.0,0.0,0
11:11:42.900,0.9178294539451599,286.13616943359375,20.0,0.0,0.0,0.0,0
11:11:42.916,0.9178294539451599,286.13616943359375,20.0,0.0,0.0,0.0,0
11:11:42.916,0.9178294539451599,286.13616943359375,20.0,0.0,0.0,0.0,0
11:11:42.932,0.9178294539451599,286.13616943359375,20.0,0.0,0.0,0.0,0
11:11:42.949,0.9178294539451599,286.13616943359375,20.0,0.0,0.0,0.0,0
11:11:42.959,0.9178294539451599,286.13616943359375,20.0,0.0,0.0,0.0,0
11:11:42.965,0.9178294539451599,286.13616943359375,20.0,0.0,0.0,0.0,0
11:11:42.981,0.9178294539451599,286.13616943359375,20.0,0.0,0.0,0.0,0
11:11:42.981,0.9178294539451599,286.13616943359375,20.0,0.0,0.0,0.0,0
11:11:42.998,0.9178294539451599,286.13616943359375,20.0,0.0,0.0,0.0,0
11:11:42.998,0.9178294539451599,286.13616943359375,20.0,0.0,0.0,0.0,0
11:11:43.013,0.9178294539451599,286.13616943359375,20.0,0.0,0.0,0.0,0
11:11:43.028,0.9178294539451599,286.13616943359375,20.0,0.0,0.0,0.0,0
11:11:43.028,0.9178294539451599,286.13616943359375,20.0,0.0,0.0,0.0,0
11:11:43.044,0.9178294539451599,286.13616943359375,20.0,0.0,0.0,0.0,0
11:11:43.062,0.9178294539451599,286.13616943359375,20.0,0.0,0.0,0.0,0
11:11:43.062,0.9178294539451599,286.13616943359375,20.0,0.0,0.0,0.0,0
11:11:43.076,0.9178294539451599,286.13616943359375,20.0,0.0,0.0,0.0,0
11:11:43.076,0.9178294539451599,286.13616943359375,20.0,0.0,0.0,0.0,0
11:11:43.093,0.9178294539451599,286.13616943359375,20.0,0.0,0.0,0.0,0
11:11:43.109,0.9178294539451599,286.13616943359375,20.0,0.0,0.0,0.0,0
11:11:43.109,0.9178294539451599,286.13616943359375,20.0,0.0,0.0,0.0,0
11:11:43.127,0.9178294539451599,286.13616943359375,20.0,0.0,0.0,0.0,0
11:11:43.138,0.9178294539451599,286.13616943359375,20.0,0.0,0.0,0.0,0
11:11:43.142,0.9178294539451599,286.13616943359375,20.0,0.0,0.0,0.0,0
11:11:43.158,0.9178294539451599,286.13616943359375,20.0,0.0,0.0,0.0,0
11:11:43.159,0.9178294539451599,286.13616943359375,20.0,0.0,0.0,0.0,0
11:11:43.175,0.9178294539451599,286.13616943359375,20.0,0.0,0.0,0.0,0
11:11:43.192,0.9178294539451599,286.13616943359375,20.0,0.0,0.0,0.0,0
11:11:43.192,0.9178294539451599,286.13616943359375,20.0,0.0,0.0,0.0,0
11:11:43.207,0.9178294539451599,286.13616943359375,20.0,0.0,0.0,0.0,0
11:11:43.207,0.9178294539451599,286.13616943359375,20.0,0.0,0.0,0.0,0
11:11:43.223,0.9178294539451599,286.13616943359375,20.0,0.0,0.0,0.0,0
11:11:43.239,0.9178294539451599,286.13616943359375,20.0,0.0,0.0,0.0,0
11:11:43.239,0.9178294539451599,286.13616943359375,20.0,0.0,0.0,0.0,0
11:11:43.256,0.9178294539451599,286.13616943359375,20.0,0.0,0.0,0.0,0
11:11:43.271,0.9178294539451599,286.13616943359375,20.0,0.0,0.0,0.0,0
11:11:43.271,0.9178294539451599,286.13616943359375,20.0,0.0,0.0,0.0,0
11:11:43.287,0.9178294539451599,286.13616943359375,20.0,0.0,0.0,0.0,0
11:11:43.287,0.9178294539451599,286.13616943359375,20.0,0.0,0.0,0.0,0
11:11:43.302,0.9178294539451599,286.13616943359375,20.0,0.0,0.0,0.0,0
11:11:43.319,0.9178294539451599,286.13616943359375,20.0,0.0,0.0,0.0,0
11:11:43.319,0.9178294539451599,286.13616943359375,20.0,0.0,0.0,0.0,0
11:11:43.335,0.9178294539451599,286.13616943359375,20.0,0.0,0.0,0.0,0
11:11:43.351,0.9178294539451599,286.13616943359375,20.0,0.0,0.0,0.0,0
11:11:43.351,0.9178294539451599,286.13616943359375,20.0,0.0,0.0,0.0,0
11:11:43.367,0.9178294539451599,286.13616943359375,20.0,0.0,0.0,0.0,0
11:11:43.367,0.9178294539451599,286.13616943359375,20.0,0.0,0.0,0.0,0
11:11:43.385,0.9178294539451599,286.13616943359375,20.0,0.0,0.0,0.0,0
11:11:43.399,0.9178294539451599,286.13616943359375,20.0,0.0,0.0,0.0,0
11:11:43.399,0.9178294539451599,286.13616943359375,20.0,0.0,0.0,0.0,0
11:11:43.416,0.9178294539451599,286.13616943359375,20.0,0.0,0.0,0.0,0
11:11:43.416,0.9178294539451599,286.13616943359375,20.0,0.0,0.0,0.0,0
11:11:43.432,0.9178294539451599,286.13616943359375,20.0,0.0,0.0,0.0,0
11:11:43.450,0.9178294539451599,286.13616943359375,20.0,0.0,0.0,0.0,0
11:11:43.464,0.9178294539451599,286.13616943359375,20.0,0.0,0.0,0.0,0
11:11:43.464,0.9178294539451599,286.13616943359375,20.0,0.0,0.0,0.0,0
11:11:43.480,0.9178294539451599,286.13616943359375,20.0,0.0,0.0,0.0,0
11:11:43.480,0.9178294539451599,286.13616943359375,20.0,0.0,0.0,0.0,0
11:11:43.496,0.9178294539451599,286.13616943359375,20.0,0.0,0.0,0.0,0
11:11:43.496,0.9178294539451599,286.13616943359375,20.0,0.0,0.0,0.0,0
11:11:43.514,0.9178294539451599,286.13616943359375,20.0,0.0,0.0,0.0,0
11:11:43.528,0.9178294539451599,286.13616943359375,20.0,0.0,0.0,0.0,0
11:11:43.528,0.9178294539451599,286.13616943359375,20.0,0.0,0.0,0.0,0
11:11:43.545,0.9178294539451599,286.13616943359375,20.0,0.0,0.0,0.0,0
11:11:43.562,0.9178294539451599,286.13616943359375,20.0,0.0,0.0,0.0,0
11:11:43.573,0.9178294539451599,286.13616943359375,20.0,0.0,0.0,0.0,0
11:11:43.577,0.9178294539451599,286.13616943359375,20.0,0.0,0.0,0.0,0
11:11:43.577,0.9178294539451599,286.13616943359375,20.0,0.0,0.0,0.0,0
11:11:43.593,0.9178294539451599,286.13616943359375,20.0,0.0,0.0,0.0,0
11:11:43.609,0.9178294539451599,286.13616943359375,20.0,0.0,0.0,0.0,0
11:11:43.609,0.9178294539451599,286.13616943359375,20.0,0.0,0.0,0.0,0
11:11:43.626,0.9178294539451599,286.13616943359375,20.0,0.0,0.0,0.0,0
11:11:43.637,0.9178294539451599,286.13616943359375,20.0,0.0,0.0,0.0,0
11:11:43.642,0.9178294539451599,286.13616943359375,20.0,0.0,0.0,0.0,0
11:11:43.657,0.9178294539451599,286.13616943359375,20.0,0.0,0.0,0.0,0
11:11:43.657,0.9178294539451599,286.13616943359375,20.0,0.0,0.0,0.0,0
11:11:43.673,0.9178294539451599,286.13616943359375,20.0,0.0,0.0,0.0,0
11:11:43.691,0.9178294539451599,286.13616943359375,20.0,0.0,0.0,0.0,0
11:11:43.703,0.9178294539451599,286.13616943359375,20.0,0.0,0.0,0.0,0
11:11:43.706,0.9178294539451599,286.13616943359375,20.0,0.0,0.0,0.0,0
11:11:43.706,0.9178294539451599,286.13616943359375,20.0,0.0,0.0,0.0,0
11:11:43.721,0.9178294539451599,286.13616943359375,20.0,0.0,0.0,0.0,0
11:11:43.737,0.9178294539451599,286.13616943359375,20.0,0.0,0.0,0.0,0
11:11:43.737,0.9178294539451599,286.13616943359375,20.0,0.0,0.0,0.0,0
11:11:43.753,0.9178294539451599,286.13616943359375,20.0,0.0,0.0,0.0,0
11:11:43.768,0.9178294539451599,286.13616943359375,20.0,0.0,0.0,0.0,0
11:11:43.768,0.9178294539451599,286.13616943359375,20.0,0.0,0.0,0.0,0
11:11:43.785,0.9178294539451599,286.13616943359375,20.0,0.0,0.0,0.0,0
11:11:43.801,0.9178294539451599,286.13616943359375,20.0,0.0,0.0,0.0,0
11:11:43.801,0.9178294539451599,286.13616943359375,20.0,0.0,0.0,0.0,0
11:11:43.818,0.9178294539451599,286.13616943359375,20.0,0.0,0.0,0.0,0
11:11:43.828,0.9178294539451599,286.13616943359375,20.0,0.0,0.0,0.0,0
11:11:43.833,0.9178294539451599,286.13616943359375,20.0,0.0,0.0,0.0,0
11:11:43.849,0.9178294539451599,286.13616943359375,20.0,0.0,0.0,0.0,0
11:11:43.850,0.9178294539451599,286.13616943359375,20.0,0.0,0.0,0.0,0
11:11:43.866,0.9178294539451599,286.13616943359375,20.0,0.0,0.0,0.0,0
11:11:43.866,0.9178294539451599,286.13616943359375,20.0,0.0,0.0,0.0,0
11:11:43.883,0.9178294539451599,286.13616943359375,20.0,0.0,0.0,0.0,0
11:11:43.899,0.9178294539451599,286.13616943359375,20.0,0.0,0.0,0.0,0
11:11:43.899,0.9178294539451599,286.13616943359375,20.0,0.0,0.0,0.0,0
11:11:43.914,0.9178294539451599,286.13616943359375,20.0,0.0,0.0,0.0,0
11:11:43.931,0.9178294539451599,286.13616943359375,20.0,0.0,0.0,0.0,0
11:11:43.931,0.9178294539451599,286.13616943359375,20.0,0.0,0.0,0.0,0
11:11:43.949,0.9178294539451599,286.13616943359375,20.0,0.0,0.0,0.0,0
11:11:43.949,0.9178294539451599,286.13616943359375,20.0,0.0,0.0,0.0,0
11:11:43.963,0.9178294539451599,286.13616943359375,20.0,0.0,0.0,0.0,0
11:11:43.979,0.9178294539451599,286.13616943359375,20.0,0.0,0.0,0.0,0
11:11:43.979,0.9178294539451599,286.13616943359375,20.0,0.0,0.0,0.0,0
11:11:43.996,0.9178294539451599,286.13616943359375,20.0,0.0,0.0,0.0,0
11:11:43.996,0.9178294539451599,286.13616943359375,20.0,0.0,0.0,0.0,0
11:11:44.013,0.9178294539451599,286.13616943359375,20.0,0.0,0.0,0.0,0
11:11:44.027,0.9178294539451599,286.13616943359375,20.0,0.0,0.0,0.0,0
11:11:44.027,0.9178294539451599,286.13616943359375,20.0,0.0,0.0,0.0,0
11:11:44.044,0.9178294539451599,286.13616943359375,20.0,0.0,0.0,0.0,0
11:11:44.060,0.9178294539451599,286.13616943359375,20.0,0.0,0.0,0.0,0
11:11:44.060,0.9178294539451599,286.13616943359375,20.0,0.0,0.0,0.0,0
11:11:44.078,0.9178294539451599,286.13616943359375,20.0,0.0,0.0,0.0,0
11:11:44.089,0.9178294539451599,286.13616943359375,20.0,0.0,0.0,0.0,0
11:11:44.094,0.9178294539451599,286.13616943359375,20.0,0.0,0.0,0.0,0
11:11:44.111,0.9178294539451599,286.13616943359375,20.0,0.0,0.0,0.0,0
11:11:44.111,0.9178294539451599,286.13616943359375,20.0,0.0,0.0,0.0,0
11:11:44.128,0.9178294539451599,286.13616943359375,20.0,0.0,0.0,0.0,0
11:11:44.129,0.9178294539451599,286.13616943359375,20.0,0.0,0.0,0.0,0
11:11:44.144,0.9178294539451599,286.13616943359375,20.0,0.0,0.0,0.0,0
11:11:44.160,0.9178294539451599,286.13616943359375,20.0,0.0,0.0,0.0,0
11:11:44.160,0.9178294539451599,286.13616943359375,20.0,0.0,0.0,0.0,0
11:11:44.176,0.9178294539451599,286.13616943359375,20.0,0.0,0.0,0.0,0
11:11:44.176,0.9178294539451599,286.13616943359375,20.0,0.0,0.0,0.0,0
11:11:44.193,0.9178294539451599,286.13616943359375,20.0,0.0,0.0,0.0,0
11:11:44.209,0.9178294539451599,286.13616943359375,20.0,0.0,0.0,0.0,0
11:11:44.209,0.9178294539451599,286.13616943359375,20.0,0.0,0.0,0.0,0
11:11:44.225,0.9178294539451599,286.13616943359375,20.0,0.0,0.0,0.0,0
11:11:44.241,0.9178294539451599,286.13616943359375,20.0,0.0,0.0,0.0,0
11:11:44.241,0.9178294539451599,286.13616943359375,20.0,0.0,0.0,0.0,0
11:11:44.258,0.9178294539451599,286.13616943359375,20.0,0.0,0.0,0.0,0
11:11:44.268,0.9178294539451599,286.13616943359375,20.0,0.0,0.0,0.0,0
11:11:44.273,0.9178294539451599,286.13616943359375,20.0,0.0,0.0,0.0,0
11:11:44.290,0.9178294539451599,286.13616943359375,20.0,0.0,0.0,0.0,0
11:11:44.290,0.9178294539451599,286.13616943359375,20.0,0.0,0.0,0.0,0
11:11:44.306,0.9178294539451599,286.13616943359375,20.0,0.0,0.0,0.0,0
11:11:44.306,0.9178294539451599,286.13616943359375,20.0,0.0,0.0,0.0,0
11:11:44.324,0.9178294539451599,286.13616943359375,20.0,0.0,0.0,0.0,0
11:11:44.339,0.9178294539451599,286.13616943359375,20.0,0.0,0.0,0.0,0
11:11:44.339,0.9178294539451599,286.13616943359375,20.0,0.0,0.0,0.0,0
11:11:44.355,0.9178294539451599,286.13616943359375,20.0,0.0,0.0,0.0,0
11:11:44.371,0.9178294539451599,286.13616943359375,20.0,0.0,0.0,0.0,0
11:11:44.371,0.9178294539451599,286.13616943359375,20.0,0.0,0.0,0.0,0
11:11:44.388,0.9178294539451599,286.13616943359375,20.0,0.0,0.0,0.0,0
11:11:44.401,0.9178294539451599,286.13616943359375,20.0,0.0,0.0,0.0,0
11:11:44.408,0.9178294539451599,286.13616943359375,20.0,0.0,0.0,0.0,0
11:11:44.408,0.9178294539451599,286.13616943359375,20.0,0.0,0.0,0.0,0
11:11:44.424,0.9178294539451599,286.13616943359375,20.0,0.0,0.0,0.0,0
11:11:44.442,0.9178294539451599,286.13616943359375,20.0,0.0,0.0,0.0,0
11:11:44.442,0.9178294539451599,286.13616943359375,20.0,0.0,0.0,0.0,0
11:11:44.457,0.9178294539451599,286.13616943359375,20.0,0.0,0.0,0.0,0
11:11:44.457,0.9178294539451599,286.13616943359375,20.0,0.0,0.0,0.0,0
11:11:44.473,0.9178294539451599,286.13616943359375,20.0,0.0,0.0,0.0,0
11:11:44.489,0.9178294539451599,286.13616943359375,20.0,0.0,0.0,0.0,0
11:11:44.489,0.9178294539451599,286.13616943359375,20.0,0.0,0.0,0.0,0
11:11:44.507,0.9178294539451599,286.13616943359375,20.0,0.0,0.0,0.0,0
11:11:44.517,0.9178294539451599,286.13616943359375,20.0,0.0,0.0,0.0,0
11:11:44.521,0.9178294539451599,286.13616943359375,20.0,0.0,0.0,0.0,0
11:11:44.538,0.9178294539451599,286.13616943359375,20.0,0.0,0.0,0.0,0
11:11:44.538,0.9178294539451599,286.13616943359375,20.0,0.0,0.0,0.0,0
11:11:44.553,0.9178294539451599,286.13616943359375,20.0,0.0,0.0,0.0,0
11:11:44.570,0.9178294539451599,286.13616943359375,20.0,0.0,0.0,0.0,0
11:11:44.582,0.9178294539451599,286.13616943359375,20.0,0.0,0.0,0.0,0
11:11:44.585,0.9178294539451599,286.13616943359375,20.0,0.0,0.0,0.0,0
11:11:44.585,0.9178294539451599,286.13616943359375,20.0,0.0,0.0,0.0,0
11:11:44.602,0.9178294539451599,286.13616943359375,20.0,0.0,0.0,0.0,0
11:11:44.617,0.9178294539451599,286.13616943359375,20.0,0.0,0.0,0.0,0
11:11:44.617,0.9178294539451599,286.13616943359375,20.0,0.0,0.0,0.0,0
11:11:44.634,0.9178294539451599,286.13616943359375,20.0,0.0,0.0,0.0,0
11:11:44.648,0.9178294539451599,286.13616943359375,20.0,0.0,0.0,0.0,0
11:11:44.648,0.9178294539451599,286.13616943359375,20.0,0.0,0.0,0.0,0
11:11:44.665,0.9178294539451599,286.13616943359375,20.0,0.0,0.0,0.0,0
11:11:44.681,0.9178294539451599,286.13616943359375,20.0,0.0,0.0,0.0,0
11:11:44.681,0.9178294539451599,286.13616943359375,20.0,0.0,0.0,0.0,0
11:11:44.698,0.9178294539451599,286.13616943359375,20.0,0.0,0.0,0.0,0
11:11:44.698,0.9178294539451599,286.13616943359375,20.0,0.0,0.0,0.0,0
11:11:44.713,0.9178294539451599,286.13616943359375,20.0,0.0,0.0,0.0,0
11:11:44.730,0.9178294539451599,286.13616943359375,20.0,0.0,0.0,0.0,0
11:11:44.730,0.9178294539451599,286.13616943359375,20.0,0.0,0.0,0.0,0
11:11:44.746,0.9178294539451599,286.13616943359375,20.0,0.0,0.0,0.0,0
11:11:44.746,0.9178294539451599,286.13616943359375,20.0,0.0,0.0,0.0,0
11:11:44.764,0.9178294539451599,286.13616943359375,20.0,0.0,0.0,0.0,0
11:11:44.779,0.9178294539451599,286.13616943359375,20.0,0.0,0.0,0.0,0
11:11:44.779,0.9178294539451599,286.13616943359375,20.0,0.0,0.0,0.0,0
11:11:44.795,0.9178294539451599,286.13616943359375,20.0,0.0,0.0,0.0,0
11:11:44.812,0.9178294539451599,286.13616943359375,20.0,0.0,0.0,0.0,0
11:11:44.812,0.9178294539451599,286.13616943359375,20.0,0.0,0.0,0.0,0
11:11:44.827,0.9178294539451599,286.13616943359375,20.0,0.0,0.0,0.0,0
11:11:44.827,0.9178294539451599,286.13616943359375,20.0,0.0,0.0,0.0,0
11:11:44.843,0.9178294539451599,286.13616943359375,20.0,0.0,0.0,0.0,0
11:11:44.860,0.9178294539451599,286.13616943359375,20.0,0.0,0.0,0.0,0
11:11:44.860,0.9178294539451599,286.13616943359375,20.0,0.0,0.0,0.0,0
11:11:44.877,0.9178294539451599,286.13616943359375,20.0,0.0,0.0,0.0,0
11:11:44.877,0.9178294539451599,286.13616943359375,20.0,0.0,0.0,0.0,0
11:11:44.892,0.9178294539451599,286.13616943359375,20.0,0.0,0.0,0.0,0
11:11:44.909,0.9178294539451599,286.13616943359375,20.0,0.0,0.0,0.0,0
11:11:44.909,0.9178294539451599,286.13616943359375,20.0,0.0,0.0,0.0,0
11:11:44.925,0.9178294539451599,286.13616943359375,20.0,0.0,0.0,0.0,0
11:11:44.942,0.9178294539451599,286.13616943359375,20.0,0.0,0.0,0.0,0
11:11:44.957,0.9178294539451599,286.13616943359375,20.0,0.0,0.0,0.0,0
11:11:44.957,0.9178294539451599,286.13616943359375,20.0,0.0,0.0,0.0,0
11:11:44.957,0.9178294539451599,286.13616943359375,20.0,0.0,0.0,0.0,0
11:11:44.973,0.9178294539451599,286.13616943359375,20.0,0.0,0.0,0.0,0
11:11:44.989,0.9178294539451599,286.13616943359375,20.0,0.0,0.0,0.0,0
11:11:44.989,0.9178294539451599,286.13616943359375,20.0,0.0,0.0,0.0,0
11:11:45.006,0.9178294539451599,286.13616943359375,20.0,0.0,0.0,0.0,0
11:11:45.021,0.9178294539451599,286.13616943359375,20.0,0.0,0.0,0.0,0
11:11:45.022,0.9178294539451599,286.13616943359375,20.0,0.0,0.0,0.0,0
11:11:45.037,0.9178294539451599,286.13616943359375,20.0,0.0,0.0,0.0,0
11:11:45.037,0.9178294539451599,286.13616943359375,20.0,0.0,0.0,0.0,0
11:11:45.053,0.9178294539451599,286.13616943359375,20.0,0.0,0.0,0.0,0
11:11:45.070,0.9178294539451599,286.13616943359375,20.0,0.0,0.0,0.0,0
11:11:45.070,0.9178294539451599,286.13616943359375,20.0,0.0,0.0,0.0,0
11:11:45.085,0.9178294539451599,286.13616943359375,20.0,0.0,0.0,0.0,0
11:11:45.101,0.9178294539451599,286.13616943359375,20.0,0.0,0.0,0.0,0
11:11:45.101,0.9178294539451599,286.13616943359375,20.0,0.0,0.0,0.0,0
11:11:45.117,0.9178294539451599,286.13616943359375,20.0,0.0,0.0,0.0,0
11:11:45.117,0.9178294539451599,286.13616943359375,20.0,0.0,0.0,0.0,0
11:11:45.135,0.9178294539451599,286.13616943359375,20.0,0.0,0.0,0.0,0
11:11:45.150,0.9178294539451599,286.13616943359375,20.0,0.0,0.0,0.0,0
11:11:45.150,0.9178294539451599,286.13616943359375,20.0,0.0,0.0,0.0,0
11:11:45.166,0.9178294539451599,286.13616943359375,20.0,0.0,0.0,0.0,0
11:11:45.166,0.9178294539451599,286.13616943359375,20.0,0.0,0.0,0.0,0
11:11:45.182,0.9178294539451599,286.13616943359375,20.0,0.0,0.0,0.0,0
11:11:45.200,0.9178294539451599,286.13616943359375,20.0,0.0,0.0,0.0,0
11:11:45.200,0.9178294539451599,286.13616943359375,20.0,0.0,0.0,0.0,0
11:11:45.215,0.9178294539451599,286.13616943359375,20.0,0.0,0.0,0.0,0
11:11:45.232,0.9178294539451599,286.13616943359375,20.0,0.0,0.0,0.0,0
11:11:45.232,0.9178294539451599,286.13616943359375,20.0,0.0,0.0,0.0,0
11:11:45.247,0.9178294539451599,286.13616943359375,20.0,0.0,0.0,0.0,0
11:11:45.247,0.9178294539451599,286.13616943359375,20.0,0.0,0.0,0.0,0
11:11:45.265,0.9178294539451599,286.13616943359375,20.0,0.0,0.0,0.0,0
11:11:45.280,0.9178294539451599,286.13616943359375,20.0,0.0,0.0,0.0,0
11:11:45.280,0.9178294539451599,286.13616943359375,20.0,0.0,0.0,0.0,0
11:11:45.296,0.9178294539451599,286.13616943359375,20.0,0.0,0.0,0.0,0
11:11:45.296,0.9178294539451599,286.13616943359375,20.0,0.0,0.0,0.0,0
11:11:45.312,0.9178294539451599,286.13616943359375,20.0,0.0,0.0,0.0,0
11:11:45.329,0.9178294539451599,286.13616943359375,20.0,0.0,0.0,0.0,0
11:11:45.329,0.9178294539451599,286.13616943359375,20.0,0.0,0.0,0.0,0
11:11:45.344,0.9178294539451599,286.13616943359375,20.0,0.0,0.0,0.0,0
11:11:45.360,0.9178294539451599,286.13616943359375,20.0,0.0,0.0,0.0,0
11:11:45.360,0.9178294539451599,286.13616943359375,20.0,0.0,0.0,0.0,0
11:11:45.377,0.9178294539451599,286.13616943359375,20.0,0.0,0.0,0.0,0
11:11:45.377,0.9178294539451599,286.13616943359375,20.0,0.0,0.0,0.0,0
11:11:45.395,0.9178294539451599,286.13616943359375,20.0,0.0,0.0,0.0,0
11:11:45.411,0.9178294539451599,286.13616943359375,20.0,0.0,0.0,0.0,0
11:11:45.411,0.9178294539451599,286.13616943359375,20.0,0.0,0.0,0.0,0
11:11:45.426,0.9178294539451599,286.13616943359375,20.0,0.0,0.0,0.0,0
11:11:45.426,0.9178294539451599,286.13616943359375,20.0,0.0,0.0,0.0,0
11:11:45.442,0.9178294539451599,286.13616943359375,20.0,0.0,0.0,0.0,0
11:11:45.459,0.9178294539451599,286.13616943359375,20.0,0.0,0.0,0.0,0
11:11:45.473,0.9178294539451599,286.13616943359375,20.0,0.0,0.0,0.0,0
11:11:45.474,0.9178294539451599,286.13616943359375,20.0,0.0,0.0,0.0,0
11:11:45.491,0.9178294539451599,286.13616943359375,20.0,0.0,0.0,0.0,0
11:11:45.491,0.9178294539451599,286.13616943359375,20.0,0.0,0.0,0.0,0
11:11:45.507,0.9178294539451599,286.13616943359375,20.0,0.0,0.0,0.0,0
11:11:45.507,0.9178294539451599,286.13616943359375,20.0,0.0,0.0,0.0,0
11:11:45.524,0.9178294539451599,286.13616943359375,20.0,0.0,0.0,0.0,0
11:11:45.539,0.9178294539451599,286.13616943359375,20.0,0.0,0.0,0.0,0
11:11:45.539,0.9178294539451599,286.13616943359375,20.0,0.0,0.0,0.0,0
11:11:45.556,0.9178294539451599,286.13616943359375,20.0,0.0,0.0,0.0,0
11:11:45.556,0.9178294539451599,286.13616943359375,20.0,0.0,0.0,0.0,0
11:11:45.571,0.9178294539451599,286.13616943359375,20.0,0.0,0.0,0.0,0
11:11:45.589,0.9178294539451599,286.13616943359375,20.0,0.0,0.0,0.0,0
11:11:45.599,0.9178294539451599,286.13616943359375,20.0,0.0,0.0,0.0,0
11:11:45.603,0.9178294539451599,286.13616943359375,20.0,0.0,0.0,0.0,0
11:11:45.620,0.9178294539451599,286.13616943359375,20.0,0.0,0.0,0.0,0
11:11:45.620,0.9178294539451599,286.13616943359375,20.0,0.0,0.0,0.0,0
11:11:45.636,0.9178294539451599,286.13616943359375,20.0,0.0,0.0,0.0,0
11:11:45.636,0.9178294539451599,286.13616943359375,20.0,0.0,0.0,0.0,0
11:11:45.653,0.9178294539451599,286.13616943359375,20.0,0.0,0.0,0.0,0
11:11:45.668,0.9178294539451599,286.13616943359375,20.0,0.0,0.0,0.0,0
11:11:45.668,0.9178294539451599,286.13616943359375,20.0,0.0,0.0,0.0,0
11:11:45.684,0.9178294539451599,286.13616943359375,20.0,0.0,0.0,0.0,0
11:11:45.700,0.9178294539451599,286.13616943359375,20.0,0.0,0.0,0.0,0
11:11:45.700,0.9178294539451599,286.13616943359375,20.0,0.0,0.0,0.0,0
11:11:45.718,0.9178294539451599,286.13616943359375,20.0,0.0,0.0,0.0,0
11:11:45.718,0.9178294539451599,286.13616943359375,20.0,0.0,0.0,0.0,0
11:11:45.733,0.9178294539451599,286.13616943359375,20.0,0.0,0.0,0.0,0
11:11:45.748,0.9178294539451599,286.13616943359375,20.0,0.0,0.0,0.0,0
11:11:45.748,0.9178294539451599,286.13616943359375,20.0,0.0,0.0,0.0,0
11:11:45.766,0.9178294539451599,286.13616943359375,20.0,0.0,0.0,0.0,0
11:11:45.776,0.9178294539451599,286.13616943359375,20.0,0.0,0.0,0.0,0
11:11:45.781,0.9178294539451599,286.13616943359375,20.0,0.0,0.0,0.0,0
11:11:45.798,0.9178294539451599,286.13616943359375,20.0,0.0,0.0,0.0,0
11:11:45.798,0.9178294539451599,286.13616943359375,20.0,0.0,0.0,0.0,0
11:11:45.814,0.9178294539451599,286.13616943359375,20.0,0.0,0.0,0.0,0
11:11:45.831,0.9178294539451599,286.13616943359375,20.0,0.0,0.0,0.0,0
11:11:45.831,0.9178294539451599,286.13616943359375,20.0,0.0,0.0,0.0,0
11:11:45.846,0.9178294539451599,286.13616943359375,20.0,0.0,0.0,0.0,0
11:11:45.846,0.9178294539451599,286.13616943359375,20.0,0.0,0.0,0.0,0
11:11:45.863,0.9178294539451599,286.13616943359375,20.0,0.0,0.0,0.0,0
11:11:45.879,0.9178294539451599,286.13616943359375,20.0,0.0,0.0,0.0,0
11:11:45.879,0.9178294539451599,286.13616943359375,20.0,0.0,0.0,0.0,0
11:11:45.897,0.9178294539451599,286.13616943359375,20.0,0.0,0.0,0.0,0
11:11:45.907,0.9178294539451599,286.13616943359375,20.0,0.0,0.0,0.0,0
11:11:45.912,0.9178294539451599,286.13616943359375,20.0,0.0,0.0,0.0,0
11:11:45.927,0.9178294539451599,286.13616943359375,20.0,0.0,0.0,0.0,0
11:11:45.927,0.9178294539451599,286.13616943359375,20.0,0.0,0.0,0.0,0
11:11:45.944,0.9178294539451599,286.13616943359375,20.0,0.0,0.0,0.0,0
11:11:45.961,0.9178294539451599,286.13616943359375,20.0,0.0,0.0,0.0,0
11:11:45.971,0.9178294539451599,286.13616943359375,20.0,0.0,0.0,0.0,0
11:11:45.976,0.9178294539451599,286.13616943359375,20.0,0.0,0.0,0.0,0
11:11:45.976,0.9178294539451599,286.13616943359375,20.0,0.0,0.0,0.0,0
11:11:45.992,0.9178294539451599,286.13616943359375,20.0,0.0,0.0,0.0,0
11:11:46.007,0.9178294539451599,286.13616943359375,20.0,0.0,0.0,0.0,0
11:11:46.007,0.9178294539451599,286.13616943359375,20.0,0.0,0.0,0.0,0
11:11:46.025,0.9178294539451599,286.13616943359375,20.0,0.0,0.0,0.0,0
11:11:46.039,0.9178294539451599,286.13616943359375,20.0,0.0,0.0,0.0,0
11:11:46.039,0.9178294539451599,286.13616943359375,20.0,0.0,0.0,0.0,0
11:11:46.055,0.9178294539451599,286.13616943359375,20.0,0.0,0.0,0.0,0
11:11:46.071,0.9178294539451599,286.13616943359375,20.0,0.0,0.0,0.0,0
11:11:46.072,0.9178294539451599,286.13616943359375,20.0,0.0,0.0,0.0,0
11:11:46.088,0.9178294539451599,286.13616943359375,20.0,0.0,0.0,0.0,0
11:11:46.098,0.9178294539451599,286.13616943359375,20.0,0.0,0.0,0.0,0
11:11:46.103,0.9178294539451599,286.13616943359375,20.0,0.0,0.0,0.0,0
11:11:46.119,0.9178294539451599,286.13616943359375,20.0,0.0,0.0,0.0,0
11:11:46.119,0.9178294539451599,286.13616943359375,20.0,0.0,0.0,0.0,0
11:11:46.136,0.9178294539451599,286.13616943359375,20.0,0.0,0.0,0.0,0
11:11:46.136,0.9178294539451599,286.13616943359375,20.0,0.0,0.0,0.0,0
11:11:46.153,0.9178294539451599,286.13616943359375,20.0,0.0,0.0,0.0,0
11:11:46.167,0.9178294539451599,286.13616943359375,20.0,0.0,0.0,0.0,0
11:11:46.167,0.9178294539451599,286.13616943359375,20.0,0.0,0.0,0.0,0
11:11:46.184,0.9178294539451599,286.13616943359375,20.0,0.0,0.0,0.0,0
11:11:46.200,0.9178294539451599,286.13616943359375,20.0,0.0,0.0,0.0,0
11:11:46.200,0.9178294539451599,286.13616943359375,20.0,0.0,0.0,0.0,0
11:11:46.218,0.9178294539451599,286.13616943359375,20.0,0.0,0.0,0.0,0
11:11:46.230,0.9178294539451599,286.13616943359375,20.0,0.0,0.0,0.0,0
11:11:46.233,0.9178294539451599,286.13616943359375,20.0,0.0,0.0,0.0,0
11:11:46.249,0.9178294539451599,286.13616943359375,20.0,0.0,0.0,0.0,0
11:11:46.249,0.9178294539451599,286.13616943359375,20.0,0.0,0.0,0.0,0
11:11:46.266,0.9178294539451599,286.13616943359375,20.0,0.0,0.0,0.0,0
11:11:46.276,0.9178294539451599,286.13616943359375,20.0,0.0,0.0,0.0,0
11:11:46.282,0.9178294539451599,286.13616943359375,20.0,0.0,0.0,0.0,0
11:11:46.297,0.9178294539451599,286.13616943359375,20.0,0.0,0.0,0.0,0
11:11:46.297,0.9178294539451599,286.13616943359375,20.0,0.0,0.0,0.0,0
11:11:46.314,0.9178294539451599,286.13616943359375,20.0,0.0,0.0,0.0,0
11:11:46.331,0.9178294539451599,286.13616943359375,20.0,0.0,0.0,0.0,0
11:11:46.341,0.9178294539451599,286.13616943359375,20.0,0.0,0.0,0.0,0
11:11:46.346,0.9178294539451599,286.13616943359375,20.0,0.0,0.0,0.0,0
11:11:46.346,0.9178294539451599,286.13616943359375,20.0,0.0,0.0,0.0,0
11:11:46.362,0.9178294539451599,286.13616943359375,20.0,0.0,0.0,0.0,0
11:11:46.379,0.9178294539451599,286.13616943359375,20.0,0.0,0.0,0.0,0
11:11:46.379,0.9178294539451599,286.13616943359375,20.0,0.0,0.0,0.0,0
11:11:46.396,0.9178294539451599,286.13616943359375,20.0,0.0,0.0,0.0,0
11:11:46.411,0.9178294539451599,286.13616943359375,20.0,0.0,0.0,0.0,0
11:11:46.411,0.9178294539451599,286.13616943359375,20.0,0.0,0.0,0.0,0
11:11:46.427,0.9178294539451599,286.13616943359375,20.0,0.0,0.0,0.0,0
11:11:46.427,0.9178294539451599,286.13616943359375,20.0,0.0,0.0,0.0,0
11:11:46.442,0.9178294539451599,286.13616943359375,20.0,0.0,0.0,0.0,0
11:11:46.460,0.9178294539451599,286.13616943359375,20.0,0.0,0.0,0.0,0
11:11:46.460,0.9178294539451599,286.13616943359375,20.0,0.0,0.0,0.0,0
11:11:46.475,0.9178294539451599,286.13616943359375,20.0,0.0,0.0,0.0,0
11:11:46.491,0.9178294539451599,286.13616943359375,20.0,0.0,0.0,0.0,0
11:11:46.491,0.9178294539451599,286.13616943359375,20.0,0.0,0.0,0.0,0
11:11:46.507,0.9178294539451599,286.13616943359375,20.0,0.0,0.0,0.0,0
11:11:46.507,0.9178294539451599,286.13616943359375,20.0,0.0,0.0,0.0,0
11:11:46.525,0.9178294539451599,286.13616943359375,20.0,0.0,0.0,0.0,0
11:11:46.539,0.9178294539451599,286.13616943359375,20.0,0.0,0.0,0.0,0
11:11:46.539,0.9178294539451599,286.13616943359375,20.0,0.0,0.0,0.0,0
11:11:46.556,0.9178294539451599,286.13616943359375,20.0,0.0,0.0,0.0,0
11:11:46.556,0.9178294539451599,286.13616943359375,20.0,0.0,0.0,0.0,0
11:11:46.572,0.9178294539451599,286.13616943359375,20.0,0.0,0.0,0.0,0
11:11:46.588,0.9178294539451599,286.13616943359375,20.0,0.0,0.0,0.0,0
11:11:46.588,0.9178294539451599,286.13616943359375,20.0,0.0,0.0,0.0,0
11:11:46.603,0.9178294539451599,286.13616943359375,20.0,0.0,0.0,0.0,0
11:11:46.619,0.9178294539451599,286.13616943359375,20.0,0.0,0.0,0.0,0
11:11:46.619,0.9178294539451599,286.13616943359375,20.0,0.0,0.0,0.0,0
11:11:46.635,0.9178294539451599,286.13616943359375,20.0,0.0,0.0,0.0,0
11:11:46.636,0.9178294539451599,286.13616943359375,20.0,0.0,0.0,0.0,0
11:11:46.653,0.9178294539451599,286.13616943359375,20.0,0.0,0.0,0.0,0
11:11:46.667,0.9178294539451599,286.13616943359375,20.0,0.0,0.0,0.0,0
11:11:46.667,0.9178294539451599,286.13616943359375,20.0,0.0,0.0,0.0,0
11:11:46.683,0.9178294539451599,286.13616943359375,20.0,0.0,0.0,0.0,0
11:11:46.700,0.9178294539451599,286.13616943359375,20.0,0.0,0.0,0.0,0
11:11:46.700,0.9178294539451599,286.13616943359375,20.0,0.0,0.0,0.0,0
11:11:46.717,0.9178294539451599,286.13616943359375,20.0,0.0,0.0,0.0,0
11:11:46.728,0.9178294539451599,286.13616943359375,20.0,0.0,0.0,0.0,0
11:11:46.732,0.9178294539451599,286.13616943359375,20.0,0.0,0.0,0.0,0
11:11:46.748,0.9178294539451599,286.13616943359375,20.0,0.0,0.0,0.0,0
11:11:46.748,0.9178294539451599,286.13616943359375,20.0,0.0,0.0,0.0,0
11:11:46.766,0.9178294539451599,286.13616943359375,20.0,0.0,0.0,0.0,0
11:11:46.781,0.9178294539451599,286.13616943359375,20.0,0.0,0.0,0.0,0
11:11:46.781,0.9178294539451599,286.13616943359375,20.0,0.0,0.0,0.0,0
11:11:46.797,0.9178294539451599,286.13616943359375,20.0,0.0,0.0,0.0,0
11:11:46.797,0.9178294539451599,286.13616943359375,20.0,0.0,0.0,0.0,0
11:11:46.812,0.9178294539451599,286.13616943359375,20.0,0.0,0.0,0.0,0
11:11:46.829,0.9178294539451599,286.13616943359375,20.0,0.0,0.0,0.0,0
11:11:46.829,0.9178294539451599,286.13616943359375,20.0,0.0,0.0,0.0,0
11:11:46.845,0.9178294539451599,286.13616943359375,20.0,0.0,0.0,0.0,0
11:11:46.861,0.9178294539451599,286.13616943359375,20.0,0.0,0.0,0.0,0
11:11:46.861,0.9178294539451599,286.13616943359375,20.0,0.0,0.0,0.0,0
11:11:46.877,0.9178294539451599,286.13616943359375,20.0,0.0,0.0,0.0,0
11:11:46.877,0.9178294539451599,286.13616943359375,20.0,0.0,0.0,0.0,0
11:11:46.895,0.9178294539451599,286.13616943359375,20.0,0.0,0.0,0.0,0
11:11:46.910,0.9178294539451599,286.13616943359375,20.0,0.0,0.0,0.0,0
11:11:46.910,0.9178294539451599,286.13616943359375,20.0,0.0,0.0,0.0,0
11:11:46.927,0.9178294539451599,286.13616943359375,20.0,0.0,0.0,0.0,0
11:11:46.927,0.9178294539451599,286.13616943359375,20.0,0.0,0.0,0.0,0
11:11:46.943,0.9178294539451599,286.13616943359375,20.0,0.0,0.0,0.0,0
11:11:46.960,0.9178294539451599,286.13616943359375,20.0,0.0,0.0,0.0,0
11:11:46.960,0.9178294539451599,286.13616943359375,20.0,0.0,0.0,0.0,0
11:11:46.975,0.9178294539451599,286.13616943359375,20.0,0.0,0.0,0.0,0
11:11:46.991,0.9178294539451599,286.13616943359375,20.0,0.0,0.0,0.0,0
11:11:46.991,0.9178294539451599,286.13616943359375,20.0,0.0,0.0,0.0,0
11:11:47.007,0.9178294539451599,286.13616943359375,20.0,0.0,0.0,0.0,0
11:11:47.007,0.9178294539451599,286.13616943359375,20.0,0.0,0.0,0.0,0
11:11:47.025,0.9178294539451599,286.13616943359375,20.0,0.0,0.0,0.0,0
11:11:47.040,0.9178294539451599,286.13616943359375,20.0,0.0,0.0,0.0,0
11:11:47.040,0.9178294539451599,286.13616943359375,20.0,0.0,0.0,0.0,0
11:11:47.056,0.9178294539451599,286.13616943359375,20.0,0.0,0.0,0.0,0
11:11:47.056,0.9178294539451599,286.13616943359375,20.0,0.0,0.0,0.0,0
11:11:47.072,0.9178294539451599,286.13616943359375,20.0,0.0,0.0,0.0,0
11:11:47.090,0.9178294539451599,286.13616943359375,20.0,0.0,0.0,0.0,0
11:11:47.104,0.9178294539451599,286.13616943359375,20.0,0.0,0.0,0.0,0
11:11:47.104,0.9178294539451599,286.13616943359375,20.0,0.0,0.0,0.0,0
11:11:47.121,0.9178294539451599,286.13616943359375,20.0,0.0,0.0,0.0,0
11:11:47.121,0.9178294539451599,286.13616943359375,20.0,0.0,0.0,0.0,0
11:11:47.137,0.9178294539451599,286.13616943359375,20.0,0.0,0.0,0.0,0
11:11:47.137,0.9178294539451599,286.13616943359375,20.0,0.0,0.0,0.0,0
11:11:47.155,0.9178294539451599,286.13616943359375,20.0,0.0,0.0,0.0,0
11:11:47.170,0.9178294539451599,286.13616943359375,20.0,0.0,0.0,0.0,0
11:11:47.170,0.9178294539451599,286.13616943359375,20.0,0.0,0.0,0.0,0
11:11:47.185,0.9178294539451599,286.13616943359375,20.0,0.0,0.0,0.0,0
11:11:47.185,0.9178294539451599,286.13616943359375,20.0,0.0,0.0,0.0,0
11:11:47.202,0.9178294539451599,286.13616943359375,20.0,0.0,0.0,0.0,0
11:11:47.217,0.9178294539451599,286.13616943359375,20.0,0.0,0.0,0.0,0
11:11:47.217,0.9178294539451599,286.13616943359375,20.0,0.0,0.0,0.0,0
11:11:47.233,0.9178294539451599,286.13616943359375,20.0,0.0,0.0,0.0,0
11:11:47.250,0.9178294539451599,286.13616943359375,20.0,0.0,0.0,0.0,0
11:11:47.250,0.9178294539451599,286.13616943359375,20.0,0.0,0.0,0.0,0
11:11:47.267,0.9178294539451599,286.13616943359375,20.0,0.0,0.0,0.0,0
11:11:47.277,0.9178294539451599,286.13616943359375,20.0,0.0,0.0,0.0,0
11:11:47.282,0.9178294539451599,286.13616943359375,20.0,0.0,0.0,0.0,0
11:11:47.297,0.9178294539451599,286.13616943359375,20.0,0.0,0.0,0.0,0
11:11:47.297,0.9178294539451599,286.13616943359375,20.0,0.0,0.0,0.0,0
11:11:47.314,0.9178294539451599,286.13616943359375,20.0,0.0,0.0,0.0,0
11:11:47.331,0.9178294539451599,286.13616943359375,20.0,0.0,0.0,0.0,0
11:11:47.331,0.9178294539451599,286.13616943359375,20.0,0.0,0.0,0.0,0
11:11:47.346,0.9178294539451599,286.13616943359375,20.0,0.0,0.0,0.0,0
11:11:47.346,0.9178294539451599,286.13616943359375,20.0,0.0,0.0,0.0,0
11:11:47.362,0.9178294539451599,286.13616943359375,20.0,0.0,0.0,0.0,0
11:11:47.377,0.9178294539451599,286.13616943359375,20.0,0.0,0.0,0.0,0
11:11:47.377,0.9178294539451599,286.13616943359375,20.0,0.0,0.0,0.0,0
11:11:47.395,0.9178294539451599,286.13616943359375,20.0,0.0,0.0,0.0,0
11:11:47.410,0.9178294539451599,286.13616943359375,20.0,0.0,0.0,0.0,0
11:11:47.410,0.9178294539451599,286.13616943359375,20.0,0.0,0.0,0.0,0
11:11:47.426,0.9178294539451599,286.13616943359375,20.0,0.0,0.0,0.0,0
11:11:47.426,0.9178294539451599,286.13616943359375,20.0,0.0,0.0,0.0,0
11:11:47.442,0.9178294539451599,286.13616943359375,20.0,0.0,0.0,0.0,0
11:11:47.459,0.9178294539451599,286.13616943359375,20.0,0.0,0.0,0.0,0
11:11:47.459,0.9178294539451599,286.13616943359375,20.0,0.0,0.0,0.0,0
11:11:47.475,0.9178294539451599,286.13616943359375,20.0,0.0,0.0,0.0,0
11:11:47.491,0.9178294539451599,286.13616943359375,20.0,0.0,0.0,0.0,0
11:11:47.491,0.9178294539451599,286.13616943359375,20.0,0.0,0.0,0.0,0
11:11:47.507,0.9178294539451599,286.13616943359375,20.0,0.0,0.0,0.0,0
11:11:47.507,0.9178294539451599,286.13616943359375,20.0,0.0,0.0,0.0,0
11:11:47.524,0.9178294539451599,286.13616943359375,20.0,0.0,0.0,0.0,0
11:11:47.539,0.9178294539451599,286.13616943359375,20.0,0.0,0.0,0.0,0
11:11:47.539,0.9178294539451599,286.13616943359375,20.0,0.0,0.0,0.0,0
11:11:47.556,0.9178294539451599,286.13616943359375,20.0,0.0,0.0,0.0,0
11:11:47.556,0.9178294539451599,286.13616943359375,20.0,0.0,0.0,0.0,0
11:11:47.572,0.9178294539451599,286.13616943359375,20.0,0.0,0.0,0.0,0
11:11:47.589,0.9178294539451599,286.13616943359375,20.0,0.0,0.0,0.0,0
11:11:47.589,0.9178294539451599,286.13616943359375,20.0,0.0,0.0,0.0,0
11:11:47.603,0.9178294539451599,286.13616943359375,20.0,0.0,0.0,0.0,0
11:11:47.619,0.9178294539451599,286.13616943359375,20.0,0.0,0.0,0.0,0
11:11:47.619,0.9178294539451599,286.13616943359375,20.0,0.0,0.0,0.0,0
11:11:47.636,0.9178294539451599,286.13616943359375,20.0,0.0,0.0,0.0,0
11:11:47.636,0.9178294539451599,286.13616943359375,20.0,0.0,0.0,0.0,0
11:11:47.653,0.9178294539451599,286.13616943359375,20.0,0.0,0.0,0.0,0
11:11:47.668,0.9178294539451599,286.13616943359375,20.0,0.0,0.0,0.0,0
11:11:47.668,0.9178294539451599,286.13616943359375,20.0,0.0,0.0,0.0,0
11:11:47.684,0.9178294539451599,286.13616943359375,20.0,0.0,0.0,0.0,0
11:11:47.701,0.9178294539451599,286.13616943359375,20.0,0.0,0.0,0.0,0
11:11:47.701,0.9178294539451599,286.13616943359375,20.0,0.0,0.0,0.0,0
11:11:47.719,0.9178294539451599,286.13616943359375,20.0,0.0,0.0,0.0,0
11:11:47.719,0.9178294539451599,286.13616943359375,20.0,0.0,0.0,0.0,0
11:11:47.734,0.9178294539451599,286.13616943359375,20.0,0.0,0.0,0.0,0
11:11:47.750,0.9178294539451599,286.13616943359375,20.0,0.0,0.0,0.0,0
11:11:47.750,0.9178294539451599,286.13616943359375,20.0,0.0,0.0,0.0,0
11:11:47.766,0.9178294539451599,286.13616943359375,20.0,0.0,0.0,0.0,0
11:11:47.766,0.9178294539451599,286.13616943359375,20.0,0.0,0.0,0.0,0
11:11:47.783,0.9178294539451599,286.13616943359375,20.0,0.0,0.0,0.0,0
11:11:47.797,0.9178294539451599,286.13616943359375,20.0,0.0,0.0,0.0,0
11:11:47.798,0.9178294539451599,286.13616943359375,20.0,0.0,0.0,0.0,0
11:11:47.814,0.9178294539451599,286.13616943359375,20.0,0.0,0.0,0.0,0
11:11:47.830,0.9178294539451599,286.13616943359375,20.0,0.0,0.0,0.0,0
11:11:47.830,0.9178294539451599,286.13616943359375,20.0,0.0,0.0,0.0,0
11:11:47.848,0.9178294539451599,286.13616943359375,20.0,0.0,0.0,0.0,0
11:11:47.861,0.9178294539451599,286.13616943359375,20.0,0.0,0.0,0.0,0
11:11:47.862,0.9178294539451599,286.13616943359375,20.0,0.0,0.0,0.0,0
11:11:47.877,0.9178294539451599,286.13616943359375,20.0,0.0,0.0,0.0,0
11:11:47.877,0.9178294539451599,286.13616943359375,20.0,0.0,0.0,0.0,0
11:11:47.894,0.9178294539451599,286.13616943359375,20.0,0.0,0.0,0.0,0
11:11:47.911,0.9178294539451599,286.13616943359375,20.0,0.0,0.0,0.0,0
11:11:47.911,0.9178294539451599,286.13616943359375,20.0,0.0,0.0,0.0,0
11:11:47.926,0.9178294539451599,286.13616943359375,20.0,0.0,0.0,0.0,0
11:11:47.926,0.9178294539451599,286.13616943359375,20.0,0.0,0.0,0.0,0
11:11:47.943,0.9178294539451599,286.13616943359375,20.0,0.0,0.0,0.0,0
11:11:47.959,0.9178294539451599,286.13616943359375,20.0,0.0,0.0,0.0,0
11:11:47.959,0.9178294539451599,286.13616943359375,20.0,0.0,0.0,0.0,0
11:11:47.976,0.9178294539451599,286.13616943359375,20.0,0.0,0.0,0.0,0
11:11:47.976,0.9178294539451599,286.13616943359375,20.0,0.0,0.0,0.0,0
11:11:47.992,0.9178294539451599,286.13616943359375,20.0,0.0,0.0,0.0,0
11:11:48.008,0.9178294539451599,286.13616943359375,20.0,0.0,0.0,0.0,0
11:11:48.008,0.9178294539451599,286.13616943359375,20.0,0.0,0.0,0.0,0
11:11:48.023,0.9178294539451599,286.13616943359375,20.0,0.0,0.0,0.0,0
11:11:48.041,0.9178294539451599,286.13616943359375,20.0,0.0,0.0,0.0,0
11:11:48.051,0.9178294539451599,286.13616943359375,20.0,0.0,0.0,0.0,0
11:11:48.056,0.9178294539451599,286.13616943359375,20.0,0.0,0.0,0.0,0
11:11:48.056,0.9178294539451599,286.13616943359375,20.0,0.0,0.0,0.0,0
11:11:48.072,0.9178294539451599,286.13616943359375,20.0,0.0,0.0,0.0,0
11:11:48.088,0.9178294539451599,286.13616943359375,20.0,0.0,0.0,0.0,0
11:11:48.088,0.9178294539451599,286.13616943359375,20.0,0.0,0.0,0.0,0
11:11:48.104,0.9178294539451599,286.13616943359375,20.0,0.0,0.0,0.0,0
11:11:48.119,0.9178294539451599,286.13616943359375,20.0,0.0,0.0,0.0,0
11:11:48.119,0.9178294539451599,286.13616943359375,20.0,0.0,0.0,0.0,0
11:11:48.136,0.9178294539451599,286.13616943359375,20.0,0.0,0.0,0.0,0
11:11:48.136,0.9178294539451599,286.13616943359375,20.0,0.0,0.0,0.0,0
11:11:48.152,0.9178294539451599,286.13616943359375,20.0,0.0,0.0,0.0,0
11:11:48.169,0.9178294539451599,286.13616943359375,20.0,0.0,0.0,0.0,0
11:11:48.169,0.9178294539451599,286.13616943359375,20.0,0.0,0.0,0.0,0
11:11:48.184,0.9178294539451599,286.13616943359375,20.0,0.0,0.0,0.0,0
11:11:48.200,0.9178294539451599,286.13616943359375,20.0,0.0,0.0,0.0,0
11:11:48.200,0.9178294539451599,286.13616943359375,20.0,0.0,0.0,0.0,0
11:11:48.216,0.9178294539451599,286.13616943359375,20.0,0.0,0.0,0.0,0
11:11:48.216,0.9178294539451599,286.13616943359375,20.0,0.0,0.0,0.0,0
11:11:48.233,0.9178294539451599,286.13616943359375,20.0,0.0,0.0,0.0,0
11:11:48.248,0.9178294539451599,286.13616943359375,20.0,0.0,0.0,0.0,0
11:11:48.249,0.9178294539451599,286.13616943359375,20.0,0.0,0.0,0.0,0
11:11:48.265,0.9178294539451599,286.13616943359375,20.0,0.0,0.0,0.0,0
11:11:48.282,0.9178294539451599,286.13616943359375,20.0,0.0,0.0,0.0,0
11:11:48.282,0.9178294539451599,286.13616943359375,20.0,0.0,0.0,0.0,0
11:11:48.298,0.9178294539451599,286.13616943359375,20.0,0.0,0.0,0.0,0
11:11:48.298,0.9178294539451599,286.13616943359375,20.0,0.0,0.0,0.0,0
11:11:48.314,0.9178294539451599,286.13616943359375,20.0,0.0,0.0,0.0,0
11:11:48.330,0.9178294539451599,286.13616943359375,20.0,0.0,0.0,0.0,0
11:11:48.330,0.9178294539451599,286.13616943359375,20.0,0.0,0.0,0.0,0
11:11:48.347,0.9178294539451599,286.13616943359375,20.0,0.0,0.0,0.0,0
11:11:48.347,0.9178294539451599,286.13616943359375,20.0,0.0,0.0,0.0,0
11:11:48.363,0.9178294539451599,286.13616943359375,20.0,0.0,0.0,0.0,0
11:11:48.379,0.9178294539451599,286.13616943359375,20.0,0.0,0.0,0.0,0
11:11:48.379,0.9178294539451599,286.13616943359375,20.0,0.0,0.0,0.0,0
11:11:48.395,0.9178294539451599,286.13616943359375,20.0,0.0,0.0,0.0,0
11:11:48.412,0.9178294539451599,286.13616943359375,20.0,0.0,0.0,0.0,0
11:11:48.422,0.9178294539451599,286.13616943359375,20.0,0.0,0.0,0.0,0
11:11:48.427,0.9178294539451599,286.13616943359375,20.0,0.0,0.0,0.0,0
11:11:48.427,0.9178294539451599,286.13616943359375,20.0,0.0,0.0,0.0,0
11:11:48.443,0.9178294539451599,286.13616943359375,20.0,0.0,0.0,0.0,0
11:11:48.459,0.9178294539451599,286.13616943359375,20.0,0.0,0.0,0.0,0
11:11:48.459,0.9178294539451599,286.13616943359375,20.0,0.0,0.0,0.0,0
11:11:48.477,0.9178294539451599,286.13616943359375,20.0,0.0,0.0,0.0,0
11:11:48.477,0.9178294539451599,286.13616943359375,20.0,0.0,0.0,0.0,0
11:11:48.492,0.9178294539451599,286.13616943359375,20.0,0.0,0.0,0.0,0
11:11:48.507,0.9178294539451599,286.13616943359375,20.0,0.0,0.0,0.0,0
11:11:48.507,0.9178294539451599,286.13616943359375,20.0,0.0,0.0,0.0,0
11:11:48.524,0.9178294539451599,286.13616943359375,20.0,0.0,0.0,0.0,0
11:11:48.542,0.9178294539451599,286.13616943359375,20.0,0.0,0.0,0.0,0
11:11:48.542,0.9178294539451599,286.13616943359375,20.0,0.0,0.0,0.0,0
11:11:48.556,0.9178294539451599,286.13616943359375,20.0,0.0,0.0,0.0,0
11:11:48.556,0.9178294539451599,286.13616943359375,20.0,0.0,0.0,0.0,0
11:11:48.572,0.9178294539451599,286.13616943359375,20.0,0.0,0.0,0.0,0
11:11:48.588,0.9178294539451599,286.13616943359375,20.0,0.0,0.0,0.0,0
11:11:48.588,0.9178294539451599,286.13616943359375,20.0,0.0,0.0,0.0,0
11:11:48.606,0.9178294539451599,286.13616943359375,20.0,0.0,0.0,0.0,0
11:11:48.616,0.9178294539451599,286.13616943359375,20.0,0.0,0.0,0.0,0
11:11:48.621,0.9178294539451599,286.13616943359375,20.0,0.0,0.0,0.0,0
11:11:48.637,0.9178294539451599,286.13616943359375,20.0,0.0,0.0,0.0,0
11:11:48.637,0.9178294539451599,286.13616943359375,20.0,0.0,0.0,0.0,0
11:11:48.653,0.9178294539451599,286.13616943359375,20.0,0.0,0.0,0.0,0
11:11:48.670,0.9178294539451599,286.13616943359375,20.0,0.0,0.0,0.0,0
11:11:48.683,0.9178294539451599,286.13616943359375,20.0,0.0,0.0,0.0,0
11:11:48.685,0.9178294539451599,286.13616943359375,20.0,0.0,0.0,0.0,0
11:11:48.701,0.9178294539451599,286.13616943359375,20.0,0.0,0.0,0.0,0
11:11:48.701,0.9178294539451599,286.13616943359375,20.0,0.0,0.0,0.0,0
11:11:48.718,0.9178294539451599,286.13616943359375,20.0,0.0,0.0,0.0,0
11:11:48.728,0.9178294539451599,286.13616943359375,20.0,0.0,0.0,0.0,0
11:11:48.734,0.9178294539451599,286.13616943359375,20.0,0.0,0.0,0.0,0
11:11:48.750,0.9178294539451599,286.13616943359375,20.0,0.0,0.0,0.0,0
11:11:48.750,0.9178294539451599,286.13616943359375,20.0,0.0,0.0,0.0,0
11:11:48.766,0.9178294539451599,286.13616943359375,20.0,0.0,0.0,0.0,0
11:11:48.766,0.9178294539451599,286.13616943359375,20.0,0.0,0.0,0.0,0
11:11:48.783,0.9178294539451599,286.13616943359375,20.0,0.0,0.0,0.0,0
11:11:48.798,0.9178294539451599,286.13616943359375,20.0,0.0,0.0,0.0,0
11:11:48.798,0.9178294539451599,286.13616943359375,20.0,0.0,0.0,0.0,0
11:11:48.815,0.9178294539451599,286.13616943359375,20.0,0.0,0.0,0.0,0
11:11:48.831,0.9178294539451599,286.13616943359375,20.0,0.0,0.0,0.0,0
11:11:48.831,0.9178294539451599,286.13616943359375,20.0,0.0,0.0,0.0,0
11:11:48.848,0.9178294539451599,286.13616943359375,20.0,0.0,0.0,0.0,0
11:11:48.859,0.9178294539451599,286.13616943359375,20.0,0.0,0.0,0.0,0
11:11:48.864,0.9178294539451599,286.13616943359375,20.0,0.0,0.0,0.0,0
11:11:48.880,0.9178294539451599,286.13616943359375,20.0,0.0,0.0,0.0,0
11:11:48.880,0.9178294539451599,286.13616943359375,20.0,0.0,0.0,0.0,0
11:11:48.896,0.9178294539451599,286.13616943359375,20.0,0.0,0.0,0.0,0
11:11:48.896,0.9178294539451599,286.13616943359375,20.0,0.0,0.0,0.0,0
11:11:48.913,0.9178294539451599,286.13616943359375,20.0,0.0,0.0,0.0,0
11:11:48.929,0.9178294539451599,286.13616943359375,20.0,0.0,0.0,0.0,0
11:11:48.929,0.9178294539451599,286.13616943359375,20.0,0.0,0.0,0.0,0
11:11:48.946,0.9178294539451599,286.13616943359375,20.0,0.0,0.0,0.0,0
11:11:48.946,0.9178294539451599,286.13616943359375,20.0,0.0,0.0,0.0,0
11:11:48.962,0.9178294539451599,286.13616943359375,20.0,0.0,0.0,0.0,0
11:11:48.978,0.9178294539451599,286.13616943359375,20.0,0.0,0.0,0.0,0
11:11:48.988,0.9178294539451599,286.13616943359375,20.0,0.0,0.0,0.0,0
11:11:48.993,0.9178294539451599,286.13616943359375,20.0,0.0,0.0,0.0,0
11:11:49.010,0.9178294539451599,286.13616943359375,20.0,0.0,0.0,0.0,0
11:11:49.010,0.9178294539451599,286.13616943359375,20.0,0.0,0.0,0.0,0
11:11:49.026,0.9178294539451599,286.13616943359375,20.0,0.0,0.0,0.0,0
11:11:49.026,0.9178294539451599,286.13616943359375,20.0,0.0,0.0,0.0,0
11:11:49.043,0.9178294539451599,286.13616943359375,20.0,0.0,0.0,0.0,0
11:11:49.058,0.9178294539451599,286.13616943359375,20.0,0.0,0.0,0.0,0
11:11:49.058,0.9178294539451599,286.13616943359375,20.0,0.0,0.0,0.0,0
11:11:49.074,0.9178294539451599,286.13616943359375,20.0,0.0,0.0,0.0,0
11:11:49.090,0.9178294539451599,286.13616943359375,20.0,0.0,0.0,0.0,0
11:11:49.090,0.9178294539451599,286.13616943359375,20.0,0.0,0.0,0.0,0
11:11:49.107,0.9178294539451599,286.13616943359375,20.0,0.0,0.0,0.0,0
11:11:49.116,0.9178294539451599,286.13616943359375,20.0,0.0,0.0,0.0,0
11:11:49.121,0.9178294539451599,286.13616943359375,20.0,0.0,0.0,0.0,0
11:11:49.137,0.9178294539451599,286.13616943359375,20.0,0.0,0.0,0.0,0
11:11:49.137,0.9178294539451599,286.13616943359375,20.0,0.0,0.0,0.0,0
11:11:49.153,0.9178294539451599,286.13616943359375,20.0,0.0,0.0,0.0,0
11:11:49.170,0.9178294539451599,286.13616943359375,20.0,0.0,0.0,0.0,0
11:11:49.170,0.9178294539451599,286.13616943359375,20.0,0.0,0.0,0.0,0
11:11:49.185,0.9178294539451599,286.13616943359375,20.0,0.0,0.0,0.0,0
11:11:49.201,0.9178294539451599,286.13616943359375,20.0,0.0,0.0,0.0,0
11:11:49.201,0.9178294539451599,286.13616943359375,20.0,0.0,0.0,0.0,0
11:11:49.219,0.9178294539451599,286.13616943359375,20.0,0.0,0.0,0.0,0
11:11:49.229,0.9178294539451599,286.13616943359375,20.0,0.0,0.0,0.0,0
11:11:49.234,0.9178294539451599,286.13616943359375,20.0,0.0,0.0,0.0,0
11:11:49.250,0.9178294539451599,286.13616943359375,20.0,0.0,0.0,0.0,0
11:11:49.250,0.9178294539451599,286.13616943359375,20.0,0.0,0.0,0.0,0
11:11:49.266,0.9178294539451599,286.13616943359375,20.0,0.0,0.0,0.0,0
11:11:49.266,0.9178294539451599,286.13616943359375,20.0,0.0,0.0,0.0,0
11:11:49.283,0.9178294539451599,286.13616943359375,20.0,0.0,0.0,0.0,0
11:11:49.298,0.9178294539451599,286.13616943359375,20.0,0.0,0.0,0.0,0
11:11:49.298,0.9178294539451599,286.13616943359375,20.0,0.0,0.0,0.0,0
11:11:49.315,0.9178294539451599,286.13616943359375,20.0,0.0,0.0,0.0,0
11:11:49.331,0.9178294539451599,286.13616943359375,20.0,0.0,0.0,0.0,0
11:11:49.331,0.9178294539451599,286.13616943359375,20.0,0.0,0.0,0.0,0
11:11:49.359,0.9178294539451599,286.13616943359375,20.0,0.0,0.0,0.0,0
11:11:49.359,0.9178294539451599,286.13616943359375,20.0,0.0,0.0,0.0,0
11:11:49.363,0.9178294539451599,286.13616943359375,20.0,0.0,0.0,0.0,0
11:11:49.378,0.9178294539451599,286.13616943359375,20.0,0.0,0.0,0.0,0
11:11:49.379,0.9178294539451599,286.13616943359375,20.0,0.0,0.0,0.0,0
11:11:49.395,0.9178294539451599,286.13616943359375,20.0,0.0,0.0,0.0,0
11:11:49.412,0.9178294539451599,286.13616943359375,20.0,0.0,0.0,0.0,0
11:11:49.412,0.9178294539451599,286.13616943359375,20.0,0.0,0.0,0.0,0
11:11:49.427,0.9178294539451599,286.13616943359375,20.0,0.0,0.0,0.0,0
11:11:49.427,0.9178294539451599,286.13616943359375,20.0,0.0,0.0,0.0,0
11:11:49.444,0.9178294539451599,286.13616943359375,20.0,0.0,0.0,0.0,0
11:11:49.459,0.9178294539451599,286.13616943359375,20.0,0.0,0.0,0.0,0
11:11:49.459,0.9178294539451599,286.13616943359375,20.0,0.0,0.0,0.0,0
11:11:49.477,0.9178294539451599,286.13616943359375,20.0,0.0,0.0,0.0,0
11:11:49.487,0.9178294539451599,286.13616943359375,20.0,0.0,0.0,0.0,0
11:11:49.492,0.9178294539451599,286.13616943359375,20.0,0.0,0.0,0.0,0
11:11:49.508,0.9178294539451599,286.13616943359375,20.0,0.0,0.0,0.0,0
11:11:49.508,0.9178294539451599,286.13616943359375,20.0,0.0,0.0,0.0,0
11:11:49.525,0.9178294539451599,286.13616943359375,20.0,0.0,0.0,0.0,0
11:11:49.542,0.9178294539451599,286.13616943359375,20.0,0.0,0.0,0.0,0
11:11:49.552,0.9178294539451599,286.13616943359375,20.0,0.0,0.0,0.0,0
11:11:49.558,0.9178294539451599,286.13616943359375,20.0,0.0,0.0,0.0,0
11:11:49.558,0.9178294539451599,286.13616943359375,20.0,0.0,0.0,0.0,0
11:11:49.574,0.9178294539451599,286.13616943359375,20.0,0.0,0.0,0.0,0
11:11:49.590,0.9178294539451599,286.13616943359375,20.0,0.0,0.0,0.0,0
11:11:49.590,0.9178294539451599,286.13616943359375,20.0,0.0,0.0,0.0,0
11:11:49.607,0.9178294539451599,286.13616943359375,20.0,0.0,0.0,0.0,0
11:11:49.607,0.9178294539451599,286.13616943359375,20.0,0.0,0.0,0.0,0
11:11:49.622,0.9178294539451599,286.13616943359375,20.0,0.0,0.0,0.0,0
11:11:49.637,0.9178294539451599,286.13616943359375,20.0,0.0,0.0,0.0,0
11:11:49.637,0.9178294539451599,286.13616943359375,20.0,0.0,0.0,0.0,0
11:11:49.653,0.9178294539451599,286.13616943359375,20.0,0.0,0.0,0.0,0
11:11:49.671,0.9178294539451599,286.13616943359375,20.0,0.0,0.0,0.0,0
11:11:49.671,0.9178294539451599,286.13616943359375,20.0,0.0,0.0,0.0,0
11:11:49.686,0.9178294539451599,286.13616943359375,20.0,0.0,0.0,0.0,0
11:11:49.686,0.9178294539451599,286.13616943359375,20.0,0.0,0.0,0.0,0
11:11:49.702,0.9178294539451599,286.13616943359375,20.0,0.0,0.0,0.0,0
11:11:49.719,0.9178294539451599,286.13616943359375,20.0,0.0,0.0,0.0,0
11:11:49.729,0.9178294539451599,286.13616943359375,20.0,0.0,0.0,0.0,0
11:11:49.735,0.9178294539451599,286.13616943359375,20.0,0.0,0.0,0.0,0
11:11:49.751,0.9178294539451599,286.13616943359375,20.0,0.0,0.0,0.0,0
11:11:49.751,0.9178294539451599,286.13616943359375,20.0,0.0,0.0,0.0,0
11:11:49.767,0.9178294539451599,286.13616943359375,20.0,0.0,0.0,0.0,0
11:11:49.767,0.9178294539451599,286.13616943359375,20.0,0.0,0.0,0.0,0
11:11:49.785,0.9178294539451599,286.13616943359375,20.0,0.0,0.0,0.0,0
11:11:49.800,0.9178294539451599,286.13616943359375,20.0,0.0,0.0,0.0,0
11:11:49.800,0.9178294539451599,286.13616943359375,20.0,0.0,0.0,0.0,0
11:11:49.816,0.9178294539451599,286.13616943359375,20.0,0.0,0.0,0.0,0
11:11:49.816,0.9178294539451599,286.13616943359375,20.0,0.0,0.0,0.0,0
11:11:49.833,0.9178294539451599,286.13616943359375,20.0,0.0,0.0,0.0,0
11:11:49.850,0.9178294539451599,286.13616943359375,20.0,0.0,0.0,0.0,0
11:11:49.859,0.9178294539451599,286.13616943359375,20.0,0.0,0.0,0.0,0
11:11:49.865,0.9178294539451599,286.13616943359375,20.0,0.0,0.0,0.0,0
11:11:49.882,0.9178294539451599,286.13616943359375,20.0,0.0,0.0,0.0,0
11:11:49.882,0.9178294539451599,286.13616943359375,20.0,0.0,0.0,0.0,0
11:11:49.898,0.9178294539451599,286.13616943359375,20.0,0.0,0.0,0.0,0
11:11:49.898,0.9178294539451599,286.13616943359375,20.0,0.0,0.0,0.0,0
11:11:49.915,0.9178294539451599,286.13616943359375,20.0,0.0,0.0,0.0,0
11:11:49.930,0.9178294539451599,286.13616943359375,20.0,0.0,0.0,0.0,0
11:11:49.930,0.9178294539451599,286.13616943359375,20.0,0.0,0.0,0.0,0
11:11:49.946,0.9178294539451599,286.13616943359375,20.0,0.0,0.0,0.0,0
11:11:49.947,0.9178294539451599,286.13616943359375,20.0,0.0,0.0,0.0,0
11:11:49.963,0.9178294539451599,286.13616943359375,20.0,0.0,0.0,0.0,0
11:11:49.980,0.9178294539451599,286.13616943359375,20.0,0.0,0.0,0.0,0
11:11:49.980,0.9178294539451599,286.13616943359375,20.0,0.0,0.0,0.0,0
11:11:49.996,0.9178294539451599,286.13616943359375,20.0,0.0,0.0,0.0,0
11:11:49.996,0.9178294539451599,286.13616943359375,20.0,0.0,0.0,0.0,0
11:11:50.012,0.9178294539451599,286.13616943359375,20.0,0.0,0.0,0.0,0
11:11:50.027,0.9178294539451599,286.13616943359375,20.0,0.0,0.0,0.0,0
11:11:50.027,0.9178294539451599,286.13616943359375,20.0,0.0,0.0,0.0,0
11:11:50.045,0.9178294539451599,286.13616943359375,20.0,0.0,0.0,0.0,0
11:11:50.060,0.9178294539451599,286.13616943359375,20.0,0.0,0.0,0.0,0
11:11:50.060,0.9178294539451599,286.13616943359375,20.0,0.0,0.0,0.0,0
11:11:50.076,0.9178294539451599,286.13616943359375,20.0,0.0,0.0,0.0,0
11:11:50.076,0.9178294539451599,286.13616943359375,20.0,0.0,0.0,0.0,0
11:11:50.094,0.9178294539451599,286.13616943359375,20.0,0.0,0.0,0.0,0
11:11:50.109,0.9178294539451599,286.13616943359375,20.0,0.0,0.0,0.0,0
11:11:50.109,0.9178294539451599,286.13616943359375,20.0,0.0,0.0,0.0,0
11:11:50.126,0.9178294539451599,286.13616943359375,20.0,0.0,0.0,0.0,0
11:11:50.126,0.9178294539451599,286.13616943359375,20.0,0.0,0.0,0.0,0
11:11:50.142,0.9178294539451599,286.13616943359375,20.0,0.0,0.0,0.0,0
11:11:50.158,0.9178294539451599,286.13616943359375,20.0,0.0,0.0,0.0,0
11:11:50.158,0.9178294539451599,286.13616943359375,20.0,0.0,0.0,0.0,0
11:11:50.174,0.9178294539451599,286.13616943359375,20.0,0.0,0.0,0.0,0
11:11:50.190,0.9178294539451599,286.13616943359375,20.0,0.0,0.0,0.0,0
11:11:50.190,0.9178294539451599,286.13616943359375,20.0,0.0,0.0,0.0,0
11:11:50.206,0.9178294539451599,286.13616943359375,20.0,0.0,0.0,0.0,0
11:11:50.206,0.9178294539451599,286.13616943359375,20.0,0.0,0.0,0.0,0
11:11:50.224,0.9178294539451599,286.13616943359375,20.0,0.0,0.0,0.0,0
11:11:50.239,0.9178294539451599,286.13616943359375,20.0,0.0,0.0,0.0,0
11:11:50.239,0.9178294539451599,286.13616943359375,20.0,0.0,0.0,0.0,0
11:11:50.255,0.9178294539451599,286.13616943359375,20.0,0.0,0.0,0.0,0
11:11:50.272,0.9178294539451599,286.13616943359375,20.0,0.0,0.0,0.0,0
11:11:50.272,0.9178294539451599,286.13616943359375,20.0,0.0,0.0,0.0,0
11:11:50.288,0.9178294539451599,286.13616943359375,20.0,0.0,0.0,0.0,0
11:11:50.300,0.9178294539451599,286.13616943359375,20.0,0.0,0.0,0.0,0
11:11:50.303,0.9178294539451599,286.13616943359375,20.0,0.0,0.0,0.0,0
11:11:50.319,0.9178294539451599,286.13616943359375,20.0,0.0,0.0,0.0,0
11:11:50.319,0.9178294539451599,286.13616943359375,20.0,0.0,0.0,0.0,0
11:11:50.336,0.9178294539451599,286.13616943359375,20.0,0.0,0.0,0.0,0
11:11:50.336,0.9178294539451599,286.13616943359375,20.0,0.0,0.0,0.0,0
11:11:50.353,0.9178294539451599,286.13616943359375,20.0,0.0,0.0,0.0,0
11:11:50.367,0.9178294539451599,286.13616943359375,20.0,0.0,0.0,0.0,0
11:11:50.367,0.9178294539451599,286.13616943359375,20.0,0.0,0.0,0.0,0
11:11:50.383,0.9178294539451599,286.13616943359375,20.0,0.0,0.0,0.0,0
11:11:50.400,0.9178294539451599,286.13616943359375,20.0,0.0,0.0,0.0,0
11:11:50.400,0.9178294539451599,286.13616943359375,20.0,0.0,0.0,0.0,0
11:11:50.416,0.9178294539451599,286.13616943359375,20.0,0.0,0.0,0.0,0
11:11:50.417,0.9178294539451599,286.13616943359375,20.0,0.0,0.0,0.0,0
11:11:50.432,0.9178294539451599,286.13616943359375,20.0,0.0,0.0,0.0,0
11:11:50.447,0.9178294539451599,286.13616943359375,20.0,0.0,0.0,0.0,0
11:11:50.447,0.9178294539451599,286.13616943359375,20.0,0.0,0.0,0.0,0
11:11:50.464,0.9178294539451599,286.13616943359375,20.0,0.0,0.0,0.0,0
11:11:50.481,0.9178294539451599,286.13616943359375,20.0,0.0,0.0,0.0,0
11:11:50.491,0.9178294539451599,286.13616943359375,20.0,0.0,0.0,0.0,0
11:11:50.496,0.9178294539451599,286.13616943359375,20.0,0.0,0.0,0.0,0
11:11:50.496,0.9178294539451599,286.13616943359375,20.0,0.0,0.0,0.0,0
11:11:50.513,0.9178294539451599,286.13616943359375,20.0,0.0,0.0,0.0,0
11:11:50.528,0.9178294539451599,286.13616943359375,20.0,0.0,0.0,0.0,0
11:11:50.528,0.9178294539451599,286.13616943359375,20.0,0.0,0.0,0.0,0
11:11:50.546,0.9178294539451599,286.13616943359375,20.0,0.0,0.0,0.0,0
11:11:50.561,0.9178294539451599,286.13616943359375,20.0,0.0,0.0,0.0,0
11:11:50.561,0.9178294539451599,286.13616943359375,20.0,0.0,0.0,0.0,0
11:11:50.577,0.9178294539451599,286.13616943359375,20.0,0.0,0.0,0.0,0
11:11:50.577,0.9178294539451599,286.13616943359375,20.0,0.0,0.0,0.0,0
11:11:50.594,0.9178294539451599,286.13616943359375,20.0,0.0,0.0,0.0,0
11:11:50.609,0.9178294539451599,286.13616943359375,20.0,0.0,0.0,0.0,0
11:11:50.609,0.9178294539451599,286.13616943359375,20.0,0.0,0.0,0.0,0
11:11:50.625,0.9178294539451599,286.13616943359375,20.0,0.0,0.0,0.0,0
11:11:50.642,0.9178294539451599,286.13616943359375,20.0,0.0,0.0,0.0,0
11:11:50.642,0.9178294539451599,286.13616943359375,20.0,0.0,0.0,0.0,0
11:11:50.658,0.9178294539451599,286.13616943359375,20.0,0.0,0.0,0.0,0
11:11:50.658,0.9178294539451599,286.13616943359375,20.0,0.0,0.0,0.0,0
11:11:50.673,0.9178294539451599,286.13616943359375,20.0,0.0,0.0,0.0,0
11:11:50.690,0.9178294539451599,286.13616943359375,20.0,0.0,0.0,0.0,0
11:11:50.690,0.9178294539451599,286.13616943359375,20.0,0.0,0.0,0.0,0
11:11:50.706,0.9178294539451599,286.13616943359375,20.0,0.0,0.0,0.0,0
11:11:50.706,0.9178294539451599,286.13616943359375,20.0,0.0,0.0,0.0,0
11:11:50.724,0.9178294539451599,286.13616943359375,20.0,0.0,0.0,0.0,0
11:11:50.738,0.9178294539451599,286.13616943359375,20.0,0.0,0.0,0.0,0
11:11:50.738,0.9178294539451599,286.13616943359375,20.0,0.0,0.0,0.0,0
11:11:50.754,0.9178294539451599,286.13616943359375,20.0,0.0,0.0,0.0,0
11:11:50.770,0.9178294539451599,286.13616943359375,20.0,0.0,0.0,0.0,0
11:11:50.770,0.9178294539451599,286.13616943359375,20.0,0.0,0.0,0.0,0
11:11:50.787,0.9178294539451599,286.13616943359375,20.0,0.0,0.0,0.0,0
11:11:50.787,0.9178294539451599,286.13616943359375,20.0,0.0,0.0,0.0,0
11:11:50.803,0.9178294539451599,286.13616943359375,20.0,0.0,0.0,0.0,0
11:11:50.819,0.9178294539451599,286.13616943359375,20.0,0.0,0.0,0.0,0
11:11:50.819,0.9178294539451599,286.13616943359375,20.0,0.0,0.0,0.0,0
11:11:50.836,0.9178294539451599,286.13616943359375,20.0,0.0,0.0,0.0,0
11:11:50.836,0.9178294539451599,286.13616943359375,20.0,0.0,0.0,0.0,0
11:11:50.853,0.9178294539451599,286.13616943359375,20.0,0.0,0.0,0.0,0
11:11:50.868,0.9178294539451599,286.13616943359375,20.0,0.0,0.0,0.0,0
11:11:50.868,0.9178294539451599,286.13616943359375,20.0,0.0,0.0,0.0,0
11:11:50.884,0.9178294539451599,286.13616943359375,20.0,0.0,0.0,0.0,0
11:11:50.901,0.9178294539451599,286.13616943359375,20.0,0.0,0.0,0.0,0
11:11:50.901,0.9178294539451599,286.13616943359375,20.0,0.0,0.0,0.0,0
11:11:50.919,0.9178294539451599,286.13616943359375,20.0,0.0,0.0,0.0,0
11:11:50.931,0.9178294539451599,286.13616943359375,20.0,0.0,0.0,0.0,0
11:11:50.933,0.9178294539451599,286.13616943359375,20.0,0.0,0.0,0.0,0
11:11:50.950,0.9178294539451599,286.13616943359375,20.0,0.0,0.0,0.0,0
11:11:50.950,0.9178294539451599,286.13616943359375,20.0,0.0,0.0,0.0,0
11:11:50.966,0.9178294539451599,286.13616943359375,20.0,0.0,0.0,0.0,0
11:11:50.966,0.9178294539451599,286.13616943359375,20.0,0.0,0.0,0.0,0
11:11:50.983,0.9178294539451599,286.13616943359375,20.0,0.0,0.0,0.0,0
11:11:50.997,0.9178294539451599,286.13616943359375,20.0,0.0,0.0,0.0,0
11:11:50.997,0.9178294539451599,286.13616943359375,20.0,0.0,0.0,0.0,0
11:11:51.012,0.9178294539451599,286.13616943359375,20.0,0.0,0.0,0.0,0
11:11:51.029,0.9178294539451599,286.13616943359375,20.0,0.0,0.0,0.0,0
11:11:51.029,0.9178294539451599,286.13616943359375,20.0,0.0,0.0,0.0,0
11:11:51.046,0.9178294539451599,286.13616943359375,20.0,0.0,0.0,0.0,0
11:11:51.057,0.9178294539451599,286.13616943359375,20.0,0.0,0.0,0.0,0
11:11:51.061,0.9178294539451599,286.13616943359375,20.0,0.0,0.0,0.0,0
11:11:51.077,0.9178294539451599,286.13616943359375,20.0,0.0,0.0,0.0,0
11:11:51.077,0.9178294539451599,286.13616943359375,20.0,0.0,0.0,0.0,0
11:11:51.095,0.9178294539451599,286.13616943359375,20.0,0.0,0.0,0.0,0
11:11:51.111,0.9178294539451599,286.13616943359375,20.0,0.0,0.0,0.0,0
11:11:51.111,0.9178294539451599,286.13616943359375,20.0,0.0,0.0,0.0,0
11:11:51.126,0.9178294539451599,286.13616943359375,20.0,0.0,0.0,0.0,0
11:11:51.126,0.9178294539451599,286.13616943359375,20.0,0.0,0.0,0.0,0
11:11:51.143,0.9178294539451599,286.13616943359375,20.0,0.0,0.0,0.0,0
11:11:51.160,0.9178294539451599,286.13616943359375,20.0,0.0,0.0,0.0,0
11:11:51.160,0.9178294539451599,286.13616943359375,20.0,0.0,0.0,0.0,0
11:11:51.175,0.9178294539451599,286.13616943359375,20.0,0.0,0.0,0.0,0
11:11:51.175,0.9178294539451599,286.13616943359375,20.0,0.0,0.0,0.0,0
11:11:51.191,0.9178294539451599,286.13616943359375,20.0,0.0,0.0,0.0,0
11:11:51.207,0.9178294539451599,286.13616943359375,20.0,0.0,0.0,0.0,0
11:11:51.207,0.9178294539451599,286.13616943359375,20.0,0.0,0.0,0.0,0
11:11:51.225,0.9178294539451599,286.13616943359375,20.0,0.0,0.0,0.0,0
11:11:51.240,0.9178294539451599,286.13616943359375,20.0,0.0,0.0,0.0,0
11:11:51.240,0.9178294539451599,286.13616943359375,20.0,0.0,0.0,0.0,0
11:11:51.256,0.9178294539451599,286.13616943359375,20.0,0.0,0.0,0.0,0
11:11:51.256,0.9178294539451599,286.13616943359375,20.0,0.0,0.0,0.0,0
11:11:51.272,0.9178294539451599,286.13616943359375,20.0,0.0,0.0,0.0,0
11:11:51.290,0.9178294539451599,286.13616943359375,20.0,0.0,0.0,0.0,0
11:11:51.301,0.9178294539451599,286.13616943359375,20.0,0.0,0.0,0.0,0
11:11:51.307,0.9178294539451599,286.13616943359375,20.0,0.0,0.0,0.0,0
11:11:51.308,0.9178294539451599,286.13616943359375,20.0,0.0,0.0,0.0,0
11:11:51.324,0.9178294539451599,286.13616943359375,20.0,0.0,0.0,0.0,0
11:11:51.340,0.9178294539451599,286.13616943359375,20.0,0.0,0.0,0.0,0
11:11:51.340,0.9178294539451599,286.13616943359375,20.0,0.0,0.0,0.0,0
11:11:51.357,0.9178294539451599,286.13616943359375,20.0,0.0,0.0,0.0,0
11:11:51.357,0.9178294539451599,286.13616943359375,20.0,0.0,0.0,0.0,0
11:11:51.373,0.9178294539451599,286.13616943359375,20.0,0.0,0.0,0.0,0
11:11:51.389,0.9178294539451599,286.13616943359375,20.0,0.0,0.0,0.0,0
11:11:51.389,0.9178294539451599,286.13616943359375,20.0,0.0,0.0,0.0,0
11:11:51.406,0.9178294539451599,286.13616943359375,20.0,0.0,0.0,0.0,0
11:11:51.417,0.9178294539451599,286.13616943359375,20.0,0.0,0.0,0.0,0
11:11:51.421,0.9178294539451599,286.13616943359375,20.0,0.0,0.0,0.0,0
11:11:51.437,0.9178294539451599,286.13616943359375,20.0,0.0,0.0,0.0,0
11:11:51.437,0.9178294539451599,286.13616943359375,20.0,0.0,0.0,0.0,0
11:11:51.453,0.9178294539451599,286.13616943359375,20.0,0.0,0.0,0.0,0
11:11:51.470,0.9178294539451599,286.13616943359375,20.0,0.0,0.0,0.0,0
11:11:51.480,0.9178294539451599,286.13616943359375,20.0,0.0,0.0,0.0,0
11:11:51.486,0.9178294539451599,286.13616943359375,20.0,0.0,0.0,0.0,0
11:11:51.486,0.9178294539451599,286.13616943359375,20.0,0.0,0.0,0.0,0
11:11:51.502,0.9178294539451599,286.13616943359375,20.0,0.0,0.0,0.0,0
11:11:51.518,0.9178294539451599,286.13616943359375,20.0,0.0,0.0,0.0,0
11:11:51.518,0.9178294539451599,286.13616943359375,20.0,0.0,0.0,0.0,0
11:11:51.536,0.9178294539451599,286.13616943359375,20.0,0.0,0.0,0.0,0
11:11:51.550,0.9178294539451599,286.13616943359375,20.0,0.0,0.0,0.0,0
11:11:51.551,0.9178294539451599,286.13616943359375,20.0,0.0,0.0,0.0,0
11:11:51.568,0.9178294539451599,286.13616943359375,20.0,0.0,0.0,0.0,0
11:11:51.568,0.9178294539451599,286.13616943359375,20.0,0.0,0.0,0.0,0
11:11:51.584,0.9178294539451599,286.13616943359375,20.0,0.0,0.0,0.0,0
11:11:51.601,0.9178294539451599,286.13616943359375,20.0,0.0,0.0,0.0,0
11:11:51.612,0.9178294539451599,286.13616943359375,20.0,0.0,0.0,0.0,0
11:11:51.616,0.9178294539451599,286.13616943359375,20.0,0.0,0.0,0.0,0
11:11:51.616,0.9178294539451599,286.13616943359375,20.0,0.0,0.0,0.0,0
11:11:51.632,0.9178294539451599,286.13616943359375,20.0,0.0,0.0,0.0,0
11:11:51.647,0.9178294539451599,286.13616943359375,20.0,0.0,0.0,0.0,0
11:11:51.648,0.9178294539451599,286.13616943359375,20.0,0.0,0.0,0.0,0
11:11:51.665,0.9178294539451599,286.13616943359375,20.0,0.0,0.0,0.0,0
11:11:51.680,0.9178294539451599,286.13616943359375,20.0,0.0,0.0,0.0,0
11:11:51.680,0.9178294539451599,286.13616943359375,20.0,0.0,0.0,0.0,0
11:11:51.696,0.9178294539451599,286.13616943359375,20.0,0.0,0.0,0.0,0
11:11:51.696,0.9178294539451599,286.13616943359375,20.0,0.0,0.0,0.0,0
11:11:51.712,0.9178294539451599,286.13616943359375,20.0,0.0,0.0,0.0,0
11:11:51.730,0.9178294539451599,286.13616943359375,20.0,0.0,0.0,0.0,0
11:11:51.730,0.9178294539451599,286.13616943359375,20.0,0.0,0.0,0.0,0
11:11:51.744,0.9178294539451599,286.13616943359375,20.0,0.0,0.0,0.0,0
11:11:51.761,0.9178294539451599,286.13616943359375,20.0,0.0,0.0,0.0,0
11:11:51.761,0.9178294539451599,286.13616943359375,20.0,0.0,0.0,0.0,0
11:11:51.777,0.9178294539451599,286.13616943359375,20.0,0.0,0.0,0.0,0
11:11:51.777,0.9178294539451599,286.13616943359375,20.0,0.0,0.0,0.0,0
11:11:51.795,0.9178294539451599,286.13616943359375,20.0,0.0,0.0,0.0,0
11:11:51.809,0.9178294539451599,286.13616943359375,20.0,0.0,0.0,0.0,0
11:11:51.809,0.9178294539451599,286.13616943359375,20.0,0.0,0.0,0.0,0
11:11:51.825,0.9178294539451599,286.13616943359375,20.0,0.0,0.0,0.0,0
11:11:51.841,0.9178294539451599,286.13616943359375,20.0,0.0,0.0,0.0,0
11:11:51.841,0.9178294539451599,286.13616943359375,20.0,0.0,0.0,0.0,0
11:11:51.859,0.9178294539451599,286.13616943359375,20.0,0.0,0.0,0.0,0
11:11:51.874,0.9178294539451599,286.13616943359375,20.0,0.0,0.0,0.0,0
11:11:51.874,0.9178294539451599,286.13616943359375,20.0,0.0,0.0,0.0,0
11:11:51.889,0.9178294539451599,286.13616943359375,20.0,0.0,0.0,0.0,0
11:11:51.889,0.9178294539451599,286.13616943359375,20.0,0.0,0.0,0.0,0
11:11:51.907,0.9178294539451599,286.13616943359375,20.0,0.0,0.0,0.0,0
11:11:51.918,0.9178294539451599,286.13616943359375,20.0,0.0,0.0,0.0,0
11:11:51.921,0.9178294539451599,286.13616943359375,20.0,0.0,0.0,0.0,0
11:11:51.937,0.9178294539451599,286.13616943359375,20.0,0.0,0.0,0.0,0
11:11:51.937,0.9178294539451599,286.13616943359375,20.0,0.0,0.0,0.0,0
11:11:51.953,0.9178294539451599,286.13616943359375,20.0,0.0,0.0,0.0,0
11:11:51.970,0.9178294539451599,286.13616943359375,20.0,0.0,0.0,0.0,0
11:11:51.980,0.9178294539451599,286.13616943359375,20.0,0.0,0.0,0.0,0
11:11:51.986,0.9178294539451599,286.13616943359375,20.0,0.0,0.0,0.0,0
11:11:51.986,0.9178294539451599,286.13616943359375,20.0,0.0,0.0,0.0,0
11:11:52.002,0.9178294539451599,286.13616943359375,20.0,0.0,0.0,0.0,0
11:11:52.018,0.9178294539451599,286.13616943359375,20.0,0.0,0.0,0.0,0
11:11:52.018,0.9178294539451599,286.13616943359375,20.0,0.0,0.0,0.0,0
11:11:52.036,0.9178294539451599,286.13616943359375,20.0,0.0,0.0,0.0,0
11:11:52.051,0.9178294539451599,286.13616943359375,20.0,0.0,0.0,0.0,0
11:11:52.051,0.9178294539451599,286.13616943359375,20.0,0.0,0.0,0.0,0
11:11:52.068,0.9178294539451599,286.13616943359375,20.0,0.0,0.0,0.0,0
11:11:52.068,0.9178294539451599,286.13616943359375,20.0,0.0,0.0,0.0,0
11:11:52.084,0.9178294539451599,286.13616943359375,20.0,0.0,0.0,0.0,0
11:11:52.101,0.9178294539451599,286.13616943359375,20.0,0.0,0.0,0.0,0
11:11:52.111,0.9178294539451599,286.13616943359375,20.0,0.0,0.0,0.0,0
11:11:52.116,0.9178294539451599,286.13616943359375,20.0,0.0,0.0,0.0,0
11:11:52.116,0.9178294539451599,286.13616943359375,20.0,0.0,0.0,0.0,0
11:11:52.132,0.9178294539451599,286.13616943359375,20.0,0.0,0.0,0.0,0
11:11:52.148,0.9178294539451599,286.13616943359375,20.0,0.0,0.0,0.0,0
11:11:52.148,0.9178294539451599,286.13616943359375,20.0,0.0,0.0,0.0,0
11:11:52.176,0.9178294539451599,286.13616943359375,20.0,0.0,0.0,0.0,0
11:11:52.180,0.9178294539451599,286.13616943359375,20.0,0.0,0.0,0.0,0
11:11:52.180,0.9178294539451599,286.13616943359375,20.0,0.0,0.0,0.0,0
11:11:52.196,2.142988443374634,38.3348388671875,30.0,29.994443893432617,29.994443893432617,0.0,1
11:11:52.196,3.419163942337036,73.9432601928711,30.0,0.0,29.994443893432617,0.0,1
11:11:52.213,5.574584007263184,135.0324249267578,30.0,0.0,0.0,29.994443893432617,1
11:11:52.230,1.2203190326690674,172.09437561035156,30.0,29.994443893432617,0.0,0.0,1
11:11:52.245,2.8319432735443115,185.6964874267578,30.0,29.994443893432617,29.994443893432617,0.0,1
11:11:52.255,4.672378063201904,203.569580078125,30.0,0.0,29.994443893432617,29.994443893432617,1
11:11:52.261,0.1300285905599594,213.1136932373047,30.0,29.994443893432617,0.0,29.994443893432617,1
11:11:52.261,1.8394296169281006,218.98623657226562,30.0,29.994443893432617,0.0,0.0,1
11:11:52.278,3.572821617126465,223.70175170898438,30.0,0.0,29.994443893432617,0.0,1
11:11:52.278,5.327211380004883,228.12054443359375,30.0,0.0,0.0,29.994443893432617,1
11:11:52.294,0.7267459630966187,228.49110412597656,30.0,29.994443893432617,0.0,29.994443893432617,1
11:11:52.310,2.538855791091919,233.88632202148438,30.0,29.994443893432617,29.994443893432617,0.0,1
11:11:52.310,4.318845272064209,236.87451171875,30.0,0.0,29.994443893432617,29.994443893432617,1
11:11:52.326,6.069772720336914,237.5047607421875,30.0,0.0,0.0,29.994443893432617,1
11:11:52.326,1.6116844415664673,240.92918395996094,30.0,29.994443893432617,0.0,0.0,1
11:11:52.344,3.372378349304199,240.44601440429688,30.0,0.0,29.994443893432617,0.0,1
11:11:52.358,5.193301677703857,242.7917022705078,30.0,0.0,29.994443893432617,29.994443893432617,1
11:11:52.358,0.6710270047187805,242.13807678222656,30.0,29.994443893432617,0.0,29.994443893432617,1
11:11:52.375,2.5466325283050537,245.97723388671875,30.0,29.994443893432617,29.994443893432617,0.0,1
11:11:52.391,4.370969772338867,247.1706085205078,30.0,0.0,29.994443893432617,29.994443893432617,1
11:11:52.391,6.176924705505371,246.99917602539062,30.0,0.0,0.0,29.994443893432617,1
11:11:52.409,1.7188429832458496,247.5623016357422,30.0,29.994443893432617,0.0,0.0,1
11:11:52.409,3.562368392944336,248.6389923095703,30.0,0.0,29.994443893432617,0.0,1
11:11:52.423,5.391463279724121,249.0524444580078,30.0,0.0,0.0,29.994443893432617,1
11:11:52.439,0.9225530624389648,248.51678466796875,30.0,29.994443893432617,0.0,29.994443893432617,1
11:11:52.440,2.8046507835388184,250.82308959960938,30.0,29.994443893432617,29.994443893432617,0.0,1
11:11:52.455,4.67154598236084,252.0843505859375,30.0,0.0,29.994443893432617,29.994443893432617,1
11:11:52.455,0.18366876244544983,250.29055786132812,30.0,29.994443893432617,0.0,29.994443893432617,1
11:11:52.472,2.065842628479004,252.2923126220703,30.0,29.994443893432617,0.0,0.0,1
11:11:52.490,3.8673932552337646,250.52886962890625,30.0,0.0,29.994443893432617,0.0,1
11:11:52.490,5.708797931671143,250.53201293945312,30.0,0.0,0.0,29.994443893432617,1
11:11:52.503,1.3109352588653564,252.83192443847656,30.0,29.994443893432617,0.0,0.0,1
11:11:52.519,3.174085855484009,253.27572631835938,30.0,0.0,29.994443893432617,0.0,1
11:11:52.519,5.039923667907715,253.6604461669922,30.0,0.0,29.994443893432617,29.994443893432617,1
11:11:52.537,0.5775651931762695,252.13455200195312,30.0,29.994443893432617,0.0,29.994443893432617,1
11:11:52.559,2.450190782546997,253.13784790039062,30.0,29.994443893432617,29.994443893432617,0.0,1
11:11:52.559,4.293205261230469,252.87025451660156,30.0,0.0,29.994443893432617,29.994443893432617,1
11:11:52.559,6.131030082702637,252.16270446777344,30.0,0.0,0.0,29.994443893432617,1
11:11:52.567,1.7195626497268677,253.59896850585938,30.0,29.994443893432617,0.0,0.0,1
11:11:52.583,3.5432090759277344,252.06179809570312,30.0,0.0,29.994443893432617,0.0,1
11:11:52.601,5.370469570159912,250.99468994140625,30.0,0.0,0.0,29.994443893432617,1
11:11:52.601,0.9330551028251648,251.3423309326172,30.0,29.994443893432617,0.0,29.994443893432617,1
11:11:52.626,2.7950353622436523,251.99468994140625,30.0,29.994443893432617,29.994443893432617,0.0,1
11:11:52.626,4.617047309875488,251.23025512695312,30.0,0.0,29.994443893432617,29.994443893432617,1
11:11:52.632,0.17172513902187347,250.99627685546875,30.0,29.994443893432617,0.0,29.994443893432617,1
11:11:52.648,2.0407044887542725,252.23187255859375,30.0,29.994443893432617,0.0,0.0,1
11:11:52.648,3.8560385704040527,250.9018096923828,30.0,0.0,29.994443893432617,0.0,1
11:11:52.666,5.693436622619629,250.59152221679688,30.0,0.0,0.0,29.994443893432617,1
11:11:52.695,1.266207218170166,251.6440887451172,30.0,29.994443893432617,0.0,0.0,1
11:11:52.695,3.097581386566162,251.0233154296875,30.0,29.994443893432617,29.994443893432617,0.0,1
11:11:52.695,4.974187850952148,252.71337890625,30.0,0.0,29.994443893432617,29.994443893432617,1
11:11:52.697,0.49362343549728394,250.7985076904297,30.0,29.994443893432617,0.0,29.994443893432617,1
11:11:52.713,2.3806512355804443,252.9559783935547,30.0,29.994443893432617,29.994443893432617,0.0,1
11:11:52.730,4.214903354644775,252.19615173339844,30.0,0.0,29.994443893432617,29.994443893432617,1
11:11:52.730,6.0472307205200195,251.4502716064453,30.0,0.0,0.0,29.994443893432617,1
11:11:52.770,1.6332240104675293,252.7874298095703,30.0,29.994443893432617,0.0,0.0,1
11:11:52.770,3.4739956855773926,252.0585479736328,30.0,0.0,29.994443893432617,0.0,1
11:11:52.771,5.318014621734619,251.79782104492188,30.0,0.0,0.0,29.994443893432617,1
11:11:52.771,0.8667723536491394,251.14088439941406,30.0,29.994443893432617,0.0,29.994443893432617,1
11:11:52.777,2.7431552410125732,252.40594482421875,30.0,29.994443893432617,29.994443893432617,0.0,1
11:11:52.795,4.597902297973633,252.73533630371094,30.0,0.0,29.994443893432617,29.994443893432617,1
11:11:52.837,0.13111568987369537,251.19923400878906,30.0,29.994443893432617,0.0,29.994443893432617,1
11:11:52.837,2.012108325958252,252.89031982421875,30.0,29.994443893432617,0.0,0.0,1
11:11:52.837,3.853912591934204,252.3326416015625,30.0,0.0,29.994443893432617,0.0,1
11:11:52.837,5.709334850311279,252.47398376464844,30.0,0.0,0.0,29.994443893432617,1
11:11:52.837,1.2894712686538696,253.25460815429688,30.0,29.994443893432617,0.0,0.0,1
11:11:52.896,3.143886089324951,253.20440673828125,30.0,29.994443893432617,29.994443893432617,0.0,1
11:11:52.896,4.948831081390381,251.57533264160156,30.0,0.0,29.994443893432617,29.994443893432617,1
11:11:52.896,0.44720563292503357,249.05670166015625,30.0,29.994443893432617,0.0,29.994443893432617,1
11:11:52.896,2.3386964797973633,251.61029052734375,30.0,29.994443893432617,29.994443893432617,0.0,1
11:11:52.896,4.153092384338379,250.46542358398438,30.0,0.0,29.994443893432617,0.0,1
11:11:52.907,6.001811981201172,250.80929565429688,30.0,0.0,0.0,29.994443893432617,1
11:11:52.907,1.5466784238815308,250.3474884033203,30.0,29.994443893432617,0.0,0.0,1
11:11:52.965,3.375363349914551,250.008056640625,30.0,0.0,29.994443893432617,0.0,1
11:11:52.965,5.21136999130249,250.1448516845703,30.0,0.0,29.994443893432617,29.994443893432617,1
11:11:52.965,0.7441547513008118,249.4601593017578,30.0,29.994443893432617,0.0,29.994443893432617,1
11:11:52.965,2.615668296813965,251.18157958984375,30.0,29.994443893432617,29.994443893432617,0.0,1
11:11:52.965,4.471157073974609,251.96041870117188,30.0,0.0,29.994443893432617,29.994443893432617,1
11:11:52.970,6.243666648864746,249.16909790039062,30.0,0.0,0.0,29.994443893432617,1
11:11:53.037,1.8344595432281494,251.14112854003906,30.0,29.994443893432617,0.0,0.0,1
11:11:53.037,3.6314234733581543,249.33859252929688,30.0,0.0,29.994443893432617,0.0,1
11:11:53.038,5.462490558624268,249.23309326171875,30.0,0.0,0.0,29.994443893432617,1
11:11:53.038,0.9979650974273682,248.9936065673828,30.0,29.994443893432617,0.0,29.994443893432617,1
11:11:53.038,2.879981517791748,251.07180786132812,30.0,29.994443893432617,29.994443893432617,0.0,1
11:11:53.038,4.7403645515441895,251.91661071777344,30.0,0.0,29.994443893432617,29.994443893432617,1
11:11:53.038,0.26370516419410706,250.18309020996094,30.0,29.994443893432617,0.0,29.994443893432617,1
11:11:53.103,2.1266212463378906,251.4924774169922,30.0,29.994443893432617,29.994443893432617,0.0,1
11:11:53.103,3.9373762607574463,250.08883666992188,30.0,0.0,29.994443893432617,0.0,1
11:11:53.103,5.786917209625244,250.60067749023438,30.0,0.0,0.0,29.994443893432617,1
11:11:53.103,1.3696397542953491,252.4041748046875,30.0,29.994443893432617,0.0,0.0,1
11:11:53.103,3.186213970184326,250.97393798828125,30.0,0.0,29.994443893432617,0.0,1
11:11:53.103,5.038966178894043,251.51181030273438,30.0,0.0,29.994443893432617,29.994443893432617,1
11:11:53.170,0.5675610303878784,250.4696502685547,30.0,29.994443893432617,0.0,29.994443893432617,1
11:11:53.170,2.4189414978027344,251.04425048828125,30.0,29.994443893432617,29.994443893432617,0.0,1
11:11:53.170,4.242654323577881,250.62722778320312,30.0,0.0,29.994443893432617,29.994443893432617,1
11:11:53.170,6.081772327423096,250.63674926757812,30.0,0.0,0.0,29.994443893432617,1
11:11:53.170,1.661905288696289,251.76510620117188,30.0,29.994443893432617,0.0,0.0,1
11:11:53.170,3.472242593765259,250.36209106445312,30.0,0.0,29.994443893432617,0.0,1
11:11:53.170,5.311325550079346,250.24586486816406,30.0,0.0,0.0,29.994443893432617,1
11:11:53.239,0.8497249484062195,249.77545166015625,30.0,29.994443893432617,0.0,29.994443893432617,1
11:11:53.239,2.714355707168579,250.8653564453125,30.0,29.994443893432617,29.994443893432617,0.0,1
11:11:53.239,4.5881524085998535,252.61619567871094,30.0,0.0,29.994443893432617,29.994443893432617,1
11:11:53.239,0.12180011719465256,251.1334228515625,30.0,29.994443893432617,0.0,29.994443893432617,1
11:11:53.239,1.9840540885925293,252.05404663085938,30.0,29.994443893432617,0.0,0.0,1
11:11:53.239,3.8373045921325684,252.1633758544922,30.0,0.0,29.994443893432617,0.0,1
11:11:53.240,5.673481464385986,251.57052612304688,30.0,0.0,0.0,29.994443893432617,1
11:11:53.369,1.2644519805908203,253.20835876464844,30.0,29.994443893432617,0.0,0.0,1
11:11:53.369,3.1299123764038086,253.61883544921875,30.0,29.994443893432617,29.994443893432617,0.0,1
11:11:53.369,4.972570419311523,253.20114135742188,30.0,0.0,29.994443893432617,29.994443893432617,1
11:11:53.369,0.4912354350090027,251.1657257080078,30.0,29.994443893432617,0.0,29.994443893432617,1
11:11:53.369,2.3675901889801025,252.44662475585938,30.0,29.994443893432617,29.994443893432617,0.0,1
11:11:53.369,4.221222400665283,252.79806518554688,30.0,0.0,29.994443893432617,29.994443893432617,1
11:11:53.369,6.055507183074951,252.0751190185547,30.0,0.0,0.0,29.994443893432617,1
11:11:53.369,1.6265449523925781,252.60263061523438,30.0,29.994443893432617,0.0,0.0,1
11:11:53.369,3.4678330421447754,252.12513732910156,30.0,0.0,29.994443893432617,0.0,1
11:11:53.369,5.324433326721191,252.359619140625,30.0,0.0,0.0,29.994443893432617,1
11:11:53.369,0.8602896928787231,251.0630340576172,30.0,29.994443893432617,0.0,29.994443893432617,1
11:11:53.369,2.7508034706115723,252.95574951171875,30.0,29.994443893432617,29.994443893432617,0.0,1
11:11:53.369,4.551764488220215,251.2996368408203,30.0,0.0,29.994443893432617,29.994443893432617,1
11:11:53.511,0.05941593274474144,248.9988555908203,30.0,29.994443893432617,0.0,29.994443893432617,1
11:11:53.511,1.9450030326843262,251.604736328125,30.0,29.994443893432617,0.0,0.0,1
11:11:53.511,3.764507293701172,250.47633361816406,30.0,0.0,29.994443893432617,0.0,1
11:11:53.511,5.6101393699646,250.79812622070312,30.0,0.0,0.0,29.994443893432617,1
11:11:53.511,1.153259038925171,250.19822692871094,30.0,29.994443893432617,0.0,0.0,1
11:11:53.511,2.9895148277282715,250.3332061767578,30.0,29.994443893432617,29.994443893432617,0.0,1
11:11:53.511,4.820168972015381,250.16567993164062,30.0,0.0,29.994443893432617,29.994443893432617,1
11:11:53.511,0.35575491189956665,249.4720916748047,30.0,29.994443893432617,0.0,29.994443893432617,1
11:11:53.511,2.219634532928467,251.0135040283203,30.0,29.994443893432617,29.994443893432617,0.0,1
11:11:53.511,4.051231861114502,250.5892791748047,30.0,0.0,29.994443893432617,0.0,1
11:11:53.511,5.847551345825195,248.8056182861328,30.0,0.0,0.0,29.994443893432617,1
11:11:53.511,1.4332976341247559,250.91195678710938,30.0,29.994443893432617,0.0,0.0,1
11:11:53.511,3.2321646213531494,249.221435546875,30.0,0.0,29.994443893432617,0.0,1
11:11:53.511,5.0994768142700195,250.90939331054688,30.0,0.0,29.994443893432617,29.994443893432617,1
11:11:53.666,0.6009186506271362,248.92913818359375,30.0,29.994443893432617,0.0,29.994443893432617,1
11:11:53.666,2.488342523574829,251.4385223388672,30.0,29.994443893432617,29.994443893432617,0.0,1
11:11:53.666,4.346392631530762,252.04995727539062,30.0,0.0,29.994443893432617,29.994443893432617,1
11:11:53.666,6.177923679351807,251.3374481201172,30.0,0.0,0.0,29.994443893432617,1
11:11:53.666,1.732193946838379,251.341064453125,30.0,29.994443893432617,0.0,0.0,1
11:11:53.666,3.546342611312866,250.1427459716797,30.0,0.0,29.994443893432617,0.0,1
11:11:53.666,5.39237117767334,250.5069122314453,30.0,0.0,0.0,29.994443893432617,1
11:11:53.666,0.9162832498550415,249.29774475097656,30.0,29.994443893432617,0.0,29.994443893432617,1
11:11:53.666,2.796374797821045,251.16366577148438,30.0,29.994443893432617,29.994443893432617,0.0,1
11:11:53.666,4.632504940032959,251.1431884765625,30.0,0.0,29.994443893432617,29.994443893432617,1
11:11:53.666,0.16817548871040344,250.34173583984375,30.0,29.994443893432617,0.0,29.994443893432617,1
11:11:53.666,2.0060226917266846,250.49057006835938,30.0,29.994443893432617,0.0,0.0,1
11:11:53.666,3.8313770294189453,249.9993133544922,30.0,0.0,29.994443893432617,0.0,1
11:11:53.666,5.6777448654174805,250.48367309570312,30.0,0.0,0.0,29.994443893432617,1
11:11:53.666,1.2536766529083252,251.4899444580078,30.0,29.994443893432617,0.0,0.0,1
11:11:53.836,3.0926151275634766,251.33949279785156,30.0,29.994443893432617,29.994443893432617,0.0,1
11:11:53.837,4.950695991516113,252.17996215820312,30.0,0.0,29.994443893432617,29.994443893432617,1
11:11:53.837,0.44163843989372253,249.3773193359375,30.0,29.994443893432617,0.0,29.994443893432617,1
11:11:53.837,2.300450086593628,250.4667205810547,30.0,29.994443893432617,29.994443893432617,0.0,1
11:11:53.838,4.137984752655029,250.57293701171875,30.0,0.0,29.994443893432617,0.0,1
11:11:53.838,5.989833354949951,250.95896911621094,30.0,0.0,0.0,29.994443893432617,1
11:11:53.838,1.5583171844482422,251.50486755371094,30.0,29.994443893432617,0.0,0.0,1
11:11:53.838,3.4048891067504883,251.58872985839844,30.0,0.0,29.994443893432617,0.0,1
11:11:53.838,5.243335247039795,251.19908142089844,30.0,0.0,0.0,29.994443893432617,1
11:11:53.838,0.7842720746994019,250.49281311035156,30.0,29.994443893432617,0.0,29.994443893432617,1
11:11:53.838,2.695659875869751,253.436767578125,30.0,29.994443893432617,29.994443893432617,0.0,1
11:11:53.838,4.538674831390381,253.07814025878906,30.0,0.0,29.994443893432617,29.994443893432617,1
11:11:53.838,0.06300811469554901,251.0899200439453,30.0,29.994443893432617,0.0,29.994443893432617,1
11:11:53.838,1.946725606918335,252.95465087890625,30.0,29.994443893432617,0.0,0.0,1
11:11:53.838,3.7639856338500977,251.51405334472656,30.0,0.0,29.994443893432617,0.0,1
11:11:53.838,5.614532947540283,251.64639282226562,30.0,0.0,0.0,29.994443893432617,1
11:11:53.838,1.1852796077728271,252.31813049316406,30.0,29.994443893432617,0.0,0.0,1
11:11:53.838,3.048922061920166,252.93748474121094,30.0,29.994443893432617,29.994443893432617,0.0,1
11:11:54.017,4.88510799407959,252.3890380859375,30.0,0.0,29.994443893432617,29.994443893432617,1
11:11:54.017,0.41334494948387146,250.84738159179688,30.0,29.994443893432617,0.0,29.994443893432617,1
11:11:54.017,2.299161911010742,252.69923400878906,30.0,29.994443893432617,29.994443893432617,0.0,1
11:11:54.017,4.07625675201416,249.81642150878906,30.0,0.0,29.994443893432617,0.0,1
11:11:54.017,5.918761253356934,250.13002014160156,30.0,0.0,0.0,29.994443893432617,1
11:11:54.017,1.469967007637024,250.62644958496094,30.0,29.994443893432617,0.0,0.0,1
11:11:54.017,3.288465976715088,249.726318359375,30.0,0.0,29.994443893432617,0.0,1
11:11:54.017,5.149552345275879,250.9855194091797,30.0,0.0,29.994443893432617,29.994443893432617,1
11:11:54.017,0.6774019002914429,250.00152587890625,30.0,29.994443893432617,0.0,29.994443893432617,1
11:11:54.017,2.50768780708313,250.00001525878906,30.0,29.994443893432617,29.994443893432617,0.0,1
11:11:54.017,4.329390525817871,249.55816650390625,30.0,0.0,29.994443893432617,29.994443893432617,1
11:11:54.017,6.15140438079834,249.2019805908203,30.0,0.0,0.0,29.994443893432617,1
11:11:54.017,1.7065870761871338,249.87890625,30.0,29.994443893432617,0.0,0.0,1
11:11:54.017,3.536309003829956,249.6839599609375,30.0,0.0,29.994443893432617,0.0,1
11:11:54.017,5.338378429412842,248.37200927734375,30.0,0.0,0.0,29.994443893432617,1
11:11:54.017,0.8867007493972778,248.78848266601562,30.0,29.994443893432617,0.0,29.994443893432617,1
11:11:54.017,2.7360167503356934,249.63796997070312,30.0,29.994443893432617,29.994443893432617,0.0,1
11:11:54.017,4.578318119049072,250.30377197265625,30.0,0.0,29.994443893432617,29.994443893432617,1
11:11:54.211,0.08378902077674866,248.50503540039062,30.0,29.994443893432617,0.0,29.994443893432617,1
11:11:54.211,1.9531396627426147,250.41444396972656,30.0,29.994443893432617,0.0,0.0,1
11:11:54.211,3.799543619155884,250.83184814453125,30.0,0.0,29.994443893432617,0.0,1
11:11:54.211,5.6345744132995605,250.57357788085938,30.0,0.0,0.0,29.994443893432617,1
11:11:54.211,1.1881394386291504,250.8972625732422,30.0,29.994443893432617,0.0,0.0,1
11:11:54.211,3.0397603511810303,251.3209991455078,30.0,29.994443893432617,29.994443893432617,0.0,1
11:11:54.211,4.862356185913086,250.89463806152344,30.0,0.0,29.994443893432617,29.994443893432617,1
11:11:54.211,0.3800028860569,249.2503204345703,30.0,29.994443893432617,0.0,29.994443893432617,1
11:11:54.211,2.2574658393859863,251.1486053466797,30.0,29.994443893432617,29.994443893432617,0.0,1
11:11:54.211,4.0820393562316895,250.53433227539062,30.0,0.0,29.994443893432617,0.0,1
11:11:54.211,5.898910045623779,249.62924194335938,30.0,0.0,0.0,29.994443893432617,1
11:11:54.211,1.4698647260665894,250.56655883789062,30.0,29.994443893432617,0.0,0.0,1
11:11:54.211,3.2947890758514404,249.92747497558594,30.0,0.0,29.994443893432617,0.0,1
11:11:54.211,5.141633033752441,250.52757263183594,30.0,0.0,29.994443893432617,29.994443893432617,1
11:11:54.211,0.6948487162590027,250.54493713378906,30.0,29.994443893432617,0.0,29.994443893432617,1
11:11:54.211,2.553467035293579,251.37908935546875,30.0,29.994443893432617,29.994443893432617,0.0,1
11:11:54.211,4.814555644989014,274.7955322265625,30.0,54.5846061706543,24.14559555053711,75.84050750732422,2
11:11:54.211,1.691470742225647,341.18194580078125,30.0,44.58182907104492,75.78494262695312,24.2011661529541,2
11:11:54.212,4.782501220703125,377.7344970703125,30.0,53.1397590637207,24.07613182067871,75.90997314453125,2
11:11:54.566,1.6747620105743408,405.2106018066406,30.0,45.318145751953125,75.82662200927734,24.159488677978516,2
11:11:54.566,4.827805995941162,416.5726013183594,30.0,55.18199157714844,24.187274932861328,75.79883575439453,2
11:11:54.566,1.8099582195281982,431.82568359375,30.0,39.33036804199219,75.2292251586914,24.756877899169922,2
11:11:54.566,4.987545967102051,433.79150390625,30.0,62.225616455078125,24.993053436279297,74.99305725097656,2
11:11:54.566,1.9799953699111938,441.9449157714844,30.0,32.092247009277344,73.82606506347656,26.160043716430664,2
11:11:54.566,5.152458190917969,439.13140869140625,30.0,69.1581039428711,26.493471145629883,73.49263763427734,2
11:11:54.566,2.184426784515381,445.48956298828125,30.0,26.410114288330078,73.57598876953125,31.091970443725586,2
11:11:54.566,5.535636901855469,455.13446044921875,30.0,75.32647705078125,24.65962791442871,59.988887786865234,2
11:11:54.566,2.6034793853759766,456.5054931640625,30.0,24.02056121826172,75.96554565429688,49.33314895629883,2
11:11:54.566,6.014625549316406,461.64752197265625,30.0,75.1319808959961,24.8541259765625,38.6357307434082,2
11:11:54.566,3.0592896938323975,460.16357421875,30.0,26.507362365722656,73.47874450683594,69.21366882324219,2
11:11:54.566,0.16655069589614868,457.177734375,30.0,74.34009552001953,34.259517669677734,25.646013259887695,2
11:11:54.566,3.587590217590332,465.02020263671875,30.0,24.090024948120117,53.48707962036133,75.89608764648438,2
11:11:54.566,0.6360291242599487,459.50164794921875,30.0,75.81272888183594,55.04306411743164,24.173381805419922,2
11:11:54.566,4.126091957092285,466.9315185546875,30.0,26.729646682739258,29.980548858642578,73.25646209716797,2
11:11:54.566,1.2702538967132568,472.9197998046875,30.0,63.30925369262695,74.81244659423828,25.17365837097168,2
11:11:54.566,4.673387050628662,468.76983642578125,30.0,48.23562240600586,24.034454345703125,75.95165252685547,2
11:11:54.566,1.8664000034332275,475.2338562011719,30.0,36.88524627685547,74.8402328491211,25.1458740234375,2
11:11:54.566,5.233914852142334,471.2037048339844,30.0,72.40900421142578,27.46596336364746,72.5201416015625,2
11:11:54.566,2.3932464122772217,469.40093994140625,30.0,24.65962791442871,75.32647705078125,39.96943664550781,2
11:11:54.566,5.857545375823975,473.0783386230469,30.0,75.85440063476562,24.131702423095703,45.59599685668945,2
11:11:54.566,2.9672346115112305,470.11834716796875,30.0,25.576549530029297,74.40955352783203,65.3931655883789,2
11:11:54.566,0.12785649299621582,466.3387756347656,30.0,73.9649887084961,32.64795684814453,26.021116256713867,2
11:11:54.566,3.561553716659546,470.5639343261719,30.0,24.14559555053711,54.65406799316406,75.84050750732422,2
11:11:54.566,0.6526494026184082,465.0257568359375,30.0,75.75714874267578,55.77938461303711,24.228952407836914,2
11:11:54.566,4.108363151550293,468.2920227050781,30.0,26.521257400512695,30.702972412109375,73.46485137939453,2
11:11:54.566,1.2282168865203857,473.6070861816406,30.0,65.11531066894531,74.46513366699219,25.520977020263672,2
11:11:54.566,4.673816204071045,470.85595703125,30.0,48.263404846191406,24.034454345703125,75.95165252685547,2
11:11:54.566,1.8311803340911865,471.9964599609375,30.0,38.413448333740234,75.10419464111328,24.881912231445312,2
11:11:54.566,5.193702697753906,470.3184814453125,30.0,70.82523345947266,26.965824127197266,73.0202865600586,2
11:11:54.566,2.3569138050079346,468.0559387207031,30.0,24.89580535888672,75.09030151367188,38.371768951416016,2
11:11:54.566,5.803234100341797,470.33770751953125,30.0,75.95165252685547,24.034454345703125,48.02722930908203,2
11:11:54.566,2.8913466930389404,467.4481506347656,30.0,24.97916030883789,75.00694274902344,62.14225769042969,2
11:11:54.566,0.10048568248748779,471.57666015625,30.0,73.6871337890625,31.522645950317383,26.298973083496094,2
11:11:54.566,3.5039987564086914,470.301513671875,30.0,24.353986740112305,57.2103385925293,75.63211822509766,2
11:11:54.683,0.5685395002365112,462.84649658203125,30.0,75.95165252685547,52.01444625854492,24.034454345703125,2
11:11:54.684,4.045504093170166,467.7267150878906,30.0,25.868297576904297,33.287025451660156,74.11781311035156,2
11:11:54.684,1.216054081916809,476.73126220703125,30.0,65.62934112548828,74.35398864746094,25.632118225097656,2
11:11:54.684,4.633874893188477,469.8023376464844,30.0,46.45735168457031,24.090024948120117,75.89608764648438,2
11:11:54.684,1.7906734943389893,471.9492492675781,30.0,40.17782974243164,75.35426330566406,24.6318416595459,2
11:11:54.684,5.139760971069336,465.6144104003906,30.0,68.64407348632812,26.354541778564453,73.6315689086914,2
11:11:54.752,2.3205759525299072,467.0770263671875,30.0,25.159767150878906,74.82633972167969,36.8018913269043,2
11:11:54.752,5.720232963562012,466.9793395996094,30.0,75.95165252685547,24.034454345703125,51.764381408691406,2
11:11:54.752,2.806286096572876,464.16033935546875,30.0,24.46512794494629,75.52098083496094,58.41900634765625,2
11:11:54.752,0.01292126253247261,469.42333984375,30.0,72.65907287597656,27.993886947631836,27.32703399658203,2
11:11:54.752,3.415555238723755,470.1613464355469,30.0,24.812448501586914,61.11419677734375,75.17366027832031,2
11:11:54.752,0.4958783984184265,463.217529296875,30.0,75.96554565429688,48.74965286254883,24.02056121826172,2
11:11:54.823,3.97501540184021,468.76336669921875,30.0,25.24312400817871,36.273963928222656,74.74298095703125,2
11:11:54.823,1.0912574529647827,477.01263427734375,30.0,70.75576782226562,73.04806518554688,26.938039779663086,2
11:11:54.823,4.522794723510742,468.8465270996094,30.0,41.51152801513672,24.479022979736328,75.50708770751953,2
11:11:54.823,1.700476050376892,472.7615966796875,30.0,44.17893981933594,75.75714874267578,24.228952407836914,2
11:11:54.823,5.060324192047119,467.2112731933594,30.0,65.33759307861328,25.56265640258789,74.42344665527344,2
11:11:54.823,2.2270569801330566,465.2130126953125,30.0,25.965543746948242,74.02056121826172,32.84245681762695,2
11:11:54.823,5.618645191192627,467.4983825683594,30.0,75.7154769897461,24.270631790161133,56.321197509765625,2
11:11:54.824,2.7071661949157715,465.2973327636719,30.0,24.11781120300293,75.86829376220703,54.0011100769043,2
11:11:54.824,6.1809515953063965,468.9231872558594,30.0,73.7010269165039,26.285079956054688,31.59210968017578,2
11:11:54.824,3.3000311851501465,468.6717834472656,30.0,25.7293701171875,66.06002044677734,74.2567367553711,2
11:11:54.824,0.38938450813293457,462.7027587890625,30.0,75.7432632446289,43.97054672241211,24.24284553527832,2
11:11:54.824,3.8726396560668945,468.6404724121094,30.0,24.576271057128906,40.719642639160156,75.4237289428711,2
11:11:54.824,0.9371055364608765,475.5256652832031,30.0,73.78438568115234,68.074462890625,26.20172119140625,2
11:11:54.824,4.442070484161377,468.9742736816406,30.0,37.98277282714844,24.95137596130371,75.03472900390625,2
11:11:54.970,1.6299688816070557,475.9092102050781,30.0,47.33259201049805,75.92386627197266,24.062240600585938,2
11:11:54.970,5.001426696777344,468.6021423339844,30.0,62.823001861572266,25.090303421020508,74.89580535888672,2
11:11:54.970,2.2054355144500732,468.3183898925781,30.0,26.18783187866211,73.79827880859375,31.953319549560547,2
11:11:54.970,5.594852447509766,471.2093811035156,30.0,75.61822509765625,24.36787986755371,57.377044677734375,2
11:11:54.970,2.701284408569336,468.3651428222656,30.0,24.103918075561523,75.88218688964844,53.737152099609375,2
11:11:54.970,6.1746087074279785,471.3851013183594,30.0,73.77049255371094,26.21561622619629,31.842178344726562,2
11:11:54.970,3.2638728618621826,470.4967956542969,30.0,26.076688766479492,67.57432556152344,73.90941619873047,2
11:11:54.971,0.36600783467292786,463.4529724121094,30.0,75.64601135253906,42.928592681884766,24.34009552001953,2
11:11:54.971,3.842515230178833,469.52288818359375,30.0,24.423450469970703,42.053348541259766,75.56265258789062,2
11:11:54.971,0.9052761197090149,463.4355163574219,30.0,74.10391235351562,66.75465393066406,25.882190704345703,2
11:11:54.971,4.3918304443359375,468.9510192871094,30.0,35.81550598144531,25.34037208557129,74.64573669433594,2
11:11:54.971,1.566401720046997,475.37005615234375,30.0,50.194496154785156,75.97943878173828,24.006669998168945,2
11:11:54.971,4.928924083709717,467.81317138671875,30.0,59.65545654296875,24.617948532104492,75.36815643310547,2
11:11:54.971,2.115732192993164,472.60675048828125,30.0,27.215892791748047,72.77021789550781,28.327312469482422,2
11:11:54.971,5.509814262390137,470.7020263671875,30.0,75.17366027832031,24.812448501586914,61.11419677734375,2
11:11:55.058,2.609107255935669,467.173095703125,30.0,24.006669998168945,75.97943878173828,49.597110748291016,2
11:11:55.058,6.058039665222168,469.25970458984375,30.0,74.82633972167969,25.159767150878906,36.76021194458008,2
11:11:55.058,3.1397628784179688,468.5760498046875,30.0,27.46596336364746,72.5201416015625,72.42289733886719,2
11:11:55.058,0.2862207591533661,464.00396728515625,30.0,75.24311828613281,39.413726806640625,24.742984771728516,2
11:11:55.058,3.7253670692443848,467.8013610839844,30.0,24.062240600585938,47.290916442871094,75.92386627197266,2
11:11:55.058,0.7536008358001709,459.2751159667969,30.0,75.28480529785156,60.252845764160156,24.701305389404297,2
11:11:55.263,4.28439998626709,470.7207336425781,30.0,31.314254760742188,26.354541778564453,73.6315689086914,2
11:11:55.263,1.4294792413711548,471.9110107421875,30.0,56.33509063720703,75.7154769897461,24.270631790161133,2
11:11:55.263,4.804627895355225,466.3330383300781,30.0,54.140037536621094,24.11781120300293,75.86829376220703,2
11:11:55.263,2.040562868118286,475.3516845703125,30.0,29.619338989257812,73.15921020507812,26.82689666748047,2
11:11:55.263,5.40377140045166,469.1357116699219,30.0,74.34009552001953,25.646013259887695,65.6710205078125,2
11:11:55.263,2.5127458572387695,466.60186767578125,30.0,24.159488677978516,75.82662200927734,45.2625732421875,2
11:11:55.263,6.000870704650879,471.6545104980469,30.0,75.21533966064453,24.770769119262695,39.247013092041016,2
11:11:55.263,3.1103742122650146,469.9894714355469,30.0,27.10474967956543,72.88135528564453,71.2697982788086,2
11:11:55.263,0.23256686329841614,464.239990234375,30.0,74.88191223144531,37.07974624633789,25.10419464111328,2
11:11:55.263,3.6558070182800293,466.88116455078125,30.0,24.006669998168945,50.416778564453125,75.97943878173828,2
11:11:55.263,0.7204661965370178,460.88189697265625,30.0,75.46540832519531,58.79410934448242,24.520700454711914,2
11:11:55.263,4.256563186645508,469.8619384765625,30.0,30.188941955566406,26.66018295288086,73.325927734375,2
11:11:55.263,1.399710774421692,472.2058410644531,30.0,57.6549072265625,75.59044647216797,24.395666122436523,2
11:11:55.264,4.774360179901123,465.65020751953125,30.0,52.77854919433594,24.062240600585938,75.92386627197266,2
11:11:55.264,2.0089237689971924,474.60400390625,30.0,30.897470474243164,73.52042388916016,26.46568489074707,2
11:11:55.264,5.367152214050293,467.6535339355469,30.0,73.9927749633789,25.993331909179688,67.19922637939453,2
11:11:55.264,2.458775043487549,463.3967590332031,30.0,24.34009552001953,75.64601135253906,42.859127044677734,2
11:11:55.264,5.9364495277404785,469.610107421875,30.0,75.56265258789062,24.423450469970703,42.08113098144531,2
11:11:55.264,3.044929027557373,467.946533203125,30.0,26.340652465820312,73.64545440673828,68.63018035888672,2
11:11:55.264,0.1676374226808548,461.75347900390625,30.0,74.34009552001953,34.31509017944336,25.646013259887695,2
11:11:55.264,3.603229522705078,468.3901062011719,30.0,24.062240600585938,52.77854919433594,75.92386627197266,2
11:11:55.264,0.676093578338623,461.922607421875,30.0,75.67379760742188,56.835235595703125,24.31230926513672,2
11:11:55.264,4.17387056350708,469.9134826660156,30.0,27.29924964904785,28.07724380493164,72.68685913085938,2
11:11:55.385,1.312400221824646,471.5657043457031,30.0,61.48930358886719,75.11808776855469,24.868019104003906,2
11:11:55.386,4.703516483306885,466.25701904296875,30.0,49.597110748291016,24.006669998168945,75.97943878173828,2
11:11:55.386,1.9036470651626587,473.0867919921875,30.0,35.28757858276367,74.5484848022461,25.437620162963867,2
11:11:55.386,5.278043270111084,466.8788146972656,30.0,73.0202865600586,26.965824127197266,70.83912658691406,2
11:11:55.386,2.375007152557373,464.6773376464844,30.0,24.770769119262695,75.21533966064453,39.163658142089844,2
11:11:55.386,5.823385238647461,469.51739501953125,30.0,75.92386627197266,24.062240600585938,47.124202728271484,2
11:11:55.386,2.9408791065216064,467.4285583496094,30.0,25.354267120361328,74.63184356689453,64.26785278320312,2
11:11:55.386,0.09953327476978302,462.7508239746094,30.0,73.6732406616211,31.480968475341797,26.312864303588867,2
11:11:55.386,3.5121517181396484,468.62506103515625,30.0,24.31230926513672,56.84912109375,75.67379760742188,2
11:11:55.386,0.5951060652732849,462.66119384765625,30.0,75.90997314453125,53.209228515625,24.07613182067871,2
11:11:55.386,4.104095458984375,471.2895812988281,30.0,26.479578018188477,30.869686126708984,73.50653076171875,2
11:11:55.386,1.255704402923584,476.04583740234375,30.0,63.93442916870117,74.70130157470703,25.284799575805664,2
11:11:55.518,4.664119720458984,469.4814147949219,30.0,47.81884002685547,24.0483455657959,75.93775939941406,2
11:11:55.518,1.878211259841919,476.15087890625,30.0,36.371212005615234,74.75688171386719,25.229230880737305,2
11:11:55.518,5.247391700744629,471.88433837890625,30.0,72.64517974853516,27.340927124023438,72.04779052734375,2
11:11:55.518,2.387449264526367,469.7992858886719,30.0,24.701305389404297,75.28480529785156,39.705474853515625,2
11:11:55.518,5.835702419281006,471.8468933105469,30.0,75.89608764648438,24.090024948120117,46.5684928894043,2
11:11:55.518,2.907923936843872,465.92022705078125,30.0,25.090303421020508,74.89580535888672,62.86468505859375,2
11:11:55.518,0.1012410894036293,463.2208557128906,30.0,73.6871337890625,31.550430297851562,26.298973083496094,2
11:11:55.518,3.5101993083953857,470.07763671875,30.0,24.326202392578125,56.946372985839844,75.65990447998047,2
11:11:55.518,0.5754004716873169,463.16943359375,30.0,75.93775939941406,52.32008743286133,24.0483455657959,2
11:11:55.518,4.059237480163574,469.9534912109375,30.0,26.00722312927246,32.71742248535156,73.9788818359375,2
11:11:55.518,1.1975823640823364,475.0931396484375,30.0,66.40733337402344,74.18727111816406,25.7988338470459,2
11:11:55.518,4.603922367095947,467.69207763671875,30.0,45.1236457824707,24.159488677978516,75.82662200927734,2
11:11:55.519,1.792367696762085,473.1458435058594,30.0,40.10836410522461,75.34037017822266,24.645734786987305,2
11:11:55.519,5.163896560668945,467.5860900878906,30.0,69.63044738769531,26.61850357055664,73.36759948730469,2
11:11:55.621,2.313642978668213,466.4510803222656,30.0,25.201446533203125,74.78466033935547,36.5101432800293,2
11:11:55.621,5.74048376083374,470.1190185546875,30.0,75.96554565429688,24.02056121826172,50.84745788574219,2
11:11:55.621,2.8280727863311768,466.3836364746094,30.0,24.590164184570312,75.39594268798828,59.37760543823242,2
11:11:55.621,0.026277711614966393,470.828369140625,30.0,72.8257827758789,28.521812438964844,27.160322189331055,2
11:11:55.621,3.40221905708313,468.0797424316406,30.0,24.909696578979492,61.69769287109375,75.07640838623047,2
11:11:55.621,0.44879481196403503,459.3117980957031,30.0,75.89608764648438,46.624061584472656,24.090024948120117,2
11:11:55.621,3.955587863922119,469.37469482421875,30.0,25.10419464111328,37.10752868652344,74.88191223144531,2
11:11:55.621,1.072685718536377,472.5533142089844,30.0,71.49208068847656,72.8118896484375,27.174217224121094,2
11:11:55.621,4.502260684967041,466.41510009765625,30.0,40.60850143432617,24.590164184570312,75.39594268798828,2
11:11:55.621,1.7120963335037231,474.2784423828125,30.0,43.65101623535156,75.7154769897461,24.270631790161133,2
11:11:55.722,5.105335712432861,469.4682312011719,30.0,67.22700500488281,25.993331909179688,73.9927749633789,2
11:11:55.722,2.2592365741729736,467.3644714355469,30.0,25.6599063873291,74.32620239257812,34.1900520324707,2
11:11:55.722,5.700531959533691,472.24530029296875,30.0,75.92386627197266,24.062240600585938,52.65351486206055,2
11:11:55.722,2.8035407066345215,469.953857421875,30.0,24.46512794494629,75.52098083496094,58.293968200683594,2
11:11:55.722,6.281017303466797,472.7585754394531,30.0,72.5201416015625,27.46596336364746,27.577104568481445,2
11:11:55.722,3.3697688579559326,467.63970947265625,30.0,25.131982803344727,63.100860595703125,74.8541259765625,2
11:11:55.722,0.44479575753211975,461.46826171875,30.0,75.89608764648438,46.45735168457031,24.090024948120117,2
11:11:55.722,3.9576892852783203,470.471435546875,30.0,25.118087768554688,37.024173736572266,74.8680191040039,2
11:11:55.722,1.0530338287353516,471.4205322265625,30.0,72.27008056640625,72.56182098388672,27.424283981323242,2
11:11:55.722,4.490164279937744,465.8412780761719,30.0,40.0805778503418,24.645734786987305,75.34037017822266,2
11:11:55.834,1.7025911808013916,474.62432861328125,30.0,44.081687927246094,75.7432632446289,24.24284553527832,2
11:11:55.834,5.073627948760986,469.02655029296875,30.0,65.89330291748047,25.68769073486328,74.29841613769531,2
11:11:55.834,2.241697311401367,463.5198059082031,30.0,25.826618194580078,74.15949249267578,33.4537353515625,2
11:11:55.835,5.6383795738220215,469.74029541015625,30.0,75.78494262695312,24.2011661529541,55.432064056396484,2
11:11:55.835,2.739929676055908,467.9146423339844,30.0,24.2011661529541,75.78494262695312,55.4598503112793,2
11:11:55.835,6.216868877410889,471.5210266113281,30.0,73.29814147949219,26.68796730041504,30.119478225708008,2
11:11:55.835,3.294692039489746,468.5686340332031,30.0,25.77104949951172,66.28230285644531,74.21505737304688,2
11:11:55.835,0.3824027478694916,461.4482727050781,30.0,75.7154769897461,43.6649055480957,24.270631790161133,2
11:11:55.835,3.885108470916748,470.55645751953125,30.0,24.6318416595459,40.17782974243164,75.35426330566406,2
11:11:55.835,0.9572588205337524,464.2991027832031,30.0,73.56210327148438,68.90802764892578,26.42400550842285,2
11:11:55.835,4.412949085235596,466.5714111328125,30.0,36.71853256225586,25.17365837097168,74.81244659423828,2
11:11:55.958,1.596706509590149,471.7613220214844,30.0,48.8330078125,75.96554565429688,24.02056121826172,2
11:11:55.958,4.969003677368164,467.77484130859375,30.0,61.419837951660156,24.868019104003906,75.11808776855469,2
11:11:55.958,2.1481456756591797,473.60003662109375,30.0,26.82689666748047,73.15921020507812,29.619338989257812,2
11:11:55.958,5.529805660247803,469.06488037109375,30.0,75.28480529785156,24.701305389404297,60.238956451416016,2
11:11:55.958,2.6468825340270996,468.29522705078125,30.0,24.02056121826172,75.96554565429688,51.29202651977539,2
11:11:55.958,6.089160919189453,469.6455383300781,30.0,74.5762710571289,25.409835815429688,35.42650604248047,2
11:11:55.958,3.2133095264434814,469.29205322265625,30.0,26.61850357055664,69.64434051513672,73.36759948730469,2
11:11:55.958,0.30359041690826416,462.43902587890625,30.0,75.35426330566406,40.17782974243164,24.6318416595459,2
11:11:55.958,3.7912991046905518,470.1938781738281,30.0,24.21506118774414,44.33176040649414,75.77104187011719,2
11:11:55.958,0.8554217219352722,462.789306640625,30.0,74.5623779296875,64.65684509277344,25.423728942871094,2
11:11:55.958,4.367824554443359,469.5376281738281,30.0,34.78744125366211,25.53487205505371,74.45124053955078,2
11:11:55.958,1.5684819221496582,476.81292724609375,30.0,50.097251892089844,75.97943878173828,24.006669998168945,2
11:11:55.958,4.930027961730957,469.2547607421875,30.0,59.71103286743164,24.6318416595459,75.35426330566406,2
11:11:56.090,2.1580982208251953,477.82275390625,30.0,26.715755462646484,73.27034759521484,30.022228240966797,2
11:11:56.090,5.526755332946777,471.2219543457031,30.0,75.27091217041016,24.715198516845703,60.37788391113281,2
11:11:56.090,2.615157127380371,466.3832092285156,30.0,24.006669998168945,75.97943878173828,49.8610725402832,2
11:11:56.090,6.091299533843994,470.978515625,30.0,74.5623779296875,25.423728942871094,35.3431510925293,2
11:11:56.090,3.1911847591400146,470.75,30.0,26.88246726989746,70.53348541259766,73.10364532470703,2
11:11:56.090,0.2904680371284485,462.7238464355469,30.0,75.27091217041016,39.594329833984375,24.715198516845703,2
11:11:56.090,3.7482552528381348,469.0022277832031,30.0,24.103918075561523,46.26285171508789,75.88218688964844,2
11:11:56.090,0.8260856866836548,463.0401306152344,30.0,74.79855346679688,63.392608642578125,25.187551498413086,2
11:11:56.090,4.324984073638916,467.9817810058594,30.0,32.995277404785156,25.937759399414062,74.04834747314453,2
11:11:56.090,1.4819087982177734,472.6932067871094,30.0,53.98721694946289,75.86829376220703,24.11781120300293,2
11:11:56.090,4.866794109344482,467.74993896484375,30.0,56.9185905456543,24.326202392578125,75.65990447998047,2
11:11:56.090,2.09277606010437,475.9730224609375,30.0,27.549320220947266,72.5201416015625,27.46596336364746,2
11:11:56.090,5.4407830238342285,469.45672607421875,30.0,74.65962982177734,25.326478958129883,64.10114288330078,2
11:11:56.237,2.5365588665008545,464.9958190917969,30.0,24.103918075561523,75.88218688964844,46.332313537597656,2
11:11:56.237,6.019168376922607,470.6640625,30.0,75.10419464111328,24.881912231445312,38.44123458862305,2
11:11:56.237,3.0689852237701416,464.7077941894531,30.0,26.6046142578125,73.3814926147461,69.60266876220703,2
11:11:56.237,0.20121924579143524,460.3736877441406,30.0,74.63184356689453,35.732147216796875,25.354267120361328,2
11:11:56.238,3.6648011207580566,470.17681884765625,30.0,24.006669998168945,50.013893127441406,75.97943878173828,2
11:11:56.238,0.7510467171669006,463.5101318359375,30.0,75.29869842529297,60.14170837402344,24.687414169311523,2
11:11:56.238,4.221957206726074,466.5394592285156,30.0,28.799667358398438,27.07696533203125,72.90914154052734,2
11:11:56.238,1.3952709436416626,474.7509460449219,30.0,57.84939956665039,75.57655334472656,24.409557342529297,2
11:11:56.238,4.807984352111816,469.5191955566406,30.0,54.2928581237793,24.131702423095703,75.85440063476562,2
11:11:56.238,1.9987852573394775,474.6054992675781,30.0,31.314254760742188,73.6315689086914,26.354541778564453,2
11:11:56.238,5.391711235046387,471.7159729003906,30.0,74.22895812988281,25.75715446472168,66.17115783691406,2
11:11:56.238,2.530261754989624,471.2873229980469,30.0,24.11781120300293,75.86829376220703,46.05445861816406,2
11:11:56.238,5.980542182922363,471.87286376953125,30.0,75.34037017822266,24.645734786987305,40.13615036010742,2
11:11:56.238,3.076113224029541,468.22064208984375,30.0,26.68796730041504,73.29814147949219,69.89441680908203,2
11:11:56.395,0.2002829611301422,462.1628112792969,30.0,74.63184356689453,35.690467834472656,25.354267120361328,2
11:11:56.699,3.6678645610809326,471.1490478515625,30.0,24.006669998168945,49.87496566772461,75.97943878173828,2
11:11:56.699,0.7533566951751709,464.91827392578125,30.0,75.28480529785156,60.238956451416016,24.701305389404297,2
11:11:56.699,4.233734607696533,466.1648254394531,30.0,29.27202033996582,26.938039779663086,73.04806518554688,2
11:11:56.699,1.3868913650512695,473.64874267578125,30.0,58.22450637817383,75.53486633300781,24.451236724853516,2
11:11:56.699,4.787297248840332,469.20538330078125,30.0,53.3620491027832,24.090024948120117,75.89608764648438,2
11:11:56.699,1.9875396490097046,474.5545349121094,30.0,31.772714614868164,73.75659942626953,26.229507446289062,2
11:11:56.699,5.347110271453857,469.7283935546875,30.0,73.79827880859375,26.18783187866211,68.03279113769531,2
11:11:56.699,2.4736576080322266,468.85626220703125,30.0,24.284523010253906,75.70158386230469,43.525978088378906,2
11:11:56.699,5.9275970458984375,471.0665588378906,30.0,75.60433959960938,24.381772994995117,42.470130920410156,2
11:11:56.699,3.0103394985198975,466.36248779296875,30.0,25.993331909179688,73.9927749633789,67.19922637939453,2
11:11:56.699,0.1556370109319687,461.2215270996094,30.0,74.22895812988281,33.801055908203125,25.75715446472168,2
11:11:56.699,3.603562593460083,471.3979797363281,30.0,24.062240600585938,52.76465606689453,75.92386627197266,2
11:11:56.699,0.6691558361053467,463.91015625,30.0,75.70158386230469,56.51570129394531,24.284523010253906,2
11:11:56.699,4.152558326721191,469.7748107910156,30.0,27.035287857055664,28.924699783325195,72.95082092285156,2
11:11:56.700,1.3023746013641357,472.3265686035156,30.0,61.933868408203125,75.04862213134766,24.937482833862305,2
11:11:57.003,4.693009376525879,467.99578857421875,30.0,49.124755859375,24.02056121826172,75.96554565429688,2
11:11:57.003,1.8724613189697266,472.7508544921875,30.0,36.62128448486328,74.79855346679688,25.187551498413086,2
11:11:57.003,5.262728691101074,468.97686767578125,30.0,72.8257827758789,27.160322189331055,71.43651580810547,2
11:11:57.003,2.3743515014648438,467.0267639160156,30.0,24.7846622467041,75.20144653320312,39.13587188720703,2
11:11:57.004,5.822073459625244,470.12042236328125,30.0,75.92386627197266,24.062240600585938,47.17977523803711,2
11:11:57.004,2.944455146789551,469.279541015625,30.0,25.382051467895508,74.60405731201172,64.42066955566406,2
11:11:57.004,0.10410163551568985,462.52301025390625,30.0,73.71492004394531,31.66157341003418,26.27118492126465,2
11:11:57.004,3.520386219024658,469.87969970703125,30.0,24.284523010253906,56.487911224365234,75.70158386230469,2
11:11:57.004,0.5873236060142517,462.5274353027344,30.0,75.92386627197266,52.86190414428711,24.062240600585938,2
11:11:57.004,4.113914966583252,470.91693115234375,30.0,26.59071922302246,30.466794967651367,73.3953857421875,2
11:11:57.004,1.274653434753418,475.76129150390625,30.0,63.12864303588867,74.8402328491211,25.1458740234375,2
11:11:57.004,4.6616387367248535,468.4554748535156,30.0,47.707698822021484,24.0483455657959,75.93775939941406,2
11:11:57.004,1.880077600479126,477.3800048828125,30.0,36.30175018310547,74.74298095703125,25.24312400817871,2
11:11:57.004,5.257816314697266,472.0830383300781,30.0,72.77021789550781,27.215892791748047,71.63101196289062,2
11:11:57.004,2.3610239028930664,466.3758850097656,30.0,24.868019104003906,75.11808776855469,38.55237579345703,2
11:11:57.004,5.811724662780762,470.9664001464844,30.0,75.93775939941406,24.0483455657959,47.65212631225586,2
11:11:57.004,2.910790205001831,467.26373291015625,30.0,25.118087768554688,74.8680191040039,62.97582244873047,2
11:11:57.004,0.055096421390771866,462.8712463378906,30.0,73.17310333251953,29.674907684326172,26.813003540039062,2
11:11:57.004,3.471874237060547,469.8672180175781,30.0,24.4929141998291,58.64128875732422,75.49319458007812,2
11:11:57.004,0.5396369695663452,461.8623046875,30.0,75.96554565429688,50.708534240722656,24.02056121826172,2
11:11:57.004,4.049078464508057,469.86474609375,30.0,25.909975051879883,33.13420486450195,74.07613372802734,2
11:11:57.004,1.175668478012085,473.6058044433594,30.0,67.31036376953125,73.9649887084961,26.021116256713867,2
11:11:57.004,4.590524673461914,467.7176513671875,30.0,44.5262565612793,24.2011661529541,75.78494262695312,2
11:11:57.004,1.7952712774276733,475.2573547363281,30.0,39.96943664550781,75.32647705078125,24.65962791442871,2
11:11:57.004,5.1445088386535645,468.1512145996094,30.0,68.83856964111328,26.396221160888672,73.58988189697266,2
11:11:57.004,2.2748289108276367,465.20697021484375,30.0,25.520977020263672,74.46513366699219,34.856903076171875,2
11:11:57.004,5.717582702636719,470.1380310058594,30.0,75.95165252685547,24.034454345703125,51.88941192626953,2
11:11:57.004,2.795710802078247,464.80401611328125,30.0,24.423450469970703,75.56265258789062,57.946651458740234,2
11:11:57.004,6.24936056137085,467.4549560546875,30.0,72.92303466796875,27.063072204589844,28.82745361328125,2
11:11:57.004,3.356381416320801,469.3284912109375,30.0,25.24312400817871,63.67046356201172,74.74298095703125,2
11:11:57.004,0.46881338953971863,463.69970703125,30.0,75.93775939941406,47.5270881652832,24.0483455657959,2
11:11:57.302,3.9441370964050293,468.6414489746094,30.0,25.020837783813477,37.607669830322266,74.96527099609375,2
11:11:57.302,1.0529537200927734,474.8292236328125,30.0,72.27008056640625,72.56182098388672,27.424283981323242,2
11:11:57.302,4.519134521484375,469.7821350097656,30.0,41.344818115234375,24.4929141998291,75.49319458007812,2
11:11:57.302,1.7138168811798096,475.7840270996094,30.0,43.58155059814453,75.7154769897461,24.270631790161133,2
11:11:57.303,5.085823059082031,470.08154296875,30.0,66.40733337402344,25.7988338470459,74.18727111816406,2
11:11:57.303,2.25862193107605,470.0303649902344,30.0,25.673797607421875,74.31230926513672,34.162269592285156,2
11:11:57.303,5.68949031829834,472.7791748046875,30.0,75.90997314453125,24.07613182067871,53.1397590637207,2
11:11:57.303,2.79178524017334,468.5960693359375,30.0,24.409557342529297,75.57655334472656,57.779937744140625,2
11:11:57.303,6.269397735595703,472.2843322753906,30.0,72.67296600341797,27.313142776489258,28.035566329956055,2
11:11:57.303,3.3661437034606934,470.721435546875,30.0,25.159767150878906,63.25368118286133,74.82633972167969,2
11:11:57.303,0.470756471157074,465.2889099121094,30.0,75.93775939941406,47.61044692993164,24.0483455657959,2
11:11:57.303,3.946667194366455,470.45556640625,30.0,25.034730911254883,37.49652862548828,74.95137786865234,2
11:11:57.303,1.0398575067520142,473.7743225097656,30.0,72.58960723876953,72.20061492919922,27.396499633789062,2
11:11:57.303,4.503315448760986,469.4374084472656,30.0,40.65018081665039,24.576271057128906,75.40983581542969,2
11:11:57.303,1.6811691522598267,473.7991027832031,30.0,45.040287017822266,75.81272888183594,24.173381805419922,2
11:11:57.303,5.052668571472168,468.77667236328125,30.0,65.01805877685547,25.5070858001709,74.47901916503906,2
11:11:57.303,2.223771572113037,467.8150329589844,30.0,26.00722312927246,73.9788818359375,32.703529357910156,2
11:11:57.303,5.636045932769775,470.54864501953125,30.0,75.77104187011719,24.21506118774414,55.543209075927734,2
11:11:57.303,2.7264440059661865,466.1094970703125,30.0,24.159488677978516,75.82662200927734,54.862464904785156,2
11:11:57.303,6.204485893249512,470.43048095703125,30.0,73.45095825195312,26.535146713256836,30.61961555480957,2
11:11:57.303,3.3006513118743896,468.96734619140625,30.0,25.715476989746094,66.03223419189453,74.2706298828125,2
11:11:57.303,0.40577760338783264,464.07037353515625,30.0,75.79883575439453,44.70686340332031,24.187274932861328,2
11:11:57.303,3.871735095977783,468.52337646484375,30.0,24.5623779296875,40.761322021484375,75.4237289428711,2
11:11:57.303,0.9567549824714661,464.0003356933594,30.0,73.57598876953125,68.88024139404297,26.410114288330078,2
11:11:57.303,4.424250602722168,468.6116638183594,30.0,37.204776763916016,25.090303421020508,74.89580535888672,2
11:11:57.303,1.5744926929473877,473.4375915527344,30.0,49.83328628540039,75.97943878173828,24.006669998168945,2
11:11:57.303,4.972902774810791,470.12384033203125,30.0,61.586551666259766,24.89580535888672,75.09030151367188,2
11:11:57.303,2.1341552734375,471.7517395019531,30.0,26.993608474731445,72.99250030517578,29.063629150390625,2
11:11:57.303,5.521045207977295,468.9746398925781,30.0,75.24311828613281,24.742984771728516,60.62794876098633,2
11:11:57.303,2.6576972007751465,468.32745361328125,30.0,24.034454345703125,75.95165252685547,51.77826690673828,2
11:11:57.304,6.121990203857422,470.7158508300781,30.0,74.2845230102539,25.701581954956055,34.0372314453125,2
11:11:57.304,3.2197840213775635,471.3779602050781,30.0,26.549041748046875,69.38038635253906,73.43706512451172,2
11:11:57.304,0.32509154081344604,462.6796875,30.0,75.46540832519531,41.122535705566406,24.520700454711914,2
11:11:57.304,3.834928035736084,470.91546630859375,30.0,24.381772994995117,42.38677215576172,75.60433959960938,2
11:11:57.304,0.8857917189598083,463.34759521484375,30.0,74.2845230102539,65.93498229980469,25.701581954956055,2
11:11:57.304,4.378382205963135,469.10931396484375,30.0,35.24590301513672,25.451513290405273,74.53459167480469,2
11:11:57.304,1.5776660442352295,476.51153564453125,30.0,49.68046569824219,75.97943878173828,24.006669998168945,2
11:11:57.304,4.950948715209961,469.19873046875,30.0,60.62794876098633,24.742984771728516,75.24311828613281,2
11:11:57.304,2.1241490840911865,471.85675048828125,30.0,27.11864471435547,72.86746215820312,28.660737991333008,2
11:11:57.304,5.524052143096924,471.8446350097656,30.0,75.25701904296875,24.72909164428711,60.48902130126953,2
11:11:57.304,2.6381754875183105,467.94354248046875,30.0,24.02056121826172,75.96554565429688,50.90302658081055,2
11:11:57.304,6.065901279449463,467.43865966796875,30.0,74.7707748413086,25.215335845947266,36.42678451538086,2
11:11:57.304,3.160932779312134,470.074462890625,30.0,27.24367904663086,71.72825622558594,72.74242401123047,2
11:11:57.304,0.29332447052001953,462.87567138671875,30.0,75.28480529785156,39.71936798095703,24.701305389404297,2
11:11:57.304,3.782031774520874,470.9532775878906,30.0,24.187274932861328,44.74854278564453,75.79883575439453,2
11:11:57.304,0.8360147476196289,463.0449523925781,30.0,74.71519470214844,63.82328414916992,25.27090835571289,2
11:11:57.304,4.32550048828125,468.4555358886719,30.0,33.0091667175293,25.937759399414062,74.04834747314453,2
11:11:57.304,1.5138334035873413,475.6155090332031,30.0,52.5562629699707,75.93775939941406,24.0483455657959,2
11:11:57.304,4.86720085144043,467.4598388671875,30.0,56.93247985839844,24.326202392578125,75.65990447998047,2
11:11:57.305,2.0645267963409424,472.2509460449219,30.0,28.660737991333008,72.86746215820312,27.11864471435547,2
11:11:57.305,5.448139190673828,471.2309265136719,30.0,74.72908782958984,25.257015228271484,63.78160858154297,2
11:11:57.305,2.539158344268799,465.0168762207031,30.0,24.090024948120117,75.89608764648438,46.44345474243164,2
11:11:57.305,5.984413146972656,467.27264404296875,30.0,75.32647705078125,24.65962791442871,39.955543518066406,2
11:11:57.305,3.05975604057312,464.9278564453125,30.0,26.507362365722656,73.47874450683594,69.2275619506836,2
11:11:57.305,0.21930846571922302,463.1668701171875,30.0,74.78466033935547,36.5101432800293,25.201446533203125,2
11:11:57.305,3.676429033279419,469.0789489746094,30.0,24.02056121826172,49.48596954345703,75.96554565429688,2
11:11:57.305,0.7398509979248047,461.9351501464844,30.0,75.36815643310547,59.65545654296875,24.617948532104492,2
11:11:57.305,4.248417854309082,469.8590087890625,30.0,29.85551643371582,26.757434844970703,73.22867584228516,2
11:11:57.305,1.42849600315094,475.2563781738281,30.0,56.376773834228516,75.7154769897461,24.270631790161133,2
11:11:57.305,4.828578948974609,469.5337219238281,30.0,55.20977783203125,24.187274932861328,75.79883575439453,2
11:11:57.605,2.0323596000671387,476.26263427734375,30.0,29.9527645111084,73.25646209716797,26.729646682739258,2
11:11:57.605,5.432302474975586,472.9691467285156,30.0,74.59016418457031,25.395944595336914,64.46234893798828,2
11:11:57.605,2.5418524742126465,469.09210205078125,30.0,24.090024948120117,75.89608764648438,46.5684928894043,2
11:11:57.605,6.0121636390686035,472.5740051269531,30.0,75.1458740234375,24.840232849121094,38.74687576293945,2
11:11:57.605,3.110222101211548,469.7789306640625,30.0,27.090858459472656,72.89524841308594,71.25590515136719,2
11:11:57.605,0.22817294299602509,463.6778564453125,30.0,74.8541259765625,36.88524627685547,25.131982803344727,2
11:11:57.605,3.6971240043640137,470.9106140136719,30.0,24.02056121826172,48.555152893066406,75.96554565429688,2
11:11:57.605,0.761699914932251,464.1873779296875,30.0,75.24311828613281,60.60016632080078,24.742984771728516,2
11:11:57.605,4.2649993896484375,469.3102111816406,30.0,30.522367477416992,26.56293487548828,73.42317199707031,2
11:11:57.605,1.4296432733535767,474.6563415527344,30.0,56.321197509765625,75.7154769897461,24.270631790161133,2
11:11:57.605,4.808495998382568,469.6750793457031,30.0,54.3067512512207,24.131702423095703,75.85440063476562,2
11:11:57.605,2.009963274002075,475.22235107421875,30.0,30.855792999267578,73.50653076171875,26.479578018188477,2
11:11:57.605,5.378946304321289,470.4010314941406,30.0,74.11781311035156,25.868297576904297,66.71297454833984,2
11:11:57.605,2.479876756668091,466.0748596191406,30.0,24.256736755371094,75.7293701171875,43.8038330078125,2
11:11:57.605,5.94705057144165,470.13690185546875,30.0,75.52098083496094,24.46512794494629,41.60877990722656,2
11:11:57.605,3.0448994636535645,467.8577575683594,30.0,26.340652465820312,73.64545440673828,68.63018035888672,2
11:11:57.605,0.17996832728385925,464.7312927246094,30.0,74.45124053955078,34.82912063598633,25.53487205505371,2
11:11:57.605,3.622612714767456,469.1642150878906,30.0,24.034454345703125,51.9033088684082,75.95165252685547,2
11:11:57.605,0.70572829246521,463.77374267578125,30.0,75.54875946044922,58.14114761352539,24.43734359741211,2
11:11:57.605,4.1712422370910645,468.7270202636719,30.0,27.271465301513672,28.17449188232422,72.71464538574219,2
11:11:57.605,1.3248252868652344,474.56658935546875,30.0,60.94748306274414,75.18755340576172,24.798555374145508,2
11:11:57.605,4.7254414558410645,470.18267822265625,30.0,50.583492279052734,24.02056121826172,75.96554565429688,2
11:11:57.605,1.9041390419006348,473.29656982421875,30.0,35.273685455322266,74.5484848022461,25.437620162963867,2
11:11:57.605,5.269079685211182,470.39459228515625,30.0,72.90914154052734,27.07696533203125,71.18643951416016,2
11:11:57.605,2.4208335876464844,468.5577392578125,30.0,24.520700454711914,75.46540832519531,41.178104400634766,2
11:11:57.605,5.865128993988037,470.03289794921875,30.0,75.82662200927734,24.159488677978516,45.248680114746094,2
11:11:57.605,2.9617886543273926,467.3500061035156,30.0,25.53487205505371,74.45124053955078,65.15699005126953,2
11:11:57.605,0.1426130086183548,462.3741455078125,30.0,74.11781311035156,33.259239196777344,25.868297576904297,2
11:11:57.605,3.5651979446411133,469.918701171875,30.0,24.14559555053711,54.48735809326172,75.84050750732422,2
11:11:57.605,0.6521246433258057,464.2718811035156,30.0,75.75714874267578,55.7654914855957,24.228952407836914,2
11:11:57.906,4.118423938751221,467.880615234375,30.0,26.63239860534668,30.286190032958984,73.35370635986328,2
11:11:58.208,1.3114982843399048,477.6839294433594,30.0,61.530982971191406,75.10419464111328,24.881912231445312,2
11:11:58.208,4.705826282501221,470.01043701171875,30.0,49.694358825683594,24.006669998168945,75.97943878173828,2
11:11:58.208,1.8709955215454102,471.63665771484375,30.0,36.69074630737305,74.81244659423828,25.17365837097168,2
11:11:58.208,5.237105846405029,471.1289978027344,30.0,72.5062484741211,27.479854583740234,72.45067596435547,2
11:11:58.208,2.3965582847595215,467.3343811035156,30.0,24.645734786987305,75.34037017822266,40.10836410522461,2
11:11:58.208,5.822338104248047,467.79608154296875,30.0,75.92386627197266,24.062240600585938,47.16587829589844,2
11:11:58.208,2.9177732467651367,464.8800354003906,30.0,25.17365837097168,74.81244659423828,63.281463623046875,2
11:11:58.208,0.10487961769104004,462.6356201171875,30.0,73.72881317138672,31.703250885009766,26.257293701171875,2
11:11:58.208,3.539933443069458,471.2604064941406,30.0,24.21506118774414,55.6126708984375,75.77104187011719,2
11:11:58.208,0.5956889986991882,463.03643798828125,30.0,75.90997314453125,53.23700714111328,24.07613182067871,2
11:11:58.208,4.077922821044922,468.3704833984375,30.0,26.18783187866211,31.939428329467773,73.79827880859375,2
11:11:58.208,1.2407232522964478,476.63232421875,30.0,64.57349395751953,74.5762710571289,25.409835815429688,2
11:11:58.208,4.634634494781494,468.2723083496094,30.0,46.499027252197266,24.090024948120117,75.89608764648438,2
11:11:58.208,1.811989426612854,472.4384765625,30.0,39.247013092041016,75.21533966064453,24.770769119262695,2
11:11:58.208,5.183597564697266,467.0926208496094,30.0,70.4223403930664,26.840787887573242,73.14531707763672,2
11:11:58.208,2.3225913047790527,465.524169921875,30.0,25.131982803344727,74.8541259765625,36.899139404296875,2
11:11:58.208,5.750471115112305,467.81219482421875,30.0,75.97943878173828,24.006669998168945,50.40289306640625,2
11:11:58.208,2.8270483016967773,465.3388671875,30.0,24.576271057128906,75.40983581542969,59.33592987060547,2
11:11:58.208,0.02238260954618454,469.0804138183594,30.0,72.78411102294922,28.36899185180664,27.202001571655273,2
11:11:58.208,3.4354164600372314,469.33917236328125,30.0,24.701305389404297,60.238956451416016,75.28480529785156,2
11:11:58.208,0.4952562749385834,462.0000305175781,30.0,75.96554565429688,48.721866607666016,24.02056121826172,2
11:11:58.208,3.9962291717529297,468.751220703125,30.0,25.423728942871094,35.37093734741211,74.5623779296875,2
11:11:58.208,1.1393526792526245,474.54156494140625,30.0,68.81077575683594,73.58988189697266,26.396221160888672,2
11:11:58.208,4.573635101318359,469.0648193359375,30.0,43.77605056762695,24.256736755371094,75.7293701171875,2
11:11:58.208,1.7763447761535645,476.5137939453125,30.0,40.803001403808594,75.4237289428711,24.5623779296875,2
11:11:58.208,5.146929740905762,469.34033203125,30.0,68.9358139038086,26.42400550842285,73.56210327148438,2
11:11:58.208,2.3200159072875977,469.6490173339844,30.0,25.159767150878906,74.82633972167969,36.787994384765625,2
11:11:58.208,5.740561485290527,471.72882080078125,30.0,75.96554565429688,24.02056121826172,50.84745788574219,2
11:11:58.208,2.842957019805908,468.8947448730469,30.0,24.673519134521484,75.31258392333984,60.03056335449219,2
11:11:58.508,0.03836924955248833,471.5635681152344,30.0,72.97860717773438,29.008058547973633,27.00750160217285,2
11:11:58.508,3.4112319946289062,469.3259582519531,30.0,24.840232849121094,61.29480743408203,75.1458740234375,2
11:11:58.508,0.5056155920028687,463.78839111328125,30.0,75.96554565429688,49.180328369140625,24.02056121826172,2
11:11:58.508,3.9972097873687744,469.67498779296875,30.0,25.437620162963867,35.32925796508789,74.5484848022461,2
11:11:58.508,1.1066796779632568,474.58770751953125,30.0,70.1305923461914,73.22867584228516,26.757434844970703,2
11:11:58.508,4.539927959442139,469.7925720214844,30.0,42.275630950927734,24.395666122436523,75.59044647216797,2
11:11:58.508,1.7343621253967285,475.7740173339844,30.0,42.66463088989258,75.63211822509766,24.353986740112305,2
11:11:58.508,5.070763111114502,467.3995361328125,30.0,65.78215789794922,25.6599063873291,74.32620239257812,2
11:11:58.508,2.2352006435394287,466.0365295410156,30.0,25.896081924438477,74.09002685546875,33.18977355957031,2
11:11:58.508,5.657883167266846,470.09033203125,30.0,75.84050750732422,24.14559555053711,54.55682373046875,2
11:11:58.508,2.7491209506988525,466.5760498046875,30.0,24.228952407836914,75.75714874267578,55.87662887573242,2
11:11:58.508,6.213029384613037,469.587646484375,30.0,73.35370635986328,26.63239860534668,30.286190032958984,2
11:11:58.508,3.3235855102539062,469.32257080078125,30.0,25.5070858001709,65.0736312866211,74.47901916503906,2
11:11:58.508,0.4245442748069763,463.8622741699219,30.0,75.84050750732422,45.540428161621094,24.14559555053711,2
11:11:58.508,3.8924856185913086,468.79852294921875,30.0,24.687414169311523,39.85829162597656,75.29869842529297,2
11:11:58.508,0.952261209487915,474.4830627441406,30.0,73.61767578125,68.69963836669922,26.368436813354492,2
11:11:58.508,4.450387954711914,469.72906494140625,30.0,38.3439826965332,24.89580535888672,75.09030151367188,2
11:11:58.508,1.6072378158569336,472.95294189453125,30.0,48.346763610839844,75.95165252685547,24.034454345703125,2
11:11:58.508,4.978039741516113,466.8796081542969,30.0,61.808837890625,24.9235897064209,75.0625228881836,2
11:11:58.508,2.188401460647583,469.1801452636719,30.0,26.368436813354492,73.61767578125,31.24479103088379,2
11:11:58.508,5.587565898895264,470.3320617675781,30.0,75.59044647216797,24.395666122436523,57.69657897949219,2
11:11:58.508,2.6789634227752686,466.2767333984375,30.0,24.062240600585938,75.92386627197266,52.736873626708984,2
11:11:58.508,6.1883063316345215,472.4553527832031,30.0,73.61767578125,26.368436813354492,31.286468505859375,2
11:11:58.508,3.297879695892334,470.3186340332031,30.0,25.743261337280273,66.15726470947266,74.24285125732422,2
11:11:58.508,0.3920336663722992,463.693359375,30.0,75.7432632446289,44.0955810546875,24.24284553527832,2
11:11:58.508,3.840695858001709,467.4153747558594,30.0,24.409557342529297,42.13670349121094,75.57655334472656,2
11:11:58.508,0.9386965036392212,477.84100341796875,30.0,73.77049255371094,68.14392852783203,26.21561622619629,2
11:11:58.508,4.448625087738037,471.0369873046875,30.0,38.26062774658203,24.909696578979492,75.07640838623047,2
11:11:58.508,1.6073485612869263,472.5323486328125,30.0,48.346763610839844,75.95165252685547,24.034454345703125,2
11:11:58.508,4.978420734405518,466.7422180175781,30.0,61.822731018066406,24.9235897064209,75.0625228881836,2
11:11:58.508,2.188084125518799,467.9628601074219,30.0,26.382328033447266,73.6037826538086,31.23089599609375,2
11:11:58.509,5.568990230560303,468.175537109375,30.0,75.50708770751953,24.479022979736328,58.51625061035156,2
11:11:58.509,2.647190809249878,463.6239318847656,30.0,24.02056121826172,75.96554565429688,51.3059196472168,2
11:11:58.509,6.140593528747559,469.7148742675781,30.0,74.10391235351562,25.882190704345703,33.259239196777344,2
11:11:58.509,3.2648792266845703,470.37249755859375,30.0,26.062795639038086,67.53264617919922,73.9233169555664,2
11:11:58.509,0.3556450605392456,463.3904113769531,30.0,75.60433959960938,42.470130920410156,24.381772994995117,2
11:11:58.509,3.8207626342773438,468.82659912109375,30.0,24.326202392578125,43.025840759277344,75.65990447998047,2
11:11:58.509,0.8834669589996338,462.06591796875,30.0,74.31230926513672,65.83773803710938,25.673797607421875,2
11:11:58.509,4.381109714508057,468.3308410644531,30.0,35.3570442199707,25.423728942871094,74.5623779296875,2
11:11:58.509,1.556233525276184,472.1553955078125,30.0,50.652957916259766,75.96554565429688,24.02056121826172,2
11:11:58.509,4.916098594665527,466.072509765625,30.0,59.09975051879883,24.548486709594727,75.4376220703125,2
11:11:58.509,2.1257545948028564,472.5694274902344,30.0,27.090858459472656,72.89524841308594,28.730201721191406,2
11:11:58.509,5.490925312042236,467.16180419921875,30.0,75.04862213134766,24.937482833862305,61.933868408203125,2
11:11:58.509,2.5871965885162354,465.46160888671875,30.0,24.02056121826172,75.96554565429688,48.61072540283203,2
11:11:58.509,6.058568477630615,469.0368957519531,30.0,74.82633972167969,25.159767150878906,36.732425689697266,2
11:11:58.509,3.171971082687378,469.00604248046875,30.0,27.10474967956543,71.29757690429688,72.88135528564453,2
11:11:58.509,0.2651222348213196,461.8746643066406,30.0,75.10419464111328,38.496803283691406,24.881912231445312,2
11:11:58.510,3.750662326812744,469.58013916015625,30.0,24.103918075561523,46.151710510253906,75.88218688964844,2
11:11:58.510,0.8266471028327942,463.2624206542969,30.0,74.78466033935547,63.4203987121582,25.201446533203125,2
11:11:58.510,4.3282904624938965,470.21209716796875,30.0,33.13420486450195,25.909975051879883,74.07613372802734,2
11:11:58.510,1.5255780220031738,476.5266418457031,30.0,52.02833938598633,75.95165252685547,24.034454345703125,2
11:11:58.510,4.911064147949219,469.7063903808594,30.0,58.87746810913086,24.520700454711914,75.46540832519531,2
11:11:58.510,2.1217377185821533,475.2818298339844,30.0,27.14642906188965,72.83967590332031,28.56348991394043,2
11:11:58.510,5.50016975402832,471.5536804199219,30.0,75.10419464111328,24.881912231445312,61.530982971191406,2
11:11:58.510,2.610438823699951,469.6230773925781,30.0,24.006669998168945,75.97943878173828,49.652679443359375,2
11:11:58.510,6.072080135345459,471.3599548339844,30.0,74.71519470214844,25.27090835571289,36.16282272338867,2
11:11:58.510,3.1664257049560547,470.1444091796875,30.0,27.174217224121094,71.51986694335938,72.8118896484375,2
11:11:58.510,0.2892424166202545,464.2496032714844,30.0,75.25701904296875,39.538761138916016,24.72909164428711,2
11:11:58.510,3.760596752166748,470.26324462890625,30.0,24.131702423095703,45.7071418762207,75.85440063476562,2
11:11:58.510,0.8374901413917542,464.1109924316406,30.0,74.70130157470703,63.89274597167969,25.284799575805664,2
11:11:58.510,4.306497097015381,469.32415771484375,30.0,32.23117446899414,26.118364334106445,73.86773681640625,2
11:11:59.113,1.4922497272491455,475.5457458496094,30.0,53.52875518798828,75.89608764648438,24.090024948120117,2
11:11:59.113,4.857626914978027,467.8827209472656,30.0,56.50180435180664,24.284523010253906,75.70158386230469,2
11:11:59.113,2.0473859310150146,473.7659912109375,30.0,29.355377197265625,73.07585144042969,26.91025161743164,2
11:11:59.113,5.4413299560546875,471.4035339355469,30.0,74.67352294921875,25.31258773803711,64.07335662841797,2
11:11:59.113,2.532693862915039,467.28411865234375,30.0,24.103918075561523,75.88218688964844,46.16559982299805,2
11:11:59.113,5.9876837730407715,469.90301513671875,30.0,75.29869842529297,24.687414169311523,39.81661605834961,2
11:11:59.113,3.0697760581970215,465.1993713378906,30.0,26.61850357055664,73.36759948730469,69.64434051513672,2
11:11:59.113,0.2283676713705063,464.0050048828125,30.0,74.8541259765625,36.899139404296875,25.131982803344727,2
11:11:59.113,3.6639225482940674,468.832275390625,30.0,24.006669998168945,50.05556869506836,75.97943878173828,2
11:11:59.113,0.7103610634803772,460.68853759765625,30.0,75.52098083496094,58.349544525146484,24.46512794494629,2
11:11:59.113,4.2171478271484375,470.0534973144531,30.0,28.60516929626465,27.132537841796875,72.85356903076172,2
11:11:59.114,1.3769779205322266,472.738525390625,30.0,58.65518569946289,75.49319458007812,24.4929141998291,2
11:11:59.114,4.764533996582031,466.528564453125,30.0,52.333980560302734,24.0483455657959,75.93775939941406,2
11:11:59.114,1.9909061193466187,475.9407043457031,30.0,31.6337890625,73.71492004394531,26.27118492126465,2
11:11:59.114,5.374671936035156,471.08642578125,30.0,74.07613372802734,25.909975051879883,66.89358520507812,2
11:11:59.114,2.483283519744873,467.4508972167969,30.0,24.24284553527832,75.7432632446289,43.9427604675293,2
11:11:59.114,5.959418296813965,471.45025634765625,30.0,75.4515151977539,24.53459358215332,41.06696319580078,2
11:11:59.114,3.080878496170044,470.4929504394531,30.0,26.743539810180664,73.24256896972656,70.08891296386719,2
11:11:59.114,0.20362459123134613,463.40264892578125,30.0,74.65962982177734,35.84328842163086,25.326478958129883,2
11:11:59.114,3.6366305351257324,467.8894958496094,30.0,24.02056121826172,51.278133392333984,75.96554565429688,2
11:11:59.114,0.7129644155502319,462.1039733886719,30.0,75.50708770751953,58.4606819152832,24.479022979736328,2
11:11:59.114,4.227016925811768,469.8113098144531,30.0,28.994163513183594,27.00750160217285,72.97860717773438,2
11:11:59.114,1.3783758878707886,472.2008972167969,30.0,58.599609375,75.49319458007812,24.4929141998291,2
11:11:59.114,4.754830837249756,466.4911804199219,30.0,51.9033088684082,24.034454345703125,75.95165252685547,2
11:11:59.114,1.9778997898101807,474.3844909667969,30.0,32.175601959228516,73.85385131835938,26.132259368896484,2
11:11:59.114,5.337374687194824,467.56640625,30.0,73.6871337890625,26.298973083496094,68.43567657470703,2
11:11:59.114,2.4468562602996826,464.7965087890625,30.0,24.395666122436523,75.59044647216797,42.33120346069336,2
11:11:59.114,5.916184425354004,469.7668762207031,30.0,75.65990447998047,24.326202392578125,42.97026824951172,2
11:11:59.114,3.0141680240631104,467.6367492675781,30.0,26.021116256713867,73.9649887084961,67.35204315185547,2
11:11:59.114,0.15687069296836853,463.0959777832031,30.0,74.24285125732422,33.85662841796875,25.743261337280273,2
11:11:59.415,3.5928139686584473,468.3560485839844,30.0,24.07613182067871,53.25090408325195,75.90997314453125,2
11:11:59.415,0.6579979658126831,461.9256896972656,30.0,75.7432632446289,56.029449462890625,24.24284553527832,2
11:11:59.415,4.175538539886475,470.6618347167969,30.0,27.32703399658203,28.00777816772461,72.65907287597656,2
11:11:59.415,1.3018217086791992,471.8988952636719,30.0,61.94776153564453,75.03472900390625,24.95137596130371,2
11:11:59.415,4.7042765617370605,467.5653076171875,30.0,49.62489700317383,24.006669998168945,75.97943878173828,2
11:11:59.416,1.8924448490142822,472.2560119628906,30.0,35.773826599121094,74.64573669433594,25.34037208557129,2
11:11:59.416,5.279140472412109,467.8169860839844,30.0,73.03417205810547,26.951929092407227,70.79743957519531,2
11:11:59.416,2.371398448944092,464.16278076171875,30.0,24.798555374145508,75.18755340576172,39.01083755493164,2
11:11:59.416,5.834509372711182,469.021484375,30.0,75.89608764648438,24.090024948120117,46.624061584472656,2
11:11:59.416,2.9518518447875977,467.94720458984375,30.0,25.451513290405273,74.53459167480469,64.74020385742188,2
11:11:59.416,0.10898687690496445,462.407958984375,30.0,73.77049255371094,31.869962692260742,26.21561622619629,2
11:11:59.416,3.52472186088562,468.9178466796875,30.0,24.270631790161133,56.29341506958008,75.7154769897461,2
11:11:59.416,0.5951080322265625,462.0416259765625,30.0,75.90997314453125,53.209228515625,24.07613182067871,2
11:11:59.416,4.113565921783447,470.7182922363281,30.0,26.576826095581055,30.480688095092773,73.40928649902344,2
11:11:59.416,1.2662113904953003,477.0711975097656,30.0,63.48986053466797,74.78466033935547,25.201446533203125,2
11:11:59.416,4.676233768463135,469.1562194824219,30.0,48.360652923583984,24.034454345703125,75.95165252685547,2
11:11:59.416,1.8885202407836914,476.1264953613281,30.0,35.9405403137207,74.67352294921875,25.31258773803711,2
11:11:59.416,5.249607563018799,472.2905578613281,30.0,72.67296600341797,27.313142776489258,71.96443939208984,2
11:11:59.416,2.390202045440674,469.6354675292969,30.0,24.687414169311523,75.29869842529297,39.830509185791016,2
11:11:59.416,5.836153507232666,471.17413330078125,30.0,75.89608764648438,24.090024948120117,46.55459976196289,2
11:11:59.416,2.9186806678771973,466.37847900390625,30.0,25.17365837097168,74.81244659423828,63.32314682006836,2
11:11:59.416,0.10502588748931885,462.8927307128906,30.0,73.72881317138672,31.703250885009766,26.257293701171875,2
11:11:59.416,3.5198729038238525,470.95660400390625,30.0,24.284523010253906,56.51570129394531,75.70158386230469,2
11:11:59.416,0.585217297077179,462.8501892089844,30.0,75.92386627197266,52.76465606689453,24.062240600585938,2
11:11:59.416,4.058535575866699,469.0892639160156,30.0,25.993331909179688,32.74520492553711,73.9927749633789,2
11:11:59.416,1.2152225971221924,476.2521667480469,30.0,65.6571273803711,74.35398864746094,25.632118225097656,2
11:11:59.416,4.626162052154541,468.46307373046875,30.0,46.12392044067383,24.103918075561523,75.88218688964844,2
11:11:59.416,1.8023492097854614,472.9754943847656,30.0,39.663795471191406,75.28480529785156,24.701305389404297,2
11:11:59.416,5.17473030090332,467.9324951171875,30.0,70.06112670898438,26.743539810180664,73.24256896972656,2
11:11:59.416,2.3250043392181396,466.84674072265625,30.0,25.118087768554688,74.8680191040039,36.99638748168945,2
11:11:59.719,5.750833511352539,469.46258544921875,30.0,75.97943878173828,24.006669998168945,50.38899612426758,2
11:11:59.719,2.83622670173645,464.9621887207031,30.0,24.6318416595459,75.35426330566406,59.73881530761719,2
11:11:59.719,0.05845135450363159,471.3356018066406,30.0,73.21478271484375,29.813838958740234,26.771324157714844,2
11:11:59.719,3.423746347427368,468.224609375,30.0,24.770769119262695,60.752986907958984,75.21533966064453,2
11:11:59.719,0.4751780927181244,459.39599609375,30.0,75.93775939941406,47.81884002685547,24.0483455657959,2
11:11:59.719,3.9759974479675293,469.3160400390625,30.0,25.257015228271484,36.2322883605957,74.72908782958984,2
11:11:59.719,1.1108659505844116,472.5576171875,30.0,69.96387481689453,73.27034759521484,26.715755462646484,2
11:11:59.719,4.5320940017700195,466.415771484375,30.0,41.92831039428711,24.43734359741211,75.54875946044922,2
11:11:59.719,1.743336796760559,474.7100830078125,30.0,42.261741638183594,75.59044647216797,24.395666122436523,2
11:11:59.719,5.127403259277344,469.7418212890625,30.0,68.14392852783203,26.21561622619629,73.77049255371094,2
11:11:59.719,2.2745187282562256,467.374755859375,30.0,25.53487205505371,74.45124053955078,34.843013763427734,2
11:11:59.719,5.721489906311035,472.2695617675781,30.0,75.95165252685547,24.034454345703125,51.708805084228516,2
11:11:59.719,2.8341891765594482,469.9594421386719,30.0,24.617948532104492,75.36815643310547,59.641571044921875,2
11:11:59.719,0.02043910324573517,472.74017333984375,30.0,72.75631713867188,28.299528121948242,27.229785919189453,2
11:11:59.719,3.3909478187561035,467.6746826171875,30.0,24.97916030883789,62.18394088745117,75.00694274902344,2
11:11:59.719,0.4622745215892792,461.39178466796875,30.0,75.92386627197266,47.23534393310547,24.062240600585938,2
11:11:59.719,3.978419303894043,470.4537658691406,30.0,25.27090835571289,36.12114334106445,74.71519470214844,2
11:11:59.719,1.085829496383667,471.1749267578125,30.0,70.9780502319336,72.97860717773438,27.00750160217285,2
11:11:59.719,4.516915798187256,466.2756652832031,30.0,41.24756622314453,24.506807327270508,75.47930145263672,2
11:11:59.719,1.7224106788635254,474.16339111328125,30.0,43.19255447387695,75.67379760742188,24.31230926513672,2
11:11:59.719,5.104905128479004,468.7534484863281,30.0,67.2131118774414,25.993331909179688,73.9927749633789,2
11:11:59.719,2.255025863647461,464.8338928222656,30.0,25.701581954956055,74.2845230102539,34.00944900512695,2
11:11:59.719,5.670242786407471,469.5841369628906,30.0,75.86829376220703,24.11781120300293,54.0150032043457,2
11:11:59.719,2.7595529556274414,466.8023376464844,30.0,24.270631790161133,75.7154769897461,56.33509063720703,2
11:11:59.719,6.235042095184326,470.5903625488281,30.0,73.08975219726562,26.896360397338867,29.39705467224121,2
11:11:59.719,3.3348844051361084,467.6397705078125,30.0,25.409835815429688,64.58738708496094,74.5762710571289,2
11:11:59.719,0.42638078331947327,462.3638610839844,30.0,75.85440063476562,45.62378692626953,24.131702423095703,2
11:11:59.719,3.9155125617980957,469.79901123046875,30.0,24.826339721679688,38.84412384033203,75.1597671508789,2
11:11:59.719,0.9997909665107727,471.53839111328125,30.0,73.08975219726562,70.61683654785156,26.896360397338867,2
11:11:59.719,4.446159362792969,466.2704162597656,30.0,38.14948654174805,24.9235897064209,75.0625228881836,2
11:11:59.720,1.6392015218734741,472.27374267578125,30.0,46.915809631347656,75.90997314453125,24.07613182067871,2
11:11:59.720,5.020772933959961,468.2395324707031,30.0,63.65657043457031,25.24312400817871,74.74298095703125,2
11:11:59.720,2.1938581466674805,465.1911926269531,30.0,26.312864303588867,73.6732406616211,31.480968475341797,2
11:11:59.720,5.580774307250977,469.517822265625,30.0,75.56265258789062,24.423450469970703,58.002220153808594,2
11:11:59.720,2.686791181564331,466.8885803222656,30.0,24.07613182067871,75.90997314453125,53.084190368652344,2
11:11:59.720,6.152012825012207,470.42919921875,30.0,73.9927749633789,25.993331909179688,32.78688430786133,2
11:11:59.720,3.271233081817627,469.0359802246094,30.0,26.00722312927246,67.26868438720703,73.9788818359375,2
11:11:59.720,0.36465752124786377,463.6701354980469,30.0,75.64601135253906,42.87302017211914,24.34009552001953,2
11:11:59.720,3.8429863452911377,470.0784606933594,30.0,24.423450469970703,42.03945541381836,75.56265258789062,2
11:11:59.720,0.8931835293769836,461.9902038574219,30.0,74.21505737304688,66.2545166015625,25.77104949951172,2
11:11:59.720,4.41630744934082,468.92303466796875,30.0,36.857460021972656,25.1458740234375,74.8402328491211,2
11:11:59.720,1.6214330196380615,476.0848388671875,30.0,47.721588134765625,75.93775939941406,24.0483455657959,2
11:11:59.720,4.970523834228516,468.83026123046875,30.0,61.475406646728516,24.868019104003906,75.11808776855469,2
11:11:59.720,2.1792237758636475,469.51995849609375,30.0,26.479578018188477,73.50653076171875,30.869686126708984,2
11:11:59.720,5.554421424865723,470.66949462890625,30.0,75.4237289428711,24.5623779296875,59.15531921386719,2
11:11:59.721,2.634354829788208,465.2797546386719,30.0,24.02056121826172,75.96554565429688,50.72241973876953,2
11:11:59.721,6.122365951538086,471.1215515136719,30.0,74.2845230102539,25.701581954956055,34.023338317871094,2
11:11:59.721,3.2188072204589844,471.1011657714844,30.0,26.56293487548828,69.42205810546875,73.42317199707031,2
11:11:59.721,0.3071850836277008,462.3664245605469,30.0,75.36815643310547,40.330650329589844,24.617948532104492,2
11:11:59.721,3.77908992767334,468.824462890625,30.0,24.187274932861328,44.87357711791992,75.79883575439453,2
11:11:59.721,0.8457280397415161,462.87371826171875,30.0,74.63184356689453,64.24006652832031,25.354267120361328,2
11:11:59.721,4.35243034362793,467.9064636230469,30.0,34.148372650146484,25.673797607421875,74.31230926513672,2
11:11:59.721,1.5029020309448242,472.6742858886719,30.0,53.04251480102539,75.90997314453125,24.07613182067871,2
11:11:59.721,4.887430191040039,467.74896240234375,30.0,57.835506439208984,24.409557342529297,75.57655334472656,2
11:11:59.721,2.113072156906128,475.9208984375,30.0,27.257570266723633,72.7285385131836,28.230064392089844,2
11:11:59.721,5.462492942810059,469.4580078125,30.0,74.8402328491211,25.1458740234375,63.170326232910156,2
11:11:59.721,2.5560340881347656,464.9346618652344,30.0,24.062240600585938,75.92386627197266,47.207557678222656,2
11:11:59.721,6.051451206207275,471.6144104003906,30.0,74.88191223144531,25.10419464111328,37.03806686401367,2
11:11:59.721,3.112877130508423,468.3975830078125,30.0,27.132537841796875,72.85356903076172,71.36705017089844,2
11:11:59.721,0.2150256335735321,459.6617126464844,30.0,74.74298095703125,36.32953643798828,25.24312400817871,2
11:11:59.721,3.6958999633789062,469.4256896972656,30.0,24.02056121826172,48.61072540283203,75.96554565429688,2
11:12:00.326,0.7685407400131226,462.9304504394531,30.0,75.20144653320312,60.90580749511719,24.7846622467041,2
11:12:00.326,4.260180950164795,467.0957336425781,30.0,30.327869415283203,26.61850357055664,73.36759948730469,2
11:12:00.326,1.4382667541503906,475.57073974609375,30.0,55.94609451293945,75.7432632446289,24.24284553527832,2
11:12:00.326,4.839478969573975,470.12860107421875,30.0,55.69602966308594,24.21506118774414,75.77104187011719,2
11:12:00.326,2.0406830310821533,475.42041015625,30.0,29.619338989257812,73.15921020507812,26.82689666748047,2
11:12:00.326,5.425013065338135,472.1832275390625,30.0,74.53459167480469,25.451513290405273,64.76799011230469,2
11:12:00.326,2.551227569580078,469.91961669921875,30.0,24.07613182067871,75.90997314453125,46.98527526855469,2
11:12:00.326,6.022699356079102,472.73419189453125,30.0,75.07640838623047,24.909696578979492,38.288414001464844,2
11:12:00.326,3.106525182723999,468.18975830078125,30.0,27.04918098449707,72.93692779541016,71.11698150634766,2
11:12:00.326,0.22360090911388397,461.4372863769531,30.0,74.81244659423828,36.69074630737305,25.17365837097168,2
11:12:00.326,3.688514232635498,470.5001220703125,30.0,24.02056121826172,48.94415283203125,75.96554565429688,2
11:12:00.326,0.7699553370475769,463.635986328125,30.0,75.18755340576172,60.96137619018555,24.798555374145508,2
11:12:00.326,4.269296169281006,466.67523193359375,30.0,30.702972412109375,26.521257400512695,73.46485137939453,2
11:12:00.326,1.4291237592697144,474.366943359375,30.0,56.34898376464844,75.7154769897461,24.270631790161133,2
11:12:00.326,4.818454265594482,468.8847961425781,30.0,54.751319885253906,24.159488677978516,75.82662200927734,2
11:12:00.326,2.018813133239746,474.4850158691406,30.0,30.494583129882812,73.40928649902344,26.576826095581055,2
11:12:00.326,5.384284019470215,469.6706848144531,30.0,74.15949249267578,25.826618194580078,66.49069213867188,2
11:12:00.326,2.4940285682678223,466.8404235839844,30.0,24.21506118774414,75.77104187011719,44.42900848388672,2
11:12:00.326,5.957645416259766,470.35516357421875,30.0,75.46540832519531,24.520700454711914,41.13642501831055,2
11:12:00.326,3.04237699508667,466.8784484863281,30.0,26.312864303588867,73.6732406616211,68.51903533935547,2
11:12:00.326,0.18160875141620636,462.2725830078125,30.0,74.46513366699219,34.898582458496094,25.520977020263672,2
11:12:00.326,3.634587526321411,471.0987243652344,30.0,24.02056121826172,51.37538146972656,75.96554565429688,2
11:12:00.327,0.7057089805603027,463.7897033691406,30.0,75.54875946044922,58.14114761352539,24.43734359741211,2
11:12:00.327,4.192944526672363,469.3341979980469,30.0,27.66046142578125,27.43817901611328,72.54792785644531,2
11:12:00.327,1.3350328207015991,472.0509948730469,30.0,60.5029182434082,75.25701904296875,24.72909164428711,2
11:12:00.327,4.756041526794434,469.7821960449219,30.0,51.95887756347656,24.034454345703125,75.95165252685547,2
11:12:00.327,1.9254388809204102,474.026611328125,30.0,34.37065887451172,74.35398864746094,25.632118225097656,2
11:12:00.327,5.304208278656006,469.98309326171875,30.0,73.325927734375,26.66018295288086,69.78327178955078,2
11:12:00.327,2.429286003112793,467.63800048828125,30.0,24.479022979736328,75.50708770751953,41.55320739746094,2
11:12:00.327,5.87424373626709,470.2547302246094,30.0,75.79883575439453,24.187274932861328,44.84579086303711,2
11:12:00.328,2.983694553375244,468.46417236328125,30.0,25.7293701171875,74.2567367553711,66.08779907226562,2
11:12:00.328,0.12968184053897858,461.87994384765625,30.0,73.9788818359375,32.71742248535156,26.00722312927246,2
11:12:00.328,3.572037935256958,471.6259765625,30.0,24.131702423095703,54.18171691894531,75.85440063476562,2
11:12:00.328,0.6226307153701782,462.0755920410156,30.0,75.84050750732422,54.4456787109375,24.14559555053711,2
11:12:00.328,4.166519641876221,471.3334655761719,30.0,27.215892791748047,28.36899185180664,72.77021789550781,2
11:12:00.328,1.3156839609146118,476.3349914550781,30.0,61.35037612915039,75.1319808959961,24.8541259765625,2
11:12:00.328,4.713418483734131,469.47119140625,30.0,50.04167556762695,24.006669998168945,75.97943878173828,2
11:12:00.328,1.91997230052948,476.679443359375,30.0,34.59294128417969,74.40955352783203,25.576549530029297,2
11:12:00.328,5.300325393676758,471.5752868652344,30.0,73.28424072265625,26.701862335205078,69.93608856201172,2
11:12:00.328,2.3992674350738525,466.62030029296875,30.0,24.6318416595459,75.35426330566406,40.2333984375,2
11:12:00.328,5.87608003616333,471.88214111328125,30.0,75.79883575439453,24.187274932861328,44.76243209838867,2
11:12:00.328,2.960080146789551,466.7757263183594,30.0,25.520977020263672,74.46513366699219,65.0875244140625,2
11:12:00.328,0.0994361862540245,463.4068298339844,30.0,73.6732406616211,31.467073440551758,26.312864303588867,2
11:12:00.328,3.536829948425293,470.1215515136719,30.0,24.228952407836914,55.7515983581543,75.75714874267578,2
11:12:00.328,0.603665292263031,462.07257080078125,30.0,75.89608764648438,53.59822082519531,24.090024948120117,2
11:12:00.328,4.1251630783081055,471.36907958984375,30.0,26.715755462646484,30.022228240966797,73.27034759521484,2
11:12:00.328,1.2550119161605835,472.9158935546875,30.0,63.96220779418945,74.68741607666016,25.298694610595703,2
11:12:00.328,4.662337779998779,468.085205078125,30.0,47.73548126220703,24.0483455657959,75.93775939941406,2
11:12:00.328,1.8780121803283691,476.0575256347656,30.0,36.385108947753906,74.75688171386719,25.229230880737305,2
11:12:00.328,5.228751182556152,469.65380859375,30.0,72.2145004272461,27.396499633789062,72.58960723876953,2
11:12:00.328,2.339580535888672,465.0784912109375,30.0,25.006946563720703,74.97916412353516,37.621559143066406,2
11:12:00.328,5.813532829284668,471.7052917480469,30.0,75.93775939941406,24.0483455657959,47.56876754760742,2
11:12:00.328,2.8875691890716553,465.5414123535156,30.0,24.95137596130371,75.03472900390625,61.97555160522461,2
11:12:00.328,0.048246659338474274,466.94744873046875,30.0,73.08975219726562,29.39705467224121,26.896360397338867,2
11:12:00.328,3.453456401824951,468.8093566894531,30.0,24.590164184570312,59.44706726074219,75.39594268798828,2
11:12:00.328,0.5495315194129944,463.3487854003906,30.0,75.96554565429688,51.153099060058594,24.02056121826172,2
11:12:00.328,4.02554178237915,468.2056884765625,30.0,25.68769073486328,34.12059020996094,74.29841613769531,2
11:12:00.329,1.1765055656433105,474.1497497558594,30.0,67.28257751464844,73.9788818359375,26.00722312927246,2
11:12:00.329,4.61120080947876,470.3658142089844,30.0,45.44317626953125,24.14559555053711,75.84050750732422,2
11:12:00.329,1.816823959350586,476.04779052734375,30.0,39.03862380981445,75.18755340576172,24.798555374145508,2
11:12:00.622,5.190415859222412,470.50103759765625,30.0,70.7001953125,26.924144744873047,73.06195831298828,2
11:12:00.623,2.336458683013916,469.4116516113281,30.0,25.034730911254883,74.95137786865234,37.49652862548828,2
11:12:00.623,5.783505916595459,472.2069396972656,30.0,75.96554565429688,24.02056121826172,48.91636657714844,2
11:12:00.623,2.88193941116333,467.9049987792969,30.0,24.909696578979492,75.07640838623047,61.73937225341797,2
11:12:00.623,0.07008618116378784,471.919189453125,30.0,73.35370635986328,30.27229881286621,26.63239860534668,2
11:12:00.623,3.4605019092559814,470.5413818359375,30.0,24.548486709594727,59.14142608642578,75.4376220703125,2
11:12:00.623,0.5514621138572693,464.5208435058594,30.0,75.96554565429688,51.250343322753906,24.02056121826172,2
11:12:00.623,4.040063381195068,470.70501708984375,30.0,25.812726974487305,33.509307861328125,74.17337799072266,2
11:12:00.623,1.1520684957504272,474.5859680175781,30.0,68.29674530029297,73.72881317138672,26.257293701171875,2
11:12:00.623,4.583747386932373,469.07806396484375,30.0,44.220619201660156,24.228952407836914,75.75714874267578,2
11:12:00.623,1.7740323543548584,474.5455627441406,30.0,40.91414260864258,75.4376220703125,24.548486709594727,2
11:12:00.623,5.159002780914307,470.3238220214844,30.0,69.43595123291016,26.56293487548828,73.42317199707031,2
11:12:00.623,2.294339179992676,466.92266845703125,30.0,25.36815643310547,74.61795043945312,35.676578521728516,2
11:12:00.623,5.719297885894775,470.639892578125,30.0,75.95165252685547,24.034454345703125,51.80605697631836,2
11:12:00.623,2.8192336559295654,467.0478515625,30.0,24.53459358215332,75.4515151977539,58.98860549926758,2
11:12:00.623,0.017452027648687363,471.3937683105469,30.0,72.71464538574219,28.17449188232422,27.271465301513672,2
11:12:00.623,3.3911712169647217,470.24615478515625,30.0,24.97916030883789,62.170047760009766,75.00694274902344,2
11:12:00.623,0.47719383239746094,463.851318359375,30.0,75.95165252685547,47.90219497680664,24.034454345703125,2
11:12:00.623,3.9554407596588135,469.35772705078125,30.0,25.10419464111328,37.10752868652344,74.88191223144531,2
11:12:00.623,1.0672861337661743,472.3071594238281,30.0,71.70046997070312,72.75631713867188,27.229785919189453,2
11:12:00.623,4.498994827270508,468.05657958984375,30.0,40.469573974609375,24.60405731201172,75.38204956054688,2
11:12:00.623,1.6696205139160156,473.7984619140625,30.0,45.5543212890625,75.84050750732422,24.14559555053711,2
11:12:00.623,5.077370643615723,471.1866149902344,30.0,66.06002044677734,25.7293701171875,74.2567367553711,2
11:12:00.623,2.206179618835449,466.972412109375,30.0,26.18783187866211,73.79827880859375,31.981103897094727,2
11:12:00.623,5.623929977416992,470.507080078125,30.0,75.7293701171875,24.256736755371094,56.085025787353516,2
11:12:00.623,2.749305248260498,468.25213623046875,30.0,24.24284553527832,75.7432632446289,55.890525817871094,2
11:12:00.623,6.215315341949463,470.83477783203125,30.0,73.325927734375,26.66018295288086,30.188941955566406,2
11:12:00.623,3.325420618057251,470.628662109375,30.0,25.493192672729492,64.99027252197266,74.49291229248047,2
11:12:00.623,0.4010047912597656,461.5616760253906,30.0,75.78494262695312,44.484580993652344,24.2011661529541,2
11:12:00.623,3.9172964096069336,470.8007507324219,30.0,24.840232849121094,38.774662017822266,75.1458740234375,2
11:12:01.225,1.034700870513916,475.71630859375,30.0,72.65907287597656,72.00611114501953,27.32703399658203,2
11:12:01.225,4.466024398803711,468.4594421386719,30.0,39.02472686767578,24.798555374145508,75.18755340576172,2
11:12:01.225,1.6842159032821655,477.54058837890625,30.0,44.901363372802734,75.81272888183594,24.173381805419922,2
11:12:01.225,5.066587448120117,470.8512878417969,30.0,65.60155487060547,25.618228912353516,74.36788177490234,2
11:12:01.225,2.197239875793457,466.4057312011719,30.0,26.285079956054688,73.7010269165039,31.606000900268555,2
11:12:01.225,5.622673988342285,471.034423828125,30.0,75.7293701171875,24.256736755371094,56.140594482421875,2
11:12:01.225,2.728940486907959,467.2970886230469,30.0,24.173381805419922,75.81272888183594,54.973602294921875,2
11:12:01.225,6.169081211090088,467.8983459472656,30.0,73.82606506347656,26.160043716430664,32.07835388183594,2
11:12:01.225,3.278904914855957,468.80841064453125,30.0,25.92386817932129,66.94915008544922,74.06224060058594,2
11:12:01.225,0.372917115688324,462.00091552734375,30.0,75.67379760742188,43.23423385620117,24.31230926513672,2
11:12:01.225,3.886622667312622,471.67022705078125,30.0,24.645734786987305,40.10836410522461,75.34037017822266,2
11:12:01.225,0.9244517683982849,462.4920654296875,30.0,73.90941619873047,67.54653930664062,26.076688766479492,2
11:12:01.225,4.406949996948242,467.7524719238281,30.0,36.45457077026367,25.215335845947266,74.7707748413086,2
11:12:01.225,1.6205052137374878,475.9635925292969,30.0,47.763267517089844,75.93775939941406,24.0483455657959,2
11:12:01.225,4.981048107147217,468.73687744140625,30.0,61.933868408203125,24.937482833862305,75.04862213134766,2
11:12:01.225,2.153892993927002,471.6878662109375,30.0,26.757434844970703,73.22867584228516,29.85551643371582,2
11:12:01.225,5.559168338775635,471.6415100097656,30.0,75.4515151977539,24.53459358215332,58.946929931640625,2
11:12:01.225,2.6354074478149414,464.7131652832031,30.0,24.02056121826172,75.96554565429688,50.77799606323242,2
11:12:01.225,6.085568904876709,467.28582763671875,30.0,74.60405731201172,25.382051467895508,35.57932662963867,2
11:12:01.225,3.1814348697662354,470.0445861816406,30.0,26.993608474731445,70.92247772216797,72.99250030517578,2
11:12:01.225,0.31072619557380676,463.34375,30.0,75.38204956054688,40.48346710205078,24.60405731201172,2
11:12:01.226,3.7691895961761475,468.4947814941406,30.0,24.159488677978516,45.318145751953125,75.82662200927734,2
11:12:01.226,0.8348838090896606,462.3448486328125,30.0,74.72908782958984,63.78160858154297,25.257015228271484,2
11:12:01.226,4.342033386230469,469.590087890625,30.0,33.70380783081055,25.77104949951172,74.21505737304688,2
11:12:01.226,1.5354034900665283,475.0771179199219,30.0,51.58377456665039,75.95165252685547,24.034454345703125,2
11:12:01.226,4.920689582824707,469.4613342285156,30.0,59.294246673583984,24.576271057128906,75.40983581542969,2
11:12:01.226,2.1350417137145996,476.7124328613281,30.0,26.979717254638672,73.00639343261719,29.091415405273438,2
11:12:01.226,5.531057357788086,473.0638122558594,30.0,75.29869842529297,24.687414169311523,60.183380126953125,2
11:12:01.226,2.6305508613586426,469.1064453125,30.0,24.02056121826172,75.96554565429688,50.55571365356445,2
11:12:01.226,6.092918395996094,471.5997619628906,30.0,74.5484848022461,25.437620162963867,35.273685455322266,2
11:12:01.226,3.188736915588379,470.5394592285156,30.0,26.91025161743164,70.63072967529297,73.07585144042969,2
11:12:01.227,0.30596768856048584,464.4034729003906,30.0,75.35426330566406,40.27507781982422,24.6318416595459,2
11:12:01.227,3.7809433937072754,470.2690734863281,30.0,24.187274932861328,44.79022216796875,75.79883575439453,2
11:12:01.227,0.8471651673316956,463.7478942871094,30.0,74.63184356689453,64.29563903808594,25.354267120361328,2
11:12:01.227,4.336892604827881,469.2666320800781,30.0,33.49541473388672,25.826618194580078,74.15949249267578,2
11:12:01.227,1.5143879652023315,475.171875,30.0,52.52848434448242,75.93775939941406,24.0483455657959,2
11:12:01.227,4.890017986297607,469.4794921875,30.0,57.946651458740234,24.423450469970703,75.56265258789062,2
11:12:01.227,2.0815868377685547,475.56610107421875,30.0,27.993886947631836,72.65907287597656,27.32703399658203,2
11:12:01.227,5.448463439941406,469.76580810546875,30.0,74.72908782958984,25.257015228271484,63.7677116394043,2
11:12:01.227,2.548295021057129,466.6053771972656,30.0,24.07613182067871,75.90997314453125,46.86023712158203,2
11:12:01.227,6.019754886627197,470.78826904296875,30.0,75.10419464111328,24.881912231445312,38.413448333740234,2
11:12:01.227,3.105339527130127,467.3585205078125,30.0,27.035287857055664,72.95082092285156,71.06140899658203,2
11:12:01.227,0.23335835337638855,463.7889709472656,30.0,74.88191223144531,37.12142562866211,25.10419464111328,2
11:12:01.227,3.6852874755859375,469.25823974609375,30.0,24.02056121826172,49.08307647705078,75.96554565429688,2
11:12:01.227,0.7609075903892517,463.8445739746094,30.0,75.24311828613281,60.57238006591797,24.742984771728516,2
11:12:01.227,4.233938694000244,468.4679260253906,30.0,29.27202033996582,26.924144744873047,73.06195831298828,2
11:12:01.227,1.3825125694274902,473.4732666015625,30.0,58.41900634765625,75.52098083496094,24.46512794494629,2
11:12:01.227,4.799055576324463,470.3633728027344,30.0,53.88997268676758,24.103918075561523,75.88218688964844,2
11:12:01.227,1.9539825916290283,472.35406494140625,30.0,33.1619873046875,74.09002685546875,25.896081924438477,2
11:12:01.227,5.338920593261719,470.4049072265625,30.0,73.71492004394531,26.27118492126465,68.3662109375,2
11:12:01.227,2.479551076889038,468.9475402832031,30.0,24.256736755371094,75.7293701171875,43.789939880371094,2
11:12:01.227,5.927188396453857,470.22955322265625,30.0,75.60433959960938,24.381772994995117,42.48402404785156,2
11:12:01.227,3.02366042137146,467.3956604003906,30.0,26.118364334106445,73.86773681640625,67.75492858886719,2
11:12:01.227,0.17558202147483826,462.3643493652344,30.0,74.40955352783203,34.64851379394531,25.576549530029297,2
11:12:01.227,3.637291193008423,470.834716796875,30.0,24.02056121826172,51.250343322753906,75.96554565429688,2
11:12:01.227,0.7160120010375977,464.1607666015625,30.0,75.49319458007812,58.599609375,24.4929141998291,2
11:12:01.227,4.18015193939209,468.6526794433594,30.0,27.382606506347656,27.827173233032227,72.60350036621094,2
11:12:01.227,1.381359577178955,477.5005187988281,30.0,58.4606819152832,75.50708770751953,24.479022979736328,2
11:12:01.227,4.778989791870117,470.8773498535156,30.0,52.986942291259766,24.07613182067871,75.90997314453125,2
11:12:01.227,1.9309941530227661,471.3843994140625,30.0,34.13447952270508,74.31230926513672,25.673797607421875,2
11:12:01.833,5.322990417480469,471.70159912109375,30.0,73.53431701660156,26.451793670654297,69.01917266845703,2
11:12:01.833,2.4520888328552246,466.7646789550781,30.0,24.36787986755371,75.61822509765625,42.5673828125,2
11:12:01.833,5.8827805519104,467.5012512207031,30.0,75.77104187011719,24.21506118774414,44.45679473876953,2
11:12:01.833,2.9669947624206543,464.37896728515625,30.0,25.576549530029297,74.40955352783203,65.3792724609375,2
11:12:01.833,0.14301180839538574,462.9972839355469,30.0,74.11781311035156,33.27313232421875,25.868297576904297,2
11:12:01.833,3.593712329864502,470.0341796875,30.0,24.07613182067871,53.209228515625,75.90997314453125,2
11:12:01.833,0.6684049367904663,463.2000427246094,30.0,75.70158386230469,56.487911224365234,24.284523010253906,2
11:12:01.833,4.150587558746338,468.758056640625,30.0,27.00750160217285,28.994163513183594,72.97860717773438,2
11:12:01.833,1.3147892951965332,475.7229919433594,30.0,61.392051696777344,75.1319808959961,24.8541259765625,2
11:12:01.833,4.715013027191162,469.2712707519531,30.0,50.11114501953125,24.006669998168945,75.97943878173828,2
11:12:01.833,1.8817863464355469,472.020751953125,30.0,36.21839141845703,74.72908782958984,25.257015228271484,2
11:12:01.834,5.258512020111084,470.7846374511719,30.0,72.78411102294922,27.202001571655273,71.60321807861328,2
11:12:01.834,2.391374111175537,465.6051330566406,30.0,24.673519134521484,75.31258392333984,39.886077880859375,2
11:12:01.834,5.832214832305908,468.0376892089844,30.0,75.90997314453125,24.07613182067871,46.7213134765625,2
11:12:01.834,2.895923614501953,464.2657470703125,30.0,25.006946563720703,74.97916412353516,62.336761474609375,2
11:12:01.834,0.09280618280172348,462.2251281738281,30.0,73.6037826538086,31.20311164855957,26.382328033447266,2
11:12:01.834,3.5229294300079346,469.0732116699219,30.0,24.270631790161133,56.376773834228516,75.7154769897461,2
11:12:01.834,0.6060585975646973,464.2535095214844,30.0,75.88218688964844,53.69546890258789,24.103918075561523,2
11:12:01.834,4.088779926300049,468.48016357421875,30.0,26.312864303588867,31.49485969543457,73.6732406616211,2
11:12:01.834,1.253360629081726,476.68951416015625,30.0,64.04556274414062,74.67352294921875,25.31258773803711,2
11:12:01.834,4.6648054122924805,470.0194396972656,30.0,47.846622467041016,24.0483455657959,75.93775939941406,2
11:12:01.834,1.8798623085021973,477.07427978515625,30.0,36.30175018310547,74.74298095703125,25.24312400817871,2
11:12:01.834,5.257034778594971,471.6040344238281,30.0,72.75631713867188,27.229785919189453,71.67268371582031,2
11:12:01.834,2.406005382537842,469.6611633300781,30.0,24.590164184570312,75.39594268798828,40.525146484375,2
11:12:01.834,5.856754302978516,472.0788879394531,30.0,75.85440063476562,24.131702423095703,45.62378692626953,2
11:12:01.834,2.9559412002563477,469.8274230957031,30.0,25.479299545288086,74.50680541992188,64.90692138671875,2
11:12:01.834,0.11435205489397049,464.10931396484375,30.0,73.82606506347656,32.092247009277344,26.160043716430664,2
11:12:01.834,3.5293612480163574,470.10528564453125,30.0,24.256736755371094,56.085025787353516,75.7293701171875,2
11:12:01.834,0.6152998208999634,464.2357482910156,30.0,75.86829376220703,54.11225509643555,24.11781120300293,2
11:12:01.834,4.101653099060059,469.89520263671875,30.0,26.451793670654297,30.966934204101562,73.53431701660156,2
11:12:01.834,1.2616498470306396,474.75396728515625,30.0,63.684356689453125,74.74298095703125,25.24312400817871,2
11:12:02.136,4.663890838623047,469.32684326171875,30.0,47.80494689941406,24.0483455657959,75.93775939941406,2
11:12:02.137,1.8678703308105469,476.09185791015625,30.0,36.8157844543457,74.8402328491211,25.1458740234375,2
11:12:02.137,5.218062877655029,470.20623779296875,30.0,71.79772186279297,27.257570266723633,72.7285385131836,2
11:12:02.137,2.3506572246551514,466.87774658203125,30.0,24.937482833862305,75.04862213134766,38.10780715942383,2
11:12:02.137,5.803463935852051,470.9170837402344,30.0,75.95165252685547,24.034454345703125,48.01333999633789,2
11:12:02.137,2.891918182373047,467.39398193359375,30.0,24.97916030883789,75.00694274902344,62.170047760009766,2
11:12:02.137,0.06202014535665512,464.39764404296875,30.0,73.25646209716797,29.9527645111084,26.729646682739258,2
11:12:02.137,3.4642601013183594,468.9609680175781,30.0,24.53459358215332,58.97471237182617,75.4515151977539,2
11:12:02.137,0.5607651472091675,463.9788513183594,30.0,75.95165252685547,51.66712951660156,24.034454345703125,2
11:12:02.137,4.0257182121276855,468.40997314453125,30.0,25.68769073486328,34.12059020996094,74.29841613769531,2
11:12:02.137,1.131174087524414,473.1900634765625,30.0,69.14421081542969,73.50653076171875,26.479578018188477,2
11:12:02.137,4.581348896026611,470.01043701171875,30.0,44.109474182128906,24.228952407836914,75.75714874267578,2
11:12:02.137,1.7521950006484985,473.6319580078125,30.0,41.87274169921875,75.54875946044922,24.43734359741211,2
11:12:02.137,5.121971607208252,466.9710388183594,30.0,67.90775299072266,26.160043716430664,73.82606506347656,2
11:12:02.137,2.296935796737671,468.3623046875,30.0,25.34037208557129,74.64573669433594,35.7877197265625,2
11:12:02.137,5.731551170349121,470.4739074707031,30.0,75.96554565429688,24.02056121826172,51.250343322753906,2
11:12:02.137,2.8308584690093994,467.5406494140625,30.0,24.60405731201172,75.38204956054688,59.50263595581055,2
11:12:02.137,0.02789585292339325,471.505126953125,30.0,72.85356903076172,28.59127426147461,27.132537841796875,2
11:12:02.137,3.4404447078704834,471.0393371582031,30.0,24.65962791442871,60.01667404174805,75.32647705078125,2
11:12:02.137,0.5247480869293213,464.2125549316406,30.0,75.97943878173828,50.04167556762695,24.006669998168945,2
11:12:02.137,3.9724366664886475,466.9573974609375,30.0,25.229230880737305,36.385108947753906,74.75688171386719,2
11:12:02.137,1.1244702339172363,476.5106201171875,30.0,69.42205810546875,73.42317199707031,26.56293487548828,2
11:12:02.137,4.5712151527404785,470.11480712890625,30.0,43.6649055480957,24.270631790161133,75.7154769897461,2
11:12:02.137,1.7297523021697998,471.6986083984375,30.0,42.87302017211914,75.64601135253906,24.34009552001953,2
11:12:02.137,5.099729061126709,466.0416564941406,30.0,66.99082946777344,25.937759399414062,74.04834747314453,2
11:12:02.137,2.2791588306427,467.62506103515625,30.0,25.493192672729492,74.49291229248047,35.03750991821289,2
11:12:02.137,5.680081367492676,467.1349792480469,30.0,75.89608764648438,24.090024948120117,53.570438385009766,2
11:12:02.137,2.766489267349243,464.57275390625,30.0,24.298416137695312,75.68769073486328,56.654624938964844,2
11:12:02.137,6.25336217880249,469.4822082519531,30.0,72.86746215820312,27.11864471435547,28.660737991333008,2
11:12:02.137,3.3918237686157227,470.92633056640625,30.0,24.97916030883789,62.14225769042969,75.00694274902344,2
11:12:02.137,0.4601757526397705,463.0545654296875,30.0,75.92386627197266,47.13809585571289,24.062240600585938,2
11:12:02.138,3.933680534362793,468.6546936035156,30.0,24.937482833862305,38.05223846435547,75.04862213134766,2
11:12:02.138,1.0462909936904907,475.66326904296875,30.0,72.5062484741211,72.4645767211914,27.479854583740234,2
11:12:02.138,4.492003917694092,468.3817138671875,30.0,40.15003967285156,24.645734786987305,75.34037017822266,2
11:12:02.138,1.6695674657821655,472.1611022949219,30.0,45.5543212890625,75.84050750732422,24.14559555053711,2
11:12:02.138,5.03940486907959,466.8515930175781,30.0,64.44845581054688,25.395944595336914,74.59016418457031,2
11:12:02.138,2.2116546630859375,465.67724609375,30.0,26.132259368896484,73.85385131835938,32.203392028808594,2
11:12:02.138,5.617461204528809,468.0476379394531,30.0,75.7154769897461,24.270631790161133,56.36288070678711,2
11:12:02.138,2.69635009765625,464.6686706542969,30.0,24.090024948120117,75.89608764648438,53.514869689941406,2
11:12:02.138,6.181894302368164,469.4559326171875,30.0,73.6871337890625,26.298973083496094,31.550430297851562,2
11:12:02.138,3.306083917617798,469.16754150390625,30.0,25.673797607421875,65.80994415283203,74.31230926513672,2
11:12:02.138,0.38231343030929565,462.743408203125,30.0,75.7154769897461,43.65101623535156,24.270631790161133,2
11:12:02.138,3.8738839626312256,469.0965270996094,30.0,24.576271057128906,40.6640739440918,75.40983581542969,2
11:12:02.138,0.9554306268692017,475.6867370605469,30.0,73.58988189697266,68.82467651367188,26.396221160888672,2
11:12:02.138,4.4508538246154785,470.06939697265625,30.0,38.357879638671875,24.89580535888672,75.09030151367188,2
11:12:02.138,1.6528024673461914,477.0560607910156,30.0,46.30453109741211,75.88218688964844,24.103918075561523,2
11:12:02.138,5.012601852416992,469.1428527832031,30.0,63.29535675048828,25.17365837097168,74.81244659423828,2
11:12:02.138,2.2124931812286377,468.52581787109375,30.0,26.118364334106445,73.86773681640625,32.24506759643555,2
11:12:02.138,5.605477333068848,471.28472900390625,30.0,75.65990447998047,24.326202392578125,56.90469741821289,2
11:12:02.138,2.712040424346924,468.8282775878906,30.0,24.131702423095703,75.85440063476562,54.22339630126953,2
11:12:02.138,6.18565034866333,471.3228454589844,30.0,73.64545440673828,26.340652465820312,31.397611618041992,2
11:12:02.138,3.287662982940674,471.0580139160156,30.0,25.840511322021484,66.58794403076172,74.14559936523438,2
11:12:02.138,0.3739480972290039,462.8927917480469,30.0,75.68769073486328,43.28980255126953,24.298416137695312,2
11:12:02.138,3.875396728515625,470.96710205078125,30.0,24.590164184570312,40.60850143432617,75.39594268798828,2
11:12:02.139,0.9149170517921448,462.853515625,30.0,74.00666809082031,67.15753936767578,25.97943878173828,2
11:12:02.139,4.4160685539245605,469.9505615234375,30.0,36.857460021972656,25.1458740234375,74.8402328491211,2
11:12:02.139,1.5994844436645508,475.87030029296875,30.0,48.70797348022461,75.96554565429688,24.02056121826172,2
11:12:02.139,4.9602274894714355,468.2060852050781,30.0,61.03084182739258,24.812448501586914,75.17366027832031,2
11:12:02.139,2.146409273147583,472.81439208984375,30.0,26.85468292236328,73.13142395019531,29.549875259399414,2
11:12:02.139,5.5415191650390625,470.7977600097656,30.0,75.35426330566406,24.6318416595459,59.72492218017578,2
11:12:02.139,2.639575481414795,466.90179443359375,30.0,24.02056121826172,75.96554565429688,50.95859909057617,2
11:12:02.745,6.099429130554199,469.484619140625,30.0,74.49291229248047,25.493192672729492,34.99583435058594,2
11:12:02.745,3.193070650100708,469.8897399902344,30.0,26.85468292236328,70.4640121459961,73.13142395019531,2
11:12:02.745,0.3131231367588043,463.3253173828125,30.0,75.39594268798828,40.59461212158203,24.590164184570312,2
11:12:02.745,3.7793612480163574,468.819580078125,30.0,24.187274932861328,44.859683990478516,75.79883575439453,2
11:12:02.745,0.8005905151367188,459.8531494140625,30.0,74.97916412353516,62.29507827758789,25.006946563720703,2
11:12:02.745,4.338428974151611,471.021484375,30.0,33.550987243652344,25.812726974487305,74.17337799072266,2
11:12:02.745,1.4935656785964966,472.66412353515625,30.0,53.459293365478516,75.89608764648438,24.090024948120117,2
11:12:02.745,4.8655805587768555,466.4669189453125,30.0,56.863014221191406,24.31230926513672,75.67379760742188,2
11:12:02.745,2.0902035236358643,474.75604248046875,30.0,27.66046142578125,72.54792785644531,27.43817901611328,2
11:12:02.745,5.473979473114014,470.2778015136719,30.0,74.92359161376953,25.062517166137695,62.670188903808594,2
11:12:02.745,2.5799052715301514,467.406982421875,30.0,24.034454345703125,75.95165252685547,48.27730178833008,2
11:12:02.745,6.0856828689575195,473.28948974609375,30.0,74.60405731201172,25.382051467895508,35.57932662963867,2
11:12:02.746,3.17891526222229,471.30352783203125,30.0,27.02139663696289,71.01972961425781,72.96470642089844,2
11:12:02.746,0.29118576645851135,463.62518310546875,30.0,75.27091217041016,39.62211608886719,24.715198516845703,2
11:12:02.746,3.7280070781707764,467.55645751953125,30.0,24.062240600585938,47.16587829589844,75.92386627197266,2
11:12:02.746,0.8162719011306763,462.8057556152344,30.0,74.8680191040039,62.97582244873047,25.118087768554688,2
11:12:02.746,4.3281145095825195,470.0331726074219,30.0,33.12031173706055,25.909975051879883,74.07613372802734,2
11:12:02.746,1.472009539604187,471.0399169921875,30.0,54.431785583496094,75.84050750732422,24.14559555053711,2
11:12:02.746,4.8456034660339355,465.6390380859375,30.0,55.973880767822266,24.24284553527832,75.7432632446289,2
11:12:02.746,2.078373670578003,474.0268859863281,30.0,28.11892318725586,72.70075225830078,27.285358428955078,2
11:12:02.746,5.437138557434082,467.5223388671875,30.0,74.63184356689453,25.354267120361328,64.25395965576172,2
11:12:02.746,2.5412683486938477,465.1533203125,30.0,24.090024948120117,75.89608764648438,46.54070281982422,2
11:12:02.746,6.0185394287109375,469.7256164550781,30.0,75.10419464111328,24.881912231445312,38.46902084350586,2
11:12:02.746,3.111165761947632,471.38177490234375,30.0,27.10474967956543,72.88135528564453,71.29757690429688,2
11:12:02.746,0.2344428151845932,462.3118896484375,30.0,74.89580535888672,37.16310119628906,25.090303421020508,2
11:12:02.746,3.675452947616577,467.6280517578125,30.0,24.02056121826172,49.527645111083984,75.96554565429688,2
11:12:02.746,0.7497239112854004,462.34857177734375,30.0,75.31258392333984,60.08613586425781,24.673519134521484,2
11:12:02.746,4.253561496734619,468.4718322753906,30.0,30.063905715942383,26.701862335205078,73.28424072265625,2
11:12:02.746,1.3989883661270142,471.5433654785156,30.0,57.68268585205078,75.59044647216797,24.395666122436523,2
11:12:02.746,4.7850117683410645,466.29486083984375,30.0,53.26479721069336,24.07613182067871,75.90997314453125,2
11:12:02.747,1.9841737747192383,472.291015625,30.0,31.91164207458496,73.78438568115234,26.20172119140625,2
11:12:02.747,5.3567094802856445,467.2688293457031,30.0,73.89552307128906,26.090579986572266,67.62989807128906,2
11:12:02.747,2.4542059898376465,465.1873779296875,30.0,24.353986740112305,75.63211822509766,42.650733947753906,2
11:12:02.747,5.916699409484863,469.6252136230469,30.0,75.65990447998047,24.326202392578125,42.95637512207031,2
11:12:02.747,3.022226095199585,466.97637939453125,30.0,26.104473114013672,73.88162994384766,67.68547058105469,2
11:12:02.747,0.1625784933567047,462.4222412109375,30.0,74.29841613769531,34.092803955078125,25.68769073486328,2
11:12:02.747,3.604759454727173,469.5220947265625,30.0,24.062240600585938,52.709083557128906,75.92386627197266,2
11:12:02.747,0.6766887307167053,462.3565673828125,30.0,75.67379760742188,56.84912109375,24.31230926513672,2
11:12:02.747,4.185801982879639,470.7781066894531,30.0,27.452070236206055,27.604888916015625,72.5340347290039,2
11:12:02.747,1.3632733821868896,476.101806640625,30.0,59.26646041870117,75.40983581542969,24.576271057128906,2
11:12:02.747,4.747166633605957,468.7032165527344,30.0,51.55598449707031,24.034454345703125,75.95165252685547,2
11:12:02.747,1.970654845237732,475.9318542480469,30.0,32.48124313354492,73.9233169555664,26.062795639038086,2
11:12:02.747,5.341258525848389,471.86572265625,30.0,73.72881317138672,26.257293701171875,68.26895904541016,2
11:12:02.747,2.4667580127716064,469.15716552734375,30.0,24.31230926513672,75.67379760742188,43.20644760131836,2
11:12:02.747,5.928951263427734,471.70794677734375,30.0,75.60433959960938,24.381772994995117,42.4145622253418,2
11:12:02.747,2.9997434616088867,465.5860595703125,30.0,25.882190704345703,74.10391235351562,66.75465393066406,2
11:12:02.747,0.16527295112609863,463.8132019042969,30.0,74.32620239257812,34.217838287353516,25.6599063873291,2
11:12:02.747,3.6253762245178223,471.32373046875,30.0,24.034454345703125,51.77826690673828,75.95165252685547,2
11:12:02.747,0.6767672896385193,463.16943359375,30.0,75.67379760742188,56.863014221191406,24.31230926513672,2
11:12:02.747,4.162705421447754,469.6261901855469,30.0,27.160322189331055,28.521812438964844,72.8257827758789,2
11:12:02.747,1.3383511304855347,475.88446044921875,30.0,60.363990783691406,75.27091217041016,24.715198516845703,2
11:12:02.747,4.715434551239014,468.28265380859375,30.0,50.12503433227539,24.006669998168945,75.97943878173828,2
11:12:02.747,1.9032938480377197,472.8672790527344,30.0,35.301475524902344,74.5484848022461,25.437620162963867,2
11:12:02.747,5.278721809387207,470.6507568359375,30.0,73.03417205810547,26.951929092407227,70.81134033203125,2
11:12:02.747,2.4114060401916504,467.2641296386719,30.0,24.5623779296875,75.4237289428711,40.761322021484375,2
11:12:02.747,5.854528427124023,469.7763977050781,30.0,75.85440063476562,24.131702423095703,45.72103500366211,2
11:12:02.747,2.9271156787872314,465.0815124511719,30.0,25.24312400817871,74.74298095703125,63.684356689453125,2
11:12:02.747,0.12559004127979279,464.7371520996094,30.0,73.93721008300781,32.55070877075195,26.04890251159668,2
11:12:02.747,3.5288515090942383,468.2008361816406,30.0,24.256736755371094,56.11280822753906,75.7293701171875,2
11:12:02.747,0.5740942358970642,460.21453857421875,30.0,75.93775939941406,52.26451873779297,24.0483455657959,2
11:12:03.350,4.092193126678467,470.4504699707031,30.0,26.340652465820312,31.355932235717773,73.64545440673828,2
11:12:03.350,1.2199662923812866,472.57318115234375,30.0,65.46263122558594,74.39566040039062,25.59044075012207,2
11:12:03.350,4.622262001037598,466.4002380371094,30.0,45.94331741333008,24.11781120300293,75.86829376220703,2
11:12:03.350,1.8470780849456787,475.8452453613281,30.0,37.71881103515625,74.99305725097656,24.993053436279297,2
11:12:03.350,5.220494747161865,471.0632019042969,30.0,71.8810806274414,27.29924964904785,72.68685913085938,2
11:12:03.350,2.357666015625,466.6654357910156,30.0,24.881912231445312,75.10419464111328,38.413448333740234,2
11:12:03.350,5.836820602416992,472.61761474609375,30.0,75.89608764648438,24.090024948120117,46.52681350708008,2
11:12:03.350,2.946739435195923,470.4416198730469,30.0,25.409835815429688,74.5762710571289,64.5179214477539,2
11:12:03.350,0.11622295528650284,462.8921203613281,30.0,73.85385131835938,32.161712646484375,26.132259368896484,2
11:12:03.350,3.4948277473449707,467.7361755371094,30.0,24.381772994995117,57.62711715698242,75.60433959960938,2
11:12:03.350,0.577588677406311,462.03924560546875,30.0,75.93775939941406,52.41733932495117,24.0483455657959,2
11:12:03.350,4.093500137329102,470.8036804199219,30.0,26.354541778564453,31.30035972595215,73.6315689086914,2
11:12:03.350,1.223099708557129,471.6390075683594,30.0,65.32369995117188,74.42344665527344,25.56265640258789,2
11:12:03.350,4.624207973480225,466.80291748046875,30.0,46.02667236328125,24.11781120300293,75.86829376220703,2
11:12:03.350,1.8338229656219482,473.8043212890625,30.0,38.288414001464844,75.07640838623047,24.909696578979492,2
11:12:03.350,5.2191081047058105,469.2843322753906,30.0,71.82550048828125,27.271465301513672,72.71464538574219,2
11:12:03.350,2.321695566177368,463.8070373535156,30.0,25.1458740234375,74.8402328491211,36.857460021972656,2
11:12:03.350,5.771824836730957,469.7994079589844,30.0,75.96554565429688,24.02056121826172,49.44429016113281,2
11:12:03.350,2.8817801475524902,468.0130920410156,30.0,24.909696578979492,75.07640838623047,61.72547912597656,2
11:12:03.350,0.06684829294681549,470.5727233886719,30.0,73.3120346069336,30.147262573242188,26.674076080322266,2
11:12:03.350,3.437323570251465,468.53350830078125,30.0,24.687414169311523,60.155601501464844,75.29869842529297,2
11:12:03.350,0.5136697888374329,461.9585876464844,30.0,75.97943878173828,49.54153823852539,24.006669998168945,2
11:12:03.350,4.0195136070251465,470.6664733886719,30.0,25.632118225097656,34.384552001953125,74.35398864746094,2
11:12:03.350,1.1231400966644287,472.4349365234375,30.0,69.4776382446289,73.40928649902344,26.576826095581055,2
11:12:03.350,4.5430378913879395,467.11029052734375,30.0,42.4145622253418,24.381772994995117,75.60433959960938,2
11:12:03.350,1.7418969869613647,473.0810546875,30.0,42.33120346069336,75.59044647216797,24.395666122436523,2
11:12:03.351,5.137176990509033,469.54278564453125,30.0,68.53292846679688,26.326757431030273,73.65934753417969,2
11:12:03.351,2.2484748363494873,465.07659912109375,30.0,25.77104949951172,74.21505737304688,33.745487213134766,2
11:12:03.351,5.6806640625,469.7094421386719,30.0,75.89608764648438,24.090024948120117,53.54264831542969,2
11:12:03.351,2.7986769676208496,467.5158386230469,30.0,24.43734359741211,75.54875946044922,58.08557891845703,2
11:12:03.351,6.254491806030273,470.1666564941406,30.0,72.85356903076172,27.132537841796875,28.619060516357422,2
11:12:03.654,3.368283271789551,468.85247802734375,30.0,25.1458740234375,63.15643310546875,74.8402328491211,2
11:12:03.654,0.45080968737602234,462.5933532714844,30.0,75.90997314453125,46.7213134765625,24.07613182067871,2
11:12:03.654,3.958670139312744,471.2700500488281,30.0,25.118087768554688,36.968605041503906,74.8680191040039,2
11:12:03.654,1.0641484260559082,477.8140869140625,30.0,71.82550048828125,72.71464538574219,27.271465301513672,2
11:12:03.654,4.521665096282959,469.8544006347656,30.0,41.45595932006836,24.479022979736328,75.50708770751953,2
11:12:03.654,1.724012851715088,475.3579406738281,30.0,43.12308883666992,75.67379760742188,24.31230926513672,2
11:12:03.654,5.0824432373046875,467.89202880859375,30.0,66.2684097290039,25.77104949951172,74.21505737304688,2
11:12:03.654,2.2692596912384033,468.5489196777344,30.0,25.576549530029297,74.40955352783203,34.6207275390625,2
11:12:03.654,5.690312385559082,471.3724365234375,30.0,75.90997314453125,24.07613182067871,53.111976623535156,2
11:12:03.654,2.7669689655303955,466.5085754394531,30.0,24.298416137695312,75.68769073486328,56.66851806640625,2
11:12:03.654,6.258609771728516,471.8229675292969,30.0,72.8118896484375,27.174217224121094,28.452348709106445,2
11:12:03.654,3.3621654510498047,469.99951171875,30.0,25.201446533203125,63.4203987121582,74.78466033935547,2
11:12:03.654,0.4480738639831543,462.9933776855469,30.0,75.89608764648438,46.596275329589844,24.090024948120117,2
11:12:03.654,3.924844980239868,469.9440612792969,30.0,24.881912231445312,38.44123458862305,75.10419464111328,2
11:12:03.654,1.0401312112808228,475.7142028808594,30.0,72.58960723876953,72.2145004272461,27.396499633789062,2
11:12:03.654,4.487423419952393,468.1927795410156,30.0,39.955543518066406,24.673519134521484,75.31258392333984,2
11:12:03.654,1.6594808101654053,472.86895751953125,30.0,46.012779235839844,75.86829376220703,24.11781120300293,2
11:12:03.654,5.030644416809082,468.0383605957031,30.0,64.07335662841797,25.31258773803711,74.67352294921875,2
11:12:03.654,2.227119207382202,466.9281005859375,30.0,25.965543746948242,74.02056121826172,32.84245681762695,2
11:12:03.654,5.617547512054443,469.60784912109375,30.0,75.7154769897461,24.270631790161133,56.36288070678711,2
11:12:03.655,2.6956634521484375,465.0517272949219,30.0,24.090024948120117,75.89608764648438,53.48707962036133,2
11:12:03.655,6.1843156814575195,470.6986083984375,30.0,73.65934753417969,26.326757431030273,31.45318031311035,2
11:12:03.655,3.279292345046997,469.2750549316406,30.0,25.92386817932129,66.93525695800781,74.06224060058594,2
11:12:03.655,0.3450963795185089,460.2009582519531,30.0,75.56265258789062,41.997779846191406,24.423450469970703,2
11:12:03.655,3.8428452014923096,470.0933532714844,30.0,24.423450469970703,42.03945541381836,75.56265258789062,2
11:12:03.655,0.9160435199737549,463.36810302734375,30.0,73.9927749633789,67.19922637939453,25.993331909179688,2
11:12:03.655,4.383617401123047,466.4298400878906,30.0,35.46818542480469,25.409835815429688,74.5762710571289,2
11:12:03.655,1.5997896194458008,475.9471435546875,30.0,48.69408416748047,75.96554565429688,24.02056121826172,2
11:12:03.655,4.971823692321777,469.5683288574219,30.0,61.530982971191406,24.881912231445312,75.10419464111328,2
11:12:03.655,2.1721408367156982,475.0959777832031,30.0,26.549041748046875,73.43706512451172,30.59183120727539,2
11:12:03.656,5.5747270584106445,472.11163330078125,30.0,75.53486633300781,24.451236724853516,58.26618576049805,2
11:12:03.656,2.691786527633667,470.25103759765625,30.0,24.07613182067871,75.90997314453125,53.30647277832031,2
11:12:03.656,6.168419361114502,472.9153137207031,30.0,73.82606506347656,26.160043716430664,32.10614013671875,2
11:12:03.656,3.2504374980926514,468.3421936035156,30.0,26.21561622619629,68.13003540039062,73.77049255371094,2
11:12:03.656,0.3364655077457428,461.7686462402344,30.0,75.52098083496094,41.62267303466797,24.46512794494629,2
11:12:03.656,3.8344004154205322,470.6873779296875,30.0,24.381772994995117,42.4145622253418,75.60433959960938,2
11:12:03.656,0.9182814359664917,464.46075439453125,30.0,73.9788818359375,67.29647064208984,26.00722312927246,2
11:12:03.656,4.393077373504639,466.4702453613281,30.0,35.87107849121094,25.326478958129883,74.65962982177734,2
11:12:03.656,1.577364206314087,473.8515625,30.0,49.694358825683594,75.97943878173828,24.006669998168945,2
11:12:03.656,4.982753753662109,469.8443603515625,30.0,62.01722717285156,24.95137596130371,75.03472900390625,2
11:12:03.656,2.170208215713501,474.3776550292969,30.0,26.576826095581055,73.40928649902344,30.508474349975586,2
11:12:03.656,5.544210433959961,470.78338623046875,30.0,75.36815643310547,24.617948532104492,59.6137809753418,2
11:12:03.656,2.6503658294677734,467.6795959472656,30.0,24.02056121826172,75.96554565429688,51.444847106933594,2
11:12:03.656,6.123125076293945,470.76055908203125,30.0,74.2706298828125,25.715476989746094,33.99555206298828,2
11:12:03.656,3.2111785411834717,467.97613525390625,30.0,26.646289825439453,69.72769927978516,73.33981323242188,2
11:12:03.656,0.3103301227092743,461.7430419921875,30.0,75.38204956054688,40.469573974609375,24.60405731201172,2
11:12:03.656,3.8037033081054688,471.680419921875,30.0,24.256736755371094,43.77605056762695,75.7293701171875,2
11:12:03.656,0.8672506809234619,464.0045471191406,30.0,74.45124053955078,65.15699005126953,25.53487205505371,2
11:12:03.656,4.335663795471191,467.0113220214844,30.0,33.43984603881836,25.840511322021484,74.14559936523438,2
11:12:03.656,1.5147960186004639,472.006591796875,30.0,52.51458740234375,75.93775939941406,24.0483455657959,2
11:12:03.656,4.909086227416992,468.79443359375,30.0,58.79410934448242,24.506807327270508,75.47930145263672,2
11:12:03.656,2.087862730026245,473.6228942871094,30.0,27.743816375732422,72.57572174072266,27.410390853881836,2
11:12:03.656,5.466628074645996,469.7200622558594,30.0,74.8680191040039,25.118087768554688,62.98971939086914,2
11:12:03.656,2.586988925933838,467.8419189453125,30.0,24.02056121826172,75.96554565429688,48.596832275390625,2
11:12:03.656,6.0392842292785645,470.3825988769531,30.0,74.96527099609375,25.020837783813477,37.56599044799805,2
11:12:03.656,3.151475429534912,469.207275390625,30.0,27.36871337890625,72.10336303710938,72.61739349365234,2
11:12:03.656,0.24965350329875946,462.1883544921875,30.0,75.00694274902344,37.81605911254883,24.97916030883789,2
11:12:03.656,3.729686975479126,470.6745300292969,30.0,24.062240600585938,47.09641647338867,75.92386627197266,2
11:12:03.656,0.7862281203269958,462.2939453125,30.0,75.07640838623047,61.6699104309082,24.909696578979492,2
11:12:03.656,4.303805828094482,469.27203369140625,30.0,32.120033264160156,26.14615249633789,73.83995819091797,2
11:12:04.261,1.505454182624817,475.7016906738281,30.0,52.93136978149414,75.92386627197266,24.062240600585938,2
11:12:04.261,4.867654323577881,468.45489501953125,30.0,56.946372985839844,24.326202392578125,75.65990447998047,2
11:12:04.261,2.0957915782928467,477.3934631347656,30.0,27.479854583740234,72.5062484741211,27.549320220947266,2
11:12:04.261,5.472460746765137,472.0879821777344,30.0,74.90969848632812,25.0764102935791,62.73965072631836,2
11:12:04.261,2.554502487182617,465.732421875,30.0,24.062240600585938,75.92386627197266,47.13809585571289,2
11:12:04.261,6.040660858154297,471.3276062011719,30.0,74.95137786865234,25.034730911254883,37.51041793823242,2
11:12:04.261,3.132847547531128,470.8064270019531,30.0,27.382606506347656,72.60350036621094,72.1450424194336,2
11:12:04.261,0.24592958390712738,463.5852355957031,30.0,74.97916412353516,37.663238525390625,25.006946563720703,2
11:12:04.261,3.70680570602417,470.2068786621094,30.0,24.034454345703125,48.124481201171875,75.95165252685547,2
11:12:04.261,0.7774520516395569,462.87066650390625,30.0,75.1458740234375,61.29480743408203,24.840232849121094,2
11:12:04.261,4.279540538787842,467.6878662109375,30.0,31.119754791259766,26.410114288330078,73.57598876953125,2
11:12:04.261,1.429366111755371,473.1749267578125,30.0,56.33509063720703,75.7154769897461,24.270631790161133,2
11:12:04.261,4.827145099639893,468.46685791015625,30.0,55.140316009521484,24.187274932861328,75.79883575439453,2
11:12:04.261,2.0322327613830566,476.2950439453125,30.0,29.9527645111084,73.25646209716797,26.729646682739258,2
11:12:04.261,5.388514518737793,469.381591796875,30.0,74.20116424560547,25.78493881225586,66.3100814819336,2
11:12:04.261,2.498356342315674,465.4563903808594,30.0,24.2011661529541,75.78494262695312,44.623504638671875,2
11:12:04.261,5.96842622756958,471.2295837402344,30.0,75.40983581542969,24.576271057128906,40.6640739440918,2
11:12:04.262,3.0291008949279785,464.9863586425781,30.0,26.17393684387207,73.81217193603516,67.97721099853516,2
11:12:04.262,0.15994088351726532,460.59954833984375,30.0,74.2706298828125,33.98166275024414,25.715476989746094,2
11:12:04.262,3.622418165206909,470.6739807128906,30.0,24.034454345703125,51.91720199584961,75.95165252685547,2
11:12:04.262,0.695645272731781,463.1976013183594,30.0,75.59044647216797,57.69657897949219,24.395666122436523,2
11:12:04.262,4.180420875549316,468.1814880371094,30.0,27.382606506347656,27.813282012939453,72.60350036621094,2
11:12:04.262,1.3411542177200317,474.1058044433594,30.0,60.238956451416016,75.29869842529297,24.687414169311523,2
11:12:04.262,4.756295204162598,469.4142150878906,30.0,51.97277069091797,24.034454345703125,75.95165252685547,2
11:12:04.262,1.9486689567565918,475.0505065917969,30.0,33.384273529052734,74.14559936523438,25.840511322021484,2
11:12:04.262,5.337450981140137,472.01568603515625,30.0,73.6871337890625,26.298973083496094,68.43567657470703,2
11:12:04.262,2.463364362716675,469.8087463378906,30.0,24.326202392578125,75.65990447998047,43.0675163269043,2
11:12:04.262,5.9298224449157715,472.6785583496094,30.0,75.60433959960938,24.381772994995117,42.37288284301758,2
11:12:04.262,3.024994373321533,468.14453125,30.0,26.132259368896484,73.85385131835938,67.81050872802734,2
11:12:04.262,0.1644059121608734,461.41046142578125,30.0,74.31230926513672,34.1761589050293,25.673797607421875,2
11:12:04.262,3.605794668197632,470.4639587402344,30.0,24.062240600585938,52.66740798950195,75.92386627197266,2
11:12:04.263,0.6886600255966187,464.3690185546875,30.0,75.61822509765625,57.39094161987305,24.36787986755371,2
11:12:04.263,4.184616565704346,470.2597351074219,30.0,27.43817901611328,27.66046142578125,72.54792785644531,2
11:12:04.263,1.3434194326400757,474.109619140625,30.0,60.14170837402344,75.29869842529297,24.687414169311523,2
11:12:04.263,4.746737957000732,469.4709777832031,30.0,51.54209899902344,24.034454345703125,75.95165252685547,2
11:12:04.263,1.9490697383880615,475.328857421875,30.0,33.37038040161133,74.13170623779297,25.854402542114258,2
11:12:04.263,5.314301013946533,470.1353454589844,30.0,73.43706512451172,26.549041748046875,69.38038635253906,2
11:12:04.263,2.436640977859497,467.8569641113281,30.0,24.43734359741211,75.54875946044922,41.87274169921875,2
11:12:04.263,5.885486602783203,470.2498474121094,30.0,75.77104187011719,24.21506118774414,44.34565353393555,2
11:12:04.263,2.9726614952087402,467.27752685546875,30.0,25.632118225097656,74.35398864746094,65.61544799804688,2
11:12:04.263,0.13865050673484802,462.1203308105469,30.0,74.07613372802734,33.092525482177734,25.909975051879883,2
11:12:04.263,3.571385622024536,471.1421203613281,30.0,24.131702423095703,54.20949935913086,75.85440063476562,2
11:12:04.263,0.6415505409240723,463.7662353515625,30.0,75.79883575439453,55.29313659667969,24.187274932861328,2
11:12:04.263,4.120423793792725,469.0062561035156,30.0,26.66018295288086,30.20283317565918,73.325927734375,2
11:12:04.263,1.257474660873413,471.97637939453125,30.0,63.86496353149414,74.71519470214844,25.27090835571289,2
11:12:04.263,4.682429313659668,469.4482421875,30.0,48.638511657714844,24.02056121826172,75.96554565429688,2
11:12:04.263,1.844509482383728,474.4593200683594,30.0,37.829952239990234,75.00694274902344,24.97916030883789,2
11:12:04.263,5.232297420501709,470.7572326660156,30.0,72.35343170166016,27.452070236206055,72.5340347290039,2
11:12:04.263,2.3471498489379883,466.8093566894531,30.0,24.965269088745117,75.02083587646484,37.954986572265625,2
11:12:04.263,5.791577339172363,470.3213806152344,30.0,75.96554565429688,24.02056121826172,48.555152893066406,2
11:12:04.263,2.9146273136138916,469.7624816894531,30.0,25.1458740234375,74.8402328491211,63.142539978027344,2
11:12:04.263,0.08389350026845932,463.6334533691406,30.0,73.50653076171875,30.841901779174805,26.479578018188477,2
11:12:04.263,3.476499080657959,470.06536865234375,30.0,24.479022979736328,58.432899475097656,75.50708770751953,2
11:12:04.263,0.5702401399612427,463.60089111328125,30.0,75.95165252685547,52.09780502319336,24.034454345703125,2
11:12:04.263,4.082219123840332,470.4437255859375,30.0,26.24340057373047,31.772714614868164,73.74270629882812,2
11:12:04.263,1.2391270399093628,475.4084167480469,30.0,64.64295196533203,74.5623779296875,25.423728942871094,2
11:12:04.263,4.640591144561768,469.0009765625,30.0,46.76299285888672,24.07613182067871,75.90997314453125,2
11:12:04.263,1.8602361679077148,477.7127685546875,30.0,37.149208068847656,74.89580535888672,25.090303421020508,2
11:12:04.263,5.2221198081970215,471.8141174316406,30.0,71.95054626464844,27.313142776489258,72.67296600341797,2
11:12:04.263,2.3432345390319824,466.7493591308594,30.0,24.993053436279297,74.99305725097656,37.78827667236328,2
11:12:04.263,5.8036017417907715,471.9418029785156,30.0,75.95165252685547,24.034454345703125,48.01333999633789,2
11:12:04.565,2.9006268978118896,467.5978088378906,30.0,25.048625946044922,74.9374771118164,62.54515075683594,2
11:12:04.565,0.046686962246894836,463.09295654296875,30.0,73.07585144042969,29.34148406982422,26.91025161743164,2
11:12:04.565,3.4610307216644287,469.9867248535156,30.0,24.548486709594727,59.1136474609375,75.4376220703125,2
11:12:04.565,0.5505099296569824,463.55316162109375,30.0,75.96554565429688,51.20866775512695,24.02056121826172,2
11:12:04.565,4.063514232635498,471.6500244140625,30.0,26.04890251159668,32.53681564331055,73.93721008300781,2
11:12:04.565,1.1719027757644653,472.33905029296875,30.0,67.4770736694336,73.93721008300781,26.04890251159668,2
11:12:04.565,4.590361595153809,467.6026916503906,30.0,44.51236343383789,24.2011661529541,75.78494262695312,2
11:12:04.565,1.8063055276870728,475.8498229980469,30.0,39.4970817565918,75.25701904296875,24.72909164428711,2
11:12:04.565,5.155935287475586,468.7230224609375,30.0,69.31092071533203,26.521257400512695,73.46485137939453,2
11:12:04.565,2.2803056240081787,464.8995056152344,30.0,25.479299545288086,74.50680541992188,35.07918930053711,2
11:12:04.565,5.739473342895508,471.58221435546875,30.0,75.96554565429688,24.02056121826172,50.90302658081055,2
11:12:04.565,2.8169705867767334,465.5141296386719,30.0,24.520700454711914,75.46540832519531,58.891357421875,2
11:12:04.565,6.258484840393066,467.103515625,30.0,72.8118896484375,27.174217224121094,28.46623992919922,2
11:12:04.565,3.3764681816101074,469.97265625,30.0,25.090303421020508,62.80911636352539,74.89580535888672,2
11:12:04.565,0.4772918224334717,463.2398681640625,30.0,75.95165252685547,47.91608810424805,24.034454345703125,2
11:12:04.565,3.9542713165283203,468.45867919921875,30.0,25.090303421020508,37.16310119628906,74.89580535888672,2
11:12:04.565,1.066651701927185,474.776123046875,30.0,71.72825622558594,72.74242401123047,27.24367904663086,2
11:12:04.565,4.529565811157227,469.74029541015625,30.0,41.817169189453125,24.451236724853516,75.53486633300781,2
11:12:04.565,1.7233024835586548,475.141845703125,30.0,43.150875091552734,75.67379760742188,24.31230926513672,2
11:12:04.565,5.096098899841309,469.5206298828125,30.0,66.83800506591797,25.896081924438477,74.09002685546875,2
11:12:04.565,2.269310235977173,470.1071472167969,30.0,25.576549530029297,74.40955352783203,34.6207275390625,2
11:12:04.565,5.710569381713867,472.82379150390625,30.0,75.93775939941406,24.0483455657959,52.19505310058594,2
11:12:04.565,2.8113226890563965,468.20843505859375,30.0,24.4929141998291,75.49319458007812,58.64128875732422,2
11:12:04.565,0.0069052535109221935,472.1524963378906,30.0,72.57572174072266,27.757709503173828,27.410390853881836,2
11:12:04.565,3.3878512382507324,470.6157531738281,30.0,25.006946563720703,62.3089714050293,74.97916412353516,2
11:12:04.565,0.4795527160167694,464.3743896484375,30.0,75.95165252685547,48.01333999633789,24.034454345703125,2
11:12:04.565,3.9672272205352783,470.2605895996094,30.0,25.187551498413086,36.607391357421875,74.79855346679688,2
11:12:04.565,1.066404104232788,473.5172119140625,30.0,71.74215698242188,72.74242401123047,27.24367904663086,2
11:12:04.565,4.531779766082764,469.6936950683594,30.0,41.91442108154297,24.43734359741211,75.54875946044922,2
11:12:04.565,1.712112307548523,474.27093505859375,30.0,43.65101623535156,75.7154769897461,24.270631790161133,2
11:12:05.166,5.085573673248291,469.4703674316406,30.0,66.39344024658203,25.7988338470459,74.18727111816406,2
11:12:05.167,2.2536046504974365,467.79364013671875,30.0,25.715476989746094,74.2706298828125,33.95387649536133,2
11:12:05.167,5.66784143447876,471.05413818359375,30.0,75.86829376220703,24.11781120300293,54.11225509643555,2
11:12:05.167,2.757547616958618,466.7425231933594,30.0,24.270631790161133,75.7154769897461,56.25173568725586,2
11:12:05.167,6.235739707946777,470.86761474609375,30.0,73.08975219726562,26.896360397338867,29.3692684173584,2
11:12:05.167,3.3298285007476807,469.82366943359375,30.0,25.465408325195312,64.8096694946289,74.52069854736328,2
11:12:05.167,0.4327356219291687,464.2452392578125,30.0,75.86829376220703,45.915531158447266,24.11781120300293,2
11:12:05.167,3.9043264389038086,469.8887023925781,30.0,24.756877899169922,39.33036804199219,75.2292251586914,2
11:12:05.167,1.0021172761917114,472.53875732421875,30.0,73.06195831298828,70.7140884399414,26.924144744873047,2
11:12:05.167,4.4669013023376465,469.09405517578125,30.0,39.052513122558594,24.7846622467041,75.20144653320312,2
11:12:05.167,1.6174267530441284,473.6729431152344,30.0,47.90219497680664,75.95165252685547,24.034454345703125,2
11:12:05.167,5.025330543518066,470.8575134277344,30.0,63.851070404052734,25.27090835571289,74.71519470214844,2
11:12:05.167,2.1761035919189453,468.1028747558594,30.0,26.507362365722656,73.47874450683594,30.744651794433594,2
11:12:05.167,5.571831226348877,469.5257873535156,30.0,75.52098083496094,24.46512794494629,58.39122009277344,2
11:12:05.167,2.7099380493164062,468.98583984375,30.0,24.11781120300293,75.86829376220703,54.12614440917969,2
11:12:05.167,6.163085460662842,470.26031494140625,30.0,73.88162994384766,26.104473114013672,32.32842254638672,2
11:12:05.167,3.270555019378662,470.82183837890625,30.0,26.00722312927246,67.29647064208984,73.9788818359375,2
11:12:05.167,0.38376784324645996,463.9892883300781,30.0,75.7154769897461,43.72047805786133,24.270631790161133,2
11:12:05.167,3.8760416507720947,471.1752014160156,30.0,24.590164184570312,40.58071517944336,75.39594268798828,2
11:12:05.167,0.950901210308075,475.6994323730469,30.0,73.6315689086914,68.64407348632812,26.354541778564453,2
11:12:05.167,4.413697719573975,468.0686340332031,30.0,36.74631881713867,25.159767150878906,74.82633972167969,2
11:12:05.167,1.6426440477371216,477.2496337890625,30.0,46.76299285888672,75.90997314453125,24.07613182067871,2
11:12:05.167,5.013774394989014,470.021728515625,30.0,63.35093307495117,25.187551498413086,74.79855346679688,2
11:12:05.167,2.1684088706970215,465.45587158203125,30.0,26.59071922302246,73.3953857421875,30.439010620117188,2
11:12:05.167,5.580191135406494,471.20245361328125,30.0,75.56265258789062,24.423450469970703,58.016117095947266,2
11:12:05.167,2.6882359981536865,467.31256103515625,30.0,24.07613182067871,75.90997314453125,53.15365219116211,2
11:12:05.167,6.128504753112793,468.0257873535156,30.0,74.22895812988281,25.75715446472168,33.759376525878906,2
11:12:05.167,3.221620798110962,469.7143859863281,30.0,26.521257400512695,69.31092071533203,73.46485137939453,2
11:12:05.167,0.34527844190597534,463.4704284667969,30.0,75.56265258789062,42.01166915893555,24.423450469970703,2
11:12:05.167,3.844837188720703,471.24468994140625,30.0,24.43734359741211,41.95610046386719,75.56265258789062,2
11:12:05.167,0.8962646126747131,463.2596740722656,30.0,74.18727111816406,66.37954711914062,25.7988338470459,2
11:12:05.168,4.366179943084717,467.7566833496094,30.0,34.71797561645508,25.54876136779785,74.43734741210938,2
11:12:05.168,1.5787179470062256,475.96441650390625,30.0,49.638790130615234,75.97943878173828,24.006669998168945,2
11:12:05.168,4.940117835998535,468.4768371582031,30.0,60.155601501464844,24.687414169311523,75.29869842529297,2
11:12:05.168,2.112668991088867,471.15911865234375,30.0,27.257570266723633,72.7285385131836,28.20227813720703,2
11:12:05.168,5.515275955200195,471.1827697753906,30.0,75.20144653320312,24.7846622467041,60.878021240234375,2
11:12:05.168,2.6156702041625977,466.053466796875,30.0,24.006669998168945,75.97943878173828,49.888858795166016,2
11:12:05.168,6.055418491363525,467.4683837890625,30.0,74.8402328491211,25.1458740234375,36.87135314941406,2
11:12:05.168,3.1407792568206787,469.0286865234375,30.0,27.479854583740234,72.5062484741211,72.4645767211914,2
11:12:05.168,0.26820406317710876,462.8114318847656,30.0,75.1319808959961,38.62184143066406,24.8541259765625,2
11:12:05.168,3.738940477371216,468.8667297363281,30.0,24.07613182067871,46.67963409423828,75.90997314453125,2
11:12:05.168,0.7936990857124329,461.53521728515625,30.0,75.03472900390625,62.003334045410156,24.95137596130371,2
11:12:05.168,4.299864768981934,469.2718505859375,30.0,31.953319549560547,26.18783187866211,73.79827880859375,2
11:12:05.168,1.5041611194610596,475.5558166503906,30.0,52.986942291259766,75.90997314453125,24.07613182067871,2
11:12:05.168,4.891571521759033,470.2664794921875,30.0,58.016117095947266,24.423450469970703,75.56265258789062,2
11:12:05.168,2.1043202877044678,476.5564270019531,30.0,27.36871337890625,72.61739349365234,27.88274574279785,2
11:12:05.168,5.490382194519043,472.1603698730469,30.0,75.03472900390625,24.95137596130371,61.9616584777832,2
11:12:05.168,2.600252151489258,469.4373779296875,30.0,24.02056121826172,75.96554565429688,49.19422149658203,2
11:12:05.168,6.06279182434082,471.97344970703125,30.0,74.78466033935547,25.201446533203125,36.551822662353516,2
11:12:05.168,3.1649649143218994,470.28863525390625,30.0,27.202001571655273,71.575439453125,72.78411102294922,2
11:12:05.168,0.28115662932395935,464.2787170410156,30.0,75.21533966064453,39.191444396972656,24.770769119262695,2
11:12:05.168,3.749744176864624,470.19549560546875,30.0,24.103918075561523,46.193389892578125,75.88218688964844,2
11:12:05.168,0.8171553611755371,463.444091796875,30.0,74.8680191040039,63.01750564575195,25.118087768554688,2
11:12:05.168,4.31294584274292,469.021484375,30.0,32.49513626098633,26.062795639038086,73.9233169555664,2
11:12:05.168,1.4824036359786987,475.0528259277344,30.0,53.959434509277344,75.86829376220703,24.11781120300293,2
11:12:05.168,4.869760513305664,470.0017395019531,30.0,57.04362487792969,24.34009552001953,75.64601135253906,2
11:12:05.168,2.0619349479675293,475.86749267578125,30.0,28.771881103515625,72.90914154052734,27.07696533203125,2
11:12:05.168,5.431325912475586,471.3596496582031,30.0,74.59016418457031,25.395944595336914,64.5040283203125,2
11:12:05.168,2.5274603366851807,466.8450927734375,30.0,24.11781120300293,75.86829376220703,45.92942428588867,2
11:12:05.168,5.999445915222168,470.9123840332031,30.0,75.2292251586914,24.756877899169922,39.30258560180664,2
11:12:05.168,3.0851361751556396,467.412353515625,30.0,26.799110412597656,73.18699645996094,70.25562286376953,2
11:12:05.472,0.21769635379314423,464.4828186035156,30.0,74.7707748413086,36.440677642822266,25.215335845947266,2
11:12:05.476,3.6651573181152344,469.07659912109375,30.0,24.006669998168945,50.0,75.97943878173828,2
11:12:05.476,0.7416099905967712,463.22552490234375,30.0,75.35426330566406,59.72492218017578,24.6318416595459,2
11:12:05.476,4.226175785064697,469.3949890136719,30.0,28.966379165649414,27.02139663696289,72.96470642089844,2
11:12:05.476,1.3712706565856934,473.3204040527344,30.0,58.91914367675781,75.4515151977539,24.53459358215332,2
11:12:05.476,4.787929058074951,470.0773620605469,30.0,53.389827728271484,24.090024948120117,75.89608764648438,2
11:12:05.476,1.9563664197921753,473.6816711425781,30.0,33.06473922729492,74.06224060058594,25.92386817932129,2
11:12:05.476,5.333623886108398,469.9471130371094,30.0,73.64545440673828,26.340652465820312,68.58849334716797,2
11:12:05.476,2.4798502922058105,469.2081298828125,30.0,24.256736755371094,75.7293701171875,43.789939880371094,2
11:12:05.476,5.927336692810059,470.36236572265625,30.0,75.60433959960938,24.381772994995117,42.48402404785156,2
11:12:05.476,3.0239086151123047,467.46734619140625,30.0,26.118364334106445,73.86773681640625,67.75492858886719,2
11:12:05.476,0.16918589174747467,462.3966979980469,30.0,74.35398864746094,34.37065887451172,25.632118225097656,2
11:12:05.476,3.6480607986450195,471.80718994140625,30.0,24.02056121826172,50.764102935791016,75.96554565429688,2
11:12:05.476,0.706766664981842,464.1073913574219,30.0,75.53486633300781,58.182830810546875,24.451236724853516,2
11:12:05.477,4.180123329162598,468.6305236816406,30.0,27.382606506347656,27.827173233032227,72.60350036621094,2
11:12:05.477,1.3699755668640137,477.49383544921875,30.0,58.97471237182617,75.4515151977539,24.53459358215332,2
11:12:05.477,4.778686046600342,470.865234375,30.0,52.97304916381836,24.07613182067871,75.90997314453125,2
11:12:05.477,1.9221465587615967,471.5079650878906,30.0,34.509586334228516,74.38177490234375,25.604333877563477,2
11:12:05.477,5.322900772094727,471.7218322753906,30.0,73.53431701660156,26.451793670654297,69.01917266845703,2
11:12:05.477,2.452085256576538,466.76116943359375,30.0,24.36787986755371,75.61822509765625,42.5673828125,2
11:12:05.477,5.893925666809082,468.43548583984375,30.0,75.7432632446289,24.24284553527832,43.97054672241211,2
11:12:05.477,2.957284927368164,463.80828857421875,30.0,25.493192672729492,74.49291229248047,64.97637939453125,2
11:12:05.477,0.14432696998119354,463.4011535644531,30.0,74.13170623779297,33.328704833984375,25.854402542114258,2
11:12:05.477,3.60448956489563,471.31085205078125,30.0,24.062240600585938,52.72297668457031,75.92386627197266,2
11:12:05.477,0.6685248017311096,463.2906799316406,30.0,75.70158386230469,56.487911224365234,24.284523010253906,2
11:12:05.477,4.149975776672363,468.5030517578125,30.0,27.00750160217285,29.02195167541504,72.97860717773438,2
11:12:05.477,1.3251721858978271,476.7344970703125,30.0,60.933589935302734,75.18755340576172,24.798555374145508,2
11:12:05.477,4.704513072967529,468.3485412597656,30.0,49.638790130615234,24.006669998168945,75.97943878173828,2
11:12:05.477,1.8819904327392578,472.12713623046875,30.0,36.21839141845703,74.72908782958984,25.257015228271484,2
11:12:05.477,5.267223358154297,470.56298828125,30.0,72.88135528564453,27.10474967956543,71.2697982788086,2
11:12:06.086,2.3910810947418213,465.5059509277344,30.0,24.673519134521484,75.31258392333984,39.872188568115234,2
11:12:06.086,5.821756839752197,466.9405212402344,30.0,75.92386627197266,24.062240600585938,47.19366455078125,2
11:12:06.086,2.897148370742798,464.9836120605469,30.0,25.020837783813477,74.96527099609375,62.392330169677734,2
11:12:06.086,0.09591180831193924,464.2063293457031,30.0,73.6315689086914,31.328147888183594,26.354541778564453,2
11:12:06.087,3.521013021469116,468.92987060546875,30.0,24.284523010253906,56.46012878417969,75.70158386230469,2
11:12:06.087,0.5860584378242493,462.60858154296875,30.0,75.92386627197266,52.80633544921875,24.062240600585938,2
11:12:06.087,4.090672016143799,469.5120544433594,30.0,26.326757431030273,31.425395965576172,73.65934753417969,2
11:12:06.087,1.2440459728240967,475.88385009765625,30.0,64.43456268310547,74.60405731201172,25.382051467895508,2
11:12:06.087,4.665089130401611,470.1222229003906,30.0,47.86051940917969,24.034454345703125,75.95165252685547,2
11:12:06.087,1.8799225091934204,477.1009521484375,30.0,36.30175018310547,74.74298095703125,25.24312400817871,2
11:12:06.087,5.257369518280029,471.83984375,30.0,72.77021789550781,27.215892791748047,71.65879821777344,2
11:12:06.087,2.4061429500579834,469.7702331542969,30.0,24.590164184570312,75.39594268798828,40.525146484375,2
11:12:06.087,5.846418380737305,472.3855895996094,30.0,75.88218688964844,24.103918075561523,46.09613800048828,2
11:12:06.087,2.9561784267425537,469.96038818359375,30.0,25.479299545288086,74.50680541992188,64.92081451416016,2
11:12:06.087,0.11436299979686737,464.1856384277344,30.0,73.82606506347656,32.092247009277344,26.160043716430664,2
11:12:06.087,3.529423236846924,470.14691162109375,30.0,24.256736755371094,56.085025787353516,75.7293701171875,2
11:12:06.087,0.6155405640602112,464.2590637207031,30.0,75.86829376220703,54.12614440917969,24.11781120300293,2
11:12:06.087,4.10158634185791,469.8898620605469,30.0,26.451793670654297,30.966934204101562,73.53431701660156,2
11:12:06.087,1.2616581916809082,474.73944091796875,30.0,63.684356689453125,74.74298095703125,25.24312400817871,2
11:12:06.087,4.6733293533325195,470.42138671875,30.0,48.23562240600586,24.034454345703125,75.95165252685547,2
11:12:06.087,1.8679358959197998,476.0643615722656,30.0,36.8157844543457,74.8402328491211,25.1458740234375,2
11:12:06.087,5.221643447875977,470.9439697265625,30.0,71.9366455078125,27.313142776489258,72.67296600341797,2
11:12:06.087,2.350553512573242,466.75006103515625,30.0,24.937482833862305,75.04862213134766,38.10780715942383,2
11:12:06.087,5.803563117980957,470.5015869140625,30.0,75.95165252685547,24.034454345703125,48.01333999633789,2
11:12:06.087,2.900665760040283,467.1253662109375,30.0,25.048625946044922,74.9374771118164,62.54515075683594,2
11:12:06.087,0.06556044518947601,464.3448486328125,30.0,73.29814147949219,30.091690063476562,26.68796730041504,2
11:12:06.087,3.4847559928894043,469.9334716796875,30.0,24.43734359741211,58.071685791015625,75.54875946044922,2
11:12:06.087,0.5598116517066956,463.35888671875,30.0,75.95165252685547,51.62545394897461,24.034454345703125,2
11:12:06.087,4.037626266479492,468.823486328125,30.0,25.7988338470459,33.62044906616211,74.18727111816406,2
11:12:06.087,1.1528491973876953,473.7960205078125,30.0,68.25507354736328,73.74270629882812,26.24340057373047,2
11:12:06.087,4.60147762298584,470.9154052734375,30.0,45.01250457763672,24.173381805419922,75.81272888183594,2
11:12:06.390,1.7714958190917969,472.6150817871094,30.0,41.02528381347656,75.4515151977539,24.53459358215332,2
11:12:06.390,5.130921840667725,466.4796447753906,30.0,68.28285217285156,26.257293701171875,73.72881317138672,2
11:12:06.390,2.3108971118927,469.0746154785156,30.0,25.229230880737305,74.75688171386719,36.385108947753906,2
11:12:06.390,5.74139928817749,470.18792724609375,30.0,75.96554565429688,24.02056121826172,50.80577850341797,2
11:12:06.390,2.8408007621765137,467.37615966796875,30.0,24.65962791442871,75.32647705078125,59.93331527709961,2
11:12:06.390,0.0501975379884243,472.2337951660156,30.0,73.1175308227539,29.48041343688965,26.868576049804688,2
11:12:06.390,3.4506912231445312,471.0768737792969,30.0,24.60405731201172,59.57210159301758,75.38204956054688,2
11:12:06.390,0.5442079901695251,465.07476806640625,30.0,75.96554565429688,50.91692352294922,24.02056121826172,2
11:12:06.390,3.9939210414886475,467.5279846191406,30.0,25.409835815429688,35.46818542480469,74.5762710571289,2
11:12:06.390,1.1473515033721924,477.4997253417969,30.0,68.47735595703125,73.6732406616211,26.312864303588867,2
11:12:06.390,4.592883110046387,470.88983154296875,30.0,44.623504638671875,24.2011661529541,75.78494262695312,2
11:12:06.390,1.7397127151489258,471.47259521484375,30.0,42.42845153808594,75.60433959960938,24.381772994995117,2
11:12:06.390,5.1097211837768555,465.8598937988281,30.0,67.4076156616211,26.035011291503906,73.95109558105469,2
11:12:06.390,2.2920868396759033,467.305419921875,30.0,25.382051467895508,74.60405731201172,35.57932662963867,2
11:12:06.390,5.699842929840088,467.7627258300781,30.0,75.92386627197266,24.062240600585938,52.681304931640625,2
11:12:06.390,2.787144899368286,464.8990478515625,30.0,24.381772994995117,75.60433959960938,57.57154846191406,2
11:12:06.390,0.0011069139000028372,469.6251220703125,30.0,72.5062484741211,27.53542709350586,27.479854583740234,2
11:12:06.390,3.415956974029541,470.6126708984375,30.0,24.812448501586914,61.08641052246094,75.17366027832031,2
11:12:06.390,0.4872722327709198,463.40545654296875,30.0,75.95165252685547,48.360652923583984,24.034454345703125,2
11:12:06.390,3.9650871753692627,468.8566589355469,30.0,25.17365837097168,36.70464324951172,74.81244659423828,2
11:12:06.390,1.0826220512390137,476.35284423828125,30.0,71.10308074951172,72.93692779541016,27.04918098449707,2
11:12:06.390,4.52269983291626,468.69793701171875,30.0,41.51152801513672,24.479022979736328,75.50708770751953,2
11:12:06.390,1.7004742622375488,472.31884765625,30.0,44.17893981933594,75.75714874267578,24.228952407836914,2
11:12:06.391,5.071018695831299,466.9490661621094,30.0,65.78215789794922,25.6599063873291,74.32620239257812,2
11:12:06.391,2.2424280643463135,465.5548400878906,30.0,25.826618194580078,74.15949249267578,33.48152160644531,2
11:12:06.391,5.6486897468566895,468.6023864746094,30.0,75.81272888183594,24.173381805419922,54.973602294921875,2
11:12:06.391,2.7274651527404785,465.3841857910156,30.0,24.173381805419922,75.81272888183594,54.90414047241211,2
11:12:06.391,6.213381767272949,469.88421630859375,30.0,73.33981323242188,26.646289825439453,30.27229881286621,2
11:12:06.391,3.3381567001342773,469.38323974609375,30.0,25.395944595336914,64.44845581054688,74.59016418457031,2
11:12:06.391,0.4157021641731262,462.79718017578125,30.0,75.82662200927734,45.151432037353516,24.159488677978516,2
11:12:06.391,3.904738664627075,469.3539123535156,30.0,24.756877899169922,39.31647491455078,75.2292251586914,2
11:12:06.392,1.0024663209915161,475.7854919433594,30.0,73.04806518554688,70.72798156738281,26.938039779663086,2
11:12:06.392,4.481331825256348,470.1098327636719,30.0,39.69158172607422,24.701305389404297,75.28480529785156,2
11:12:06.392,1.6839990615844727,477.0770568847656,30.0,44.915252685546875,75.81272888183594,24.173381805419922,2
11:12:06.392,5.043310165405273,469.24462890625,30.0,64.61517333984375,25.423728942871094,74.5623779296875,2
11:12:06.392,2.2329986095428467,468.1939697265625,30.0,25.909975051879883,74.07613372802734,33.092525482177734,2
11:12:06.392,5.646829605102539,472.10614013671875,30.0,75.81272888183594,24.173381805419922,55.05696105957031,2
11:12:06.392,2.752610445022583,469.5542297363281,30.0,24.24284553527832,75.7432632446289,56.029449462890625,2
11:12:06.392,6.228157043457031,472.0484924316406,30.0,73.17310333251953,26.813003540039062,29.674907684326172,2
11:12:06.392,3.321815013885498,471.03997802734375,30.0,25.53487205505371,65.14309692382812,74.45124053955078,2
11:12:06.392,0.3996385931968689,462.8227844238281,30.0,75.77104187011719,44.42900848388672,24.21506118774414,2
11:12:06.392,3.918057441711426,471.87908935546875,30.0,24.840232849121094,38.73298263549805,75.1458740234375,2
11:12:06.392,0.9646747708320618,475.0773620605469,30.0,73.49263763427734,69.19977569580078,26.493471145629883,2
11:12:06.392,4.455063343048096,470.6198425292969,30.0,38.538482666015625,24.868019104003906,75.11808776855469,2
11:12:06.392,1.6304715871810913,475.1031188964844,30.0,47.304805755615234,75.92386627197266,24.062240600585938,2
11:12:06.392,5.0015974044799805,468.6905212402344,30.0,62.823001861572266,25.090303421020508,74.89580535888672,2
11:12:06.392,2.1786956787109375,466.89129638671875,30.0,26.479578018188477,73.50653076171875,30.855792999267578,2
11:12:06.392,5.583985805511475,470.9109802246094,30.0,75.57655334472656,24.409557342529297,57.84939956665039,2
11:12:06.392,2.670391321182251,466.65850830078125,30.0,24.0483455657959,75.93775939941406,52.34787368774414,2
11:12:06.392,6.142436504364014,470.2247314453125,30.0,74.09002685546875,25.896081924438477,33.17588424682617,2
11:12:06.392,3.240917921066284,469.12188720703125,30.0,26.312864303588867,68.51903533935547,73.6732406616211,2
11:12:06.392,0.3549633324146271,464.3197937011719,30.0,75.60433959960938,42.442344665527344,24.381772994995117,2
11:12:06.392,3.8090767860412598,468.02996826171875,30.0,24.284523010253906,43.53987121582031,75.70158386230469,2
11:12:06.392,0.8517650961875916,460.8201599121094,30.0,74.59016418457031,64.4901351928711,25.395944595336914,2
11:12:06.392,4.3749613761901855,470.22540283203125,30.0,35.093082427978516,25.479299545288086,74.50680541992188,2
11:12:06.392,1.5349845886230469,473.2463684082031,30.0,51.5976676940918,75.95165252685547,24.034454345703125,2
11:12:06.392,4.8958282470703125,466.26873779296875,30.0,58.19672393798828,24.451236724853516,75.53486633300781,2
11:12:06.392,2.1191630363464355,474.138427734375,30.0,27.174217224121094,72.8118896484375,28.46623992919922,2
11:12:06.392,5.504611015319824,470.04730224609375,30.0,75.1319808959961,24.8541259765625,61.336483001708984,2
11:12:06.392,2.6092939376831055,467.33856201171875,30.0,24.006669998168945,75.97943878173828,49.597110748291016,2
11:12:06.392,6.105400562286377,472.3859558105469,30.0,74.43734741210938,25.54876136779785,34.74576187133789,2
11:12:07.033,3.2086100578308105,470.99664306640625,30.0,26.674076080322266,69.8388442993164,73.3120346069336,2
11:12:07.033,0.31648948788642883,464.2602844238281,30.0,75.4237289428711,40.73353576660156,24.5623779296875,2
11:12:07.033,3.769274950027466,467.8783264160156,30.0,24.159488677978516,45.318145751953125,75.82662200927734,2
11:12:07.033,0.8235326409339905,461.48968505859375,30.0,74.81244659423828,63.29535675048828,25.17365837097168,2
11:12:07.033,4.365769863128662,470.9268798828125,30.0,34.70408248901367,25.56265640258789,74.42344665527344,2
11:12:07.033,1.503636360168457,471.4320983886719,30.0,53.01472473144531,75.90997314453125,24.07613182067871,2
11:12:07.033,4.876045227050781,465.8504333496094,30.0,57.321475982666016,24.353986740112305,75.63211822509766,2
11:12:07.033,2.109165906906128,474.149658203125,30.0,27.29924964904785,72.68685913085938,28.07724380493164,2
11:12:07.033,5.4678473472595215,467.6872863769531,30.0,74.88191223144531,25.10419464111328,62.934146881103516,2
11:12:07.033,2.56984806060791,465.16119384765625,30.0,24.0483455657959,75.93775939941406,47.83272933959961,2
11:12:07.033,6.049572467803955,469.7777404785156,30.0,74.89580535888672,25.090303421020508,37.12142562866211,2
11:12:07.033,3.166139602661133,470.6772155761719,30.0,27.174217224121094,71.53376007080078,72.8118896484375,2
11:12:07.033,0.25735148787498474,461.9560546875,30.0,75.0625228881836,38.14948654174805,24.9235897064209,2
11:12:07.033,3.717721462249756,468.52777099609375,30.0,24.0483455657959,47.62434005737305,75.93775939941406,2
11:12:07.033,0.785461962223053,461.9735107421875,30.0,75.09030151367188,61.642120361328125,24.89580535888672,2
11:12:07.033,4.2909836769104,468.5839538574219,30.0,31.59210968017578,26.285079956054688,73.7010269165039,2
11:12:07.033,1.4514676332473755,472.57879638671875,30.0,55.34870529174805,75.78494262695312,24.2011661529541,2
11:12:07.033,4.825719356536865,466.9278869628906,30.0,55.084747314453125,24.173381805419922,75.81272888183594,2
11:12:07.033,2.0236663818359375,471.9684753417969,30.0,30.30008316040039,73.35370635986328,26.63239860534668,2
11:12:07.033,5.402728080749512,467.4850158691406,30.0,74.34009552001953,25.646013259887695,65.71269989013672,2
11:12:07.033,2.491842746734619,465.3031005859375,30.0,24.21506118774414,75.77104187011719,44.33176040649414,2
11:12:07.033,5.967940807342529,469.99151611328125,30.0,75.40983581542969,24.576271057128906,40.67796325683594,2
11:12:07.033,3.0749852657318115,467.961181640625,30.0,26.674076080322266,73.3120346069336,69.85273742675781,2
11:12:07.033,0.19687750935554504,462.3504943847656,30.0,74.60405731201172,35.55154037475586,25.382051467895508,2
11:12:07.033,3.6464426517486572,469.09442138671875,30.0,24.02056121826172,50.83356475830078,75.96554565429688,2
11:12:07.033,0.7124695181846619,462.0143737792969,30.0,75.50708770751953,58.4467887878418,24.479022979736328,2
11:12:07.033,4.237606525421143,469.92529296875,30.0,29.424840927124023,26.88246726989746,73.10364532470703,2
11:12:07.033,1.405112862586975,476.98114013671875,30.0,57.41872787475586,75.61822509765625,24.36787986755371,2
11:12:07.033,4.798114776611328,469.2852783203125,30.0,53.848289489746094,24.103918075561523,75.88218688964844,2
11:12:07.033,2.0213136672973633,475.71453857421875,30.0,30.39733123779297,73.3814926147461,26.6046142578125,2
11:12:07.033,5.3867316246032715,472.10809326171875,30.0,74.18727111816406,25.7988338470459,66.37954711914062,2
11:12:07.342,2.513082504272461,469.5899963378906,30.0,24.159488677978516,75.82662200927734,45.276466369628906,2
11:12:07.342,5.981109619140625,472.0773620605469,30.0,75.34037017822266,24.645734786987305,40.10836410522461,2
11:12:07.342,3.0412168502807617,466.3857421875,30.0,26.298973083496094,73.6871337890625,68.47735595703125,2
11:12:07.342,0.183749720454216,462.7984924316406,30.0,74.49291229248047,34.99583435058594,25.493192672729492,2
11:12:07.342,3.645735025405884,470.8753967285156,30.0,24.02056121826172,50.875240325927734,75.96554565429688,2
11:12:07.342,0.7040212750434875,462.8266906738281,30.0,75.54875946044922,58.071685791015625,24.43734359741211,2
11:12:07.342,4.182375907897949,469.6354064941406,30.0,27.410390853881836,27.743816375732422,72.57572174072266,2
11:12:07.342,1.369760513305664,477.3437805175781,30.0,58.97471237182617,75.4515151977539,24.53459358215332,2
11:12:07.342,4.747833728790283,468.52789306640625,30.0,51.58377456665039,24.034454345703125,75.95165252685547,2
11:12:07.342,1.935977816581726,473.6285400390625,30.0,33.926090240478516,74.2567367553711,25.7293701171875,2
11:12:07.342,5.317965984344482,471.4895324707031,30.0,73.47874450683594,26.507362365722656,69.2275619506836,2
11:12:07.342,2.428759813308716,466.8116149902344,30.0,24.479022979736328,75.50708770751953,41.52542495727539,2
11:12:07.342,5.874469757080078,469.4203186035156,30.0,75.79883575439453,24.187274932861328,44.8318977355957,2
11:12:07.342,2.969621419906616,465.7604064941406,30.0,25.604333877563477,74.38177490234375,65.49040985107422,2
11:12:07.342,0.13889102637767792,463.13861083984375,30.0,74.07613372802734,33.10641860961914,25.909975051879883,2
11:12:07.342,3.539168119430542,468.09320068359375,30.0,24.21506118774414,55.65434646606445,75.77104187011719,2
11:12:07.342,0.5920078754425049,460.1741027832031,30.0,75.90997314453125,53.07029342651367,24.07613182067871,2
11:12:07.342,4.102287292480469,470.4264831542969,30.0,26.451793670654297,30.939149856567383,73.53431701660156,2
11:12:07.342,1.243135690689087,472.5675354003906,30.0,64.47624206542969,74.59016418457031,25.395944595336914,2
11:12:07.342,4.642399311065674,466.3741760253906,30.0,46.846343994140625,24.07613182067871,75.90997314453125,2
11:12:07.343,1.8554246425628662,474.6770324707031,30.0,37.35759735107422,74.92359161376953,25.062517166137695,2
11:12:07.343,5.243366241455078,470.20635986328125,30.0,72.58960723876953,27.396499633789062,72.20061492919922,2
11:12:07.343,2.3635830879211426,467.3666687011719,30.0,24.8541259765625,75.1319808959961,38.663516998291016,2
11:12:07.343,5.836461067199707,472.38818359375,30.0,75.89608764648438,24.090024948120117,46.54070281982422,2
11:12:07.343,2.946031332015991,469.9780578613281,30.0,25.395944595336914,74.59016418457031,64.4901351928711,2
11:12:07.343,0.11797785013914108,463.9704895019531,30.0,73.86773681640625,32.23117446899414,26.118364334106445,2
11:12:07.343,3.502899169921875,467.6888732910156,30.0,24.353986740112305,57.265907287597656,75.63211822509766,2
11:12:07.343,0.5686061978340149,461.4537658691406,30.0,75.95165252685547,52.01444625854492,24.034454345703125,2
11:12:07.343,4.092653751373291,470.47021484375,30.0,26.354541778564453,31.342039108276367,73.6315689086914,2
11:12:07.343,1.2113302946090698,471.4815673828125,30.0,65.82383728027344,74.31230926513672,25.673797607421875,2
11:12:07.343,4.615880489349365,465.8453063964844,30.0,45.65156936645508,24.131702423095703,75.85440063476562,2
11:12:07.343,1.8351553678512573,474.5831604003906,30.0,38.23284149169922,75.07640838623047,24.909696578979492,2
11:12:07.343,5.207949638366699,469.0592346191406,30.0,71.39482879638672,27.132537841796875,72.85356903076172,2
11:12:07.343,2.3356945514678955,465.3207092285156,30.0,25.034730911254883,74.95137786865234,37.45484924316406,2
11:12:07.344,5.782716274261475,470.3143615722656,30.0,75.96554565429688,24.02056121826172,48.958045959472656,2
11:12:07.344,2.8710193634033203,467.13671875,30.0,24.840232849121094,75.1458740234375,61.25312423706055,2
11:12:07.344,0.066620372235775,470.457275390625,30.0,73.3120346069336,30.13336944580078,26.674076080322266,2
11:12:07.344,3.439201831817627,467.8211975097656,30.0,24.673519134521484,60.072242736816406,75.31258392333984,2
11:12:07.344,0.5240383148193359,462.4432067871094,30.0,75.97943878173828,50.013893127441406,24.006669998168945,2
11:12:07.344,4.030046463012695,470.1985778808594,30.0,25.7293701171875,33.93998336791992,74.2567367553711,2
11:12:07.344,1.1403993368148804,471.67120361328125,30.0,68.76910400390625,73.6037826538086,26.382328033447266,2
11:12:07.344,4.5540924072265625,466.37188720703125,30.0,42.90080642700195,24.34009552001953,75.64601135253906,2
11:12:07.344,1.7510955333709717,472.3068542480469,30.0,41.92831039428711,75.54875946044922,24.43734359741211,2
11:12:07.344,5.1242780685424805,468.3212890625,30.0,68.0050048828125,26.18783187866211,73.79827880859375,2
11:12:07.344,2.262540578842163,465.21722412109375,30.0,25.632118225097656,74.35398864746094,34.3289794921875,2
11:12:07.344,5.6919121742248535,469.63336181640625,30.0,75.90997314453125,24.07613182067871,53.04251480102539,2
11:12:07.344,2.788034439086914,466.9713439941406,30.0,24.381772994995117,75.60433959960938,57.613224029541016,2
11:12:07.344,6.255698204040527,470.5329895019531,30.0,72.83967590332031,27.14642906188965,28.577381134033203,2
11:12:07.344,3.381831645965576,468.47857666015625,30.0,25.048625946044922,62.57293701171875,74.9374771118164,2
11:12:07.344,0.46069565415382385,462.50750732421875,30.0,75.92386627197266,47.16587829589844,24.062240600585938,2
11:12:07.344,3.9681835174560547,470.8125305175781,30.0,25.201446533203125,36.565711975097656,74.78466033935547,2
11:12:07.344,1.0842143297195435,477.0453186035156,30.0,71.03362274169922,72.96470642089844,27.02139663696289,2
11:12:07.344,4.542342185974121,469.9794921875,30.0,42.37288284301758,24.381772994995117,75.60433959960938,2
11:12:07.344,1.7450127601623535,475.4549255371094,30.0,42.19227600097656,75.57655334472656,24.409557342529297,2
11:12:07.344,5.093653678894043,468.1344909667969,30.0,66.74076080322266,25.882190704345703,74.10391235351562,2
11:12:07.344,2.2768197059631348,468.6112976074219,30.0,25.5070858001709,74.47901916503906,34.94026184082031,2
11:12:07.344,5.70084810256958,471.413818359375,30.0,75.92386627197266,24.062240600585938,52.63962173461914,2
11:12:07.344,2.7872936725616455,466.50885009765625,30.0,24.381772994995117,75.60433959960938,57.57154846191406,2
11:12:07.344,6.2794389724731445,472.18231201171875,30.0,72.54792785644531,27.43817901611328,27.632675170898438,2
11:12:07.344,3.377868890762329,471.12158203125,30.0,25.0764102935791,62.73965072631836,74.90969848632812,2
11:12:07.344,0.466242253780365,463.83062744140625,30.0,75.93775939941406,47.41594696044922,24.0483455657959,2
11:12:07.344,3.946524143218994,470.2989501953125,30.0,25.034730911254883,37.49652862548828,74.95137786865234,2
11:12:07.344,1.0393117666244507,475.25433349609375,30.0,72.58960723876953,72.18672180175781,27.396499633789062,2
11:12:07.344,4.496657371520996,467.64727783203125,30.0,40.35843276977539,24.617948532104492,75.36815643310547,2
11:12:07.951,1.6699788570404053,473.1328430175781,30.0,45.540428161621094,75.84050750732422,24.14559555053711,2
11:12:07.951,5.053277969360352,468.48150634765625,30.0,65.03195190429688,25.5070858001709,74.47901916503906,2
11:12:07.951,2.231487274169922,466.91998291015625,30.0,25.92386817932129,74.06224060058594,33.036956787109375,2
11:12:07.951,5.6278228759765625,469.4905700683594,30.0,75.7432632446289,24.24284553527832,55.9044189453125,2
11:12:07.951,2.7156779766082764,464.96014404296875,30.0,24.131702423095703,75.85440063476562,54.37621307373047,2
11:12:07.951,6.216042518615723,471.3311462402344,30.0,73.3120346069336,26.674076080322266,30.161157608032227,2
11:12:07.951,3.2947824001312256,468.3092956542969,30.0,25.77104949951172,66.28230285644531,74.21505737304688,2
11:12:07.951,0.35464057326316833,459.4590148925781,30.0,75.60433959960938,42.42845153808594,24.381772994995117,2
11:12:07.951,3.852663278579712,469.45489501953125,30.0,24.46512794494629,41.60877990722656,75.52098083496094,2
11:12:07.951,0.9365062713623047,463.7401123046875,30.0,73.78438568115234,68.04667663574219,26.20172119140625,2
11:12:07.951,4.413492202758789,466.4458312988281,30.0,36.74631881713867,25.159767150878906,74.82633972167969,2
11:12:07.951,1.609169363975525,474.28363037109375,30.0,48.263404846191406,75.95165252685547,24.034454345703125,2
11:12:07.951,5.002645015716553,469.466552734375,30.0,62.878578186035156,25.10419464111328,74.88191223144531,2
11:12:07.951,2.195460081100464,467.3086242675781,30.0,26.298973083496094,73.6871337890625,31.536537170410156,2
11:12:07.951,5.596096038818359,472.2444152832031,30.0,75.63211822509766,24.353986740112305,57.321475982666016,2
11:12:07.951,2.712918281555176,470.0991516113281,30.0,24.131702423095703,75.85440063476562,54.26507568359375,2
11:12:07.951,6.187910079956055,472.4642028808594,30.0,73.6315689086914,26.354541778564453,31.30035972595215,2
11:12:07.951,3.2688395977020264,467.5452575683594,30.0,26.021116256713867,67.36593627929688,73.9649887084961,2
11:12:07.951,0.35236459970474243,461.419921875,30.0,75.59044647216797,42.33120346069336,24.395666122436523,2
11:12:07.951,3.854586362838745,470.4404296875,30.0,24.479022979736328,41.52542495727539,75.50708770751953,2
11:12:07.951,0.9264636039733887,463.5645751953125,30.0,73.89552307128906,67.62989807128906,26.090579986572266,2
11:12:07.951,4.397408962249756,465.8489074707031,30.0,36.05168151855469,25.284799575805664,74.70130157470703,2
11:12:07.951,1.5993425846099854,474.62396240234375,30.0,48.70797348022461,75.96554565429688,24.02056121826172,2
11:12:07.951,4.981585502624512,469.039794921875,30.0,61.9616584777832,24.95137596130371,75.03472900390625,2
11:12:07.951,2.181833505630493,474.9516906738281,30.0,26.437898635864258,73.54821014404297,30.9808292388916,2
11:12:07.951,5.5484185218811035,469.95855712890625,30.0,75.39594268798828,24.590164184570312,59.419281005859375,2
11:12:07.951,2.650263547897339,467.0140380859375,30.0,24.02056121826172,75.96554565429688,51.444847106933594,2
11:12:07.951,6.122515678405762,470.4411315917969,30.0,74.2845230102539,25.701581954956055,34.023338317871094,2
11:12:07.951,3.2143075466156006,468.528076171875,30.0,26.6046142578125,69.60266876220703,73.3814926147461,2
11:12:07.951,0.3160949945449829,462.03350830078125,30.0,75.40983581542969,40.719642639160156,24.576271057128906,2
11:12:07.951,3.8025076389312744,471.10845947265625,30.0,24.256736755371094,43.83161926269531,75.7293701171875,2
11:12:07.952,0.8902921676635742,465.3934631347656,30.0,74.24285125732422,66.12947845458984,25.743261337280273,2
11:12:07.952,4.341182708740234,466.3836364746094,30.0,33.676021575927734,25.78493881225586,74.20116424560547,2
11:12:07.952,1.5249818563461304,472.72174072265625,30.0,52.056129455566406,75.95165252685547,24.034454345703125,2
11:12:07.952,4.920665264129639,469.3306884765625,30.0,59.294246673583984,24.576271057128906,75.40983581542969,2
11:12:07.952,2.099743127822876,474.4156494140625,30.0,27.424283981323242,72.56182098388672,27.70214080810547,2
11:12:07.952,5.469918251037598,469.0807189941406,30.0,74.89580535888672,25.090303421020508,62.850791931152344,2
11:12:07.952,2.5865893363952637,467.49554443359375,30.0,24.02056121826172,75.96554565429688,48.58293914794922,2
11:12:07.952,6.038214206695557,469.70257568359375,30.0,74.96527099609375,25.020837783813477,37.621559143066406,2
11:12:07.952,3.172142744064331,469.1070556640625,30.0,27.10474967956543,71.29757690429688,72.88135528564453,2
11:12:07.952,0.2521378993988037,461.3822326660156,30.0,75.02083587646484,37.92720031738281,24.965269088745117,2
11:12:07.952,3.7404587268829346,471.357177734375,30.0,24.090024948120117,46.610172271728516,75.89608764648438,2
11:12:07.952,0.8075650930404663,463.3896484375,30.0,74.9374771118164,62.6007194519043,25.048625946044922,2
11:12:07.952,4.317584037780762,469.79083251953125,30.0,32.68963623046875,26.00722312927246,73.9788818359375,2
11:12:07.952,1.5154335498809814,476.9376220703125,30.0,52.48680114746094,75.93775939941406,24.0483455657959,2
11:12:07.952,4.889316558837891,469.3369140625,30.0,57.91886520385742,24.423450469970703,75.56265258789062,2
11:12:07.952,2.107104539871216,477.85223388671875,30.0,27.32703399658203,72.65907287597656,27.993886947631836,2
11:12:07.952,5.485532283782959,471.3047790527344,30.0,75.00694274902344,24.97916030883789,62.170047760009766,2
11:12:07.952,2.566476821899414,466.4861145019531,30.0,24.0483455657959,75.93775939941406,47.679908752441406,2
11:12:07.952,6.051713943481445,471.7647705078125,30.0,74.8680191040039,25.118087768554688,37.03806686401367,2
11:12:07.952,3.142258644104004,469.97210693359375,30.0,27.479854583740234,72.4645767211914,72.5062484741211,2
11:12:07.952,0.2632151246070862,463.7336730957031,30.0,75.10419464111328,38.413448333740234,24.881912231445312,2
11:12:07.952,3.7277090549468994,470.19903564453125,30.0,24.062240600585938,47.17977523803711,75.92386627197266,2
11:12:07.952,0.7865929007530212,462.8951416015625,30.0,75.07640838623047,61.69769287109375,24.909696578979492,2
11:12:07.952,4.297370433807373,467.6905517578125,30.0,31.842178344726562,26.21561622619629,73.77049255371094,2
11:12:07.952,1.45071542263031,473.1770935058594,30.0,55.39038848876953,75.78494262695312,24.2011661529541,2
11:12:07.953,4.837263584136963,468.4922180175781,30.0,55.598777770996094,24.21506118774414,75.77104187011719,2
11:12:07.953,2.0516421794891357,475.66259765625,30.0,29.174772262573242,73.03417205810547,26.951929092407227,2
11:12:07.953,5.399485111236572,469.1507568359375,30.0,74.31230926513672,25.673797607421875,65.85162353515625,2
11:12:07.953,2.5078485012054443,465.2958679199219,30.0,24.173381805419922,75.81272888183594,45.040287017822266,2
11:12:07.953,5.988658905029297,470.82281494140625,30.0,75.29869842529297,24.687414169311523,39.77493667602539,2
11:12:08.569,3.0703511238098145,465.6577453613281,30.0,26.63239860534668,73.36759948730469,69.65824127197266,2
11:12:08.569,0.1816517859697342,460.3750915527344,30.0,74.46513366699219,34.898582458496094,25.520977020263672,2
11:12:08.569,3.6439297199249268,469.55023193359375,30.0,24.02056121826172,50.94470977783203,75.96554565429688,2
11:12:08.569,0.7127819061279297,462.3576354980469,30.0,75.50708770751953,58.4606819152832,24.479022979736328,2
11:12:08.569,4.211805820465088,466.9990539550781,30.0,28.39677619934082,27.202001571655273,72.78411102294922,2
11:12:08.569,1.3844025135040283,475.00787353515625,30.0,58.33565139770508,75.52098083496094,24.46512794494629,2
11:12:08.569,4.787567615509033,469.87188720703125,30.0,53.37593460083008,24.090024948120117,75.89608764648438,2
11:12:08.569,1.9907166957855225,475.8274841308594,30.0,31.64767837524414,73.71492004394531,26.27118492126465,2
11:12:08.569,5.364617824554443,471.5008850097656,30.0,73.9788818359375,26.00722312927246,67.31036376953125,2
11:12:08.569,2.502368688583374,470.0471496582031,30.0,24.187274932861328,75.79883575439453,44.80411148071289,2
11:12:08.569,5.971084117889404,472.6936950683594,30.0,75.39594268798828,24.590164184570312,40.55293273925781,2
11:12:08.569,3.0565199851989746,468.5293273925781,30.0,26.46568489074707,73.52042388916016,69.10252380371094,2
11:12:08.569,0.18737582862377167,462.2531433105469,30.0,74.52069854736328,35.14865493774414,25.465408325195312,2
11:12:08.569,3.648190975189209,471.2738037109375,30.0,24.02056121826172,50.764102935791016,75.96554565429688,2
11:12:08.569,0.7146499156951904,463.37615966796875,30.0,75.50708770751953,58.54404067993164,24.479022979736328,2
11:12:08.569,4.226891040802002,470.7717590332031,30.0,28.994163513183594,27.02139663696289,72.96470642089844,2
11:12:08.569,1.3653267621994019,474.08502197265625,30.0,59.16921615600586,75.4237289428711,24.5623779296875,2
11:12:08.569,4.77758264541626,469.4817199707031,30.0,52.93136978149414,24.062240600585938,75.92386627197266,2
11:12:08.569,1.9685488939285278,474.74639892578125,30.0,32.56460189819336,73.95109558105469,26.035011291503906,2
11:12:08.569,5.325904846191406,469.503173828125,30.0,73.56210327148438,26.42400550842285,68.90802764892578,2
11:12:08.569,2.462989091873169,467.9132385253906,30.0,24.326202392578125,75.65990447998047,43.03973388671875,2
11:12:08.569,5.91625452041626,470.5146484375,30.0,75.65990447998047,24.326202392578125,42.97026824951172,2
11:12:08.569,3.0023365020751953,466.9662780761719,30.0,25.909975051879883,74.07613372802734,66.86579895019531,2
11:12:08.569,0.15646958351135254,462.1864318847656,30.0,74.24285125732422,33.842735290527344,25.743261337280273,2
11:12:08.569,3.59338641166687,470.8045349121094,30.0,24.07613182067871,53.223114013671875,75.90997314453125,2
11:12:08.569,0.6791847348213196,464.4401550292969,30.0,75.65990447998047,56.96026611328125,24.326202392578125,2
11:12:08.569,4.150161266326904,468.6584777832031,30.0,27.00750160217285,29.008058547973633,72.97860717773438,2
11:12:08.569,1.3000973463058472,472.6810302734375,30.0,62.03112030029297,75.02083587646484,24.965269088745117,2
11:12:08.569,4.715172290802002,469.16473388671875,30.0,50.12503433227539,24.006669998168945,75.97943878173828,2
11:12:08.569,1.885827660560608,474.7962646484375,30.0,36.05168151855469,74.70130157470703,25.284799575805664,2
11:12:08.569,5.2637152671813965,469.7145080566406,30.0,72.83967590332031,27.14642906188965,71.40872192382812,2
11:12:08.873,2.391771078109741,468.20355224609375,30.0,24.673519134521484,75.31258392333984,39.89997100830078,2
11:12:08.873,5.833352565765381,470.1463623046875,30.0,75.90997314453125,24.07613182067871,46.67963409423828,2
11:12:08.873,2.9443087577819824,468.5549011230469,30.0,25.382051467895508,74.60405731201172,64.42066955566406,2
11:12:08.873,0.10910383611917496,462.5116271972656,30.0,73.77049255371094,31.869962692260742,26.21561622619629,2
11:12:08.873,3.530317544937134,470.8587341308594,30.0,24.24284553527832,56.0433464050293,75.7432632446289,2
11:12:08.874,0.5957587361335754,462.44476318359375,30.0,75.90997314453125,53.23700714111328,24.07613182067871,2
11:12:08.874,4.126035690307617,471.8358459472656,30.0,26.715755462646484,29.980548858642578,73.27034759521484,2
11:12:08.874,1.2834577560424805,475.98052978515625,30.0,62.73965072631836,74.90969848632812,25.0764102935791,2
11:12:08.874,4.671538829803467,468.1288757324219,30.0,48.15226364135742,24.034454345703125,75.95165252685547,2
11:12:08.874,1.9006425142288208,477.23907470703125,30.0,35.41261672973633,74.5762710571289,25.409835815429688,2
11:12:08.874,5.267467498779297,471.4743957519531,30.0,72.89524841308594,27.090858459472656,71.25590515136719,2
11:12:08.874,2.3638265132904053,466.0989685058594,30.0,24.840232849121094,75.1458740234375,38.67741012573242,2
11:12:08.874,5.834129333496094,471.5593566894531,30.0,75.89608764648438,24.090024948120117,46.63795471191406,2
11:12:08.874,2.931468963623047,467.45233154296875,30.0,25.284799575805664,74.70130157470703,63.86496353149414,2
11:12:08.874,0.07814288884401321,463.74072265625,30.0,73.43706512451172,30.605724334716797,26.549041748046875,2
11:12:08.874,3.4932138919830322,469.6244201660156,30.0,24.395666122436523,57.69657897949219,75.59044647216797,2
11:12:08.874,0.5866636633872986,463.3894348144531,30.0,75.92386627197266,52.83412170410156,24.062240600585938,2
11:12:08.874,4.093780517578125,471.1742248535156,30.0,26.368436813354492,31.286468505859375,73.61767578125,2
11:12:08.874,1.2078816890716553,472.1871337890625,30.0,65.9627685546875,74.2845230102539,25.701581954956055,2
11:12:08.874,4.612180709838867,467.5660095214844,30.0,45.48485565185547,24.14559555053711,75.84050750732422,2
11:12:08.874,1.8368679285049438,475.8119201660156,30.0,38.16337966918945,75.0625228881836,24.9235897064209,2
11:12:08.874,5.186100482940674,468.4307556152344,30.0,70.51959228515625,26.868576049804688,73.1175308227539,2
11:12:08.874,2.310035467147827,465.38720703125,30.0,25.229230880737305,74.75688171386719,36.357322692871094,2
11:12:08.874,5.771699905395508,470.9042663574219,30.0,75.96554565429688,24.02056121826172,49.44429016113281,2
11:12:08.874,2.857046127319336,465.6480712890625,30.0,24.756877899169922,75.2292251586914,60.641841888427734,2
11:12:08.874,0.01838443987071514,467.1773681640625,30.0,72.7285385131836,28.216171264648438,27.257570266723633,2
11:12:08.874,3.4109814167022705,469.0031433105469,30.0,24.8541259765625,61.308692932128906,75.1319808959961,2
11:12:08.874,0.523742139339447,464.3560791015625,30.0,75.97943878173828,50.0,24.006669998168945,2
11:12:08.874,3.9956233501434326,468.08587646484375,30.0,25.423728942871094,35.398719787597656,74.5623779296875,2
11:12:08.874,1.1342014074325562,475.0216369628906,30.0,69.01917266845703,73.53431701660156,26.451793670654297,2
11:12:08.874,4.580230236053467,470.3208312988281,30.0,44.06779861450195,24.24284553527832,75.7432632446289,2
11:12:08.875,1.775884747505188,475.9749755859375,30.0,40.83078384399414,75.4237289428711,24.5623779296875,2
11:12:08.875,5.149200916290283,470.4715576171875,30.0,69.03306579589844,26.451793670654297,73.53431701660156,2
11:12:08.875,2.308736562728882,470.2326354980469,30.0,25.24312400817871,74.74298095703125,36.30175018310547,2
11:12:08.875,5.753146171569824,472.7852478027344,30.0,75.97943878173828,24.006669998168945,50.277854919433594,2
11:12:08.875,2.86385440826416,469.32733154296875,30.0,24.798555374145508,75.18755340576172,60.94748306274414,2
11:12:08.875,0.03942788392305374,472.06378173828125,30.0,72.99250030517578,29.04973602294922,26.993608474731445,2
11:12:08.875,3.4291112422943115,470.3519592285156,30.0,24.72909164428711,60.51681137084961,75.25701904296875,2
11:12:08.875,0.534862756729126,465.2968444824219,30.0,75.96554565429688,50.50013732910156,24.02056121826172,2
11:12:08.875,4.009822368621826,470.48834228515625,30.0,25.53487205505371,34.78744125366211,74.45124053955078,2
11:12:08.875,1.1188889741897583,473.7419738769531,30.0,69.64434051513672,73.36759948730469,26.61850357055664,2
11:12:08.875,4.562079429626465,469.2742004394531,30.0,43.24812698364258,24.298416137695312,75.68769073486328,2
11:12:08.875,1.7537728548049927,474.6309509277344,30.0,41.803279876708984,75.53486633300781,24.451236724853516,2
11:12:08.875,5.126519680023193,469.4382629394531,30.0,68.10224914550781,26.20172119140625,73.78438568115234,2
11:12:08.875,2.286067247390747,468.5630798339844,30.0,25.423728942871094,74.5623779296875,35.32925796508789,2
11:12:08.875,5.69890832901001,469.91375732421875,30.0,75.92386627197266,24.062240600585938,52.72297668457031,2
11:12:08.875,2.788682699203491,466.7486572265625,30.0,24.395666122436523,75.59044647216797,57.64101028442383,2
11:12:08.875,6.2761406898498535,470.6083679199219,30.0,72.58960723876953,27.396499633789062,27.771604537963867,2
11:12:08.875,3.3841652870178223,470.46783447265625,30.0,25.034730911254883,62.47568893432617,74.95137786865234,2
11:12:08.875,0.4694370627403259,464.1396789550781,30.0,75.93775939941406,47.55487823486328,24.0483455657959,2
11:12:08.875,3.9451143741607666,469.2001037597656,30.0,25.020837783813477,37.56599044799805,74.96527099609375,2
11:12:08.875,1.0530610084533691,473.5254211425781,30.0,72.27008056640625,72.57572174072266,27.410390853881836,2
11:12:08.875,4.500316143035889,468.9361267089844,30.0,40.525146484375,24.590164184570312,75.39594268798828,2
11:12:08.875,1.6702048778533936,474.214111328125,30.0,45.52653503417969,75.84050750732422,24.14559555053711,2
11:12:08.875,5.078287124633789,471.1615905761719,30.0,66.08779907226562,25.7293701171875,74.2567367553711,2
11:12:08.875,2.2143707275390625,466.89581298828125,30.0,26.104473114013672,73.88162994384766,32.31453323364258,2
11:12:08.875,5.634946823120117,471.0423278808594,30.0,75.77104187011719,24.21506118774414,55.58488464355469,2
11:12:08.875,2.7503156661987305,468.8944091796875,30.0,24.24284553527832,75.7432632446289,55.93220520019531,2
11:12:08.875,6.203625202178955,470.154052734375,30.0,73.45095825195312,26.535146713256836,30.661293029785156,2
11:12:08.875,3.3266429901123047,470.7975158691406,30.0,25.493192672729492,64.93470764160156,74.49291229248047,2
11:12:08.875,0.40201789140701294,462.3565673828125,30.0,75.78494262695312,44.5401496887207,24.2011661529541,2
11:12:09.179,3.9286417961120605,471.58074951171875,30.0,24.909696578979492,38.27452087402344,75.07640838623047,2
11:12:09.179,1.0417441129684448,476.4899597167969,30.0,72.56182098388672,72.28396606445312,27.424283981323242,2
11:12:09.179,4.468570709228516,468.15838623046875,30.0,39.13587188720703,24.7846622467041,75.20144653320312,2
11:12:09.179,1.6947158575057983,477.2564697265625,30.0,44.42900848388672,75.77104187011719,24.21506118774414,2
11:12:09.179,5.055884838104248,470.0629577636719,30.0,65.14309692382812,25.53487205505371,74.45124053955078,2
11:12:09.179,2.1969828605651855,465.7340393066406,30.0,26.285079956054688,73.7010269165039,31.606000900268555,2
11:12:09.179,5.633181095123291,472.34283447265625,30.0,75.77104187011719,24.21506118774414,55.66823959350586,2
11:12:09.179,2.717900514602661,466.60595703125,30.0,24.14559555053711,75.84050750732422,54.48735809326172,2
11:12:09.179,6.157966136932373,467.30328369140625,30.0,73.93721008300781,26.04890251159668,32.53681564331055,2
11:12:09.179,3.2822484970092773,470.4750671386719,30.0,25.896081924438477,66.81022644042969,74.09002685546875,2
11:12:09.179,0.38837552070617676,463.05255126953125,30.0,75.7432632446289,43.928871154785156,24.24284553527832,2
11:12:09.179,3.896124839782715,470.98333740234375,30.0,24.701305389404297,39.69158172607422,75.28480529785156,2
11:12:09.179,0.9505182504653931,473.18548583984375,30.0,73.64545440673828,68.63018035888672,26.340652465820312,2
11:12:09.179,4.427670001983643,468.0246887207031,30.0,37.35759735107422,25.062517166137695,74.92359161376953,2
11:12:09.179,1.631286382675171,476.0883483886719,30.0,47.27702331542969,75.92386627197266,24.062240600585938,2
11:12:09.179,4.991415500640869,468.7151794433594,30.0,62.392330169677734,25.020837783813477,74.96527099609375,2
11:12:09.179,2.1721789836883545,465.7532653808594,30.0,26.549041748046875,73.43706512451172,30.59183120727539,2
11:12:09.179,5.571630001068115,471.08184814453125,30.0,75.52098083496094,24.46512794494629,58.405113220214844,2
11:12:09.179,2.6568737030029297,465.3401794433594,30.0,24.034454345703125,75.95165252685547,51.736595153808594,2
11:12:09.179,6.107835292816162,467.6138610839844,30.0,74.40955352783203,25.576549530029297,34.634620666503906,2
11:12:09.179,3.2115681171417236,470.9272155761719,30.0,26.646289825439453,69.71380615234375,73.33981323242188,2
11:12:09.179,0.3278380334377289,463.195068359375,30.0,75.47930145263672,41.23367691040039,24.506807327270508,2
11:12:09.179,3.8110404014587402,469.0543518066406,30.0,24.284523010253906,43.45651626586914,75.70158386230469,2
11:12:09.179,0.8547688126564026,461.92254638671875,30.0,74.5623779296875,64.62906646728516,25.423728942871094,2
11:12:09.179,4.378465175628662,469.2616882324219,30.0,35.24590301513672,25.451513290405273,74.53459167480469,2
11:12:09.179,1.5682636499404907,476.1236877441406,30.0,50.11114501953125,75.97943878173828,24.006669998168945,2
11:12:09.179,4.953232288360596,470.5399169921875,30.0,60.72520065307617,24.756877899169922,75.2292251586914,2
11:12:09.179,2.1619226932525635,470.610107421875,30.0,26.674076080322266,73.3120346069336,30.175048828125,2
11:12:09.179,5.5537848472595215,472.2074279785156,30.0,75.4237289428711,24.5623779296875,59.183109283447266,2
11:12:09.179,2.6716055870056152,469.1716613769531,30.0,24.0483455657959,75.93775939941406,52.4034423828125,2
11:12:09.179,6.135096549987793,471.7996520996094,30.0,74.15949249267578,25.826618194580078,33.49541473388672,2
11:12:09.488,3.23374605178833,471.1819763183594,30.0,26.396221160888672,68.81077575683594,73.58988189697266,2
11:12:09.488,0.33912381529808044,463.9811096191406,30.0,75.53486633300781,41.73381805419922,24.451236724853516,2
11:12:09.488,3.8235971927642822,471.0736389160156,30.0,24.34009552001953,42.90080642700195,75.64601135253906,2
11:12:09.488,0.8662176728248596,462.89605712890625,30.0,74.46513366699219,65.11531066894531,25.520977020263672,2
11:12:09.488,4.368736743927002,469.496337890625,30.0,34.82912063598633,25.53487205505371,74.45124053955078,2
11:12:09.488,1.557474136352539,475.2406921386719,30.0,50.597389221191406,75.96554565429688,24.02056121826172,2
11:12:09.488,4.931397914886475,469.612548828125,30.0,59.7666015625,24.6318416595459,75.35426330566406,2
11:12:09.488,2.1326305866241455,475.64501953125,30.0,27.00750160217285,72.97860717773438,28.994163513183594,2
11:12:09.488,5.502300262451172,470.613525390625,30.0,75.11808776855469,24.868019104003906,61.447628021240234,2
11:12:09.488,2.608466148376465,467.39556884765625,30.0,24.006669998168945,75.97943878173828,49.5693244934082,2
11:12:09.488,6.072522163391113,471.1744384765625,30.0,74.71519470214844,25.27090835571289,36.135040283203125,2
11:12:09.488,3.160219430923462,471.3055114746094,30.0,27.257570266723633,71.76993560791016,72.7285385131836,2
11:12:09.488,0.2912040948867798,465.4905090332031,30.0,75.27091217041016,39.636009216308594,24.715198516845703,2
11:12:09.488,3.7379963397979736,468.5834655761719,30.0,24.07613182067871,46.7213134765625,75.90997314453125,2
11:12:09.488,0.8280183672904968,463.9544677734375,30.0,74.78466033935547,63.47596740722656,25.201446533203125,2
11:12:09.488,4.305855751037598,468.7756652832031,30.0,32.203392028808594,26.132259368896484,73.85385131835938,2
11:12:09.488,1.4581694602966309,474.06341552734375,30.0,55.05696105957031,75.81272888183594,24.173381805419922,2
11:12:09.488,4.870543956756592,470.4317626953125,30.0,57.08530044555664,24.34009552001953,75.64601135253906,2
11:12:09.488,2.0459320545196533,472.95355224609375,30.0,29.410945892333984,73.08975219726562,26.896360397338867,2
11:12:09.488,5.430209636688232,470.64910888671875,30.0,74.5762710571289,25.409835815429688,64.54570770263672,2
11:12:09.488,2.5697693824768066,469.949462890625,30.0,24.0483455657959,75.93775939941406,47.81884002685547,2
11:12:09.488,6.020318031311035,471.0785217285156,30.0,75.09030151367188,24.89580535888672,38.39955520629883,2
11:12:09.488,3.1210274696350098,470.8835144042969,30.0,27.229785919189453,72.75631713867188,71.68657684326172,2
11:12:09.488,0.24943912029266357,462.2580261230469,30.0,75.00694274902344,37.81605911254883,24.97916030883789,2
11:12:09.488,3.7423386573791504,471.42791748046875,30.0,24.090024948120117,46.52681350708008,75.89608764648438,2
11:12:09.488,0.8091925978660583,464.3935546875,30.0,74.92359161376953,62.670188903808594,25.062517166137695,2
11:12:09.488,4.299754619598389,469.302001953125,30.0,31.953319549560547,26.18783187866211,73.79827880859375,2
11:12:09.488,1.503535509109497,477.79833984375,30.0,53.01472473144531,75.90997314453125,24.07613182067871,2
11:12:09.488,4.892409801483154,471.4530944824219,30.0,58.04390335083008,24.43734359741211,75.54875946044922,2
11:12:09.488,2.0425455570220947,471.3717041015625,30.0,29.549875259399414,73.13142395019531,26.85468292236328,2
11:12:09.488,5.449529647827148,471.49517822265625,30.0,74.72908782958984,25.257015228271484,63.726036071777344,2
11:12:09.792,2.5587315559387207,467.0005187988281,30.0,24.062240600585938,75.92386627197266,47.33259201049805,2
11:12:09.792,5.995011329650879,467.5009460449219,30.0,75.25701904296875,24.72909164428711,39.4970817565918,2
11:12:09.792,3.082275390625,470.5389099121094,30.0,26.757434844970703,73.22867584228516,70.14448547363281,2
11:12:09.792,0.24393874406814575,463.1446228027344,30.0,74.96527099609375,37.56599044799805,25.020837783813477,2
11:12:09.792,3.730281352996826,471.0770568847656,30.0,24.062240600585938,47.06863021850586,75.92386627197266,2
11:12:09.792,0.7779706120491028,463.095458984375,30.0,75.1319808959961,61.32258605957031,24.8541259765625,2
11:12:09.792,4.264056205749512,468.2472229003906,30.0,30.480688095092773,26.576826095581055,73.40928649902344,2
11:12:09.792,1.4599138498306274,476.6871643066406,30.0,54.973602294921875,75.81272888183594,24.173381805419922,2
11:12:09.792,4.828473091125488,469.1448669433594,30.0,55.20977783203125,24.187274932861328,75.79883575439453,2
11:12:09.792,2.003312587738037,471.8628234863281,30.0,31.133647918701172,73.57598876953125,26.410114288330078,2
11:12:09.792,5.408801555633545,471.2231140136719,30.0,74.39566040039062,25.59044075012207,65.46263122558594,2
11:12:09.792,2.4999921321868896,465.3744201660156,30.0,24.187274932861328,75.79883575439453,44.692970275878906,2
11:12:09.792,5.944254398345947,467.7317199707031,30.0,75.53486633300781,24.451236724853516,41.73381805419922,2
11:12:09.792,3.0299346446990967,465.4300537109375,30.0,26.18783187866211,73.79827880859375,68.0050048828125,2
11:12:09.792,0.18893083930015564,463.37451171875,30.0,74.53459167480469,35.218116760253906,25.451513290405273,2
11:12:09.792,3.6359567642211914,468.2626953125,30.0,24.02056121826172,51.3059196472168,75.96554565429688,2
11:12:09.792,0.7035385370254517,462.0022888183594,30.0,75.54875946044922,58.04390335083008,24.43734359741211,2
11:12:09.792,4.205287933349609,469.3975830078125,30.0,28.132814407348633,27.285358428955078,72.70075225830078,2
11:12:09.792,1.3961853981018066,475.6301574707031,30.0,57.80772399902344,75.57655334472656,24.409557342529297,2
11:12:09.792,4.789042949676514,470.3248291015625,30.0,53.44540023803711,24.090024948120117,75.89608764648438,2
11:12:09.792,2.0023715496063232,476.576416015625,30.0,31.17532730102539,73.58988189697266,26.396221160888672,2
11:12:09.792,5.382229804992676,472.0639953613281,30.0,74.14559936523438,25.840511322021484,66.57405090332031,2
11:12:09.792,2.5103328227996826,468.59393310546875,30.0,24.159488677978516,75.82662200927734,45.151432037353516,2
11:12:09.792,5.981026649475098,472.3404846191406,30.0,75.34037017822266,24.645734786987305,40.10836410522461,2
11:12:09.792,3.0572454929351807,468.6006774902344,30.0,26.479578018188477,73.50653076171875,69.13031005859375,2
11:12:09.792,0.211138054728508,464.7201843261719,30.0,74.71519470214844,36.16282272338867,25.27090835571289,2
11:12:09.792,3.666454315185547,470.7664794921875,30.0,24.006669998168945,49.930538177490234,75.97943878173828,2
11:12:09.792,0.7338964343070984,464.0130920410156,30.0,75.39594268798828,59.39149856567383,24.590164184570312,2
11:12:09.792,4.236041069030762,469.2300720214844,30.0,29.355377197265625,26.91025161743164,73.07585144042969,2
11:12:09.793,1.396860122680664,474.6312255859375,30.0,57.779937744140625,75.57655334472656,24.409557342529297,2
11:12:10.400,4.78804349899292,470.2595520019531,30.0,53.389827728271484,24.090024948120117,75.89608764648438,2
11:12:10.400,1.9913804531097412,476.0628662109375,30.0,31.61989402770996,73.71492004394531,26.27118492126465,2
11:12:10.400,5.3526763916015625,471.83306884765625,30.0,73.85385131835938,26.132259368896484,67.79661560058594,2
11:12:10.400,2.4611029624938965,466.330078125,30.0,24.326202392578125,75.65990447998047,42.95637512207031,2
11:12:10.400,5.926989555358887,470.290771484375,30.0,75.60433959960938,24.381772994995117,42.4979133605957,2
11:12:10.400,3.0152714252471924,468.0511474609375,30.0,26.035011291503906,73.95109558105469,67.4076156616211,2
11:12:10.400,0.15630929172039032,464.6114196777344,30.0,74.24285125732422,33.82884216308594,25.743261337280273,2
11:12:10.400,3.6016621589660645,470.066650390625,30.0,24.062240600585938,52.8480110168457,75.92386627197266,2
11:12:10.400,0.6985277533531189,465.0570983886719,30.0,75.57655334472656,57.82162094116211,24.409557342529297,2
11:12:10.400,4.159654140472412,468.32049560546875,30.0,27.11864471435547,28.632953643798828,72.86746215820312,2
11:12:10.400,1.289326548576355,473.7649230957031,30.0,62.48958206176758,74.95137786865234,25.034730911254883,2
11:12:10.400,4.726513862609863,470.93975830078125,30.0,50.62517547607422,24.02056121826172,75.96554565429688,2
11:12:10.400,1.8956408500671387,473.7126159667969,30.0,35.6348991394043,74.61795043945312,25.36815643310547,2
11:12:10.400,5.257430553436279,470.52044677734375,30.0,72.77021789550781,27.215892791748047,71.65879821777344,2
11:12:10.400,2.420926332473755,468.6079406738281,30.0,24.520700454711914,75.46540832519531,41.178104400634766,2
11:12:10.400,5.8654093742370605,470.0573425292969,30.0,75.82662200927734,24.159488677978516,45.23478698730469,2
11:12:10.400,2.9526517391204834,467.2958679199219,30.0,25.451513290405273,74.53459167480469,64.76799011230469,2
11:12:10.400,0.13876304030418396,462.26556396484375,30.0,74.07613372802734,33.10641860961914,25.909975051879883,2
11:12:10.400,3.5661590099334717,470.5911865234375,30.0,24.14559555053711,54.4456787109375,75.84050750732422,2
11:12:10.400,0.6524684429168701,464.61383056640625,30.0,75.75714874267578,55.77938461303711,24.228952407836914,2
11:12:10.400,4.118852138519287,468.31829833984375,30.0,26.646289825439453,30.27229881286621,73.33981323242188,2
11:12:10.400,1.3139979839324951,477.1281433105469,30.0,61.419837951660156,75.11808776855469,24.868019104003906,2
11:12:10.400,4.716821193695068,470.0136413574219,30.0,50.194496154785156,24.006669998168945,75.97943878173828,2
11:12:10.400,1.8709733486175537,471.60675048828125,30.0,36.69074630737305,74.81244659423828,25.17365837097168,2
11:12:10.400,5.254944324493408,472.1891784667969,30.0,72.7285385131836,27.257570266723633,71.75604248046875,2
11:12:10.400,2.393667221069336,467.2957458496094,30.0,24.65962791442871,75.32647705078125,39.98332977294922,2
11:12:10.400,5.822824954986572,467.7196044921875,30.0,75.92386627197266,24.062240600585938,47.15198516845703,2
11:12:10.400,2.9063024520874023,464.0888977050781,30.0,25.090303421020508,74.89580535888672,62.78132629394531,2
11:12:10.400,0.10537682473659515,462.8388366699219,30.0,73.72881317138672,31.71714210510254,26.257293701171875,2
11:12:10.400,3.551246166229248,472.00054931640625,30.0,24.187274932861328,55.11252975463867,75.79883575439453,2
11:12:10.400,0.6044596433639526,462.64996337890625,30.0,75.88218688964844,53.626007080078125,24.103918075561523,2
11:12:10.401,4.0769944190979,467.8998107910156,30.0,26.18783187866211,31.981103897094727,73.79827880859375,2
11:12:10.401,1.2662839889526367,477.1654357910156,30.0,63.48986053466797,74.78466033935547,25.201446533203125,2
11:12:10.401,4.645436763763428,468.8077087402344,30.0,46.98527526855469,24.07613182067871,75.90997314453125,2
11:12:10.401,1.8323627710342407,472.70709228515625,30.0,38.357879638671875,75.09030151367188,24.89580535888672,2
11:12:10.401,5.195581436157227,470.9691467285156,30.0,70.89469146728516,26.993608474731445,72.99250030517578,2
11:12:10.401,2.3354170322418213,465.2601318359375,30.0,25.048625946044922,74.9374771118164,37.440956115722656,2
11:12:10.401,5.761791229248047,467.3774108886719,30.0,75.97943878173828,24.006669998168945,49.888858795166016,2
11:12:10.401,2.858154058456421,465.69354248046875,30.0,24.756877899169922,75.2292251586914,60.697418212890625,2
11:12:10.401,0.05143897607922554,469.14990234375,30.0,73.13142395019531,29.5220890045166,26.85468292236328,2
11:12:10.401,3.449686288833618,468.15106201171875,30.0,24.617948532104492,59.6137809753418,75.36815643310547,2
11:12:10.401,0.5229328870773315,462.0133056640625,30.0,75.97943878173828,49.95832061767578,24.006669998168945,2
11:12:10.401,4.017624378204346,468.70849609375,30.0,25.604333877563477,34.45401382446289,74.38177490234375,2
11:12:10.401,1.1783981323242188,476.69732666015625,30.0,67.19922637939453,73.9927749633789,25.993331909179688,2
11:12:10.401,4.59353494644165,470.03466796875,30.0,44.65129089355469,24.2011661529541,75.78494262695312,2
11:12:10.401,1.7977030277252197,476.9582824707031,30.0,39.872188568115234,75.31258392333984,24.673519134521484,2
11:12:10.401,5.16707706451416,469.1231689453125,30.0,69.75548553466797,26.646289825439453,73.33981323242188,2
11:12:10.401,2.326808452606201,468.1583557128906,30.0,25.10419464111328,74.88191223144531,37.07974624633789,2
11:12:10.401,5.773314952850342,472.1103210449219,30.0,75.96554565429688,24.02056121826172,49.37482833862305,2
11:12:10.401,2.8743369579315186,469.5882263183594,30.0,24.868019104003906,75.11808776855469,61.40594482421875,2
11:12:10.401,0.06047637388110161,472.07440185546875,30.0,73.24256896972656,29.88330078125,26.743539810180664,2
11:12:10.401,3.4530489444732666,470.48431396484375,30.0,24.590164184570312,59.474857330322266,75.39594268798828,2
11:12:10.401,0.533542811870575,463.9219055175781,30.0,75.97943878173828,50.4445686340332,24.006669998168945,2
11:12:10.401,4.019015789031982,469.76312255859375,30.0,25.618228912353516,34.39844512939453,74.36788177490234,2
11:12:10.401,1.152592420578003,474.6961364746094,30.0,68.26895904541016,73.72881317138672,26.257293701171875,2
11:12:10.401,4.572068691253662,469.3249206542969,30.0,43.692691802978516,24.270631790161133,75.7154769897461,2
11:12:10.401,1.7759634256362915,476.1156921386719,30.0,40.83078384399414,75.4237289428711,24.5623779296875,2
11:12:10.401,5.13559103012085,468.4975280761719,30.0,68.47735595703125,26.298973083496094,73.6871337890625,2
11:12:10.401,2.2878482341766357,467.64453125,30.0,25.409835815429688,74.5762710571289,35.398719787597656,2
11:12:10.401,5.730739593505859,471.5567321777344,30.0,75.96554565429688,24.02056121826172,51.29202651977539,2
11:12:10.401,2.822331666946411,468.2644958496094,30.0,24.548486709594727,75.4376220703125,59.127532958984375,2
11:12:11.018,0.0030161698814481497,470.53399658203125,30.0,72.5340347290039,27.604888916015625,27.452070236206055,2
11:12:11.018,3.392995834350586,469.2698059082031,30.0,24.965269088745117,62.08668899536133,75.02083587646484,2
11:12:11.018,0.47937485575675964,463.5155944824219,30.0,75.95165252685547,47.99944305419922,24.034454345703125,2
11:12:11.018,3.955317974090576,469.2586669921875,30.0,25.10419464111328,37.12142562866211,74.88191223144531,2
11:12:11.018,1.0286786556243896,474.18280029296875,30.0,72.7285385131836,71.76993560791016,27.257570266723633,2
11:12:11.018,4.52063512802124,470.9960632324219,30.0,41.41427993774414,24.4929141998291,75.49319458007812,2
11:12:11.018,1.6691800355911255,472.0832824707031,30.0,45.568214416503906,75.85440063476562,24.131702423095703,2
11:12:11.018,5.038890838623047,466.1753234863281,30.0,64.42066955566406,25.382051467895508,74.60405731201172,2
11:12:11.018,2.244168519973755,469.7668151855469,30.0,25.812726974487305,74.17337799072266,33.56488037109375,2
11:12:11.018,5.658819675445557,470.97393798828125,30.0,75.84050750732422,24.14559555053711,54.515140533447266,2
11:12:11.018,2.749160051345825,466.5824279785156,30.0,24.228952407836914,75.75714874267578,55.87662887573242,2
11:12:11.018,6.260486125946045,472.9498291015625,30.0,72.78411102294922,27.202001571655273,28.382884979248047,2
11:12:11.018,3.370779275894165,470.6154479980469,30.0,25.131982803344727,63.045291900634766,74.8541259765625,2
11:12:11.018,0.4620670974254608,464.5703430175781,30.0,75.92386627197266,47.22145080566406,24.062240600585938,2
11:12:11.018,3.9229233264923096,467.9678039550781,30.0,24.868019104003906,38.52458953857422,75.11808776855469,2
11:12:11.018,1.0555908679962158,476.99530029296875,30.0,72.158935546875,72.60350036621094,27.382606506347656,2
11:12:11.018,4.511257171630859,469.6554870605469,30.0,40.99749755859375,24.53459358215332,75.4515151977539,2
11:12:11.018,1.6796289682388306,472.0716857910156,30.0,45.1097526550293,75.82662200927734,24.159488677978516,2
11:12:11.018,5.039185523986816,466.1840515136719,30.0,64.43456268310547,25.382051467895508,74.60405731201172,2
11:12:11.018,2.245880603790283,467.41461181640625,30.0,25.78493881225586,74.20116424560547,33.634342193603516,2
11:12:11.018,5.639304161071777,467.87335205078125,30.0,75.78494262695312,24.2011661529541,55.39038848876953,2
11:12:11.018,2.72737979888916,464.94000244140625,30.0,24.173381805419922,75.81272888183594,54.90414047241211,2
11:12:11.018,6.212871551513672,469.5810546875,30.0,73.35370635986328,26.63239860534668,30.286190032958984,2
11:12:11.018,3.351901054382324,470.30169677734375,30.0,25.27090835571289,63.86496353149414,74.71519470214844,2
11:12:11.018,0.4339624345302582,463.2505798339844,30.0,75.86829376220703,45.97110366821289,24.11781120300293,2
11:12:11.018,3.902775526046753,468.4706726074219,30.0,24.742984771728516,39.39983367919922,75.24311828613281,2
11:12:11.018,1.0102801322937012,476.7405090332031,30.0,72.95082092285156,71.03362274169922,27.035287857055664,2
11:12:11.018,4.472833633422852,469.188720703125,30.0,39.31647491455078,24.756877899169922,75.2292251586914,2
11:12:11.018,1.6386126279830933,471.8646545410156,30.0,46.94359588623047,75.90997314453125,24.07613182067871,2
11:12:11.019,5.020536422729492,467.3291320800781,30.0,63.64268112182617,25.229230880737305,74.75688171386719,2
11:12:11.019,2.2080130577087402,465.3840637207031,30.0,26.160043716430664,73.82606506347656,32.05057144165039,2
11:12:11.019,5.588486194610596,467.6186218261719,30.0,75.59044647216797,24.395666122436523,57.6549072265625,2
11:12:11.019,2.6778993606567383,466.1055908203125,30.0,24.062240600585938,75.92386627197266,52.681304931640625,2
11:12:11.019,6.151237964630127,469.3476257324219,30.0,74.00666809082031,25.97943878173828,32.81467056274414,2
11:12:11.019,3.2740163803100586,468.1532897949219,30.0,25.97943878173828,67.14364624023438,74.00666809082031,2
11:12:11.020,0.3558948040008545,462.01409912109375,30.0,75.60433959960938,42.48402404785156,24.381772994995117,2
11:12:11.020,3.8424506187438965,468.7673034667969,30.0,24.423450469970703,42.053348541259766,75.56265258789062,2
11:12:11.020,0.9325609803199768,475.6622619628906,30.0,73.82606506347656,67.89385986328125,26.160043716430664,2
11:12:11.020,4.419677257537842,469.54150390625,30.0,37.01028060913086,25.118087768554688,74.8680191040039,2
11:12:11.020,1.6321804523468018,476.8536071777344,30.0,47.23534393310547,75.92386627197266,24.062240600585938,2
11:12:11.020,5.003117561340332,469.7620544433594,30.0,62.89247131347656,25.10419464111328,74.88191223144531,2
11:12:11.020,2.1985666751861572,469.48431396484375,30.0,26.27118492126465,73.72881317138672,31.66157341003418,2
11:12:11.020,5.595717430114746,471.94854736328125,30.0,75.63211822509766,24.353986740112305,57.33536911010742,2
11:12:11.020,2.712886095046997,469.9623107910156,30.0,24.131702423095703,75.85440063476562,54.251182556152344,2
11:12:11.020,6.175573825836182,471.4907531738281,30.0,73.75659942626953,26.229507446289062,31.814393997192383,2
11:12:11.020,3.269878387451172,470.2225341796875,30.0,26.021116256713867,67.32425689697266,73.9649887084961,2
11:12:11.020,0.3825179636478424,464.2456359863281,30.0,75.7154769897461,43.6649055480957,24.270631790161133,2
11:12:11.020,3.8640687465667725,469.92236328125,30.0,24.520700454711914,41.108642578125,75.46540832519531,2
11:12:11.020,0.9266059994697571,463.7080993652344,30.0,73.89552307128906,67.64379119873047,26.090579986572266,2
11:12:11.020,4.415838718414307,469.73040771484375,30.0,36.84356689453125,25.1458740234375,74.8402328491211,2
11:12:11.020,1.6106233596801758,476.3742370605469,30.0,48.20783615112305,75.95165252685547,24.034454345703125,2
11:12:11.020,4.970891952514648,468.5483703613281,30.0,61.503196716308594,24.881912231445312,75.10419464111328,2
11:12:11.020,2.169583320617676,474.0873107910156,30.0,26.576826095581055,73.40928649902344,30.480688095092773,2
11:12:11.020,5.5524420738220215,471.11041259765625,30.0,75.4237289428711,24.5623779296875,59.25257110595703,2
11:12:11.020,2.6521763801574707,467.7235107421875,30.0,24.02056121826172,75.96554565429688,51.528202056884766,2
11:12:11.020,6.111566066741943,470.1205139160156,30.0,74.38177490234375,25.604333877563477,34.4818000793457,2
11:12:11.020,3.2072792053222656,468.80810546875,30.0,26.68796730041504,69.88052368164062,73.29814147949219,2
11:12:11.020,0.3287065327167511,464.1064147949219,30.0,75.47930145263672,41.27535629272461,24.506807327270508,2
11:12:11.020,3.779090166091919,468.5328369140625,30.0,24.187274932861328,44.87357711791992,75.79883575439453,2
11:12:11.020,0.8220149874687195,460.3835754394531,30.0,74.82633972167969,63.225894927978516,25.159767150878906,2
11:12:11.020,4.350064754486084,471.0445861816406,30.0,34.0372314453125,25.701581954956055,74.2845230102539,2
11:12:11.020,1.5040245056152344,472.6768493652344,30.0,53.000831604003906,75.90997314453125,24.07613182067871,2
11:12:11.324,4.876317024230957,466.7359619140625,30.0,57.33536911010742,24.353986740112305,75.63211822509766,2
11:12:11.324,2.100623369216919,474.89788818359375,30.0,27.410390853881836,72.57572174072266,27.72992515563965,2
11:12:11.324,5.476805686950684,469.72930908203125,30.0,74.9374771118164,25.048625946044922,62.54515075683594,2
11:12:11.324,2.58052659034729,466.8200988769531,30.0,24.034454345703125,75.95165252685547,48.305084228515625,2
11:12:11.324,6.073727607727051,471.8061218261719,30.0,74.70130157470703,25.284799575805664,36.093360900878906,2
11:12:11.324,3.1843101978302,470.1142272949219,30.0,26.951929092407227,70.81134033203125,73.03417205810547,2
11:12:11.324,0.3001987040042877,464.34912109375,30.0,75.32647705078125,40.02500915527344,24.65962791442871,2
11:12:11.324,3.7391607761383057,467.6695251464844,30.0,24.090024948120117,46.665740966796875,75.89608764648438,2
11:12:11.324,0.8163723945617676,462.2005615234375,30.0,74.8680191040039,62.97582244873047,25.118087768554688,2
11:12:11.324,4.328497409820557,469.7170715332031,30.0,33.13420486450195,25.909975051879883,74.07613372802734,2
11:12:11.324,1.4946764707565308,471.630615234375,30.0,53.41761779785156,75.89608764648438,24.090024948120117,2
11:12:11.324,4.866654872894287,466.25360107421875,30.0,56.90469741821289,24.326202392578125,75.65990447998047,2
11:12:11.324,2.100698232650757,474.8304748535156,30.0,27.410390853881836,72.57572174072266,27.743816375732422,2
11:12:11.324,5.45828104019165,467.9304504394531,30.0,74.79855346679688,25.187551498413086,63.35093307495117,2
11:12:11.324,2.560089349746704,464.9432678222656,30.0,24.062240600585938,75.92386627197266,47.38816452026367,2
11:12:11.324,6.038570880889893,469.5241394042969,30.0,74.96527099609375,25.020837783813477,37.607669830322266,2
11:12:11.324,3.1539111137390137,470.27923583984375,30.0,27.340927124023438,72.00611114501953,72.64517974853516,2
11:12:11.324,0.26366516947746277,463.3188171386719,30.0,75.10419464111328,38.42734146118164,24.881912231445312,2
11:12:11.324,3.7176265716552734,468.8014221191406,30.0,24.0483455657959,47.63823318481445,75.93775939941406,2
11:12:11.324,0.7856497168540955,462.0808410644531,30.0,75.09030151367188,61.6560173034668,24.89580535888672,2
11:12:11.324,4.286384582519531,469.34234619140625,30.0,31.397611618041992,26.340652465820312,73.64545440673828,2
11:12:11.324,1.4417009353637695,471.9781188964844,30.0,55.77938461303711,75.75714874267578,24.228952407836914,2
11:12:11.324,4.837338447570801,467.6548156738281,30.0,55.598777770996094,24.21506118774414,75.77104187011719,2
11:12:11.325,2.024585485458374,472.28985595703125,30.0,30.27229881286621,73.33981323242188,26.646289825439453,2
11:12:11.325,5.408164978027344,467.7917785644531,30.0,74.38177490234375,25.604333877563477,65.49040985107422,2
11:12:11.325,2.5018045902252197,465.4259338378906,30.0,24.187274932861328,75.79883575439453,44.77632522583008,2
11:12:11.325,5.967828750610352,469.8863525390625,30.0,75.40983581542969,24.576271057128906,40.69186019897461,2
11:12:11.325,3.085210084915161,467.9532470703125,30.0,26.799110412597656,73.18699645996094,70.25562286376953,2
11:12:11.325,0.19726693630218506,462.30242919921875,30.0,74.60405731201172,35.56543731689453,25.382051467895508,2
11:12:11.325,3.6588857173919678,468.6654052734375,30.0,24.006669998168945,50.277854919433594,75.97943878173828,2
11:12:11.950,0.7416507005691528,463.218994140625,30.0,75.35426330566406,59.72492218017578,24.6318416595459,2
11:12:11.950,4.247750759124756,470.168701171875,30.0,29.827728271484375,26.771324157714844,73.21478271484375,2
11:12:11.950,1.4284303188323975,476.5148620605469,30.0,56.376773834228516,75.7154769897461,24.270631790161133,2
11:12:11.950,4.818638324737549,469.7198486328125,30.0,54.76521301269531,24.159488677978516,75.82662200927734,2
11:12:11.950,2.0304176807403564,475.3104248046875,30.0,30.036121368408203,73.28424072265625,26.701862335205078,2
11:12:11.950,5.414217948913574,471.591064453125,30.0,74.43734741210938,25.54876136779785,65.22645568847656,2
11:12:11.950,2.532921552658081,469.8124694824219,30.0,24.103918075561523,75.88218688964844,46.16559982299805,2
11:12:11.950,5.990512371063232,471.4608459472656,30.0,75.28480529785156,24.701305389404297,39.69158172607422,2
11:12:11.950,3.0721304416656494,466.5385437011719,30.0,26.646289825439453,73.33981323242188,69.72769927978516,2
11:12:11.950,0.20568285882472992,462.968994140625,30.0,74.67352294921875,35.9266471862793,25.31258773803711,2
11:12:11.951,3.6780683994293213,470.9720764160156,30.0,24.02056121826172,49.41650390625,75.96554565429688,2
11:12:11.951,0.7312648892402649,462.80804443359375,30.0,75.40983581542969,59.26646041870117,24.576271057128906,2
11:12:11.951,4.227071285247803,469.8230895996094,30.0,28.994163513183594,27.00750160217285,72.97860717773438,2
11:12:11.951,1.3944027423858643,475.7532043457031,30.0,57.891082763671875,75.57655334472656,24.409557342529297,2
11:12:11.951,4.777355194091797,468.5187683105469,30.0,52.91747283935547,24.062240600585938,75.92386627197266,2
11:12:11.951,1.9658572673797607,473.4459533691406,30.0,32.675743103027344,73.9788818359375,26.00722312927246,2
11:12:11.951,5.352748870849609,470.7958068847656,30.0,73.85385131835938,26.132259368896484,67.79661560058594,2
11:12:11.951,2.4662277698516846,466.937255859375,30.0,24.31230926513672,75.67379760742188,43.19255447387695,2
11:12:11.951,5.915454864501953,469.7105407714844,30.0,75.65990447998047,24.326202392578125,43.01194763183594,2
11:12:11.951,2.999891757965088,465.62420654296875,30.0,25.882190704345703,74.10391235351562,66.76854705810547,2
11:12:11.951,0.17563413083553314,464.4134216308594,30.0,74.42344665527344,34.64851379394531,25.56265640258789,2
11:12:11.951,3.602276086807251,468.6374206542969,30.0,24.062240600585938,52.820228576660156,75.92386627197266,2
11:12:11.951,0.6464280486106873,460.4553527832031,30.0,75.78494262695312,55.50152587890625,24.2011661529541,2
11:12:11.951,4.152050018310547,469.606689453125,30.0,27.035287857055664,28.938594818115234,72.95082092285156,2
11:12:11.951,1.3066082000732422,473.58013916015625,30.0,61.73937225341797,75.07640838623047,24.909696578979492,2
11:12:11.951,4.694336414337158,466.96917724609375,30.0,49.180328369140625,24.02056121826172,75.96554565429688,2
11:12:11.951,1.9180991649627686,475.06494140625,30.0,34.676300048828125,74.42344665527344,25.56265640258789,2
11:12:11.951,5.295804500579834,470.3594665527344,30.0,73.22867584228516,26.757434844970703,70.11669921875,2
11:12:11.951,2.4177439212799072,467.4717712402344,30.0,24.53459358215332,75.4515151977539,41.03917694091797,2
11:12:11.951,5.887304782867432,471.4857177734375,30.0,75.75714874267578,24.228952407836914,44.26229476928711,2
11:12:11.951,2.9980993270874023,470.0301513671875,30.0,25.868297576904297,74.11781311035156,66.68518829345703,2
11:12:11.952,0.15300796926021576,464.13983154296875,30.0,74.21505737304688,33.68991470336914,25.77104949951172,2
11:12:11.952,3.5563852787017822,467.3371887207031,30.0,24.159488677978516,54.87635803222656,75.82662200927734,2
11:12:11.952,0.6404659152030945,462.03729248046875,30.0,75.79883575439453,55.23756790161133,24.187274932861328,2
11:12:11.952,4.16575813293457,471.0991516113281,30.0,27.202001571655273,28.39677619934082,72.78411102294922,2
11:12:11.952,1.288475513458252,472.2392272949219,30.0,62.53125762939453,74.95137786865234,25.034730911254883,2
11:12:11.952,4.685918807983398,466.6099548339844,30.0,48.80522537231445,24.02056121826172,75.96554565429688,2
11:12:11.952,1.896087646484375,473.8970642089844,30.0,35.607112884521484,74.61795043945312,25.36815643310547,2
11:12:11.952,5.279906749725342,468.0929260253906,30.0,73.04806518554688,26.938039779663086,70.75576782226562,2
11:12:11.952,2.3809263706207275,463.6401062011719,30.0,24.742984771728516,75.24311828613281,39.42761993408203,2
11:12:11.952,5.844225883483887,469.7070007324219,30.0,75.88218688964844,24.103918075561523,46.193389892578125,2
11:12:11.952,2.9423584938049316,467.2583923339844,30.0,25.36815643310547,74.61795043945312,64.33731079101562,2
11:12:11.952,0.11333302408456802,463.42572021484375,30.0,73.81217193603516,32.05057144165039,26.17393684387207,2
11:12:11.952,3.510952949523926,467.65087890625,30.0,24.326202392578125,56.90469741821289,75.65990447998047,2
11:12:11.952,0.5955138802528381,462.3420104980469,30.0,75.90997314453125,53.223114013671875,24.07613182067871,2
11:12:11.952,4.101469993591309,469.90142822265625,30.0,26.451793670654297,30.9808292388916,73.53431701660156,2
11:12:11.952,1.2355351448059082,472.2012023925781,30.0,64.7957763671875,74.52069854736328,25.465408325195312,2
11:12:11.952,4.633261680603027,466.928955078125,30.0,46.429561614990234,24.090024948120117,75.89608764648438,2
11:12:11.952,1.8330280780792236,472.9939270019531,30.0,38.33009338378906,75.09030151367188,24.89580535888672,2
11:12:11.952,5.2191572189331055,469.5050354003906,30.0,71.83940124511719,27.271465301513672,72.71464538574219,2
11:12:11.952,2.3224070072174072,464.86370849609375,30.0,25.1458740234375,74.8402328491211,36.88524627685547,2
11:12:11.952,5.773222923278809,469.596435546875,30.0,75.96554565429688,24.02056121826172,49.37482833862305,2
11:12:11.952,2.880039930343628,467.42620849609375,30.0,24.89580535888672,75.09030151367188,61.6560173034668,2
11:12:11.952,0.05510707572102547,469.89422607421875,30.0,73.17310333251953,29.674907684326172,26.813003540039062,2
11:12:11.952,3.46512508392334,468.259521484375,30.0,24.53459358215332,58.93303680419922,75.4515151977539,2
11:12:11.952,0.5405009984970093,462.3525695800781,30.0,75.96554565429688,50.750205993652344,24.02056121826172,2
11:12:11.952,4.052315711975098,471.1178894042969,30.0,25.937759399414062,33.0091667175293,74.04834747314453,2
11:12:11.952,1.191901445388794,477.2206726074219,30.0,66.64350891113281,74.13170623779297,25.854402542114258,2
11:12:11.952,4.615870952606201,469.2309265136719,30.0,45.65156936645508,24.131702423095703,75.85440063476562,2
11:12:11.952,1.8273866176605225,476.1348876953125,30.0,38.56626892089844,75.11808776855469,24.868019104003906,2
11:12:11.952,5.175753593444824,468.4736022949219,30.0,70.1028060913086,26.757434844970703,73.22867584228516,2
11:12:11.952,2.340876579284668,469.284423828125,30.0,25.006946563720703,74.97916412353516,37.67713165283203,2
11:12:11.952,5.784552097320557,471.9915771484375,30.0,75.96554565429688,24.02056121826172,48.87468719482422,2
11:12:12.574,2.868274211883545,466.4857177734375,30.0,24.826339721679688,75.1597671508789,61.14198684692383,2
11:12:12.574,0.06818497180938721,471.09466552734375,30.0,73.325927734375,30.20283317565918,26.66018295288086,2
11:12:12.574,3.4760689735412598,471.6767578125,30.0,24.479022979736328,58.4467887878418,75.50708770751953,2
11:12:12.574,0.5306253433227539,462.67218017578125,30.0,75.97943878173828,50.305641174316406,24.006669998168945,2
11:12:12.574,4.019034385681152,469.98663330078125,30.0,25.618228912353516,34.39844512939453,74.36788177490234,2
11:12:12.574,1.1695328950881958,476.1168212890625,30.0,67.57432556152344,73.90941619873047,26.076688766479492,2
11:12:12.574,4.584246635437012,468.15185546875,30.0,44.2484016418457,24.228952407836914,75.75714874267578,2
11:12:12.574,1.7731869220733643,473.8731994628906,30.0,40.941925048828125,75.4376220703125,24.548486709594727,2
11:12:12.574,5.146047592163086,468.99676513671875,30.0,68.90802764892578,26.42400550842285,73.56210327148438,2
11:12:12.574,2.2986154556274414,466.7475891113281,30.0,25.326478958129883,74.65962982177734,35.857181549072266,2
11:12:12.574,5.710577011108398,470.25433349609375,30.0,75.93775939941406,24.0483455657959,52.19505310058594,2
11:12:12.574,2.8079397678375244,466.17449951171875,30.0,24.479022979736328,75.50708770751953,58.48847198486328,2
11:12:12.574,0.003559287404641509,470.72076416015625,30.0,72.5340347290039,27.632675170898438,27.452070236206055,2
11:12:12.574,3.37046480178833,468.0613098144531,30.0,25.131982803344727,63.059181213378906,74.8541259765625,2
11:12:12.574,0.43973997235298157,460.75054931640625,30.0,75.88218688964844,46.22117233276367,24.103918075561523,2
11:12:12.574,3.9348304271698,469.6059265136719,30.0,24.95137596130371,38.01055908203125,75.03472900390625,2
11:12:12.574,1.0307985544204712,473.6973876953125,30.0,72.70075225830078,71.8532943725586,27.285358428955078,2
11:12:12.574,4.480635166168213,467.3524169921875,30.0,39.663795471191406,24.701305389404297,75.28480529785156,2
11:12:12.574,1.6811150312423706,474.0871276855469,30.0,45.040287017822266,75.81272888183594,24.173381805419922,2
11:12:12.574,5.075040340423584,469.4296875,30.0,65.9627685546875,25.701581954956055,74.2845230102539,2
11:12:12.574,2.2470474243164062,467.4254150390625,30.0,25.78493881225586,74.20116424560547,33.676021575927734,2
11:12:12.574,5.670540809631348,472.1486511230469,30.0,75.86829376220703,24.11781120300293,54.0011100769043,2
11:12:12.574,2.7834131717681885,470.2628479003906,30.0,24.36787986755371,75.61822509765625,57.40483474731445,2
11:12:12.574,6.258601665496826,472.0217590332031,30.0,72.8118896484375,27.174217224121094,28.452348709106445,2
11:12:12.574,3.34511137008667,467.7664489746094,30.0,25.326478958129883,64.15670776367188,74.65962982177734,2
11:12:12.574,0.4271926283836365,461.9744873046875,30.0,75.85440063476562,45.665462493896484,24.131702423095703,2
11:12:12.574,3.9379711151123047,471.0915832519531,30.0,24.97916030883789,37.87163162231445,75.00694274902344,2
11:12:12.574,1.0275272130966187,471.85687255859375,30.0,72.74242401123047,71.72825622558594,27.24367904663086,2
11:12:12.574,4.468859672546387,466.3809509277344,30.0,39.13587188720703,24.7846622467041,75.20144653320312,2
11:12:12.574,1.6711801290512085,474.2267150878906,30.0,45.48485565185547,75.84050750732422,24.14559555053711,2
11:12:12.574,5.055245399475098,469.5449523925781,30.0,65.11531066894531,25.520977020263672,74.46513366699219,2
11:12:12.574,2.221334934234619,464.6556396484375,30.0,26.035011291503906,73.95109558105469,32.60628128051758,2
11:12:12.879,5.619239330291748,469.49603271484375,30.0,75.7154769897461,24.270631790161133,56.29341506958008,2
11:12:12.880,2.7197277545928955,467.5076599121094,30.0,24.14559555053711,75.84050750732422,54.55682373046875,2
11:12:12.880,6.194978713989258,471.0238037109375,30.0,73.54821014404297,26.437898635864258,31.00861358642578,2
11:12:12.880,3.2848472595214844,468.1103820800781,30.0,25.868297576904297,66.69908142089844,74.11781311035156,2
11:12:12.880,0.37431442737579346,461.743896484375,30.0,75.68769073486328,43.30369567871094,24.298416137695312,2
11:12:12.880,3.8632638454437256,469.6199645996094,30.0,24.520700454711914,41.13642501831055,75.46540832519531,2
11:12:12.880,0.9473736882209778,464.21295166015625,30.0,73.6732406616211,68.49124908447266,26.312864303588867,2
11:12:12.880,4.415005207061768,467.60943603515625,30.0,36.8018913269043,25.1458740234375,74.8402328491211,2
11:12:12.880,1.5980370044708252,473.1358642578125,30.0,48.763545989990234,75.96554565429688,24.02056121826172,2
11:12:12.880,4.982011318206787,469.3384094238281,30.0,61.97555160522461,24.95137596130371,75.03472900390625,2
11:12:12.880,2.148563861846924,473.7772521972656,30.0,26.82689666748047,73.15921020507812,29.633230209350586,2
11:12:12.880,5.546445369720459,470.459228515625,30.0,75.38204956054688,24.60405731201172,59.51653289794922,2
11:12:12.880,2.657869338989258,468.20147705078125,30.0,24.034454345703125,75.95165252685547,51.79216384887695,2
11:12:12.880,6.100161075592041,469.55584716796875,30.0,74.47901916503906,25.5070858001709,34.96804428100586,2
11:12:12.880,3.223649501800537,469.2437438964844,30.0,26.507362365722656,69.2275619506836,73.47874450683594,2
11:12:12.880,0.3140200078487396,462.2109069824219,30.0,75.40983581542969,40.636287689208984,24.576271057128906,2
11:12:12.880,3.8127009868621826,470.6954650878906,30.0,24.298416137695312,43.3731575012207,75.68769073486328,2
11:12:12.880,0.8556934595108032,462.3772277832031,30.0,74.5484848022461,64.67073822021484,25.437620162963867,2
11:12:12.880,4.388051509857178,469.1361999511719,30.0,35.64878845214844,25.36815643310547,74.61795043945312,2
11:12:12.880,1.5796948671340942,476.16912841796875,30.0,49.597110748291016,75.97943878173828,24.006669998168945,2
11:12:12.880,4.939549922943115,468.6668701171875,30.0,60.127811431884766,24.673519134521484,75.31258392333984,2
11:12:12.880,2.164846181869507,476.3600158691406,30.0,26.63239860534668,73.35370635986328,30.286190032958984,2
11:12:12.880,5.54496955871582,471.4779968261719,30.0,75.38204956054688,24.60405731201172,59.57210159301758,2
11:12:12.880,2.6263396739959717,466.1043395996094,30.0,24.006669998168945,75.97943878173828,50.37510299682617,2
11:12:12.880,6.114076614379883,471.5660705566406,30.0,74.35398864746094,25.632118225097656,34.37065887451172,2
11:12:12.880,3.209242582321167,469.9017333984375,30.0,26.66018295288086,69.8110580444336,73.325927734375,2
11:12:12.880,0.31523534655570984,463.7125244140625,30.0,75.40983581542969,40.67796325683594,24.576271057128906,2
11:12:12.880,3.78000545501709,470.6235656738281,30.0,24.187274932861328,44.8318977355957,75.79883575439453,2
11:12:12.880,0.8468559384346008,463.180419921875,30.0,74.63184356689453,64.28174591064453,25.354267120361328,2
11:12:12.880,4.353250026702881,467.81317138671875,30.0,34.1761589050293,25.673797607421875,74.31230926513672,2
11:12:12.880,1.515074610710144,473.3076477050781,30.0,52.500694274902344,75.93775939941406,24.0483455657959,2
11:12:12.881,4.8983283042907715,468.2403259277344,30.0,58.307861328125,24.46512794494629,75.52098083496094,2
11:12:12.881,2.1247928142547607,476.678466796875,30.0,27.10474967956543,72.88135528564453,28.688522338867188,2
11:12:12.881,5.461966037750244,469.1795654296875,30.0,74.82633972167969,25.159767150878906,63.18421936035156,2
11:12:12.881,2.56729793548584,465.37408447265625,30.0,24.0483455657959,75.93775939941406,47.707698822021484,2
11:12:12.881,6.050385475158691,470.8707275390625,30.0,74.88191223144531,25.10419464111328,37.09363555908203,2
11:12:12.881,3.122248411178589,467.5686340332031,30.0,27.24367904663086,72.74242401123047,71.72825622558594,2
11:12:12.881,0.22456035017967224,460.7767333984375,30.0,74.82633972167969,36.732425689697266,25.159767150878906,2
11:12:12.881,3.7070934772491455,469.6401672363281,30.0,24.034454345703125,48.11058807373047,75.95165252685547,2
11:12:12.881,0.7676427960395813,462.3887939453125,30.0,75.20144653320312,60.86412811279297,24.7846622467041,2
11:12:12.881,4.269456386566162,467.1785583496094,30.0,30.702972412109375,26.521257400512695,73.46485137939453,2
11:12:12.881,1.4394670724868774,474.0110168457031,30.0,55.890525817871094,75.7432632446289,24.24284553527832,2
11:12:12.881,4.8383097648620605,469.37933349609375,30.0,55.64045333862305,24.21506118774414,75.77104187011719,2
11:12:12.881,2.0521702766418457,476.0723571777344,30.0,29.160877227783203,73.0202865600586,26.965824127197266,2
11:12:12.881,5.429680347442627,471.6465148925781,30.0,74.5762710571289,25.409835815429688,64.57349395751953,2
11:12:12.881,2.559790849685669,469.966064453125,30.0,24.062240600585938,75.92386627197266,47.374267578125,2
11:12:12.881,6.033122539520264,472.6678466796875,30.0,75.00694274902344,24.97916030883789,37.829952239990234,2
11:12:12.881,3.1299209594726562,469.4121398925781,30.0,27.340927124023438,72.64517974853516,72.03389739990234,2
11:12:12.881,0.2385304868221283,461.96014404296875,30.0,74.92359161376953,37.34370803833008,25.062517166137695,2
11:12:12.881,3.710477590560913,470.7373352050781,30.0,24.034454345703125,47.957767486572266,75.95165252685547,2
11:12:12.881,0.7993077635765076,464.4576721191406,30.0,74.99305725097656,62.23950958251953,24.993053436279297,2
11:12:12.881,4.277029991149902,466.2252197265625,30.0,31.00861358642578,26.437898635864258,73.54821014404297,2
11:12:12.881,1.4522360563278198,474.31549072265625,30.0,55.3209228515625,75.78494262695312,24.2011661529541,2
11:12:12.881,4.859368801116943,469.5457458496094,30.0,56.58516311645508,24.298416137695312,75.68769073486328,2
11:12:12.881,2.050859212875366,475.3289489746094,30.0,29.216449737548828,73.03417205810547,26.951929092407227,2
11:12:12.881,5.418155670166016,471.0302429199219,30.0,74.47901916503906,25.5070858001709,65.05973815917969,2
11:12:12.881,2.534569501876831,468.4129943847656,30.0,24.103918075561523,75.88218688964844,46.248958587646484,2
11:12:12.881,5.989846706390381,471.34771728515625,30.0,75.28480529785156,24.701305389404297,39.71936798095703,2
11:12:12.881,3.0843665599823,467.3988037109375,30.0,26.785219192504883,73.20088958740234,70.22784423828125,2
11:12:12.881,0.2096560299396515,462.524169921875,30.0,74.70130157470703,36.093360900878906,25.284799575805664,2
11:12:12.881,3.677812099456787,471.21734619140625,30.0,24.02056121826172,49.430397033691406,75.96554565429688,2
11:12:13.188,0.7422875761985779,463.74603271484375,30.0,75.35426330566406,59.752708435058594,24.6318416595459,2
11:12:13.188,4.223457336425781,467.148681640625,30.0,28.85523796081543,27.063072204589844,72.92303466796875,2
11:12:13.188,1.3881394863128662,473.1231384277344,30.0,58.16893768310547,75.53486633300781,24.451236724853516,2
11:12:13.188,4.797262191772461,469.8045654296875,30.0,53.80661392211914,24.103918075561523,75.88218688964844,2
11:12:13.188,1.9559884071350098,473.6294250488281,30.0,33.07863235473633,74.07613372802734,25.909975051879883,2
11:12:13.188,5.344479560852051,469.6756591796875,30.0,73.77049255371094,26.21561622619629,68.14392852783203,2
11:12:13.188,2.4684698581695557,467.8479919433594,30.0,24.298416137695312,75.68769073486328,43.28980255126953,2
11:12:13.188,5.905318737030029,470.3645324707031,30.0,75.70158386230469,24.284523010253906,43.45651626586914,2
11:12:13.188,3.025395393371582,468.55615234375,30.0,26.132259368896484,73.85385131835938,67.82439422607422,2
11:12:13.188,0.15547816455364227,462.0091247558594,30.0,74.22895812988281,33.801055908203125,25.75715446472168,2
11:12:13.188,3.615006923675537,471.66796875,30.0,24.0483455657959,52.25062561035156,75.93775939941406,2
11:12:13.188,0.6585224270820618,462.035888671875,30.0,75.7432632446289,56.0433464050293,24.24284553527832,2
11:12:13.188,4.185081481933594,470.380126953125,30.0,27.43817901611328,27.632675170898438,72.54792785644531,2
11:12:13.188,1.3647795915603638,475.4698486328125,30.0,59.196998596191406,75.4237289428711,24.5623779296875,2
11:12:13.188,4.734510898590088,467.9563293457031,30.0,50.986385345458984,24.02056121826172,75.96554565429688,2
11:12:13.188,1.9731645584106445,477.1952209472656,30.0,32.37010192871094,73.89552307128906,26.090579986572266,2
11:12:13.188,5.332325458526611,471.4208984375,30.0,73.6315689086914,26.354541778564453,68.64407348632812,2
11:12:13.188,2.4375805854797363,466.5203552246094,30.0,24.43734359741211,75.54875946044922,41.91442108154297,2
11:12:13.188,5.917547702789307,471.8372497558594,30.0,75.64601135253906,24.34009552001953,42.914695739746094,2
11:12:13.188,3.0146024227142334,468.015625,30.0,26.035011291503906,73.95109558105469,67.37982940673828,2
11:12:13.188,0.13029205799102783,463.1980285644531,30.0,73.9927749633789,32.74520492553711,25.993331909179688,2
11:12:13.188,3.57936692237854,470.068115234375,30.0,24.103918075561523,53.848289489746094,75.88218688964844,2
11:12:13.188,0.6497709155082703,462.8328857421875,30.0,75.77104187011719,55.65434646606445,24.21506118774414,2
11:12:13.188,4.178211688995361,472.06573486328125,30.0,27.354822158813477,27.91053009033203,72.63128662109375,2
11:12:13.188,1.3071835041046143,474.0777587890625,30.0,61.72547912597656,75.07640838623047,24.909696578979492,2
11:12:13.188,4.6936564445495605,467.9427490234375,30.0,49.15254211425781,24.02056121826172,75.96554565429688,2
11:12:13.188,1.9199097156524658,476.0713806152344,30.0,34.606834411621094,74.40955352783203,25.576549530029297,2
11:12:13.188,5.2652387619018555,470.484619140625,30.0,72.86746215820312,27.11864471435547,71.33926391601562,2
11:12:13.188,2.378490686416626,465.02520751953125,30.0,24.756877899169922,75.2292251586914,39.31647491455078,2
11:12:13.188,5.855291366577148,471.3685302734375,30.0,75.85440063476562,24.131702423095703,45.6932487487793,2
11:12:13.188,2.9286410808563232,465.4386901855469,30.0,25.257015228271484,74.72908782958984,63.75381851196289,2
11:12:13.492,0.09088083356618881,467.6966857910156,30.0,73.57598876953125,31.119754791259766,26.410114288330078,2
11:12:13.492,3.497629404067993,469.8660583496094,30.0,24.381772994995117,57.5020866394043,75.60433959960938,2
11:12:13.493,0.587256669998169,463.958984375,30.0,75.92386627197266,52.86190414428711,24.062240600585938,2
11:12:13.493,4.068260192871094,468.5163269042969,30.0,26.090579986572266,32.34231948852539,73.89552307128906,2
11:12:13.493,1.2100915908813477,474.82012939453125,30.0,65.87940979003906,74.29841613769531,25.68769073486328,2
11:12:13.493,4.632729530334473,468.7856750488281,30.0,46.415672302246094,24.090024948120117,75.89608764648438,2
11:12:13.493,1.8368555307388306,475.81927490234375,30.0,38.16337966918945,75.0625228881836,24.9235897064209,2
11:12:13.493,5.2114362716674805,472.4806213378906,30.0,71.53376007080078,27.174217224121094,72.8118896484375,2
11:12:13.493,2.369304895401001,470.0483703613281,30.0,24.812448501586914,75.17366027832031,38.9135856628418,2
11:12:13.493,5.8261260986328125,472.7947998046875,30.0,75.90997314453125,24.07613182067871,46.99916458129883,2
11:12:13.493,2.91339373588562,468.1907653808594,30.0,25.131982803344727,74.8541259765625,63.08696746826172,2
11:12:13.493,0.11316034942865372,472.1680908203125,30.0,73.81217193603516,32.036678314208984,26.17393684387207,2
11:12:13.493,3.5015764236450195,471.6181945800781,30.0,24.353986740112305,57.321475982666016,75.63211822509766,2
11:12:13.493,0.5788897275924683,463.60284423828125,30.0,75.93775939941406,52.48680114746094,24.0483455657959,2
11:12:13.493,4.08220911026001,470.52777099609375,30.0,26.24340057373047,31.772714614868164,73.74270629882812,2
11:12:13.493,1.2053296566009521,473.62628173828125,30.0,66.07391357421875,74.2567367553711,25.7293701171875,2
11:12:13.493,4.64409065246582,469.6600646972656,30.0,46.915809631347656,24.07613182067871,75.90997314453125,2
11:12:13.493,1.8364510536193848,475.38641357421875,30.0,38.17727279663086,75.0625228881836,24.9235897064209,2
11:12:13.493,5.1883625984191895,469.5577087402344,30.0,70.61683654785156,26.896360397338867,73.08975219726562,2
11:12:13.493,2.3388609886169434,467.8732604980469,30.0,25.020837783813477,74.96527099609375,37.59377670288086,2
11:12:13.493,5.773103713989258,470.81500244140625,30.0,75.96554565429688,24.02056121826172,49.38871765136719,2
11:12:13.493,2.869929552078247,467.3739318847656,30.0,24.826339721679688,75.1597671508789,61.211448669433594,2
11:12:13.493,0.06919866055250168,471.5339050292969,30.0,73.33981323242188,30.244510650634766,26.646289825439453,2
11:12:13.493,3.4447176456451416,470.3467712402344,30.0,24.645734786987305,59.83606719970703,75.34037017822266,2
11:12:13.493,0.5328932404518127,463.9361267089844,30.0,75.97943878173828,50.416778564453125,24.006669998168945,2
11:12:13.493,4.018734455108643,469.7808532714844,30.0,25.618228912353516,34.41233825683594,74.36788177490234,2
11:12:13.493,1.1418037414550781,472.302734375,30.0,68.71353149414062,73.61767578125,26.368436813354492,2
11:12:13.493,4.569733619689941,468.92449951171875,30.0,43.59544372558594,24.270631790161133,75.7154769897461,2
11:12:13.493,1.7417383193969727,473.706298828125,30.0,42.33120346069336,75.59044647216797,24.395666122436523,2
11:12:13.493,5.12813138961792,470.2713317871094,30.0,68.17171478271484,26.229507446289062,73.75659942626953,2
11:12:14.109,2.2746293544769287,467.9024353027344,30.0,25.53487205505371,74.45124053955078,34.843013763427734,2
11:12:14.109,5.686505317687988,470.2917175292969,30.0,75.90997314453125,24.07613182067871,53.278690338134766,2
11:12:14.109,2.811613082885742,468.8726501464844,30.0,24.4929141998291,75.49319458007812,58.65518569946289,2
11:12:14.109,6.2650251388549805,470.1361083984375,30.0,72.7285385131836,27.257570266723633,28.20227813720703,2
11:12:14.109,3.3808753490448,470.7814636230469,30.0,25.048625946044922,62.6146125793457,74.9374771118164,2
11:12:14.109,0.4622701108455658,462.3616638183594,30.0,75.92386627197266,47.23534393310547,24.062240600585938,2
11:12:14.109,3.9699394702911377,470.9130859375,30.0,25.215335845947266,36.49625015258789,74.7707748413086,2
11:12:14.109,1.1028772592544556,475.801513671875,30.0,70.28341674804688,73.18699645996094,26.799110412597656,2
11:12:14.109,4.528049468994141,468.48199462890625,30.0,41.74770736694336,24.451236724853516,75.53486633300781,2
11:12:14.109,1.7363687753677368,477.4283142089844,30.0,42.58127212524414,75.61822509765625,24.36787986755371,2
11:12:14.109,5.118958473205566,470.8241882324219,30.0,67.78271484375,26.132259368896484,73.85385131835938,2
11:12:14.109,2.237983465194702,466.31744384765625,30.0,25.868297576904297,74.11781311035156,33.30091857910156,2
11:12:14.109,5.675517559051514,470.9880065917969,30.0,75.88218688964844,24.103918075561523,53.76493453979492,2
11:12:14.109,2.7794532775878906,467.2854919433594,30.0,24.353986740112305,75.63211822509766,57.22422790527344,2
11:12:14.109,6.2193098068237305,467.8761901855469,30.0,73.27034759521484,26.715755462646484,30.022228240966797,2
11:12:14.109,3.335439920425415,469.1148376464844,30.0,25.409835815429688,64.55960083007812,74.5762710571289,2
11:12:14.109,0.43326812982559204,462.69866943359375,30.0,75.86829376220703,45.92942428588867,24.11781120300293,2
11:12:14.109,3.9374547004699707,470.9510803222656,30.0,24.965269088745117,37.885520935058594,75.02083587646484,2
11:12:14.109,1.0172840356826782,474.0625,30.0,72.86746215820312,71.31147766113281,27.11864471435547,2
11:12:14.109,4.479787349700928,468.9486083984375,30.0,39.62211608886719,24.715198516845703,75.27091217041016,2
11:12:14.109,1.6830872297286987,476.4330749511719,30.0,44.956932067871094,75.81272888183594,24.173381805419922,2
11:12:14.109,5.043302536010742,468.75518798828125,30.0,64.61517333984375,25.423728942871094,74.5623779296875,2
11:12:14.109,2.206562042236328,465.46990966796875,30.0,26.17393684387207,73.81217193603516,31.994998931884766,2
11:12:14.109,5.622872829437256,471.25482177734375,30.0,75.7293701171875,24.256736755371094,56.12670135498047,2
11:12:14.109,2.696711301803589,465.0109558105469,30.0,24.090024948120117,75.89608764648438,53.52875518798828,2
11:12:14.109,6.159032344818115,468.1656188964844,30.0,73.9233169555664,26.062795639038086,32.49513626098633,2
11:12:14.109,3.2651753425598145,470.398193359375,30.0,26.062795639038086,67.51875305175781,73.9233169555664,2
11:12:14.109,0.361899197101593,462.8480529785156,30.0,75.63211822509766,42.74798583984375,24.353986740112305,2
11:12:14.109,3.8419535160064697,468.9248962402344,30.0,24.423450469970703,42.08113098144531,75.56265258789062,2
11:12:14.109,0.9050407409667969,462.63629150390625,30.0,74.10391235351562,66.74076080322266,25.882190704345703,2
11:12:14.109,4.412259578704834,469.865478515625,30.0,36.69074630737305,25.17365837097168,74.81244659423828,2
11:12:14.110,1.5986688137054443,474.71417236328125,30.0,48.73575973510742,75.96554565429688,24.02056121826172,2
11:12:14.110,4.994076728820801,470.3032531738281,30.0,62.503475189208984,25.034730911254883,74.95137786865234,2
11:12:14.110,2.1845791339874268,469.21807861328125,30.0,26.410114288330078,73.57598876953125,31.091970443725586,2
11:12:14.110,5.585404396057129,472.10791015625,30.0,75.57655334472656,24.409557342529297,57.79383087158203,2
11:12:14.110,2.689558982849121,467.8344421386719,30.0,24.07613182067871,75.90997314453125,53.209228515625,2
11:12:14.110,6.165788650512695,471.798583984375,30.0,73.85385131835938,26.132259368896484,32.217281341552734,2
11:12:14.110,3.2666165828704834,470.7738037109375,30.0,26.04890251159668,67.46318054199219,73.93721008300781,2
11:12:14.110,0.3573165237903595,463.10919189453125,30.0,75.61822509765625,42.53959274291992,24.36787986755371,2
11:12:14.110,3.843226432800293,470.25048828125,30.0,24.423450469970703,42.02556228637695,75.56265258789062,2
11:12:14.110,0.9067246317863464,463.549072265625,30.0,74.09002685546875,66.81022644042969,25.896081924438477,2
11:12:14.110,4.4025444984436035,468.8101501464844,30.0,36.273963928222656,25.24312400817871,74.74298095703125,2
11:12:14.110,1.5885804891586304,474.41046142578125,30.0,49.19422149658203,75.96554565429688,24.02056121826172,2
11:12:14.110,4.9620041847229,469.5354919433594,30.0,61.11419677734375,24.812448501586914,75.17366027832031,2
11:12:14.110,2.1745002269744873,476.2010498046875,30.0,26.521257400512695,73.46485137939453,30.6890811920166,2
11:12:14.110,5.539746284484863,471.3935241699219,30.0,75.35426330566406,24.6318416595459,59.80827713012695,2
11:12:14.110,2.6374380588531494,466.90985107421875,30.0,24.02056121826172,75.96554565429688,50.861351013183594,2
11:12:14.110,6.1129655838012695,470.9423522949219,30.0,74.36788177490234,25.618228912353516,34.426231384277344,2
11:12:14.110,3.203143835067749,470.82513427734375,30.0,26.743539810180664,70.04723358154297,73.25646209716797,2
11:12:14.110,0.3202458620071411,464.1863098144531,30.0,75.4376220703125,40.90024948120117,24.548486709594727,2
11:12:14.110,3.7801482677459717,469.9037780761719,30.0,24.187274932861328,44.8318977355957,75.79883575439453,2
11:12:14.110,0.869480550289154,464.7213439941406,30.0,74.43734741210938,65.25423431396484,25.54876136779785,2
11:12:14.110,4.331544399261475,468.99249267578125,30.0,33.27313232421875,25.868297576904297,74.11781311035156,2
11:12:14.110,1.5028610229492188,473.78460693359375,30.0,53.04251480102539,75.90997314453125,24.07613182067871,2
11:12:14.111,4.901651382446289,470.56988525390625,30.0,58.4606819152832,24.479022979736328,75.50708770751953,2
11:12:14.111,2.064845085144043,472.4240417480469,30.0,28.660737991333008,72.86746215820312,27.11864471435547,2
11:12:14.111,5.451907157897949,470.47552490234375,30.0,74.75688171386719,25.229230880737305,63.614891052246094,2
11:12:14.111,2.5808560848236084,468.3001403808594,30.0,24.034454345703125,75.95165252685547,48.31897735595703,2
11:12:14.111,6.039877414703369,470.381103515625,30.0,74.96527099609375,25.020837783813477,37.538204193115234,2
11:12:14.111,3.133511781692505,470.8531494140625,30.0,27.382606506347656,72.60350036621094,72.1728286743164,2
11:12:14.111,0.253500372171402,462.4042053222656,30.0,75.03472900390625,37.98277282714844,24.95137596130371,2
11:12:14.111,3.741689443588257,470.84063720703125,30.0,24.090024948120117,46.55459976196289,75.89608764648438,2
11:12:14.726,0.819708526134491,464.1795959472656,30.0,74.8402328491211,63.12864303588867,25.1458740234375,2
11:12:14.726,4.288789749145508,468.6152648925781,30.0,31.49485969543457,26.312864303588867,73.6732406616211,2
11:12:14.726,1.4922728538513184,477.5687561035156,30.0,53.52875518798828,75.89608764648438,24.090024948120117,2
11:12:14.726,4.881782054901123,470.740234375,30.0,57.58544158935547,24.381772994995117,75.60433959960938,2
11:12:14.726,2.0447371006011963,472.42919921875,30.0,29.452625274658203,73.10364532470703,26.88246726989746,2
11:12:14.726,5.449638843536377,471.7354736328125,30.0,74.72908782958984,25.257015228271484,63.71214294433594,2
11:12:14.726,2.559105634689331,467.5965576171875,30.0,24.062240600585938,75.92386627197266,47.34648513793945,2
11:12:14.726,5.995681285858154,468.0997009277344,30.0,75.25701904296875,24.72909164428711,39.469295501708984,2
11:12:14.726,3.0672943592071533,463.6036071777344,30.0,26.59071922302246,73.3953857421875,69.533203125,2
11:12:14.726,0.2187536358833313,461.93060302734375,30.0,74.7707748413086,36.48235321044922,25.215335845947266,2
11:12:14.726,3.710099220275879,470.9369812011719,30.0,24.034454345703125,47.97166061401367,75.95165252685547,2
11:12:14.726,0.7492355108261108,462.0271911621094,30.0,75.31258392333984,60.058349609375,24.673519134521484,2
11:12:14.726,4.241629123687744,467.4566345214844,30.0,29.577659606933594,26.840787887573242,73.14531707763672,2
11:12:14.726,1.4382976293563843,476.9169006347656,30.0,55.93220520019531,75.7432632446289,24.24284553527832,2
11:12:14.726,4.797842502593994,468.69415283203125,30.0,53.83439636230469,24.103918075561523,75.88218688964844,2
11:12:14.726,1.984732747077942,472.6667785644531,30.0,31.897750854492188,73.78438568115234,26.20172119140625,2
11:12:14.726,5.374800205230713,470.95440673828125,30.0,74.07613372802734,25.909975051879883,66.87969207763672,2
11:12:14.726,2.4712700843811035,465.2139892578125,30.0,24.284523010253906,75.70158386230469,43.41483688354492,2
11:12:14.726,5.913456439971924,467.6637878417969,30.0,75.67379760742188,24.31230926513672,43.095306396484375,2
11:12:14.726,2.9986681938171387,464.9737548828125,30.0,25.868297576904297,74.11781311035156,66.71297454833984,2
11:12:14.726,0.16635772585868835,463.375,30.0,74.34009552001953,34.259517669677734,25.646013259887695,2
11:12:14.726,3.605367660522461,468.2626037597656,30.0,24.062240600585938,52.681304931640625,75.92386627197266,2
11:12:14.726,0.6672078371047974,462.2367858886719,30.0,75.70158386230469,56.432342529296875,24.284523010253906,2
11:12:14.726,4.171934127807617,469.0807189941406,30.0,27.271465301513672,28.14670753479004,72.71464538574219,2
11:12:14.726,1.3494335412979126,475.7869567871094,30.0,59.877742767333984,75.34037017822266,24.645734786987305,2
11:12:14.726,4.747305393218994,470.28363037109375,30.0,51.56987762451172,24.034454345703125,75.95165252685547,2
11:12:14.726,1.9504705667495728,475.98291015625,30.0,33.3148078918457,74.11781311035156,25.868297576904297,2
11:12:14.726,5.332018852233887,472.79205322265625,30.0,73.6315689086914,26.354541778564453,68.657958984375,2
11:12:14.726,2.4632837772369385,468.1370849609375,30.0,24.326202392578125,75.65990447998047,43.053627014160156,2
11:12:14.726,5.928935527801514,472.11688232421875,30.0,75.60433959960938,24.381772994995117,42.4145622253418,2
11:12:15.031,3.017848014831543,469.5589904785156,30.0,26.062795639038086,73.9233169555664,67.50486755371094,2
11:12:15.031,0.16508923470973969,463.5957336425781,30.0,74.32620239257812,34.20394515991211,25.6599063873291,2
11:12:15.031,3.614051103591919,470.9204406738281,30.0,24.0483455657959,52.29230499267578,75.93775939941406,2
11:12:15.031,0.6795523762702942,464.12335205078125,30.0,75.65990447998047,56.98805618286133,24.326202392578125,2
11:12:15.031,4.185517311096191,470.53564453125,30.0,27.452070236206055,27.618783950805664,72.5340347290039,2
11:12:15.031,1.330170750617981,474.470458984375,30.0,60.711307525634766,75.2292251586914,24.756877899169922,2
11:12:15.031,4.7264018058776855,469.5693054199219,30.0,50.62517547607422,24.02056121826172,75.96554565429688,2
11:12:15.031,1.9304440021514893,476.2997131347656,30.0,34.162269592285156,74.31230926513672,25.673797607421875,2
11:12:15.031,5.29106330871582,471.2265319824219,30.0,73.17310333251953,26.813003540039062,70.31119537353516,2
11:12:15.031,2.4117603302001953,466.8328552246094,30.0,24.5623779296875,75.4237289428711,40.77521514892578,2
11:12:15.031,5.875635147094727,470.9027099609375,30.0,75.79883575439453,24.187274932861328,44.77632522583008,2
11:12:15.031,2.9534285068511963,467.42279052734375,30.0,25.465408325195312,74.52069854736328,64.8096694946289,2
11:12:15.031,0.10935869812965393,464.2646484375,30.0,73.77049255371094,31.88385581970215,26.21561622619629,2
11:12:15.031,3.5488314628601074,469.9015197753906,30.0,24.187274932861328,55.22367477416992,75.79883575439453,2
11:12:15.031,0.614082932472229,463.34698486328125,30.0,75.86829376220703,54.056678771972656,24.11781120300293,2
11:12:15.031,4.1006760597229,469.5398864746094,30.0,26.437898635864258,31.00861358642578,73.54821014404297,2
11:12:15.031,1.2176913022994995,474.3221435546875,30.0,65.55987548828125,74.36788177490234,25.618228912353516,2
11:12:15.031,4.654977321624756,470.599853515625,30.0,47.41594696044922,24.0483455657959,75.93775939941406,2
11:12:15.031,1.8115772008895874,472.365966796875,30.0,39.26090621948242,75.2292251586914,24.756877899169922,2
11:12:15.031,5.182079315185547,466.56878662109375,30.0,70.36676788330078,26.82689666748047,73.15921020507812,2
11:12:15.031,2.362238883972168,469.8918151855469,30.0,24.8541259765625,75.1319808959961,38.60794448852539,2
11:12:15.031,5.783210754394531,469.37261962890625,30.0,75.96554565429688,24.02056121826172,48.93025588989258,2
11:12:15.031,2.8693156242370605,466.5196533203125,30.0,24.826339721679688,75.1597671508789,61.18366241455078,2
11:12:15.031,0.0908208116889,471.8620300292969,30.0,73.57598876953125,31.119754791259766,26.410114288330078,2
11:12:15.031,3.4816274642944336,470.7043762207031,30.0,24.451236724853516,58.210609436035156,75.53486633300781,2
11:12:15.031,0.5796504020690918,464.6753234863281,30.0,75.93775939941406,52.51458740234375,24.0483455657959,2
11:12:15.031,4.035416126251221,467.40484619140625,30.0,25.77104949951172,33.71770095825195,74.21505737304688,2
11:12:15.031,1.2005120515823364,477.479736328125,30.0,66.28230285644531,74.21505737304688,25.77104949951172,2
11:12:15.031,4.633808135986328,470.7671203613281,30.0,46.45735168457031,24.090024948120117,75.89608764648438,2
11:12:15.032,1.7797662019729614,471.0332336425781,30.0,40.6640739440918,75.40983581542969,24.576271057128906,2
11:12:15.032,5.139646053314209,465.62786865234375,30.0,68.64407348632812,26.354541778564453,73.6315689086914,2
11:12:15.340,2.3254799842834473,467.2366943359375,30.0,25.118087768554688,74.8680191040039,37.01028060913086,2
11:12:15.340,5.741239070892334,467.8526916503906,30.0,75.96554565429688,24.02056121826172,50.819671630859375,2
11:12:15.340,2.827291488647461,464.93701171875,30.0,24.576271057128906,75.40983581542969,59.33592987060547,2
11:12:15.340,0.03474295139312744,469.7909851074219,30.0,72.93692779541016,28.85523796081543,27.04918098449707,2
11:12:15.340,3.4455039501190186,470.9973449707031,30.0,24.6318416595459,59.79439163208008,75.35426330566406,2
11:12:15.340,0.5051558017730713,462.1395568847656,30.0,75.96554565429688,49.16643524169922,24.02056121826172,2
11:12:15.341,3.9964537620544434,468.62396240234375,30.0,25.423728942871094,35.3570442199707,74.5623779296875,2
11:12:15.341,1.1436347961425781,476.1432800292969,30.0,68.63018035888672,73.64545440673828,26.340652465820312,2
11:12:15.341,4.554231643676758,467.92510986328125,30.0,42.90080642700195,24.34009552001953,75.64601135253906,2
11:12:15.341,1.7413157224655151,472.52362060546875,30.0,42.35898971557617,75.59044647216797,24.395666122436523,2
11:12:15.341,5.089888572692871,466.268798828125,30.0,66.57405090332031,25.840511322021484,74.14559936523438,2
11:12:15.341,2.25593900680542,464.99310302734375,30.0,25.701581954956055,74.2845230102539,34.051124572753906,2
11:12:15.341,5.66015100479126,467.1863098144531,30.0,75.84050750732422,24.14559555053711,54.459571838378906,2
11:12:15.341,2.7460827827453613,464.7274169921875,30.0,24.228952407836914,75.75714874267578,55.73770523071289,2
11:12:15.341,6.233340740203857,469.56842041015625,30.0,73.1175308227539,26.868576049804688,29.46651840209961,2
11:12:15.341,3.3466124534606934,468.0574035644531,30.0,25.326478958129883,64.08724975585938,74.65962982177734,2
11:12:15.341,0.4423583447933197,462.8745422363281,30.0,75.88218688964844,46.34620666503906,24.103918075561523,2
11:12:15.341,3.923854112625122,468.6632995605469,30.0,24.881912231445312,38.482913970947266,75.10419464111328,2
11:12:15.341,1.0388423204421997,474.8917541503906,30.0,72.60350036621094,72.1728286743164,27.382606506347656,2
11:12:15.341,4.503388404846191,469.5120544433594,30.0,40.65018081665039,24.576271057128906,75.40983581542969,2
11:12:15.341,1.704296350479126,476.73419189453125,30.0,43.99833297729492,75.7432632446289,24.24284553527832,2
11:12:15.341,5.076044082641602,469.820068359375,30.0,66.00444030761719,25.715476989746094,74.2706298828125,2
11:12:15.341,2.253941297531128,467.97808837890625,30.0,25.715476989746094,74.2706298828125,33.967769622802734,2
11:12:15.341,5.66740608215332,471.84368896484375,30.0,75.86829376220703,24.11781120300293,54.140037536621094,2
11:12:15.341,2.7721102237701416,468.6661376953125,30.0,24.326202392578125,75.65990447998047,56.90469741821289,2
11:12:15.341,6.247047424316406,471.4210205078125,30.0,72.95082092285156,27.035287857055664,28.910810470581055,2
11:12:15.341,3.343763589859009,470.50421142578125,30.0,25.34037208557129,64.2122802734375,74.64573669433594,2
11:12:15.341,0.43577149510383606,463.88665771484375,30.0,75.86829376220703,46.04056930541992,24.11781120300293,2
11:12:15.341,3.927304983139038,471.13006591796875,30.0,24.89580535888672,38.33009338378906,75.09030151367188,2
11:12:15.341,1.0029726028442383,474.19854736328125,30.0,73.04806518554688,70.74187469482422,26.938039779663086,2
11:12:15.341,4.478191375732422,470.025634765625,30.0,39.55265426635742,24.715198516845703,75.27091217041016,2
11:12:15.643,1.6620807647705078,475.88238525390625,30.0,45.88774871826172,75.86829376220703,24.11781120300293,2
11:12:15.643,5.021785736083984,468.07122802734375,30.0,63.69824981689453,25.24312400817871,74.74298095703125,2
11:12:15.643,2.2023837566375732,466.68255615234375,30.0,26.229507446289062,73.75659942626953,31.828285217285156,2
11:12:15.643,5.6064677238464355,470.5657043457031,30.0,75.67379760742188,24.31230926513672,56.863014221191406,2
11:12:15.643,2.700347661972046,467.32843017578125,30.0,24.103918075561523,75.88218688964844,53.69546890258789,2
11:12:15.643,6.162528991699219,469.9669494628906,30.0,73.89552307128906,26.090579986572266,32.34231948852539,2
11:12:15.643,3.2693710327148438,469.5017395019531,30.0,26.021116256713867,67.33815002441406,73.9649887084961,2
11:12:15.643,0.3807240426540375,463.8892822265625,30.0,75.7154769897461,43.58155059814453,24.270631790161133,2
11:12:15.643,3.8409879207611084,468.8119201660156,30.0,24.409557342529297,42.12281036376953,75.57655334472656,2
11:12:15.643,0.8709279298782349,460.533447265625,30.0,74.42344665527344,65.309814453125,25.56265640258789,2
11:12:15.643,4.406693458557129,470.6602783203125,30.0,36.45457077026367,25.215335845947266,74.7707748413086,2
11:12:15.643,1.556333303451538,472.9796142578125,30.0,50.639068603515625,75.96554565429688,24.02056121826172,2
11:12:15.643,4.927204608917236,466.8450012207031,30.0,59.585994720458984,24.60405731201172,75.38204956054688,2
11:12:15.643,2.1483235359191895,470.0014343261719,30.0,26.82689666748047,73.15921020507812,29.633230209350586,2
11:12:15.643,5.527404308319092,469.4180908203125,30.0,75.27091217041016,24.715198516845703,60.35009765625,2
11:12:15.643,2.6288716793060303,466.59832763671875,30.0,24.02056121826172,75.96554565429688,50.48624801635742,2
11:12:15.643,6.125213146209717,471.9119873046875,30.0,74.2567367553711,25.7293701171875,33.89830780029297,2
11:12:15.643,3.229576587677002,470.76220703125,30.0,26.437898635864258,68.97749328613281,73.54821014404297,2
11:12:15.643,0.340047150850296,464.70574951171875,30.0,75.53486633300781,41.77549362182617,24.451236724853516,2
11:12:15.643,3.778789758682251,467.4075012207031,30.0,24.173381805419922,44.88746643066406,75.81272888183594,2
11:12:15.643,0.8441059589385986,461.33343505859375,30.0,74.64573669433594,64.17060852050781,25.34037208557129,2
11:12:15.643,4.376164436340332,470.85296630859375,30.0,35.14865493774414,25.465408325195312,74.52069854736328,2
11:12:15.643,1.525813341140747,471.1191101074219,30.0,52.01444625854492,75.95165252685547,24.034454345703125,2
11:12:15.643,4.895444393157959,465.3547668457031,30.0,58.182830810546875,24.451236724853516,75.53486633300781,2
11:12:15.643,2.129791736602783,474.36480712890625,30.0,27.04918098449707,72.93692779541016,28.88302230834961,2
11:12:15.643,5.4880242347717285,467.7569580078125,30.0,75.02083587646484,24.965269088745117,62.05890655517578,2
11:12:15.643,2.589643955230713,464.91925048828125,30.0,24.02056121826172,75.96554565429688,48.721866607666016,2
11:12:15.643,6.0706787109375,469.6693420410156,30.0,74.72908782958984,25.257015228271484,36.21839141845703,2
11:12:15.643,3.188539743423462,470.5966491699219,30.0,26.91025161743164,70.64462280273438,73.07585144042969,2
11:12:15.643,0.29652121663093567,463.43255615234375,30.0,75.31258392333984,39.85829162597656,24.673519134521484,2
11:12:15.643,3.748584270477295,468.8485107421875,30.0,24.103918075561523,46.248958587646484,75.88218688964844,2
11:12:15.644,0.8050838112831116,461.40545654296875,30.0,74.95137786865234,62.48958206176758,25.034730911254883,2
11:12:15.644,4.313668727874756,468.7394104003906,30.0,32.52292251586914,26.04890251159668,73.93721008300781,2
11:12:15.644,1.4840415716171265,472.23895263671875,30.0,53.88997268676758,75.88218688964844,24.103918075561523,2
11:12:15.644,4.856022357940674,466.717529296875,30.0,56.432342529296875,24.284523010253906,75.70158386230469,2
11:12:15.644,2.0667014122009277,473.2890625,30.0,28.577381134033203,72.83967590332031,27.14642906188965,2
11:12:15.644,5.427880764007568,467.705322265625,30.0,74.5623779296875,25.423728942871094,64.64295196533203,2
11:12:15.644,2.5287768840789795,465.37548828125,30.0,24.11781120300293,75.86829376220703,45.9849967956543,2
11:12:15.644,6.008867263793945,470.0207824707031,30.0,75.17366027832031,24.812448501586914,38.88580322265625,2
11:12:15.644,3.1168248653411865,468.2908020019531,30.0,27.174217224121094,72.8118896484375,71.51986694335938,2
11:12:15.644,0.22701622545719147,462.4853820800781,30.0,74.8402328491211,36.84356689453125,25.1458740234375,2
11:12:15.644,3.6886324882507324,469.175537109375,30.0,24.02056121826172,48.94415283203125,75.96554565429688,2
11:12:15.644,0.7590690851211548,462.74188232421875,30.0,75.25701904296875,60.48902130126953,24.72909164428711,2
11:12:15.645,4.279360294342041,470.53704833984375,30.0,31.105863571166992,26.410114288330078,73.57598876953125,2
11:12:15.645,1.459883213043213,477.8350830078125,30.0,54.973602294921875,75.81272888183594,24.173381805419922,2
11:12:15.645,4.839328765869141,469.870849609375,30.0,55.69602966308594,24.21506118774414,75.77104187011719,2
11:12:15.645,2.0632071495056152,476.4659729003906,30.0,28.716310501098633,72.88135528564453,27.10474967956543,2
11:12:15.645,5.435685157775879,471.47515869140625,30.0,74.61795043945312,25.36815643310547,64.30953216552734,2
11:12:15.645,2.5423145294189453,468.44696044921875,30.0,24.090024948120117,75.89608764648438,46.596275329589844,2
11:12:15.645,6.0106377601623535,471.3690185546875,30.0,75.1597671508789,24.826339721679688,38.81633758544922,2
11:12:15.645,3.092379093170166,466.5299377441406,30.0,26.88246726989746,73.10364532470703,70.54737091064453,2
11:12:15.645,0.22900724411010742,463.83544921875,30.0,74.8541259765625,36.92692565917969,25.131982803344727,2
11:12:15.645,3.6988604068756104,470.3826904296875,30.0,24.02056121826172,48.471797943115234,75.96554565429688,2
11:12:15.645,0.7594361901283264,463.19110107421875,30.0,75.25701904296875,60.5029182434082,24.72909164428711,2
11:12:15.645,4.24638032913208,469.49847412109375,30.0,29.772159576416016,26.785219192504883,73.20088958740234,2
11:12:15.645,1.4290767908096313,475.71612548828125,30.0,56.34898376464844,75.7154769897461,24.270631790161133,2
11:12:15.645,4.797756671905518,468.21697998046875,30.0,53.83439636230469,24.103918075561523,75.88218688964844,2
11:12:15.645,1.9849212169647217,472.8249206542969,30.0,31.88385581970215,73.78438568115234,26.20172119140625,2
11:12:15.645,5.369147300720215,470.6617126464844,30.0,74.02056121826172,25.965543746948242,67.1158676147461,2
11:12:15.645,2.484771251678467,466.8507995605469,30.0,24.24284553527832,75.7432632446289,44.01222610473633,2
11:12:15.645,5.947423458099365,470.33984375,30.0,75.52098083496094,24.46512794494629,41.594886779785156,2
11:12:16.281,3.01875901222229,464.9511413574219,30.0,26.076688766479492,73.90941619873047,67.54653930664062,2
11:12:16.281,0.1909526139497757,464.7110290527344,30.0,74.5484848022461,35.301475524902344,25.437620162963867,2
11:12:16.281,3.6132757663726807,468.2450866699219,30.0,24.0483455657959,52.333980560302734,75.93775939941406,2
11:12:16.281,0.6649920344352722,460.9551696777344,30.0,75.7154769897461,56.33509063720703,24.270631790161133,2
11:12:16.281,4.185667991638184,470.8135681152344,30.0,27.452070236206055,27.618783950805664,72.5340347290039,2
11:12:16.281,1.331459879875183,473.37493896484375,30.0,60.655738830566406,75.2292251586914,24.756877899169922,2
11:12:16.281,4.714705467224121,467.1047058105469,30.0,50.097251892089844,24.006669998168945,75.97943878173828,2
11:12:16.281,1.9384996891021729,475.07720947265625,30.0,33.81494903564453,74.24285125732422,25.743261337280273,2
11:12:16.281,5.316802501678467,470.38433837890625,30.0,73.46485137939453,26.521257400512695,69.26924133300781,2
11:12:16.281,2.4286253452301025,466.6786193847656,30.0,24.479022979736328,75.50708770751953,41.52542495727539,2
11:12:16.281,5.9196062088012695,472.6438293457031,30.0,75.64601135253906,24.34009552001953,42.81745147705078,2
11:12:16.281,3.0297939777374268,470.5247497558594,30.0,26.18783187866211,73.79827880859375,68.0050048828125,2
11:12:16.281,0.1643776148557663,463.0404357910156,30.0,74.31230926513672,34.1761589050293,25.673797607421875,2
11:12:16.281,3.575730562210083,467.73980712890625,30.0,24.11781120300293,54.0150032043457,75.86829376220703,2
11:12:16.281,0.658738911151886,462.03076171875,30.0,75.7432632446289,56.0572395324707,24.24284553527832,2
11:12:16.281,4.1861186027526855,471.0495910644531,30.0,27.452070236206055,27.59099578857422,72.5340347290039,2
11:12:16.281,1.3128501176834106,471.5534362792969,30.0,61.475406646728516,75.11808776855469,24.868019104003906,2
11:12:16.281,4.716204643249512,466.7574768066406,30.0,50.16671371459961,24.006669998168945,75.97943878173828,2
11:12:16.281,1.926435947418213,473.95452880859375,30.0,34.3289794921875,74.35398864746094,25.632118225097656,2
11:12:16.281,5.309605121612549,468.2413330078125,30.0,73.3814926147461,26.6046142578125,69.56098937988281,2
11:12:16.281,2.406271457672119,463.6639404296875,30.0,24.590164184570312,75.39594268798828,40.539039611816406,2
11:12:16.281,5.875173091888428,469.5400695800781,30.0,75.79883575439453,24.187274932861328,44.80411148071289,2
11:12:16.281,2.9846408367156982,468.0475158691406,30.0,25.743261337280273,74.24285125732422,66.12947845458984,2
11:12:16.281,0.145265132188797,463.2281494140625,30.0,74.13170623779297,33.37038040161133,25.854402542114258,2
11:12:16.281,3.5516576766967773,468.4479675292969,30.0,24.173381805419922,55.084747314453125,75.81272888183594,2
11:12:16.281,0.6219264268875122,461.9859924316406,30.0,75.85440063476562,54.40400314331055,24.131702423095703,2
11:12:16.282,4.146173000335693,471.6601257324219,30.0,26.965824127197266,29.174772262573242,73.0202865600586,2
11:12:16.282,1.283696174621582,472.1536560058594,30.0,62.73965072631836,74.90969848632812,25.0764102935791,2
11:12:16.282,4.674032211303711,466.71600341796875,30.0,48.263404846191406,24.034454345703125,75.95165252685547,2
11:12:16.282,1.8741176128387451,472.8783874511719,30.0,36.551822662353516,74.78466033935547,25.201446533203125,2
11:12:16.282,5.259348392486572,467.35137939453125,30.0,72.78411102294922,27.202001571655273,71.575439453125,2
11:12:16.282,2.360524892807007,465.1953430175781,30.0,24.868019104003906,75.11808776855469,38.538482666015625,2
11:12:16.282,5.824481964111328,469.7812194824219,30.0,75.92386627197266,24.062240600585938,47.06863021850586,2
11:12:16.585,2.9321486949920654,467.57403564453125,30.0,25.284799575805664,74.70130157470703,63.89274597167969,2
11:12:16.585,0.09537087380886078,462.95556640625,30.0,73.6315689086914,31.30035972595215,26.354541778564453,2
11:12:16.585,3.5019752979278564,468.7296142578125,30.0,24.353986740112305,57.30758285522461,75.63211822509766,2
11:12:16.585,0.5858309268951416,462.5877380371094,30.0,75.92386627197266,52.792442321777344,24.062240600585938,2
11:12:16.585,4.104011058807373,471.23699951171875,30.0,26.479578018188477,30.869686126708984,73.50653076171875,2
11:12:16.585,1.2447034120559692,476.0948791503906,30.0,64.40678405761719,74.60405731201172,25.382051467895508,2
11:12:16.585,4.666128158569336,469.34991455078125,30.0,47.91608810424805,24.034454345703125,75.95165252685547,2
11:12:16.585,1.8796186447143555,476.22723388671875,30.0,36.315643310546875,74.74298095703125,25.24312400817871,2
11:12:16.585,5.237260818481445,472.3006286621094,30.0,72.5062484741211,27.479854583740234,72.43678283691406,2
11:12:16.586,2.384265422821045,469.3597412109375,30.0,24.715198516845703,75.27091217041016,39.56654739379883,2
11:12:16.586,5.84733247756958,472.75799560546875,30.0,75.86829376220703,24.11781120300293,46.05445861816406,2
11:12:16.586,2.9199323654174805,466.4291687011719,30.0,25.187551498413086,74.79855346679688,63.37871551513672,2
11:12:16.586,0.11030174791812897,464.42291259765625,30.0,73.78438568115234,31.925535202026367,26.20172119140625,2
11:12:16.586,3.5291318893432617,471.2821960449219,30.0,24.256736755371094,56.098915100097656,75.7293701171875,2
11:12:16.586,0.6041589975357056,463.96441650390625,30.0,75.89608764648438,53.61211395263672,24.090024948120117,2
11:12:16.586,4.081382751464844,470.3478088378906,30.0,26.229507446289062,31.800498962402344,73.75659942626953,2
11:12:16.586,1.219791054725647,475.7173767089844,30.0,65.46263122558594,74.39566040039062,25.59044075012207,2
11:12:16.586,4.62559175491333,467.8382263183594,30.0,46.09613800048828,24.103918075561523,75.88218688964844,2
11:12:16.586,1.8128918409347534,473.25140380859375,30.0,39.2053337097168,75.21533966064453,24.770769119262695,2
11:12:16.586,5.1964006423950195,468.5402526855469,30.0,70.93637084960938,26.993608474731445,72.99250030517578,2
11:12:16.586,2.3431243896484375,468.05072021484375,30.0,24.993053436279297,74.99305725097656,37.77437973022461,2
11:12:16.586,5.76249885559082,469.26239013671875,30.0,75.97943878173828,24.006669998168945,49.8610725402832,2
11:12:16.586,2.8571722507476807,465.3274841308594,30.0,24.756877899169922,75.2292251586914,60.655738830566406,2
11:12:16.586,0.06994813680648804,471.809814453125,30.0,73.33981323242188,30.27229881286621,26.646289825439453,2
11:12:16.586,3.4451897144317627,468.61187744140625,30.0,24.6318416595459,59.80827713012695,75.35426330566406,2
11:12:16.586,0.49406859278678894,459.6837463378906,30.0,75.96554565429688,48.66629409790039,24.02056121826172,2
11:12:16.586,3.9976890087127686,469.5274353027344,30.0,25.437620162963867,35.301475524902344,74.5484848022461,2
11:12:16.586,1.1318868398666382,473.75762939453125,30.0,69.11641693115234,73.50653076171875,26.479578018188477,2
11:12:16.586,4.542259693145752,466.5043640136719,30.0,42.37288284301758,24.381772994995117,75.60433959960938,2
11:12:16.586,1.7539230585098267,474.76873779296875,30.0,41.803279876708984,75.53486633300781,24.451236724853516,2
11:12:16.586,5.147642612457275,469.7540283203125,30.0,68.9636001586914,26.437898635864258,73.54821014404297,2
11:12:16.895,2.2902488708496094,467.4336242675781,30.0,25.395944595336914,74.59016418457031,35.509864807128906,2
11:12:16.895,5.743040561676025,472.2745361328125,30.0,75.96554565429688,24.02056121826172,50.73631286621094,2
11:12:16.895,2.8444323539733887,469.9497375488281,30.0,24.673519134521484,75.31258392333984,60.10002517700195,2
11:12:16.895,0.040964849293231964,472.699462890625,30.0,73.00639343261719,29.105304718017578,26.979717254638672,2
11:12:16.895,3.4112350940704346,467.68707275390625,30.0,24.840232849121094,61.29480743408203,75.1458740234375,2
11:12:16.895,0.48037293553352356,461.4581298828125,30.0,75.95165252685547,48.055015563964844,24.034454345703125,2
11:12:16.895,4.012132167816162,471.574462890625,30.0,25.56265640258789,34.69019317626953,74.42344665527344,2
11:12:16.895,1.117214560508728,472.0574645996094,30.0,69.71380615234375,73.33981323242188,26.646289825439453,2
11:12:16.895,4.536539077758789,466.1784973144531,30.0,42.12281036376953,24.409557342529297,75.57655334472656,2
11:12:16.895,1.7424252033233643,473.6810302734375,30.0,42.30341720581055,75.59044647216797,24.395666122436523,2
11:12:16.895,5.137797832489014,469.7921447753906,30.0,68.56071472167969,26.326757431030273,73.65934753417969,2
11:12:16.895,2.275578737258911,464.8223571777344,30.0,25.520977020263672,74.46513366699219,34.88468933105469,2
11:12:16.895,5.711098670959473,470.70452880859375,30.0,75.93775939941406,24.0483455657959,52.167266845703125,2
11:12:16.895,2.800518751144409,467.6022033691406,30.0,24.43734359741211,75.54875946044922,58.1550407409668,2
11:12:16.895,6.27642822265625,470.7373352050781,30.0,72.57572174072266,27.410390853881836,27.757709503173828,2
11:12:16.895,3.375317096710205,469.0163879394531,30.0,25.090303421020508,62.850791931152344,74.89580535888672,2
11:12:16.895,0.4706026613712311,462.8656921386719,30.0,75.93775939941406,47.61044692993164,24.0483455657959,2
11:12:16.895,3.9680073261260986,470.0707092285156,30.0,25.187551498413086,36.57960510253906,74.79855346679688,2
11:12:16.896,1.0796064138412476,472.1368103027344,30.0,71.21422576904297,72.89524841308594,27.090858459472656,2
11:12:16.896,4.511503219604492,467.826416015625,30.0,41.01139450073242,24.53459358215332,75.4515151977539,2
11:12:16.896,1.711737036705017,473.45660400390625,30.0,43.6649055480957,75.7154769897461,24.270631790161133,2
11:12:16.896,5.084756374359131,469.0418701171875,30.0,66.36566162109375,25.7988338470459,74.18727111816406,2
11:12:16.896,2.2365734577178955,465.48065185546875,30.0,25.882190704345703,74.10391235351562,33.24534606933594,2
11:12:16.896,5.6517558097839355,469.7438659667969,30.0,75.82662200927734,24.159488677978516,54.83467483520508,2
11:12:16.896,2.748364210128784,467.0640563964844,30.0,24.228952407836914,75.75714874267578,55.84885025024414,2
11:12:16.896,6.214258193969727,470.4711608886719,30.0,73.33981323242188,26.646289825439453,30.230621337890625,2
11:12:16.896,3.332366943359375,469.0635070800781,30.0,25.437620162963867,64.69853210449219,74.5484848022461,2
11:12:16.896,0.4254834055900574,463.56982421875,30.0,75.85440063476562,45.58210754394531,24.131702423095703,2
11:12:16.896,3.9154343605041504,470.05718994140625,30.0,24.826339721679688,38.84412384033203,75.1597671508789,2
11:12:16.896,1.0257140398025513,475.5727233886719,30.0,72.77021789550781,71.64490509033203,27.215892791748047,2
11:12:16.896,4.49275016784668,468.8659362792969,30.0,40.19171905517578,24.6318416595459,75.35426330566406,2
11:12:17.201,1.7038017511367798,475.46514892578125,30.0,44.026119232177734,75.7432632446289,24.24284553527832,2
11:12:17.201,5.051950931549072,467.9503479003906,30.0,64.97637939453125,25.493192672729492,74.49291229248047,2
11:12:17.201,2.248858690261841,468.64215087890625,30.0,25.75715446472168,74.22895812988281,33.759376525878906,2
11:12:17.201,5.669585704803467,472.33624267578125,30.0,75.86829376220703,24.11781120300293,54.04279327392578,2
11:12:17.201,2.757542371749878,466.9814758300781,30.0,24.270631790161133,75.7154769897461,56.25173568725586,2
11:12:17.202,6.236660957336426,471.3585510253906,30.0,73.07585144042969,26.91025161743164,29.327592849731445,2
11:12:17.202,3.35679292678833,471.87322998046875,30.0,25.24312400817871,63.65657043457031,74.74298095703125,2
11:12:17.202,0.42222878336906433,462.70208740234375,30.0,75.84050750732422,45.44317626953125,24.14559555053711,2
11:12:17.202,3.914914608001709,470.0078125,30.0,24.812448501586914,38.871910095214844,75.17366027832031,2
11:12:17.202,1.0110279321670532,475.6151428222656,30.0,72.95082092285156,71.0752944946289,27.035287857055664,2
11:12:17.202,4.474484443664551,467.96392822265625,30.0,39.38594055175781,24.742984771728516,75.24311828613281,2
11:12:17.202,1.6498465538024902,473.3046875,30.0,46.44345474243164,75.89608764648438,24.090024948120117,2
11:12:17.202,5.032821178436279,468.5741882324219,30.0,64.17060852050781,25.34037208557129,74.64573669433594,2
11:12:17.202,2.22944712638855,467.5350646972656,30.0,25.9516544342041,74.03445434570312,32.93970489501953,2
11:12:17.202,5.607512474060059,469.73150634765625,30.0,75.67379760742188,24.31230926513672,56.80744552612305,2
11:12:17.202,2.7060465812683105,465.3297119140625,30.0,24.11781120300293,75.86829376220703,53.94554138183594,2
11:12:17.202,6.194685935974121,470.9039611816406,30.0,73.54821014404297,26.437898635864258,31.022506713867188,2
11:12:17.202,3.2851290702819824,468.77581787109375,30.0,25.868297576904297,66.68518829345703,74.11781311035156,2
11:12:17.202,0.36264288425445557,460.434326171875,30.0,75.63211822509766,42.77577209472656,24.353986740112305,2
11:12:17.202,3.8523714542388916,469.2500915527344,30.0,24.46512794494629,41.62267303466797,75.52098083496094,2
11:12:17.202,0.9478164911270142,464.44580078125,30.0,73.6732406616211,68.51903533935547,26.312864303588867,2
11:12:17.202,4.403294563293457,466.2047119140625,30.0,36.30175018310547,25.24312400817871,74.74298095703125,2
11:12:17.202,1.6099246740341187,475.2156066894531,30.0,48.23562240600586,75.95165252685547,24.034454345703125,2
11:12:17.202,5.005279541015625,470.3958435058594,30.0,62.98971939086914,25.118087768554688,74.8680191040039,2
11:12:17.202,2.199782609939575,466.8460693359375,30.0,26.257293701171875,73.72881317138672,31.71714210510254,2
11:12:17.202,5.587277889251709,471.7566223144531,30.0,75.59044647216797,24.395666122436523,57.71047592163086,2
11:12:17.202,2.7126078605651855,470.1631164550781,30.0,24.131702423095703,75.85440063476562,54.251182556152344,2
11:12:17.202,6.188298225402832,472.74652099609375,30.0,73.61767578125,26.368436813354492,31.286468505859375,2
11:12:17.202,3.281726598739624,468.5928649902344,30.0,25.896081924438477,66.8241195678711,74.09002685546875,2
11:12:17.202,0.36143454909324646,461.854248046875,30.0,75.63211822509766,42.734092712402344,24.353986740112305,2
11:12:17.203,3.8653109073638916,470.37249755859375,30.0,24.53459358215332,41.053070068359375,75.4515151977539,2
11:12:17.203,0.9590263962745667,465.1034851074219,30.0,73.54821014404297,68.97749328613281,26.437898635864258,2
11:12:17.203,4.422187805175781,466.7808837890625,30.0,37.12142562866211,25.10419464111328,74.88191223144531,2
11:12:17.203,1.6312181949615479,475.5390319824219,30.0,47.27702331542969,75.92386627197266,24.062240600585938,2
11:12:17.203,5.014156341552734,469.5693359375,30.0,63.36482238769531,25.187551498413086,74.79855346679688,2
11:12:17.203,2.207728385925293,465.49273681640625,30.0,26.17393684387207,73.81217193603516,32.05057144165039,2
11:12:17.203,5.57889986038208,469.87518310546875,30.0,75.54875946044922,24.43734359741211,58.08557891845703,2
11:12:17.203,2.690502643585205,468.4674377441406,30.0,24.07613182067871,75.90997314453125,53.25090408325195,2
11:12:17.203,6.153866291046143,470.9225158691406,30.0,73.9788818359375,26.00722312927246,32.703529357910156,2
11:12:17.203,3.2527196407318115,469.05816650390625,30.0,26.18783187866211,68.03279113769531,73.79827880859375,2
11:12:17.203,0.34953516721725464,462.1805725097656,30.0,75.57655334472656,42.20616912841797,24.409557342529297,2
11:12:17.203,3.8441617488861084,470.8282470703125,30.0,24.423450469970703,41.983882904052734,75.56265258789062,2
11:12:17.203,0.9179759621620178,464.196533203125,30.0,73.9788818359375,67.28257751464844,26.00722312927246,2
11:12:17.203,4.385429859161377,467.3590087890625,30.0,35.53764724731445,25.382051467895508,74.60405731201172,2
11:12:17.203,1.5782749652862549,473.21063232421875,30.0,49.652679443359375,75.97943878173828,24.006669998168945,2
11:12:17.203,4.973154067993164,469.7368469238281,30.0,61.60044860839844,24.89580535888672,75.09030151367188,2
11:12:17.203,2.1369099617004395,473.0189208984375,30.0,26.965824127197266,73.0202865600586,29.174772262573242,2
11:12:17.203,5.527923107147217,469.88299560546875,30.0,75.28480529785156,24.701305389404297,60.32231521606445,2
11:12:17.203,2.63753604888916,467.6131286621094,30.0,24.02056121826172,75.96554565429688,50.875240325927734,2
11:12:17.203,6.090916156768799,469.9862365722656,30.0,74.5623779296875,25.423728942871094,35.3570442199707,2
11:12:17.203,3.212886095046997,468.76708984375,30.0,26.61850357055664,69.65824127197266,73.36759948730469,2
11:12:17.203,0.30618298053741455,462.5253601074219,30.0,75.36815643310547,40.288970947265625,24.617948532104492,2
11:12:17.203,3.8028011322021484,470.86614990234375,30.0,24.256736755371094,43.817726135253906,75.7293701171875,2
11:12:17.203,0.8557189702987671,462.44720458984375,30.0,74.5484848022461,64.67073822021484,25.437620162963867,2
11:12:17.203,4.378521919250488,469.20672607421875,30.0,35.24590301513672,25.451513290405273,74.53459167480469,2
11:12:17.203,1.5691710710525513,476.18365478515625,30.0,50.069461822509766,75.97943878173828,24.006669998168945,2
11:12:17.203,4.929104328155518,468.4529113769531,30.0,59.669349670410156,24.617948532104492,75.36815643310547,2
11:12:17.203,2.1685285568237305,477.9713439941406,30.0,26.59071922302246,73.3953857421875,30.439010620117188,2
11:12:17.203,5.543912410736084,472.65576171875,30.0,75.36815643310547,24.617948532104492,59.62767791748047,2
11:12:17.203,2.625854730606079,466.37939453125,30.0,24.006669998168945,75.97943878173828,50.34731674194336,2
11:12:17.203,6.102671146392822,471.0471496582031,30.0,74.46513366699219,25.520977020263672,34.856903076171875,2
11:12:17.511,3.2087769508361816,471.8100891113281,30.0,26.674076080322266,69.824951171875,73.3120346069336,2
11:12:17.511,0.2988477051258087,462.52447509765625,30.0,75.32647705078125,39.96943664550781,24.65962791442871,2
11:12:17.511,3.768862247467041,469.03778076171875,30.0,24.14559555053711,45.332035064697266,75.84050750732422,2
11:12:17.511,0.8366396427154541,462.7600402832031,30.0,74.71519470214844,63.851070404052734,25.27090835571289,2
11:12:17.511,4.347996234893799,468.2432556152344,30.0,33.95387649536133,25.715476989746094,74.2706298828125,2
11:12:17.511,1.5149120092391968,473.96575927734375,30.0,52.500694274902344,75.93775939941406,24.0483455657959,2
11:12:17.511,4.8991217613220215,468.9891052246094,30.0,58.349544525146484,24.46512794494629,75.52098083496094,2
11:12:17.511,2.1272237300872803,477.7063293457031,30.0,27.07696533203125,72.90914154052734,28.78577423095703,2
11:12:17.511,5.4629011154174805,469.86029052734375,30.0,74.8402328491211,25.1458740234375,63.142539978027344,2
11:12:17.511,2.5677030086517334,465.719970703125,30.0,24.0483455657959,75.93775939941406,47.73548126220703,2
11:12:17.511,6.051994800567627,471.3970031738281,30.0,74.8680191040039,25.118087768554688,37.024173736572266,2
11:12:17.511,3.107355833053589,469.94854736328125,30.0,27.063072204589844,72.92303466796875,71.14476013183594,2
11:12:17.511,0.2343902289867401,462.0986022949219,30.0,74.89580535888672,37.16310119628906,25.090303421020508,2
11:12:17.511,3.707019329071045,469.208740234375,30.0,24.034454345703125,48.11058807373047,75.95165252685547,2
11:12:17.511,0.7889066338539124,463.6383361816406,30.0,75.0625228881836,61.79494094848633,24.9235897064209,2
11:12:17.511,4.268752574920654,466.3558349609375,30.0,30.675188064575195,26.521257400512695,73.46485137939453,2
11:12:17.511,1.4604750871658325,475.8243103027344,30.0,54.94581985473633,75.81272888183594,24.173381805419922,2
11:12:17.511,4.848650932312012,469.3675231933594,30.0,56.11280822753906,24.256736755371094,75.7293701171875,2
11:12:17.511,2.051358461380005,475.5706787109375,30.0,29.188663482666016,73.03417205810547,26.951929092407227,2
11:12:17.511,5.436983585357666,472.35223388671875,30.0,74.63184356689453,25.354267120361328,64.25395965576172,2
11:12:17.511,2.56219744682312,470.04254150390625,30.0,24.0483455657959,75.93775939941406,47.48541259765625,2
11:12:17.511,6.034092426300049,472.823974609375,30.0,75.00694274902344,24.97916030883789,37.78827667236328,2
11:12:17.512,3.1168274879455566,468.18206787109375,30.0,27.174217224121094,72.8118896484375,71.51986694335938,2
11:12:17.512,0.23100905120372772,461.50048828125,30.0,74.8680191040039,37.01028060913086,25.118087768554688,2
11:12:17.512,3.710700750350952,471.45147705078125,30.0,24.034454345703125,47.943870544433594,75.95165252685547,2
11:12:17.512,0.7798030376434326,463.518798828125,30.0,75.1319808959961,61.392051696777344,24.8541259765625,2
11:12:17.512,4.278376579284668,466.63629150390625,30.0,31.064186096191406,26.42400550842285,73.56210327148438,2
11:12:17.512,1.440873622894287,473.88311767578125,30.0,55.82106018066406,75.75714874267578,24.228952407836914,2
11:12:17.512,4.838798522949219,469.2002868652344,30.0,55.66823959350586,24.21506118774414,75.77104187011719,2
11:12:17.512,2.0390169620513916,474.5811767578125,30.0,29.68880271911621,73.17310333251953,26.813003540039062,2
11:12:17.512,5.394778251647949,469.281982421875,30.0,74.2706298828125,25.715476989746094,66.04612731933594,2
11:12:18.123,2.5222575664520264,467.8555908203125,30.0,24.131702423095703,75.85440063476562,45.6932487487793,2
11:12:18.123,5.9900994300842285,471.4783630371094,30.0,75.28480529785156,24.701305389404297,39.705474853515625,2
11:12:18.123,3.0627949237823486,466.92401123046875,30.0,26.535146713256836,73.45095825195312,69.35260009765625,2
11:12:18.123,0.1952030062675476,462.0486145019531,30.0,74.59016418457031,35.482078552246094,25.395944595336914,2
11:12:18.123,3.667736530303955,471.67242431640625,30.0,24.006669998168945,49.87496566772461,75.97943878173828,2
11:12:18.123,0.7335598468780518,464.0181884765625,30.0,75.40983581542969,59.37760543823242,24.576271057128906,2
11:12:18.123,4.212496757507324,467.23651123046875,30.0,28.424560546875,27.188106536865234,72.79800415039062,2
11:12:18.123,1.377392292022705,473.1468200683594,30.0,58.64128875732422,75.49319458007812,24.4929141998291,2
11:12:18.123,4.787691593170166,469.5443420410156,30.0,53.37593460083008,24.090024948120117,75.89608764648438,2
11:12:18.123,1.9447085857391357,472.97784423828125,30.0,33.550987243652344,74.17337799072266,25.812726974487305,2
11:12:18.123,5.345066547393799,469.8823547363281,30.0,73.77049255371094,26.21561622619629,68.11614990234375,2
11:12:18.123,2.4682836532592773,467.5514831542969,30.0,24.298416137695312,75.68769073486328,43.275909423828125,2
11:12:18.123,5.915209770202637,469.84161376953125,30.0,75.65990447998047,24.326202392578125,43.01194763183594,2
11:12:18.123,3.0253617763519287,468.3542175292969,30.0,26.132259368896484,73.85385131835938,67.82439422607422,2
11:12:18.123,0.16335637867450714,462.59912109375,30.0,74.31230926513672,34.13447952270508,25.673797607421875,2
11:12:18.123,3.614611864089966,471.22088623046875,30.0,24.0483455657959,52.26451873779297,75.93775939941406,2
11:12:18.123,0.67709881067276,462.53765869140625,30.0,75.67379760742188,56.87691116333008,24.31230926513672,2
11:12:18.123,4.209074020385742,471.9073181152344,30.0,28.285634994506836,27.229785919189453,72.75631713867188,2
11:12:18.123,1.3748351335525513,476.30340576171875,30.0,58.7524299621582,75.47930145263672,24.506807327270508,2
11:12:18.123,4.755272388458252,468.7742614746094,30.0,51.91720199584961,24.034454345703125,75.95165252685547,2
11:12:18.123,1.9850561618804932,478.14373779296875,30.0,31.88385581970215,73.77049255371094,26.21561622619629,2
11:12:18.123,5.3494672775268555,472.0600891113281,30.0,73.82606506347656,26.160043716430664,67.93553924560547,2
11:12:18.123,2.441648006439209,465.7314147949219,30.0,24.409557342529297,75.57655334472656,42.095027923583984,2
11:12:18.123,5.928388595581055,472.3181457519531,30.0,75.60433959960938,24.381772994995117,42.42845153808594,2
11:12:18.123,3.0134599208831787,467.443359375,30.0,26.021116256713867,73.9649887084961,67.32425689697266,2
11:12:18.123,0.1467367261648178,463.43255615234375,30.0,74.14559936523438,33.42594909667969,25.840511322021484,2
11:12:18.124,3.591883659362793,469.81695556640625,30.0,24.07613182067871,53.292579650878906,75.90997314453125,2
11:12:18.124,0.658670961856842,462.4282531738281,30.0,75.7432632446289,56.0572395324707,24.24284553527832,2
11:12:18.124,4.1875410079956055,471.574462890625,30.0,27.479854583740234,27.53542709350586,72.5062484741211,2
11:12:18.124,1.3225970268249512,472.9527282714844,30.0,61.044734954833984,75.17366027832031,24.812448501586914,2
11:12:18.124,4.714807987213135,468.37744140625,30.0,50.097251892089844,24.006669998168945,75.97943878173828,2
11:12:18.124,1.940451741218567,476.19146728515625,30.0,33.731590270996094,74.21505737304688,25.77104949951172,2
11:12:18.124,5.298254489898682,470.52276611328125,30.0,73.25646209716797,26.729646682739258,70.01944732666016,2
11:12:18.124,2.3963005542755127,465.0435791015625,30.0,24.645734786987305,75.34037017822266,40.0944709777832,2
11:12:18.124,5.8758134841918945,471.3387451171875,30.0,75.79883575439453,24.187274932861328,44.77632522583008,2
11:12:18.124,2.949110746383667,465.4821472167969,30.0,25.423728942871094,74.5623779296875,64.62906646728516,2
11:12:18.125,0.10152944922447205,460.90533447265625,30.0,73.6871337890625,31.564321517944336,26.298973083496094,2
11:12:18.125,3.537513256072998,470.802490234375,30.0,24.228952407836914,55.72380828857422,75.75714874267578,2
11:12:18.125,0.6136647462844849,463.0453796386719,30.0,75.86829376220703,54.04279327392578,24.11781120300293,2
11:12:18.125,4.099892616271973,469.01678466796875,30.0,26.42400550842285,31.03639793395996,73.56210327148438,2
11:12:18.125,1.268847942352295,476.12261962890625,30.0,63.37871551513672,74.79855346679688,25.187551498413086,2
11:12:18.125,4.674939155578613,469.9329833984375,30.0,48.305084228515625,24.034454345703125,75.95165252685547,2
11:12:18.125,1.877981185913086,475.2783508300781,30.0,36.385108947753906,74.75688171386719,25.229230880737305,2
11:12:18.125,5.248255729675293,472.46453857421875,30.0,72.64517974853516,27.340927124023438,72.02000427246094,2
11:12:18.125,2.4042539596557617,470.4090881347656,30.0,24.60405731201172,75.38204956054688,40.44179153442383,2
11:12:18.125,5.868273735046387,473.1061096191406,30.0,75.82662200927734,24.159488677978516,45.1097526550293,2
11:12:18.125,2.9558908939361572,469.157470703125,30.0,25.479299545288086,74.50680541992188,64.90692138671875,2
11:12:18.125,0.13603971898555756,461.8084411621094,30.0,74.04834747314453,32.98138427734375,25.937759399414062,2
11:12:18.125,3.5434436798095703,471.6339111328125,30.0,24.2011661529541,55.4598503112793,75.78494262695312,2
11:12:18.125,0.6245828866958618,464.37255859375,30.0,75.84050750732422,54.52903366088867,24.14559555053711,2
11:12:18.125,4.1358208656311035,471.6310729980469,30.0,26.840787887573242,29.591554641723633,73.14531707763672,2
11:12:18.125,1.271604061126709,475.8151550292969,30.0,63.25368118286133,74.82633972167969,25.159767150878906,2
11:12:18.125,4.686965465545654,469.7049255371094,30.0,48.846900939941406,24.02056121826172,75.96554565429688,2
11:12:18.125,1.8778343200683594,475.3525085449219,30.0,36.39900207519531,74.75688171386719,25.229230880737305,2
11:12:18.125,5.243265628814697,470.1739807128906,30.0,72.58960723876953,27.396499633789062,72.2145004272461,2
11:12:18.125,2.389472246170044,469.0631408691406,30.0,24.687414169311523,75.29869842529297,39.8027229309082,2
11:12:18.125,5.824492931365967,471.1893615722656,30.0,75.92386627197266,24.062240600585938,47.06863021850586,2
11:12:18.125,2.9105098247528076,466.5314636230469,30.0,25.118087768554688,74.8680191040039,62.97582244873047,2
11:12:18.125,0.1110934466123581,462.2787780761719,30.0,73.79827880859375,31.953319549560547,26.18783187866211,2
11:12:18.125,3.509230613708496,470.8384094238281,30.0,24.326202392578125,56.98805618286133,75.65990447998047,2
11:12:18.125,0.6062288284301758,465.0840148925781,30.0,75.88218688964844,53.70936584472656,24.103918075561523,2
11:12:18.432,4.06936502456665,469.32244873046875,30.0,26.104473114013672,32.30064010620117,73.88162994384766,2
11:12:18.738,1.2211227416992188,473.1386413574219,30.0,65.40705871582031,74.39566040039062,25.59044075012207,2
11:12:18.738,4.643655776977539,469.6689147949219,30.0,46.90191650390625,24.07613182067871,75.90997314453125,2
11:12:18.738,1.8022061586380005,472.99188232421875,30.0,39.67768859863281,75.28480529785156,24.701305389404297,2
11:12:18.738,5.200703144073486,470.3622741699219,30.0,71.10308074951172,27.04918098449707,72.93692779541016,2
11:12:18.738,2.3353710174560547,467.5756530761719,30.0,25.048625946044922,74.9374771118164,37.440956115722656,2
11:12:18.738,5.760751247406006,469.9421081542969,30.0,75.97943878173828,24.006669998168945,49.944427490234375,2
11:12:18.738,2.8831615447998047,468.420654296875,30.0,24.9235897064209,75.0625228881836,61.78104782104492,2
11:12:18.738,0.06702451407909393,470.5672912597656,30.0,73.3120346069336,30.147262573242188,26.674076080322266,2
11:12:18.738,3.4650495052337646,471.32257080078125,30.0,24.53459358215332,58.93303680419922,75.4515151977539,2
11:12:18.738,0.5332493185997009,462.6827392578125,30.0,75.97943878173828,50.43067169189453,24.006669998168945,2
11:12:18.738,4.064304351806641,471.9469299316406,30.0,26.04890251159668,32.509029388427734,73.93721008300781,2
11:12:18.738,1.2122700214385986,476.1851501464844,30.0,65.78215789794922,74.32620239257812,25.6599063873291,2
11:12:18.738,4.612340450286865,469.2241516113281,30.0,45.498748779296875,24.14559555053711,75.84050750732422,2
11:12:18.738,1.8408869504928589,477.9114685058594,30.0,37.98277282714844,75.03472900390625,24.95137596130371,2
11:12:18.738,5.212924003601074,471.4604187011719,30.0,71.5893325805664,27.202001571655273,72.78411102294922,2
11:12:18.738,2.316471815109253,466.6787414550781,30.0,25.187551498413086,74.79855346679688,36.63517379760742,2
11:12:18.738,5.771249294281006,471.1728820800781,30.0,75.96554565429688,24.02056121826172,49.472076416015625,2
11:12:18.738,2.8714964389801025,467.3646240234375,30.0,24.840232849121094,75.1458740234375,61.28091049194336,2
11:12:18.738,0.029962362721562386,467.88275146484375,30.0,72.86746215820312,28.674633026123047,27.11864471435547,2
11:12:18.738,3.432687520980835,469.0726623535156,30.0,24.715198516845703,60.363990783691406,75.27091217041016,2
11:12:18.738,0.5139789581298828,461.9873352050781,30.0,75.97943878173828,49.5554313659668,24.006669998168945,2
11:12:18.738,4.032476425170898,471.6521301269531,30.0,25.743261337280273,33.82884216308594,74.24285125732422,2
11:12:18.738,1.1395173072814941,474.38165283203125,30.0,68.81077575683594,73.58988189697266,26.396221160888672,2
11:12:18.738,4.570121765136719,469.24298095703125,30.0,43.609336853027344,24.270631790161133,75.7154769897461,2
11:12:18.738,1.7758865356445312,476.0586853027344,30.0,40.83078384399414,75.4237289428711,24.5623779296875,2
11:12:18.738,5.135082244873047,468.5522766113281,30.0,68.44956970214844,26.298973083496094,73.6871337890625,2
11:12:18.738,2.2735140323638916,465.44915771484375,30.0,25.53487205505371,74.45124053955078,34.801334381103516,2
11:12:18.738,5.719521999359131,470.8706359863281,30.0,75.95165252685547,24.034454345703125,51.79216384887695,2
11:12:18.738,2.807100534439087,465.6361083984375,30.0,24.479022979736328,75.50708770751953,58.4467887878418,2
11:12:18.738,6.259883880615234,467.8683776855469,30.0,72.78411102294922,27.202001571655273,28.410669326782227,2
11:12:18.739,3.3793277740478516,469.5938415527344,30.0,25.062517166137695,62.684078216552734,74.92359161376953,2
11:12:18.739,0.47798603773117065,463.0958251953125,30.0,75.95165252685547,47.943870544433594,24.034454345703125,2
11:12:18.739,3.956242561340332,469.049072265625,30.0,25.10419464111328,37.07974624633789,74.88191223144531,2
11:12:18.739,1.067128300666809,474.8594665527344,30.0,71.71436309814453,72.74242401123047,27.24367904663086,2
11:12:18.739,4.529815673828125,469.7730407714844,30.0,41.817169189453125,24.43734359741211,75.54875946044922,2
11:12:18.739,1.7233777046203613,475.1974182128906,30.0,43.150875091552734,75.67379760742188,24.31230926513672,2
11:12:18.739,5.106621742248535,469.5519714355469,30.0,67.28257751464844,26.00722312927246,73.9788818359375,2
11:12:18.739,2.278140068054199,470.17340087890625,30.0,25.493192672729492,74.49291229248047,34.99583435058594,2
11:12:18.739,5.711702346801758,472.0062255859375,30.0,75.93775939941406,24.0483455657959,52.153377532958984,2
11:12:18.739,2.8127713203430176,469.35516357421875,30.0,24.506807327270508,75.47930145263672,58.696861267089844,2
11:12:18.739,0.006389792542904615,471.9223327636719,30.0,72.57572174072266,27.743816375732422,27.410390853881836,2
11:12:18.739,3.3981525897979736,470.52630615234375,30.0,24.937482833862305,61.86440658569336,75.04862213134766,2
11:12:18.739,0.4895857870578766,464.59771728515625,30.0,75.96554565429688,48.45790481567383,24.02056121826172,2
11:12:18.739,3.9671614170074463,469.7378234863281,30.0,25.187551498413086,36.607391357421875,74.79855346679688,2
11:12:18.739,1.0807712078094482,473.97491455078125,30.0,71.17254638671875,72.92303466796875,27.063072204589844,2
11:12:18.739,4.531328201293945,469.3274230957031,30.0,41.886634826660156,24.43734359741211,75.54875946044922,2
11:12:18.740,1.7230600118637085,474.6478576660156,30.0,43.16476821899414,75.67379760742188,24.31230926513672,2
11:12:18.740,5.1076884269714355,470.408447265625,30.0,67.32425689697266,26.021116256713867,73.9649887084961,2
11:12:18.740,2.2594032287597656,466.99267578125,30.0,25.6599063873291,74.32620239257812,34.20394515991211,2
11:12:18.740,5.66954231262207,470.37945556640625,30.0,75.86829376220703,24.11781120300293,54.04279327392578,2
11:12:18.740,2.7585129737854004,466.8980712890625,30.0,24.270631790161133,75.7154769897461,56.29341506958008,2
11:12:18.740,6.235319137573242,470.70550537109375,30.0,73.08975219726562,26.896360397338867,29.383161544799805,2
11:12:18.740,3.35209059715271,470.4770202636719,30.0,25.27090835571289,63.851070404052734,74.71519470214844,2
11:12:18.740,0.4512956142425537,464.87750244140625,30.0,75.90997314453125,46.74909591674805,24.07613182067871,2
11:12:18.740,3.92655611038208,470.2663879394531,30.0,24.89580535888672,38.371768951416016,75.09030151367188,2
11:12:18.740,1.0113638639450073,473.468994140625,30.0,72.95082092285156,71.08918762207031,27.035287857055664,2
11:12:18.740,4.4775919914245605,469.5540771484375,30.0,39.52486801147461,24.72909164428711,75.25701904296875,2
11:12:18.740,1.6499965190887451,475.0567321777344,30.0,46.429561614990234,75.89608764648438,24.090024948120117,2
11:12:18.740,5.047145843505859,470.95928955078125,30.0,64.7818832397461,25.451513290405273,74.53459167480469,2
11:12:18.740,2.201791524887085,468.1172180175781,30.0,26.229507446289062,73.75659942626953,31.800498962402344,2
11:12:18.740,5.602776527404785,470.4769287109375,30.0,75.65990447998047,24.326202392578125,57.01583480834961,2
11:12:19.353,2.7419183254241943,470.26715087890625,30.0,24.21506118774414,75.77104187011719,55.55710220336914,2
11:12:19.353,6.172038555145264,469.5712585449219,30.0,73.79827880859375,26.18783187866211,31.953319549560547,2
11:12:19.354,3.2894747257232666,471.51611328125,30.0,25.826618194580078,66.50458526611328,74.15949249267578,2
11:12:19.354,0.3764643669128418,462.1573486328125,30.0,75.68769073486328,43.400943756103516,24.298416137695312,2
11:12:19.354,3.885915517807007,470.4570007324219,30.0,24.645734786987305,40.13615036010742,75.34037017822266,2
11:12:19.354,0.9764514565467834,475.4097595214844,30.0,73.35370635986328,69.68602752685547,26.63239860534668,2
11:12:19.354,4.438277244567871,468.1158142089844,30.0,37.81605911254883,24.97916030883789,75.00694274902344,2
11:12:19.354,1.6418349742889404,476.0791015625,30.0,46.804664611816406,75.90997314453125,24.07613182067871,2
11:12:19.354,5.025323390960693,469.9871520996094,30.0,63.851070404052734,25.27090835571289,74.71519470214844,2
11:12:19.354,2.1873834133148193,465.70440673828125,30.0,26.382328033447266,73.6037826538086,31.20311164855957,2
11:12:19.354,5.600956916809082,472.32928466796875,30.0,75.64601135253906,24.34009552001953,57.09919357299805,2
11:12:19.354,2.709713935852051,468.2547912597656,30.0,24.11781120300293,75.86829376220703,54.11225509643555,2
11:12:19.354,6.1377739906311035,467.5989074707031,30.0,74.13170623779297,25.854402542114258,33.384273529052734,2
11:12:19.354,3.247217893600464,470.1434020996094,30.0,26.24340057373047,68.25507354736328,73.74270629882812,2
11:12:19.354,0.3653867840766907,462.7909240722656,30.0,75.64601135253906,42.90080642700195,24.34009552001953,2
11:12:19.354,3.876798629760742,471.9892272949219,30.0,24.590164184570312,40.539039611816406,75.39594268798828,2
11:12:19.354,0.9049798846244812,462.64605712890625,30.0,74.10391235351562,66.74076080322266,25.882190704345703,2
11:12:19.354,4.408273696899414,468.57000732421875,30.0,36.52403259277344,25.201446533203125,74.78466033935547,2
11:12:19.354,1.6106057167053223,476.3021240234375,30.0,48.20783615112305,75.95165252685547,24.034454345703125,2
11:12:19.354,4.97198486328125,468.693115234375,30.0,61.54487228393555,24.881912231445312,75.10419464111328,2
11:12:19.354,2.1552226543426514,472.22216796875,30.0,26.743539810180664,73.24256896972656,29.89719581604004,2
11:12:19.354,5.561286926269531,471.5249328613281,30.0,75.46540832519531,24.520700454711914,58.86357498168945,2
11:12:19.354,2.646606206893921,465.529052734375,30.0,24.02056121826172,75.96554565429688,51.278133392333984,2
11:12:19.354,6.097427845001221,467.77508544921875,30.0,74.50680541992188,25.479299545288086,35.07918930053711,2
11:12:19.354,3.194162130355835,470.3202209472656,30.0,26.840787887573242,70.408447265625,73.14531707763672,2
11:12:19.354,0.3193345069885254,463.3794250488281,30.0,75.4376220703125,40.85857391357422,24.548486709594727,2
11:12:19.354,3.79086971282959,469.1983642578125,30.0,24.21506118774414,44.34565353393555,75.77104187011719,2
11:12:19.354,0.8449230194091797,461.9920349121094,30.0,74.64573669433594,64.1983871459961,25.34037208557129,2
11:12:19.354,4.363874912261963,469.4122619628906,30.0,34.6207275390625,25.576549530029297,74.40955352783203,2
11:12:19.354,1.5576337575912476,476.6971740722656,30.0,50.583492279052734,75.96554565429688,24.02056121826172,2
11:12:19.354,4.931833267211914,470.0128479003906,30.0,59.79439163208008,24.6318416595459,75.35426330566406,2
11:12:19.355,2.145965337753296,476.9737243652344,30.0,26.85468292236328,73.13142395019531,29.535982131958008,2
11:12:19.355,5.530482769012451,472.6396789550781,30.0,75.29869842529297,24.687414169311523,60.2111701965332,2
11:12:19.355,2.6406288146972656,468.5290222167969,30.0,24.02056121826172,75.96554565429688,51.0141716003418,2
11:12:19.355,6.115748882293701,472.31884765625,30.0,74.34009552001953,25.646013259887695,34.30119323730469,2
11:12:19.355,3.2115607261657715,470.9918212890625,30.0,26.646289825439453,69.71380615234375,73.33981323242188,2
11:12:19.355,0.31523942947387695,463.218994140625,30.0,75.40983581542969,40.67796325683594,24.576271057128906,2
11:12:19.355,3.7914929389953613,470.6893615722656,30.0,24.21506118774414,44.31786346435547,75.77104187011719,2
11:12:19.355,0.858613133430481,464.0645446777344,30.0,74.53459167480469,64.7818832397461,25.451513290405273,2
11:12:19.355,4.353218078613281,469.0310363769531,30.0,34.1761589050293,25.673797607421875,74.31230926513672,2
11:12:19.355,1.5365232229232788,474.56060791015625,30.0,51.528202056884766,75.95165252685547,24.034454345703125,2
11:12:19.355,4.921553611755371,470.17669677734375,30.0,59.33592987060547,24.576271057128906,75.40983581542969,2
11:12:19.355,2.123440742492676,475.9689025878906,30.0,27.11864471435547,72.86746215820312,28.632953643798828,2
11:12:19.355,5.48887825012207,471.1040954589844,30.0,75.02083587646484,24.965269088745117,62.03112030029297,2
11:12:19.355,2.5888209342956543,466.8354187011719,30.0,24.02056121826172,75.96554565429688,48.68019104003906,2
11:12:19.355,6.0517706871032715,470.6864318847656,30.0,74.8680191040039,25.118087768554688,37.024173736572266,2
11:12:19.355,3.145690679550171,470.8801574707031,30.0,27.43817901611328,72.33953857421875,72.54792785644531,2
11:12:19.355,0.2699703276157379,464.1910095214844,30.0,75.1458740234375,38.705196380615234,24.840232849121094,2
11:12:19.355,3.728311777114868,469.23126220703125,30.0,24.062240600585938,47.15198516845703,75.92386627197266,2
11:12:19.355,0.8087433576583862,463.5908508300781,30.0,74.92359161376953,62.65629577636719,25.062517166137695,2
11:12:19.355,4.286464214324951,468.9151306152344,30.0,31.397611618041992,26.326757431030273,73.65934753417969,2
11:12:19.355,1.4383710622787476,473.15374755859375,30.0,55.93220520019531,75.7432632446289,24.24284553527832,2
11:12:19.355,4.86023473739624,470.45123291015625,30.0,56.62683868408203,24.298416137695312,75.68769073486328,2
11:12:19.355,2.025919198989868,473.01873779296875,30.0,30.216726303100586,73.325927734375,26.66018295288086,2
11:12:19.355,5.407422065734863,470.3143615722656,30.0,74.38177490234375,25.604333877563477,65.51820373535156,2
11:12:19.355,2.5489065647125244,468.5184326171875,30.0,24.07613182067871,75.90997314453125,46.888023376464844,2
11:12:19.355,5.9881978034973145,469.7539367675781,30.0,75.29869842529297,24.687414169311523,39.7888298034668,2
11:12:19.355,3.083834409713745,466.8897705078125,30.0,26.785219192504883,73.20088958740234,70.20005798339844,2
11:12:19.355,0.22057199478149414,462.0494079589844,30.0,74.78466033935547,36.565711975097656,25.201446533203125,2
11:12:19.355,3.700584888458252,470.4960632324219,30.0,24.034454345703125,48.4023323059082,75.95165252685547,2
11:12:19.355,0.7816506624221802,464.5956115722656,30.0,75.11808776855469,61.475406646728516,24.868019104003906,2
11:12:19.969,4.254421710968018,468.0173645019531,30.0,30.091690063476562,26.68796730041504,73.29814147949219,2
11:12:19.969,1.461496114730835,477.309814453125,30.0,54.90414047241211,75.81272888183594,24.173381805419922,2
11:12:19.969,4.839574337005615,470.04449462890625,30.0,55.69602966308594,24.228952407836914,75.75714874267578,2
11:12:19.969,2.0150668621063232,472.69976806640625,30.0,30.647403717041016,73.45095825195312,26.535146713256836,2
11:12:19.969,5.416116714477539,471.848388671875,30.0,74.45124053955078,25.53487205505371,65.14309692382812,2
11:12:19.969,2.531982421875,468.11065673828125,30.0,24.103918075561523,75.88218688964844,46.12392044067383,2
11:12:19.969,5.965331077575684,468.1796569824219,30.0,75.4237289428711,24.5623779296875,40.803001403808594,2
11:12:19.969,3.0609073638916016,465.4763488769531,30.0,26.521257400512695,73.46485137939453,69.28313446044922,2
11:12:19.969,0.204273983836174,461.9802551269531,30.0,74.65962982177734,35.87107849121094,25.326478958129883,2
11:12:19.969,3.6895811557769775,470.951904296875,30.0,24.02056121826172,48.90247344970703,75.96554565429688,2
11:12:19.969,0.7514150738716125,463.5934753417969,30.0,75.29869842529297,60.155601501464844,24.687414169311523,2
11:12:19.970,4.234394550323486,468.6383056640625,30.0,29.2998046875,26.924144744873047,73.06195831298828,2
11:12:19.970,1.427246332168579,476.88348388671875,30.0,56.432342529296875,75.70158386230469,24.284523010253906,2
11:12:19.970,4.7980828285217285,469.25537109375,30.0,53.848289489746094,24.103918075561523,75.88218688964844,2
11:12:19.970,1.9733110666275024,471.9083557128906,30.0,32.37010192871094,73.89552307128906,26.090579986572266,2
11:12:19.970,5.364509582519531,471.44757080078125,30.0,73.9788818359375,26.00722312927246,67.31036376953125,2
11:12:19.970,2.4717915058135986,465.4927673339844,30.0,24.284523010253906,75.70158386230469,43.442623138427734,2
11:12:19.970,5.91350793838501,467.64483642578125,30.0,75.65990447998047,24.326202392578125,43.095306396484375,2
11:12:19.970,3.0108978748321533,465.891845703125,30.0,25.993331909179688,73.9927749633789,67.22700500488281,2
11:12:19.970,0.15838071703910828,463.03021240234375,30.0,74.2567367553711,33.926090240478516,25.7293701171875,2
11:12:19.970,3.62572979927063,469.9540100097656,30.0,24.034454345703125,51.764381408691406,75.95165252685547,2
11:12:19.970,0.6865710020065308,463.0811462402344,30.0,75.63211822509766,57.29369354248047,24.353986740112305,2
11:12:19.970,4.193804740905762,469.2633361816406,30.0,27.688247680664062,27.424283981323242,72.56182098388672,2
11:12:19.970,1.372297763824463,476.0469055175781,30.0,58.86357498168945,75.46540832519531,24.520700454711914,2
11:12:19.970,4.768467426300049,470.24169921875,30.0,52.51458740234375,24.0483455657959,75.93775939941406,2
11:12:19.970,1.970456600189209,475.9033508300781,30.0,32.48124313354492,73.9233169555664,26.062795639038086,2
11:12:19.970,5.355233669281006,472.7746887207031,30.0,73.88162994384766,26.104473114013672,67.6993637084961,2
11:12:19.970,2.483048915863037,468.5495910644531,30.0,24.24284553527832,75.7432632446289,43.9427604675293,2
11:12:19.970,5.950041770935059,472.3143310546875,30.0,75.50708770751953,24.479022979736328,41.469852447509766,2
11:12:19.970,3.0382776260375977,469.3335876464844,30.0,26.27118492126465,73.71492004394531,68.3523178100586,2
11:12:19.970,0.184016153216362,465.06024169921875,30.0,74.49291229248047,35.00972366333008,25.493192672729492,2
11:12:19.971,3.6352226734161377,470.9333801269531,30.0,24.02056121826172,51.34759521484375,75.96554565429688,2
11:12:19.971,0.6963093280792236,463.31072998046875,30.0,75.59044647216797,57.724369049072266,24.395666122436523,2
11:12:19.971,4.206263542175293,469.423583984375,30.0,28.17449188232422,27.271465301513672,72.71464538574219,2
11:12:19.971,1.3757097721099854,475.2987365722656,30.0,58.71075439453125,75.47930145263672,24.506807327270508,2
11:12:19.971,4.75698709487915,469.5132141113281,30.0,52.00055694580078,24.034454345703125,75.95165252685547,2
11:12:19.971,1.9601995944976807,475.70001220703125,30.0,32.91191864013672,74.03445434570312,25.9516544342041,2
11:12:19.971,5.325165271759033,470.92584228515625,30.0,73.56210327148438,26.42400550842285,68.9358139038086,2
11:12:19.971,2.450368881225586,467.134765625,30.0,24.381772994995117,75.60433959960938,42.48402404785156,2
11:12:19.971,5.906982421875,471.1913146972656,30.0,75.68769073486328,24.298416137695312,43.38705062866211,2
11:12:19.971,2.982625961303711,466.83880615234375,30.0,25.715476989746094,74.2706298828125,66.04612731933594,2
11:12:19.971,0.14563246071338654,463.90032958984375,30.0,74.14559936523438,33.384273529052734,25.840511322021484,2
11:12:19.971,3.5725748538970947,469.0768737792969,30.0,24.11781120300293,54.1539306640625,75.86829376220703,2
11:12:19.971,0.6606298089027405,464.21075439453125,30.0,75.7293701171875,56.140594482421875,24.256736755371094,2
11:12:19.971,4.129892349243164,468.6412353515625,30.0,26.771324157714844,29.827728271484375,73.21478271484375,2
11:12:19.971,1.2782756090164185,474.408203125,30.0,62.97582244873047,74.8680191040039,25.118087768554688,2
11:12:19.971,4.717010021209717,471.53607177734375,30.0,50.194496154785156,24.006669998168945,75.97943878173828,2
11:12:19.971,1.8630058765411377,472.3846740722656,30.0,37.024173736572266,74.8680191040039,25.118087768554688,2
11:12:19.971,5.233409881591797,470.51416015625,30.0,72.39511108398438,27.46596336364746,72.5201416015625,2
11:12:19.971,2.4036340713500977,469.9151916503906,30.0,24.60405731201172,75.38204956054688,40.41400146484375,2
11:12:19.971,5.845480918884277,471.0694885253906,30.0,75.88218688964844,24.103918075561523,46.1378173828125,2
11:12:19.972,2.92112398147583,466.3542175292969,30.0,25.201446533203125,74.78466033935547,63.4203987121582,2
11:12:19.972,0.1268102377653122,463.2037353515625,30.0,73.95109558105469,32.60628128051758,26.035011291503906,2
11:12:19.972,3.5451889038085938,470.234375,30.0,24.2011661529541,55.376495361328125,75.78494262695312,2
11:12:19.972,0.624419093132019,463.66253662109375,30.0,75.84050750732422,54.52903366088867,24.14559555053711,2
11:12:19.972,4.098715782165527,468.311767578125,30.0,26.410114288330078,31.091970443725586,73.57598876953125,2
11:12:19.972,1.2882304191589355,477.7475280761719,30.0,62.54515075683594,74.9374771118164,25.048625946044922,2
11:12:19.972,4.69673490524292,471.0184326171875,30.0,49.29146957397461,24.02056121826172,75.96554565429688,2
11:12:19.972,1.8628555536270142,472.1725158691406,30.0,37.03806686401367,74.8680191040039,25.118087768554688,2
11:12:19.972,5.238107681274414,471.5732421875,30.0,72.5201416015625,27.46596336364746,72.40900421142578,2
11:12:19.972,2.384528636932373,467.5013122558594,30.0,24.715198516845703,75.27091217041016,39.58043670654297,2
11:12:19.972,5.812434196472168,467.9859924316406,30.0,75.93775939941406,24.0483455657959,47.61044692993164,2
11:12:20.319,2.886873960494995,463.5791320800781,30.0,24.95137596130371,75.03472900390625,61.94776153564453,2
11:12:20.319,0.09107425063848495,463.12310791015625,30.0,73.57598876953125,31.133647918701172,26.410114288330078,2
11:12:20.319,3.5307445526123047,471.1730651855469,30.0,24.24284553527832,56.029449462890625,75.7432632446289,2
11:12:20.319,0.5867739915847778,463.22894287109375,30.0,75.92386627197266,52.83412170410156,24.062240600585938,2
11:12:20.319,4.06829309463501,468.7491760253906,30.0,26.090579986572266,32.34231948852539,73.89552307128906,2
11:12:20.319,1.2197680473327637,475.66156005859375,30.0,65.46263122558594,74.39566040039062,25.59044075012207,2
11:12:20.319,4.635368824005127,469.1636047363281,30.0,46.52681350708008,24.090024948120117,75.89608764648438,2
11:12:20.319,1.801966667175293,471.9189147949219,30.0,39.67768859863281,75.28480529785156,24.701305389404297,2
11:12:20.319,5.184510707855225,467.58599853515625,30.0,70.4640121459961,26.85468292236328,73.13142395019531,2
11:12:20.319,2.323025941848755,465.4603576660156,30.0,25.131982803344727,74.8541259765625,36.91303253173828,2
11:12:20.319,5.751291275024414,467.74420166015625,30.0,75.97943878173828,24.006669998168945,50.361209869384766,2
11:12:20.319,2.8263347148895264,464.2264099121094,30.0,24.576271057128906,75.40983581542969,59.294246673583984,2
11:12:20.319,0.03398086875677109,469.6060791015625,30.0,72.92303466796875,28.82745361328125,27.063072204589844,2
11:12:20.319,3.439572811126709,468.33380126953125,30.0,24.673519134521484,60.058349609375,75.31258392333984,2
11:12:20.319,0.5140014290809631,462.1168212890625,30.0,75.97943878173828,49.5554313659668,24.006669998168945,2
11:12:20.319,4.007396697998047,468.7704162597656,30.0,25.520977020263672,34.898582458496094,74.46513366699219,2
11:12:20.319,1.1428749561309814,475.5773620605469,30.0,68.6718521118164,73.6315689086914,26.354541778564453,2
11:12:20.319,4.583218097686768,469.9610595703125,30.0,44.192832946777344,24.228952407836914,75.75714874267578,2
11:12:20.319,1.7873239517211914,476.9698791503906,30.0,40.330650329589844,75.36815643310547,24.617948532104492,2
11:12:20.319,5.146812915802002,469.2690734863281,30.0,68.9358139038086,26.42400550842285,73.56210327148438,2
11:12:20.319,2.3191044330596924,468.57843017578125,30.0,25.159767150878906,74.82633972167969,36.74631881713867,2
11:12:20.319,5.7630934715271,472.29376220703125,30.0,75.97943878173828,24.006669998168945,49.83328628540039,2
11:12:20.319,2.8557963371276855,469.7431640625,30.0,24.742984771728516,75.24311828613281,60.60016632080078,2
11:12:20.319,0.049929577857255936,472.03704833984375,30.0,73.1175308227539,29.46651840209961,26.868576049804688,2
11:12:20.319,3.431990146636963,471.0118713378906,30.0,24.715198516845703,60.39177703857422,75.27091217041016,2
11:12:20.319,0.5159494280815125,464.1942138671875,30.0,75.97943878173828,49.652679443359375,24.006669998168945,2
11:12:20.320,4.021445274353027,471.19403076171875,30.0,25.646013259887695,34.30119323730469,74.34009552001953,2
11:12:20.320,1.1401358842849731,474.80987548828125,30.0,68.78299713134766,73.6037826538086,26.382328033447266,2
11:12:20.320,4.56233024597168,469.70458984375,30.0,43.26201629638672,24.298416137695312,75.68769073486328,2
11:12:20.320,1.7544775009155273,475.23529052734375,30.0,41.77549362182617,75.53486633300781,24.451236724853516,2
11:12:20.320,5.102824687957764,467.732177734375,30.0,67.1158676147461,25.965543746948242,74.02056121826172,2
11:12:20.320,2.2590856552124023,466.2167053222656,30.0,25.673797607421875,74.31230926513672,34.1900520324707,2
11:12:20.320,5.700115203857422,471.1564636230469,30.0,75.92386627197266,24.062240600585938,52.66740798950195,2
11:12:20.320,2.790391206741333,467.3526611328125,30.0,24.395666122436523,75.59044647216797,57.71047592163086,2
11:12:20.320,6.253746032714844,469.68975830078125,30.0,72.86746215820312,27.11864471435547,28.646846771240234,2
11:12:20.964,3.365346670150757,469.9549865722656,30.0,25.17365837097168,63.281463623046875,74.81244659423828,2
11:12:20.964,0.4799717664718628,464.7435302734375,30.0,75.95165252685547,48.02722930908203,24.034454345703125,2
11:12:20.965,3.933793544769287,468.1981506347656,30.0,24.937482833862305,38.05223846435547,75.04862213134766,2
11:12:20.965,1.0136730670928955,474.20513916015625,30.0,72.90914154052734,71.17254638671875,27.07696533203125,2
11:12:20.965,4.511051177978516,471.6620788574219,30.0,40.99749755859375,24.53459358215332,75.4515151977539,2
11:12:20.965,1.6592785120010376,472.40301513671875,30.0,46.012779235839844,75.86829376220703,24.11781120300293,2
11:12:20.965,5.018632411956787,466.3572082519531,30.0,63.559322357177734,25.215335845947266,74.7707748413086,2
11:12:20.965,2.228804111480713,469.9134826660156,30.0,25.9516544342041,74.03445434570312,32.91191864013672,2
11:12:20.965,5.628286838531494,470.01318359375,30.0,75.7432632446289,24.24284553527832,55.890525817871094,2
11:12:20.965,2.7295005321502686,467.3382263183594,30.0,24.173381805419922,75.81272888183594,55.00138854980469,2
11:12:20.965,6.216451644897461,471.4137878417969,30.0,73.3120346069336,26.674076080322266,30.147262573242188,2
11:12:20.965,3.3360483646392822,470.9767761230469,30.0,25.409835815429688,64.53181457519531,74.5762710571289,2
11:12:20.965,0.42848309874534607,464.2568359375,30.0,75.85440063476562,45.72103500366211,24.131702423095703,2
11:12:20.965,3.8706297874450684,466.9058837890625,30.0,24.5623779296875,40.81689453125,75.4237289428711,2
11:12:20.965,0.986903965473175,477.6674499511719,30.0,73.22867584228516,70.1028060913086,26.757434844970703,2
11:12:20.965,4.4795708656311035,470.9414367675781,30.0,39.60822677612305,24.715198516845703,75.27091217041016,2
11:12:20.965,1.628090500831604,470.734130859375,30.0,47.41594696044922,75.93775939941406,24.0483455657959,2
11:12:20.965,5.008848190307617,466.318603515625,30.0,63.142539978027344,25.1458740234375,74.8402328491211,2
11:12:20.965,2.2085959911346436,467.3587646484375,30.0,26.160043716430664,73.82606506347656,32.07835388183594,2
11:12:20.965,5.599067687988281,467.9958801269531,30.0,75.64601135253906,24.34009552001953,57.18254852294922,2
11:12:20.965,2.69797420501709,465.0169982910156,30.0,24.090024948120117,75.89608764648438,53.58433151245117,2
11:12:20.965,6.1825995445251465,469.6993103027344,30.0,73.6871337890625,26.298973083496094,31.522645950317383,2
11:12:20.965,3.3050341606140137,470.9929504394531,30.0,25.673797607421875,65.85162353515625,74.31230926513672,2
11:12:20.965,0.3911483585834503,462.84442138671875,30.0,75.7432632446289,44.05390167236328,24.24284553527832,2
11:12:20.965,3.8626158237457275,468.9449768066406,30.0,24.520700454711914,41.164215087890625,75.46540832519531,2
11:12:20.965,0.9569109678268433,476.36376953125,30.0,73.57598876953125,68.89413452148438,26.410114288330078,2
11:12:20.965,4.42936897277832,469.1078186035156,30.0,37.42706298828125,25.048625946044922,74.9374771118164,2
11:12:20.965,1.597820520401001,471.87518310546875,30.0,48.777435302734375,75.96554565429688,24.02056121826172,2
11:12:20.965,4.979734420776367,467.31719970703125,30.0,61.878299713134766,24.937482833862305,75.04862213134766,2
11:12:20.965,2.1719131469726562,465.33111572265625,30.0,26.549041748046875,73.43706512451172,30.577939987182617,2
11:12:20.965,5.550564289093018,467.5354919433594,30.0,75.40983581542969,24.576271057128906,59.33592987060547,2
11:12:20.965,2.637381076812744,464.9421691894531,30.0,24.02056121826172,75.96554565429688,50.861351013183594,2
11:12:21.282,6.121445655822754,469.6659851074219,30.0,74.2845230102539,25.701581954956055,34.06501770019531,2
11:12:21.282,3.2332069873809814,468.35333251953125,30.0,26.396221160888672,68.83856964111328,73.58988189697266,2
11:12:21.282,0.3297789692878723,463.029296875,30.0,75.49319458007812,41.33092498779297,24.4929141998291,2
11:12:21.282,3.8007543087005615,468.7593078613281,30.0,24.256736755371094,43.91497802734375,75.7293701171875,2
11:12:21.282,0.8636188507080078,461.8394470214844,30.0,74.49291229248047,65.0041732788086,25.493192672729492,2
11:12:21.282,4.3897786140441895,470.0263671875,30.0,35.732147216796875,25.354267120361328,74.63184356689453,2
11:12:21.282,1.5795003175735474,476.9912414550781,30.0,49.597110748291016,75.97943878173828,24.006669998168945,2
11:12:21.282,4.952037811279297,469.0350341796875,30.0,60.66963195800781,24.756877899169922,75.2292251586914,2
11:12:21.282,2.1742231845855713,475.6071472167969,30.0,26.535146713256836,73.45095825195312,30.675188064575195,2
11:12:21.282,5.551422595977783,472.1496887207031,30.0,75.40983581542969,24.576271057128906,59.294246673583984,2
11:12:21.282,2.662055015563965,469.623779296875,30.0,24.034454345703125,75.95165252685547,51.97277069091797,2
11:12:21.282,6.135830402374268,472.10321044921875,30.0,74.15949249267578,25.826618194580078,33.4537353515625,2
11:12:21.282,3.218980550765991,470.80810546875,30.0,26.56293487548828,69.40816497802734,73.42317199707031,2
11:12:21.282,0.321769654750824,463.46649169921875,30.0,75.4515151977539,40.9697151184082,24.53459358215332,2
11:12:21.282,3.802152395248413,470.5439758300781,30.0,24.256736755371094,43.84551239013672,75.7293701171875,2
11:12:21.282,0.8669596314430237,463.4950866699219,30.0,74.45124053955078,65.14309692382812,25.53487205505371,2
11:12:21.282,4.349022388458252,470.3317565917969,30.0,33.99555206298828,25.715476989746094,74.2706298828125,2
11:12:21.282,1.547135591506958,476.0926818847656,30.0,51.05584716796875,75.96554565429688,24.02056121826172,2
11:12:21.282,4.909666061401367,468.4179992675781,30.0,58.808006286621094,24.520700454711914,75.46540832519531,2
11:12:21.282,2.108874797821045,474.03106689453125,30.0,27.313142776489258,72.67296600341797,28.063350677490234,2
11:12:21.282,5.491714954376221,470.6999816894531,30.0,75.04862213134766,24.937482833862305,61.90608596801758,2
11:12:21.282,2.582282304763794,466.5709228515625,30.0,24.034454345703125,75.95165252685547,48.38844299316406,2
11:12:21.282,6.0401411056518555,470.13092041015625,30.0,74.95137786865234,25.034730911254883,37.538204193115234,2
11:12:21.282,3.1420464515686035,469.5339050292969,30.0,27.49374771118164,72.47846984863281,72.49236297607422,2
11:12:21.282,0.2725268006324768,463.93975830078125,30.0,75.1597671508789,38.81633758544922,24.826339721679688,2
11:12:21.282,3.728067636489868,469.4632568359375,30.0,24.062240600585938,47.16587829589844,75.92386627197266,2
11:12:21.283,0.7654539346694946,460.283203125,30.0,75.21533966064453,60.76688003540039,24.770769119262695,2
11:12:21.283,4.286297798156738,471.12518310546875,30.0,31.397611618041992,26.340652465820312,73.64545440673828,2
11:12:21.283,1.4410916566848755,473.1816711425781,30.0,55.807167053222656,75.75714874267578,24.228952407836914,2
11:12:21.283,4.825760364532471,466.7071228027344,30.0,55.084747314453125,24.173381805419922,75.81272888183594,2
11:12:21.283,2.0387370586395264,474.35223388671875,30.0,29.702695846557617,73.18699645996094,26.799110412597656,2
11:12:21.283,5.436455726623535,469.93157958984375,30.0,74.63184356689453,25.354267120361328,64.28174591064453,2
11:12:21.283,2.531369924545288,466.8536682128906,30.0,24.103918075561523,75.88218688964844,46.09613800048828,2
11:12:21.283,6.022693634033203,472.0262145996094,30.0,75.07640838623047,24.909696578979492,38.288414001464844,2
11:12:21.283,3.1353602409362793,471.9346923828125,30.0,27.410390853881836,72.57572174072266,72.25617980957031,2
11:12:21.283,0.25767165422439575,464.7302551269531,30.0,75.0625228881836,38.16337966918945,24.9235897064209,2
11:12:21.283,3.6870229244232178,467.46832275390625,30.0,24.02056121826172,49.013614654541016,75.96554565429688,2
11:12:21.283,0.7698547840118408,462.8456115722656,30.0,75.18755340576172,60.96137619018555,24.798555374145508,2
11:12:21.283,4.2887139320373535,470.0807800292969,30.0,31.49485969543457,26.312864303588867,73.6732406616211,2
11:12:21.283,1.430769443511963,471.64202880859375,30.0,56.27952194213867,75.7154769897461,24.270631790161133,2
11:12:21.284,4.805251121520996,466.01214599609375,30.0,54.167823791503906,24.11781120300293,75.86829376220703,2
11:12:21.284,2.0269858837127686,473.6172790527344,30.0,30.175048828125,73.3120346069336,26.674076080322266,2
11:12:21.284,5.403496742248535,467.56292724609375,30.0,74.34009552001953,25.646013259887695,65.6849136352539,2
11:12:21.284,2.494041919708252,464.009033203125,30.0,24.21506118774414,75.77104187011719,44.42900848388672,2
11:12:21.284,5.966529846191406,469.0858459472656,30.0,75.4237289428711,24.5623779296875,40.747432708740234,2
11:12:21.284,3.0854785442352295,467.818603515625,30.0,26.799110412597656,73.18699645996094,70.26951599121094,2
11:12:21.284,0.2087426334619522,463.23760986328125,30.0,74.70130157470703,36.05168151855469,25.284799575805664,2
11:12:21.284,3.655426025390625,468.7666015625,30.0,24.006669998168945,50.43067169189453,75.97943878173828,2
11:12:21.284,0.721865713596344,462.05792236328125,30.0,75.46540832519531,58.86357498168945,24.520700454711914,2
11:12:21.284,4.236941337585449,469.142578125,30.0,29.39705467224121,26.896360397338867,73.08975219726562,2
11:12:21.284,1.3780512809753418,471.9090270996094,30.0,58.613502502441406,75.49319458007812,24.4929141998291,2
11:12:21.284,4.765960693359375,467.61883544921875,30.0,52.4034423828125,24.0483455657959,75.93775939941406,2
11:12:21.284,1.9639321565628052,472.28167724609375,30.0,32.75910186767578,73.9927749633789,25.993331909179688,2
11:12:21.284,5.348724842071533,467.8142395019531,30.0,73.81217193603516,26.17393684387207,67.96332550048828,2
11:12:21.284,2.4366886615753174,465.853271484375,30.0,24.43734359741211,75.54875946044922,41.87274169921875,2
11:12:21.284,5.906726837158203,470.1513977050781,30.0,75.68769073486328,24.298416137695312,43.400943756103516,2
11:12:21.284,3.024425506591797,468.09930419921875,30.0,26.132259368896484,73.85385131835938,67.78271484375,2
11:12:21.284,0.1500559002161026,462.4552917480469,30.0,74.18727111816406,33.56488037109375,25.7988338470459,2
11:12:21.284,3.596203088760376,469.19268798828125,30.0,24.07613182067871,53.09808349609375,75.90997314453125,2
11:12:21.284,0.6580322980880737,462.0878601074219,30.0,75.7432632446289,56.029449462890625,24.24284553527832,2
11:12:21.284,4.175169944763184,470.6575012207031,30.0,27.313142776489258,28.02167320251465,72.67296600341797,2
11:12:21.284,1.348520040512085,476.96697998046875,30.0,59.9194221496582,75.34037017822266,24.645734786987305,2
11:12:21.284,4.737032890319824,469.29180908203125,30.0,51.0975227355957,24.02056121826172,75.96554565429688,2
11:12:21.284,1.9609874486923218,476.1980285644531,30.0,32.870243072509766,74.02056121826172,25.965543746948242,2
11:12:21.604,5.314797401428223,471.370361328125,30.0,73.45095825195312,26.535146713256836,69.35260009765625,2
11:12:21.917,2.455864191055298,469.7003479003906,30.0,24.353986740112305,75.63211822509766,42.734092712402344,2
11:12:21.917,5.919185161590576,472.12115478515625,30.0,75.64601135253906,24.34009552001953,42.84523391723633,2
11:12:21.917,2.979304790496826,465.80499267578125,30.0,25.68769073486328,74.29841613769531,65.90719604492188,2
11:12:21.917,0.1525556445121765,463.9666442871094,30.0,74.20116424560547,33.676021575927734,25.78493881225586,2
11:12:21.917,3.594186782836914,469.7295227050781,30.0,24.07613182067871,53.18143844604492,75.90997314453125,2
11:12:21.917,0.6679534316062927,463.53021240234375,30.0,75.70158386230469,56.46012878417969,24.284523010253906,2
11:12:21.917,4.153063774108887,470.1293640136719,30.0,27.04918098449707,28.896915435791016,72.93692779541016,2
11:12:21.917,1.315779685974121,476.3168640136719,30.0,61.35037612915039,75.1319808959961,24.8541259765625,2
11:12:21.917,4.706498146057129,468.5741271972656,30.0,49.722145080566406,24.006669998168945,75.97943878173828,2
11:12:21.917,1.8843141794204712,473.001953125,30.0,36.12114334106445,74.70130157470703,25.284799575805664,2
11:12:21.917,5.267091274261475,470.64959716796875,30.0,72.88135528564453,27.10474967956543,71.2697982788086,2
11:12:21.917,2.402343988418579,467.3359375,30.0,24.617948532104492,75.36815643310547,40.35843276977539,2
11:12:21.917,5.8442840576171875,469.7311096191406,30.0,75.88218688964844,24.103918075561523,46.17949295043945,2
11:12:21.917,2.9402148723602295,466.4556579589844,30.0,25.354267120361328,74.63184356689453,64.24006652832031,2
11:12:21.917,0.11953522264957428,463.5550231933594,30.0,73.88162994384766,32.30064010620117,26.104473114013672,2
11:12:21.917,3.5185298919677734,468.3190612792969,30.0,24.284523010253906,56.57126998901367,75.70158386230469,2
11:12:21.917,0.5654000639915466,460.2884826660156,30.0,75.95165252685547,51.875518798828125,24.034454345703125,2
11:12:21.917,4.080976486206055,470.084228515625,30.0,26.229507446289062,31.814393997192383,73.75659942626953,2
11:12:21.917,1.2083470821380615,472.2725830078125,30.0,65.9488754272461,74.2845230102539,25.701581954956055,2
11:12:21.917,4.613102912902832,466.3172912597656,30.0,45.52653503417969,24.14559555053711,75.84050750732422,2
11:12:21.917,1.825949788093567,474.7005920410156,30.0,38.6357307434082,75.1319808959961,24.8541259765625,2
11:12:21.917,5.208612442016602,469.4445495605469,30.0,71.42261505126953,27.14642906188965,72.83967590332031,2
11:12:21.917,2.3466053009033203,467.3650207519531,30.0,24.965269088745117,75.02083587646484,37.92720031738281,2
11:12:21.917,5.80503511428833,471.4285888671875,30.0,75.95165252685547,24.034454345703125,47.943870544433594,2
11:12:21.917,2.9161782264709473,469.85595703125,30.0,25.159767150878906,74.82633972167969,63.21200180053711,2
11:12:21.917,0.10486298054456711,464.13739013671875,30.0,73.72881317138672,31.68935775756836,26.257293701171875,2
11:12:21.917,3.4723217487335205,467.7939453125,30.0,24.4929141998291,58.613502502441406,75.49319458007812,2
11:12:21.917,0.5411893129348755,461.4761962890625,30.0,75.96554565429688,50.77799606323242,24.02056121826172,2
11:12:21.917,4.061614513397217,470.4963684082031,30.0,26.021116256713867,32.620174407958984,73.9649887084961,2
11:12:21.917,1.1976065635681152,470.6922302246094,30.0,66.39344024658203,74.18727111816406,25.7988338470459,2
11:12:21.917,4.606283187866211,466.314208984375,30.0,45.22089385986328,24.159488677978516,75.82662200927734,2
11:12:21.918,1.8147035837173462,473.76824951171875,30.0,39.121978759765625,75.20144653320312,24.7846622467041,2
11:12:21.918,5.198334693908691,469.24041748046875,30.0,71.0058364868164,27.02139663696289,72.96470642089844,2
11:12:21.918,2.31938099861145,463.60552978515625,30.0,25.159767150878906,74.82633972167969,36.76021194458008,2
11:12:21.918,5.752651214599609,469.50189208984375,30.0,75.97943878173828,24.006669998168945,50.305641174316406,2
11:12:21.918,2.872699737548828,467.92315673828125,30.0,24.8541259765625,75.1319808959961,61.336483001708984,2
11:12:21.918,0.057554811239242554,470.5097351074219,30.0,73.20088958740234,29.772159576416016,26.785219192504883,2
11:12:21.918,3.439440965652466,468.1823425292969,30.0,24.673519134521484,60.072242736816406,75.31258392333984,2
11:12:21.918,0.5144001245498657,461.8445129394531,30.0,75.97943878173828,49.58321762084961,24.006669998168945,2
11:12:21.918,4.020615100860596,470.6000671386719,30.0,25.632118225097656,34.3289794921875,74.35398864746094,2
11:12:21.918,1.154644250869751,472.53564453125,30.0,68.18560791015625,73.75659942626953,26.229507446289062,2
11:12:21.918,4.562889099121094,466.8002624511719,30.0,43.28980255126953,24.298416137695312,75.68769073486328,2
11:12:21.919,1.7620817422866821,472.93316650390625,30.0,41.44206619262695,75.49319458007812,24.4929141998291,2
11:12:21.919,5.135170936584473,468.6295471191406,30.0,68.44956970214844,26.298973083496094,73.6871337890625,2
11:12:21.919,2.2652039527893066,466.1368103027344,30.0,25.618228912353516,74.36788177490234,34.440120697021484,2
11:12:21.919,5.692670822143555,469.47412109375,30.0,75.90997314453125,24.07613182067871,53.000831604003906,2
11:12:21.919,2.797945499420166,466.8489990234375,30.0,24.43734359741211,75.54875946044922,58.04390335083008,2
11:12:21.919,6.265694618225098,470.4755554199219,30.0,72.71464538574219,27.271465301513672,28.17449188232422,2
11:12:21.919,3.382655382156372,469.033935546875,30.0,25.048625946044922,62.54515075683594,74.9374771118164,2
11:12:21.919,0.47057995200157166,462.8691101074219,30.0,75.93775939941406,47.61044692993164,24.0483455657959,2
11:12:21.919,3.958350419998169,470.374755859375,30.0,25.118087768554688,36.98249435424805,74.8680191040039,2
11:12:21.919,1.0699498653411865,476.9400329589844,30.0,71.60321807861328,72.78411102294922,27.202001571655273,2
11:12:21.919,4.5254435539245605,469.08880615234375,30.0,41.62267303466797,24.46512794494629,75.52098083496094,2
11:12:21.919,1.7352041006088257,476.09393310546875,30.0,42.62295150756836,75.61822509765625,24.36787986755371,2
11:12:21.919,5.094476222991943,468.6832275390625,30.0,66.76854705810547,25.882190704345703,74.10391235351562,2
11:12:21.919,2.27189564704895,469.1641845703125,30.0,25.54876136779785,74.43734741210938,34.73187255859375,2
11:12:21.919,5.7013654708862305,471.94244384765625,30.0,75.92386627197266,24.062240600585938,52.61183547973633,2
11:12:21.919,2.776641368865967,466.2471618652344,30.0,24.34009552001953,75.64601135253906,57.09919357299805,2
11:12:21.919,6.26797342300415,471.64581298828125,30.0,72.68685913085938,27.29924964904785,28.091135025024414,2
11:12:21.919,3.3728113174438477,469.9674987792969,30.0,25.118087768554688,62.961936950683594,74.8680191040039,2
11:12:21.919,0.45889812707901,463.75555419921875,30.0,75.92386627197266,47.082523345947266,24.062240600585938,2
11:12:21.919,3.9255313873291016,469.6592712402344,30.0,24.881912231445312,38.413448333740234,75.10419464111328,2
11:12:21.919,1.0401620864868164,475.6507263183594,30.0,72.58960723876953,72.2145004272461,27.396499633789062,2
11:12:22.234,4.487227916717529,467.8390197753906,30.0,39.941650390625,24.673519134521484,75.31258392333984,2
11:12:22.234,1.6701226234436035,473.2276306152344,30.0,45.52653503417969,75.84050750732422,24.14559555053711,2
11:12:22.234,5.041279315948486,467.528564453125,30.0,64.53181457519531,25.409835815429688,74.5762710571289,2
11:12:22.234,2.233301877975464,466.73944091796875,30.0,25.909975051879883,74.07613372802734,33.10641860961914,2
11:12:22.234,5.626838684082031,470.21368408203125,30.0,75.7432632446289,24.24284553527832,55.94609451293945,2
11:12:22.234,2.716090679168701,465.345947265625,30.0,24.131702423095703,75.85440063476562,54.40400314331055,2
11:12:22.234,6.204850673675537,470.8694152832031,30.0,73.43706512451172,26.549041748046875,30.605724334716797,2
11:12:22.234,3.2841029167175293,468.1301574707031,30.0,25.882190704345703,66.72686767578125,74.10391235351562,2
11:12:22.234,0.35363680124282837,460.01080322265625,30.0,75.60433959960938,42.38677215576172,24.381772994995117,2
11:12:22.234,3.841505527496338,469.0166931152344,30.0,24.409557342529297,42.095027923583984,75.57655334472656,2
11:12:22.234,0.9377277493476868,464.318115234375,30.0,73.78438568115234,68.10224914550781,26.20172119140625,2
11:12:22.234,4.393428325653076,466.161376953125,30.0,35.88496780395508,25.326478958129883,74.65962982177734,2
11:12:22.234,1.5985934734344482,474.0882873535156,30.0,48.73575973510742,75.96554565429688,24.02056121826172,2
11:12:22.234,4.992961883544922,469.38543701171875,30.0,62.447898864746094,25.034730911254883,74.95137786865234,2
11:12:22.234,2.1878819465637207,466.8474426269531,30.0,26.382328033447266,73.6037826538086,31.23089599609375,2
11:12:22.234,5.578006267547607,470.8932800292969,30.0,75.54875946044922,24.43734359741211,58.113365173339844,2
11:12:22.234,2.7117886543273926,470.1123046875,30.0,24.131702423095703,75.85440063476562,54.20949935913086,2
11:12:22.234,6.176438808441162,471.95831298828125,30.0,73.74270629882812,26.24340057373047,31.772714614868164,2
11:12:22.234,3.259432077407837,467.369140625,30.0,26.118364334106445,67.75492858886719,73.86773681640625,2
11:12:22.234,0.3442453444004059,461.1971740722656,30.0,75.56265258789062,41.96998977661133,24.423450469970703,2
11:12:22.234,3.844085693359375,470.06280517578125,30.0,24.423450469970703,41.983882904052734,75.56265258789062,2
11:12:22.234,0.9275941848754883,464.1730041503906,30.0,73.88162994384766,67.68547058105469,26.104473114013672,2
11:12:22.234,4.399112224578857,466.99200439453125,30.0,36.12114334106445,25.27090835571289,74.71519470214844,2
11:12:22.234,1.5879337787628174,473.89263916015625,30.0,49.222007751464844,75.96554565429688,24.02056121826172,2
11:12:22.234,4.982812404632568,469.2374572753906,30.0,62.01722717285156,24.95137596130371,75.03472900390625,2
11:12:22.234,2.1707303524017334,474.1089782714844,30.0,26.56293487548828,73.42317199707031,30.5362606048584,2
11:12:22.234,5.537632465362549,469.5079345703125,30.0,75.34037017822266,24.645734786987305,59.9055290222168,2
11:12:22.234,2.6400136947631836,467.5178527832031,30.0,24.02056121826172,75.96554565429688,50.986385345458984,2
11:12:22.234,6.113279819488525,471.038818359375,30.0,74.36788177490234,25.618228912353516,34.41233825683594,2
11:12:22.234,3.2047080993652344,468.4512023925781,30.0,26.715755462646484,69.99166870117188,73.27034759521484,2
11:12:22.234,0.30004051327705383,461.90826416015625,30.0,75.32647705078125,40.011112213134766,24.65962791442871,2
11:12:22.876,3.7918953895568848,470.6332092285156,30.0,24.21506118774414,44.30397415161133,75.77104187011719,2
11:12:22.876,0.8797511458396912,464.9903869628906,30.0,74.34009552001953,65.6849136352539,25.646013259887695,2
11:12:22.876,4.331696033477783,466.059326171875,30.0,33.27313232421875,25.868297576904297,74.11781311035156,2
11:12:22.876,1.5154277086257935,473.5769958496094,30.0,52.48680114746094,75.93775939941406,24.0483455657959,2
11:12:22.876,4.909693241119385,469.09698486328125,30.0,58.808006286621094,24.520700454711914,75.46540832519531,2
11:12:22.876,2.078652858734131,474.245849609375,30.0,28.105030059814453,72.70075225830078,27.285358428955078,2
11:12:22.876,5.470692157745361,469.820068359375,30.0,74.89580535888672,25.090303421020508,62.80911636352539,2
11:12:22.876,2.5670061111450195,467.0758361816406,30.0,24.0483455657959,75.93775939941406,47.69380569458008,2
11:12:22.876,6.030224800109863,470.56597900390625,30.0,75.03472900390625,24.95137596130371,37.96887969970703,2
11:12:22.876,3.159843921661377,468.1335144042969,30.0,27.257570266723633,71.78382873535156,72.7285385131836,2
11:12:22.876,0.24994920194149017,462.2359619140625,30.0,75.00694274902344,37.829952239990234,24.97916030883789,2
11:12:22.876,3.7296693325042725,470.64971923828125,30.0,24.062240600585938,47.09641647338867,75.92386627197266,2
11:12:22.876,0.7780343294143677,462.3408508300781,30.0,75.1319808959961,61.32258605957031,24.8541259765625,2
11:12:22.876,4.304598331451416,469.1641845703125,30.0,32.14781951904297,26.14615249633789,73.83995819091797,2
11:12:22.876,1.4842801094055176,475.0469665527344,30.0,53.87607955932617,75.88218688964844,24.103918075561523,2
11:12:22.876,4.85734224319458,468.81304931640625,30.0,56.487911224365234,24.284523010253906,75.70158386230469,2
11:12:22.876,2.0732786655426025,476.4576721191406,30.0,28.327312469482422,72.75631713867188,27.229785919189453,2
11:12:22.876,5.45048713684082,471.32391357421875,30.0,74.74298095703125,25.24312400817871,63.684356689453125,2
11:12:22.876,2.546673536300659,466.489013671875,30.0,24.07613182067871,75.90997314453125,46.790775299072266,2
11:12:22.876,6.020561218261719,471.0858459472656,30.0,75.09030151367188,24.89580535888672,38.38566207885742,2
11:12:22.876,3.105194330215454,467.55810546875,30.0,27.035287857055664,72.95082092285156,71.06140899658203,2
11:12:22.876,0.22000692784786224,463.1415100097656,30.0,74.78466033935547,36.537925720214844,25.201446533203125,2
11:12:22.876,3.6753175258636475,469.91119384765625,30.0,24.02056121826172,49.54153823852539,75.96554565429688,2
11:12:22.876,0.7507268786430359,462.8179016113281,30.0,75.31258392333984,60.127811431884766,24.673519134521484,2
11:12:22.876,4.252814769744873,467.5757751464844,30.0,30.036121368408203,26.701862335205078,73.28424072265625,2
11:12:22.876,1.406679391860962,473.6074523925781,30.0,57.349266052246094,75.61822509765625,24.36787986755371,2
11:12:22.876,4.796496391296387,468.8614807128906,30.0,53.77882766723633,24.103918075561523,75.88218688964844,2
11:12:22.876,2.012360095977783,476.40655517578125,30.0,30.758544921875,73.47874450683594,26.507362365722656,2
11:12:22.876,5.3520426750183105,469.6941833496094,30.0,73.83995819091797,26.14615249633789,67.82439422607422,2
11:12:22.876,2.4702322483062744,465.8699645996094,30.0,24.298416137695312,75.68769073486328,43.3731575012207,2
11:12:22.876,5.948143482208252,471.4654235839844,30.0,75.50708770751953,24.479022979736328,41.55320739746094,2
11:12:22.876,2.999016046524048,465.1291809082031,30.0,25.882190704345703,74.10391235351562,66.72686767578125,2
11:12:23.189,0.14664991199970245,460.66912841796875,30.0,74.14559936523438,33.42594909667969,25.840511322021484,2
11:12:23.189,3.5933048725128174,469.905517578125,30.0,24.07613182067871,53.223114013671875,75.90997314453125,2
11:12:23.189,0.6671655178070068,462.3772277832031,30.0,75.70158386230469,56.432342529296875,24.284523010253906,2
11:12:23.189,4.160758972167969,468.6930236816406,30.0,27.132537841796875,28.59127426147461,72.85356903076172,2
11:12:23.189,1.328840732574463,475.4795227050781,30.0,60.78076934814453,75.21533966064453,24.770769119262695,2
11:12:23.189,4.735828876495361,469.3906555175781,30.0,51.041954040527344,24.02056121826172,75.96554565429688,2
11:12:23.189,1.928100347518921,474.9591979980469,30.0,34.259517669677734,74.32620239257812,25.6599063873291,2
11:12:23.189,5.315759658813477,471.9280700683594,30.0,73.45095825195312,26.535146713256836,69.31092071533203,2
11:12:23.189,2.4619102478027344,470.1045227050781,30.0,24.326202392578125,75.65990447998047,42.99805450439453,2
11:12:23.189,5.919858455657959,472.9544982910156,30.0,75.64601135253906,24.34009552001953,42.81745147705078,2
11:12:23.189,3.017002582550049,469.0514221191406,30.0,26.04890251159668,73.93721008300781,67.4770736694336,2
11:12:23.189,0.16032549738883972,461.8525085449219,30.0,74.2845230102539,34.00944900512695,25.701581954956055,2
11:12:23.189,3.5966975688934326,470.6795959472656,30.0,24.07613182067871,53.07029342651367,75.90997314453125,2
11:12:23.189,0.6695332527160645,463.6229553222656,30.0,75.70158386230469,56.543479919433594,24.284523010253906,2
11:12:23.189,4.175023078918457,470.55810546875,30.0,27.313142776489258,28.035566329956055,72.67296600341797,2
11:12:23.189,1.3206599950790405,473.63836669921875,30.0,61.128089904785156,75.1597671508789,24.826339721679688,2
11:12:23.189,4.7369914054870605,469.7555847167969,30.0,51.0975227355957,24.02056121826172,75.96554565429688,2
11:12:23.189,1.9272300004959106,474.3232116699219,30.0,34.28730010986328,74.34009552001953,25.646013259887695,2
11:12:23.189,5.293222427368164,469.14508056640625,30.0,73.20088958740234,26.785219192504883,70.22784423828125,2
11:12:23.189,2.4157307147979736,467.6815185546875,30.0,24.548486709594727,75.4376220703125,40.9558219909668,2
11:12:23.189,5.875840187072754,471.3665466308594,30.0,75.79883575439453,24.187274932861328,44.77632522583008,2
11:12:23.189,2.9500885009765625,466.10675048828125,30.0,25.437620162963867,74.5484848022461,64.67073822021484,2
11:12:23.189,0.12922531366348267,462.190185546875,30.0,73.9788818359375,32.703529357910156,26.00722312927246,2
11:12:23.189,3.5523014068603516,470.7748107910156,30.0,24.173381805419922,55.05696105957031,75.81272888183594,2
11:12:23.189,0.632928729057312,464.1040344238281,30.0,75.81272888183594,54.90414047241211,24.173381805419922,2
11:12:23.189,4.111767292022705,469.8806457519531,30.0,26.56293487548828,30.564044952392578,73.42317199707031,2
11:12:23.189,1.2672494649887085,473.3330078125,30.0,63.448177337646484,74.78466033935547,25.201446533203125,2
11:12:23.189,4.66425895690918,468.85296630859375,30.0,47.83272933959961,24.0483455657959,75.93775939941406,2
11:12:23.189,1.8445343971252441,473.7113952636719,30.0,37.829952239990234,75.00694274902344,24.97916030883789,2
11:12:23.189,5.242451190948486,470.7071533203125,30.0,72.57572174072266,27.410390853881836,72.2422866821289,2
11:12:23.189,2.35355544090271,467.65802001953125,30.0,24.909696578979492,75.07640838623047,38.23284149169922,2
11:12:23.189,5.79195499420166,469.920654296875,30.0,75.96554565429688,24.02056121826172,48.541263580322266,2
11:12:23.189,2.925785541534424,469.6143798828125,30.0,25.229230880737305,74.75688171386719,63.628787994384766,2
11:12:23.540,0.09981346875429153,470.9119567871094,30.0,73.6732406616211,31.49485969543457,26.312864303588867,2
11:12:23.540,3.488107204437256,470.9459533691406,30.0,24.423450469970703,57.91886520385742,75.56265258789062,2
11:12:23.540,0.5515053868293762,462.4736328125,30.0,75.96554565429688,51.250343322753906,24.02056121826172,2
11:12:23.540,4.072897434234619,470.8865051269531,30.0,26.14615249633789,32.14781951904297,73.83995819091797,2
11:12:23.540,1.22788405418396,475.7287902832031,30.0,65.12920379638672,74.46513366699219,25.520977020263672,2
11:12:23.540,4.621954441070557,468.5011291503906,30.0,45.92942428588867,24.11781120300293,75.86829376220703,2
11:12:23.540,1.8404713869094849,477.5570068359375,30.0,38.01055908203125,75.03472900390625,24.95137596130371,2
11:12:23.540,5.222969055175781,472.09619140625,30.0,71.97832489013672,27.32703399658203,72.65907287597656,2
11:12:23.540,2.328834295272827,466.3981018066406,30.0,25.090303421020508,74.89580535888672,37.16310119628906,2
11:12:23.541,5.792638301849365,471.68609619140625,30.0,75.96554565429688,24.02056121826172,48.49958419799805,2
11:12:23.541,2.8704864978790283,466.7901611328125,30.0,24.840232849121094,75.1458740234375,61.23923110961914,2
11:12:23.541,0.029710017144680023,467.3631896972656,30.0,72.86746215820312,28.660737991333008,27.11864471435547,2
11:12:23.541,3.4616804122924805,470.6514892578125,30.0,24.548486709594727,59.08585739135742,75.4376220703125,2
11:12:23.541,0.541028618812561,463.19140625,30.0,75.96554565429688,50.77799606323242,24.02056121826172,2
11:12:23.541,4.040364742279053,470.130126953125,30.0,25.812726974487305,33.509307861328125,74.17337799072266,2
11:12:23.541,1.1566746234893799,473.25006103515625,30.0,68.10224914550781,73.78438568115234,26.20172119140625,2
11:12:23.541,4.582414150238037,468.51373291015625,30.0,44.16504669189453,24.228952407836914,75.75714874267578,2
11:12:23.541,1.7865426540374756,475.7330322265625,30.0,40.35843276977539,75.36815643310547,24.617948532104492,2
11:12:23.541,5.147134304046631,469.2747497558594,30.0,68.94970703125,26.42400550842285,73.56210327148438,2
11:12:23.541,2.281064987182617,465.1437683105469,30.0,25.479299545288086,74.50680541992188,35.12086486816406,2
11:12:23.541,5.740972995758057,471.3689270019531,30.0,75.96554565429688,24.02056121826172,50.83356475830078,2
11:12:23.541,2.8073067665100098,465.4266052246094,30.0,24.479022979736328,75.50708770751953,58.4606819152832,2
11:12:23.541,6.259889602661133,467.7412414550781,30.0,72.78411102294922,27.202001571655273,28.410669326782227,2
11:12:23.541,3.387272596359253,469.9047546386719,30.0,25.006946563720703,62.336761474609375,74.97916412353516,2
11:12:23.541,0.478171706199646,463.2680358886719,30.0,75.95165252685547,47.943870544433594,24.034454345703125,2
11:12:23.541,3.966693639755249,469.1184387207031,30.0,25.187551498413086,36.63517379760742,74.79855346679688,2
11:12:23.541,1.0750097036361694,475.5657958984375,30.0,71.39482879638672,72.83967590332031,27.14642906188965,2
11:12:23.541,4.529201507568359,469.40570068359375,30.0,41.78938674926758,24.451236724853516,75.53486633300781,2
11:12:23.541,1.734324336051941,475.6258850097656,30.0,42.66463088989258,75.63211822509766,24.353986740112305,2
11:12:23.541,5.0962324142456055,469.50921630859375,30.0,66.85189819335938,25.896081924438477,74.09002685546875,2
11:12:23.541,2.28761625289917,470.65130615234375,30.0,25.423728942871094,74.5623779296875,35.398719787597656,2
11:12:23.851,5.722245693206787,472.2309265136719,30.0,75.95165252685547,24.034454345703125,51.66712951660156,2
11:12:23.851,2.8218014240264893,468.6645812988281,30.0,24.548486709594727,75.4376220703125,59.09975051879883,2
11:12:23.851,0.00529497442767024,471.576416015625,30.0,72.56182098388672,27.70214080810547,27.424283981323242,2
11:12:23.851,3.395101308822632,470.751220703125,30.0,24.95137596130371,62.003334045410156,75.03472900390625,2
11:12:23.851,0.4888196885585785,463.94110107421875,30.0,75.95165252685547,48.43012237548828,24.034454345703125,2
11:12:23.851,3.978299856185913,470.0752258300781,30.0,25.27090835571289,36.135040283203125,74.71519470214844,2
11:12:23.851,1.0939230918884277,474.0788879394531,30.0,70.64462280273438,73.07585144042969,26.91025161743164,2
11:12:23.851,4.541770935058594,469.4280700683594,30.0,42.35898971557617,24.395666122436523,75.59044647216797,2
11:12:23.851,1.733730435371399,475.2361145019531,30.0,42.692413330078125,75.63211822509766,24.353986740112305,2
11:12:23.851,5.086096286773682,469.5143127441406,30.0,66.42122650146484,25.7988338470459,74.18727111816406,2
11:12:23.851,2.253380537033081,467.43450927734375,30.0,25.715476989746094,74.2706298828125,33.93998336791992,2
11:12:23.851,5.668570041656494,470.8740539550781,30.0,75.86829376220703,24.11781120300293,54.084468841552734,2
11:12:23.851,2.7682557106018066,467.0928955078125,30.0,24.298416137695312,75.68769073486328,56.724090576171875,2
11:12:23.852,6.246969699859619,471.4179992675781,30.0,72.95082092285156,27.035287857055664,28.924699783325195,2
11:12:23.852,3.3451642990112305,471.2605285644531,30.0,25.326478958129883,64.14281463623047,74.65962982177734,2
11:12:23.852,0.4342971444129944,463.869384765625,30.0,75.86829376220703,45.9849967956543,24.11781120300293,2
11:12:23.852,3.9150073528289795,469.1058349609375,30.0,24.812448501586914,38.871910095214844,75.17366027832031,2
11:12:23.852,1.0202072858810425,472.97430419921875,30.0,72.83967590332031,71.43651580810547,27.14642906188965,2
11:12:23.852,4.477664947509766,469.580322265625,30.0,39.52486801147461,24.72909164428711,75.25701904296875,2
11:12:23.852,1.6497766971588135,474.5440979003906,30.0,46.44345474243164,75.89608764648438,24.090024948120117,2
11:12:23.852,5.036042213439941,470.3865051269531,30.0,64.30953216552734,25.36815643310547,74.63184356689453,2
11:12:23.852,2.185242176055908,467.4747619628906,30.0,26.410114288330078,73.57598876953125,31.119754791259766,2
11:12:23.852,5.603585243225098,471.2537536621094,30.0,75.65990447998047,24.326202392578125,56.98805618286133,2
11:12:23.852,2.7307205200195312,469.391357421875,30.0,24.173381805419922,75.81272888183594,55.05696105957031,2
11:12:23.852,6.183829307556152,470.4482421875,30.0,73.6732406616211,26.312864303588867,31.467073440551758,2
11:12:23.852,3.2940237522125244,470.9358825683594,30.0,25.78493881225586,66.3100814819336,74.20116424560547,2
11:12:23.852,0.3835994303226471,462.42333984375,30.0,75.7154769897461,43.72047805786133,24.270631790161133,2
11:12:23.852,3.8872056007385254,470.9187316894531,30.0,24.645734786987305,40.0805778503418,75.34037017822266,2
11:12:23.852,0.982222318649292,476.0052490234375,30.0,73.28424072265625,69.90830993652344,26.701862335205078,2
11:12:23.852,4.445488929748535,468.620849609375,30.0,38.121700286865234,24.937482833862305,75.04862213134766,2
11:12:23.852,1.6523549556732178,476.3523864746094,30.0,46.332313537597656,75.88218688964844,24.103918075561523,2
11:12:23.852,5.035462856292725,470.1310119628906,30.0,64.28174591064453,25.354267120361328,74.63184356689453,2
11:12:23.852,2.1845014095306396,466.057861328125,30.0,26.410114288330078,73.57598876953125,31.091970443725586,2
11:12:23.852,5.601922988891602,471.50103759765625,30.0,75.64601135253906,24.34009552001953,57.057518005371094,2
11:12:23.852,2.7085204124450684,467.4293518066406,30.0,24.11781120300293,75.86829376220703,54.056678771972656,2
11:12:24.166,6.148707866668701,467.9747619628906,30.0,74.03445434570312,25.9516544342041,32.925811767578125,2
11:12:24.166,3.254077672958374,470.7277526855469,30.0,26.17393684387207,67.97721099853516,73.81217193603516,2
11:12:24.166,0.37136930227279663,463.3318786621094,30.0,75.67379760742188,43.16476821899414,24.31230926513672,2
11:12:24.166,3.8538260459899902,470.19476318359375,30.0,24.479022979736328,41.55320739746094,75.50708770751953,2
11:12:24.166,0.9161094427108765,463.27423095703125,30.0,73.9927749633789,67.19922637939453,25.993331909179688,2
11:12:24.166,4.400791168212891,467.59918212890625,30.0,36.190608978271484,25.257015228271484,74.72908782958984,2
11:12:24.166,1.5994656085968018,475.8193359375,30.0,48.70797348022461,75.96554565429688,24.02056121826172,2
11:12:24.166,4.961077690124512,468.4482421875,30.0,61.0725212097168,24.812448501586914,75.17366027832031,2
11:12:24.166,2.1457741260528564,472.1081848144531,30.0,26.85468292236328,73.13142395019531,29.5220890045166,2
11:12:24.166,5.53893518447876,470.7442321777344,30.0,75.34037017822266,24.645734786987305,59.83606719970703,2
11:12:24.166,2.6275415420532227,465.5298156738281,30.0,24.006669998168945,75.97943878173828,50.416778564453125,2
11:12:24.166,6.088695049285889,468.4492492675781,30.0,74.5762710571289,25.409835815429688,35.45429229736328,2
11:12:24.166,3.1699061393737793,470.2064514160156,30.0,27.132537841796875,71.38093566894531,72.85356903076172,2
11:12:24.166,0.29587477445602417,462.6669616699219,30.0,75.29869842529297,39.830509185791016,24.687414169311523,2
11:12:24.166,3.7706990242004395,469.2478332519531,30.0,24.159488677978516,45.248680114746094,75.82662200927734,2
11:12:24.166,0.8368110656738281,462.8065490722656,30.0,74.71519470214844,63.86496353149414,25.27090835571289,2
11:12:24.166,4.3434576988220215,469.91094970703125,30.0,33.759376525878906,25.75715446472168,74.22895812988281,2
11:12:24.166,1.536346673965454,475.83349609375,30.0,51.54209899902344,75.95165252685547,24.034454345703125,2
11:12:24.166,4.922727584838867,470.1055908203125,30.0,59.39149856567383,24.590164184570312,75.39594268798828,2
11:12:24.166,2.1359448432922363,477.010986328125,30.0,26.979717254638672,73.00639343261719,29.133092880249023,2
11:12:24.166,5.520018577575684,472.7510986328125,30.0,75.2292251586914,24.756877899169922,60.66963195800781,2
11:12:24.166,2.6202433109283447,468.1517333984375,30.0,24.006669998168945,75.97943878173828,50.097251892089844,2
11:12:24.166,6.094525337219238,472.09716796875,30.0,74.53459167480469,25.451513290405273,35.2042236328125,2
11:12:24.166,3.2024683952331543,471.68841552734375,30.0,26.743539810180664,70.07501983642578,73.24256896972656,2
11:12:24.166,0.29944390058517456,463.5566101074219,30.0,75.32647705078125,39.99721908569336,24.65962791442871,2
11:12:24.166,3.7814056873321533,470.8848571777344,30.0,24.187274932861328,44.77632522583008,75.79883575439453,2
11:12:24.166,0.848842442035675,464.1324157714844,30.0,74.61795043945312,64.37899780273438,25.36815643310547,2
11:12:24.167,4.338282585144043,469.3733825683594,30.0,33.550987243652344,25.812726974487305,74.17337799072266,2
11:12:24.167,1.5157610177993774,474.6795654296875,30.0,52.47290802001953,75.93775939941406,24.0483455657959,2
11:12:24.167,4.8898515701293945,469.0771789550781,30.0,57.93275833129883,24.423450469970703,75.56265258789062,2
11:12:24.167,2.0919747352600098,475.5194396972656,30.0,27.59099578857422,72.5201416015625,27.46596336364746,2
11:12:24.168,5.466850757598877,470.6376037597656,30.0,74.8680191040039,25.118087768554688,62.97582244873047,2
11:12:24.168,2.5585949420928955,466.2441711425781,30.0,24.062240600585938,75.92386627197266,47.31869888305664,2
11:12:24.168,6.042151927947998,471.4609069824219,30.0,74.9374771118164,25.048625946044922,37.440956115722656,2
11:12:24.168,3.1313977241516113,470.0444030761719,30.0,27.36871337890625,72.61739349365234,72.08946990966797,2
11:12:24.168,0.25891563296318054,464.5635986328125,30.0,75.0625228881836,38.21894836425781,24.9235897064209,2
11:12:24.168,3.707026720046997,468.7591247558594,30.0,24.034454345703125,48.11058807373047,75.95165252685547,2
11:12:24.169,0.799267053604126,463.8924255371094,30.0,74.99305725097656,62.23950958251953,24.993053436279297,2
11:12:24.169,4.269052028656006,469.1996154785156,30.0,30.6890811920166,26.521257400512695,73.46485137939453,2
11:12:24.169,1.4266334772109985,474.39434814453125,30.0,56.46012878417969,75.70158386230469,24.284523010253906,2
11:12:24.169,4.851072311401367,471.4892883300781,30.0,56.210060119628906,24.256736755371094,75.7293701171875,2
11:12:24.169,1.9940695762634277,472.3107604980469,30.0,31.508752822875977,73.6871337890625,26.298973083496094,2
11:12:24.169,5.385298252105713,470.4447021484375,30.0,74.17337799072266,25.812726974487305,66.44901275634766,2
11:12:24.169,2.5310583114624023,469.85693359375,30.0,24.103918075561523,75.88218688964844,46.082244873046875,2
11:12:24.169,5.980229377746582,471.0426330566406,30.0,75.34037017822266,24.645734786987305,40.15003967285156,2
11:12:24.169,3.0742580890655518,467.2511291503906,30.0,26.674076080322266,73.3120346069336,69.824951171875,2
11:12:24.169,0.20666180551052094,461.86572265625,30.0,74.67352294921875,35.96832275390625,25.31258773803711,2
11:12:24.169,3.6903936862945557,471.6559753417969,30.0,24.02056121826172,48.86079406738281,75.96554565429688,2
11:12:24.169,0.7733157277107239,465.1822814941406,30.0,75.17366027832031,61.11419677734375,24.812448501586914,2
11:12:24.169,4.235760688781738,468.328125,30.0,29.34148406982422,26.91025161743164,73.07585144042969,2
11:12:24.169,1.4491207599639893,478.6523132324219,30.0,55.4598503112793,75.78494262695312,24.2011661529541,2
11:12:24.169,4.829736232757568,470.6549987792969,30.0,55.265350341796875,24.187274932861328,75.79883575439453,2
11:12:24.169,1.9930614233016968,471.57427978515625,30.0,31.550430297851562,73.6871337890625,26.298973083496094,2
11:12:24.169,5.393407821655273,471.82904052734375,30.0,74.2567367553711,25.7293701171875,66.10169219970703,2
11:12:24.169,2.519864320755005,467.6375427246094,30.0,24.131702423095703,75.85440063476562,45.58210754394531,2
11:12:24.169,5.943641662597656,467.1181945800781,30.0,75.53486633300781,24.451236724853516,41.761600494384766,2
11:12:24.169,3.0505433082580566,465.4478454589844,30.0,26.410114288330078,73.57598876953125,68.85246276855469,2
11:12:24.169,0.19701357185840607,462.1050109863281,30.0,74.60405731201172,35.55154037475586,25.382051467895508,2
11:12:24.169,3.6782009601593018,471.7120666503906,30.0,24.02056121826172,49.402610778808594,75.96554565429688,2
11:12:24.169,0.7234392762184143,462.5306091308594,30.0,75.4515151977539,58.93303680419922,24.53459358215332,2
11:12:24.169,4.214871406555176,468.443359375,30.0,28.521812438964844,27.160322189331055,72.8257827758789,2
11:12:24.169,1.4049211740493774,476.8141174316406,30.0,57.41872787475586,75.61822509765625,24.36787986755371,2
11:12:24.169,4.777667045593262,469.2265625,30.0,52.93136978149414,24.062240600585938,75.92386627197266,2
11:12:24.485,1.9645631313323975,472.610595703125,30.0,32.73131561279297,73.9788818359375,26.00722312927246,2
11:12:24.486,5.341076850891113,471.12481689453125,30.0,73.72881317138672,26.257293701171875,68.28285217285156,2
11:12:24.486,2.452157974243164,464.9797668457031,30.0,24.36787986755371,75.61822509765625,42.5673828125,2
11:12:24.486,5.904116153717041,468.1342468261719,30.0,75.70158386230469,24.284523010253906,43.512088775634766,2
11:12:24.486,2.9796290397644043,465.3364562988281,30.0,25.68769073486328,74.29841613769531,65.92108917236328,2
11:12:24.486,0.15290917456150055,464.0424499511719,30.0,74.21505737304688,33.68991470336914,25.77104949951172,2
11:12:24.486,3.5953736305236816,468.5997009277344,30.0,24.07613182067871,53.12586975097656,75.90997314453125,2
11:12:24.486,0.6583987474441528,462.3597717285156,30.0,75.7432632446289,56.0433464050293,24.24284553527832,2
11:12:24.486,4.173655033111572,469.8634948730469,30.0,27.29924964904785,28.091135025024414,72.68685913085938,2
11:12:24.486,1.3402600288391113,475.5975646972656,30.0,60.28063201904297,75.28480529785156,24.701305389404297,2
11:12:24.486,4.7472920417785645,470.43670654296875,30.0,51.56987762451172,24.034454345703125,75.95165252685547,2
11:12:24.486,1.9617270231246948,476.644775390625,30.0,32.84245681762695,74.02056121826172,25.965543746948242,2
11:12:24.486,5.3384246826171875,472.22705078125,30.0,73.7010269165039,26.285079956054688,68.39399719238281,2
11:12:24.486,2.471769332885742,468.64739990234375,30.0,24.284523010253906,75.70158386230469,43.442623138427734,2
11:12:24.486,5.928656101226807,471.5531921386719,30.0,75.60433959960938,24.381772994995117,42.4145622253418,2
11:12:24.486,3.0275211334228516,469.2595520019531,30.0,26.160043716430664,73.82606506347656,67.90775299072266,2
11:12:24.486,0.17676568031311035,465.2422180175781,30.0,74.42344665527344,34.69019317626953,25.56265640258789,2
11:12:24.486,3.613511323928833,470.4206237792969,30.0,24.0483455657959,52.32008743286133,75.93775939941406,2
11:12:24.486,0.6877949237823486,463.81634521484375,30.0,75.61822509765625,57.349266052246094,24.36787986755371,2
11:12:24.486,4.207727909088135,471.3394470214844,30.0,28.230064392089844,27.257570266723633,72.7285385131836,2
11:12:24.486,1.3414134979248047,474.49365234375,30.0,60.22506332397461,75.29869842529297,24.687414169311523,2
11:12:24.486,4.746942043304443,470.19964599609375,30.0,51.54209899902344,24.034454345703125,75.95165252685547,2
11:12:24.486,1.940078854560852,475.9867248535156,30.0,33.745487213134766,74.22895812988281,25.75715446472168,2
11:12:24.486,5.298610210418701,470.1600341796875,30.0,73.25646209716797,26.729646682739258,70.00556182861328,2
11:12:24.486,2.423903465270996,466.8245544433594,30.0,24.506807327270508,75.47930145263672,41.31703186035156,2
11:12:24.486,5.886253356933594,470.65521240234375,30.0,75.77104187011719,24.21506118774414,44.30397415161133,2
11:12:24.486,2.9637773036956787,467.54583740234375,30.0,25.54876136779785,74.43734741210938,65.24034881591797,2
11:12:24.486,0.12664395570755005,465.1277160644531,30.0,73.95109558105469,32.592384338378906,26.035011291503906,2
11:12:24.486,3.5607142448425293,470.3218078613281,30.0,24.159488677978516,54.681854248046875,75.82662200927734,2
11:12:24.486,0.6324569582939148,463.4925842285156,30.0,75.82662200927734,54.87635803222656,24.159488677978516,2
11:12:24.486,4.109735488891602,468.8688659667969,30.0,26.535146713256836,30.647403717041016,73.45095825195312,2
11:12:25.121,1.2572295665740967,473.9024353027344,30.0,63.87885665893555,74.70130157470703,25.284799575805664,2
11:12:25.121,4.685506820678711,470.36102294921875,30.0,48.777435302734375,24.02056121826172,75.96554565429688,2
11:12:25.121,1.8547874689102173,473.3898620605469,30.0,37.3853874206543,74.9374771118164,25.048625946044922,2
11:12:25.121,5.219212532043457,469.9674987792969,30.0,71.83940124511719,27.271465301513672,72.71464538574219,2
11:12:25.121,2.4036407470703125,470.1239929199219,30.0,24.60405731201172,75.38204956054688,40.41400146484375,2
11:12:25.121,5.82449197769165,470.2581481933594,30.0,75.92386627197266,24.062240600585938,47.06863021850586,2
11:12:25.121,2.911607265472412,466.6615295410156,30.0,25.118087768554688,74.8680191040039,63.01750564575195,2
11:12:25.121,0.12238241732120514,463.3210754394531,30.0,73.90941619873047,32.42567443847656,26.076688766479492,2
11:12:25.121,3.53605580329895,470.39117431640625,30.0,24.228952407836914,55.79327392578125,75.75714874267578,2
11:12:25.121,0.6251959204673767,464.4557189941406,30.0,75.84050750732422,54.55682373046875,24.14559555053711,2
11:12:25.121,4.087674617767334,468.0054626464844,30.0,26.298973083496094,31.536537170410156,73.6871337890625,2
11:12:25.121,1.276231288909912,477.6015625,30.0,63.059181213378906,74.8541259765625,25.131982803344727,2
11:12:25.121,4.687075614929199,470.7556457519531,30.0,48.86079406738281,24.02056121826172,75.96554565429688,2
11:12:25.121,1.8642760515213013,473.0751037597656,30.0,36.968605041503906,74.8680191040039,25.118087768554688,2
11:12:25.121,5.230409145355225,472.6596374511719,30.0,72.27008056640625,27.424283981323242,72.56182098388672,2
11:12:25.121,2.3856122493743896,468.3524475097656,30.0,24.715198516845703,75.27091217041016,39.636009216308594,2
11:12:25.121,5.802085876464844,467.8311462402344,30.0,75.95165252685547,24.034454345703125,48.082801818847656,2
11:12:25.121,2.8986058235168457,464.9347839355469,30.0,25.034730911254883,74.95137786865234,62.4617919921875,2
11:12:25.122,0.08915942907333374,462.46759033203125,30.0,73.56210327148438,31.050291061401367,26.42400550842285,2
11:12:25.122,3.5206940174102783,470.9123840332031,30.0,24.284523010253906,56.47401809692383,75.70158386230469,2
11:12:25.122,0.5773077607154846,462.573486328125,30.0,75.93775939941406,52.4034423828125,24.0483455657959,2
11:12:25.122,4.068568229675293,468.8357849121094,30.0,26.090579986572266,32.32842254638672,73.89552307128906,2
11:12:25.122,1.2264440059661865,477.4604187011719,30.0,65.18476867675781,74.45124053955078,25.53487205505371,2
11:12:25.122,4.625983715057373,468.66790771484375,30.0,46.11003112792969,24.103918075561523,75.88218688964844,2
11:12:25.122,1.8021751642227173,471.92718505859375,30.0,39.67768859863281,75.28480529785156,24.701305389404297,2
11:12:25.122,5.183611869812012,467.27484130859375,30.0,70.4223403930664,26.840787887573242,73.14531707763672,2
11:12:25.122,2.3289644718170166,466.46160888671875,30.0,25.090303421020508,74.89580535888672,37.16310119628906,2
11:12:25.122,5.762361526489258,468.3047180175781,30.0,75.97943878173828,24.006669998168945,49.87496566772461,2
11:12:25.122,2.837721824645996,464.9173583984375,30.0,24.6318416595459,75.35426330566406,59.80827713012695,2
11:12:25.122,0.04522328078746796,469.6372375488281,30.0,73.06195831298828,29.27202033996582,26.924144744873047,2
11:12:25.122,3.4482808113098145,469.1503601074219,30.0,24.617948532104492,59.68324661254883,75.36815643310547,2
11:12:25.122,0.5329921245574951,463.512939453125,30.0,75.97943878173828,50.416778564453125,24.006669998168945,2
11:12:25.123,4.0175018310546875,468.78009033203125,30.0,25.604333877563477,34.4679069519043,74.38177490234375,2
11:12:25.123,1.1701445579528809,476.1737976074219,30.0,67.54653930664062,73.90941619873047,26.076688766479492,2
11:12:25.123,4.60498571395874,470.29925537109375,30.0,45.16532516479492,24.159488677978516,75.82662200927734,2
11:12:25.123,1.79737389087677,476.01263427734375,30.0,39.886077880859375,75.31258392333984,24.673519134521484,2
11:12:25.123,5.178872108459473,469.9016418457031,30.0,70.22784423828125,26.785219192504883,73.20088958740234,2
11:12:25.123,2.3350212574005127,467.95062255859375,30.0,25.048625946044922,74.9374771118164,37.42706298828125,2
11:12:25.123,5.783269882202148,471.83587646484375,30.0,75.96554565429688,24.02056121826172,48.93025588989258,2
11:12:25.123,2.874345302581787,468.6355895996094,30.0,24.868019104003906,75.11808776855469,61.40594482421875,2
11:12:25.123,0.06979545950889587,471.396728515625,30.0,73.33981323242188,30.27229881286621,26.646289825439453,2
11:12:25.123,3.4644277095794678,471.0429992675781,30.0,24.53459358215332,58.9608268737793,75.4515151977539,2
11:12:25.123,0.5335664749145508,463.39306640625,30.0,75.97943878173828,50.4445686340332,24.006669998168945,2
11:12:25.123,4.052574157714844,471.1977844238281,30.0,25.937759399414062,32.995277404785156,74.04834747314453,2
11:12:25.123,1.1737444400787354,475.2422180175781,30.0,67.39372253417969,73.95109558105469,26.035011291503906,2
11:12:25.123,4.602178573608398,470.7160339355469,30.0,45.040287017822266,24.173381805419922,75.81272888183594,2
11:12:25.123,1.7859243154525757,475.1685485839844,30.0,40.3862190246582,75.36815643310547,24.617948532104492,2
11:12:25.123,5.1448893547058105,468.172607421875,30.0,68.85246276855469,26.410114288330078,73.57598876953125,2
11:12:25.123,2.2910444736480713,466.3630065917969,30.0,25.382051467895508,74.60405731201172,35.53764724731445,2
11:12:25.123,5.741699695587158,471.2346496582031,30.0,75.96554565429688,24.02056121826172,50.79188919067383,2
11:12:25.123,2.8322908878326416,467.6016540527344,30.0,24.60405731201172,75.38204956054688,59.55821228027344,2
11:12:25.123,0.013699043542146683,469.745361328125,30.0,72.67296600341797,28.035566329956055,27.313142776489258,2
11:12:25.123,3.413729429244995,468.87274169921875,30.0,24.826339721679688,61.18366241455078,75.1597671508789,2
11:12:25.123,0.5159059166908264,464.17022705078125,30.0,75.97943878173828,49.652679443359375,24.006669998168945,2
11:12:25.123,3.9857773780822754,468.2619934082031,30.0,25.34037208557129,35.81550598144531,74.64573669433594,2
11:12:25.123,1.1009948253631592,474.7553405761719,30.0,70.36676788330078,73.15921020507812,26.82689666748047,2
11:12:25.123,4.56221866607666,471.0578308105469,30.0,43.26201629638672,24.298416137695312,75.68769073486328,2
11:12:25.123,1.7323544025421143,473.7215881347656,30.0,42.74798583984375,75.63211822509766,24.353986740112305,2
11:12:25.123,5.0920305252075195,467.2352294921875,30.0,66.67130279541016,25.868297576904297,74.11781311035156,2
11:12:25.123,2.276191234588623,468.9305114746094,30.0,25.520977020263672,74.46513366699219,34.9124755859375,2
11:12:25.123,5.702258586883545,469.9897766113281,30.0,75.93775939941406,24.0483455657959,52.570159912109375,2
11:12:25.123,2.8001277446746826,466.9850769042969,30.0,24.43734359741211,75.54875946044922,58.14114761352539,2
11:12:25.123,0.018290262669324875,471.8417053222656,30.0,72.7285385131836,28.216171264648438,27.257570266723633,2
11:12:25.123,3.4197070598602295,471.1835021972656,30.0,24.7846622467041,60.933589935302734,75.20144653320312,2
11:12:25.808,0.5077114701271057,464.1492919921875,30.0,75.96554565429688,49.2775764465332,24.02056121826172,2
11:12:25.808,3.9760682582855225,468.53607177734375,30.0,25.257015228271484,36.2322883605957,74.72908782958984,2
11:12:25.808,1.1213772296905518,477.8874816894531,30.0,69.5470962524414,73.3953857421875,26.59071922302246,2
11:12:25.808,4.5732831954956055,471.06341552734375,30.0,43.74826431274414,24.256736755371094,75.7293701171875,2
11:12:25.808,1.7308858633041382,472.5630798339844,30.0,42.81745147705078,75.64601135253906,24.34009552001953,2
11:12:25.808,5.101076602935791,466.7464599609375,30.0,67.04640197753906,25.9516544342041,74.03445434570312,2
11:12:25.809,2.289433002471924,468.50445556640625,30.0,25.395944595336914,74.59016418457031,35.46818542480469,2
11:12:25.809,5.6908955574035645,467.8659362792969,30.0,75.90997314453125,24.07613182067871,53.084190368652344,2
11:12:25.809,2.776214122772217,464.12286376953125,30.0,24.34009552001953,75.64601135253906,57.08530044555664,2
11:12:25.809,6.275356769561768,470.068115234375,30.0,72.58960723876953,27.396499633789062,27.799388885498047,2
11:12:25.809,3.4028916358947754,471.1678771972656,30.0,24.89580535888672,61.6560173034668,75.09030151367188,2
11:12:25.809,0.4706968367099762,462.8002014160156,30.0,75.93775939941406,47.61044692993164,24.0483455657959,2
11:12:25.809,3.9441137313842773,467.96783447265625,30.0,25.020837783813477,37.607669830322266,74.96527099609375,2
11:12:25.809,1.0785754919052124,477.84967041015625,30.0,71.25590515136719,72.89524841308594,27.090858459472656,2
11:12:25.809,4.515467643737793,469.0952453613281,30.0,41.19199752807617,24.520700454711914,75.46540832519531,2
11:12:25.809,1.6904228925704956,472.08984375,30.0,44.623504638671875,75.78494262695312,24.2011661529541,2
11:12:25.809,5.0598978996276855,466.56951904296875,30.0,65.32369995117188,25.56265640258789,74.42344665527344,2
11:12:25.809,2.2351791858673096,465.5734558105469,30.0,25.896081924438477,74.09002685546875,33.18977355957031,2
11:12:25.809,5.641740322113037,467.6980285644531,30.0,75.79883575439453,24.187274932861328,55.27924346923828,2
11:12:25.809,2.727515459060669,465.0992736816406,30.0,24.173381805419922,75.81272888183594,54.918033599853516,2
11:12:25.809,6.212796211242676,469.6022033691406,30.0,73.35370635986328,26.63239860534668,30.286190032958984,2
11:12:25.809,3.3332176208496094,469.0099792480469,30.0,25.437620162963867,64.65684509277344,74.5484848022461,2
11:12:25.809,0.4176953434944153,462.67608642578125,30.0,75.82662200927734,45.23478698730469,24.159488677978516,2
11:12:25.809,3.905221700668335,469.05621337890625,30.0,24.756877899169922,39.288692474365234,75.2292251586914,2
11:12:25.809,1.0188515186309814,474.6959228515625,30.0,72.85356903076172,71.38093566894531,27.132537841796875,2
11:12:25.809,4.491206169128418,469.98529052734375,30.0,40.122257232666016,24.645734786987305,75.34037017822266,2
11:12:25.809,1.6829352378845215,475.82452392578125,30.0,44.956932067871094,75.81272888183594,24.173381805419922,2
11:12:25.809,5.06423282623291,469.0090026855469,30.0,65.50430297851562,25.604333877563477,74.38177490234375,2
11:12:25.809,2.2474446296691895,468.11798095703125,30.0,25.77104949951172,74.21505737304688,33.70380783081055,2
11:12:25.809,5.668768405914307,472.06829833984375,30.0,75.86829376220703,24.11781120300293,54.07057571411133,2
11:12:25.809,2.7625808715820312,469.56671142578125,30.0,24.284523010253906,75.70158386230469,56.47401809692383,2
11:12:25.809,6.238023281097412,471.93597412109375,30.0,73.06195831298828,26.924144744873047,29.27202033996582,2
11:12:25.809,3.344069242477417,470.7394714355469,30.0,25.34037208557129,64.1983871459961,74.64573669433594,2
11:12:25.809,0.43567371368408203,464.05535888671875,30.0,75.86829376220703,46.04056930541992,24.11781120300293,2
11:12:25.809,3.9277267456054688,470.78680419921875,30.0,24.89580535888672,38.316200256347656,75.09030151367188,2
11:12:25.809,1.0186104774475098,474.65216064453125,30.0,72.85356903076172,71.36705017089844,27.132537841796875,2
11:12:25.810,4.470542907714844,469.6383361816406,30.0,39.2192268371582,24.770769119262695,75.21533966064453,2
11:12:25.810,1.6731419563293457,476.2855529785156,30.0,45.4015007019043,75.84050750732422,24.14559555053711,2
11:12:25.810,5.021239280700684,467.6720886230469,30.0,63.67046356201172,25.24312400817871,74.74298095703125,2
11:12:25.810,2.200669527053833,466.9812927246094,30.0,26.24340057373047,73.74270629882812,31.758821487426758,2
11:12:25.810,5.616420745849609,470.98712158203125,30.0,75.70158386230469,24.284523010253906,56.41844940185547,2
11:12:25.810,2.7006075382232666,467.4795837402344,30.0,24.103918075561523,75.88218688964844,53.70936584472656,2
11:12:25.810,6.162228584289551,469.7352600097656,30.0,73.89552307128906,26.090579986572266,32.3562126159668,2
11:12:25.810,3.28513765335083,468.8843994140625,30.0,25.868297576904297,66.68518829345703,74.11781311035156,2
11:12:25.810,0.38401907682418823,463.416259765625,30.0,75.7154769897461,43.734371185302734,24.270631790161133,2
11:12:25.810,3.8514628410339355,468.43927001953125,30.0,24.46512794494629,41.66434860229492,75.52098083496094,2
11:12:25.810,0.9012239575386047,461.02349853515625,30.0,74.14559936523438,66.58794403076172,25.840511322021484,2
11:12:25.810,4.432583808898926,472.15777587890625,30.0,37.56599044799805,25.020837783813477,74.96527099609375,2
11:12:25.810,1.5881352424621582,472.75390625,30.0,49.20811462402344,75.96554565429688,24.02056121826172,2
11:12:25.810,4.958929061889648,466.7342224121094,30.0,60.97527313232422,24.798555374145508,75.18755340576172,2
11:12:25.810,2.1771602630615234,470.0295715332031,30.0,26.493471145629883,73.49263763427734,30.78632926940918,2
11:12:25.810,5.575872898101807,471.0418395996094,30.0,75.53486633300781,24.451236724853516,58.210609436035156,2
11:12:25.810,2.6688382625579834,467.2837219238281,30.0,24.0483455657959,75.93775939941406,52.278411865234375,2
11:12:25.810,6.155652046203613,471.6279602050781,30.0,73.9649887084961,26.021116256713867,32.634063720703125,2
11:12:25.810,3.2795863151550293,471.13714599609375,30.0,25.92386817932129,66.9213638305664,74.06224060058594,2
11:12:25.810,0.3843957781791687,464.8997497558594,30.0,75.7293701171875,43.74826431274414,24.256736755371094,2
11:12:25.811,3.8415145874023438,468.3638610839844,30.0,24.409557342529297,42.095027923583984,75.57655334472656,2
11:12:25.811,0.9122823476791382,477.1302795410156,30.0,74.03445434570312,67.04640197753906,25.9516544342041,2
11:12:25.811,4.430253028869629,469.75958251953125,30.0,37.4687385559082,25.034730911254883,74.95137786865234,2
11:12:25.811,1.5878818035125732,472.11590576171875,30.0,49.222007751464844,75.96554565429688,24.02056121826172,2
11:12:25.811,4.958326816558838,466.1979675292969,30.0,60.94748306274414,24.798555374145508,75.18755340576172,2
11:12:25.811,2.185638189315796,467.4247131347656,30.0,26.396221160888672,73.58988189697266,31.133647918701172,2
11:12:25.811,5.557192325592041,468.7025451660156,30.0,75.4376220703125,24.548486709594727,59.0441780090332,2
11:12:25.811,2.648575782775879,464.6405944824219,30.0,24.02056121826172,75.96554565429688,51.37538146972656,2
11:12:25.811,6.130845069885254,469.3828430175781,30.0,74.20116424560547,25.78493881225586,33.66212844848633,2
11:12:25.811,3.261115312576294,471.2690124511719,30.0,26.104473114013672,67.68547058105469,73.88162994384766,2
11:12:25.811,0.3487018346786499,462.95904541015625,30.0,75.57655334472656,42.16448974609375,24.409557342529297,2
11:12:25.811,3.809972047805786,468.0374450683594,30.0,24.284523010253906,43.49819564819336,75.70158386230469,2
11:12:25.811,0.873475968837738,461.779541015625,30.0,74.39566040039062,65.42095184326172,25.59044075012207,2
11:12:26.130,4.387989044189453,469.18194580078125,30.0,35.64878845214844,25.36815643310547,74.61795043945312,2
11:12:26.130,1.5572116374969482,472.8797607421875,30.0,50.61128234863281,75.96554565429688,24.02056121826172,2
11:12:26.130,4.928755760192871,467.0732116699219,30.0,59.65545654296875,24.617948532104492,75.36815643310547,2
11:12:26.130,2.13812518119812,473.0794677734375,30.0,26.951929092407227,73.03417205810547,29.216449737548828,2
11:12:26.130,5.516531467437744,468.8956298828125,30.0,75.21533966064453,24.770769119262695,60.822452545166016,2
11:12:26.130,2.5983574390411377,465.11285400390625,30.0,24.02056121826172,75.96554565429688,49.11086654663086,2
11:12:26.130,6.080615520477295,469.74932861328125,30.0,74.64573669433594,25.34037208557129,35.7877197265625,2
11:12:26.130,3.1947245597839355,469.0652770996094,30.0,26.840787887573242,70.3945541381836,73.14531707763672,2
11:12:26.130,0.298520028591156,462.61822509765625,30.0,75.31258392333984,39.955543518066406,24.673519134521484,2
11:12:26.130,3.771200180053711,469.0608825683594,30.0,24.159488677978516,45.23478698730469,75.82662200927734,2
11:12:26.130,0.8577367067337036,463.6607666015625,30.0,74.53459167480469,64.75409698486328,25.451513290405273,2
11:12:26.130,4.359515190124512,470.1021728515625,30.0,34.440120697021484,25.618228912353516,74.36788177490234,2
11:12:26.130,1.5466822385787964,476.4017639160156,30.0,51.08363723754883,75.96554565429688,24.02056121826172,2
11:12:26.130,4.931860446929932,469.2997131347656,30.0,59.79439163208008,24.6318416595459,75.35426330566406,2
11:12:26.130,2.1543588638305664,475.7402038574219,30.0,26.757434844970703,73.22867584228516,29.869407653808594,2
11:12:26.130,5.5299530029296875,472.0643615722656,30.0,75.29869842529297,24.687414169311523,60.238956451416016,2
11:12:26.130,2.6322145462036133,469.5839538574219,30.0,24.02056121826172,75.96554565429688,50.639068603515625,2
11:12:26.130,6.1052093505859375,472.05938720703125,30.0,74.43734741210938,25.54876136779785,34.74576187133789,2
11:12:26.130,3.202791690826416,470.408935546875,30.0,26.743539810180664,70.06112670898438,73.24256896972656,2
11:12:26.130,0.3076564371585846,463.53704833984375,30.0,75.36815643310547,40.344539642333984,24.617948532104492,2
11:12:26.130,3.791748523712158,470.2336120605469,30.0,24.21506118774414,44.31786346435547,75.77104187011719,2
11:12:26.130,0.8566449880599976,463.19049072265625,30.0,74.5484848022461,64.69853210449219,25.437620162963867,2
11:12:26.130,4.3496317863464355,470.78179931640625,30.0,34.023338317871094,25.701581954956055,74.2845230102539,2
11:12:26.130,1.5367155075073242,475.15911865234375,30.0,51.528202056884766,75.96554565429688,24.02056121826172,2
11:12:26.130,4.9100236892700195,468.203369140625,30.0,58.82189178466797,24.520700454711914,75.46540832519531,2
11:12:26.130,2.0984268188476562,473.8605651855469,30.0,27.43817901611328,72.54792785644531,27.646568298339844,2
11:12:26.130,5.491444110870361,470.50469970703125,30.0,75.04862213134766,24.937482833862305,61.91997528076172,2
11:12:26.130,2.590846300125122,467.56768798828125,30.0,24.02056121826172,75.96554565429688,48.777435302734375,2
11:12:26.130,6.038705348968506,469.0341796875,30.0,74.96527099609375,25.020837783813477,37.59377670288086,2
11:12:26.130,3.1410305500030518,469.1697998046875,30.0,27.479854583740234,72.5062484741211,72.4645767211914,2
11:12:26.130,0.28729015588760376,464.8478088378906,30.0,75.25701904296875,39.455406188964844,24.72909164428711,2
11:12:26.130,3.726898193359375,468.22442626953125,30.0,24.062240600585938,47.22145080566406,75.92386627197266,2
11:12:26.768,0.7743245363235474,460.2424011230469,30.0,75.1597671508789,61.155879974365234,24.826339721679688,2
11:12:26.768,4.3040852546691895,471.3880920410156,30.0,32.120033264160156,26.14615249633789,73.83995819091797,2
11:12:26.768,1.4519314765930176,473.369384765625,30.0,55.33481216430664,75.78494262695312,24.2011661529541,2
11:12:26.768,4.847240924835205,467.75384521484375,30.0,56.0433464050293,24.24284553527832,75.7432632446289,2
11:12:26.768,2.050790309906006,475.3516845703125,30.0,29.216449737548828,73.03417205810547,26.951929092407227,2
11:12:26.768,5.450560092926025,471.4530944824219,30.0,74.74298095703125,25.24312400817871,63.684356689453125,2
11:12:26.768,2.5432040691375732,467.2889404296875,30.0,24.090024948120117,75.89608764648438,46.624061584472656,2
11:12:26.768,6.0338029861450195,472.12115478515625,30.0,75.00694274902344,24.97916030883789,37.80216979980469,2
11:12:26.768,3.1449637413024902,471.15301513671875,30.0,27.452070236206055,72.36732482910156,72.5340347290039,2
11:12:26.768,0.2682010531425476,464.3310241699219,30.0,75.1319808959961,38.62184143066406,24.8541259765625,2
11:12:26.768,3.7191123962402344,468.5674133300781,30.0,24.0483455657959,47.56876754760742,75.93775939941406,2
11:12:26.768,0.7775749564170837,461.92950439453125,30.0,75.1458740234375,61.29480743408203,24.840232849121094,2
11:12:26.768,4.314090251922607,471.009521484375,30.0,32.53681564331055,26.04890251159668,73.93721008300781,2
11:12:26.768,1.474203109741211,473.2118225097656,30.0,54.334537506103516,75.85440063476562,24.131702423095703,2
11:12:26.768,4.84721565246582,466.9999084472656,30.0,56.0433464050293,24.24284553527832,75.7432632446289,2
11:12:26.768,2.081782817840576,475.6275634765625,30.0,27.97999382019043,72.65907287597656,27.32703399658203,2
11:12:26.768,5.43889045715332,468.3306884765625,30.0,74.64573669433594,25.34037208557129,64.18449401855469,2
11:12:26.768,2.5333845615386963,464.82476806640625,30.0,24.103918075561523,75.88218688964844,46.193389892578125,2
11:12:26.768,6.020256519317627,470.23468017578125,30.0,75.09030151367188,24.89580535888672,38.39955520629883,2
11:12:26.768,3.1327085494995117,470.8747863769531,30.0,27.382606506347656,72.60350036621094,72.1450424194336,2
11:12:26.768,0.2480882853269577,463.6078796386719,30.0,74.99305725097656,37.74659729003906,24.993053436279297,2
11:12:26.768,3.7075037956237793,468.95391845703125,30.0,24.034454345703125,48.082801818847656,75.95165252685547,2
11:12:26.768,0.7688886523246765,462.2452697753906,30.0,75.20144653320312,60.919700622558594,24.7846622467041,2
11:12:26.768,4.285208225250244,469.23193359375,30.0,31.355932235717773,26.340652465820312,73.64545440673828,2
11:12:26.768,1.4420788288116455,472.94189453125,30.0,55.7654914855957,75.75714874267578,24.228952407836914,2
11:12:26.769,4.816031455993652,467.0730895996094,30.0,54.65406799316406,24.14559555053711,75.84050750732422,2
11:12:26.769,2.025876045227051,473.0497131347656,30.0,30.216726303100586,73.325927734375,26.66018295288086,2
11:12:26.769,5.403979301452637,467.8490905761719,30.0,74.35398864746094,25.632118225097656,65.6571273803711,2
11:12:26.769,2.4929111003875732,465.108154296875,30.0,24.21506118774414,75.77104187011719,44.373435974121094,2
11:12:26.769,5.968505382537842,469.5794982910156,30.0,75.40983581542969,24.576271057128906,40.6640739440918,2
11:12:26.769,3.07407283782959,467.39324951171875,30.0,26.674076080322266,73.3120346069336,69.8110580444336,2
11:12:26.769,0.2089637964963913,463.4130859375,30.0,74.70130157470703,36.06557083129883,25.284799575805664,2
11:12:27.086,3.668855667114258,469.6603698730469,30.0,24.006669998168945,49.83328628540039,75.97943878173828,2
11:12:27.086,0.7416866421699524,462.6017761230469,30.0,75.35426330566406,59.72492218017578,24.6318416595459,2
11:12:27.086,4.258877277374268,470.2159118652344,30.0,30.27229881286621,26.63239860534668,73.35370635986328,2
11:12:27.086,1.4395326375961304,477.16204833984375,30.0,55.87662887573242,75.75714874267578,24.228952407836914,2
11:12:27.086,4.829224586486816,469.971435546875,30.0,55.23756790161133,24.187274932861328,75.79883575439453,2
11:12:27.086,2.053455114364624,476.5299377441406,30.0,29.105304718017578,73.00639343261719,26.979717254638672,2
11:12:27.086,5.433140277862549,472.8943786621094,30.0,74.60405731201172,25.382051467895508,64.42066955566406,2
11:12:27.086,2.553453207015991,469.962646484375,30.0,24.062240600585938,75.92386627197266,47.09641647338867,2
11:12:27.086,6.013217926025391,472.2699890136719,30.0,75.1458740234375,24.840232849121094,38.705196380615234,2
11:12:27.086,3.085099935531616,471.857421875,30.0,26.799110412597656,73.18699645996094,70.25562286376953,2
11:12:27.086,0.23650795221328735,463.8367919921875,30.0,74.90969848632812,37.246456146240234,25.0764102935791,2
11:12:27.086,3.7098913192749023,471.4204406738281,30.0,24.034454345703125,47.98554992675781,75.95165252685547,2
11:12:27.086,0.7902791500091553,464.666748046875,30.0,75.04862213134766,61.85051345825195,24.937482833862305,2
11:12:27.086,4.25740909576416,469.59417724609375,30.0,30.216726303100586,26.66018295288086,73.325927734375,2
11:12:27.086,1.4517210721969604,476.92462158203125,30.0,55.33481216430664,75.78494262695312,24.2011661529541,2
11:12:27.086,4.8285088539123535,468.805908203125,30.0,55.20977783203125,24.187274932861328,75.79883575439453,2
11:12:27.086,2.0179550647735596,474.1864318847656,30.0,30.5362606048584,73.42317199707031,26.56293487548828,2
11:12:27.086,5.402034759521484,470.78155517578125,30.0,74.32620239257812,25.6599063873291,65.74048614501953,2
11:12:27.086,2.515937328338623,468.3070373535156,30.0,24.14559555053711,75.84050750732422,45.4153938293457,2
11:12:27.086,5.9690680503845215,470.4930114746094,30.0,75.40983581542969,24.576271057128906,40.636287689208984,2
11:12:27.086,3.0615172386169434,466.2308654785156,30.0,26.521257400512695,73.46485137939453,69.29702758789062,2
11:12:27.086,0.21440951526165009,464.948974609375,30.0,74.74298095703125,36.30175018310547,25.24312400817871,2
11:12:27.086,3.6444754600524902,468.28289794921875,30.0,24.02056121826172,50.930816650390625,75.96554565429688,2
11:12:27.086,0.7023766040802002,460.9200439453125,30.0,75.56265258789062,57.98832702636719,24.423450469970703,2
11:12:27.086,4.220729827880859,471.057373046875,30.0,28.744094848632812,27.090858459472656,72.89524841308594,2
11:12:27.087,1.3658971786499023,472.5976257324219,30.0,59.15531921386719,75.4237289428711,24.5623779296875,2
11:12:27.087,4.755923271179199,467.4527282714844,30.0,51.944984436035156,24.034454345703125,75.95165252685547,2
11:12:27.087,1.9805004596710205,475.73321533203125,30.0,32.06446075439453,73.82606506347656,26.160043716430664,2
11:12:27.087,5.353842258453369,470.873046875,30.0,73.86773681640625,26.118364334106445,67.75492858886719,2
11:12:27.087,2.475102663040161,467.7342529296875,30.0,24.270631790161133,75.7154769897461,43.58155059814453,2
11:12:27.087,5.961812973022461,472.58502197265625,30.0,75.4376220703125,24.548486709594727,40.9558219909668,2
11:12:27.087,3.0594632625579834,470.0906677246094,30.0,26.507362365722656,73.47874450683594,69.21366882324219,2
11:12:27.401,0.203693225979805,464.891845703125,30.0,74.65962982177734,35.84328842163086,25.326478958129883,2
11:12:27.401,3.625934600830078,467.5877990722656,30.0,24.034454345703125,51.764381408691406,75.95165252685547,2
11:12:27.401,0.7059277892112732,462.8963317871094,30.0,75.54875946044922,58.1550407409668,24.43734359741211,2
11:12:27.401,4.2286696434021,470.10321044921875,30.0,29.063629150390625,26.993608474731445,72.99250030517578,2
11:12:27.401,1.365929365158081,472.6365051269531,30.0,59.14142608642578,75.4237289428711,24.5623779296875,2
11:12:27.401,4.745683670043945,465.94976806640625,30.0,51.48652267456055,24.02056121826172,75.96554565429688,2
11:12:27.401,1.9783554077148438,474.6590270996094,30.0,32.161712646484375,73.83995819091797,26.14615249633789,2
11:12:27.401,5.349792003631592,468.4621276855469,30.0,73.82606506347656,26.160043716430664,67.92164611816406,2
11:12:27.401,2.446955680847168,464.7708435058594,30.0,24.395666122436523,75.59044647216797,42.33120346069336,2
11:12:27.401,5.916036128997803,469.55908203125,30.0,75.65990447998047,24.326202392578125,42.984161376953125,2
11:12:27.401,3.024009943008423,467.57696533203125,30.0,26.118364334106445,73.86773681640625,67.7688217163086,2
11:12:27.401,0.16379117965698242,462.9140625,30.0,74.31230926513672,34.148372650146484,25.673797607421875,2
11:12:27.401,3.6050775051116943,468.96734619140625,30.0,24.062240600585938,52.6951904296875,75.92386627197266,2
11:12:27.401,0.6580820679664612,461.60247802734375,30.0,75.7432632446289,56.029449462890625,24.24284553527832,2
11:12:27.401,4.187647342681885,471.64434814453125,30.0,27.479854583740234,27.53542709350586,72.5062484741211,2
11:12:27.401,1.3267982006072998,472.0638732910156,30.0,60.86412811279297,75.20144653320312,24.7846622467041,2
11:12:27.401,4.704978942871094,466.57073974609375,30.0,49.652679443359375,24.006669998168945,75.97943878173828,2
11:12:27.401,1.9138323068618774,472.3828430175781,30.0,34.856903076171875,74.46513366699219,25.520977020263672,2
11:12:27.401,5.299310207366943,467.5133056640625,30.0,73.27034759521484,26.715755462646484,69.97777557373047,2
11:12:27.401,2.3937904834747314,465.01361083984375,30.0,24.65962791442871,75.32647705078125,39.98332977294922,2
11:12:27.401,5.86609411239624,470.3140869140625,30.0,75.82662200927734,24.159488677978516,45.20700454711914,2
11:12:27.401,2.961915969848633,467.3354797363281,30.0,25.53487205505371,74.45124053955078,65.1708755493164,2
11:12:27.401,0.1261640340089798,462.5341491699219,30.0,73.95109558105469,32.578495025634766,26.035011291503906,2
11:12:27.401,3.56628155708313,469.9265441894531,30.0,24.14559555053711,54.431785583496094,75.84050750732422,2
11:12:27.401,0.6415753364562988,463.4089660644531,30.0,75.79883575439453,55.29313659667969,24.187274932861328,2
11:12:27.401,4.144138336181641,470.6759948730469,30.0,26.938039779663086,29.25812530517578,73.04806518554688,2
11:12:27.401,1.3020137548446655,476.88250732421875,30.0,61.94776153564453,75.03472900390625,24.95137596130371,2
11:12:27.401,4.716650485992432,469.9081726074219,30.0,50.180606842041016,24.006669998168945,75.97943878173828,2
11:12:27.401,1.9309649467468262,476.51123046875,30.0,34.13447952270508,74.31230926513672,25.673797607421875,2
11:12:27.401,5.304494380950928,471.90826416015625,30.0,73.325927734375,26.66018295288086,69.76937866210938,2
11:12:27.401,2.4310128688812256,468.3856201171875,30.0,24.46512794494629,75.52098083496094,41.62267303466797,2
11:12:27.401,5.899357318878174,472.6507568359375,30.0,75.7154769897461,24.270631790161133,43.72047805786133,2
11:12:27.402,2.971482276916504,466.7123107910156,30.0,25.618228912353516,74.36788177490234,65.57376861572266,2
11:12:27.402,0.14653019607067108,464.3093566894531,30.0,74.14559936523438,33.42594909667969,25.840511322021484,2
11:12:27.402,3.583868980407715,470.8918151855469,30.0,24.103918075561523,53.65379333496094,75.88218688964844,2
11:12:27.402,0.649775505065918,463.55999755859375,30.0,75.77104187011719,55.65434646606445,24.21506118774414,2
11:12:27.402,4.1428351402282715,470.145751953125,30.0,26.924144744873047,29.313697814941406,73.06195831298828,2
11:12:27.402,1.3041017055511475,476.25531005859375,30.0,61.85051345825195,75.04862213134766,24.937482833862305,2
11:12:27.402,4.69642448425293,468.5371398925781,30.0,49.2775764465332,24.02056121826172,75.96554565429688,2
11:12:27.402,1.8859399557113647,474.0716552734375,30.0,36.05168151855469,74.68741607666016,25.298694610595703,2
11:12:27.402,5.256901741027832,470.7221374511719,30.0,72.75631713867188,27.229785919189453,71.67268371582031,2
11:12:27.402,2.388427257537842,467.5320739746094,30.0,24.687414169311523,75.29869842529297,39.74715042114258,2
11:12:27.402,5.834639072418213,470.65350341796875,30.0,75.89608764648438,24.090024948120117,46.624061584472656,2
11:12:27.402,2.9310851097106934,466.7361755371094,30.0,25.27090835571289,74.71519470214844,63.851070404052734,2
11:12:27.402,0.11552358418703079,464.35052490234375,30.0,73.83995819091797,32.13392639160156,26.14615249633789,2
11:12:27.402,3.5110673904418945,468.38189697265625,30.0,24.326202392578125,56.90469741821289,75.65990447998047,2
11:12:27.402,0.5565683245658875,460.06536865234375,30.0,75.96554565429688,51.472633361816406,24.02056121826172,2
11:12:27.403,4.083316802978516,471.1590576171875,30.0,26.257293701171875,31.71714210510254,73.72881317138672,2
11:12:27.403,1.220746636390686,472.81597900390625,30.0,65.42095184326172,74.39566040039062,25.59044075012207,2
11:12:27.403,4.614863395690918,466.436767578125,30.0,45.60988998413086,24.131702423095703,75.85440063476562,2
11:12:27.403,1.848075270652771,475.89715576171875,30.0,37.67713165283203,74.97916412353516,25.006946563720703,2
11:12:27.403,5.231817245483398,470.8604431152344,30.0,72.32564544677734,27.43817901611328,72.54792785644531,2
11:12:27.403,2.3548595905303955,467.3172912597656,30.0,24.909696578979492,75.07640838623047,38.288414001464844,2
11:12:27.403,5.826144695281982,472.3634033203125,30.0,75.90997314453125,24.07613182067871,46.99916458129883,2
11:12:27.403,2.9476585388183594,470.3622741699219,30.0,25.409835815429688,74.5762710571289,64.55960083007812,2
11:12:27.403,0.12009881436824799,464.4233703613281,30.0,73.88162994384766,32.32842254638672,26.104473114013672,2
11:12:27.403,3.5150339603424072,468.5407409667969,30.0,24.298416137695312,56.724090576171875,75.68769073486328,2
11:12:27.403,0.5778659582138062,461.8255920410156,30.0,75.93775939941406,52.43123245239258,24.0483455657959,2
11:12:27.403,4.1028828620910645,470.3971862792969,30.0,26.46568489074707,30.925256729125977,73.52042388916016,2
11:12:27.403,1.2441561222076416,473.0758972167969,30.0,64.43456268310547,74.60405731201172,25.382051467895508,2
11:12:27.403,4.646701812744141,466.9851989746094,30.0,47.04084396362305,24.062240600585938,75.92386627197266,2
11:12:27.403,1.8682458400726318,475.6444091796875,30.0,36.8018913269043,74.82633972167969,25.159767150878906,2
11:12:27.403,5.2414679527282715,469.6374206542969,30.0,72.56182098388672,27.424283981323242,72.28396606445312,2
11:12:27.714,2.3597822189331055,465.5792236328125,30.0,24.868019104003906,75.11808776855469,38.496803283691406,2
11:12:27.714,5.814632892608643,470.06536865234375,30.0,75.93775939941406,24.0483455657959,47.51319885253906,2
11:12:27.714,2.9129321575164795,467.8212890625,30.0,25.131982803344727,74.8541259765625,63.07307434082031,2
11:12:27.714,0.09281239658594131,462.16485595703125,30.0,73.6037826538086,31.20311164855957,26.382328033447266,2
11:12:27.715,3.479188919067383,468.6558837890625,30.0,24.46512794494629,58.321754455566406,75.52098083496094,2
11:12:27.715,0.5684158802032471,462.6712341308594,30.0,75.95165252685547,52.01444625854492,24.034454345703125,2
11:12:27.715,4.060598850250244,470.0528564453125,30.0,26.021116256713867,32.66184997558594,73.9649887084961,2
11:12:27.715,1.2013351917266846,472.3314208984375,30.0,66.2406234741211,74.21505737304688,25.77104949951172,2
11:12:27.715,4.605658531188965,466.98529052734375,30.0,45.19310760498047,24.159488677978516,75.82662200927734,2
11:12:27.715,1.804126501083374,473.4533996582031,30.0,39.594329833984375,75.27091217041016,24.715198516845703,2
11:12:27.715,5.188277244567871,469.5110778808594,30.0,70.60295104980469,26.896360397338867,73.08975219726562,2
11:12:27.715,2.3090288639068604,464.71441650390625,30.0,25.24312400817871,74.74298095703125,36.315643310546875,2
11:12:27.715,5.743158340454102,470.06488037109375,30.0,75.96554565429688,24.02056121826172,50.73631286621094,2
11:12:27.715,2.86183500289917,468.05902099609375,30.0,24.7846622467041,75.20144653320312,60.86412811279297,2
11:12:27.715,0.035602133721113205,469.9861755371094,30.0,72.93692779541016,28.896915435791016,27.04918098449707,2
11:12:27.715,3.441053867340088,469.4452819824219,30.0,24.65962791442871,59.988887786865234,75.32647705078125,2
11:12:27.715,0.5243518352508545,463.0863037109375,30.0,75.97943878173828,50.02778625488281,24.006669998168945,2
11:12:27.715,4.031595706939697,471.12408447265625,30.0,25.743261337280273,33.87051773071289,74.24285125732422,2
11:12:27.715,1.1794867515563965,477.200927734375,30.0,67.15753936767578,74.00666809082031,25.97943878173828,2
11:12:27.715,4.60667610168457,469.2942810058594,30.0,45.248680114746094,24.159488677978516,75.82662200927734,2
11:12:27.715,1.8304940462112427,477.37396240234375,30.0,38.44123458862305,75.10419464111328,24.881912231445312,2
11:12:27.715,5.177886962890625,469.4855041503906,30.0,70.18616485595703,26.771324157714844,73.21478271484375,2
11:12:27.715,2.332833766937256,469.18243408203125,30.0,25.062517166137695,74.92359161376953,37.32981491088867,2
11:12:27.715,5.785608291625977,472.4442138671875,30.0,75.96554565429688,24.02056121826172,48.819114685058594,2
11:12:27.715,2.8702239990234375,467.07989501953125,30.0,24.840232849121094,75.1458740234375,61.225341796875,2
11:12:27.715,0.08301205188035965,472.46490478515625,30.0,73.49263763427734,30.80022430419922,26.493471145629883,2
11:12:27.715,3.468452215194702,470.4736022949219,30.0,24.506807327270508,58.79410934448242,75.47930145263672,2
11:12:27.715,0.5405102372169495,463.17352294921875,30.0,75.96554565429688,50.750205993652344,24.02056121826172,2
11:12:27.715,4.029974937438965,470.2110290527344,30.0,25.715476989746094,33.93998336791992,74.2706298828125,2
11:12:27.715,1.170152187347412,476.1604309082031,30.0,67.54653930664062,73.9233169555664,26.062795639038086,2
11:12:27.715,4.586902618408203,468.1222839355469,30.0,44.35954284667969,24.21506118774414,75.77104187011719,2
11:12:28.025,1.7735042572021484,473.45697021484375,30.0,40.928035736083984,75.4376220703125,24.548486709594727,2
11:12:28.339,5.155008792877197,468.3278503417969,30.0,69.26924133300781,26.521257400512695,73.46485137939453,2
11:12:28.339,2.310856580734253,467.507568359375,30.0,25.229230880737305,74.75688171386719,36.385108947753906,2
11:12:28.339,5.741938591003418,470.63763427734375,30.0,75.96554565429688,24.02056121826172,50.79188919067383,2
11:12:28.339,2.839938163757324,466.6767578125,30.0,24.645734786987305,75.34037017822266,59.9055290222168,2
11:12:28.339,0.040120929479599,471.9569396972656,30.0,72.99250030517578,29.0775203704834,26.993608474731445,2
11:12:28.339,3.4162497520446777,468.44549560546875,30.0,24.812448501586914,61.08641052246094,75.17366027832031,2
11:12:28.339,0.477030873298645,460.95721435546875,30.0,75.95165252685547,47.90219497680664,24.034454345703125,2
11:12:28.339,3.9895262718200684,470.81390380859375,30.0,25.36815643310547,35.64878845214844,74.61795043945312,2
11:12:28.339,1.1069412231445312,473.7664794921875,30.0,70.1305923461914,73.22867584228516,26.757434844970703,2
11:12:28.339,4.533641815185547,467.41546630859375,30.0,41.997779846191406,24.423450469970703,75.56265258789062,2
11:12:28.339,1.7437217235565186,474.7474670410156,30.0,42.24784851074219,75.59044647216797,24.395666122436523,2
11:12:28.339,5.149467945098877,470.6644287109375,30.0,69.04695892333984,26.451793670654297,73.53431701660156,2
11:12:28.339,2.287684202194214,467.0919189453125,30.0,25.409835815429688,74.5762710571289,35.398719787597656,2
11:12:28.340,5.733231544494629,471.8832092285156,30.0,75.96554565429688,24.02056121826172,51.18088150024414,2
11:12:28.340,2.83465313911438,469.447265625,30.0,24.617948532104492,75.36815643310547,59.669349670410156,2
11:12:28.340,0.042112648487091064,472.8011169433594,30.0,73.0202865600586,29.146984100341797,26.965824127197266,2
11:12:28.340,3.422638177871704,468.7138977050781,30.0,24.770769119262695,60.79466247558594,75.21533966064453,2
11:12:28.340,0.4898434281349182,461.9725341796875,30.0,75.96554565429688,48.471797943115234,24.02056121826172,2
11:12:28.340,4.010619163513184,470.7611083984375,30.0,25.54876136779785,34.7596549987793,74.43734741210938,2
11:12:28.340,1.1301860809326172,472.1935729980469,30.0,69.18588256835938,73.49263763427734,26.493471145629883,2
11:12:28.340,4.546887397766113,466.4984436035156,30.0,42.58127212524414,24.36787986755371,75.61822509765625,2
11:12:28.340,1.7655977010726929,475.01751708984375,30.0,41.28924560546875,75.47930145263672,24.506807327270508,2
11:12:28.340,5.1482086181640625,469.8971862792969,30.0,68.99138641357422,26.437898635864258,73.54821014404297,2
11:12:28.340,2.282499074935913,464.7545471191406,30.0,25.465408325195312,74.52069854736328,35.17643737792969,2
11:12:28.340,5.71191930770874,469.5577392578125,30.0,75.93775939941406,24.0483455657959,52.13948440551758,2
11:12:28.340,2.833592176437378,469.1190490722656,30.0,24.617948532104492,75.36815643310547,59.6137809753418,2
11:12:28.340,0.0038387139793485403,470.388427734375,30.0,72.54792785644531,27.646568298339844,27.43817901611328,2
11:12:28.340,3.3854386806488037,468.80584716796875,30.0,25.020837783813477,62.42011642456055,74.96527099609375,2
11:12:28.340,0.47957009077072144,462.9376220703125,30.0,75.95165252685547,48.01333999633789,24.034454345703125,2
11:12:28.340,3.966560125350952,469.1474304199219,30.0,25.187551498413086,36.63517379760742,74.79855346679688,2
11:12:28.652,1.086987853050232,471.3617858886719,30.0,70.92247772216797,72.99250030517578,26.993608474731445,2
11:12:28.652,4.513298511505127,466.99969482421875,30.0,41.09474563598633,24.520700454711914,75.46540832519531,2
11:12:28.652,1.711166501045227,473.02496337890625,30.0,43.692691802978516,75.7154769897461,24.270631790161133,2
11:12:28.652,5.095654487609863,469.3377685546875,30.0,66.8241195678711,25.896081924438477,74.09002685546875,2
11:12:28.652,2.2442548274993896,466.3875732421875,30.0,25.7988338470459,74.18727111816406,33.56488037109375,2
11:12:28.652,5.6722869873046875,470.46795654296875,30.0,75.86829376220703,24.11781120300293,53.917755126953125,2
11:12:28.652,2.780441999435425,468.5660400390625,30.0,24.353986740112305,75.63211822509766,57.265907287597656,2
11:12:28.652,6.235246658325195,470.7314758300781,30.0,73.08975219726562,26.896360397338867,29.383161544799805,2
11:12:28.652,3.3562240600585938,468.6310119628906,30.0,25.24312400817871,63.67046356201172,74.74298095703125,2
11:12:28.652,0.42650115489959717,461.7499084472656,30.0,75.85440063476562,45.62378692626953,24.131702423095703,2
11:12:28.652,3.94960355758667,471.5647277832031,30.0,25.062517166137695,37.371490478515625,74.92359161376953,2
11:12:28.652,1.0630043745040894,476.8885498046875,30.0,71.8810806274414,72.70075225830078,27.285358428955078,2
11:12:28.652,4.521601676940918,469.814208984375,30.0,41.45595932006836,24.479022979736328,75.50708770751953,2
11:12:28.652,1.7256321907043457,476.927734375,30.0,43.053627014160156,75.65990447998047,24.326202392578125,2
11:12:28.652,5.08467435836792,469.0944519042969,30.0,66.36566162109375,25.7988338470459,74.18727111816406,2
11:12:28.652,2.2654809951782227,469.848388671875,30.0,25.604333877563477,74.38177490234375,34.45401382446289,2
11:12:28.652,5.692070960998535,472.0482177734375,30.0,75.90997314453125,24.07613182067871,53.02861785888672,2
11:12:28.652,2.7674927711486816,466.0296630859375,30.0,24.298416137695312,75.68769073486328,56.6963005065918,2
11:12:28.652,6.269145965576172,472.1355285644531,30.0,72.67296600341797,27.313142776489258,28.035566329956055,2
11:12:28.652,3.381834030151367,471.46832275390625,30.0,25.048625946044922,62.57293701171875,74.9374771118164,2
11:12:28.652,0.46825024485588074,464.7861633300781,30.0,75.93775939941406,47.499305725097656,24.0483455657959,2
11:12:28.653,3.9484472274780273,471.1852722167969,30.0,25.048625946044922,37.413169860839844,74.9374771118164,2
11:12:28.653,1.0546938180923462,475.8100891113281,30.0,72.20061492919922,72.58960723876953,27.396499633789062,2
11:12:28.653,4.5053791999816895,468.7544860839844,30.0,40.747432708740234,24.5623779296875,75.4237289428711,2
11:12:28.653,1.691552758216858,474.1592102050781,30.0,44.567935943603516,75.78494262695312,24.2011661529541,2
11:12:28.653,5.074474334716797,468.9050598144531,30.0,65.93498229980469,25.701581954956055,74.2845230102539,2
11:12:28.653,2.2535693645477295,467.2644348144531,30.0,25.715476989746094,74.2706298828125,33.95387649536133,2
11:12:28.653,5.649377346038818,469.6478576660156,30.0,75.81272888183594,24.173381805419922,54.94581985473633,2
11:12:28.653,2.746621608734131,465.5302429199219,30.0,24.228952407836914,75.75714874267578,55.7654914855957,2
11:12:28.653,6.235735893249512,470.948486328125,30.0,73.08975219726562,26.896360397338867,29.3692684173584,2
11:12:28.653,3.332404613494873,470.19482421875,30.0,25.437620162963867,64.69853210449219,74.5484848022461,2
11:12:28.653,0.39801573753356934,460.662353515625,30.0,75.77104187011719,44.35954284667969,24.21506118774414,2
11:12:28.654,3.8955271244049072,469.9173583984375,30.0,24.701305389404297,39.71936798095703,75.28480529785156,2
11:12:28.654,0.9981843829154968,473.8599853515625,30.0,73.10364532470703,70.56126403808594,26.88246726989746,2
11:12:28.654,4.442997455596924,466.5301513671875,30.0,38.01055908203125,24.95137596130371,75.03472900390625,2
11:12:28.654,1.661924958229065,475.4017333984375,30.0,45.90163803100586,75.86829376220703,24.11781120300293,2
11:12:28.654,5.0557355880737305,469.8879089355469,30.0,65.14309692382812,25.53487205505371,74.45124053955078,2
11:12:28.654,2.227374315261841,466.7124938964844,30.0,25.965543746948242,74.02056121826172,32.85634994506836,2
11:12:28.654,5.649874210357666,472.6453857421875,30.0,75.81272888183594,24.173381805419922,54.918033599853516,2
11:12:28.654,2.7631051540374756,470.4583740234375,30.0,24.284523010253906,75.70158386230469,56.50180435180664,2
11:12:28.654,6.240726470947266,473.136474609375,30.0,73.0202865600586,26.965824127197266,29.160877227783203,2
11:12:28.654,3.3139777183532715,467.2532958984375,30.0,25.604333877563477,65.47651672363281,74.38177490234375,2
11:12:28.654,0.4022250771522522,461.7981872558594,30.0,75.78494262695312,44.5401496887207,24.2011661529541,2
11:12:28.654,3.929565191268921,471.6177062988281,30.0,24.909696578979492,38.23284149169922,75.07640838623047,2
11:12:28.654,0.990452766418457,472.5157165527344,30.0,73.18699645996094,70.24172973632812,26.799110412597656,2
11:12:28.654,4.459663391113281,466.68292236328125,30.0,38.74687576293945,24.840232849121094,75.1458740234375,2
11:12:28.654,1.6497222185134888,473.91461181640625,30.0,46.44345474243164,75.89608764648438,24.090024948120117,2
11:12:28.654,5.044188976287842,469.22625732421875,30.0,64.65684509277344,25.423728942871094,74.5623779296875,2
11:12:28.654,2.2308435440063477,463.6243896484375,30.0,25.937759399414062,74.04834747314453,33.0091667175293,2
11:12:28.654,5.599063873291016,469.50238037109375,30.0,75.64601135253906,24.34009552001953,57.18254852294922,2
11:12:28.654,2.72044038772583,467.99053955078125,30.0,24.14559555053711,75.84050750732422,54.5984992980957,2
11:12:28.654,6.196110725402832,471.5711364746094,30.0,73.53431701660156,26.451793670654297,30.966934204101562,2
11:12:28.654,3.2789089679718018,468.57550048828125,30.0,25.92386817932129,66.94915008544922,74.06224060058594,2
11:12:28.654,0.37553781270980835,462.0345153808594,30.0,75.68769073486328,43.35926818847656,24.298416137695312,2
11:12:28.654,3.8764612674713135,470.8478088378906,30.0,24.590164184570312,40.55293273925781,75.39594268798828,2
11:12:28.654,0.9702954292297363,465.8173522949219,30.0,73.42317199707031,69.43595123291016,26.56293487548828,2
11:12:28.654,4.413776397705078,466.7135314941406,30.0,36.76021194458008,25.159767150878906,74.82633972167969,2
11:12:28.654,1.5974767208099365,472.87847900390625,30.0,48.79133224487305,75.96554565429688,24.02056121826172,2
11:12:28.654,5.003939151763916,469.9654541015625,30.0,62.934146881103516,25.10419464111328,74.88191223144531,2
11:12:28.654,2.168863534927368,473.7169494628906,30.0,26.59071922302246,73.3953857421875,30.452903747558594,2
11:12:28.654,5.549488067626953,469.5224609375,30.0,75.39594268798828,24.590164184570312,59.37760543823242,2
11:12:28.654,2.6673665046691895,467.39898681640625,30.0,24.0483455657959,75.93775939941406,52.208946228027344,2
11:12:28.654,6.121222972869873,469.7801513671875,30.0,74.29841613769531,25.68769073486328,34.06501770019531,2
11:12:28.965,3.2516560554504395,469.1682434082031,30.0,26.20172119140625,68.074462890625,73.78438568115234,2
11:12:28.966,0.33909085392951965,462.85015869140625,30.0,75.53486633300781,41.73381805419922,24.451236724853516,2
11:12:28.966,3.83303165435791,470.0908508300781,30.0,24.381772994995117,42.470130920410156,75.60433959960938,2
11:12:28.966,0.8735119104385376,461.8842468261719,30.0,74.39566040039062,65.42095184326172,25.59044075012207,2
11:12:28.966,4.402851104736328,469.590576171875,30.0,36.28786087036133,25.24312400817871,74.74298095703125,2
11:12:28.966,1.6113195419311523,475.83172607421875,30.0,48.16615676879883,75.95165252685547,24.034454345703125,2
11:12:28.966,4.971234321594238,468.5255126953125,30.0,61.51708984375,24.881912231445312,75.10419464111328,2
11:12:28.967,2.191610097885132,469.6647644042969,30.0,26.340652465820312,73.64545440673828,31.383716583251953,2
11:12:28.967,5.576869964599609,471.90399169921875,30.0,75.53486633300781,24.451236724853516,58.16893768310547,2
11:12:28.967,2.6571052074432373,466.0225524902344,30.0,24.034454345703125,75.95165252685547,51.75048828125,2
11:12:28.967,6.156682968139648,472.52386474609375,30.0,73.95109558105469,26.035011291503906,32.592384338378906,2
11:12:28.967,3.255434036254883,470.6141357421875,30.0,26.160043716430664,67.92164611816406,73.82606506347656,2
11:12:28.967,0.34130215644836426,463.28173828125,30.0,75.54875946044922,41.83106231689453,24.43734359741211,2
11:12:28.967,3.809875965118408,469.31854248046875,30.0,24.284523010253906,43.49819564819336,75.70158386230469,2
11:12:28.967,0.8745438456535339,462.1349182128906,30.0,74.39566040039062,65.46263122558594,25.59044075012207,2
11:12:28.967,4.386045932769775,468.4940185546875,30.0,35.56543731689453,25.382051467895508,74.60405731201172,2
11:12:28.967,1.5675690174102783,473.5510559082031,30.0,50.1389274597168,75.97943878173828,24.006669998168945,2
11:12:28.967,4.951175212860107,468.68634033203125,30.0,60.641841888427734,24.742984771728516,75.24311828613281,2
11:12:28.967,2.177553415298462,476.95513916015625,30.0,26.493471145629883,73.49263763427734,30.81411361694336,2
11:12:28.967,5.533699989318848,470.6733093261719,30.0,75.31258392333984,24.673519134521484,60.072242736816406,2
11:12:28.967,2.636314630508423,466.0979919433594,30.0,24.02056121826172,75.96554565429688,50.819671630859375,2
11:12:28.967,6.1238603591918945,471.31854248046875,30.0,74.2706298828125,25.715476989746094,33.967769622802734,2
11:12:28.967,3.2010414600372314,469.2729797363281,30.0,26.757434844970703,70.14448547363281,73.22867584228516,2
11:12:28.967,0.2869337499141693,460.6671447753906,30.0,75.24311828613281,39.44150924682617,24.742984771728516,2
11:12:28.967,3.779554843902588,469.9110107421875,30.0,24.187274932861328,44.859683990478516,75.79883575439453,2
11:12:28.967,0.8680505752563477,463.9871826171875,30.0,74.45124053955078,65.18476867675781,25.53487205505371,2
11:12:28.967,4.3348212242126465,466.5876770019531,30.0,33.39816665649414,25.840511322021484,74.14559936523438,2
11:12:28.967,1.5472517013549805,475.4030456542969,30.0,51.05584716796875,75.96554565429688,24.02056121826172,2
11:12:28.967,4.94251012802124,469.8812561035156,30.0,60.252845764160156,24.701305389404297,75.28480529785156,2
11:12:28.967,2.133157730102539,475.83245849609375,30.0,27.00750160217285,72.97860717773438,29.02195167541504,2
11:12:28.967,5.533436298370361,472.66552734375,30.0,75.31258392333984,24.673519134521484,60.08613586425781,2
11:12:28.967,2.650805711746216,470.502197265625,30.0,24.02056121826172,75.96554565429688,51.472633361816406,2
11:12:29.280,6.126296520233154,473.133544921875,30.0,74.24285125732422,25.743261337280273,33.85662841796875,2
11:12:29.281,3.20817494392395,467.5808410644531,30.0,26.674076080322266,69.85273742675781,73.3120346069336,2
11:12:29.281,0.3051164150238037,461.8927917480469,30.0,75.35426330566406,40.2333984375,24.6318416595459,2
11:12:29.281,3.8148558139801025,471.69940185546875,30.0,24.298416137695312,43.28980255126953,75.68769073486328,2
11:12:29.281,0.8667738437652588,463.6623229980469,30.0,74.46513366699219,65.12920379638672,25.520977020263672,2
11:12:29.281,4.3575639724731445,466.7502136230469,30.0,34.35676574707031,25.632118225097656,74.35398864746094,2
11:12:29.281,1.5468566417694092,475.0594177246094,30.0,51.06974411010742,75.96554565429688,24.02056121826172,2
11:12:29.281,4.930907249450684,469.07122802734375,30.0,59.752708435058594,24.6318416595459,75.35426330566406,2
11:12:29.281,2.1302649974823,474.45904541015625,30.0,27.035287857055664,72.95082092285156,28.910810470581055,2
11:12:29.281,5.503975868225098,470.2232666015625,30.0,75.1319808959961,24.8541259765625,61.3642692565918,2
11:12:29.281,2.6313529014587402,469.08392333984375,30.0,24.02056121826172,75.96554565429688,50.597389221191406,2
11:12:29.281,6.09307336807251,471.22674560546875,30.0,74.5484848022461,25.437620162963867,35.259796142578125,2
11:12:29.281,3.182753324508667,468.86175537109375,30.0,26.979717254638672,70.86690521240234,73.00639343261719,2
11:12:29.281,0.29230615496635437,462.1086120605469,30.0,75.28480529785156,39.67768859863281,24.701305389404297,2
11:12:29.281,3.770411252975464,470.7573547363281,30.0,24.159488677978516,45.2625732421875,75.82662200927734,2
11:12:29.281,0.8591721057891846,464.980224609375,30.0,74.52069854736328,64.8096694946289,25.465408325195312,2
11:12:29.281,4.3376312255859375,467.6665954589844,30.0,33.52320098876953,25.812726974487305,74.17337799072266,2
11:12:29.281,1.5046930313110352,472.3079833984375,30.0,52.95915603637695,75.92386627197266,24.062240600585938,2
11:12:29.281,4.910879611968994,469.9267272949219,30.0,58.86357498168945,24.520700454711914,75.46540832519531,2
11:12:29.281,2.0897908210754395,474.5904541015625,30.0,27.674352645874023,72.54792785644531,27.43817901611328,2
11:12:29.281,5.477129936218262,470.64495849609375,30.0,74.9374771118164,25.048625946044922,62.53125762939453,2
11:12:29.281,2.5978877544403076,468.637451171875,30.0,24.02056121826172,75.96554565429688,49.08307647705078,2
11:12:29.281,6.051101207733154,470.7930603027344,30.0,74.88191223144531,25.10419464111328,37.065853118896484,2
11:12:29.281,3.172734022140503,469.2125244140625,30.0,27.10474967956543,71.2697982788086,72.88135528564453,2
11:12:29.281,0.26026651263237,462.0799560546875,30.0,75.07640838623047,38.27452087402344,24.909696578979492,2
11:12:29.281,3.7504048347473145,471.6990966796875,30.0,24.103918075561523,46.16559982299805,75.88218688964844,2
11:12:29.281,0.8178263306617737,463.6559753417969,30.0,74.8541259765625,63.045291900634766,25.131982803344727,2
11:12:29.281,4.328007221221924,469.9031066894531,30.0,33.12031173706055,25.909975051879883,74.07613372802734,2
11:12:29.281,1.5378164052963257,477.01617431640625,30.0,51.472633361816406,75.96554565429688,24.02056121826172,2
11:12:29.281,4.900389671325684,469.3523254394531,30.0,58.405113220214844,24.46512794494629,75.52098083496094,2
11:12:29.281,2.1176137924194336,477.9446105957031,30.0,27.202001571655273,72.78411102294922,28.410669326782227,2
11:12:29.595,5.504106044769287,472.0950012207031,30.0,75.1319808959961,24.8541259765625,61.3642692565918,2
11:12:29.595,2.5771567821502686,466.1503601074219,30.0,24.034454345703125,75.95165252685547,48.15226364135742,2
11:12:29.595,6.073424339294434,472.5373840332031,30.0,74.70130157470703,25.284799575805664,36.10725021362305,2
11:12:29.595,3.182354211807251,471.6134338378906,30.0,26.979717254638672,70.88079833984375,73.00639343261719,2
11:12:29.595,0.2702777683734894,463.2356872558594,30.0,75.1458740234375,38.71908950805664,24.840232849121094,2
11:12:29.595,3.737102746963501,469.6785888671875,30.0,24.07613182067871,46.76299285888672,75.90997314453125,2
11:12:29.595,0.8066467046737671,462.4415283203125,30.0,74.9374771118164,62.559043884277344,25.048625946044922,2
11:12:29.595,4.308384895324707,467.85101318359375,30.0,32.30064010620117,26.104473114013672,73.88162994384766,2
11:12:29.595,1.471264362335205,473.7181701660156,30.0,54.459571838378906,75.84050750732422,24.14559555053711,2
11:12:29.595,4.856833457946777,468.4361572265625,30.0,56.47401809692383,24.284523010253906,75.70158386230469,2
11:12:29.595,2.0820486545562744,476.2364501953125,30.0,27.97999382019043,72.64517974853516,27.340927124023438,2
11:12:29.595,5.449140548706055,470.357666015625,30.0,74.72908782958984,25.257015228271484,63.739925384521484,2
11:12:29.595,2.54634690284729,466.21124267578125,30.0,24.07613182067871,75.90997314453125,46.77688217163086,2
11:12:29.595,6.019238471984863,470.6986083984375,30.0,75.10419464111328,24.881912231445312,38.44123458862305,2
11:12:29.595,3.103090763092041,469.7509765625,30.0,27.00750160217285,72.97860717773438,70.9780502319336,2
11:12:29.595,0.2125159054994583,460.32330322265625,30.0,74.72908782958984,36.21839141845703,25.257015228271484,2
11:12:29.595,3.6861205101013184,469.89801025390625,30.0,24.02056121826172,49.055294036865234,75.96554565429688,2
11:12:29.595,0.770133376121521,463.9793395996094,30.0,75.18755340576172,60.97527313232422,24.798555374145508,2
11:12:29.595,4.260669708251953,467.2698669433594,30.0,30.355653762817383,26.61850357055664,73.36759948730469,2
11:12:29.595,1.4391911029815674,475.217529296875,30.0,55.9044189453125,75.7432632446289,24.24284553527832,2
11:12:29.595,4.8380842208862305,469.53125,30.0,55.64045333862305,24.21506118774414,75.77104187011719,2
11:12:29.595,2.05145525932312,476.1714172363281,30.0,29.188663482666016,73.03417205810547,26.951929092407227,2
11:12:29.595,5.428864479064941,471.66680908203125,30.0,74.5623779296875,25.423728942871094,64.60128021240234,2
11:12:29.596,2.561431646347046,470.1380920410156,30.0,24.0483455657959,75.93775939941406,47.4437370300293,2
11:12:29.596,6.03292179107666,472.4802551269531,30.0,75.00694274902344,24.97916030883789,37.84384536743164,2
11:12:29.596,3.1181559562683105,468.5999755859375,30.0,27.188106536865234,72.79800415039062,71.575439453125,2
11:12:29.596,0.23341701924800873,461.8340148925781,30.0,74.88191223144531,37.12142562866211,25.10419464111328,2
11:12:29.596,3.709735631942749,470.36224365234375,30.0,24.034454345703125,47.98554992675781,75.95165252685547,2
11:12:29.596,0.7990386486053467,464.31988525390625,30.0,74.99305725097656,62.225616455078125,24.993053436279297,2
11:12:29.596,4.286900043487549,467.06500244140625,30.0,31.425395965576172,26.326757431030273,73.65934753417969,2
11:12:29.596,1.4624454975128174,474.12078857421875,30.0,54.862464904785156,75.82662200927734,24.159488677978516,2
11:12:30.225,4.8377532958984375,469.4258117675781,30.0,0.0,0.0,0.0,0
11:12:30.225,4.8377532958984375,469.4258117675781,30.0,0.0,0.0,0.0,0
11:12:30.225,4.8377532958984375,469.4258117675781,30.0,0.0,0.0,0.0,0
11:12:30.225,4.8377532958984375,469.4258117675781,30.0,0.0,0.0,0.0,0
11:12:30.225,4.8377532958984375,469.4258117675781,30.0,0.0,0.0,0.0,0
11:12:30.225,4.8377532958984375,469.4258117675781,30.0,0.0,0.0,0.0,0
11:12:30.225,4.8377532958984375,469.4258117675781,30.0,0.0,0.0,0.0,0
11:12:30.225,4.8377532958984375,469.4258117675781,30.0,0.0,0.0,0.0,0
11:12:30.225,4.8377532958984375,469.4258117675781,30.0,0.0,0.0,0.0,0
11:12:30.225,4.8377532958984375,469.4258117675781,30.0,0.0,0.0,0.0,0
11:12:30.225,4.8377532958984375,469.4258117675781,30.0,0.0,0.0,0.0,0
11:12:30.225,4.8377532958984375,469.4258117675781,30.0,0.0,0.0,0.0,0
11:12:30.225,4.8377532958984375,469.4258117675781,30.0,0.0,0.0,0.0,0
11:12:30.225,4.8377532958984375,469.4258117675781,30.0,0.0,0.0,0.0,0
11:12:30.225,4.8377532958984375,469.4258117675781,30.0,0.0,0.0,0.0,0
11:12:30.225,4.8377532958984375,469.4258117675781,30.0,0.0,0.0,0.0,0
11:12:30.225,4.8377532958984375,469.4258117675781,30.0,0.0,0.0,0.0,0
11:12:30.225,4.8377532958984375,469.4258117675781,30.0,0.0,0.0,0.0,0
11:12:30.225,4.8377532958984375,469.4258117675781,30.0,0.0,0.0,0.0,0
11:12:30.225,4.8377532958984375,469.4258117675781,30.0,0.0,0.0,0.0,0
11:12:30.225,4.8377532958984375,469.4258117675781,30.0,0.0,0.0,0.0,0
11:12:30.225,4.8377532958984375,469.4258117675781,30.0,0.0,0.0,0.0,0
11:12:30.225,4.8377532958984375,469.4258117675781,30.0,0.0,0.0,0.0,0
11:12:30.225,4.8377532958984375,469.4258117675781,30.0,0.0,0.0,0.0,0
11:12:30.225,4.8377532958984375,469.4258117675781,30.0,0.0,0.0,0.0,0
11:12:30.225,4.8377532958984375,469.4258117675781,30.0,0.0,0.0,0.0,0
11:12:30.225,4.8377532958984375,469.4258117675781,30.0,0.0,0.0,0.0,0
11:12:30.225,4.8377532958984375,469.4258117675781,30.0,0.0,0.0,0.0,0
11:12:30.225,4.8377532958984375,469.4258117675781,30.0,0.0,0.0,0.0,0
11:12:30.225,4.8377532958984375,469.4258117675781,30.0,0.0,0.0,0.0,0
11:12:30.225,4.8377532958984375,469.4258117675781,30.0,0.0,0.0,0.0,0
11:12:30.225,4.8377532958984375,469.4258117675781,30.0,0.0,0.0,0.0,0
11:12:30.371,4.8377532958984375,469.4258117675781,30.0,0.0,0.0,0.0,0
11:12:30.371,4.8377532958984375,469.4258117675781,30.0,0.0,0.0,0.0,0
11:12:30.371,4.8377532958984375,469.4258117675781,30.0,0.0,0.0,0.0,0
11:12:30.371,4.8377532958984375,469.4258117675781,30.0,0.0,0.0,0.0,0
11:12:30.371,4.8377532958984375,469.4258117675781,30.0,0.0,0.0,0.0,0
11:12:30.371,4.8377532958984375,469.4258117675781,30.0,0.0,0.0,0.0,0
11:12:30.371,4.8377532958984375,469.4258117675781,30.0,0.0,0.0,0.0,0
11:12:30.371,4.8377532958984375,469.4258117675781,30.0,0.0,0.0,0.0,0
11:12:30.371,4.8377532958984375,469.4258117675781,30.0,0.0,0.0,0.0,0
11:12:30.371,4.8377532958984375,469.4258117675781,30.0,0.0,0.0,0.0,0
11:12:30.371,4.8377532958984375,469.4258117675781,30.0,0.0,0.0,0.0,0
11:12:30.371,4.8377532958984375,469.4258117675781,30.0,0.0,0.0,0.0,0
11:12:30.371,4.8377532958984375,469.4258117675781,30.0,0.0,0.0,0.0,0
11:12:30.371,4.8377532958984375,469.4258117675781,30.0,0.0,0.0,0.0,0
11:12:30.371,4.8377532958984375,469.4258117675781,30.0,0.0,0.0,0.0,0
11:12:30.371,4.8377532958984375,469.4258117675781,30.0,0.0,0.0,0.0,0
11:12:30.371,4.8377532958984375,469.4258117675781,30.0,0.0,0.0,0.0,0
11:12:30.371,4.8377532958984375,469.4258117675781,30.0,0.0,0.0,0.0,0
11:12:30.371,4.8377532958984375,469.4258117675781,30.0,0.0,0.0,0.0,0
11:12:30.371,4.8377532958984375,469.4258117675781,30.0,0.0,0.0,0.0,0
11:12:30.371,4.8377532958984375,469.4258117675781,30.0,0.0,0.0,0.0,0
11:12:30.371,4.8377532958984375,469.4258117675781,30.0,0.0,0.0,0.0,0
11:12:30.371,4.8377532958984375,469.4258117675781,30.0,0.0,0.0,0.0,0
11:12:30.371,4.8377532958984375,469.4258117675781,30.0,0.0,0.0,0.0,0
11:12:30.371,4.8377532958984375,469.4258117675781,30.0,0.0,0.0,0.0,0
11:12:30.371,4.8377532958984375,469.4258117675781,30.0,0.0,0.0,0.0,0
11:12:30.371,4.8377532958984375,469.4258117675781,30.0,0.0,0.0,0.0,0
11:12:30.371,4.8377532958984375,469.4258117675781,30.0,0.0,0.0,0.0,0
11:12:30.371,4.8377532958984375,469.4258117675781,30.0,0.0,0.0,0.0,0
11:12:30.371,4.8377532958984375,469.4258117675781,30.0,0.0,0.0,0.0,0
11:12:30.371,4.8377532958984375,469.4258117675781,30.0,0.0,0.0,0.0,0
11:12:30.371,4.8377532958984375,469.4258117675781,30.0,0.0,0.0,0.0,0
11:12:30.469,4.8377532958984375,469.4258117675781,30.0,0.0,0.0,0.0,0
11:12:30.469,4.8377532958984375,469.4258117675781,30.0,0.0,0.0,0.0,0
11:12:30.469,4.8377532958984375,469.4258117675781,30.0,0.0,0.0,0.0,0
11:12:30.469,4.8377532958984375,469.4258117675781,30.0,0.0,0.0,0.0,0
11:12:30.469,4.8377532958984375,469.4258117675781,30.0,0.0,0.0,0.0,0
11:12:30.469,4.8377532958984375,469.4258117675781,30.0,0.0,0.0,0.0,0
11:12:30.469,4.8377532958984375,469.4258117675781,30.0,0.0,0.0,0.0,0
11:12:30.469,4.8377532958984375,469.4258117675781,30.0,0.0,0.0,0.0,0
11:12:30.469,4.8377532958984375,469.4258117675781,30.0,0.0,0.0,0.0,0
11:12:30.469,4.8377532958984375,469.4258117675781,30.0,0.0,0.0,0.0,0
11:12:30.469,4.8377532958984375,469.4258117675781,30.0,0.0,0.0,0.0,0
11:12:30.469,4.8377532958984375,469.4258117675781,30.0,0.0,0.0,0.0,0
11:12:30.469,4.8377532958984375,469.4258117675781,30.0,0.0,0.0,0.0,0
11:12:30.469,4.8377532958984375,469.4258117675781,30.0,0.0,0.0,0.0,0
11:12:30.470,4.8377532958984375,469.4258117675781,30.0,0.0,0.0,0.0,0
11:12:30.471,4.8377532958984375,469.4258117675781,30.0,0.0,0.0,0.0,0
11:12:30.471,4.8377532958984375,469.4258117675781,30.0,0.0,0.0,0.0,0
11:12:30.471,4.8377532958984375,469.4258117675781,30.0,0.0,0.0,0.0,0
11:12:30.471,4.8377532958984375,469.4258117675781,30.0,0.0,0.0,0.0,0
11:12:30.471,4.8377532958984375,469.4258117675781,30.0,0.0,0.0,0.0,0
11:12:30.471,4.8377532958984375,469.4258117675781,30.0,0.0,0.0,0.0,0
11:12:30.471,4.8377532958984375,469.4258117675781,30.0,0.0,0.0,0.0,0
11:12:30.471,4.8377532958984375,469.4258117675781,30.0,0.0,0.0,0.0,0
11:12:30.471,4.8377532958984375,469.4258117675781,30.0,0.0,0.0,0.0,0
11:12:30.563,4.8377532958984375,469.4258117675781,30.0,0.0,0.0,0.0,0
11:12:30.563,4.8377532958984375,469.4258117675781,30.0,0.0,0.0,0.0,0
11:12:30.563,4.8377532958984375,469.4258117675781,30.0,0.0,0.0,0.0,0
11:12:30.563,4.8377532958984375,469.4258117675781,30.0,0.0,0.0,0.0,0
11:12:30.563,4.8377532958984375,469.4258117675781,30.0,0.0,0.0,0.0,0
11:12:30.563,4.8377532958984375,469.4258117675781,30.0,0.0,0.0,0.0,0
11:12:30.563,4.8377532958984375,469.4258117675781,30.0,0.0,0.0,0.0,0
11:12:30.563,4.8377532958984375,469.4258117675781,30.0,0.0,0.0,0.0,0
11:12:30.563,4.8377532958984375,469.4258117675781,30.0,0.0,0.0,0.0,0
11:12:30.657,4.8377532958984375,469.4258117675781,30.0,0.0,0.0,0.0,0
11:12:30.657,4.8377532958984375,469.4258117675781,30.0,0.0,0.0,0.0,0
11:12:30.657,4.8377532958984375,469.4258117675781,30.0,0.0,0.0,0.0,0
11:12:30.657,4.8377532958984375,469.4258117675781,30.0,0.0,0.0,0.0,0
11:12:30.657,4.8377532958984375,469.4258117675781,30.0,0.0,0.0,0.0,0
11:12:30.657,4.8377532958984375,469.4258117675781,30.0,0.0,0.0,0.0,0
11:12:30.657,4.8377532958984375,469.4258117675781,30.0,0.0,0.0,0.0,0
11:12:30.657,4.8377532958984375,469.4258117675781,30.0,0.0,0.0,0.0,0
11:12:30.657,4.8377532958984375,469.4258117675781,30.0,0.0,0.0,0.0,0
11:12:30.657,4.8377532958984375,469.4258117675781,30.0,0.0,0.0,0.0,0
11:12:30.742,4.8377532958984375,469.4258117675781,30.0,0.0,0.0,0.0,0
11:12:30.742,4.8377532958984375,469.4258117675781,30.0,0.0,0.0,0.0,0
11:12:30.742,4.8377532958984375,469.4258117675781,30.0,0.0,0.0,0.0,0
11:12:30.742,4.8377532958984375,469.4258117675781,30.0,0.0,0.0,0.0,0
11:12:30.742,4.8377532958984375,469.4258117675781,30.0,0.0,0.0,0.0,0
11:12:30.742,4.8377532958984375,469.4258117675781,30.0,0.0,0.0,0.0,0
11:12:30.742,4.8377532958984375,469.4258117675781,30.0,0.0,0.0,0.0,0
11:12:30.743,4.8377532958984375,469.4258117675781,30.0,0.0,0.0,0.0,0
11:12:30.820,4.8377532958984375,469.4258117675781,30.0,0.0,0.0,0.0,0
11:12:30.820,4.8377532958984375,469.4258117675781,30.0,0.0,0.0,0.0,0
11:12:30.820,4.8377532958984375,469.4258117675781,30.0,0.0,0.0,0.0,0
11:12:30.820,4.8377532958984375,469.4258117675781,30.0,0.0,0.0,0.0,0
11:12:30.820,4.8377532958984375,469.4258117675781,30.0,0.0,0.0,0.0,0
11:12:30.892,4.8377532958984375,469.4258117675781,30.0,0.0,0.0,0.0,0
11:12:30.892,4.8377532958984375,469.4258117675781,30.0,0.0,0.0,0.0,0
11:12:30.892,4.8377532958984375,469.4258117675781,30.0,0.0,0.0,0.0,0
11:12:30.892,4.8377532958984375,469.4258117675781,30.0,0.0,0.0,0.0,0
11:12:30.892,4.8377532958984375,469.4258117675781,30.0,0.0,0.0,0.0,0
11:12:30.892,4.8377532958984375,469.4258117675781,30.0,0.0,0.0,0.0,0
11:12:30.892,4.8377532958984375,469.4258117675781,30.0,0.0,0.0,0.0,0
11:12:30.892,4.8377532958984375,469.4258117675781,30.0,0.0,0.0,0.0,0
11:12:30.892,4.8377532958984375,469.4258117675781,30.0,0.0,0.0,0.0,0
11:12:30.892,4.8377532958984375,469.4258117675781,30.0,0.0,0.0,0.0,0
11:12:30.960,4.8377532958984375,469.4258117675781,30.0,0.0,0.0,0.0,0
11:12:30.960,4.8377532958984375,469.4258117675781,30.0,0.0,0.0,0.0,0
11:12:30.960,4.8377532958984375,469.4258117675781,30.0,0.0,0.0,0.0,0
11:12:30.960,4.8377532958984375,469.4258117675781,30.0,0.0,0.0,0.0,0
11:12:30.960,4.8377532958984375,469.4258117675781,30.0,0.0,0.0,0.0,0
11:12:30.960,4.8377532958984375,469.4258117675781,30.0,0.0,0.0,0.0,0
11:12:30.960,4.8377532958984375,469.4258117675781,30.0,0.0,0.0,0.0,0
11:12:31.080,4.8377532958984375,469.4258117675781,30.0,0.0,0.0,0.0,0
11:12:31.080,4.8377532958984375,469.4258117675781,30.0,0.0,0.0,0.0,0
11:12:31.080,4.8377532958984375,469.4258117675781,30.0,0.0,0.0,0.0,0
11:12:31.080,4.8377532958984375,469.4258117675781,30.0,0.0,0.0,0.0,0
11:12:31.080,4.8377532958984375,469.4258117675781,30.0,0.0,0.0,0.0,0
11:12:31.080,4.8377532958984375,469.4258117675781,30.0,0.0,0.0,0.0,0
11:12:31.081,4.8377532958984375,469.4258117675781,30.0,0.0,0.0,0.0,0
11:12:31.081,4.8377532958984375,469.4258117675781,30.0,0.0,0.0,0.0,0
11:12:31.081,4.8377532958984375,469.4258117675781,30.0,0.0,0.0,0.0,0
11:12:31.082,4.8377532958984375,469.4258117675781,30.0,0.0,0.0,0.0,0
11:12:31.082,4.8377532958984375,469.4258117675781,30.0,0.0,0.0,0.0,0
11:12:31.082,4.8377532958984375,469.4258117675781,30.0,0.0,0.0,0.0,0
11:12:31.121,4.8377532958984375,469.4258117675781,30.0,0.0,0.0,0.0,0
11:12:31.121,4.8377532958984375,469.4258117675781,30.0,0.0,0.0,0.0,0
11:12:31.121,4.8377532958984375,469.4258117675781,30.0,0.0,0.0,0.0,0
11:12:31.121,4.8377532958984375,469.4258117675781,30.0,0.0,0.0,0.0,0
11:12:31.128,4.8377532958984375,469.4258117675781,30.0,0.0,0.0,0.0,0
11:12:31.161,4.8377532958984375,469.4258117675781,30.0,0.0,0.0,0.0,0
11:12:31.161,4.8377532958984375,469.4258117675781,30.0,0.0,0.0,0.0,0
11:12:31.161,4.8377532958984375,469.4258117675781,30.0,0.0,0.0,0.0,0
11:12:31.176,4.8377532958984375,469.4258117675781,30.0,0.0,0.0,0.0,0
11:12:31.176,4.8377532958984375,469.4258117675781,30.0,0.0,0.0,0.0,0
11:12:31.192,4.8377532958984375,469.4258117675781,30.0,0.0,0.0,0.0,0
11:12:31.221,4.8377532958984375,469.4258117675781,30.0,0.0,0.0,0.0,0
11:12:31.222,4.8377532958984375,469.4258117675781,30.0,0.0,0.0,0.0,0
11:12:31.222,4.8377532958984375,469.4258117675781,30.0,0.0,0.0,0.0,0
11:12:31.240,4.8377532958984375,469.4258117675781,30.0,0.0,0.0,0.0,0
11:12:31.240,4.8377532958984375,469.4258117675781,30.0,0.0,0.0,0.0,0
11:12:31.256,4.8377532958984375,469.4258117675781,30.0,0.0,0.0,0.0,0
11:12:31.256,4.8377532958984375,469.4258117675781,30.0,0.0,0.0,0.0,0
11:12:31.280,4.8377532958984375,469.4258117675781,30.0,0.0,0.0,0.0,0
11:12:31.280,4.8377532958984375,469.4258117675781,30.0,0.0,0.0,0.0,0
11:12:31.288,4.8377532958984375,469.4258117675781,30.0,0.0,0.0,0.0,0
11:12:31.303,4.8377532958984375,469.4258117675781,30.0,0.0,0.0,0.0,0
11:12:31.320,4.8377532958984375,469.4258117675781,30.0,0.0,0.0,0.0,0
11:12:31.320,4.8377532958984375,469.4258117675781,30.0,0.0,0.0,0.0,0
11:12:31.344,4.8377532958984375,469.4258117675781,30.0,0.0,0.0,0.0,0
11:12:31.344,4.8377532958984375,469.4258117675781,30.0,0.0,0.0,0.0,0
11:12:31.350,4.8377532958984375,469.4258117675781,30.0,0.0,0.0,0.0,0
11:12:31.367,4.8377532958984375,469.4258117675781,30.0,0.0,0.0,0.0,0
11:12:31.367,4.8377532958984375,469.4258117675781,30.0,0.0,0.0,0.0,0
11:12:31.383,4.8377532958984375,469.4258117675781,30.0,0.0,0.0,0.0,0
11:12:31.399,4.8377532958984375,469.4258117675781,30.0,0.0,0.0,0.0,0
11:12:31.399,4.8377532958984375,469.4258117675781,30.0,0.0,0.0,0.0,0
11:12:31.414,4.8377532958984375,469.4258117675781,30.0,0.0,0.0,0.0,0
11:12:31.430,4.8377532958984375,469.4258117675781,30.0,0.0,0.0,0.0,0
11:12:31.430,4.8377532958984375,469.4258117675781,30.0,0.0,0.0,0.0,0
11:12:31.447,4.8377532958984375,469.4258117675781,30.0,0.0,0.0,0.0,0
11:12:31.463,4.8377532958984375,469.4258117675781,30.0,0.0,0.0,0.0,0
11:12:31.466,4.8377532958984375,469.4258117675781,30.0,0.0,0.0,0.0,0
11:12:31.478,4.8377532958984375,469.4258117675781,30.0,0.0,0.0,0.0,0
11:12:31.478,4.8377532958984375,469.4258117675781,30.0,0.0,0.0,0.0,0
11:12:31.493,4.8377532958984375,469.4258117675781,30.0,0.0,0.0,0.0,0
11:12:31.511,4.8377532958984375,469.4258117675781,30.0,0.0,0.0,0.0,0
11:12:31.511,4.8377532958984375,469.4258117675781,30.0,0.0,0.0,0.0,0
11:12:31.539,4.8377532958984375,469.4258117675781,30.0,0.0,0.0,0.0,0
11:12:31.539,4.8377532958984375,469.4258117675781,30.0,0.0,0.0,0.0,0
11:12:31.541,4.8377532958984375,469.4258117675781,30.0,0.0,0.0,0.0,0
11:12:31.556,4.8377532958984375,469.4258117675781,30.0,0.0,0.0,0.0,0
11:12:31.556,4.8377532958984375,469.4258117675781,30.0,0.0,0.0,0.0,0
11:12:31.573,4.8377532958984375,469.4258117675781,30.0,0.0,0.0,0.0,0
11:12:31.597,4.8377532958984375,469.4258117675781,30.0,0.0,0.0,0.0,0
11:12:31.597,4.8377532958984375,469.4258117675781,30.0,0.0,0.0,0.0,0
11:12:31.604,4.8377532958984375,469.4258117675781,30.0,0.0,0.0,0.0,0
11:12:31.619,4.8377532958984375,469.4258117675781,30.0,0.0,0.0,0.0,0
11:12:31.619,4.8377532958984375,469.4258117675781,30.0,0.0,0.0,0.0,0
11:12:31.636,4.8377532958984375,469.4258117675781,30.0,0.0,0.0,0.0,0
11:12:31.651,4.8377532958984375,469.4258117675781,30.0,0.0,0.0,0.0,0
11:12:31.659,4.8377532958984375,469.4258117675781,30.0,0.0,0.0,0.0,0
11:12:31.666,4.8377532958984375,469.4258117675781,30.0,0.0,0.0,0.0,0
11:12:31.666,4.8377532958984375,469.4258117675781,30.0,0.0,0.0,0.0,0
11:12:31.682,4.8377532958984375,469.4258117675781,30.0,0.0,0.0,0.0,0
11:12:31.699,4.8377532958984375,469.4258117675781,30.0,0.0,0.0,0.0,0
11:12:31.710,4.8377532958984375,469.4258117675781,30.0,0.0,0.0,0.0,0
11:12:31.714,4.8377532958984375,469.4258117675781,30.0,0.0,0.0,0.0,0
11:12:31.730,4.8377532958984375,469.4258117675781,30.0,0.0,0.0,0.0,0
11:12:31.730,4.8377532958984375,469.4258117675781,30.0,0.0,0.0,0.0,0
11:12:31.746,4.8377532958984375,469.4258117675781,30.0,0.0,0.0,0.0,0
11:12:31.746,4.8377532958984375,469.4258117675781,30.0,0.0,0.0,0.0,0
11:12:31.762,4.8377532958984375,469.4258117675781,30.0,0.0,0.0,0.0,0
11:12:31.776,4.8377532958984375,469.4258117675781,30.0,0.0,0.0,0.0,0
11:12:31.776,4.8377532958984375,469.4258117675781,30.0,0.0,0.0,0.0,0
11:12:31.792,4.8377532958984375,469.4258117675781,30.0,0.0,0.0,0.0,0
11:12:31.808,4.8377532958984375,469.4258117675781,30.0,0.0,0.0,0.0,0
11:12:31.808,4.8377532958984375,469.4258117675781,30.0,0.0,0.0,0.0,0
11:12:31.825,4.8377532958984375,469.4258117675781,30.0,0.0,0.0,0.0,0
11:12:31.840,4.8377532958984375,469.4258117675781,30.0,0.0,0.0,0.0,0
11:12:31.840,4.8377532958984375,469.4258117675781,30.0,0.0,0.0,0.0,0
11:12:31.857,4.8377532958984375,469.4258117675781,30.0,0.0,0.0,0.0,0
11:12:31.857,4.8377532958984375,469.4258117675781,30.0,0.0,0.0,0.0,0
11:12:31.872,4.8377532958984375,469.4258117675781,30.0,0.0,0.0,0.0,0
11:12:31.889,4.8377532958984375,469.4258117675781,30.0,0.0,0.0,0.0,0
11:12:31.900,4.8377532958984375,469.4258117675781,30.0,0.0,0.0,0.0,0
11:12:31.904,4.8377532958984375,469.4258117675781,30.0,0.0,0.0,0.0,0
11:12:31.904,4.8377532958984375,469.4258117675781,30.0,0.0,0.0,0.0,0
11:12:31.920,4.8377532958984375,469.4258117675781,30.0,0.0,0.0,0.0,0
11:12:31.938,4.8377532958984375,469.4258117675781,30.0,0.0,0.0,0.0,0
11:12:31.938,4.8377532958984375,469.4258117675781,30.0,0.0,0.0,0.0,0
11:12:31.952,4.8377532958984375,469.4258117675781,30.0,0.0,0.0,0.0,0
11:12:31.968,4.8377532958984375,469.4258117675781,30.0,0.0,0.0,0.0,0
11:12:31.968,4.8377532958984375,469.4258117675781,30.0,0.0,0.0,0.0,0
11:12:31.984,4.8377532958984375,469.4258117675781,30.0,0.0,0.0,0.0,0
11:12:31.984,4.8377532958984375,469.4258117675781,30.0,0.0,0.0,0.0,0
11:12:32.001,4.8377532958984375,469.4258117675781,30.0,0.0,0.0,0.0,0
11:12:32.016,4.8377532958984375,469.4258117675781,30.0,0.0,0.0,0.0,0
11:12:32.016,4.8377532958984375,469.4258117675781,30.0,0.0,0.0,0.0,0
11:12:32.032,4.8377532958984375,469.4258117675781,30.0,0.0,0.0,0.0,0
11:12:32.048,4.8377532958984375,469.4258117675781,30.0,0.0,0.0,0.0,0
11:12:32.048,4.8377532958984375,469.4258117675781,30.0,0.0,0.0,0.0,0
11:12:32.064,4.8377532958984375,469.4258117675781,30.0,0.0,0.0,0.0,0
11:12:32.079,4.8377532958984375,469.4258117675781,30.0,0.0,0.0,0.0,0
11:12:32.079,4.8377532958984375,469.4258117675781,30.0,0.0,0.0,0.0,0
11:12:32.095,4.8377532958984375,469.4258117675781,30.0,0.0,0.0,0.0,0
11:12:32.095,4.8377532958984375,469.4258117675781,30.0,0.0,0.0,0.0,0
11:12:32.110,4.8377532958984375,469.4258117675781,30.0,0.0,0.0,0.0,0
11:12:32.127,4.8377532958984375,469.4258117675781,30.0,0.0,0.0,0.0,0
11:12:32.138,4.8377532958984375,469.4258117675781,30.0,0.0,0.0,0.0,0
11:12:32.142,4.8377532958984375,469.4258117675781,30.0,0.0,0.0,0.0,0
11:12:32.158,4.8377532958984375,469.4258117675781,30.0,0.0,0.0,0.0,0
11:12:32.158,4.8377532958984375,469.4258117675781,30.0,0.0,0.0,0.0,0
11:12:32.174,4.8377532958984375,469.4258117675781,30.0,0.0,0.0,0.0,0
11:12:32.191,4.8377532958984375,469.4258117675781,30.0,0.0,0.0,0.0,0
11:12:32.202,4.8377532958984375,469.4258117675781,30.0,0.0,0.0,0.0,0
11:12:32.206,4.8377532958984375,469.4258117675781,30.0,0.0,0.0,0.0,0
11:12:32.206,4.8377532958984375,469.4258117675781,30.0,0.0,0.0,0.0,0
11:12:32.221,4.8377532958984375,469.4258117675781,30.0,0.0,0.0,0.0,0
11:12:32.238,4.8377532958984375,469.4258117675781,30.0,0.0,0.0,0.0,0
11:12:32.238,4.8377532958984375,469.4258117675781,30.0,0.0,0.0,0.0,0
11:12:32.254,4.8377532958984375,469.4258117675781,30.0,0.0,0.0,0.0,0
11:12:32.269,4.8377532958984375,469.4258117675781,30.0,0.0,0.0,0.0,0
11:12:32.269,4.8377532958984375,469.4258117675781,30.0,0.0,0.0,0.0,0
11:12:32.285,4.8377532958984375,469.4258117675781,30.0,0.0,0.0,0.0,0
11:12:32.285,4.8377532958984375,469.4258117675781,30.0,0.0,0.0,0.0,0
11:12:32.300,4.8377532958984375,469.4258117675781,30.0,0.0,0.0,0.0,0
11:12:32.317,4.8377532958984375,469.4258117675781,30.0,0.0,0.0,0.0,0
11:12:32.328,4.8377532958984375,469.4258117675781,30.0,0.0,0.0,0.0,0
11:12:32.332,4.8377532958984375,469.4258117675781,30.0,0.0,0.0,0.0,0
11:12:32.348,4.8377532958984375,469.4258117675781,30.0,0.0,0.0,0.0,0
11:12:32.348,4.8377532958984375,469.4258117675781,30.0,0.0,0.0,0.0,0
11:12:32.364,4.8377532958984375,469.4258117675781,30.0,0.0,0.0,0.0,0
11:12:32.364,4.8377532958984375,469.4258117675781,30.0,0.0,0.0,0.0,0
11:12:32.381,4.8377532958984375,469.4258117675781,30.0,0.0,0.0,0.0,0
11:12:32.396,4.8377532958984375,469.4258117675781,30.0,0.0,0.0,0.0,0
11:12:32.396,4.8377532958984375,469.4258117675781,30.0,0.0,0.0,0.0,0
11:12:32.412,4.8377532958984375,469.4258117675781,30.0,0.0,0.0,0.0,0
11:12:32.428,4.8377532958984375,469.4258117675781,30.0,0.0,0.0,0.0,0
11:12:32.428,4.8377532958984375,469.4258117675781,30.0,0.0,0.0,0.0,0
11:12:32.445,4.8377532958984375,469.4258117675781,30.0,0.0,0.0,0.0,0
11:12:32.459,4.8377532958984375,469.4258117675781,30.0,0.0,0.0,0.0,0
11:12:32.459,4.8377532958984375,469.4258117675781,30.0,0.0,0.0,0.0,0
11:12:32.475,4.8377532958984375,469.4258117675781,30.0,0.0,0.0,0.0,0
11:12:32.475,4.8377532958984375,469.4258117675781,30.0,0.0,0.0,0.0,0
11:12:32.491,4.8377532958984375,469.4258117675781,30.0,0.0,0.0,0.0,0
11:12:32.507,4.8377532958984375,469.4258117675781,30.0,0.0,0.0,0.0,0
11:12:32.507,4.8377532958984375,469.4258117675781,30.0,0.0,0.0,0.0,0
11:12:32.523,4.8377532958984375,469.4258117675781,30.0,0.0,0.0,0.0,0
11:12:32.538,4.8377532958984375,469.4258117675781,30.0,0.0,0.0,0.0,0
11:12:32.538,4.8377532958984375,469.4258117675781,30.0,0.0,0.0,0.0,0
11:12:32.555,4.8377532958984375,469.4258117675781,30.0,0.0,0.0,0.0,0
11:12:32.555,4.8377532958984375,469.4258117675781,30.0,0.0,0.0,0.0,0
11:12:32.571,4.8377532958984375,469.4258117675781,30.0,0.0,0.0,0.0,0
11:12:32.585,4.8377532958984375,469.4258117675781,30.0,0.0,0.0,0.0,0
11:12:32.585,4.8377532958984375,469.4258117675781,30.0,0.0,0.0,0.0,0
11:12:32.602,4.8377532958984375,469.4258117675781,30.0,0.0,0.0,0.0,0
11:12:32.618,4.8377532958984375,469.4258117675781,30.0,0.0,0.0,0.0,0
11:12:32.618,4.8377532958984375,469.4258117675781,30.0,0.0,0.0,0.0,0
11:12:32.635,4.8377532958984375,469.4258117675781,30.0,0.0,0.0,0.0,0
11:12:32.650,4.8377532958984375,469.4258117675781,30.0,0.0,0.0,0.0,0
11:12:32.650,4.8377532958984375,469.4258117675781,30.0,0.0,0.0,0.0,0
11:12:32.665,4.8377532958984375,469.4258117675781,30.0,0.0,0.0,0.0,0
11:12:32.665,4.8377532958984375,469.4258117675781,30.0,0.0,0.0,0.0,0
11:12:32.681,4.8377532958984375,469.4258117675781,30.0,0.0,0.0,0.0,0
11:12:32.697,4.8377532958984375,469.4258117675781,30.0,0.0,0.0,0.0,0
11:12:32.697,4.8377532958984375,469.4258117675781,30.0,0.0,0.0,0.0,0
11:12:32.713,4.8377532958984375,469.4258117675781,30.0,0.0,0.0,0.0,0
11:12:32.729,4.8377532958984375,469.4258117675781,30.0,0.0,0.0,0.0,0
11:12:32.729,4.8377532958984375,469.4258117675781,30.0,0.0,0.0,0.0,0
11:12:32.745,4.8377532958984375,469.4258117675781,30.0,0.0,0.0,0.0,0
11:12:32.745,4.8377532958984375,469.4258117675781,30.0,0.0,0.0,0.0,0
11:12:32.762,4.8377532958984375,469.4258117675781,30.0,0.0,0.0,0.0,0
11:12:32.777,4.8377532958984375,469.4258117675781,30.0,0.0,0.0,0.0,0
11:12:32.777,4.8377532958984375,469.4258117675781,30.0,0.0,0.0,0.0,0
11:12:32.793,4.8377532958984375,469.4258117675781,30.0,0.0,0.0,0.0,0
11:12:32.810,4.8377532958984375,469.4258117675781,30.0,0.0,0.0,0.0,0
11:12:32.810,4.8377532958984375,469.4258117675781,30.0,0.0,0.0,0.0,0
11:12:32.827,4.8377532958984375,469.4258117675781,30.0,0.0,0.0,0.0,0
11:12:32.838,4.8377532958984375,469.4258117675781,30.0,0.0,0.0,0.0,0
11:12:32.843,4.8377532958984375,469.4258117675781,30.0,0.0,0.0,0.0,0
11:12:32.859,4.8377532958984375,469.4258117675781,30.0,0.0,0.0,0.0,0
11:12:32.859,4.8377532958984375,469.4258117675781,30.0,0.0,0.0,0.0,0
11:12:32.875,4.8377532958984375,469.4258117675781,30.0,0.0,0.0,0.0,0
11:12:32.875,4.8377532958984375,469.4258117675781,30.0,0.0,0.0,0.0,0
11:12:32.892,4.8377532958984375,469.4258117675781,30.0,0.0,0.0,0.0,0
11:12:32.907,4.8377532958984375,469.4258117675781,30.0,0.0,0.0,0.0,0
11:12:32.907,4.8377532958984375,469.4258117675781,30.0,0.0,0.0,0.0,0
11:12:32.923,4.8377532958984375,469.4258117675781,30.0,0.0,0.0,0.0,0
11:12:32.939,4.8377532958984375,469.4258117675781,30.0,0.0,0.0,0.0,0
11:12:32.939,4.8377532958984375,469.4258117675781,30.0,0.0,0.0,0.0,0
11:12:32.956,4.8377532958984375,469.4258117675781,30.0,0.0,0.0,0.0,0
11:12:32.965,4.8377532958984375,469.4258117675781,30.0,0.0,0.0,0.0,0
11:12:32.971,4.8377532958984375,469.4258117675781,30.0,0.0,0.0,0.0,0
11:12:32.987,4.8377532958984375,469.4258117675781,30.0,0.0,0.0,0.0,0
11:12:32.987,4.8377532958984375,469.4258117675781,30.0,0.0,0.0,0.0,0
11:12:33.003,4.8377532958984375,469.4258117675781,30.0,0.0,0.0,0.0,0
11:12:33.020,4.8377532958984375,469.4258117675781,30.0,0.0,0.0,0.0,0
11:12:33.030,4.8377532958984375,469.4258117675781,30.0,0.0,0.0,0.0,0
11:12:33.035,4.8377532958984375,469.4258117675781,30.0,0.0,0.0,0.0,0
11:12:33.035,4.8377532958984375,469.4258117675781,30.0,0.0,0.0,0.0,0
11:12:33.051,4.8377532958984375,469.4258117675781,30.0,0.0,0.0,0.0,0
11:12:33.066,4.8377532958984375,469.4258117675781,30.0,0.0,0.0,0.0,0
11:12:33.066,4.8377532958984375,469.4258117675781,30.0,0.0,0.0,0.0,0
11:12:33.083,4.8377532958984375,469.4258117675781,30.0,0.0,0.0,0.0,0
11:12:33.098,4.8377532958984375,469.4258117675781,30.0,0.0,0.0,0.0,0
11:12:33.098,4.8377532958984375,469.4258117675781,30.0,0.0,0.0,0.0,0
11:12:33.114,4.8377532958984375,469.4258117675781,30.0,0.0,0.0,0.0,0
11:12:33.114,4.8377532958984375,469.4258117675781,30.0,0.0,0.0,0.0,0
11:12:33.130,4.8377532958984375,469.4258117675781,30.0,0.0,0.0,0.0,0
11:12:33.148,4.8377532958984375,469.4258117675781,30.0,0.0,0.0,0.0,0
11:12:33.158,4.8377532958984375,469.4258117675781,30.0,0.0,0.0,0.0,0
11:12:33.163,4.8377532958984375,469.4258117675781,30.0,0.0,0.0,0.0,0
11:12:33.179,4.8377532958984375,469.4258117675781,30.0,0.0,0.0,0.0,0
11:12:33.179,4.8377532958984375,469.4258117675781,30.0,0.0,0.0,0.0,0
11:12:33.196,4.8377532958984375,469.4258117675781,30.0,0.0,0.0,0.0,0
11:12:33.196,4.8377532958984375,469.4258117675781,30.0,0.0,0.0,0.0,0
11:12:33.213,4.8377532958984375,469.4258117675781,30.0,0.0,0.0,0.0,0
11:12:33.227,4.8377532958984375,469.4258117675781,30.0,0.0,0.0,0.0,0
11:12:33.227,4.8377532958984375,469.4258117675781,30.0,0.0,0.0,0.0,0
11:12:33.244,4.8377532958984375,469.4258117675781,30.0,0.0,0.0,0.0,0
11:12:33.261,4.8377532958984375,469.4258117675781,30.0,0.0,0.0,0.0,0
11:12:33.261,4.8377532958984375,469.4258117675781,30.0,0.0,0.0,0.0,0
11:12:33.278,4.8377532958984375,469.4258117675781,30.0,0.0,0.0,0.0,0
11:12:33.289,4.8377532958984375,469.4258117675781,30.0,0.0,0.0,0.0,0
11:12:33.293,4.8377532958984375,469.4258117675781,30.0,0.0,0.0,0.0,0
11:12:33.309,4.8377532958984375,469.4258117675781,30.0,0.0,0.0,0.0,0
11:12:33.309,4.8377532958984375,469.4258117675781,30.0,0.0,0.0,0.0,0
11:12:33.326,4.8377532958984375,469.4258117675781,30.0,0.0,0.0,0.0,0
11:12:33.326,4.8377532958984375,469.4258117675781,30.0,0.0,0.0,0.0,0
11:12:33.343,4.8377532958984375,469.4258117675781,30.0,0.0,0.0,0.0,0
11:12:33.359,4.8377532958984375,469.4258117675781,30.0,0.0,0.0,0.0,0
11:12:33.359,4.8377532958984375,469.4258117675781,30.0,0.0,0.0,0.0,0
11:12:33.389,4.8377532958984375,469.4258117675781,30.0,0.0,0.0,0.0,0
11:12:33.389,4.8377532958984375,469.4258117675781,30.0,0.0,0.0,0.0,0
11:12:33.390,4.8377532958984375,469.4258117675781,30.0,0.0,0.0,0.0,0
11:12:33.408,4.8377532958984375,469.4258117675781,30.0,0.0,0.0,0.0,0
11:12:33.419,4.8377532958984375,469.4258117675781,30.0,0.0,0.0,0.0,0
11:12:33.424,4.8377532958984375,469.4258117675781,30.0,0.0,0.0,0.0,0
11:12:33.438,4.8377532958984375,469.4258117675781,30.0,0.0,0.0,0.0,0
11:12:33.438,4.8377532958984375,469.4258117675781,30.0,0.0,0.0,0.0,0
11:12:33.453,4.8377532958984375,469.4258117675781,30.0,0.0,0.0,0.0,0
11:12:33.471,4.8377532958984375,469.4258117675781,30.0,0.0,0.0,0.0,0
11:12:33.471,4.8377532958984375,469.4258117675781,30.0,0.0,0.0,0.0,0
11:12:33.486,4.8377532958984375,469.4258117675781,30.0,0.0,0.0,0.0,0
11:12:33.486,4.8377532958984375,469.4258117675781,30.0,0.0,0.0,0.0,0
11:12:33.502,4.8377532958984375,469.4258117675781,30.0,0.0,0.0,0.0,0
11:12:33.518,4.8377532958984375,469.4258117675781,30.0,0.0,0.0,0.0,0
11:12:33.518,4.8377532958984375,469.4258117675781,30.0,0.0,0.0,0.0,0
11:12:33.536,4.8377532958984375,469.4258117675781,30.0,0.0,0.0,0.0,0
11:12:33.548,4.8377532958984375,469.4258117675781,30.0,0.0,0.0,0.0,0
11:12:33.551,4.8377532958984375,469.4258117675781,30.0,0.0,0.0,0.0,0
11:12:33.567,4.8377532958984375,469.4258117675781,30.0,0.0,0.0,0.0,0
11:12:33.567,4.8377532958984375,469.4258117675781,30.0,0.0,0.0,0.0,0
11:12:33.584,4.8377532958984375,469.4258117675781,30.0,0.0,0.0,0.0,0
11:12:33.601,4.8377532958984375,469.4258117675781,30.0,0.0,0.0,0.0,0
11:12:33.612,4.8377532958984375,469.4258117675781,30.0,0.0,0.0,0.0,0
11:12:33.616,4.8377532958984375,469.4258117675781,30.0,0.0,0.0,0.0,0
11:12:33.616,4.8377532958984375,469.4258117675781,30.0,0.0,0.0,0.0,0
11:12:33.633,4.8377532958984375,469.4258117675781,30.0,0.0,0.0,0.0,0
11:12:33.649,4.8377532958984375,469.4258117675781,30.0,0.0,0.0,0.0,0
11:12:33.649,4.8377532958984375,469.4258117675781,30.0,0.0,0.0,0.0,0
11:12:33.666,4.8377532958984375,469.4258117675781,30.0,0.0,0.0,0.0,0
11:12:33.666,4.8377532958984375,469.4258117675781,30.0,0.0,0.0,0.0,0
11:12:33.681,4.8377532958984375,469.4258117675781,30.0,0.0,0.0,0.0,0
11:12:33.697,4.8377532958984375,469.4258117675781,30.0,0.0,0.0,0.0,0
11:12:33.697,4.8377532958984375,469.4258117675781,30.0,0.0,0.0,0.0,0
11:12:33.713,4.8377532958984375,469.4258117675781,30.0,0.0,0.0,0.0,0
11:12:33.730,4.8377532958984375,469.4258117675781,30.0,0.0,0.0,0.0,0
11:12:33.740,4.8377532958984375,469.4258117675781,30.0,0.0,0.0,0.0,0
11:12:33.746,4.8377532958984375,469.4258117675781,30.0,0.0,0.0,0.0,0
11:12:33.746,4.8377532958984375,469.4258117675781,30.0,0.0,0.0,0.0,0
11:12:33.762,4.8377532958984375,469.4258117675781,30.0,0.0,0.0,0.0,0
11:12:33.777,4.8377532958984375,469.4258117675781,30.0,0.0,0.0,0.0,0
11:12:33.777,4.8377532958984375,469.4258117675781,30.0,0.0,0.0,0.0,0
11:12:33.795,4.8377532958984375,469.4258117675781,30.0,0.0,0.0,0.0,0
11:12:33.804,4.8377532958984375,469.4258117675781,30.0,0.0,0.0,0.0,0
11:12:33.810,4.8377532958984375,469.4258117675781,30.0,0.0,0.0,0.0,0
11:12:33.827,4.8377532958984375,469.4258117675781,30.0,0.0,0.0,0.0,0
11:12:33.827,4.8377532958984375,469.4258117675781,30.0,0.0,0.0,0.0,0
11:12:33.844,4.8377532958984375,469.4258117675781,30.0,0.0,0.0,0.0,0
11:12:33.859,4.8377532958984375,469.4258117675781,30.0,0.0,0.0,0.0,0
11:12:33.859,4.8377532958984375,469.4258117675781,30.0,0.0,0.0,0.0,0
11:12:33.875,4.8377532958984375,469.4258117675781,30.0,0.0,0.0,0.0,0
11:12:33.875,4.8377532958984375,469.4258117675781,30.0,0.0,0.0,0.0,0
11:12:33.892,4.8377532958984375,469.4258117675781,30.0,0.0,0.0,0.0,0
11:12:33.908,4.8377532958984375,469.4258117675781,30.0,0.0,0.0,0.0,0
11:12:33.918,4.8377532958984375,469.4258117675781,30.0,0.0,0.0,0.0,0
11:12:33.923,4.8377532958984375,469.4258117675781,30.0,0.0,0.0,0.0,0
11:12:33.939,4.8377532958984375,469.4258117675781,30.0,0.0,0.0,0.0,0
11:12:33.939,4.8377532958984375,469.4258117675781,30.0,0.0,0.0,0.0,0
11:12:33.955,4.8377532958984375,469.4258117675781,30.0,0.0,0.0,0.0,0
11:12:33.955,4.8377532958984375,469.4258117675781,30.0,0.0,0.0,0.0,0
11:12:33.973,4.8377532958984375,469.4258117675781,30.0,0.0,0.0,0.0,0
11:12:33.987,4.8377532958984375,469.4258117675781,30.0,0.0,0.0,0.0,0
11:12:33.987,4.8377532958984375,469.4258117675781,30.0,0.0,0.0,0.0,0
11:12:34.003,4.8377532958984375,469.4258117675781,30.0,0.0,0.0,0.0,0
11:12:34.020,4.8377532958984375,469.4258117675781,30.0,0.0,0.0,0.0,0
11:12:34.020,4.8377532958984375,469.4258117675781,30.0,0.0,0.0,0.0,0
11:12:34.037,4.8377532958984375,469.4258117675781,30.0,0.0,0.0,0.0,0
11:12:34.037,4.8377532958984375,469.4258117675781,30.0,0.0,0.0,0.0,0
11:12:34.052,4.8377532958984375,469.4258117675781,30.0,0.0,0.0,0.0,0
11:12:34.068,4.8377532958984375,469.4258117675781,30.0,0.0,0.0,0.0,0
11:12:34.068,4.8377532958984375,469.4258117675781,30.0,0.0,0.0,0.0,0
11:12:34.084,4.8377532958984375,469.4258117675781,30.0,0.0,0.0,0.0,0
11:12:34.084,4.8377532958984375,469.4258117675781,30.0,0.0,0.0,0.0,0
11:12:34.102,4.8377532958984375,469.4258117675781,30.0,0.0,0.0,0.0,0
11:12:34.117,4.8377532958984375,469.4258117675781,30.0,0.0,0.0,0.0,0
11:12:34.117,4.8377532958984375,469.4258117675781,30.0,0.0,0.0,0.0,0
11:12:34.134,4.8377532958984375,469.4258117675781,30.0,0.0,0.0,0.0,0
11:12:34.150,4.8377532958984375,469.4258117675781,30.0,0.0,0.0,0.0,0
11:12:34.150,4.8377532958984375,469.4258117675781,30.0,0.0,0.0,0.0,0
11:12:34.168,4.8377532958984375,469.4258117675781,30.0,0.0,0.0,0.0,0
11:12:34.182,4.8377532958984375,469.4258117675781,30.0,0.0,0.0,0.0,0
11:12:34.182,4.8377532958984375,469.4258117675781,30.0,0.0,0.0,0.0,0
11:12:34.198,4.8377532958984375,469.4258117675781,30.0,0.0,0.0,0.0,0
11:12:34.198,4.8377532958984375,469.4258117675781,30.0,0.0,0.0,0.0,0
11:12:34.215,4.8377532958984375,469.4258117675781,30.0,0.0,0.0,0.0,0
11:12:34.215,4.8377532958984375,469.4258117675781,30.0,0.0,0.0,0.0,0
11:12:34.246,4.8377532958984375,469.4258117675781,30.0,0.0,0.0,0.0,0
11:12:34.246,4.8377532958984375,469.4258117675781,30.0,0.0,0.0,0.0,0
11:12:34.246,4.8377532958984375,469.4258117675781,30.0,0.0,0.0,0.0,0
11:12:34.258,4.8377532958984375,469.4258117675781,30.0,0.0,0.0,0.0,0
11:12:34.265,4.8377532958984375,469.4258117675781,30.0,0.0,0.0,0.0,0
11:12:34.283,4.8377532958984375,469.4258117675781,30.0,0.0,0.0,0.0,0
11:12:34.299,4.8377532958984375,469.4258117675781,30.0,0.0,0.0,0.0,0
11:12:34.299,4.8377532958984375,469.4258117675781,30.0,0.0,0.0,0.0,0
11:12:34.306,4.8377532958984375,469.4258117675781,30.0,0.0,0.0,0.0,0
11:12:34.321,4.8377532958984375,469.4258117675781,30.0,0.0,0.0,0.0,0
11:12:34.337,4.8377532958984375,469.4258117675781,30.0,0.0,0.0,0.0,0
11:12:34.337,4.8377532958984375,469.4258117675781,30.0,0.0,0.0,0.0,0
11:12:34.355,4.8377532958984375,469.4258117675781,30.0,0.0,0.0,0.0,0
11:12:34.364,4.8377532958984375,469.4258117675781,30.0,0.0,0.0,0.0,0
11:12:34.370,4.8377532958984375,469.4258117675781,30.0,0.0,0.0,0.0,0
11:12:34.387,4.8377532958984375,469.4258117675781,30.0,0.0,0.0,0.0,0
11:12:34.387,4.8377532958984375,469.4258117675781,30.0,0.0,0.0,0.0,0
11:12:34.404,4.8377532958984375,469.4258117675781,30.0,0.0,0.0,0.0,0
11:12:34.422,4.8377532958984375,469.4258117675781,30.0,0.0,0.0,0.0,0
11:12:34.432,4.8377532958984375,469.4258117675781,30.0,0.0,0.0,0.0,0
11:12:34.437,4.8377532958984375,469.4258117675781,30.0,0.0,0.0,0.0,0
11:12:34.437,4.8377532958984375,469.4258117675781,30.0,0.0,0.0,0.0,0
11:12:34.452,4.8377532958984375,469.4258117675781,30.0,0.0,0.0,0.0,0
11:12:34.462,4.8377532958984375,469.4258117675781,30.0,0.0,0.0,0.0,0
11:12:34.478,4.8377532958984375,469.4258117675781,30.0,0.0,0.0,0.0,0
11:12:34.478,4.8377532958984375,469.4258117675781,30.0,0.0,0.0,0.0,0
11:12:34.495,4.8377532958984375,469.4258117675781,30.0,0.0,0.0,0.0,0
11:12:34.504,4.8377532958984375,469.4258117675781,30.0,0.0,0.0,0.0,0
11:12:34.517,4.8377532958984375,469.4258117675781,30.0,0.0,0.0,0.0,0
11:12:34.518,4.8377532958984375,469.4258117675781,30.0,0.0,0.0,0.0,0
11:12:34.537,4.8377532958984375,469.4258117675781,30.0,0.0,0.0,0.0,0
11:12:34.537,4.8377532958984375,469.4258117675781,30.0,0.0,0.0,0.0,0
11:12:34.554,4.8377532958984375,469.4258117675781,30.0,0.0,0.0,0.0,0
11:12:34.564,4.8377532958984375,469.4258117675781,30.0,0.0,0.0,0.0,0
11:12:34.569,4.8377532958984375,469.4258117675781,30.0,0.0,0.0,0.0,0
11:12:34.585,4.8377532958984375,469.4258117675781,30.0,0.0,0.0,0.0,0
11:12:34.585,4.8377532958984375,469.4258117675781,30.0,0.0,0.0,0.0,0
11:12:34.601,4.8377532958984375,469.4258117675781,30.0,0.0,0.0,0.0,0
11:12:34.619,4.8377532958984375,469.4258117675781,30.0,0.0,0.0,0.0,0
11:12:34.628,4.8377532958984375,469.4258117675781,30.0,0.0,0.0,0.0,0
11:12:34.634,4.8377532958984375,469.4258117675781,30.0,0.0,0.0,0.0,0
11:12:34.650,4.8377532958984375,469.4258117675781,30.0,0.0,0.0,0.0,0
11:12:34.650,4.8377532958984375,469.4258117675781,30.0,0.0,0.0,0.0,0
11:12:34.666,4.8377532958984375,469.4258117675781,30.0,0.0,0.0,0.0,0
11:12:34.666,4.8377532958984375,469.4258117675781,30.0,0.0,0.0,0.0,0
11:12:34.684,4.8377532958984375,469.4258117675781,30.0,0.0,0.0,0.0,0
11:12:34.699,4.8377532958984375,469.4258117675781,30.0,0.0,0.0,0.0,0
11:12:34.699,4.8377532958984375,469.4258117675781,30.0,0.0,0.0,0.0,0
11:12:34.715,4.8377532958984375,469.4258117675781,30.0,0.0,0.0,0.0,0
11:12:34.715,4.8377532958984375,469.4258117675781,30.0,0.0,0.0,0.0,0
11:12:34.732,4.8377532958984375,469.4258117675781,30.0,0.0,0.0,0.0,0
11:12:34.749,4.8377532958984375,469.4258117675781,30.0,0.0,0.0,0.0,0
11:12:34.749,4.8377532958984375,469.4258117675781,30.0,0.0,0.0,0.0,0
11:12:34.764,4.8377532958984375,469.4258117675781,30.0,0.0,0.0,0.0,0
11:12:34.767,4.8377532958984375,469.4258117675781,30.0,0.0,0.0,0.0,0
11:12:34.783,4.8377532958984375,469.4258117675781,30.0,0.0,0.0,0.0,0
11:12:34.804,4.8377532958984375,469.4258117675781,30.0,0.0,0.0,0.0,0
11:12:34.814,4.8377532958984375,469.4258117675781,30.0,0.0,0.0,0.0,0
11:12:34.814,4.8377532958984375,469.4258117675781,30.0,0.0,0.0,0.0,0
11:12:34.819,4.8377532958984375,469.4258117675781,30.0,0.0,0.0,0.0,0
11:12:34.835,4.8377532958984375,469.4258117675781,30.0,0.0,0.0,0.0,0
11:12:34.835,4.8377532958984375,469.4258117675781,30.0,0.0,0.0,0.0,0
11:12:34.851,4.8377532958984375,469.4258117675781,30.0,0.0,0.0,0.0,0
11:12:34.869,4.8377532958984375,469.4258117675781,30.0,0.0,0.0,0.0,0
11:12:34.869,4.8377532958984375,469.4258117675781,30.0,0.0,0.0,0.0,0
11:12:34.883,4.8377532958984375,469.4258117675781,30.0,0.0,0.0,0.0,0
11:12:34.899,4.8377532958984375,469.4258117675781,30.0,0.0,0.0,0.0,0
11:12:34.899,4.8377532958984375,469.4258117675781,30.0,0.0,0.0,0.0,0
11:12:34.915,4.8377532958984375,469.4258117675781,30.0,0.0,0.0,0.0,0
11:12:34.915,4.8377532958984375,469.4258117675781,30.0,0.0,0.0,0.0,0
11:12:34.933,4.8377532958984375,469.4258117675781,30.0,0.0,0.0,0.0,0
11:12:34.947,4.8377532958984375,469.4258117675781,30.0,0.0,0.0,0.0,0
11:12:34.947,4.8377532958984375,469.4258117675781,30.0,0.0,0.0,0.0,0
11:12:34.964,4.8377532958984375,469.4258117675781,30.0,0.0,0.0,0.0,0
11:12:34.980,4.8377532958984375,469.4258117675781,30.0,0.0,0.0,0.0,0
11:12:34.980,4.8377532958984375,469.4258117675781,30.0,0.0,0.0,0.0,0
11:12:34.998,4.8377532958984375,469.4258117675781,30.0,0.0,0.0,0.0,0
11:12:35.007,4.8377532958984375,469.4258117675781,30.0,0.0,0.0,0.0,0
11:12:35.013,4.8377532958984375,469.4258117675781,30.0,0.0,0.0,0.0,0
11:12:35.029,4.8377532958984375,469.4258117675781,30.0,0.0,0.0,0.0,0
11:12:35.029,4.8377532958984375,469.4258117675781,30.0,0.0,0.0,0.0,0
11:12:35.045,4.8377532958984375,469.4258117675781,30.0,0.0,0.0,0.0,0
11:12:35.045,4.8377532958984375,469.4258117675781,30.0,0.0,0.0,0.0,0
11:12:35.063,4.8377532958984375,469.4258117675781,30.0,0.0,0.0,0.0,0
11:12:35.077,4.8377532958984375,469.4258117675781,30.0,0.0,0.0,0.0,0
11:12:35.077,4.8377532958984375,469.4258117675781,30.0,0.0,0.0,0.0,0
11:12:35.093,4.8377532958984375,469.4258117675781,30.0,0.0,0.0,0.0,0
11:12:35.109,4.8377532958984375,469.4258117675781,30.0,0.0,0.0,0.0,0
11:12:35.109,4.8377532958984375,469.4258117675781,30.0,0.0,0.0,0.0,0
11:12:35.127,4.8377532958984375,469.4258117675781,30.0,0.0,0.0,0.0,0
11:12:35.137,4.8377532958984375,469.4258117675781,30.0,0.0,0.0,0.0,0
11:12:35.142,4.8377532958984375,469.4258117675781,30.0,0.0,0.0,0.0,0
11:12:35.157,4.8377532958984375,469.4258117675781,30.0,0.0,0.0,0.0,0
11:12:35.157,4.8377532958984375,469.4258117675781,30.0,0.0,0.0,0.0,0
11:12:35.173,4.8377532958984375,469.4258117675781,30.0,0.0,0.0,0.0,0
11:12:35.191,4.8377532958984375,469.4258117675781,30.0,0.0,0.0,0.0,0
11:12:35.203,4.8377532958984375,469.4258117675781,30.0,0.0,0.0,0.0,0
11:12:35.206,4.8377532958984375,469.4258117675781,30.0,0.0,0.0,0.0,0
11:12:35.206,4.8377532958984375,469.4258117675781,30.0,0.0,0.0,0.0,0
11:12:35.222,4.8377532958984375,469.4258117675781,30.0,0.0,0.0,0.0,0
11:12:35.237,4.8377532958984375,469.4258117675781,30.0,0.0,0.0,0.0,0
11:12:35.237,4.8377532958984375,469.4258117675781,30.0,0.0,0.0,0.0,0
11:12:35.244,4.8377532958984375,469.4258117675781,30.0,0.0,0.0,0.0,0
11:12:35.265,4.8377532958984375,469.4258117675781,30.0,0.0,0.0,0.0,0
11:12:35.274,4.8377532958984375,469.4258117675781,30.0,0.0,0.0,0.0,0
11:12:35.286,4.8377532958984375,469.4258117675781,30.0,0.0,0.0,0.0,0
11:12:35.286,4.8377532958984375,469.4258117675781,30.0,0.0,0.0,0.0,0
11:12:35.304,4.8377532958984375,469.4258117675781,30.0,0.0,0.0,0.0,0
11:12:35.307,4.8377532958984375,469.4258117675781,30.0,0.0,0.0,0.0,0
11:12:35.321,4.8377532958984375,469.4258117675781,30.0,0.0,0.0,0.0,0
11:12:35.335,4.8377532958984375,469.4258117675781,30.0,0.0,0.0,0.0,0
11:12:35.335,4.8377532958984375,469.4258117675781,30.0,0.0,0.0,0.0,0
11:12:35.353,4.8377532958984375,469.4258117675781,30.0,0.0,0.0,0.0,0
11:12:35.369,4.8377532958984375,469.4258117675781,30.0,0.0,0.0,0.0,0
11:12:35.369,4.8377532958984375,469.4258117675781,30.0,0.0,0.0,0.0,0
11:12:35.387,4.8377532958984375,469.4258117675781,30.0,0.0,0.0,0.0,0
11:12:35.387,4.8377532958984375,469.4258117675781,30.0,0.0,0.0,0.0,0
11:12:35.401,4.8377532958984375,469.4258117675781,30.0,0.0,0.0,0.0,0
11:12:35.417,4.8377532958984375,469.4258117675781,30.0,0.0,0.0,0.0,0
11:12:35.417,4.8377532958984375,469.4258117675781,30.0,0.0,0.0,0.0,0
11:12:35.433,4.8377532958984375,469.4258117675781,30.0,0.0,0.0,0.0,0
11:12:35.451,4.8377532958984375,469.4258117675781,30.0,0.0,0.0,0.0,0
11:12:35.451,4.8377532958984375,469.4258117675781,30.0,0.0,0.0,0.0,0
11:12:35.466,4.8377532958984375,469.4258117675781,30.0,0.0,0.0,0.0,0
11:12:35.466,4.8377532958984375,469.4258117675781,30.0,0.0,0.0,0.0,0
11:12:35.482,4.8377532958984375,469.4258117675781,30.0,0.0,0.0,0.0,0
11:12:35.500,4.8377532958984375,469.4258117675781,30.0,0.0,0.0,0.0,0
11:12:35.500,4.8377532958984375,469.4258117675781,30.0,0.0,0.0,0.0,0
11:12:35.515,4.8377532958984375,469.4258117675781,30.0,0.0,0.0,0.0,0
11:12:35.515,4.8377532958984375,469.4258117675781,30.0,0.0,0.0,0.0,0
11:12:35.531,4.8377532958984375,469.4258117675781,30.0,0.0,0.0,0.0,0
11:12:35.547,4.8377532958984375,469.4258117675781,30.0,0.0,0.0,0.0,0
11:12:35.547,4.8377532958984375,469.4258117675781,30.0,0.0,0.0,0.0,0
11:12:35.563,4.8377532958984375,469.4258117675781,30.0,0.0,0.0,0.0,0
11:12:35.615,4.8377532958984375,469.4258117675781,30.0,0.0,0.0,0.0,0
11:12:35.615,4.8377532958984375,469.4258117675781,30.0,0.0,0.0,0.0,0
11:12:35.615,4.8377532958984375,469.4258117675781,30.0,0.0,0.0,0.0,0
11:12:35.615,4.8377532958984375,469.4258117675781,30.0,0.0,0.0,0.0,0
11:12:35.615,4.8377532958984375,469.4258117675781,30.0,0.0,0.0,0.0,0
11:12:35.625,4.8377532958984375,469.4258117675781,30.0,0.0,0.0,0.0,0
11:12:35.668,4.8377532958984375,469.4258117675781,30.0,0.0,0.0,0.0,0
11:12:35.668,4.8377532958984375,469.4258117675781,30.0,0.0,0.0,0.0,0
11:12:35.668,4.8377532958984375,469.4258117675781,30.0,0.0,0.0,0.0,0
11:12:35.668,4.8377532958984375,469.4258117675781,30.0,0.0,0.0,0.0,0
11:12:35.668,4.8377532958984375,469.4258117675781,30.0,0.0,0.0,0.0,0
11:12:35.708,4.8377532958984375,469.4258117675781,30.0,0.0,0.0,0.0,0
11:12:35.708,4.8377532958984375,469.4258117675781,30.0,0.0,0.0,0.0,0
11:12:35.708,4.8377532958984375,469.4258117675781,30.0,0.0,0.0,0.0,0
11:12:35.708,4.8377532958984375,469.4258117675781,30.0,0.0,0.0,0.0,0
11:12:35.718,4.8377532958984375,469.4258117675781,30.0,0.0,0.0,0.0,0
11:12:35.735,4.8377532958984375,469.4258117675781,30.0,0.0,0.0,0.0,0
11:12:35.735,4.8377532958984375,469.4258117675781,30.0,0.0,0.0,0.0,0
11:12:35.753,4.8377532958984375,469.4258117675781,30.0,0.0,0.0,0.0,0
11:12:35.775,4.8377532958984375,469.4258117675781,30.0,0.0,0.0,0.0,0
11:12:35.775,4.8377532958984375,469.4258117675781,30.0,0.0,0.0,0.0,0
11:12:35.775,4.8377532958984375,469.4258117675781,30.0,0.0,0.0,0.0,0
11:12:35.798,4.8377532958984375,469.4258117675781,30.0,0.0,0.0,0.0,0
11:12:35.798,4.8377532958984375,469.4258117675781,30.0,0.0,0.0,0.0,0
11:12:35.815,4.8377532958984375,469.4258117675781,30.0,0.0,0.0,0.0,0
11:12:35.825,4.8377532958984375,469.4258117675781,30.0,0.0,0.0,0.0,0
11:12:35.830,4.8377532958984375,469.4258117675781,30.0,0.0,0.0,0.0,0
11:12:35.846,4.8377532958984375,469.4258117675781,30.0,0.0,0.0,0.0,0
11:12:35.846,4.8377532958984375,469.4258117675781,30.0,0.0,0.0,0.0,0
11:12:35.863,4.8377532958984375,469.4258117675781,30.0,0.0,0.0,0.0,0
11:12:35.880,4.8377532958984375,469.4258117675781,30.0,0.0,0.0,0.0,0
11:12:35.891,4.8377532958984375,469.4258117675781,30.0,0.0,0.0,0.0,0
11:12:35.895,4.8377532958984375,469.4258117675781,30.0,0.0,0.0,0.0,0
11:12:35.895,4.8377532958984375,469.4258117675781,30.0,0.0,0.0,0.0,0
11:12:35.911,4.8377532958984375,469.4258117675781,30.0,0.0,0.0,0.0,0
11:12:35.927,4.8377532958984375,469.4258117675781,30.0,0.0,0.0,0.0,0
11:12:35.927,4.8377532958984375,469.4258117675781,30.0,0.0,0.0,0.0,0
11:12:35.944,4.8377532958984375,469.4258117675781,30.0,0.0,0.0,0.0,0
11:12:35.959,4.8377532958984375,469.4258117675781,30.0,0.0,0.0,0.0,0
11:12:35.959,4.8377532958984375,469.4258117675781,30.0,0.0,0.0,0.0,0
11:12:35.975,4.8377532958984375,469.4258117675781,30.0,0.0,0.0,0.0,0
11:12:35.975,4.8377532958984375,469.4258117675781,30.0,0.0,0.0,0.0,0
11:12:35.991,4.8377532958984375,469.4258117675781,30.0,0.0,0.0,0.0,0
11:12:36.009,4.8377532958984375,469.4258117675781,30.0,0.0,0.0,0.0,0
11:12:36.009,4.8377532958984375,469.4258117675781,30.0,0.0,0.0,0.0,0
11:12:36.023,4.8377532958984375,469.4258117675781,30.0,0.0,0.0,0.0,0
11:12:36.039,4.8377532958984375,469.4258117675781,30.0,0.0,0.0,0.0,0
11:12:36.039,4.8377532958984375,469.4258117675781,30.0,0.0,0.0,0.0,0
11:12:36.056,4.8377532958984375,469.4258117675781,30.0,0.0,0.0,0.0,0
11:12:36.056,4.8377532958984375,469.4258117675781,30.0,0.0,0.0,0.0,0
11:12:36.073,4.8377532958984375,469.4258117675781,30.0,0.0,0.0,0.0,0
11:12:36.087,4.8377532958984375,469.4258117675781,30.0,0.0,0.0,0.0,0
11:12:36.087,4.8377532958984375,469.4258117675781,30.0,0.0,0.0,0.0,0
11:12:36.103,4.8377532958984375,469.4258117675781,30.0,0.0,0.0,0.0,0
11:12:36.119,4.8377532958984375,469.4258117675781,30.0,0.0,0.0,0.0,0
11:12:36.119,4.8377532958984375,469.4258117675781,30.0,0.0,0.0,0.0,0
11:12:36.136,4.8377532958984375,469.4258117675781,30.0,0.0,0.0,0.0,0
11:12:36.137,4.8377532958984375,469.4258117675781,30.0,0.0,0.0,0.0,0
11:12:36.152,4.8377532958984375,469.4258117675781,30.0,0.0,0.0,0.0,0
11:12:36.189,4.8377532958984375,469.4258117675781,30.0,0.0,0.0,0.0,0
11:12:36.189,4.8377532958984375,469.4258117675781,30.0,0.0,0.0,0.0,0
11:12:36.189,4.8377532958984375,469.4258117675781,30.0,0.0,0.0,0.0,0
11:12:36.206,4.8377532958984375,469.4258117675781,30.0,0.0,0.0,0.0,0
11:12:36.206,4.8377532958984375,469.4258117675781,30.0,0.0,0.0,0.0,0
11:12:36.216,4.8377532958984375,469.4258117675781,30.0,0.0,0.0,0.0,0
11:12:36.216,4.8377532958984375,469.4258117675781,30.0,0.0,0.0,0.0,0
11:12:36.238,4.8377532958984375,469.4258117675781,30.0,0.0,0.0,0.0,0
11:12:36.238,4.8377532958984375,469.4258117675781,30.0,0.0,0.0,0.0,0
11:12:36.255,4.8377532958984375,469.4258117675781,30.0,0.0,0.0,0.0,0
11:12:36.265,4.8377532958984375,469.4258117675781,30.0,0.0,0.0,0.0,0
11:12:36.270,4.8377532958984375,469.4258117675781,30.0,0.0,0.0,0.0,0
11:12:36.286,4.8377532958984375,469.4258117675781,30.0,0.0,0.0,0.0,0
11:12:36.286,4.8377532958984375,469.4258117675781,30.0,0.0,0.0,0.0,0
11:12:36.302,4.8377532958984375,469.4258117675781,30.0,0.0,0.0,0.0,0
11:12:36.319,4.8377532958984375,469.4258117675781,30.0,0.0,0.0,0.0,0
11:12:36.330,4.8377532958984375,469.4258117675781,30.0,0.0,0.0,0.0,0
11:12:36.335,4.8377532958984375,469.4258117675781,30.0,0.0,0.0,0.0,0
11:12:36.335,4.8377532958984375,469.4258117675781,30.0,0.0,0.0,0.0,0
11:12:36.351,4.8377532958984375,469.4258117675781,30.0,0.0,0.0,0.0,0
11:12:36.366,4.8377532958984375,469.4258117675781,30.0,0.0,0.0,0.0,0
11:12:36.366,4.8377532958984375,469.4258117675781,30.0,0.0,0.0,0.0,0
11:12:36.384,4.8377532958984375,469.4258117675781,30.0,0.0,0.0,0.0,0
11:12:36.399,4.8377532958984375,469.4258117675781,30.0,0.0,0.0,0.0,0
11:12:36.399,4.8377532958984375,469.4258117675781,30.0,0.0,0.0,0.0,0
11:12:36.415,4.8377532958984375,469.4258117675781,30.0,0.0,0.0,0.0,0
11:12:36.415,4.8377532958984375,469.4258117675781,30.0,0.0,0.0,0.0,0
11:12:36.431,4.8377532958984375,469.4258117675781,30.0,0.0,0.0,0.0,0
11:12:36.448,4.8377532958984375,469.4258117675781,30.0,0.0,0.0,0.0,0
11:12:36.458,4.8377532958984375,469.4258117675781,30.0,0.0,0.0,0.0,0
11:12:36.463,4.8377532958984375,469.4258117675781,30.0,0.0,0.0,0.0,0
11:12:36.479,4.8377532958984375,469.4258117675781,30.0,0.0,0.0,0.0,0
11:12:36.479,4.8377532958984375,469.4258117675781,30.0,0.0,0.0,0.0,0
11:12:36.496,4.8377532958984375,469.4258117675781,30.0,0.0,0.0,0.0,0
11:12:36.496,4.8377532958984375,469.4258117675781,30.0,0.0,0.0,0.0,0
11:12:36.513,4.8377532958984375,469.4258117675781,30.0,0.0,0.0,0.0,0
11:12:36.527,4.8377532958984375,469.4258117675781,30.0,0.0,0.0,0.0,0
11:12:36.527,4.8377532958984375,469.4258117675781,30.0,0.0,0.0,0.0,0
11:12:36.543,4.8377532958984375,469.4258117675781,30.0,0.0,0.0,0.0,0
11:12:36.559,4.8377532958984375,469.4258117675781,30.0,0.0,0.0,0.0,0
11:12:36.560,4.8377532958984375,469.4258117675781,30.0,0.0,0.0,0.0,0
11:12:36.578,4.8377532958984375,469.4258117675781,30.0,0.0,0.0,0.0,0
11:12:36.578,4.8377532958984375,469.4258117675781,30.0,0.0,0.0,0.0,0
11:12:36.592,4.8377532958984375,469.4258117675781,30.0,0.0,0.0,0.0,0
11:12:36.608,4.8377532958984375,469.4258117675781,30.0,0.0,0.0,0.0,0
11:12:36.608,4.8377532958984375,469.4258117675781,30.0,0.0,0.0,0.0,0
11:12:36.625,4.8377532958984375,469.4258117675781,30.0,0.0,0.0,0.0,0
11:12:36.635,4.8377532958984375,469.4258117675781,30.0,0.0,0.0,0.0,0
11:12:36.640,4.8377532958984375,469.4258117675781,30.0,0.0,0.0,0.0,0
11:12:36.657,4.8377532958984375,469.4258117675781,30.0,0.0,0.0,0.0,0
11:12:36.657,4.8377532958984375,469.4258117675781,30.0,0.0,0.0,0.0,0
11:12:36.673,4.8377532958984375,469.4258117675781,30.0,0.0,0.0,0.0,0
11:12:36.690,4.8377532958984375,469.4258117675781,30.0,0.0,0.0,0.0,0
11:12:36.690,4.8377532958984375,469.4258117675781,30.0,0.0,0.0,0.0,0
11:12:36.704,4.8377532958984375,469.4258117675781,30.0,0.0,0.0,0.0,0
11:12:36.705,4.8377532958984375,469.4258117675781,30.0,0.0,0.0,0.0,0
11:12:36.720,4.8377532958984375,469.4258117675781,30.0,0.0,0.0,0.0,0
11:12:36.736,4.8377532958984375,469.4258117675781,30.0,0.0,0.0,0.0,0
11:12:36.737,4.8377532958984375,469.4258117675781,30.0,0.0,0.0,0.0,0
11:12:36.753,4.8377532958984375,469.4258117675781,30.0,0.0,0.0,0.0,0
11:12:36.767,4.8377532958984375,469.4258117675781,30.0,0.0,0.0,0.0,0
11:12:36.767,4.8377532958984375,469.4258117675781,30.0,0.0,0.0,0.0,0
11:12:36.784,4.8377532958984375,469.4258117675781,30.0,0.0,0.0,0.0,0
11:12:36.800,4.8377532958984375,469.4258117675781,30.0,0.0,0.0,0.0,0
11:12:36.800,4.8377532958984375,469.4258117675781,30.0,0.0,0.0,0.0,0
11:12:36.817,4.8377532958984375,469.4258117675781,30.0,0.0,0.0,0.0,0
11:12:36.817,4.8377532958984375,469.4258117675781,30.0,0.0,0.0,0.0,0
11:12:36.832,4.8377532958984375,469.4258117675781,30.0,0.0,0.0,0.0,0
11:12:36.849,4.8377532958984375,469.4258117675781,30.0,0.0,0.0,0.0,0
11:12:36.849,4.8377532958984375,469.4258117675781,30.0,0.0,0.0,0.0,0
11:12:36.864,4.8377532958984375,469.4258117675781,30.0,0.0,0.0,0.0,0
11:12:36.864,4.8377532958984375,469.4258117675781,30.0,0.0,0.0,0.0,0
11:12:36.891,4.8377532958984375,469.4258117675781,30.0,0.0,0.0,0.0,0
11:12:36.897,4.8377532958984375,469.4258117675781,30.0,0.0,0.0,0.0,0
11:12:36.897,4.8377532958984375,469.4258117675781,30.0,0.0,0.0,0.0,0
11:12:36.913,4.8377532958984375,469.4258117675781,30.0,0.0,0.0,0.0,0
11:12:36.930,4.8377532958984375,469.4258117675781,30.0,0.0,0.0,0.0,0
11:12:36.930,4.8377532958984375,469.4258117675781,30.0,0.0,0.0,0.0,0
11:12:36.948,4.8377532958984375,469.4258117675781,30.0,0.0,0.0,0.0,0
11:12:36.948,4.8377532958984375,469.4258117675781,30.0,0.0,0.0,0.0,0
11:12:36.962,4.8377532958984375,469.4258117675781,30.0,0.0,0.0,0.0,0
11:12:36.979,4.8377532958984375,469.4258117675781,30.0,0.0,0.0,0.0,0
11:12:36.979,4.8377532958984375,469.4258117675781,30.0,0.0,0.0,0.0,0
11:12:36.995,4.8377532958984375,469.4258117675781,30.0,0.0,0.0,0.0,0
11:12:36.995,4.8377532958984375,469.4258117675781,30.0,0.0,0.0,0.0,0
11:12:37.012,4.8377532958984375,469.4258117675781,30.0,0.0,0.0,0.0,0
11:12:37.027,4.8377532958984375,469.4258117675781,30.0,0.0,0.0,0.0,0
11:12:37.027,4.8377532958984375,469.4258117675781,30.0,0.0,0.0,0.0,0
11:12:37.043,4.8377532958984375,469.4258117675781,30.0,0.0,0.0,0.0,0
11:12:37.060,4.8377532958984375,469.4258117675781,30.0,0.0,0.0,0.0,0
11:12:37.060,4.8377532958984375,469.4258117675781,30.0,0.0,0.0,0.0,0
11:12:37.077,4.8377532958984375,469.4258117675781,30.0,0.0,0.0,0.0,0
11:12:37.090,4.8377532958984375,469.4258117675781,30.0,0.0,0.0,0.0,0
11:12:37.092,4.8377532958984375,469.4258117675781,30.0,0.0,0.0,0.0,0
11:12:37.108,4.8377532958984375,469.4258117675781,30.0,0.0,0.0,0.0,0
11:12:37.108,4.8377532958984375,469.4258117675781,30.0,0.0,0.0,0.0,0
11:12:37.125,4.8377532958984375,469.4258117675781,30.0,0.0,0.0,0.0,0
11:12:37.135,4.8377532958984375,469.4258117675781,30.0,0.0,0.0,0.0,0
11:12:37.140,4.8377532958984375,469.4258117675781,30.0,0.0,0.0,0.0,0
11:12:37.157,4.8377532958984375,469.4258117675781,30.0,0.0,0.0,0.0,0
11:12:37.157,4.8377532958984375,469.4258117675781,30.0,0.0,0.0,0.0,0
11:12:37.173,4.8377532958984375,469.4258117675781,30.0,0.0,0.0,0.0,0
11:12:37.190,4.8377532958984375,469.4258117675781,30.0,0.0,0.0,0.0,0
11:12:37.190,4.8377532958984375,469.4258117675781,30.0,0.0,0.0,0.0,0
11:12:37.204,4.8377532958984375,469.4258117675781,30.0,0.0,0.0,0.0,0
11:12:37.204,4.8377532958984375,469.4258117675781,30.0,0.0,0.0,0.0,0
11:12:37.220,4.8377532958984375,469.4258117675781,30.0,0.0,0.0,0.0,0
11:12:37.236,4.8377532958984375,469.4258117675781,30.0,0.0,0.0,0.0,0
11:12:37.236,4.8377532958984375,469.4258117675781,30.0,0.0,0.0,0.0,0
11:12:37.254,4.8377532958984375,469.4258117675781,30.0,0.0,0.0,0.0,0
11:12:37.269,4.8377532958984375,469.4258117675781,30.0,0.0,0.0,0.0,0
11:12:37.269,4.8377532958984375,469.4258117675781,30.0,0.0,0.0,0.0,0
11:12:37.285,4.8377532958984375,469.4258117675781,30.0,0.0,0.0,0.0,0
11:12:37.285,4.8377532958984375,469.4258117675781,30.0,0.0,0.0,0.0,0
11:12:37.301,4.8377532958984375,469.4258117675781,30.0,0.0,0.0,0.0,0
11:12:37.319,4.8377532958984375,469.4258117675781,30.0,0.0,0.0,0.0,0
11:12:37.329,4.8377532958984375,469.4258117675781,30.0,0.0,0.0,0.0,0
11:12:37.334,4.8377532958984375,469.4258117675781,30.0,0.0,0.0,0.0,0
11:12:37.349,4.8377532958984375,469.4258117675781,30.0,0.0,0.0,0.0,0
11:12:37.350,4.8377532958984375,469.4258117675781,30.0,0.0,0.0,0.0,0
11:12:37.366,4.8377532958984375,469.4258117675781,30.0,0.0,0.0,0.0,0
11:12:37.366,4.8377532958984375,469.4258117675781,30.0,0.0,0.0,0.0,0
11:12:37.383,4.8377532958984375,469.4258117675781,30.0,0.0,0.0,0.0,0
11:12:37.398,4.8377532958984375,469.4258117675781,30.0,0.0,0.0,0.0,0
11:12:37.398,4.8377532958984375,469.4258117675781,30.0,0.0,0.0,0.0,0
11:12:37.414,4.8377532958984375,469.4258117675781,30.0,0.0,0.0,0.0,0
11:12:37.414,4.8377532958984375,469.4258117675781,30.0,0.0,0.0,0.0,0
11:12:37.431,4.8377532958984375,469.4258117675781,30.0,0.0,0.0,0.0,0
11:12:37.448,4.8377532958984375,469.4258117675781,30.0,0.0,0.0,0.0,0
11:12:37.448,4.8377532958984375,469.4258117675781,30.0,0.0,0.0,0.0,0
11:12:37.463,4.8377532958984375,469.4258117675781,30.0,0.0,0.0,0.0,0
11:12:37.479,4.8377532958984375,469.4258117675781,30.0,0.0,0.0,0.0,0
11:12:37.479,4.8377532958984375,469.4258117675781,30.0,0.0,0.0,0.0,0
11:12:37.495,4.8377532958984375,469.4258117675781,30.0,0.0,0.0,0.0,0
11:12:37.495,4.8377532958984375,469.4258117675781,30.0,0.0,0.0,0.0,0
11:12:37.513,4.8377532958984375,469.4258117675781,30.0,0.0,0.0,0.0,0
11:12:37.527,4.8377532958984375,469.4258117675781,30.0,0.0,0.0,0.0,0
11:12:37.527,4.8377532958984375,469.4258117675781,30.0,0.0,0.0,0.0,0
11:12:37.543,4.8377532958984375,469.4258117675781,30.0,0.0,0.0,0.0,0
11:12:37.559,4.8377532958984375,469.4258117675781,30.0,0.0,0.0,0.0,0
11:12:37.559,4.8377532958984375,469.4258117675781,30.0,0.0,0.0,0.0,0
11:12:37.577,4.8377532958984375,469.4258117675781,30.0,0.0,0.0,0.0,0
11:12:37.577,4.8377532958984375,469.4258117675781,30.0,0.0,0.0,0.0,0
11:12:37.591,4.8377532958984375,469.4258117675781,30.0,0.0,0.0,0.0,0
11:12:37.607,4.8377532958984375,469.4258117675781,30.0,0.0,0.0,0.0,0
11:12:37.607,4.8377532958984375,469.4258117675781,30.0,0.0,0.0,0.0,0
11:12:37.623,4.8377532958984375,469.4258117675781,30.0,0.0,0.0,0.0,0
11:12:37.639,4.8377532958984375,469.4258117675781,30.0,0.0,0.0,0.0,0
11:12:37.648,4.8377532958984375,469.4258117675781,30.0,0.0,0.0,0.0,0
11:12:37.655,4.8377532958984375,469.4258117675781,30.0,0.0,0.0,0.0,0
11:12:37.655,4.8377532958984375,469.4258117675781,30.0,0.0,0.0,0.0,0
11:12:37.670,4.8377532958984375,469.4258117675781,30.0,0.0,0.0,0.0,0
11:12:37.688,4.8377532958984375,469.4258117675781,30.0,0.0,0.0,0.0,0
11:12:37.697,4.8377532958984375,469.4258117675781,30.0,0.0,0.0,0.0,0
11:12:37.703,4.8377532958984375,469.4258117675781,30.0,0.0,0.0,0.0,0
11:12:37.719,4.8377532958984375,469.4258117675781,30.0,0.0,0.0,0.0,0
11:12:37.719,4.8377532958984375,469.4258117675781,30.0,0.0,0.0,0.0,0
11:12:37.735,4.8377532958984375,469.4258117675781,30.0,0.0,0.0,0.0,0
11:12:37.735,4.8377532958984375,469.4258117675781,30.0,0.0,0.0,0.0,0
11:12:37.752,4.8377532958984375,469.4258117675781,30.0,0.0,0.0,0.0,0
11:12:37.767,4.8377532958984375,469.4258117675781,30.0,0.0,0.0,0.0,0
11:12:37.767,4.8377532958984375,469.4258117675781,30.0,0.0,0.0,0.0,0
11:12:37.784,4.8377532958984375,469.4258117675781,30.0,0.0,0.0,0.0,0
11:12:37.800,4.8377532958984375,469.4258117675781,30.0,0.0,0.0,0.0,0
11:12:37.800,4.8377532958984375,469.4258117675781,30.0,0.0,0.0,0.0,0
11:12:37.817,4.8377532958984375,469.4258117675781,30.0,0.0,0.0,0.0,0
11:12:37.817,4.8377532958984375,469.4258117675781,30.0,0.0,0.0,0.0,0
11:12:37.832,4.8377532958984375,469.4258117675781,30.0,0.0,0.0,0.0,0
11:12:37.848,4.8377532958984375,469.4258117675781,30.0,0.0,0.0,0.0,0
11:12:37.848,4.8377532958984375,469.4258117675781,30.0,0.0,0.0,0.0,0
11:12:37.864,4.8377532958984375,469.4258117675781,30.0,0.0,0.0,0.0,0
11:12:37.864,4.8377532958984375,469.4258117675781,30.0,0.0,0.0,0.0,0
11:12:37.882,4.8377532958984375,469.4258117675781,30.0,0.0,0.0,0.0,0
11:12:37.897,4.8377532958984375,469.4258117675781,30.0,0.0,0.0,0.0,0
11:12:37.897,4.8377532958984375,469.4258117675781,30.0,0.0,0.0,0.0,0
11:12:37.914,4.8377532958984375,469.4258117675781,30.0,0.0,0.0,0.0,0
11:12:37.930,4.8377532958984375,469.4258117675781,30.0,0.0,0.0,0.0,0
11:12:37.930,4.8377532958984375,469.4258117675781,30.0,0.0,0.0,0.0,0
11:12:37.947,4.8377532958984375,469.4258117675781,30.0,0.0,0.0,0.0,0
11:12:37.947,4.8377532958984375,469.4258117675781,30.0,0.0,0.0,0.0,0
11:12:37.962,4.8377532958984375,469.4258117675781,30.0,0.0,0.0,0.0,0
11:12:37.979,4.8377532958984375,469.4258117675781,30.0,0.0,0.0,0.0,0
11:12:37.979,4.8377532958984375,469.4258117675781,30.0,0.0,0.0,0.0,0
11:12:37.995,4.8377532958984375,469.4258117675781,30.0,0.0,0.0,0.0,0
11:12:37.995,4.8377532958984375,469.4258117675781,30.0,0.0,0.0,0.0,0
11:12:38.013,4.8377532958984375,469.4258117675781,30.0,0.0,0.0,0.0,0
11:12:38.027,4.8377532958984375,469.4258117675781,30.0,0.0,0.0,0.0,0
11:12:38.027,4.8377532958984375,469.4258117675781,30.0,0.0,0.0,0.0,0
11:12:38.044,4.8377532958984375,469.4258117675781,30.0,0.0,0.0,0.0,0
11:12:38.060,4.8377532958984375,469.4258117675781,30.0,0.0,0.0,0.0,0
11:12:38.060,4.8377532958984375,469.4258117675781,30.0,0.0,0.0,0.0,0
11:12:38.078,4.8377532958984375,469.4258117675781,30.0,0.0,0.0,0.0,0
11:12:38.091,4.8377532958984375,469.4258117675781,30.0,0.0,0.0,0.0,0
11:12:38.091,4.8377532958984375,469.4258117675781,30.0,0.0,0.0,0.0,0
11:12:38.107,4.8377532958984375,469.4258117675781,30.0,0.0,0.0,0.0,0
11:12:38.107,4.8377532958984375,469.4258117675781,30.0,0.0,0.0,0.0,0
11:12:38.123,4.8377532958984375,469.4258117675781,30.0,0.0,0.0,0.0,0
11:12:38.140,4.8377532958984375,469.4258117675781,30.0,0.0,0.0,0.0,0
11:12:38.154,4.8377532958984375,469.4258117675781,30.0,0.0,0.0,0.0,0
11:12:38.155,4.8377532958984375,469.4258117675781,30.0,0.0,0.0,0.0,0
11:12:38.155,4.8377532958984375,469.4258117675781,30.0,0.0,0.0,0.0,0
11:12:38.171,4.8377532958984375,469.4258117675781,30.0,0.0,0.0,0.0,0
11:12:38.187,4.8377532958984375,469.4258117675781,30.0,0.0,0.0,0.0,0
11:12:38.187,4.8377532958984375,469.4258117675781,30.0,0.0,0.0,0.0,0
11:12:38.205,4.8377532958984375,469.4258117675781,30.0,0.0,0.0,0.0,0
11:12:38.219,4.8377532958984375,469.4258117675781,30.0,0.0,0.0,0.0,0
11:12:38.219,4.8377532958984375,469.4258117675781,30.0,0.0,0.0,0.0,0
11:12:38.235,4.8377532958984375,469.4258117675781,30.0,0.0,0.0,0.0,0
11:12:38.235,4.8377532958984375,469.4258117675781,30.0,0.0,0.0,0.0,0
11:12:38.251,4.8377532958984375,469.4258117675781,30.0,0.0,0.0,0.0,0
11:12:38.269,4.8377532958984375,469.4258117675781,30.0,0.0,0.0,0.0,0
11:12:38.284,4.8377532958984375,469.4258117675781,30.0,0.0,0.0,0.0,0
11:12:38.284,4.8377532958984375,469.4258117675781,30.0,0.0,0.0,0.0,0
11:12:38.299,4.8377532958984375,469.4258117675781,30.0,0.0,0.0,0.0,0
11:12:38.299,4.8377532958984375,469.4258117675781,30.0,0.0,0.0,0.0,0
11:12:38.315,4.8377532958984375,469.4258117675781,30.0,0.0,0.0,0.0,0
11:12:38.315,4.8377532958984375,469.4258117675781,30.0,0.0,0.0,0.0,0
11:12:38.333,4.8377532958984375,469.4258117675781,30.0,0.0,0.0,0.0,0
11:12:38.347,4.8377532958984375,469.4258117675781,30.0,0.0,0.0,0.0,0
11:12:38.348,4.8377532958984375,469.4258117675781,30.0,0.0,0.0,0.0,0
11:12:38.363,4.8377532958984375,469.4258117675781,30.0,0.0,0.0,0.0,0
11:12:38.380,4.8377532958984375,469.4258117675781,30.0,0.0,0.0,0.0,0
11:12:38.380,4.8377532958984375,469.4258117675781,30.0,0.0,0.0,0.0,0
11:12:38.397,4.8377532958984375,469.4258117675781,30.0,0.0,0.0,0.0,0
11:12:38.397,4.8377532958984375,469.4258117675781,30.0,0.0,0.0,0.0,0
11:12:38.413,4.8377532958984375,469.4258117675781,30.0,0.0,0.0,0.0,0
11:12:38.429,4.8377532958984375,469.4258117675781,30.0,0.0,0.0,0.0,0
11:12:38.429,4.8377532958984375,469.4258117675781,30.0,0.0,0.0,0.0,0
11:12:38.445,4.8377532958984375,469.4258117675781,30.0,0.0,0.0,0.0,0
11:12:38.445,4.8377532958984375,469.4258117675781,30.0,0.0,0.0,0.0,0
11:12:38.462,4.8377532958984375,469.4258117675781,30.0,0.0,0.0,0.0,0
11:12:38.477,4.8377532958984375,469.4258117675781,30.0,0.0,0.0,0.0,0
11:12:38.477,4.8377532958984375,469.4258117675781,30.0,0.0,0.0,0.0,0
11:12:38.494,4.8377532958984375,469.4258117675781,30.0,0.0,0.0,0.0,0
11:12:38.510,4.8377532958984375,469.4258117675781,30.0,0.0,0.0,0.0,0
11:12:38.510,4.8377532958984375,469.4258117675781,30.0,0.0,0.0,0.0,0
11:12:38.528,4.8377532958984375,469.4258117675781,30.0,0.0,0.0,0.0,0
11:12:38.528,4.8377532958984375,469.4258117675781,30.0,0.0,0.0,0.0,0
11:12:38.542,4.8377532958984375,469.4258117675781,30.0,0.0,0.0,0.0,0
11:12:38.558,4.8377532958984375,469.4258117675781,30.0,0.0,0.0,0.0,0
11:12:38.558,4.8377532958984375,469.4258117675781,30.0,0.0,0.0,0.0,0
11:12:38.574,4.8377532958984375,469.4258117675781,30.0,0.0,0.0,0.0,0
11:12:38.591,4.8377532958984375,469.4258117675781,30.0,0.0,0.0,0.0,0
11:12:38.601,4.8377532958984375,469.4258117675781,30.0,0.0,0.0,0.0,0
11:12:38.606,4.8377532958984375,469.4258117675781,30.0,0.0,0.0,0.0,0
11:12:38.606,4.8377532958984375,469.4258117675781,30.0,0.0,0.0,0.0,0
11:12:38.622,4.8377532958984375,469.4258117675781,30.0,0.0,0.0,0.0,0
11:12:38.638,4.8377532958984375,469.4258117675781,30.0,0.0,0.0,0.0,0
11:12:38.638,4.8377532958984375,469.4258117675781,30.0,0.0,0.0,0.0,0
11:12:38.655,4.8377532958984375,469.4258117675781,30.0,0.0,0.0,0.0,0
11:12:38.665,4.8377532958984375,469.4258117675781,30.0,0.0,0.0,0.0,0
11:12:38.670,4.8377532958984375,469.4258117675781,30.0,0.0,0.0,0.0,0
11:12:38.686,4.8377532958984375,469.4258117675781,30.0,0.0,0.0,0.0,0
11:12:38.686,4.8377532958984375,469.4258117675781,30.0,0.0,0.0,0.0,0
11:12:38.704,4.8377532958984375,469.4258117675781,30.0,0.0,0.0,0.0,0
11:12:38.713,4.8377532958984375,469.4258117675781,30.0,0.0,0.0,0.0,0
11:12:38.718,4.8377532958984375,469.4258117675781,30.0,0.0,0.0,0.0,0
11:12:38.735,4.8377532958984375,469.4258117675781,30.0,0.0,0.0,0.0,0
11:12:38.735,4.8377532958984375,469.4258117675781,30.0,0.0,0.0,0.0,0
11:12:38.751,4.8377532958984375,469.4258117675781,30.0,0.0,0.0,0.0,0
11:12:38.769,4.8377532958984375,469.4258117675781,30.0,0.0,0.0,0.0,0
11:12:38.769,4.8377532958984375,469.4258117675781,30.0,0.0,0.0,0.0,0
11:12:38.783,4.8377532958984375,469.4258117675781,30.0,0.0,0.0,0.0,0
11:12:38.800,4.8377532958984375,469.4258117675781,30.0,0.0,0.0,0.0,0
11:12:38.800,4.8377532958984375,469.4258117675781,30.0,0.0,0.0,0.0,0
11:12:38.816,4.8377532958984375,469.4258117675781,30.0,0.0,0.0,0.0,0
11:12:38.816,4.8377532958984375,469.4258117675781,30.0,0.0,0.0,0.0,0
11:12:38.834,4.8377532958984375,469.4258117675781,30.0,0.0,0.0,0.0,0
11:12:38.848,4.8377532958984375,469.4258117675781,30.0,0.0,0.0,0.0,0
11:12:38.848,4.8377532958984375,469.4258117675781,30.0,0.0,0.0,0.0,0
11:12:38.865,4.8377532958984375,469.4258117675781,30.0,0.0,0.0,0.0,0
11:12:38.865,4.8377532958984375,469.4258117675781,30.0,0.0,0.0,0.0,0
11:12:38.881,4.8377532958984375,469.4258117675781,30.0,0.0,0.0,0.0,0
11:12:38.899,4.8377532958984375,469.4258117675781,30.0,0.0,0.0,0.0,0
11:12:38.909,4.8377532958984375,469.4258117675781,30.0,0.0,0.0,0.0,0
11:12:38.913,4.8377532958984375,469.4258117675781,30.0,0.0,0.0,0.0,0
11:12:38.929,4.8377532958984375,469.4258117675781,30.0,0.0,0.0,0.0,0
11:12:38.930,4.8377532958984375,469.4258117675781,30.0,0.0,0.0,0.0,0
11:12:38.946,4.8377532958984375,469.4258117675781,30.0,0.0,0.0,0.0,0
11:12:38.946,4.8377532958984375,469.4258117675781,30.0,0.0,0.0,0.0,0
11:12:38.963,4.8377532958984375,469.4258117675781,30.0,0.0,0.0,0.0,0
11:12:38.977,4.8377532958984375,469.4258117675781,30.0,0.0,0.0,0.0,0
11:12:38.977,4.8377532958984375,469.4258117675781,30.0,0.0,0.0,0.0,0
11:12:38.993,4.8377532958984375,469.4258117675781,30.0,0.0,0.0,0.0,0
11:12:39.010,4.8377532958984375,469.4258117675781,30.0,0.0,0.0,0.0,0
11:12:39.010,4.8377532958984375,469.4258117675781,30.0,0.0,0.0,0.0,0
11:12:39.027,4.8377532958984375,469.4258117675781,30.0,0.0,0.0,0.0,0
11:12:39.037,4.8377532958984375,469.4258117675781,30.0,0.0,0.0,0.0,0
11:12:39.042,4.8377532958984375,469.4258117675781,30.0,0.0,0.0,0.0,0
11:12:39.058,4.8377532958984375,469.4258117675781,30.0,0.0,0.0,0.0,0
11:12:39.058,4.8377532958984375,469.4258117675781,30.0,0.0,0.0,0.0,0
11:12:39.074,4.8377532958984375,469.4258117675781,30.0,0.0,0.0,0.0,0
11:12:39.074,4.8377532958984375,469.4258117675781,30.0,0.0,0.0,0.0,0
11:12:39.092,4.8377532958984375,469.4258117675781,30.0,0.0,0.0,0.0,0
11:12:39.107,4.8377532958984375,469.4258117675781,30.0,0.0,0.0,0.0,0
11:12:39.107,4.8377532958984375,469.4258117675781,30.0,0.0,0.0,0.0,0
11:12:39.126,4.8377532958984375,469.4258117675781,30.0,0.0,0.0,0.0,0
11:12:39.126,4.8377532958984375,469.4258117675781,30.0,0.0,0.0,0.0,0
11:12:39.144,4.8377532958984375,469.4258117675781,30.0,0.0,0.0,0.0,0
11:12:39.158,4.8377532958984375,469.4258117675781,30.0,0.0,0.0,0.0,0
11:12:39.158,4.8377532958984375,469.4258117675781,30.0,0.0,0.0,0.0,0
11:12:39.174,4.8377532958984375,469.4258117675781,30.0,0.0,0.0,0.0,0
11:12:39.174,4.8377532958984375,469.4258117675781,30.0,0.0,0.0,0.0,0
11:12:39.190,4.8377532958984375,469.4258117675781,30.0,0.0,0.0,0.0,0
11:12:39.209,4.8377532958984375,469.4258117675781,30.0,0.0,0.0,0.0,0
11:12:39.222,4.8377532958984375,469.4258117675781,30.0,0.0,0.0,0.0,0
11:12:39.223,4.8377532958984375,469.4258117675781,30.0,0.0,0.0,0.0,0
11:12:39.239,4.8377532958984375,469.4258117675781,30.0,0.0,0.0,0.0,0
11:12:39.239,4.8377532958984375,469.4258117675781,30.0,0.0,0.0,0.0,0
11:12:39.255,4.8377532958984375,469.4258117675781,30.0,0.0,0.0,0.0,0
11:12:39.255,4.8377532958984375,469.4258117675781,30.0,0.0,0.0,0.0,0
11:12:39.272,4.8377532958984375,469.4258117675781,30.0,0.0,0.0,0.0,0
11:12:39.287,4.8377532958984375,469.4258117675781,30.0,0.0,0.0,0.0,0
11:12:39.287,4.8377532958984375,469.4258117675781,30.0,0.0,0.0,0.0,0
11:12:39.303,4.8377532958984375,469.4258117675781,30.0,0.0,0.0,0.0,0
11:12:39.319,4.8377532958984375,469.4258117675781,30.0,0.0,0.0,0.0,0
11:12:39.319,4.8377532958984375,469.4258117675781,30.0,0.0,0.0,0.0,0
11:12:39.336,4.8377532958984375,469.4258117675781,30.0,0.0,0.0,0.0,0
11:12:39.336,4.8377532958984375,469.4258117675781,30.0,0.0,0.0,0.0,0
11:12:39.352,4.8377532958984375,469.4258117675781,30.0,0.0,0.0,0.0,0
11:12:39.367,4.8377532958984375,469.4258117675781,30.0,0.0,0.0,0.0,0
11:12:39.367,4.8377532958984375,469.4258117675781,30.0,0.0,0.0,0.0,0
11:12:39.383,4.8377532958984375,469.4258117675781,30.0,0.0,0.0,0.0,0
11:12:39.401,4.8377532958984375,469.4258117675781,30.0,0.0,0.0,0.0,0
11:12:39.411,4.8377532958984375,469.4258117675781,30.0,0.0,0.0,0.0,0
11:12:39.416,4.8377532958984375,469.4258117675781,30.0,0.0,0.0,0.0,0
11:12:39.416,4.8377532958984375,469.4258117675781,30.0,0.0,0.0,0.0,0
11:12:39.432,4.8377532958984375,469.4258117675781,30.0,0.0,0.0,0.0,0
11:12:39.447,4.8377532958984375,469.4258117675781,30.0,0.0,0.0,0.0,0
11:12:39.448,4.8377532958984375,469.4258117675781,30.0,0.0,0.0,0.0,0
11:12:39.465,4.8377532958984375,469.4258117675781,30.0,0.0,0.0,0.0,0
11:12:39.480,4.8377532958984375,469.4258117675781,30.0,0.0,0.0,0.0,0
11:12:39.480,4.8377532958984375,469.4258117675781,30.0,0.0,0.0,0.0,0
11:12:39.496,4.8377532958984375,469.4258117675781,30.0,0.0,0.0,0.0,0
11:12:39.496,4.8377532958984375,469.4258117675781,30.0,0.0,0.0,0.0,0
11:12:39.512,4.8377532958984375,469.4258117675781,30.0,0.0,0.0,0.0,0
11:12:39.531,4.8377532958984375,469.4258117675781,30.0,0.0,0.0,0.0,0
11:12:39.531,4.8377532958984375,469.4258117675781,30.0,0.0,0.0,0.0,0
11:12:39.545,4.8377532958984375,469.4258117675781,30.0,0.0,0.0,0.0,0
11:12:39.545,4.8377532958984375,469.4258117675781,30.0,0.0,0.0,0.0,0
11:12:39.561,4.8377532958984375,469.4258117675781,30.0,0.0,0.0,0.0,0
11:12:39.578,4.8377532958984375,469.4258117675781,30.0,0.0,0.0,0.0,0
11:12:39.578,4.8377532958984375,469.4258117675781,30.0,0.0,0.0,0.0,0
11:12:39.593,4.8377532958984375,469.4258117675781,30.0,0.0,0.0,0.0,0
11:12:39.610,4.8377532958984375,469.4258117675781,30.0,0.0,0.0,0.0,0
11:12:39.610,4.8377532958984375,469.4258117675781,30.0,0.0,0.0,0.0,0
11:12:39.626,4.8377532958984375,469.4258117675781,30.0,0.0,0.0,0.0,0
11:12:39.626,4.8377532958984375,469.4258117675781,30.0,0.0,0.0,0.0,0
11:12:39.643,4.8377532958984375,469.4258117675781,30.0,0.0,0.0,0.0,0
11:12:39.658,4.8377532958984375,469.4258117675781,30.0,0.0,0.0,0.0,0
11:12:39.658,4.8377532958984375,469.4258117675781,30.0,0.0,0.0,0.0,0
11:12:39.675,4.8377532958984375,469.4258117675781,30.0,0.0,0.0,0.0,0
11:12:39.675,4.8377532958984375,469.4258117675781,30.0,0.0,0.0,0.0,0
11:12:39.691,4.8377532958984375,469.4258117675781,30.0,0.0,0.0,0.0,0
11:12:39.708,4.8377532958984375,469.4258117675781,30.0,0.0,0.0,0.0,0
11:12:39.708,4.8377532958984375,469.4258117675781,30.0,0.0,0.0,0.0,0
11:12:39.722,4.8377532958984375,469.4258117675781,30.0,0.0,0.0,0.0,0
11:12:39.738,4.8377532958984375,469.4258117675781,30.0,0.0,0.0,0.0,0
11:12:39.739,4.8377532958984375,469.4258117675781,30.0,0.0,0.0,0.0,0
11:12:39.755,4.8377532958984375,469.4258117675781,30.0,0.0,0.0,0.0,0
11:12:39.755,4.8377532958984375,469.4258117675781,30.0,0.0,0.0,0.0,0
11:12:39.772,4.8377532958984375,469.4258117675781,30.0,0.0,0.0,0.0,0
11:12:39.787,4.8377532958984375,469.4258117675781,30.0,0.0,0.0,0.0,0
11:12:39.787,4.8377532958984375,469.4258117675781,30.0,0.0,0.0,0.0,0
11:12:39.803,4.8377532958984375,469.4258117675781,30.0,0.0,0.0,0.0,0
11:12:39.820,4.8377532958984375,469.4258117675781,30.0,0.0,0.0,0.0,0
11:12:39.820,4.8377532958984375,469.4258117675781,30.0,0.0,0.0,0.0,0
11:12:39.837,4.8377532958984375,469.4258117675781,30.0,0.0,0.0,0.0,0
11:12:39.846,4.8377532958984375,469.4258117675781,30.0,0.0,0.0,0.0,0
11:12:39.852,4.8377532958984375,469.4258117675781,30.0,0.0,0.0,0.0,0
11:12:39.867,4.8377532958984375,469.4258117675781,30.0,0.0,0.0,0.0,0
11:12:39.867,4.8377532958984375,469.4258117675781,30.0,0.0,0.0,0.0,0
11:12:39.883,4.8377532958984375,469.4258117675781,30.0,0.0,0.0,0.0,0
11:12:39.901,4.8377532958984375,469.4258117675781,30.0,0.0,0.0,0.0,0
11:12:39.912,4.8377532958984375,469.4258117675781,30.0,0.0,0.0,0.0,0
11:12:39.916,4.8377532958984375,469.4258117675781,30.0,0.0,0.0,0.0,0
11:12:39.916,4.8377532958984375,469.4258117675781,30.0,0.0,0.0,0.0,0
11:12:39.932,4.8377532958984375,469.4258117675781,30.0,0.0,0.0,0.0,0
11:12:39.949,4.8377532958984375,469.4258117675781,30.0,0.0,0.0,0.0,0
11:12:39.949,4.8377532958984375,469.4258117675781,30.0,0.0,0.0,0.0,0
11:12:39.966,4.8377532958984375,469.4258117675781,30.0,0.0,0.0,0.0,0
11:12:39.976,4.8377532958984375,469.4258117675781,30.0,0.0,0.0,0.0,0
11:12:39.981,4.8377532958984375,469.4258117675781,30.0,0.0,0.0,0.0,0
11:12:39.997,4.8377532958984375,469.4258117675781,30.0,0.0,0.0,0.0,0
11:12:39.997,4.8377532958984375,469.4258117675781,30.0,0.0,0.0,0.0,0
11:12:40.014,4.8377532958984375,469.4258117675781,30.0,0.0,0.0,0.0,0
11:12:40.031,4.8377532958984375,469.4258117675781,30.0,0.0,0.0,0.0,0
11:12:40.041,4.8377532958984375,469.4258117675781,30.0,0.0,0.0,0.0,0
11:12:40.046,4.8377532958984375,469.4258117675781,30.0,0.0,0.0,0.0,0
11:12:40.046,4.8377532958984375,469.4258117675781,30.0,0.0,0.0,0.0,0
11:12:40.062,4.8377532958984375,469.4258117675781,30.0,0.0,0.0,0.0,0
11:12:40.078,4.8377532958984375,469.4258117675781,30.0,0.0,0.0,0.0,0
11:12:40.078,4.8377532958984375,469.4258117675781,30.0,0.0,0.0,0.0,0
11:12:40.096,4.8377532958984375,469.4258117675781,30.0,0.0,0.0,0.0,0
11:12:40.106,4.8377532958984375,469.4258117675781,30.0,0.0,0.0,0.0,0
11:12:40.111,4.8377532958984375,469.4258117675781,30.0,0.0,0.0,0.0,0
11:12:40.127,4.8377532958984375,469.4258117675781,30.0,0.0,0.0,0.0,0
11:12:40.127,4.8377532958984375,469.4258117675781,30.0,0.0,0.0,0.0,0
11:12:40.144,4.8377532958984375,469.4258117675781,30.0,0.0,0.0,0.0,0
11:12:40.161,4.8377532958984375,469.4258117675781,30.0,0.0,0.0,0.0,0
11:12:40.173,4.8377532958984375,469.4258117675781,30.0,0.0,0.0,0.0,0
11:12:40.176,4.8377532958984375,469.4258117675781,30.0,0.0,0.0,0.0,0
11:12:40.176,4.8377532958984375,469.4258117675781,30.0,0.0,0.0,0.0,0
11:12:40.192,4.8377532958984375,469.4258117675781,30.0,0.0,0.0,0.0,0
11:12:40.207,4.8377532958984375,469.4258117675781,30.0,0.0,0.0,0.0,0
11:12:40.207,4.8377532958984375,469.4258117675781,30.0,0.0,0.0,0.0,0
11:12:40.225,4.8377532958984375,469.4258117675781,30.0,0.0,0.0,0.0,0
11:12:40.240,4.8377532958984375,469.4258117675781,30.0,0.0,0.0,0.0,0
11:12:40.240,4.8377532958984375,469.4258117675781,30.0,0.0,0.0,0.0,0
11:12:40.256,4.8377532958984375,469.4258117675781,30.0,0.0,0.0,0.0,0
11:12:40.256,4.8377532958984375,469.4258117675781,30.0,0.0,0.0,0.0,0
11:12:40.272,4.8377532958984375,469.4258117675781,30.0,0.0,0.0,0.0,0
11:12:40.289,4.8377532958984375,469.4258117675781,30.0,0.0,0.0,0.0,0
11:12:40.301,4.8377532958984375,469.4258117675781,30.0,0.0,0.0,0.0,0
11:12:40.304,4.8377532958984375,469.4258117675781,30.0,0.0,0.0,0.0,0
11:12:40.320,4.8377532958984375,469.4258117675781,30.0,0.0,0.0,0.0,0
11:12:40.320,4.8377532958984375,469.4258117675781,30.0,0.0,0.0,0.0,0
11:12:40.336,4.8377532958984375,469.4258117675781,30.0,0.0,0.0,0.0,0
11:12:40.336,4.8377532958984375,469.4258117675781,30.0,0.0,0.0,0.0,0
11:12:40.354,4.8377532958984375,469.4258117675781,30.0,0.0,0.0,0.0,0
11:12:40.374,4.8377532958984375,469.4258117675781,30.0,0.0,0.0,0.0,0
11:12:40.374,4.8377532958984375,469.4258117675781,30.0,0.0,0.0,0.0,0
11:12:40.374,4.8377532958984375,469.4258117675781,30.0,0.0,0.0,0.0,0
11:12:40.391,4.8377532958984375,469.4258117675781,30.0,0.0,0.0,0.0,0
11:12:40.409,4.8377532958984375,469.4258117675781,30.0,0.0,0.0,0.0,0
11:12:40.409,4.8377532958984375,469.4258117675781,30.0,0.0,0.0,0.0,0
11:12:40.424,4.8377532958984375,469.4258117675781,30.0,0.0,0.0,0.0,0
11:12:40.440,4.8377532958984375,469.4258117675781,30.0,0.0,0.0,0.0,0
11:12:40.440,4.8377532958984375,469.4258117675781,30.0,0.0,0.0,0.0,0
11:12:40.456,4.8377532958984375,469.4258117675781,30.0,0.0,0.0,0.0,0
11:12:40.456,4.8377532958984375,469.4258117675781,30.0,0.0,0.0,0.0,0
11:12:40.472,4.8377532958984375,469.4258117675781,30.0,0.0,0.0,0.0,0
11:12:40.486,4.8377532958984375,469.4258117675781,30.0,0.0,0.0,0.0,0
11:12:40.487,4.8377532958984375,469.4258117675781,30.0,0.0,0.0,0.0,0
11:12:40.503,4.8377532958984375,469.4258117675781,30.0,0.0,0.0,0.0,0
11:12:40.519,4.8377532958984375,469.4258117675781,30.0,0.0,0.0,0.0,0
11:12:40.519,4.8377532958984375,469.4258117675781,30.0,0.0,0.0,0.0,0
11:12:40.536,4.8377532958984375,469.4258117675781,30.0,0.0,0.0,0.0,0
11:12:40.536,4.8377532958984375,469.4258117675781,30.0,0.0,0.0,0.0,0
11:12:40.552,4.8377532958984375,469.4258117675781,30.0,0.0,0.0,0.0,0
11:12:40.567,4.8377532958984375,469.4258117675781,30.0,0.0,0.0,0.0,0
11:12:40.567,4.8377532958984375,469.4258117675781,30.0,0.0,0.0,0.0,0
11:12:40.582,4.8377532958984375,469.4258117675781,30.0,0.0,0.0,0.0,0
11:12:40.600,4.8377532958984375,469.4258117675781,30.0,0.0,0.0,0.0,0
11:12:40.610,4.8377532958984375,469.4258117675781,30.0,0.0,0.0,0.0,0
11:12:40.615,4.8377532958984375,469.4258117675781,30.0,0.0,0.0,0.0,0
11:12:40.615,4.8377532958984375,469.4258117675781,30.0,0.0,0.0,0.0,0
11:12:40.631,4.8377532958984375,469.4258117675781,30.0,0.0,0.0,0.0,0
11:12:40.647,4.8377532958984375,469.4258117675781,30.0,0.0,0.0,0.0,0
11:12:40.647,4.8377532958984375,469.4258117675781,30.0,0.0,0.0,0.0,0
11:12:40.664,4.8377532958984375,469.4258117675781,30.0,0.0,0.0,0.0,0
11:12:40.680,4.8377532958984375,469.4258117675781,30.0,0.0,0.0,0.0,0
11:12:40.680,4.8377532958984375,469.4258117675781,30.0,0.0,0.0,0.0,0
11:12:40.696,4.8377532958984375,469.4258117675781,30.0,0.0,0.0,0.0,0
11:12:40.696,4.8377532958984375,469.4258117675781,30.0,0.0,0.0,0.0,0
11:12:40.712,4.8377532958984375,469.4258117675781,30.0,0.0,0.0,0.0,0
11:12:40.729,4.8377532958984375,469.4258117675781,30.0,0.0,0.0,0.0,0
11:12:40.741,4.8377532958984375,469.4258117675781,30.0,0.0,0.0,0.0,0
11:12:40.744,4.8377532958984375,469.4258117675781,30.0,0.0,0.0,0.0,0
11:12:40.744,4.8377532958984375,469.4258117675781,30.0,0.0,0.0,0.0,0
11:12:40.760,4.8377532958984375,469.4258117675781,30.0,0.0,0.0,0.0,0
11:12:40.777,4.8377532958984375,469.4258117675781,30.0,0.0,0.0,0.0,0
11:12:40.777,4.8377532958984375,469.4258117675781,30.0,0.0,0.0,0.0,0
11:12:40.794,4.8377532958984375,469.4258117675781,30.0,0.0,0.0,0.0,0
11:12:40.808,4.8377532958984375,469.4258117675781,30.0,0.0,0.0,0.0,0
11:12:40.808,4.8377532958984375,469.4258117675781,30.0,0.0,0.0,0.0,0
11:12:40.824,4.8377532958984375,469.4258117675781,30.0,0.0,0.0,0.0,0
11:12:40.824,4.8377532958984375,469.4258117675781,30.0,0.0,0.0,0.0,0
11:12:40.840,4.8377532958984375,469.4258117675781,30.0,0.0,0.0,0.0,0
11:12:40.858,4.8377532958984375,469.4258117675781,30.0,0.0,0.0,0.0,0
11:12:40.867,4.8377532958984375,469.4258117675781,30.0,0.0,0.0,0.0,0
11:12:40.872,4.8377532958984375,469.4258117675781,30.0,0.0,0.0,0.0,0
11:12:40.888,4.8377532958984375,469.4258117675781,30.0,0.0,0.0,0.0,0
11:12:40.888,4.8377532958984375,469.4258117675781,30.0,0.0,0.0,0.0,0
11:12:40.916,4.8377532958984375,469.4258117675781,30.0,0.0,0.0,0.0,0
11:12:40.916,4.8377532958984375,469.4258117675781,30.0,0.0,0.0,0.0,0
11:12:40.920,4.8377532958984375,469.4258117675781,30.0,0.0,0.0,0.0,0
11:12:40.937,4.8377532958984375,469.4258117675781,30.0,0.0,0.0,0.0,0
11:12:40.937,4.8377532958984375,469.4258117675781,30.0,0.0,0.0,0.0,0
11:12:40.953,4.8377532958984375,469.4258117675781,30.0,0.0,0.0,0.0,0
11:12:40.972,4.8377532958984375,469.4258117675781,30.0,0.0,0.0,0.0,0
11:12:40.987,4.8377532958984375,469.4258117675781,30.0,0.0,0.0,0.0,0
11:12:40.987,4.8377532958984375,469.4258117675781,30.0,0.0,0.0,0.0,0
11:12:40.987,4.8377532958984375,469.4258117675781,30.0,0.0,0.0,0.0,0
11:12:41.001,4.8377532958984375,469.4258117675781,30.0,0.0,0.0,0.0,0
11:12:41.017,4.8377532958984375,469.4258117675781,30.0,0.0,0.0,0.0,0
11:12:41.017,4.8377532958984375,469.4258117675781,30.0,0.0,0.0,0.0,0
11:12:41.033,4.8377532958984375,469.4258117675781,30.0,0.0,0.0,0.0,0
11:12:41.049,4.8377532958984375,469.4258117675781,30.0,0.0,0.0,0.0,0
11:12:41.049,4.8377532958984375,469.4258117675781,30.0,0.0,0.0,0.0,0
11:12:41.065,4.8377532958984375,469.4258117675781,30.0,0.0,0.0,0.0,0
11:12:41.065,4.8377532958984375,469.4258117675781,30.0,0.0,0.0,0.0,0
11:12:41.081,4.8377532958984375,469.4258117675781,30.0,0.0,0.0,0.0,0
11:12:41.099,4.8377532958984375,469.4258117675781,30.0,0.0,0.0,0.0,0
11:12:41.109,4.8377532958984375,469.4258117675781,30.0,0.0,0.0,0.0,0
11:12:41.114,4.8377532958984375,469.4258117675781,30.0,0.0,0.0,0.0,0
11:12:41.130,4.8377532958984375,469.4258117675781,30.0,0.0,0.0,0.0,0
11:12:41.130,4.8377532958984375,469.4258117675781,30.0,0.0,0.0,0.0,0
11:12:41.146,4.8377532958984375,469.4258117675781,30.0,0.0,0.0,0.0,0
11:12:41.146,4.8377532958984375,469.4258117675781,30.0,0.0,0.0,0.0,0
11:12:41.163,4.8377532958984375,469.4258117675781,30.0,0.0,0.0,0.0,0
11:12:41.178,4.8377532958984375,469.4258117675781,30.0,0.0,0.0,0.0,0
11:12:41.178,4.8377532958984375,469.4258117675781,30.0,0.0,0.0,0.0,0
11:12:41.195,4.8377532958984375,469.4258117675781,30.0,0.0,0.0,0.0,0
11:12:41.195,4.8377532958984375,469.4258117675781,30.0,0.0,0.0,0.0,0
