Timestamp,Angle (rad),Velocity (RPM),Duty Target (%),Duty U (%),Duty V (%),Duty W (%),Mode
09:32:15.362,2.9916610717773438,198.72512817382812,0.0,0.18386678397655487,0.054637592285871506,0.039795130491256714,0
09:32:15.362,2.9916610717773438,198.72512817382812,0.0,0.03124050982296467,-0.006412014830857515,0.009270328097045422,0
09:32:15.403,2.9916610717773438,198.72512817382812,0.0,-0.06033390015363693,-0.1285112202167511,-0.02125447429716587,0
09:32:15.403,2.9916610717773438,198.72512817382812,0.0,-0.06033390015363693,-0.06746162474155426,-0.08230634033679962,0
09:32:15.403,2.9916610717773438,198.72512817382812,0.0,0.061765313148498535,-0.06746162474155426,-0.08230634033679962,0
09:32:15.403,2.9916610717773438,198.72512817382812,0.0,0.09229237586259842,0.11568719893693924,0.039795130491256714,0
09:32:15.410,2.9916610717773438,198.72512817382812,0.0,-0.15190830826759338,0.054637592285871506,-0.08230634033679962,0
09:32:15.426,2.9916610717773438,198.72512817382812,0.0,-0.30453458428382874,-0.006412014830857515,-0.02125447429716587,0
09:32:15.444,2.9916610717773438,198.72512817382812,0.0,0.061765313148498535,0.054637592285871506,0.009270328097045422,0
09:32:15.477,2.9916610717773438,198.72512817382812,0.0,-0.029809094965457916,-0.006412014830857515,0.039795130491256714,0
09:32:15.478,2.9916610717773438,198.72512817382812,0.0,-0.029809094965457916,-0.1285112202167511,-0.02125447429716587,0
09:32:15.478,2.9916610717773438,198.72512817382812,0.0,-0.12138350307941437,-0.09798642247915268,-0.05177927762269974,0
09:32:15.478,2.9916610717773438,198.72512817382812,0.0,-0.12138350307941437,-0.09798642247915268,-0.14335595071315765,0
09:32:15.478,2.9916610717773438,198.72512817382812,0.0,-0.06033390015363693,0.02411278896033764,-0.11283113807439804,0
09:32:15.490,2.9916610717773438,198.72512817382812,0.0,-0.029809094965457916,0.08516239374876022,-0.05177927762269974,0
09:32:15.507,2.9916610717773438,198.72512817382812,0.0,0.09229237586259842,0.054637592285871506,0.039795130491256714,0
09:32:15.544,2.9916610717773438,198.72512817382812,0.0,-0.15190830826759338,0.02411278896033764,-0.02125447429716587,0
09:32:15.561,2.9916610717773438,198.72512817382812,0.0,0.15334197878837585,0.054637592285871506,0.039795130491256714,0
09:32:15.561,2.9916610717773438,198.72512817382812,0.0,-0.09085870534181595,-0.1285112202167511,-0.05177927762269974,0
09:32:15.561,2.9916610717773438,198.72512817382812,0.0,-0.12138350307941437,-0.006412014830857515,-0.08230634033679962,0
09:32:15.562,2.9916610717773438,198.72512817382812,0.0,-0.15190830826759338,0.02411278896033764,-0.08230634033679962,0
09:32:15.562,2.9916610717773438,198.72512817382812,0.0,-0.12138350307941437,0.054637592285871506,-0.02125447429716587,0
09:32:15.592,2.9916610717773438,198.72512817382812,0.0,-0.06033390015363693,-0.006412014830857515,-0.02125447429716587,0
09:32:15.592,2.9916610717773438,198.72512817382812,0.0,0.09229237586259842,-0.036936819553375244,0.039795130491256714,0
09:32:15.600,2.9916610717773438,198.72512817382812,0.0,0.0007157073123380542,-0.1285112202167511,-0.05177927762269974,0
09:32:15.600,2.9916610717773438,198.72512817382812,0.0,0.0007157073123380542,-0.1285112202167511,-0.05177927762269974,0
09:32:15.616,2.9916610717773438,198.72512817382812,0.0,-0.06033390015363693,-0.06746162474155426,-0.08230634033679962,0
09:32:15.663,2.9916610717773438,198.72512817382812,0.0,-0.09085870534181595,-0.1285112202167511,-0.05177927762269974,0
09:32:15.663,2.9916610717773438,198.72512817382812,0.0,-0.029809094965457916,0.08516239374876022,-0.11283113807439804,0
09:32:15.663,2.9916610717773438,198.72512817382812,0.0,0.0007157073123380542,0.11568719893693924,-0.02125447429716587,0
09:32:15.663,2.9916610717773438,198.72512817382812,0.0,0.061765313148498535,0.11568719893693924,0.039795130491256714,0
09:32:15.663,2.9916610717773438,198.72512817382812,0.0,0.15334197878837585,-0.09798642247915268,-0.08230634033679962,0
09:32:15.680,2.9916610717773438,198.72512817382812,0.0,-0.21295791864395142,-0.006412014830857515,-0.14335595071315765,0
09:32:15.680,2.9916610717773438,198.72512817382812,0.0,0.03124050982296467,-0.09798642247915268,-0.11283113807439804,0
09:32:15.697,2.9916610717773438,198.72512817382812,0.0,0.09229237586259842,0.02411278896033764,-0.02125447429716587,0
09:32:15.720,2.9916610717773438,198.72512817382812,0.0,0.03124050982296467,0.02411278896033764,0.039795130491256714,0
09:32:15.720,2.9916610717773438,198.72512817382812,0.0,0.03124050982296467,-0.006412014830857515,-0.05177927762269974,0
09:32:15.720,2.9916610717773438,198.72512817382812,0.0,-0.1824331134557724,-0.006412014830857515,-0.02125447429716587,0
09:32:15.728,2.9916610717773438,198.72512817382812,0.0,-0.12138350307941437,-0.036936819553375244,-0.08230634033679962,0
09:32:15.744,2.9916610717773438,198.72512817382812,0.0,-0.09085870534181595,0.054637592285871506,-0.02125447429716587,0
09:32:15.762,2.9916610717773438,198.72512817382812,0.0,-0.1824331134557724,-0.006412014830857515,-0.14335595071315765,0
09:32:15.762,2.9916610717773438,198.72512817382812,0.0,0.03124050982296467,0.054637592285871506,-0.08230634033679962,0
09:32:15.785,2.9916610717773438,198.72512817382812,0.0,0.0007157073123380542,-0.06746162474155426,0.13136954605579376,0
09:32:15.785,2.9916610717773438,198.72512817382812,0.0,0.03124050982296467,-0.06746162474155426,0.07031993567943573,0
09:32:15.793,2.9916610717773438,198.72512817382812,0.0,-0.029809094965457916,-0.006412014830857515,-0.02125447429716587,0
09:32:15.809,2.9916610717773438,198.72512817382812,0.0,0.03124050982296467,-0.1285112202167511,-0.14335595071315765,0
09:32:15.809,2.9916610717773438,198.72512817382812,0.0,-0.12138350307941437,0.054637592285871506,-0.14335595071315765,0
09:32:15.849,2.9916610717773438,198.72512817382812,0.0,0.0007157073123380542,0.054637592285871506,0.10084474086761475,0
09:32:15.849,2.9916610717773438,198.72512817382812,0.0,0.12281718105077744,0.02411278896033764,0.1924191415309906,0
09:32:15.849,2.9916610717773438,198.72512817382812,0.0,0.061765313148498535,-0.036936819553375244,0.039795130491256714,0
09:32:15.849,2.9916610717773438,198.72512817382812,0.0,-0.029809094965457916,-0.036936819553375244,-0.02125447429716587,0
09:32:15.858,2.9916610717773438,198.72512817382812,0.0,-0.2740097641944885,-0.06746162474155426,-0.11283113807439804,0
09:32:15.874,2.9916610717773438,198.72512817382812,0.0,0.03124050982296467,0.02411278896033764,-0.17388074100017548,0
09:32:15.891,2.9916610717773438,198.72512817382812,0.0,0.0007157073123380542,0.02411278896033764,0.039795130491256714,0
09:32:15.913,2.9916610717773438,198.72512817382812,0.0,0.0007157073123380542,0.08516239374876022,0.10084474086761475,0
09:32:15.913,2.9916610717773438,198.72512817382812,0.0,-0.06033390015363693,0.08516239374876022,0.1924191415309906,0
09:32:15.913,2.9916610717773438,198.72512817382812,0.0,-0.12138350307941437,-0.006412014830857515,0.039795130491256714,0
09:32:15.922,2.9916610717773438,198.72512817382812,0.0,-0.06033390015363693,-0.036936819553375244,-0.11283113807439804,0
09:32:15.937,2.9916610717773438,198.72512817382812,0.0,0.03124050982296467,0.02411278896033764,0.039795130491256714,0
09:32:15.937,2.9916610717773438,198.72512817382812,0.0,0.0007157073123380542,0.02411278896033764,-0.08230634033679962,0
09:32:15.954,2.9916610717773438,198.72512817382812,0.0,0.0007157073123380542,0.054637592285871506,0.009270328097045422,0
09:32:15.977,2.9916610717773438,198.72512817382812,0.0,-0.029809094965457916,0.11568719893693924,0.039795130491256714,0
09:32:15.977,2.9916610717773438,198.72512817382812,0.0,0.03124050982296467,0.08516239374876022,0.039795130491256714,0
09:32:15.985,2.9916610717773438,198.72512817382812,0.0,0.03124050982296467,-0.036936819553375244,0.009270328097045422,0
09:32:16.002,2.9916610717773438,198.72512817382812,0.0,0.03124050982296467,0.02411278896033764,0.07031993567943573,0
09:32:16.002,2.9916610717773438,198.72512817382812,0.0,-0.2434849739074707,-0.18956083059310913,-0.05177927762269974,0
09:32:16.019,2.9916610717773438,198.72512817382812,0.0,-0.06033390015363693,-0.06746162474155426,-0.11283113807439804,0
09:32:16.042,2.9916610717773438,198.72512817382812,0.0,-0.029809094965457916,0.02411278896033764,0.009270328097045422,0
09:32:16.042,2.9916610717773438,198.72512817382812,0.0,0.061765313148498535,0.054637592285871506,0.009270328097045422,0
09:32:16.042,2.9916610717773438,198.72512817382812,0.0,0.03124050982296467,0.11568719893693924,0.039795130491256714,0
09:32:16.051,2.9916610717773438,198.72512817382812,0.0,-0.15190830826759338,0.054637592285871506,-0.05177927762269974,0
09:32:16.067,2.9916610717773438,198.72512817382812,0.0,-0.06033390015363693,-0.006412014830857515,-0.02125447429716587,0
09:32:16.067,2.9916610717773438,198.72512817382812,0.0,-0.1824331134557724,-0.036936819553375244,-0.08230634033679962,0
09:32:16.085,2.9916610717773438,198.72512817382812,0.0,-0.12138350307941437,-0.006412014830857515,0.009270328097045422,0
09:32:16.114,2.9916610717773438,198.72512817382812,0.0,-0.06033390015363693,-0.036936819553375244,-0.02125447429716587,0
09:32:16.114,2.9916610717773438,198.72512817382812,0.0,-0.029809094965457916,0.08516239374876022,0.07031993567943573,0
09:32:16.114,2.9916610717773438,198.72512817382812,0.0,-0.06033390015363693,0.054637592285871506,0.009270328097045422,0
09:32:16.132,2.9916610717773438,198.72512817382812,0.0,-0.09085870534181595,-0.036936819553375244,-0.11283113807439804,0
09:32:16.132,2.9916610717773438,198.72512817382812,0.0,-0.029809094965457916,-0.09798642247915268,-0.14335595071315765,0
09:32:16.149,2.9916610717773438,198.72512817382812,0.0,0.03124050982296467,-0.09798642247915268,-0.11283113807439804,0
09:32:16.170,2.9916610717773438,198.72512817382812,0.0,0.061765313148498535,0.02411278896033764,0.039795130491256714,0
09:32:16.170,2.9916610717773438,198.72512817382812,0.0,-0.06033390015363693,0.054637592285871506,0.07031993567943573,0
09:32:16.170,2.9916610717773438,198.72512817382812,0.0,-0.06033390015363693,-0.06746162474155426,0.039795130491256714,0
09:32:16.179,2.9916610717773438,198.72512817382812,0.0,0.03124050982296467,-0.036936819553375244,0.009270328097045422,0
09:32:16.188,2.9916610717773438,198.72512817382812,0.0,-0.06033390015363693,-0.006412014830857515,0.039795130491256714,0
09:32:16.197,2.9916610717773438,198.72512817382812,0.0,-0.06033390015363693,-0.1285112202167511,-0.02125447429716587,0
09:32:16.242,2.9916610717773438,198.72512817382812,0.0,-0.12138350307941437,-0.036936819553375244,-0.14335595071315765,0
09:32:16.242,2.9916610717773438,198.72512817382812,0.0,-0.09085870534181595,-0.006412014830857515,0.039795130491256714,0
09:32:16.242,2.9916610717773438,198.72512817382812,0.0,-0.029809094965457916,0.08516239374876022,0.009270328097045422,0
09:32:16.242,2.9916610717773438,198.72512817382812,0.0,0.03124050982296467,0.02411278896033764,0.039795130491256714,0
09:32:16.248,2.9916610717773438,198.72512817382812,0.0,0.03124050982296467,-0.006412014830857515,0.07031993567943573,0
09:32:16.257,2.9916610717773438,198.72512817382812,0.0,0.061765313148498535,-0.036936819553375244,0.10084474086761475,0
09:32:16.268,2.9916610717773438,198.72512817382812,0.0,-0.09085870534181595,-0.036936819553375244,0.039795130491256714,0
09:32:16.293,2.9916610717773438,198.72512817382812,0.0,-0.06033390015363693,-0.09798642247915268,-0.05177927762269974,0
09:32:16.293,2.9916610717773438,198.72512817382812,0.0,-0.21295791864395142,-0.1285112202167511,-0.02125447429716587,0
09:32:16.298,2.9916610717773438,198.72512817382812,0.0,-0.029809094965457916,0.02411278896033764,-0.05177927762269974,0
09:32:16.308,2.9916610717773438,198.72512817382812,0.0,-0.09085870534181595,0.02411278896033764,-0.05177927762269974,0
09:32:16.317,2.9916610717773438,198.72512817382812,0.0,-0.029809094965457916,-0.006412014830857515,0.039795130491256714,0
09:32:16.327,2.9916610717773438,198.72512817382812,0.0,0.061765313148498535,-0.09798642247915268,0.039795130491256714,0
09:32:16.359,2.9916610717773438,198.72512817382812,0.0,0.12281718105077744,-0.006412014830857515,0.07031993567943573,0
09:32:16.359,2.9916610717773438,198.72512817382812,0.0,-0.06033390015363693,-0.1285112202167511,0.009270328097045422,0
09:32:16.360,2.9916610717773438,198.72512817382812,0.0,-0.09085870534181595,-0.09798642247915268,-0.05177927762269974,0
09:32:16.368,2.9916610717773438,198.72512817382812,0.0,-0.15190830826759338,0.02411278896033764,-0.11283113807439804,0
09:32:16.379,2.9916610717773438,198.72512817382812,0.0,-0.12138350307941437,0.02411278896033764,-0.02125447429716587,0
09:32:16.387,2.9916610717773438,198.72512817382812,0.0,-0.029809094965457916,0.054637592285871506,-0.05177927762269974,0
09:32:16.419,2.9916610717773438,198.72512817382812,0.0,0.061765313148498535,-0.036936819553375244,-0.05177927762269974,0
09:32:16.419,2.9916610717773438,198.72512817382812,0.0,-0.15190830826759338,-0.09798642247915268,-0.02125447429716587,0
09:32:16.419,2.9916610717773438,198.72512817382812,0.0,-0.15190830826759338,-0.006412014830857515,-0.05177927762269974,0
09:32:16.437,2.9916610717773438,198.72512817382812,0.0,0.03124050982296467,0.054637592285871506,-0.02125447429716587,0
09:32:16.437,2.9916610717773438,198.72512817382812,0.0,0.03124050982296467,-0.036936819553375244,0.039795130491256714,0
09:32:16.455,2.9916610717773438,198.72512817382812,0.0,0.061765313148498535,0.054637592285871506,0.039795130491256714,0
09:32:16.489,2.9916610717773438,198.72512817382812,0.0,-0.029809094965457916,-0.006412014830857515,0.039795130491256714,0
09:32:16.489,2.9916610717773438,198.72512817382812,0.0,0.061765313148498535,-0.06746162474155426,-0.11283113807439804,0
09:32:16.489,2.9916610717773438,198.72512817382812,0.0,-0.1824331134557724,-0.09798642247915268,-0.05177927762269974,0
09:32:16.489,2.9916610717773438,198.72512817382812,0.0,-0.029809094965457916,-0.006412014830857515,-0.08230634033679962,0
09:32:16.500,2.9916610717773438,198.72512817382812,0.0,-0.06033390015363693,0.08516239374876022,-0.02125447429716587,0
09:32:16.556,2.9916610717773438,198.72512817382812,0.0,0.03124050982296467,0.02411278896033764,0.009270328097045422,0
09:32:16.556,2.9916610717773438,198.72512817382812,0.0,-0.09085870534181595,0.11568719893693924,0.009270328097045422,0
09:32:16.571,2.9916610717773438,198.72512817382812,0.0,0.0007157073123380542,-0.06746162474155426,0.07031993567943573,0
09:32:16.571,2.9916610717773438,198.72512817382812,0.0,-0.09085870534181595,-0.06746162474155426,-0.02125447429716587,0
09:32:16.571,2.9916610717773438,198.72512817382812,0.0,-0.12138350307941437,-0.036936819553375244,-0.08230634033679962,0
09:32:16.573,2.9916610717773438,198.72512817382812,0.0,-0.09085870534181595,-0.006412014830857515,-0.11283113807439804,0
09:32:16.573,2.9916610717773438,198.72512817382812,0.0,0.0007157073123380542,-0.006412014830857515,0.039795130491256714,0
09:32:16.581,2.9916610717773438,198.72512817382812,0.0,-0.12138350307941437,0.054637592285871506,0.13136954605579376,0
09:32:16.617,2.9916610717773438,198.72512817382812,0.0,0.0007157073123380542,-0.06746162474155426,0.009270328097045422,0
09:32:16.617,2.9916610717773438,198.72512817382812,0.0,-0.06033390015363693,0.054637592285871506,-0.02125447429716587,0
09:32:16.617,2.9916610717773438,198.72512817382812,0.0,-0.09085870534181595,0.02411278896033764,-0.17388074100017548,0
09:32:16.628,2.9916610717773438,198.72512817382812,0.0,-0.029809094965457916,-0.15903602540493011,-0.08230634033679962,0
09:32:16.628,2.9916610717773438,198.72512817382812,0.0,0.03124050982296467,-0.06746162474155426,-0.05177927762269974,0
09:32:16.638,2.9916610717773438,198.72512817382812,0.0,0.15334197878837585,-0.006412014830857515,0.039795130491256714,0
09:32:16.679,2.9916610717773438,198.72512817382812,0.0,-0.12138350307941437,0.08516239374876022,0.07031993567943573,0
09:32:16.679,2.9916610717773438,198.72512817382812,0.0,-0.029809094965457916,0.02411278896033764,0.039795130491256714,0
09:32:16.679,2.9916610717773438,198.72512817382812,0.0,-0.09085870534181595,-0.006412014830857515,0.07031993567943573,0
09:32:16.679,2.9916610717773438,198.72512817382812,0.0,-0.1824331134557724,-0.036936819553375244,-0.08230634033679962,0
09:32:16.688,2.9916610717773438,198.72512817382812,0.0,-0.029809094965457916,-0.06746162474155426,-0.08230634033679962,0
09:32:16.698,2.9916610717773438,198.72512817382812,0.0,-0.029809094965457916,-0.1285112202167511,-0.05177927762269974,0
09:32:16.748,2.9916610717773438,198.72512817382812,0.0,0.03124050982296467,-0.036936819553375244,-0.11283113807439804,0
09:32:16.748,2.9916610717773438,198.72512817382812,0.0,-0.029809094965457916,0.02411278896033764,0.07031993567943573,0
09:32:16.748,2.9916610717773438,198.72512817382812,0.0,0.12281718105077744,0.054637592285871506,0.07031993567943573,0
09:32:16.748,2.9916610717773438,198.72512817382812,0.0,-0.029809094965457916,0.08516239374876022,0.039795130491256714,0
09:32:16.748,2.9916610717773438,198.72512817382812,0.0,-0.15190830826759338,-0.006412014830857515,0.009270328097045422,0
09:32:16.758,2.9916610717773438,198.72512817382812,0.0,-0.09085870534181595,-0.1285112202167511,-0.2044055461883545,0
09:32:16.769,2.9916610717773438,198.72512817382812,0.0,-0.09085870534181595,-0.036936819553375244,-0.11283113807439804,0
09:32:16.792,2.9916610717773438,198.72512817382812,0.0,0.03124050982296467,-0.15903602540493011,-0.05177927762269974,0
09:32:16.792,2.9916610717773438,198.72512817382812,0.0,0.03124050982296467,0.02411278896033764,-0.08230634033679962,0
09:32:16.798,2.9916610717773438,198.72512817382812,0.0,0.30596598982810974,0.08516239374876022,0.10084474086761475,0
09:32:16.808,2.9916610717773438,198.72512817382812,0.0,0.061765313148498535,0.054637592285871506,0.009270328097045422,0
09:32:16.819,2.9916610717773438,198.72512817382812,0.0,0.5806937217712402,-0.06746162474155426,-0.02125447429716587,0
09:32:16.830,2.9916610717773438,198.72512817382812,0.0,-0.09085870534181595,-0.25061270594596863,-0.14335595071315765,0
09:32:16.852,2.9916610717773438,198.72512817382812,0.0,-0.09085870534181595,-0.1285112202167511,-0.14335595071315765,0
09:32:16.852,2.9916610717773438,198.72512817382812,0.0,0.09229237586259842,0.054637592285871506,0.009270328097045422,0
09:32:16.858,2.9916610717773438,198.72512817382812,0.0,-0.06033390015363693,0.11568719893693924,0.10084474086761475,0
09:32:16.867,2.9916610717773438,198.72512817382812,0.0,0.061765313148498535,0.02411278896033764,-0.05177927762269974,0
09:32:16.917,2.9916610717773438,198.72512817382812,0.0,-0.15190830826759338,-0.036936819553375244,0.009270328097045422,0
09:32:16.917,2.9916610717773438,198.72512817382812,0.0,-0.1824331134557724,-0.1285112202167511,-0.14335595071315765,0
09:32:16.928,2.9916610717773438,198.72512817382812,0.0,-0.09085870534181595,-0.036936819553375244,-0.02125447429716587,0
09:32:16.928,2.9916610717773438,198.72512817382812,0.0,0.12281718105077744,-0.036936819553375244,0.009270328097045422,0
09:32:16.928,2.9916610717773438,198.72512817382812,0.0,-0.029809094965457916,0.02411278896033764,-0.11283113807439804,0
09:32:16.928,2.9916610717773438,198.72512817382812,0.0,-0.06033390015363693,0.08516239374876022,-0.02125447429716587,0
09:32:16.939,2.9916610717773438,198.72512817382812,0.0,0.061765313148498535,0.02411278896033764,0.07031993567943573,0
09:32:16.956,2.9916610717773438,198.72512817382812,0.0,-0.029809094965457916,-0.036936819553375244,0.07031993567943573,0
09:32:16.988,2.9916610717773438,198.72512817382812,0.0,0.0007157073123380542,0.02411278896033764,-0.05177927762269974,0
09:32:16.988,2.9916610717773438,198.72512817382812,0.0,0.03124050982296467,-0.09798642247915268,-0.05177927762269974,0
09:32:16.988,2.9916610717773438,198.72512817382812,0.0,-0.12138350307941437,-0.06746162474155426,-0.2654551565647125,0
09:32:16.988,2.9916610717773438,198.72512817382812,0.0,-0.09085870534181595,0.08516239374876022,-0.11283113807439804,0
09:32:17.003,2.9916610717773438,198.72512817382812,0.0,0.30596598982810974,-0.006412014830857515,-0.05177927762269974,0
09:32:17.021,2.9916610717773438,198.72512817382812,0.0,0.061765313148498535,-0.006412014830857515,-0.05177927762269974,0
09:32:17.021,2.9916610717773438,198.72512817382812,0.0,-0.029809094965457916,0.02411278896033764,0.07031993567943573,0
09:32:17.042,2.9916610717773438,198.72512817382812,0.0,0.0007157073123380542,-0.006412014830857515,0.039795130491256714,0
09:32:17.042,2.9916610717773438,198.72512817382812,0.0,-0.029809094965457916,-0.036936819553375244,-0.14335595071315765,0
09:32:17.052,2.9916610717773438,198.72512817382812,0.0,-0.09085870534181595,-0.006412014830857515,-0.08230634033679962,0
09:32:17.068,2.9916610717773438,198.72512817382812,0.0,-0.09085870534181595,-0.006412014830857515,-0.08230634033679962,0
09:32:17.068,2.9916610717773438,198.72512817382812,0.0,0.4280652105808258,0.11568719893693924,-0.05177927762269974,0
09:32:17.084,2.9916610717773438,198.72512817382812,0.0,0.061765313148498535,0.08516239374876022,0.07031993567943573,0
09:32:17.138,2.9916610717773438,198.72512817382812,0.0,0.0007157073123380542,0.054637592285871506,0.07031993567943573,0
09:32:17.138,2.9916610717773438,198.72512817382812,0.0,-0.09085870534181595,-0.036936819553375244,-0.08230634033679962,0
09:32:17.138,2.9916610717773438,198.72512817382812,0.0,-0.1824331134557724,-0.06746162474155426,-0.08230634033679962,0
09:32:17.138,2.9916610717773438,198.72512817382812,0.0,-0.1824331134557724,-0.036936819553375244,-0.14335595071315765,0
09:32:17.138,2.9916610717773438,198.72512817382812,0.0,-0.029809094965457916,0.08516239374876022,-0.08230634033679962,0
09:32:17.138,2.9916610717773438,198.72512817382812,0.0,-0.09085870534181595,0.17673680186271667,-0.02125447429716587,0
09:32:17.154,2.9916610717773438,198.72512817382812,0.0,0.0007157073123380542,-0.006412014830857515,0.10084474086761475,0
09:32:17.178,2.9916610717773438,198.72512817382812,0.0,-0.2434849739074707,0.02411278896033764,0.10084474086761475,0
09:32:17.178,2.9916610717773438,198.72512817382812,0.0,-0.029809094965457916,-0.036936819553375244,-0.11283113807439804,0
09:32:17.178,2.9916610717773438,198.72512817382812,0.0,-0.029809094965457916,-0.1285112202167511,-0.05177927762269974,0
09:32:17.201,2.9916610717773438,198.72512817382812,0.0,-0.15190830826759338,0.054637592285871506,-0.08230634033679962,0
09:32:17.201,2.9916610717773438,198.72512817382812,0.0,-0.15190830826759338,0.08516239374876022,-0.08230634033679962,0
09:32:17.242,2.9916610717773438,198.72512817382812,0.0,0.03124050982296467,-0.06746162474155426,0.039795130491256714,0
09:32:17.242,2.9916610717773438,198.72512817382812,0.0,0.09229237586259842,0.054637592285871506,0.009270328097045422,0
09:32:17.242,2.9916610717773438,198.72512817382812,0.0,0.0007157073123380542,0.02411278896033764,0.009270328097045422,0
09:32:17.242,2.9916610717773438,198.72512817382812,0.0,-0.12138350307941437,0.054637592285871506,-0.02125447429716587,0
09:32:17.250,2.9916610717773438,198.72512817382812,0.0,-0.12138350307941437,-0.06746162474155426,-0.14335595071315765,0
09:32:17.267,2.9916610717773438,198.72512817382812,0.0,-0.06033390015363693,-0.09798642247915268,-0.05177927762269974,0
09:32:17.301,2.9916610717773438,198.72512817382812,0.0,0.0007157073123380542,0.02411278896033764,-0.05177927762269974,0
09:32:17.301,2.9916610717773438,198.72512817382812,0.0,-0.06033390015363693,0.02411278896033764,-0.05177927762269974,0
09:32:17.301,2.9916610717773438,198.72512817382812,0.0,0.12281718105077744,-0.036936819553375244,0.07031993567943573,0
09:32:17.301,2.9916610717773438,198.72512817382812,0.0,0.03124050982296467,0.08516239374876022,-0.02125447429716587,0
09:32:17.314,2.9916610717773438,198.72512817382812,0.0,-0.15190830826759338,0.08516239374876022,0.009270328097045422,0
09:32:17.332,2.9916610717773438,198.72512817382812,0.0,-0.029809094965457916,0.02411278896033764,-0.02125447429716587,0
09:32:17.332,2.9916610717773438,198.72512817382812,0.0,-0.09085870534181595,0.054637592285871506,-0.02125447429716587,0
09:32:17.365,2.9916610717773438,198.72512817382812,0.0,-0.15190830826759338,-0.09798642247915268,-0.02125447429716587,0
09:32:17.365,2.9916610717773438,198.72512817382812,0.0,0.0007157073123380542,-0.18956083059310913,-0.17388074100017548,0
09:32:17.366,2.9916610717773438,198.72512817382812,0.0,0.061765313148498535,0.054637592285871506,-0.08230634033679962,0
09:32:17.379,2.9916610717773438,198.72512817382812,0.0,0.03124050982296467,-0.036936819553375244,-0.02125447429716587,0
09:32:17.379,2.9916610717773438,198.72512817382812,0.0,-0.06033390015363693,0.08516239374876022,0.009270328097045422,0
09:32:17.397,2.9916610717773438,198.72512817382812,0.0,-0.029809094965457916,0.08516239374876022,-0.08230634033679962,0
09:32:17.423,2.9916610717773438,198.72512817382812,0.0,-0.12138350307941437,-0.06746162474155426,-0.05177927762269974,0
09:32:17.431,2.9916610717773438,198.72512817382812,0.0,-0.12138350307941437,-0.06746162474155426,-0.2349303513765335,0
09:32:17.431,2.9916610717773438,198.72512817382812,0.0,0.2143915891647339,-0.006412014830857515,-0.05177927762269974,0
09:32:17.432,2.9916610717773438,198.72512817382812,0.0,-0.12138350307941437,0.11568719893693924,0.07031993567943573,0
09:32:17.443,2.9916610717773438,198.72512817382812,0.0,0.09229237586259842,0.08516239374876022,0.009270328097045422,0
09:32:17.487,2.9916610717773438,198.72512817382812,0.0,0.45859000086784363,0.054637592285871506,-0.11283113807439804,0
09:32:17.487,2.9916610717773438,198.72512817382812,0.0,-0.15190830826759338,0.02411278896033764,-0.02125447429716587,0
09:32:17.499,2.9916610717773438,198.72512817382812,0.0,0.0007157073123380542,-0.06746162474155426,-0.02125447429716587,0
09:32:17.499,2.9916610717773438,198.72512817382812,0.0,-0.15190830826759338,-0.15903602540493011,-0.08230634033679962,0
09:32:17.499,2.9916610717773438,198.72512817382812,0.0,0.03124050982296467,0.02411278896033764,-0.08230634033679962,0
09:32:17.499,2.9916610717773438,198.72512817382812,0.0,-0.029809094965457916,0.054637592285871506,0.039795130491256714,0
09:32:17.507,2.9916610717773438,198.72512817382812,0.0,0.0007157073123380542,-0.006412014830857515,-0.11283113807439804,0
09:32:17.524,2.9916610717773438,198.72512817382812,0.0,-0.1824331134557724,0.02411278896033764,-0.02125447429716587,0
09:32:17.547,2.9916610717773438,198.72512817382812,0.0,-0.029809094965457916,-0.006412014830857515,0.009270328097045422,0
09:32:17.547,2.9916610717773438,198.72512817382812,0.0,-0.06033390015363693,0.054637592285871506,-0.08230634033679962,0
09:32:17.547,2.9916610717773438,198.72512817382812,0.0,-0.06033390015363693,0.02411278896033764,-0.11283113807439804,0
09:32:17.571,2.9916610717773438,198.72512817382812,0.0,0.061765313148498535,-0.06746162474155426,-0.02125447429716587,0
09:32:17.571,2.9916610717773438,198.72512817382812,0.0,-0.029809094965457916,0.054637592285871506,-0.11283113807439804,0
09:32:17.589,2.9916610717773438,198.72512817382812,0.0,0.09229237586259842,0.02411278896033764,0.009270328097045422,0
09:32:17.612,2.9916610717773438,198.72512817382812,0.0,-0.09085870534181595,-0.09798642247915268,-0.05177927762269974,0
09:32:17.612,2.9916610717773438,198.72512817382812,0.0,-0.12138350307941437,-0.09798642247915268,-0.08230634033679962,0
09:32:17.612,2.9916610717773438,198.72512817382812,0.0,-0.15190830826759338,-0.006412014830857515,-0.02125447429716587,0
09:32:17.620,2.9916610717773438,198.72512817382812,0.0,0.0007157073123380542,0.054637592285871506,0.039795130491256714,0
09:32:17.636,2.9916610717773438,198.72512817382812,0.0,-0.029809094965457916,0.02411278896033764,0.07031993567943573,0
09:32:17.654,2.9916610717773438,198.72512817382812,0.0,-0.09085870534181595,-0.006412014830857515,0.039795130491256714,0
09:32:17.679,2.9916610717773438,198.72512817382812,0.0,0.09229237586259842,0.054637592285871506,-0.05177927762269974,0
09:32:17.679,2.9916610717773438,198.72512817382812,0.0,-0.21295791864395142,-0.18956083059310913,-0.14335595071315765,0
09:32:17.679,2.9916610717773438,198.72512817382812,0.0,0.0007157073123380542,-0.09798642247915268,-0.14335595071315765,0
09:32:17.679,2.9916610717773438,198.72512817382812,0.0,0.3975403904914856,0.054637592285871506,-0.14335595071315765,0
09:32:17.701,2.9916610717773438,198.72512817382812,0.0,-0.09085870534181595,0.08516239374876022,-0.08230634033679962,0
09:32:17.701,2.9916610717773438,198.72512817382812,0.0,0.061765313148498535,0.11568719893693924,0.039795130491256714,0
09:32:17.718,2.9916610717773438,198.72512817382812,0.0,0.03124050982296467,0.08516239374876022,0.039795130491256714,0
09:32:17.745,2.9916610717773438,198.72512817382812,0.0,0.45859000086784363,-0.006412014830857515,0.07031993567943573,0
09:32:17.745,2.9916610717773438,198.72512817382812,0.0,-0.21295791864395142,0.02411278896033764,-0.02125447429716587,0
09:32:17.745,2.9916610717773438,198.72512817382812,0.0,-0.029809094965457916,-0.09798642247915268,-0.05177927762269974,0
09:32:17.750,2.9916610717773438,198.72512817382812,0.0,-0.33505937457084656,-0.1285112202167511,0.009270328097045422,0
09:32:17.765,2.9916610717773438,198.72512817382812,0.0,0.45859000086784363,0.054637592285871506,-0.02125447429716587,0
09:32:17.783,2.9916610717773438,198.72512817382812,0.0,-0.12138350307941437,0.08516239374876022,-0.05177927762269974,0
09:32:17.809,2.9916610717773438,198.72512817382812,0.0,-0.09085870534181595,0.08516239374876022,-0.02125447429716587,0
09:32:17.821,2.9916610717773438,198.72512817382812,0.0,-0.029809094965457916,0.14621199667453766,-0.02125447429716587,0
09:32:17.821,2.9916610717773438,198.72512817382812,0.0,-0.09085870534181595,-0.06746162474155426,0.039795130491256714,0
09:32:17.821,2.9916610717773438,198.72512817382812,0.0,0.0007157073123380542,0.02411278896033764,0.009270328097045422,0
09:32:17.821,2.9916610717773438,198.72512817382812,0.0,-0.12138350307941437,-0.036936819553375244,-0.05177927762269974,0
09:32:17.830,2.9916610717773438,198.72512817382812,0.0,-0.1824331134557724,-0.09798642247915268,-0.2044055461883545,0
09:32:17.847,2.9916610717773438,198.72512817382812,0.0,-0.029809094965457916,0.02411278896033764,-0.11283113807439804,0
09:32:17.873,2.9916610717773438,198.72512817382812,0.0,-0.06033390015363693,0.054637592285871506,0.009270328097045422,0
09:32:17.873,2.9916610717773438,198.72512817382812,0.0,0.3670156002044678,0.14621199667453766,0.10084474086761475,0
09:32:17.873,2.9916610717773438,198.72512817382812,0.0,-0.029809094965457916,0.11568719893693924,0.07031993567943573,0
09:32:17.879,2.9916610717773438,198.72512817382812,0.0,0.061765313148498535,-0.06746162474155426,-0.05177927762269974,0
09:32:17.895,2.9916610717773438,198.72512817382812,0.0,-0.21295791864395142,-0.09798642247915268,0.009270328097045422,0
09:32:17.938,2.9916610717773438,198.72512817382812,0.0,-0.1824331134557724,-0.006412014830857515,-0.17388074100017548,0
09:32:17.938,2.9916610717773438,198.72512817382812,0.0,-0.09085870534181595,0.02411278896033764,0.009270328097045422,0
09:32:17.938,2.9916610717773438,198.72512817382812,0.0,0.03124050982296467,0.11568719893693924,0.009270328097045422,0
09:32:17.938,2.9916610717773438,198.72512817382812,0.0,-0.029809094965457916,0.02411278896033764,0.07031993567943573,0
09:32:17.938,2.9916610717773438,198.72512817382812,0.0,0.03124050982296467,-0.006412014830857515,-0.14335595071315765,0
09:32:17.960,2.9916610717773438,198.72512817382812,0.0,0.09229237586259842,-0.15903602540493011,0.039795130491256714,0
09:32:17.960,2.9916610717773438,198.72512817382812,0.0,0.0007157073123380542,-0.1285112202167511,-0.05177927762269974,0
09:32:17.978,2.9916610717773438,198.72512817382812,0.0,-0.06033390015363693,-0.006412014830857515,-0.08230634033679962,0
09:32:18.002,2.9916610717773438,198.72512817382812,0.0,-0.33505937457084656,0.054637592285871506,-0.08230634033679962,0
09:32:18.002,2.9916610717773438,198.72512817382812,0.0,-0.30453458428382874,0.054637592285871506,-0.02125447429716587,0
09:32:18.002,2.9916610717773438,198.72512817382812,0.0,0.0007157073123380542,0.02411278896033764,0.13136954605579376,0
09:32:18.008,2.9916610717773438,198.72512817382812,0.0,-0.029809094965457916,-0.06746162474155426,-0.05177927762269974,0
09:32:18.025,2.9916610717773438,198.72512817382812,0.0,0.061765313148498535,-0.06746162474155426,0.13136954605579376,0
09:32:18.042,2.9916610717773438,198.72512817382812,0.0,0.0007157073123380542,-0.1285112202167511,-0.08230634033679962,0
09:32:18.042,2.9916610717773438,198.72512817382812,0.0,-0.12138350307941437,-0.036936819553375244,-0.08230634033679962,0
09:32:18.068,2.9916610717773438,198.72512817382812,0.0,-0.029809094965457916,0.08516239374876022,-0.14335595071315765,0
09:32:18.068,2.9916610717773438,198.72512817382812,0.0,-0.06033390015363693,-0.1285112202167511,-0.11283113807439804,0
09:32:18.068,2.9916610717773438,198.72512817382812,0.0,0.0007157073123380542,-0.006412014830857515,-0.05177927762269974,0
09:32:18.088,2.9916610717773438,198.72512817382812,0.0,-0.09085870534181595,-0.036936819553375244,0.039795130491256714,0
09:32:18.089,2.9916610717773438,198.72512817382812,0.0,-0.15190830826759338,0.08516239374876022,0.039795130491256714,0
09:32:18.106,2.9916610717773438,198.72512817382812,0.0,0.03124050982296467,0.14621199667453766,0.009270328097045422,0
09:32:18.131,2.9916610717773438,198.72512817382812,0.0,0.03124050982296467,0.054637592285871506,-0.14335595071315765,0
09:32:18.131,2.9916610717773438,198.72512817382812,0.0,-0.09085870534181595,-0.006412014830857515,-0.02125447429716587,0
09:32:18.131,2.9916610717773438,198.72512817382812,0.0,-0.12138350307941437,0.08516239374876022,-0.08230634033679962,0
09:32:18.153,2.9916610717773438,198.72512817382812,0.0,-0.06033390015363693,-0.006412014830857515,-0.14335595071315765,0
09:32:18.153,2.9916610717773438,198.72512817382812,0.0,0.061765313148498535,-0.036936819553375244,-0.02125447429716587,0
09:32:18.170,2.9916610717773438,198.72512817382812,0.0,0.03124050982296467,0.054637592285871506,-0.08230634033679962,0
09:32:18.195,2.9916610717773438,198.72512817382812,0.0,-0.06033390015363693,0.11568719893693924,0.009270328097045422,0
09:32:18.195,2.9916610717773438,198.72512817382812,0.0,-0.12138350307941437,-0.006412014830857515,0.009270328097045422,0
09:32:18.195,2.9916610717773438,198.72512817382812,0.0,-0.12138350307941437,0.08516239374876022,0.009270328097045422,0
09:32:18.202,2.9916610717773438,198.72512817382812,0.0,-0.029809094965457916,-0.09798642247915268,-0.11283113807439804,0
09:32:18.217,2.9916610717773438,198.72512817382812,0.0,0.061765313148498535,-0.036936819553375244,-0.02125447429716587,0
09:32:18.217,2.9916610717773438,198.72512817382812,0.0,0.12281718105077744,-0.1285112202167511,-0.11283113807439804,0
09:32:18.234,2.9916610717773438,198.72512817382812,0.0,-0.029809094965457916,0.11568719893693924,0.009270328097045422,0
09:32:18.259,2.9916610717773438,198.72512817382812,0.0,-0.029809094965457916,0.02411278896033764,-0.05177927762269974,0
09:32:18.259,2.9916610717773438,198.72512817382812,0.0,-0.2740097641944885,-0.036936819553375244,-0.08230634033679962,0
09:32:18.259,2.9916610717773438,198.72512817382812,0.0,-0.09085870534181595,-0.006412014830857515,-0.11283113807439804,0
09:32:18.284,2.9916610717773438,198.72512817382812,0.0,-0.12138350307941437,-0.1285112202167511,-0.08230634033679962,0
09:32:18.309,2.9916610717773438,198.72512817382812,0.0,-0.029809094965457916,-0.18956083059310913,-0.11283113807439804,0
09:32:18.309,2.9916610717773438,198.72512817382812,0.0,0.03124050982296467,-0.006412014830857515,-0.08230634033679962,0
09:32:18.309,2.9916610717773438,198.72512817382812,0.0,0.12281718105077744,0.08516239374876022,0.009270328097045422,0
09:32:18.309,2.9916610717773438,198.72512817382812,0.0,-0.06033390015363693,-0.06746162474155426,-0.02125447429716587,0
09:32:18.331,2.9916610717773438,198.72512817382812,0.0,-0.09085870534181595,0.11568719893693924,0.009270328097045422,0
09:32:18.331,2.9916610717773438,198.72512817382812,0.0,-0.09085870534181595,-0.06746162474155426,-0.08230634033679962,0
09:32:18.348,2.9916610717773438,198.72512817382812,0.0,-0.09085870534181595,0.054637592285871506,-0.08230634033679962,0
09:32:18.374,2.9916610717773438,198.72512817382812,0.0,-0.09085870534181595,-0.1285112202167511,-0.14335595071315765,0
09:32:18.374,2.9916610717773438,198.72512817382812,0.0,0.0007157073123380542,-0.06746162474155426,0.009270328097045422,0
09:32:18.374,2.9916610717773438,198.72512817382812,0.0,0.03124050982296467,-0.006412014830857515,-0.08230634033679962,0
09:32:18.379,2.9916610717773438,198.72512817382812,0.0,0.061765313148498535,0.08516239374876022,0.009270328097045422,0
09:32:18.396,2.9916610717773438,198.72512817382812,0.0,-0.029809094965457916,0.02411278896033764,0.13136954605579376,0
09:32:18.438,2.9916610717773438,198.72512817382812,0.0,0.0007157073123380542,-0.036936819553375244,-0.02125447429716587,0
09:32:18.438,2.9916610717773438,198.72512817382812,0.0,-0.029809094965457916,0.02411278896033764,-0.02125447429716587,0
09:32:18.438,2.9916610717773438,198.72512817382812,0.0,-0.15190830826759338,-0.036936819553375244,-0.14335595071315765,0
09:32:18.438,2.9916610717773438,198.72512817382812,0.0,-0.15190830826759338,-0.09798642247915268,-0.05177927762269974,0
09:32:18.438,2.9916610717773438,198.72512817382812,0.0,-0.09085870534181595,-0.06746162474155426,-0.08230634033679962,0
09:32:18.461,2.9916610717773438,198.72512817382812,0.0,-0.09085870534181595,0.02411278896033764,-0.02125447429716587,0
09:32:18.461,2.9916610717773438,198.72512817382812,0.0,-0.029809094965457916,0.08516239374876022,0.07031993567943573,0
09:32:18.478,2.9916610717773438,198.72512817382812,0.0,0.03124050982296467,0.02411278896033764,0.009270328097045422,0
09:32:18.478,2.9916610717773438,198.72512817382812,0.0,-0.06033390015363693,-0.036936819553375244,-0.05177927762269974,0
09:32:18.508,2.9916610717773438,198.72512817382812,0.0,-0.029809094965457916,-0.1285112202167511,-0.05177927762269974,0
09:32:18.508,2.9916610717773438,198.72512817382812,0.0,-0.06033390015363693,-0.036936819553375244,-0.11283113807439804,0
09:32:18.508,2.9916610717773438,198.72512817382812,0.0,-0.09085870534181595,0.054637592285871506,-0.08230634033679962,0
09:32:18.524,2.9916610717773438,198.72512817382812,0.0,-0.029809094965457916,0.054637592285871506,-0.11283113807439804,0
09:32:18.542,2.9916610717773438,198.72512817382812,0.0,0.0007157073123380542,0.08516239374876022,0.039795130491256714,0
09:32:18.568,2.9916610717773438,198.72512817382812,0.0,0.18386678397655487,0.11568719893693924,0.13136954605579376,0
09:32:18.568,2.9916610717773438,198.72512817382812,0.0,0.09229237586259842,-0.1285112202167511,0.07031993567943573,0
09:32:18.568,2.9916610717773438,198.72512817382812,0.0,0.061765313148498535,-0.06746162474155426,0.009270328097045422,0
09:32:18.568,2.9916610717773438,198.72512817382812,0.0,-0.06033390015363693,-0.036936819553375244,-0.08230634033679962,0
09:32:18.589,2.9916610717773438,198.72512817382812,0.0,-0.09085870534181595,-0.15903602540493011,-0.14335595071315765,0
09:32:18.589,2.9916610717773438,198.72512817382812,0.0,-0.2434849739074707,-0.036936819553375244,-0.11283113807439804,0
09:32:18.634,2.9916610717773438,198.72512817382812,0.0,-0.09085870534181595,0.14621199667453766,0.009270328097045422,0
09:32:18.634,2.9916610717773438,198.72512817382812,0.0,-0.06033390015363693,0.02411278896033764,0.13136954605579376,0
09:32:18.634,2.9916610717773438,198.72512817382812,0.0,0.061765313148498535,-0.006412014830857515,-0.02125447429716587,0
09:32:18.634,2.9916610717773438,198.72512817382812,0.0,0.03124050982296467,-0.09798642247915268,0.07031993567943573,0
09:32:18.638,2.9916610717773438,198.72512817382812,0.0,-0.12138350307941437,-0.09798642247915268,0.039795130491256714,0
09:32:18.653,2.9916610717773438,198.72512817382812,0.0,-0.48768338561058044,-0.036936819553375244,-0.11283113807439804,0
09:32:18.696,2.9916610717773438,198.72512817382812,0.0,-0.12138350307941437,0.054637592285871506,-0.17388074100017548,0
09:32:18.696,2.9916610717773438,198.72512817382812,0.0,-0.029809094965457916,0.11568719893693924,-0.11283113807439804,0
09:32:18.709,2.9916610717773438,198.72512817382812,0.0,-0.09085870534181595,0.054637592285871506,-0.11283113807439804,0
09:32:18.709,2.9916610717773438,198.72512817382812,0.0,0.0007157073123380542,0.054637592285871506,-0.02125447429716587,0
09:32:18.709,2.9916610717773438,198.72512817382812,0.0,0.0007157073123380542,-0.006412014830857515,0.009270328097045422,0
09:32:18.709,2.9916610717773438,198.72512817382812,0.0,0.061765313148498535,-0.09798642247915268,0.009270328097045422,0
09:32:18.717,2.9916610717773438,198.72512817382812,0.0,-0.21295791864395142,-0.06746162474155426,-0.14335595071315765,0
09:32:18.735,2.9916610717773438,198.72512817382812,0.0,-0.029809094965457916,-0.06746162474155426,-0.05177927762269974,0
09:32:18.763,2.9916610717773438,198.72512817382812,0.0,-0.09085870534181595,0.08516239374876022,-0.05177927762269974,0
09:32:18.763,2.9916610717773438,198.72512817382812,0.0,-0.06033390015363693,0.054637592285871506,-0.05177927762269974,0
09:32:18.763,2.9916610717773438,198.72512817382812,0.0,0.03124050982296467,-0.006412014830857515,0.009270328097045422,0
09:32:18.810,2.9916610717773438,198.72512817382812,0.0,0.12281718105077744,-0.006412014830857515,-0.08230634033679962,0
09:32:18.810,2.9916610717773438,198.72512817382812,0.0,-0.029809094965457916,-0.15903602540493011,0.009270328097045422,0
09:32:18.819,2.9916610717773438,198.72512817382812,0.0,0.0007157073123380542,-0.036936819553375244,-0.17388074100017548,0
09:32:18.819,2.9916610717773438,198.72512817382812,0.0,-0.09085870534181595,0.02411278896033764,-0.02125447429716587,0
09:32:18.819,2.9916610717773438,198.72512817382812,0.0,-0.029809094965457916,0.08516239374876022,-0.14335595071315765,0
09:32:18.819,2.9916610717773438,198.72512817382812,0.0,0.2449163943529129,-0.006412014830857515,-0.02125447429716587,0
09:32:18.830,2.9916610717773438,198.72512817382812,0.0,-0.029809094965457916,0.08516239374876022,0.039795130491256714,0
09:32:18.848,2.9916610717773438,198.72512817382812,0.0,0.061765313148498535,0.11568719893693924,0.13136954605579376,0
09:32:18.874,2.9916610717773438,198.72512817382812,0.0,-0.029809094965457916,-0.006412014830857515,-0.02125447429716587,0
09:32:18.891,2.9916610717773438,198.72512817382812,0.0,-0.15190830826759338,-0.06746162474155426,-0.02125447429716587,0
09:32:18.891,2.9916610717773438,198.72512817382812,0.0,-0.06033390015363693,-0.036936819553375244,-0.05177927762269974,0
09:32:18.891,2.9916610717773438,198.72512817382812,0.0,-0.09085870534181595,-0.09798642247915268,-0.2654551565647125,0
09:32:18.891,2.9916610717773438,198.72512817382812,0.0,-0.09085870534181595,-0.1285112202167511,-0.08230634033679962,0
09:32:18.912,2.9916610717773438,198.72512817382812,0.0,0.0007157073123380542,0.02411278896033764,-0.08230634033679962,0
09:32:18.935,2.9916610717773438,198.72512817382812,0.0,0.03124050982296467,0.054637592285871506,0.07031993567943573,0
09:32:18.936,2.9916610717773438,198.72512817382812,0.0,0.7333177328109741,0.08516239374876022,0.009270328097045422,0
09:32:18.936,2.9916610717773438,198.72512817382812,0.0,-0.09085870534181595,0.054637592285871506,0.10084474086761475,0
09:32:18.943,2.9916610717773438,198.72512817382812,0.0,0.0007157073123380542,0.02411278896033764,0.039795130491256714,0
09:32:18.958,2.9916610717773438,198.72512817382812,0.0,-0.1824331134557724,0.08516239374876022,-0.05177927762269974,0
09:32:18.958,2.9916610717773438,198.72512817382812,0.0,-0.12138350307941437,-0.006412014830857515,-0.05177927762269974,0
09:32:19.000,2.9916610717773438,198.72512817382812,0.0,-0.15190830826759338,-0.06746162474155426,-0.17388074100017548,0
09:32:19.013,2.9916610717773438,198.72512817382812,0.0,-0.029809094965457916,-0.036936819553375244,-0.05177927762269974,0
09:32:19.013,2.9916610717773438,198.72512817382812,0.0,0.12281718105077744,0.11568719893693924,0.039795130491256714,0
09:32:19.013,2.9916610717773438,198.72512817382812,0.0,-0.06033390015363693,0.11568719893693924,0.07031993567943573,0
09:32:19.013,2.9916610717773438,198.72512817382812,0.0,-0.09085870534181595,0.02411278896033764,0.009270328097045422,0
09:32:19.022,2.9916610717773438,198.72512817382812,0.0,-0.15190830826759338,-0.006412014830857515,-0.02125447429716587,0
09:32:19.040,2.9916610717773438,198.72512817382812,0.0,-0.06033390015363693,-0.06746162474155426,0.009270328097045422,0
09:32:19.062,2.9916610717773438,198.72512817382812,0.0,1.7101160287857056,-0.006412014830857515,-0.08230634033679962,0
09:32:19.062,2.9916610717773438,198.72512817382812,0.0,-0.029809094965457916,0.02411278896033764,-0.11283113807439804,0
09:32:19.063,2.9916610717773438,198.72512817382812,0.0,0.03124050982296467,-0.036936819553375244,0.039795130491256714,0
09:32:19.070,2.9916610717773438,198.72512817382812,0.0,-0.09085870534181595,-0.06746162474155426,-0.08230634033679962,0
09:32:19.086,2.9916610717773438,198.72512817382812,0.0,-0.15190830826759338,0.02411278896033764,-0.11283113807439804,0
09:32:19.104,2.9916610717773438,198.72512817382812,0.0,-0.029809094965457916,-0.15903602540493011,-0.05177927762269974,0
09:32:19.125,2.9916610717773438,198.72512817382812,0.0,-0.09085870534181595,-0.25061270594596863,-0.14335595071315765,0
09:32:19.132,2.9916610717773438,198.72512817382812,0.0,0.30596598982810974,-0.09798642247915268,-0.02125447429716587,0
09:32:19.132,2.9916610717773438,198.72512817382812,0.0,-0.029809094965457916,-0.006412014830857515,-0.02125447429716587,0
09:32:19.135,2.9916610717773438,198.72512817382812,0.0,-0.09085870534181595,0.11568719893693924,-0.02125447429716587,0
09:32:19.151,2.9916610717773438,198.72512817382812,0.0,-0.06033390015363693,-0.036936819553375244,-0.05177927762269974,0
09:32:19.151,2.9916610717773438,198.72512817382812,0.0,-0.09085870534181595,0.054637592285871506,-0.02125447429716587,0
09:32:19.168,2.9916610717773438,198.72512817382812,0.0,-0.029809094965457916,-0.1285112202167511,-0.2044055461883545,0
09:32:19.188,2.9916610717773438,198.72512817382812,0.0,-0.12138350307941437,-0.09798642247915268,-0.14335595071315765,0
09:32:19.188,2.9916610717773438,198.72512817382812,0.0,0.0007157073123380542,0.054637592285871506,-0.11283113807439804,0
09:32:19.188,2.9916610717773438,198.72512817382812,0.0,0.09229237586259842,0.11568719893693924,0.039795130491256714,0
09:32:19.199,2.9916610717773438,198.72512817382812,0.0,0.09229237586259842,0.054637592285871506,-0.08230634033679962,0
09:32:19.216,2.9916610717773438,198.72512817382812,0.0,0.12281718105077744,0.08516239374876022,-0.05177927762269974,0
09:32:19.252,2.9916610717773438,198.72512817382812,0.0,0.0007157073123380542,-0.036936819553375244,-0.02125447429716587,0
09:32:19.252,2.9916610717773438,198.72512817382812,0.0,0.0007157073123380542,-0.09798642247915268,0.039795130491256714,0
09:32:19.253,2.9916610717773438,198.72512817382812,0.0,-0.06033390015363693,-0.06746162474155426,-0.11283113807439804,0
09:32:19.253,2.9916610717773438,198.72512817382812,0.0,-0.15190830826759338,0.08516239374876022,-0.05177927762269974,0
09:32:19.264,2.9916610717773438,198.72512817382812,0.0,-0.09085870534181595,-0.006412014830857515,0.009270328097045422,0
09:32:19.280,2.9916610717773438,198.72512817382812,0.0,-0.029809094965457916,0.08516239374876022,-0.11283113807439804,0
09:32:19.280,2.9916610717773438,198.72512817382812,0.0,0.12281718105077744,0.11568719893693924,0.009270328097045422,0
09:32:19.297,2.9916610717773438,198.72512817382812,0.0,-0.029809094965457916,0.08516239374876022,0.039795130491256714,0
09:32:19.317,2.9916610717773438,198.72512817382812,0.0,0.061765313148498535,0.08516239374876022,0.10084474086761475,0
09:32:19.318,2.9916610717773438,198.72512817382812,0.0,0.03124050982296467,-0.006412014830857515,0.009270328097045422,0
09:32:19.318,2.9916610717773438,198.72512817382812,0.0,-0.06033390015363693,-0.006412014830857515,-0.11283113807439804,0
09:32:19.329,2.9916610717773438,198.72512817382812,0.0,-0.06033390015363693,-0.036936819553375244,-0.11283113807439804,0
09:32:19.347,2.9916610717773438,198.72512817382812,0.0,-0.15190830826759338,-0.06746162474155426,0.009270328097045422,0
09:32:19.375,2.9916610717773438,198.72512817382812,0.0,-0.21295791864395142,-0.09798642247915268,0.009270328097045422,0
09:32:19.375,2.9916610717773438,198.72512817382812,0.0,-0.15190830826759338,-0.006412014830857515,-0.05177927762269974,0
09:32:19.377,2.9916610717773438,198.72512817382812,0.0,0.03124050982296467,0.054637592285871506,-0.05177927762269974,0
09:32:19.377,2.9916610717773438,198.72512817382812,0.0,0.0007157073123380542,0.054637592285871506,0.009270328097045422,0
09:32:19.393,2.9916610717773438,198.72512817382812,0.0,0.09229237586259842,0.11568719893693924,0.07031993567943573,0
09:32:19.431,2.9916610717773438,198.72512817382812,0.0,0.0007157073123380542,-0.06746162474155426,-0.02125447429716587,0
09:32:19.431,2.9916610717773438,198.72512817382812,0.0,-0.029809094965457916,0.02411278896033764,0.039795130491256714,0
09:32:19.431,2.9916610717773438,198.72512817382812,0.0,-0.029809094965457916,-0.036936819553375244,-0.11283113807439804,0
09:32:19.431,2.9916610717773438,198.72512817382812,0.0,0.0007157073123380542,-0.15903602540493011,-0.05177927762269974,0
09:32:19.441,2.9916610717773438,198.72512817382812,0.0,-0.1824331134557724,-0.09798642247915268,-0.17388074100017548,0
09:32:19.457,2.9916610717773438,198.72512817382812,0.0,-0.06033390015363693,-0.036936819553375244,-0.11283113807439804,0
09:32:19.457,2.9916610717773438,198.72512817382812,0.0,0.0007157073123380542,0.02411278896033764,-0.02125447429716587,0
09:32:19.474,2.9916610717773438,198.72512817382812,0.0,0.03124050982296467,0.08516239374876022,-0.02125447429716587,0
09:32:19.493,2.9916610717773438,198.72512817382812,0.0,0.0007157073123380542,0.054637592285871506,0.009270328097045422,0
09:32:19.493,2.9916610717773438,198.72512817382812,0.0,-0.06033390015363693,0.02411278896033764,0.10084474086761475,0
09:32:19.505,2.9916610717773438,198.72512817382812,0.0,-0.12138350307941437,-0.06746162474155426,-0.05177927762269974,0
09:32:19.521,2.9916610717773438,198.72512817382812,0.0,0.0007157073123380542,-0.06746162474155426,-0.02125447429716587,0
09:32:19.521,2.9916610717773438,198.72512817382812,0.0,0.03124050982296467,-0.09798642247915268,-0.14335595071315765,0
09:32:19.557,2.9916610717773438,198.72512817382812,0.0,-0.06033390015363693,-0.006412014830857515,-0.08230634033679962,0
09:32:19.557,2.9916610717773438,198.72512817382812,0.0,0.0007157073123380542,0.11568719893693924,-0.14335595071315765,0
09:32:19.557,2.9916610717773438,198.72512817382812,0.0,-0.029809094965457916,0.054637592285871506,0.10084474086761475,0
09:32:19.557,2.9916610717773438,198.72512817382812,0.0,0.15334197878837585,0.02411278896033764,0.16189435124397278,0
09:32:19.569,2.9916610717773438,198.72512817382812,0.0,0.0007157073123380542,-0.006412014830857515,-0.02125447429716587,0
09:32:19.586,2.9916610717773438,198.72512817382812,0.0,0.061765313148498535,0.02411278896033764,-0.02125447429716587,0
09:32:19.624,2.9916610717773438,198.72512817382812,0.0,-0.029809094965457916,-0.06746162474155426,0.009270328097045422,0
09:32:19.624,2.9916610717773438,198.72512817382812,0.0,-0.1824331134557724,-0.036936819553375244,-0.02125447429716587,0
09:32:19.624,2.9916610717773438,198.72512817382812,0.0,-0.09085870534181595,-0.09798642247915268,-0.05177927762269974,0
09:32:19.624,2.9916610717773438,198.72512817382812,0.0,-0.15190830826759338,-0.06746162474155426,-0.11283113807439804,0
09:32:19.635,2.9916610717773438,198.72512817382812,0.0,0.061765313148498535,-0.006412014830857515,-0.05177927762269974,0
09:32:19.651,2.9916610717773438,198.72512817382812,0.0,0.2143915891647339,0.054637592285871506,0.13136954605579376,0
09:32:19.651,2.9916610717773438,198.72512817382812,0.0,-0.029809094965457916,0.054637592285871506,0.009270328097045422,0
09:32:19.668,2.9916610717773438,198.72512817382812,0.0,-0.09085870534181595,-0.06746162474155426,-0.08230634033679962,0
09:32:19.668,2.9916610717773438,198.72512817382812,0.0,-0.15190830826759338,-0.036936819553375244,-0.08230634033679962,0
09:32:19.689,2.9916610717773438,198.72512817382812,0.0,0.0007157073123380542,-0.1285112202167511,-0.08230634033679962,0
09:32:19.689,2.9916610717773438,198.72512817382812,0.0,-0.06033390015363693,0.08516239374876022,-0.05177927762269974,0
09:32:19.699,2.9916610717773438,198.72512817382812,0.0,-0.029809094965457916,0.11568719893693924,0.10084474086761475,0
09:32:19.715,2.9916610717773438,198.72512817382812,0.0,0.15334197878837585,-0.006412014830857515,0.009270328097045422,0
09:32:19.752,2.9916610717773438,198.72512817382812,0.0,-0.12138350307941437,0.08516239374876022,0.039795130491256714,0
09:32:19.752,2.9916610717773438,198.72512817382812,0.0,0.03124050982296467,-0.036936819553375244,-0.05177927762269974,0
09:32:19.752,2.9916610717773438,198.72512817382812,0.0,-0.15190830826759338,-0.06746162474155426,-0.11283113807439804,0
09:32:19.752,2.9916610717773438,198.72512817382812,0.0,-0.12138350307941437,-0.006412014830857515,-0.08230634033679962,0
09:32:19.764,2.9916610717773438,198.72512817382812,0.0,-0.3961089849472046,-0.006412014830857515,0.039795130491256714,0
09:32:19.780,2.9916610717773438,198.72512817382812,0.0,0.0007157073123380542,-0.006412014830857515,0.039795130491256714,0
09:32:19.780,2.9916610717773438,198.72512817382812,0.0,-0.06033390015363693,-0.06746162474155426,-0.02125447429716587,0
09:32:19.798,2.9916610717773438,198.72512817382812,0.0,-0.029809094965457916,-0.006412014830857515,0.039795130491256714,0
09:32:19.798,2.9916610717773438,198.72512817382812,0.0,-0.12138350307941437,-0.06746162474155426,-0.08230634033679962,0
09:32:19.828,2.9916610717773438,198.72512817382812,0.0,-0.09085870534181595,-0.036936819553375244,-0.05177927762269974,0
09:32:19.828,2.9916610717773438,198.72512817382812,0.0,0.03124050982296467,0.02411278896033764,-0.05177927762269974,0
09:32:19.828,2.9916610717773438,198.72512817382812,0.0,0.0007157073123380542,0.054637592285871506,0.16189435124397278,0
09:32:19.845,2.9916610717773438,198.72512817382812,0.0,0.0007157073123380542,0.054637592285871506,0.039795130491256714,0
09:32:19.862,2.9916610717773438,198.72512817382812,0.0,0.0007157073123380542,-0.036936819553375244,0.07031993567943573,0
09:32:19.862,2.9916610717773438,198.72512817382812,0.0,0.0007157073123380542,0.11568719893693924,0.16189435124397278,0
09:32:19.879,2.9916610717773438,198.72512817382812,0.0,-0.029809094965457916,0.054637592285871506,0.009270328097045422,0
09:32:19.879,2.9916610717773438,198.72512817382812,0.0,0.061765313148498535,0.02411278896033764,-0.02125447429716587,0
09:32:19.893,2.9916610717773438,198.72512817382812,0.0,-0.09085870534181595,0.02411278896033764,0.039795130491256714,0
09:32:19.909,2.9916610717773438,198.72512817382812,0.0,0.2143915891647339,-0.1285112202167511,-0.08230634033679962,0
09:32:19.909,2.9916610717773438,198.72512817382812,0.0,-0.06033390015363693,0.054637592285871506,-0.2044055461883545,0
09:32:19.926,2.9916610717773438,198.72512817382812,0.0,-0.09085870534181595,0.054637592285871506,0.039795130491256714,0
09:32:19.945,2.9916610717773438,198.72512817382812,0.0,0.061765313148498535,0.08516239374876022,0.07031993567943573,0
09:32:19.945,2.9916610717773438,198.72512817382812,0.0,0.0007157073123380542,-0.06746162474155426,-0.02125447429716587,0
09:32:19.957,2.9916610717773438,198.72512817382812,0.0,0.0007157073123380542,-0.09798642247915268,0.13136954605579376,0
09:32:19.957,2.9916610717773438,198.72512817382812,0.0,-0.06033390015363693,-0.006412014830857515,0.07031993567943573,0
09:32:19.973,2.9916610717773438,198.72512817382812,0.0,-0.12138350307941437,-0.006412014830857515,-0.11283113807439804,0
09:32:19.990,2.9916610717773438,198.72512817382812,0.0,-0.029809094965457916,-0.1285112202167511,-0.08230634033679962,0
09:32:19.990,2.9916610717773438,198.72512817382812,0.0,-0.09085870534181595,-0.06746162474155426,-0.11283113807439804,0
09:32:20.008,2.9916610717773438,198.72512817382812,0.0,0.18386678397655487,-0.06746162474155426,-0.05177927762269974,0
09:32:20.008,2.9916610717773438,198.72512817382812,0.0,-0.21295791864395142,0.11568719893693924,-0.02125447429716587,0
09:32:20.021,2.9916610717773438,198.72512817382812,0.0,0.0007157073123380542,0.11568719893693924,0.009270328097045422,0
09:32:20.037,2.9916610717773438,198.72512817382812,0.0,-0.12138350307941437,-0.006412014830857515,0.039795130491256714,0
09:32:20.037,2.9916610717773438,198.72512817382812,0.0,0.03124050982296467,0.054637592285871506,-0.02125447429716587,0
09:32:20.072,2.9916610717773438,198.72512817382812,0.0,-0.06033390015363693,-0.09798642247915268,0.07031993567943573,0
09:32:20.072,2.9916610717773438,198.72512817382812,0.0,0.0007157073123380542,-0.06746162474155426,-0.11283113807439804,0
09:32:20.072,2.9916610717773438,198.72512817382812,0.0,-0.2434849739074707,-0.09798642247915268,-0.14335595071315765,0
09:32:20.086,2.9916610717773438,198.72512817382812,0.0,-0.12138350307941437,0.054637592285871506,-0.02125447429716587,0
09:32:20.102,2.9916610717773438,198.72512817382812,0.0,-0.09085870534181595,0.054637592285871506,-0.05177927762269974,0
09:32:20.102,2.9916610717773438,198.72512817382812,0.0,-0.09085870534181595,0.054637592285871506,-0.02125447429716587,0
09:32:20.144,2.9916610717773438,198.72512817382812,0.0,0.061765313148498535,0.11568719893693924,-0.02125447429716587,0
09:32:20.144,2.9916610717773438,198.72512817382812,0.0,0.03124050982296467,0.02411278896033764,0.10084474086761475,0
09:32:20.144,2.9916610717773438,198.72512817382812,0.0,0.0007157073123380542,-0.036936819553375244,0.009270328097045422,0
09:32:20.144,2.9916610717773438,198.72512817382812,0.0,-0.029809094965457916,-0.09798642247915268,0.039795130491256714,0
09:32:20.150,2.9916610717773438,198.72512817382812,0.0,-0.12138350307941437,-0.06746162474155426,-0.02125447429716587,0
09:32:20.166,2.9916610717773438,198.72512817382812,0.0,-0.09085870534181595,-0.06746162474155426,-0.14335595071315765,0
09:32:20.183,2.9916610717773438,198.72512817382812,0.0,-0.09085870534181595,0.11568719893693924,-0.11283113807439804,0
09:32:20.183,2.9916610717773438,198.72512817382812,0.0,-0.029809094965457916,0.14621199667453766,0.009270328097045422,0
09:32:20.202,2.9916610717773438,198.72512817382812,0.0,0.03124050982296467,0.11568719893693924,0.009270328097045422,0
09:32:20.202,2.9916610717773438,198.72512817382812,0.0,0.09229237586259842,0.054637592285871506,0.1924191415309906,0
09:32:20.214,2.9916610717773438,198.72512817382812,0.0,-0.06033390015363693,0.054637592285871506,-0.08230634033679962,0
09:32:20.231,2.9916610717773438,198.72512817382812,0.0,-0.06033390015363693,-0.06746162474155426,0.009270328097045422,0
09:32:20.231,2.9916610717773438,198.72512817382812,0.0,-0.09085870534181595,-0.1285112202167511,-0.08230634033679962,0
09:32:20.273,2.9916610717773438,198.72512817382812,0.0,-0.15190830826759338,-0.06746162474155426,-0.11283113807439804,0
09:32:20.273,2.9916610717773438,198.72512817382812,0.0,-0.09085870534181595,0.11568719893693924,-0.08230634033679962,0
09:32:20.273,2.9916610717773438,198.72512817382812,0.0,0.0007157073123380542,0.11568719893693924,-0.02125447429716587,0
09:32:20.273,2.9916610717773438,198.72512817382812,0.0,0.03124050982296467,-0.006412014830857515,-0.02125447429716587,0
09:32:20.279,2.9916610717773438,198.72512817382812,0.0,0.09229237586259842,0.054637592285871506,-0.02125447429716587,0
09:32:20.295,2.9916610717773438,198.72512817382812,0.0,-0.029809094965457916,-0.2200879007577896,0.07031993567943573,0
09:32:20.313,2.9916610717773438,198.72512817382812,0.0,-0.2740097641944885,-0.15903602540493011,-0.11283113807439804,0
09:32:20.313,2.9916610717773438,198.72512817382812,0.0,-0.15190830826759338,-0.006412014830857515,-0.02125447429716587,0
09:32:20.333,2.9916610717773438,198.72512817382812,0.0,0.33649080991744995,-0.06746162474155426,-0.02125447429716587,0
09:32:20.333,2.9916610717773438,198.72512817382812,0.0,-0.029809094965457916,-0.06746162474155426,-0.08230634033679962,0
09:32:20.344,2.9916610717773438,198.72512817382812,0.0,0.03124050982296467,0.054637592285871506,0.009270328097045422,0
09:32:20.361,2.9916610717773438,198.72512817382812,0.0,-0.09085870534181595,0.11568719893693924,0.07031993567943573,0
09:32:20.379,2.9916610717773438,198.72512817382812,0.0,0.0007157073123380542,0.02411278896033764,0.039795130491256714,0
09:32:20.379,2.9916610717773438,198.72512817382812,0.0,-0.09085870534181595,0.054637592285871506,0.009270328097045422,0
09:32:20.379,2.9916610717773438,198.72512817382812,0.0,-0.1824331134557724,-0.15903602540493011,-0.14335595071315765,0
09:32:20.392,2.9916610717773438,198.72512817382812,0.0,0.0007157073123380542,-0.09798642247915268,-0.14335595071315765,0
09:32:20.408,2.9916610717773438,198.72512817382812,0.0,0.0007157073123380542,-0.06746162474155426,-0.05177927762269974,0
09:32:20.408,2.9916610717773438,198.72512817382812,0.0,-0.06033390015363693,0.11568719893693924,0.009270328097045422,0
09:32:20.444,2.9916610717773438,198.72512817382812,0.0,0.03124050982296467,0.054637592285871506,-0.05177927762269974,0
09:32:20.444,2.9916610717773438,198.72512817382812,0.0,0.0007157073123380542,0.14621199667453766,0.039795130491256714,0
09:32:20.444,2.9916610717773438,198.72512817382812,0.0,-0.06033390015363693,-0.06746162474155426,0.009270328097045422,0
09:32:20.456,2.9916610717773438,198.72512817382812,0.0,-0.06033390015363693,-0.09798642247915268,-0.05177927762269974,0
09:32:20.472,2.9916610717773438,198.72512817382812,0.0,-0.12138350307941437,-0.036936819553375244,-0.14335595071315765,0
09:32:20.472,2.9916610717773438,198.72512817382812,0.0,0.061765313148498535,-0.006412014830857515,-0.02125447429716587,0
09:32:20.489,2.9916610717773438,198.72512817382812,0.0,-0.06033390015363693,0.02411278896033764,-0.05177927762269974,0
09:32:20.489,2.9916610717773438,198.72512817382812,0.0,0.12281718105077744,0.02411278896033764,-0.02125447429716587,0
09:32:20.509,2.9916610717773438,198.72512817382812,0.0,0.09229237586259842,-0.09798642247915268,-0.14335595071315765,0
09:32:20.509,2.9916610717773438,198.72512817382812,0.0,-0.06033390015363693,0.054637592285871506,-0.05177927762269974,0
09:32:20.520,2.9916610717773438,198.72512817382812,0.0,-0.06033390015363693,-0.09798642247915268,-0.05177927762269974,0
09:32:20.537,2.9916610717773438,198.72512817382812,0.0,-0.06033390015363693,-0.09798642247915268,-0.08230634033679962,0
09:32:20.537,2.9916610717773438,198.72512817382812,0.0,0.03124050982296467,-0.036936819553375244,0.009270328097045422,0
09:32:20.554,2.9916610717773438,198.72512817382812,0.0,0.12281718105077744,0.054637592285871506,-0.02125447429716587,0
09:32:20.573,2.9916610717773438,198.72512817382812,0.0,0.03124050982296467,0.14621199667453766,0.07031993567943573,0
09:32:20.573,2.9916610717773438,198.72512817382812,0.0,-0.029809094965457916,-0.006412014830857515,0.009270328097045422,0
09:32:20.585,2.9916610717773438,198.72512817382812,0.0,0.03124050982296467,0.054637592285871506,0.10084474086761475,0
09:32:20.601,2.9916610717773438,198.72512817382812,0.0,0.09229237586259842,0.054637592285871506,0.009270328097045422,0
09:32:20.601,2.9916610717773438,198.72512817382812,0.0,-0.12138350307941437,-0.06746162474155426,-0.11283113807439804,0
09:32:20.618,2.9916610717773438,198.72512817382812,0.0,0.03124050982296467,-0.006412014830857515,-0.08230634033679962,0
09:32:20.637,2.9916610717773438,198.72512817382812,0.0,0.03124050982296467,0.02411278896033764,0.009270328097045422,0
09:32:20.637,2.9916610717773438,198.72512817382812,0.0,-0.06033390015363693,0.17673680186271667,0.07031993567943573,0
09:32:20.638,2.9916610717773438,198.72512817382812,0.0,-0.1824331134557724,0.054637592285871506,-0.14335595071315765,0
09:32:20.650,2.9916610717773438,198.72512817382812,0.0,-0.029809094965457916,-0.036936819553375244,0.009270328097045422,0
09:32:20.666,2.9916610717773438,198.72512817382812,0.0,-0.029809094965457916,0.054637592285871506,0.009270328097045422,0
09:32:20.704,2.9916610717773438,198.72512817382812,0.0,-0.1824331134557724,-0.06746162474155426,-0.05177927762269974,0
09:32:20.704,2.9916610717773438,198.72512817382812,0.0,-0.06033390015363693,-0.1285112202167511,-0.2044055461883545,0
09:32:20.710,2.9916610717773438,198.72512817382812,0.0,-0.029809094965457916,-0.036936819553375244,0.009270328097045422,0
09:32:20.710,2.9916610717773438,198.72512817382812,0.0,0.15334197878837585,0.02411278896033764,-0.08230634033679962,0
09:32:20.715,2.9916610717773438,198.72512817382812,0.0,0.061765313148498535,0.11568719893693924,-0.11283113807439804,0
09:32:20.731,2.9916610717773438,198.72512817382812,0.0,0.15334197878837585,0.02411278896033764,0.009270328097045422,0
09:32:20.731,2.9916610717773438,198.72512817382812,0.0,0.0007157073123380542,-0.06746162474155426,0.039795130491256714,0
09:32:20.748,2.9916610717773438,198.72512817382812,0.0,0.12281718105077744,-0.06746162474155426,0.009270328097045422,0
09:32:20.748,2.9916610717773438,198.72512817382812,0.0,0.3975403904914856,-0.036936819553375244,-0.08230634033679962,0
09:32:20.766,2.9916610717773438,198.72512817382812,0.0,-0.09085870534181595,-0.006412014830857515,-0.11283113807439804,0
09:32:20.780,2.9916610717773438,198.72512817382812,0.0,-0.06033390015363693,-0.006412014830857515,-0.05177927762269974,0
09:32:20.780,2.9916610717773438,198.72512817382812,0.0,0.0007157073123380542,0.02411278896033764,-0.08230634033679962,0
09:32:20.796,2.9916610717773438,198.72512817382812,0.0,-0.029809094965457916,0.08516239374876022,-0.02125447429716587,0
09:32:20.838,2.9916610717773438,198.72512817382812,0.0,0.061765313148498535,0.054637592285871506,0.07031993567943573,0
09:32:20.838,2.9916610717773438,198.72512817382812,0.0,-0.029809094965457916,0.054637592285871506,-0.05177927762269974,0
09:32:20.848,2.9916610717773438,198.72512817382812,0.0,0.03124050982296467,-0.006412014830857515,-0.02125447429716587,0
09:32:20.848,2.9916610717773438,198.72512817382812,0.0,-0.06033390015363693,-0.036936819553375244,-0.11283113807439804,0
09:32:20.848,2.9916610717773438,198.72512817382812,0.0,0.0007157073123380542,-0.1285112202167511,0.039795130491256714,0
09:32:20.848,2.9916610717773438,198.72512817382812,0.0,-0.06033390015363693,-0.036936819553375244,-0.02125447429716587,0
09:32:20.861,2.9916610717773438,198.72512817382812,0.0,-0.029809094965457916,0.08516239374876022,-0.11283113807439804,0
09:32:20.880,2.9916610717773438,198.72512817382812,0.0,0.15334197878837585,0.11568719893693924,0.039795130491256714,0
09:32:20.881,2.9916610717773438,198.72512817382812,0.0,0.03124050982296467,0.02411278896033764,0.07031993567943573,0
09:32:20.892,2.9916610717773438,198.72512817382812,0.0,-0.029809094965457916,0.02411278896033764,0.10084474086761475,0
09:32:20.909,2.9916610717773438,198.72512817382812,0.0,0.0007157073123380542,-0.036936819553375244,0.009270328097045422,0
09:32:20.909,2.9916610717773438,198.72512817382812,0.0,0.03124050982296467,-0.006412014830857515,-0.02125447429716587,0
09:32:20.926,2.9916610717773438,198.72512817382812,0.0,0.09229237586259842,-0.06746162474155426,0.039795130491256714,0
09:32:20.946,2.9916610717773438,198.72512817382812,0.0,-0.12138350307941437,-0.036936819553375244,-0.11283113807439804,0
09:32:20.946,2.9916610717773438,198.72512817382812,0.0,-0.12138350307941437,-0.06746162474155426,-0.05177927762269974,0
09:32:20.957,2.9916610717773438,198.72512817382812,0.0,-0.09085870534181595,0.08516239374876022,0.009270328097045422,0
09:32:20.957,2.9916610717773438,198.72512817382812,0.0,-0.09085870534181595,0.11568719893693924,0.039795130491256714,0
09:32:20.973,2.9916610717773438,198.72512817382812,0.0,0.09229237586259842,-0.006412014830857515,-0.02125447429716587,0
09:32:21.012,2.9916610717773438,198.72512817382812,0.0,0.12281718105077744,0.054637592285871506,0.009270328097045422,0
09:32:21.012,2.9916610717773438,198.72512817382812,0.0,-0.029809094965457916,-0.06746162474155426,0.039795130491256714,0
09:32:21.012,2.9916610717773438,198.72512817382812,0.0,-0.09085870534181595,-0.1285112202167511,-0.08230634033679962,0
09:32:21.012,2.9916610717773438,198.72512817382812,0.0,-0.1824331134557724,0.02411278896033764,-0.14335595071315765,0
09:32:21.021,2.9916610717773438,198.72512817382812,0.0,-0.12138350307941437,0.02411278896033764,-0.08230634033679962,0
09:32:21.037,2.9916610717773438,198.72512817382812,0.0,-0.12138350307941437,0.14621199667453766,0.009270328097045422,0
09:32:21.037,2.9916610717773438,198.72512817382812,0.0,-0.09085870534181595,0.02411278896033764,-0.05177927762269974,0
09:32:21.084,2.9916610717773438,198.72512817382812,0.0,0.09229237586259842,0.14621199667453766,0.009270328097045422,0
09:32:21.108,2.9916610717773438,198.72512817382812,0.0,-0.06033390015363693,0.02411278896033764,0.07031993567943573,0
09:32:21.108,2.9916610717773438,198.72512817382812,0.0,-0.029809094965457916,0.054637592285871506,-0.02125447429716587,0
09:32:21.108,2.9916610717773438,198.72512817382812,0.0,-0.12138350307941437,-0.006412014830857515,-0.11283113807439804,0
09:32:21.108,2.9916610717773438,198.72512817382812,0.0,-0.12138350307941437,0.054637592285871506,0.009270328097045422,0
09:32:21.108,2.9916610717773438,198.72512817382812,0.0,-0.2740097641944885,0.054637592285871506,0.039795130491256714,0
09:32:21.109,2.9916610717773438,198.72512817382812,0.0,-0.15190830826759338,0.02411278896033764,-0.02125447429716587,0
09:32:21.145,2.9916610717773438,198.72512817382812,0.0,-0.2434849739074707,-0.15903602540493011,-0.14335595071315765,0
09:32:21.145,2.9916610717773438,198.72512817382812,0.0,0.09229237586259842,-0.09798642247915268,-0.02125447429716587,0
09:32:21.145,2.9916610717773438,198.72512817382812,0.0,0.0007157073123380542,-0.06746162474155426,-0.02125447429716587,0
09:32:21.149,2.9916610717773438,198.72512817382812,0.0,0.33649080991744995,0.17673680186271667,0.13136954605579376,0
09:32:21.165,2.9916610717773438,198.72512817382812,0.0,-0.06033390015363693,-0.006412014830857515,0.009270328097045422,0
09:32:21.181,2.9916610717773438,198.72512817382812,0.0,-0.2434849739074707,0.054637592285871506,0.009270328097045422,0
09:32:21.182,2.9916610717773438,198.72512817382812,0.0,0.03124050982296467,-0.006412014830857515,0.009270328097045422,0
09:32:21.206,2.9916610717773438,198.72512817382812,0.0,-0.09085870534181595,-0.1285112202167511,-0.08230634033679962,0
09:32:21.207,2.9916610717773438,198.72512817382812,0.0,-0.15190830826759338,-0.06746162474155426,-0.11283113807439804,0
09:32:21.213,2.9916610717773438,198.72512817382812,0.0,0.0007157073123380542,0.08516239374876022,-0.08230634033679962,0
09:32:21.229,2.9916610717773438,198.72512817382812,0.0,-0.06033390015363693,-0.006412014830857515,0.07031993567943573,0
09:32:21.229,2.9916610717773438,198.72512817382812,0.0,-0.06033390015363693,0.054637592285871506,0.009270328097045422,0
09:32:21.246,2.9916610717773438,198.72512817382812,0.0,0.03124050982296467,-0.006412014830857515,-0.02125447429716587,0
09:32:21.272,2.9916610717773438,198.72512817382812,0.0,-0.06033390015363693,0.02411278896033764,0.009270328097045422,0
09:32:21.272,2.9916610717773438,198.72512817382812,0.0,-0.1824331134557724,-0.06746162474155426,-0.02125447429716587,0
09:32:21.272,2.9916610717773438,198.72512817382812,0.0,-0.029809094965457916,-0.09798642247915268,-0.2349303513765335,0
09:32:21.292,2.9916610717773438,198.72512817382812,0.0,0.061765313148498535,-0.036936819553375244,-0.08230634033679962,0
09:32:21.293,2.9916610717773438,198.72512817382812,0.0,0.0007157073123380542,-0.006412014830857515,-0.02125447429716587,0
09:32:21.310,2.9916610717773438,198.72512817382812,0.0,-0.06033390015363693,-0.006412014830857515,-0.05177927762269974,0
09:32:21.336,2.9916610717773438,198.72512817382812,0.0,0.12281718105077744,0.08516239374876022,0.039795130491256714,0
09:32:21.336,2.9916610717773438,198.72512817382812,0.0,-0.1824331134557724,0.02411278896033764,-0.08230634033679962,0
09:32:21.336,2.9916610717773438,198.72512817382812,0.0,-0.06033390015363693,-0.1285112202167511,-0.14335595071315765,0
09:32:21.341,2.9916610717773438,198.72512817382812,0.0,0.061765313148498535,-0.036936819553375244,-0.08230634033679962,0
09:32:21.356,2.9916610717773438,198.72512817382812,0.0,0.061765313148498535,0.02411278896033764,-0.02125447429716587,0
09:32:21.373,2.9916610717773438,198.72512817382812,0.0,-0.09085870534181595,0.054637592285871506,0.039795130491256714,0
09:32:21.373,2.9916610717773438,198.72512817382812,0.0,-0.029809094965457916,0.02411278896033764,-0.02125447429716587,0
09:32:21.501,1.050626277923584,2.501434087753296,11.583822250366211,-1.5255357027053833,0.02411278896033764,1.6270939111709595,1
09:32:21.501,1.0690369606018066,2.501434087753296,11.742294311523438,-2.044459581375122,0.08516239374876022,1.9323464632034302,1
09:32:21.518,2.127718210220337,16.871118545532227,10.461908340454102,-0.15190830826759338,-1.074786901473999,1.0471227169036865,1
09:32:21.518,2.2512407302856445,16.871118545532227,10.613874435424805,0.12281718105077744,-1.7158123254776,1.7797224521636963,1
09:32:21.534,3.155421495437622,26.495128631591797,9.80417537689209,1.0996153354644775,-1.2274131774902344,-0.02125447429716587,1
09:32:21.551,3.3495590686798096,26.495128631591797,9.952947616577148,0.9469913840293884,-0.9221628904342651,0.009270328097045422,1
09:32:21.576,4.301942348480225,38.342041015625,8.91515827178955,0.15334197878837585,-0.006412014830857515,-0.02125447429716587,1
09:32:21.590,4.5834736824035645,38.342041015625,9.05981159210205,1.8932693004608154,-0.46428632736206055,-1.3338322639465332,1
09:32:21.591,5.318136215209961,43.97848129272461,8.640312194824219,-0.029809094965457916,-0.15903602540493011,-0.08230634033679962,1
09:32:21.591,5.640712261199951,43.97848129272461,8.783503532409668,-0.06033390015363693,1.0314403772354126,-1.1812059879302979,1
09:32:21.591,0.15192599594593048,50.65264892578125,8.258649826049805,-0.30453458428382874,0.2988405227661133,-0.02125447429716587,1
09:32:21.632,0.5227116942405701,50.65264892578125,8.3997220993042,-0.4571585953235626,1.0924899578094482,-0.5707054734230042,1
09:32:21.648,0.8945204019546509,50.65264892578125,8.5419282913208,-3.1128368377685547,2.9545164108276367,-0.17388074100017548,1
09:32:21.648,1.4262748956680298,52.331302642822266,8.515775680541992,-0.670834481716156,0.02411278896033764,0.5281965136528015,1
09:32:21.648,1.8098572492599487,52.331302642822266,8.658430099487305,-2.2886602878570557,-0.1285112202167511,2.1765449047088623,1
09:32:21.648,2.319225788116455,53.6781120300293,8.667055130004883,-0.09085870534181595,-0.31166231632232666,0.22294394671916962,1
09:32:21.648,2.7122106552124023,53.6781120300293,8.81036376953125,-0.3961089849472046,-1.28846275806427,1.7797224521636963,1
09:32:21.660,3.2065589427948,54.800514221191406,8.842432975769043,0.48911482095718384,-0.739011824131012,0.009270328097045422,1
09:32:21.677,3.607632637023926,54.800514221191406,8.986640930175781,0.8248921632766724,-1.0442620515823364,-0.05177927762269974,1
09:32:21.693,4.009334564208984,54.800514221191406,9.13182258605957,2.961642026901245,-3.2725908756256104,0.009270328097045422,1
09:32:21.699,4.6026740074157715,57.00251388549805,9.056614875793457,0.6417433619499207,-0.09798642247915268,-0.8759557604789734,1
09:32:21.708,5.020247459411621,57.00251388549805,9.202102661132812,2.7174434661865234,-0.7084869742393494,-2.432731866836548,1
09:32:21.708,5.518766403198242,57.89741897583008,9.258676528930664,-0.12138350307941437,0.2377864122390747,-0.2654551565647125,1
09:32:21.724,5.942461967468262,57.89741897583008,9.40506362915039,-0.029809094965457916,2.25244140625,-2.2495832443237305,1
09:32:21.762,0.2502611577510834,59.9503288269043,9.346680641174316,-0.4571585953235626,0.5430389642715454,-0.08230634033679962,1
09:32:21.762,0.6902784705162048,59.9503288269043,9.493977546691895,-1.4034342765808105,2.25244140625,-0.6317550539970398,1
09:32:21.768,1.2055726051330566,60.86684036254883,9.549705505371094,-0.09085870534181595,-0.006412014830857515,0.039795130491256714,1
09:32:21.768,1.6517865657806396,60.86684036254883,9.69787311553955,-1.4339591264724731,0.054637592285871506,1.443945050239563,1
09:32:21.772,2.203648090362549,62.20564651489258,9.712591171264648,-0.09085870534181595,-0.5863878130912781,0.619770884513855,1
09:32:21.788,2.6604411602020264,62.20564651489258,9.861830711364746,-0.5182082056999207,-1.1358387470245361,1.7186728715896606,1
09:32:21.788,3.1744136810302734,62.93370056152344,9.93863582611084,0.8248921632766724,-1.1053117513656616,-0.11283113807439804,1
09:32:21.805,3.635354518890381,62.93370056152344,10.088626861572266,1.6490663290023804,-1.0442620515823364,-0.02125447429716587,1
09:32:21.820,4.331348419189453,66.38925170898438,9.893972396850586,0.45859000086784363,-0.1285112202167511,-0.4486062228679657,1
09:32:21.821,4.816412448883057,66.38925170898438,10.043373107910156,1.7101160287857056,-0.31166231632232666,-1.2117308378219604,1
09:32:21.836,5.269448757171631,65.98240661621094,10.234612464904785,-0.029809094965457916,1.0314403772354126,-0.9675301313400269,1
09:32:21.852,5.755199909210205,65.98240661621094,10.386856079101562,0.03124050982296467,1.5503665208816528,-1.455931544303894,1
09:32:21.852,0.12104534357786179,68.41661071777344,10.294841766357422,-0.9150351881980896,1.0619651079177856,-0.02125447429716587,1
09:32:21.869,0.6247490644454956,68.41661071777344,10.447383880615234,-1.342384696006775,2.0387632846832275,-0.814906120300293,1
09:32:21.869,1.1864877939224243,69.2592544555664,10.514948844909668,-0.4266338050365448,-0.06746162474155426,0.31451836228370667,1
09:32:21.884,1.6944594383239746,69.2592544555664,10.667986869812012,-1.8613108396530151,-0.006412014830857515,1.7797224521636963,1
09:32:21.901,2.2987759113311768,70.57775115966797,10.690131187438965,-0.1824331134557724,-0.6474373936653137,0.619770884513855,1
09:32:21.901,2.8141331672668457,70.57775115966797,10.843324661254883,-0.7624089121818542,-2.0821144580841064,2.7565207481384277,1
09:32:21.917,3.3673901557922363,71.03348541259766,10.952702522277832,0.3670156002044678,-0.4032367169857025,-0.05177927762269974,1
09:32:21.917,3.8875572681427,71.03348541259766,11.107620239257812,3.1142704486846924,-2.9062886238098145,-0.02125447429716587,1
09:32:21.934,4.6555962562561035,74.8673324584961,10.878667831420898,1.1606695652008057,-0.06746162474155426,-1.1201564073562622,1
09:32:21.961,5.203426361083984,74.8673324584961,11.033048629760742,3.6331965923309326,-0.6474373936653137,-3.226383686065674,1
09:32:21.961,5.689452171325684,74.0728988647461,11.268439292907715,-0.06033390015363693,0.7872374057769775,-0.7843813300132751,1
09:32:21.965,0.1391708105802536,77.24368286132812,11.107397079467773,-0.36558419466018677,0.8482869863510132,-0.2349303513765335,1
09:32:21.982,0.7048274278640747,77.24368286132812,11.26295280456543,-1.9528852701187134,2.710313558578491,-0.7843813300132751,1
09:32:21.982,1.259030818939209,77.06820678710938,11.43712043762207,-0.30453458428382874,-0.1285112202167511,0.22294394671916962,1
09:32:21.999,1.8240046501159668,77.06820678710938,11.594413757324219,-2.6854872703552246,-0.06746162474155426,2.7565207481384277,1
09:32:22.018,2.5498294830322266,79.57514953613281,11.500802040100098,-0.33505937457084656,-1.1663635969161987,1.1692218780517578,1
09:32:22.026,3.13289737701416,79.57514953613281,11.658293724060059,-0.4266338050365448,-3.6999402046203613,4.252249717712402,1
09:32:22.026,3.6830155849456787,79.13215637207031,11.861050605773926,2.045893430709839,-1.2274131774902344,0.07031993567943573,1
09:32:22.030,4.444934844970703,82.24089050292969,11.708839416503906,0.5806937217712402,-0.006412014830857515,-0.6928068995475769,1
09:32:22.046,5.0476789474487305,82.24089050292969,11.867278099060059,2.595344305038452,-0.6169126033782959,-2.860083818435669,1
09:32:22.064,5.599916458129883,81.53700256347656,12.096928596496582,0.12281718105077744,0.45146453380584717,-0.3570295572280884,1
09:32:22.083,0.08162010461091995,84.54302978515625,11.956801414489746,-0.09085870534181595,1.8556145429611206,-1.5780307054519653,1
09:32:22.098,0.7003143429756165,84.54302978515625,12.116094589233398,-2.2886602878570557,3.076615571975708,-0.937005341053009,1
09:32:22.098,1.3169265985488892,84.48607635498047,12.282264709472656,-0.2434849739074707,-0.036936819553375244,0.3450431525707245,1
09:32:22.098,1.9348868131637573,84.48607635498047,12.442985534667969,-3.9675381183624268,-0.15903602540493011,3.763848304748535,1
09:32:22.098,2.706251382827759,86.9687728881836,12.35546588897705,-1.0981839895248413,-1.5631883144378662,2.1765449047088623,1
09:32:22.130,3.2705841064453125,85.85526275634766,12.628320693969727,1.0080410242080688,-1.0442620515823364,-0.02125447429716587,1
09:32:22.143,3.900003433227539,85.85526275634766,12.79100227355957,3.297419309616089,-3.2115390300750732,-0.02125447429716587,1
09:32:22.143,4.761223793029785,90.03570556640625,12.534610748291016,2.0153684616088867,-0.46428632736206055,-1.5475059747695923,1
09:32:22.143,5.3206000328063965,88.48507690429688,12.851738929748535,-0.029809094965457916,1.1840643882751465,-1.3643571138381958,1
09:32:22.157,5.968986988067627,88.48507690429688,13.015276908874512,0.03124050982296467,2.8629419803619385,-3.0127077102661133,1
09:32:22.157,0.5202694535255432,91.79228210449219,12.848158836364746,-1.4034342765808105,2.0387632846832275,-0.7233316898345947,1
09:32:22.175,1.1738792657852173,91.51374053955078,13.038816452026367,-1.0676591396331787,0.02411278896033764,1.016597867012024,1
09:32:22.195,1.8450398445129395,91.51374053955078,13.203245162963867,-2.899160861968994,-0.006412014830857515,3.1838724613189697,1
09:32:22.195,2.632617950439453,93.56424713134766,13.162332534790039,-0.670834481716156,-1.4105620384216309,2.3902230262756348,1
09:32:22.205,3.273879289627075,92.80534362792969,13.40327262878418,1.282768726348877,-1.1663635969161987,0.039795130491256714,1
09:32:22.222,3.955848455429077,92.80534362792969,13.569621086120605,3.6637213230133057,-3.6388907432556152,0.009270328097045422,1
09:32:22.222,4.832305431365967,96.48971557617188,13.365713119506836,2.3511414527893066,-0.7695366144180298,-1.9748576879501343,1
09:32:22.239,5.457852363586426,95.11568450927734,13.669328689575195,-0.09085870534181595,0.8482869863510132,-0.937005341053009,1
09:32:22.239,6.153132438659668,95.11568450927734,13.835859298706055,-0.06033390015363693,4.87759256362915,-4.935783863067627,1
09:32:22.262,0.7060400247573853,97.60627746582031,13.753212928771973,-2.2581355571746826,3.5955419540405273,-1.2117308378219604,1
09:32:22.262,1.4161263704299927,97.49885559082031,13.931437492370605,-0.7318840622901917,-0.15903602540493011,0.5587213039398193,1
09:32:22.270,2.2548534870147705,99.97317504882812,13.852289199829102,-1.4339591264724731,-0.15903602540493011,1.2302714586257935,1
09:32:22.286,2.9851269721984863,99.97317504882812,14.01931381225586,-1.006609559059143,-3.7304651737213135,4.526972770690918,1
09:32:22.321,3.646796703338623,98.76968383789062,14.308910369873047,1.038565754890442,-1.1053117513656616,-0.14335595071315765,1
09:32:22.321,4.534554958343506,102.19316864013672,14.134862899780273,1.4659175872802734,-0.46428632736206055,-0.8454309105873108,1
09:32:22.334,5.285789966583252,102.19316864013672,14.304071426391602,5.312069892883301,-0.46428632736206055,-4.844209671020508,1
09:32:22.334,5.96149206161499,100.9841537475586,14.595306396484375,0.12281718105077744,2.985041379928589,-2.921133279800415,1
09:32:22.334,0.5574284791946411,103.73515319824219,14.48969841003418,-1.7392094135284424,2.8018925189971924,-0.937005341053009,1
09:32:22.350,1.3052102327346802,103.4841537475586,14.685235977172852,-1.220285415649414,-0.06746162474155426,0.9250189661979675,1
09:32:22.350,2.1454241275787354,105.1954574584961,14.685298919677734,-3.4180870056152344,0.08516239374876022,3.275446891784668,1
09:32:22.388,2.914764404296875,105.1954574584961,14.855892181396484,-1.128708839416504,-3.4252147674560547,4.526972770690918,1
09:32:22.402,3.5884063243865967,103.52811431884766,15.19481086730957,1.1301401853561401,-1.3800371885299683,-0.17388074100017548,1
09:32:22.402,4.535245895385742,107.682861328125,14.951637268066406,1.3743431568145752,-0.8305884599685669,-0.9675301313400269,1
09:32:22.402,5.256410598754883,106.34060668945312,15.25825309753418,0.0007157073123380542,1.8861392736434937,-2.005382537841797,1
09:32:22.402,6.0356669425964355,106.34060668945312,15.43160629272461,-0.09085870534181595,3.809215545654297,-3.9589834213256836,1
09:32:22.413,0.6300351023674011,108.29552459716797,15.409178733825684,-2.380237102508545,3.931314706802368,-1.1201564073562622,1
09:32:22.432,1.4464600086212158,108.71300506591797,15.541524887084961,-0.9150351881980896,0.02411278896033764,1.1997467279434204,1
09:32:22.432,2.3121674060821533,110.19149780273438,15.567769050598145,-1.5255357027053833,-0.43376150727272034,1.5660443305969238,1
09:32:22.459,3.119926929473877,110.19149780273438,15.742250442504883,-0.7624089121818542,-5.195666790008545,5.747973918914795,1
09:32:22.459,3.8718836307525635,109.22512817382812,16.014293670654297,3.1447951793670654,-3.3641653060913086,-0.11283113807439804,1
09:32:22.461,4.840642929077148,112.78800201416016,15.833215713500977,3.5110929012298584,-1.074786901473999,-2.585358142852783,1
09:32:22.477,5.59006404876709,111.33480072021484,16.154136657714844,-0.09085870534181595,1.3366883993148804,-1.4254066944122314,1
09:32:22.477,0.23074357211589813,113.70687866210938,16.093969345092773,-0.4266338050365448,1.8556145429611206,-1.3948818445205688,1
09:32:22.495,1.0634870529174805,113.70687866210938,16.270278930664062,-5.4937896728515625,6.434370994567871,-0.601230263710022,1
09:32:22.531,1.8426079750061035,112.74434661865234,16.543914794921875,-3.8759613037109375,-0.15903602540493011,4.130150318145752,1
09:32:22.531,2.7774152755737305,114.95387268066406,16.500898361206055,-1.586585283279419,-3.089439630508423,4.3438239097595215,1
09:32:22.531,3.5981533527374268,114.55355834960938,16.718759536743164,1.5574918985366821,-1.5937130451202393,-0.02125447429716587,1
09:32:22.531,4.5292487144470215,116.60355377197266,16.692272186279297,1.8322197198867798,-1.074786901473999,-1.2117308378219604,1
09:32:22.541,5.35289192199707,115.8667221069336,16.945587158203125,-0.12138350307941437,2.0082385540008545,-1.9443328380584717,1
09:32:22.558,0.015554980374872684,118.2073974609375,16.891414642333984,0.2143915891647339,5.640717029571533,-5.821010112762451,1
09:32:22.558,0.8784321546554565,118.2073974609375,17.07015037536621,-4.059112548828125,5.854395389556885,-1.5780307054519653,1
09:32:22.594,1.734588384628296,117.96869659423828,17.274703979492188,-2.868636131286621,0.08516239374876022,3.0312483310699463,1
09:32:22.594,2.674058198928833,119.61304473876953,17.29050064086914,-1.4034342765808105,-2.4789390563964844,3.8248977661132812,1
09:32:22.594,3.534149408340454,119.20746612548828,17.51272964477539,1.526967167854309,-1.5326634645462036,0.10084474086761475,1
09:32:22.605,4.529672145843506,122.16938018798828,17.397464752197266,1.954318881034851,-1.0137373208999634,-1.1812059879302979,1
09:32:22.622,5.317333221435547,119.91851043701172,17.80387306213379,-0.09085870534181595,2.1303422451019287,-2.096956968307495,1
09:32:22.644,0.05319735035300255,123.4901123046875,17.63028335571289,-0.12138350307941437,4.7554931640625,-4.722110271453857,1
09:32:22.659,0.9550141096115112,123.4901123046875,17.811687469482422,-5.005388259887695,6.739619255065918,-1.6390825510025024,1
09:32:22.659,1.8615169525146484,123.4514389038086,17.999027252197266,-3.9370131492614746,0.054637592285871506,4.130150318145752,1
09:32:22.659,2.800086736679077,124.22998809814453,18.103914260864258,-0.7624089121818542,-3.57784104347229,5.167998313903809,1
09:32:22.659,3.680182933807373,123.53498840332031,18.358102798461914,1.954318881034851,-2.326312780380249,-0.08230634033679962,1
09:32:22.668,4.748860836029053,127.54605865478516,18.140705108642578,3.388993740081787,-1.1968883275985718,-2.55483341217041,1
09:32:22.685,5.585975170135498,125.45696258544922,18.534114837646484,-0.029809094965457916,1.7029905319213867,-1.822231411933899,1
09:32:22.723,0.3381258547306061,128.3533172607422,18.42949867248535,-0.9150351881980896,2.8934669494628906,-1.6085578203201294,1
09:32:22.723,1.2822564840316772,128.41854858398438,18.607975006103516,-1.6171101331710815,-0.036936819553375244,1.6270939111709595,1
09:32:22.723,2.279027223587036,129.83474731445312,18.610210418701172,-2.5939106941223145,-0.036936819553375244,2.6038966178894043,1
09:32:22.723,3.2043039798736572,129.17236328125,18.711606979370117,2.076418161392212,-2.0821144580841064,-0.02125447429716587,1
09:32:22.732,4.260556697845459,132.16403198242188,18.447708129882812,3.816345453262329,-4.127289772033691,-0.08230634033679962,1
09:32:22.775,5.228763580322266,132.16403198242188,18.481605529785156,6.777274131774902,-1.1053117513656616,-5.790485382080078,1
09:32:22.775,6.0935516357421875,130.089599609375,18.723857879638672,0.03124050982296467,5.3049445152282715,-5.1494598388671875,1
09:32:22.785,0.8627347946166992,132.3294677734375,18.533872604370117,-4.364362716674805,6.373316764831543,-1.8527562618255615,1
09:32:22.785,1.7925755977630615,131.45753479003906,18.6552677154541,-3.3875622749328613,0.054637592285871506,3.4585957527160645,1
09:32:22.785,2.8160719871520996,132.83929443359375,18.550853729248047,-1.586585283279419,-3.2420637607574463,5.229047775268555,1
09:32:22.794,3.697675943374634,130.90525817871094,18.778337478637695,2.2595670223236084,-2.4484143257141113,-0.08230634033679962,1
09:32:22.835,4.781382083892822,133.98928833007812,18.5035457611084,3.6637213230133057,-1.3800371885299683,-2.493781566619873,1
09:32:22.857,5.662355422973633,131.7680206298828,18.759193420410156,-0.09085870534181595,1.8556145429611206,-1.7917065620422363,1
09:32:22.857,0.39976635575294495,133.09255981445312,18.660598754882812,-1.6476349830627441,3.046090841293335,-1.5169811248779297,1
09:32:22.857,1.3632065057754517,132.81666564941406,18.721662521362305,-1.556060552597046,0.02411278896033764,1.6270939111709595,1
09:32:22.857,2.355201482772827,133.246337890625,18.712261199951172,-1.9223604202270508,-0.49481111764907837,2.5733718872070312,1
09:32:22.857,3.270723819732666,131.82984924316406,18.887348175048828,2.16799259185791,-2.1736888885498047,0.039795130491256714,1
09:32:22.857,4.332070827484131,134.36587524414062,18.66765594482422,2.7784931659698486,-2.9062886238098145,-0.02125447429716587,1
09:32:22.895,5.314840793609619,134.36587524414062,18.700395584106445,7.082521915435791,-1.1053117513656616,-6.523087024688721,1
09:32:22.895,6.178112983703613,131.91888427734375,18.979122161865234,-0.15190830826759338,6.373316764831543,-6.3704609870910645,1
09:32:22.895,0.9770411252975464,134.55831909179688,18.747934341430664,-4.913813591003418,6.9838175773620605,-1.7306569814682007,1
09:32:22.900,1.8818327188491821,132.83602905273438,18.953657150268555,-4.486462116241455,0.054637592285871506,4.801700592041016,1
09:32:22.920,2.9100379943847656,134.1202392578125,18.858232498168945,-2.044459581375122,-4.066240310668945,5.931127071380615,1
09:32:22.920,3.8368799686431885,132.82737731933594,19.021053314208984,3.1447951793670654,-3.2420637607574463,-0.14335595071315765,1
09:32:22.964,4.892350196838379,134.86328125,18.850221633911133,3.388993740081787,-1.4410890340805054,-3.4095325469970703,1
09:32:22.964,5.8092169761657715,133.28640747070312,19.04094696044922,0.0007157073123380542,2.4966399669647217,-2.493781566619873,1
09:32:22.983,0.5858919620513916,135.34185791015625,18.868104934692383,-2.105511426925659,3.931314706802368,-1.4254066944122314,1
09:32:22.983,1.526118516921997,134.067626953125,19.028331756591797,-1.7392094135284424,-0.006412014830857515,1.8712968826293945,1
09:32:22.983,2.5438361167907715,134.91136169433594,18.976736068725586,-0.9455599784851074,-1.929488182067871,3.244921922683716,1
09:32:22.983,3.4643406867980957,133.42420959472656,19.158140182495117,1.6490663290023804,-1.7463393211364746,-0.05177927762269974,1
09:32:23.001,4.572360515594482,136.89337158203125,18.843822479248047,2.2595670223236084,-1.1663635969161987,-1.242255687713623,1
09:32:23.021,5.435461521148682,133.7003173828125,19.195098876953125,0.03124050982296467,1.9166641235351562,-1.7306569814682007,1
09:32:23.025,0.22364208102226257,136.0941925048828,18.988643646240234,-0.8234584927558899,2.985041379928589,-2.3106327056884766,1
09:32:23.025,1.1795803308486938,135.08290100097656,19.121795654296875,-1.5255357027053833,-0.006412014830857515,1.3828954696655273,1
09:32:23.032,2.2001585960388184,135.99545288085938,19.062780380249023,-3.601238250732422,-0.006412014830857515,3.733323335647583,1
09:32:23.048,3.1415927410125732,134.52569580078125,19.24190902709961,-1.3118598461151123,-6.569292068481445,7.793153762817383,1
09:32:23.048,4.258797645568848,138.33212280273438,18.89385414123535,4.060544013977051,-4.249391078948975,-0.08230634033679962,1
09:32:23.079,5.271890640258789,138.33212280273438,18.924680709838867,6.777274131774902,-1.6242378950119019,-5.607336521148682,1
09:32:23.079,6.121641635894775,135.02633666992188,19.287561416625977,0.0007157073123380542,5.518618106842041,-5.759960174560547,1
09:32:23.079,0.9449797868728638,137.74835205078125,19.04662322998047,-4.639088153839111,6.739619255065918,-1.7306569814682007,1
09:32:23.088,1.8663171529769897,135.94139099121094,19.259077072143555,-4.394887447357178,0.08516239374876022,4.679596900939941,1
09:32:23.104,2.966428518295288,138.34999084472656,19.04930877685547,-1.6781597137451172,-4.340965747833252,5.931127071380615,1
09:32:23.122,3.862969398498535,135.87130737304688,19.328872680664062,3.388993740081787,-3.6388907432556152,-0.08230634033679962,1
09:32:23.149,4.9947967529296875,139.22210693359375,19.02457046508789,5.067871570587158,-1.471613883972168,-4.081084728240967,1
09:32:23.170,5.8807477951049805,136.37298583984375,19.34075355529785,0.0007157073123380542,3.046090841293335,-3.0432324409484863,1
09:32:23.170,0.7027854323387146,138.98345947265625,19.110637664794922,-3.3875622749328613,4.87759256362915,-1.486456274986267,1
09:32:23.170,1.6602165699005127,137.60801696777344,19.27910614013672,-2.380237102508545,-0.1285112202167511,2.3902230262756348,1
09:32:23.170,2.7603812217712402,139.8482208251953,19.085622787475586,-1.342384696006775,-2.9978652000427246,4.404873371124268,1
09:32:23.171,3.6457605361938477,136.8521728515625,19.41599464416504,1.8016948699951172,-1.9905377626419067,0.07031993567943573,1
09:32:23.192,4.801560401916504,140.89100646972656,19.042484283447266,3.816345453262329,-1.28846275806427,-2.799031972885132,1
09:32:23.213,5.675090789794922,137.3739013671875,19.424556732177734,0.0007157073123380542,1.7335152626037598,-1.7611818313598633,1
09:32:23.218,0.5031692385673523,140.1271514892578,19.179826736450195,-2.441286563873291,3.7786905765533447,-1.242255687713623,1
09:32:23.218,1.4605519771575928,138.45005798339844,19.37786102294922,-1.4339591264724731,0.14621199667453766,1.6270939111709595,1
09:32:23.222,2.5322625637054443,139.9019775390625,19.263139724731445,-1.3118598461151123,-1.8073889017105103,3.305971622467041,1
09:32:23.238,3.457697629928589,137.6209259033203,19.521629333496094,1.7711656093597412,-1.929488182067871,-0.17388074100017548,1
09:32:23.238,4.597626209259033,141.2124481201172,19.19293212890625,2.7174434661865234,-1.4105620384216309,-1.5475059747695923,1
09:32:23.256,5.503830432891846,138.2793731689453,19.515968322753906,0.061765313148498535,1.7029905319213867,-1.6390825510025024,1
09:32:23.283,0.316100150346756,140.3739776611328,19.33715057373047,-1.0676591396331787,3.1987149715423584,-1.7001322507858276,1
09:32:23.283,1.2782306671142578,138.77049255371094,19.527469635009766,-1.6476349830627441,0.11568719893693924,1.5660443305969238,1
09:32:23.283,2.378204345703125,141.06668090820312,19.328100204467773,-1.9528852701187134,-0.6169126033782959,2.5733718872070312,1
09:32:23.302,3.2980663776397705,138.35321044921875,19.629148483276367,1.7101160287857056,-1.9600129127502441,-0.05177927762269974,1
09:32:23.302,4.4402570724487305,141.9708251953125,19.297779083251953,2.3816661834716797,-2.0210626125335693,-0.3570295572280884,1
09:32:23.342,5.352950572967529,138.964111328125,19.627601623535156,0.0007157073123380542,1.7335152626037598,-1.822231411933899,1
09:32:23.343,0.18087458610534668,141.55010986328125,19.39927864074707,-0.36558419466018677,3.473442554473877,-2.890608549118042,1
09:32:23.348,1.1512718200683594,139.83236694335938,19.600393295288086,-1.4950109720230103,-0.006412014830857515,1.688148021697998,1
09:32:23.348,2.241253137588501,141.61195373535156,19.452407836914062,-2.9602105617523193,-0.1285112202167511,3.0922980308532715,1
09:32:23.350,3.2771801948547363,141.61195373535156,19.481542587280273,-1.0371344089508057,-7.088220596313477,8.159451484680176,1
09:32:23.366,4.30372428894043,142.83111572265625,19.390403747558594,3.5110929012298584,-3.7915146350860596,0.039795130491256714,1
09:32:23.384,5.350805282592773,142.83111572265625,19.418994903564453,7.326725006103516,-1.1053117513656616,-6.736763000488281,1
09:32:23.411,0.029271870851516724,141.55490112304688,19.57668685913086,-0.029809094965457916,6.495420932769775,-6.4315104484558105,1
09:32:23.426,1.0631071329116821,141.55490112304688,19.605796813964844,-6.043240547180176,7.746946811676025,-1.486456274986267,1
09:32:23.426,2.1056153774261475,142.0360107421875,19.58751106262207,-6.501114845275879,0.3293653428554535,6.327949523925781,1
09:32:23.426,3.1468210220336914,142.0360107421875,19.61648941040039,-1.4339591264724731,-6.111417770385742,7.518425941467285,1
09:32:23.427,4.19502067565918,143.54827880859375,19.495431900024414,6.258347988128662,-6.386143207550049,-0.05177927762269974,1
09:32:23.427,5.250174045562744,143.54827880859375,19.523725509643555,6.990947723388672,-1.4105620384216309,-5.882061958312988,1
09:32:23.448,6.153409957885742,140.38294982910156,19.869918823242188,0.0007157073123380542,6.34279203414917,-6.523087024688721,1
09:32:23.448,1.0214557647705078,143.36634826660156,19.599933624267578,-5.585363864898682,7.38064432144165,-1.5475059747695923,1
09:32:23.476,1.9231982231140137,140.29891967773438,19.936168670654297,-5.707463264465332,-0.006412014830857515,5.900598049163818,1
09:32:23.476,3.0610344409942627,142.96524047851562,19.698169708251953,-1.372909426689148,-5.8366923332214355,6.907925605773926,1
09:32:23.479,4.017554759979248,140.90333557128906,19.933841705322266,5.40364408493042,-5.592491626739502,0.07031993567943573,1
09:32:23.495,5.162664413452148,143.7041778564453,19.681983947753906,6.563595771789551,-1.257938027381897,-5.515759468078613,1
09:32:23.512,6.081061363220215,140.80519104003906,20.001205444335938,0.0007157073123380542,5.457568168640137,-5.363135814666748,1
09:32:23.512,0.9615742564201355,144.03366088867188,19.706546783447266,-5.1274895668029785,7.044871807098389,-1.455931544303894,1
09:32:23.552,1.9113870859146118,141.69366455078125,19.969532012939453,-5.219064235687256,0.054637592285871506,5.351151466369629,1
09:32:23.552,3.045621395111084,144.06097412109375,19.76085662841797,-1.556060552597046,-5.256716728210449,6.938450336456299,1
09:32:23.552,3.996572971343994,141.8092803955078,20.01487159729004,5.128921031951904,-5.4093427658081055,0.07031993567943573,1
09:32:23.559,5.179696083068848,145.3863983154297,19.68462562561035,6.685699462890625,-1.3189876079559326,-5.5462846755981445,1
09:32:23.559,6.038599491119385,141.0699005126953,20.145292282104492,-0.029809094965457916,5.3354692459106445,-5.424185276031494,1
09:32:23.577,0.9478991627693176,145.1405792236328,19.765867233276367,-5.432739734649658,6.9532928466796875,-1.3643571138381958,1
09:32:23.614,1.9260790348052979,143.2037811279297,19.98780632019043,-5.005388259887695,-0.06746162474155426,5.320626735687256,1
09:32:23.614,3.013918399810791,144.14324951171875,19.921812057495117,-1.4950109720230103,-5.226191520690918,6.999499797821045,1
09:32:23.614,3.9620919227600098,141.76156616210938,20.18885612487793,5.037346363067627,-5.043040752410889,-0.11283113807439804,1
09:32:23.623,5.168120384216309,146.09864807128906,19.782230377197266,6.594120502471924,-1.1968883275985718,-5.332611083984375,1
09:32:23.623,6.0553507804870605,142.20094299316406,20.20049476623535,0.03124050982296467,5.365993976593018,-5.363135814666748,1
09:32:23.675,0.9451079368591309,145.49688720703125,19.898334503173828,-5.310638427734375,6.9532928466796875,-1.5475059747695923,1
09:32:23.675,1.9283838272094727,143.61329650878906,20.11475944519043,-5.280113697052002,0.08516239374876022,5.290097236633301,1
09:32:23.682,3.0561530590057373,145.44281005859375,19.959178924560547,-1.4034342765808105,-5.531442165374756,7.121599197387695,1
09:32:23.682,4.0204668045043945,143.1485595703125,20.216901779174805,5.586797714233398,-5.714592933654785,-0.05177927762269974,1
09:32:23.682,5.19755220413208,146.46409606933594,19.91209602355957,6.716224193572998,-1.3800371885299683,-5.851534843444824,1
09:32:23.687,6.122036933898926,143.25608825683594,20.261014938354492,0.061765313148498535,5.884920120239258,-6.0346856117248535,1
09:32:23.687,1.0033783912658691,146.0925750732422,20.004417419433594,-5.799039840698242,7.441694259643555,-1.4254066944122314,1
09:32:23.704,1.9678165912628174,143.7432861328125,20.26732635498047,-6.134814739227295,-0.06746162474155426,6.083751201629639,1
09:32:23.745,3.12334942817688,146.2337646484375,20.04522705078125,-1.4339591264724731,-6.233517169952393,7.396327018737793,1
09:32:23.745,4.188790321350098,147.29330444335938,19.967552185058594,6.502546310424805,-6.782968044281006,0.039795130491256714,1
09:32:23.745,5.267407417297363,147.29330444335938,19.993865966796875,7.2656707763671875,-1.3189876079559326,-6.065210819244385,1
09:32:23.745,6.193788528442383,144.0164794921875,20.349380493164062,0.18386678397655487,6.9227681159973145,-7.042013168334961,1
09:32:23.751,1.0591179132461548,146.3570098876953,20.142086029052734,-6.165339469909668,8.0216703414917,-1.3643571138381958,1
09:32:23.794,2.1276252269744873,146.6003875732422,20.145212173461914,-5.371687889099121,0.2988405227661133,5.839548587799072,1
09:32:23.794,3.2057313919067383,146.6003875732422,20.172000885009766,-1.0981839895248413,-6.72191858291626,7.88472843170166,1
09:32:23.794,4.279913425445557,147.685302734375,20.091306686401367,3.9079198837280273,-4.524116516113281,0.10084474086761475,1
09:32:23.799,5.362682342529297,147.685302734375,20.11745262145996,7.662497520446777,-1.1358387470245361,-7.194639682769775,1
09:32:23.799,0.12309269607067108,148.18212890625,20.095460891723633,0.03124050982296467,3.7786905765533447,-3.8674089908599854,1
09:32:23.854,1.0799444913864136,145.01893615722656,20.43766212463379,-1.6171101331710815,0.054637592285871506,1.7186728715896606,1
09:32:23.854,2.222292423248291,147.23419189453125,20.243568420410156,-3.9370131492614746,-0.09798642247915268,3.733323335647583,1
09:32:23.882,3.198280096054077,144.6173858642578,20.53170394897461,1.954318881034851,-2.0515897274017334,0.13136954605579376,1
09:32:23.882,4.376438617706299,147.9973602294922,20.22120475769043,3.022696018218994,-2.9368133544921875,-0.02125447429716587,1
09:32:23.882,5.34194803237915,145.1150665283203,20.535470962524414,-0.30453458428382874,2.191391944885254,-2.066431999206543,1
09:32:23.883,0.2306612730026245,148.39024353027344,20.234970092773438,-0.15190830826759338,2.9545164108276367,-2.799031972885132,1
09:32:23.883,1.2164926528930664,145.73777770996094,20.526317596435547,-1.9834100008010864,0.054637592285871506,2.023920774459839,1
09:32:23.883,2.356175184249878,147.72860717773438,20.35415267944336,-2.502336263656616,-0.43376150727272034,3.0312483310699463,1
09:32:23.926,3.337467670440674,145.2248992919922,20.630874633789062,1.8322197198867798,-2.0821144580841064,-0.11283113807439804,1
09:32:23.927,4.556072235107422,149.82899475097656,20.197059631347656,2.564819574356079,-2.0210626125335693,-0.814906120300293,1
09:32:23.927,5.472214698791504,145.5419921875,20.651336669921875,-0.09085870534181595,1.8861392736434937,-2.1885313987731934,1
09:32:23.927,0.3646935820579529,148.636962890625,20.368560791015625,-1.4034342765808105,3.442917823791504,-2.096956968307495,1
09:32:23.943,1.3743515014648438,146.65054321289062,20.59317398071289,-1.7086845636367798,-0.006412014830857515,1.5660443305969238,1
09:32:23.944,2.5088608264923096,148.37770080566406,20.446714401245117,-1.9834100008010864,-1.654762625694275,3.305971622467041,1
09:32:23.983,3.4925131797790527,145.81234741210938,20.729503631591797,1.8932693004608154,-2.0210626125335693,0.039795130491256714,1
09:32:23.984,4.726924419403076,150.47900390625,22.659622192382812,2.0153684616088867,1.4587875604629517,-3.5011091232299805,2
09:32:23.984,6.1090803146362305,166.70480346679688,21.058849334716797,-1.4950109720230103,4.267092227935791,-2.890608549118042,2
09:32:23.984,1.4174222946166992,173.6236114501953,20.382509231567383,-1.8918356895446777,0.02411278896033764,1.8102473020553589,2
09:32:23.989,2.786083698272705,176.13037109375,20.144338607788086,0.03124050982296467,-1.471613883972168,1.3218458890914917,2
09:32:24.007,4.313601493835449,185.9789276123047,19.169113159179688,1.282768726348877,-1.5937130451202393,-0.02125447429716587,2
09:32:24.042,5.899511337280273,192.0675811767578,18.565828323364258,0.8248921632766724,0.3598901331424713,-1.3338322639465332,2
09:32:24.049,1.2482386827468872,201.3083038330078,17.643545150756836,-0.7013592720031738,0.6346133947372437,0.039795130491256714,2
09:32:24.049,2.7639026641845703,201.6352081298828,17.610088348388672,-0.1824331134557724,-0.1285112202167511,0.009270328097045422,2
09:32:24.049,4.224877834320068,201.09359741210938,17.66363525390625,0.061765313148498535,-0.036936819553375244,-0.02125447429716587,2
09:32:24.054,5.627588272094727,198.17518615722656,17.95532989501953,-0.09085870534181595,0.2072616070508957,-0.32650476694107056,2
09:32:24.071,0.6964820027351379,195.58436584472656,18.215909957885742,-0.33505937457084656,0.02411278896033764,0.039795130491256714,2
09:32:24.071,2.17097544670105,196.74688720703125,18.101388931274414,-0.15190830826759338,-0.06746162474155426,0.009270328097045422,2
09:32:24.112,3.4660441875457764,192.79888916015625,18.499755859375,0.18386678397655487,-0.49481111764907837,-0.05177927762269974,2
09:32:24.112,4.858545303344727,192.10226440429688,18.573183059692383,0.0007157073123380542,0.2377864122390747,-0.2654551565647125,2
09:32:24.112,6.223945617675781,190.73292541503906,18.714555740356445,-0.4266338050365448,0.45146453380584717,0.039795130491256714,2
09:32:24.118,1.321892261505127,191.85543823242188,18.607656478881836,-0.5792600512504578,0.14621199667453766,0.5892460942268372,2
09:32:24.118,2.6948888301849365,190.14710998535156,18.782913208007812,0.6112185716629028,-0.3421871066093445,0.4976716935634613,2
09:32:24.134,4.101065635681152,190.76858520507812,18.725431442260742,0.18386678397655487,-0.15903602540493011,-0.17388074100017548,2
09:32:24.178,5.52988338470459,191.54388427734375,18.65227508544922,0.03124050982296467,0.3293653428554535,-0.601230263710022,2
09:32:24.178,0.618685245513916,190.61326599121094,18.749801635742188,-0.670834481716156,0.45146453380584717,0.13136954605579376,2
09:32:24.178,2.1162848472595215,193.81130981445312,18.433488845825195,0.0007157073123380542,-0.1285112202167511,0.07031993567943573,2
09:32:24.178,3.443904161453247,191.0704345703125,18.71188735961914,0.33649080991744995,-0.5253381729125977,0.07031993567943573,2
09:32:24.182,4.888352394104004,192.62216186523438,18.560775756835938,0.7943673729896545,-0.1285112202167511,-0.5401806235313416,2
09:32:24.199,0.035198912024497986,193.10275268554688,18.516183853149414,-0.33505937457084656,0.2072616070508957,-0.11283113807439804,2
09:32:24.199,1.474409580230713,195.3525848388672,18.29520606994629,-0.1824331134557724,0.08516239374876022,-0.05177927762269974,2
09:32:24.232,2.808812141418457,192.17999267578125,18.615577697753906,-0.06033390015363693,-0.49481111764907837,0.16189435124397278,2
09:32:24.232,4.226857662200928,193.2549591064453,18.511903762817383,0.2449163943529129,-0.006412014830857515,-0.2044055461883545,2
09:32:24.233,5.652334213256836,192.83692932128906,18.557126998901367,0.03124050982296467,0.26831573247909546,-0.4180814325809479,2
09:32:24.246,0.7215179204940796,190.99383544921875,18.7454891204834,-0.6097848415374756,0.45146453380584717,0.10084474086761475,2
09:32:24.264,2.1511082649230957,190.92153930664062,18.756807327270508,-0.15190830826759338,-0.28113749623298645,0.25346875190734863,2
09:32:24.264,3.5754706859588623,193.01327514648438,18.551843643188477,0.4280652105808258,-0.6169126033782959,-0.02125447429716587,2
09:32:24.296,4.95944356918335,191.97291564941406,18.6596622467041,0.33649080991744995,0.08516239374876022,-0.601230263710022,2
09:32:24.296,0.1064075231552124,191.94461059570312,18.66620445251465,-0.3961089849472046,0.3598901331424713,-0.05177927762269974,2
09:32:24.296,1.5552330017089844,194.02810668945312,18.46154022216797,-0.4266338050365448,0.054637592285871506,0.22294394671916962,2
09:32:24.311,2.9193434715270996,192.1745147705078,18.650455474853516,0.2449163943529129,-0.3421871066093445,0.1924191415309906,2
09:32:24.311,4.360377311706543,193.16580200195312,18.554758071899414,0.15334197878837585,0.054637592285871506,-0.2349303513765335,2
09:32:24.330,5.731273651123047,191.5648193359375,18.718524932861328,0.03124050982296467,0.6956629753112793,-0.7233316898345947,2
09:32:24.330,0.840295135974884,191.353759765625,18.743972778320312,-0.670834481716156,0.5125141739845276,0.10084474086761475,2
09:32:24.365,2.2828571796417236,190.5010528564453,18.8321533203125,0.03124050982296467,-0.2200879007577896,0.07031993567943573,2
09:32:24.365,3.6873552799224854,192.9344024658203,18.59313201904297,0.30596598982810974,-0.4032367169857025,0.13136954605579376,2
09:32:24.365,5.126421928405762,193.7167205810547,18.518136978149414,0.061765313148498535,0.17673680186271667,-0.4486062228679657,2
09:32:24.375,0.20316769182682037,191.18917846679688,18.774606704711914,-0.48768338561058044,0.45146453380584717,0.07031993567943573,2
09:32:24.392,1.6850974559783936,194.60546875,18.436660766601562,-0.15190830826759338,-0.006412014830857515,-0.17388074100017548,2
09:32:24.392,3.0101447105407715,191.69248962402344,18.731639862060547,0.2143915891647339,-0.25061270594596863,0.28399354219436646,2
09:32:24.423,4.4489240646362305,192.4977264404297,18.654781341552734,0.2449163943529129,-0.006412014830857515,-0.14335595071315765,2
09:32:24.423,5.8427958488464355,192.11087036132812,18.697296142578125,0.03124050982296467,0.45146453380584717,-0.4791310429573059,2
09:32:24.423,0.9202435612678528,190.51437377929688,18.8614501953125,-0.884510338306427,0.6346133947372437,0.16189435124397278,2
09:32:24.439,2.3599741458892822,191.53704833984375,18.76276206970215,-0.09085870534181595,-0.28113749623298645,0.22294394671916962,2
09:32:24.439,3.77205491065979,191.85873413085938,18.734766006469727,0.5196396112442017,-0.3421871066093445,0.07031993567943573,2
09:32:24.456,5.193012237548828,192.58226013183594,18.666183471679688,-0.15190830826759338,0.11568719893693924,-0.29597994685173035,2
09:32:24.486,0.2837565541267395,190.80909729003906,18.847293853759766,-0.33505937457084656,0.3904149532318115,0.10084474086761475,2
09:32:24.486,1.7855504751205444,194.7989959716797,18.451826095581055,0.061765313148498535,-0.006412014830857515,-0.08230634033679962,2
09:32:24.486,3.1249818801879883,192.79571533203125,18.65574836730957,0.12281718105077744,-0.4032367169857025,0.16189435124397278,2
09:32:24.503,4.549020290374756,192.84999084472656,18.65388298034668,0.0007157073123380542,-0.036936819553375244,-0.14335595071315765,2
09:32:24.503,5.957028388977051,192.4022216796875,18.702392578125,-0.029809094965457916,0.3904149532318115,-0.32650476694107056,2
09:32:24.546,1.0665147304534912,192.47894287109375,18.698686599731445,-0.48768338561058044,-0.06746162474155426,0.1924191415309906,2
09:32:24.547,2.4503533840179443,190.923095703125,18.85823631286621,-0.06033390015363693,-0.3421871066093445,0.43662208318710327,2
09:32:24.548,3.8888206481933594,192.484619140625,18.70620346069336,0.3975403904914856,-0.31166231632232666,-0.08230634033679962,2
09:32:24.548,5.297031402587891,192.94410705566406,18.66410255432129,0.09229237586259842,0.3904149532318115,-0.601230263710022,2
09:32:24.552,0.42605939507484436,192.17364501953125,18.744836807250977,-0.36558419466018677,0.2988405227661133,0.10084474086761475,2
09:32:24.568,1.878002405166626,193.70982360839844,18.594655990600586,-0.029809094965457916,-0.15903602540493011,0.22294394671916962,2
09:32:24.568,3.2366812229156494,192.86331176757812,18.683399200439453,0.15334197878837585,-0.46428632736206055,0.10084474086761475,2
09:32:24.585,4.702357769012451,194.0819549560547,18.564870834350586,0.15334197878837585,0.11568719893693924,-0.14335595071315765,2
09:32:24.612,6.0492706298828125,191.7111053466797,18.80562973022461,-0.12138350307941437,0.5125141739845276,-0.2654551565647125,2
09:32:24.612,1.1908808946609497,194.47528076171875,18.533620834350586,-1.1592358350753784,0.3598901331424713,0.16189435124397278,2
09:32:24.612,2.5698020458221436,191.5701446533203,18.827415466308594,0.09229237586259842,-0.49481111764907837,0.4976716935634613,2
09:32:24.617,4.003305912017822,192.5425262451172,18.734102249145508,0.2143915891647339,-0.2200879007577896,-0.14335595071315765,2
09:32:24.633,5.433992862701416,192.62240600585938,18.729290008544922,-0.21295791864395142,0.42093974351882935,-0.4180814325809479,2
09:32:24.651,0.5176374316215515,191.4729461669922,18.848100662231445,-0.4571585953235626,0.3293653428554535,0.28399354219436646,2
09:32:24.678,1.9763133525848389,193.52427673339844,18.646501541137695,0.09229237586259842,-0.15903602540493011,0.1924191415309906,2
09:32:24.680,3.3503451347351074,191.91156005859375,18.81165885925293,0.4280652105808258,-0.43376150727272034,0.07031993567943573,2
09:32:24.680,4.74422025680542,191.84317016601562,18.822494506835938,0.09229237586259842,0.02411278896033764,-0.29597994685173035,2
09:32:24.680,6.172887802124023,192.4594268798828,18.764724731445312,-0.48768338561058044,0.3904149532318115,-0.17388074100017548,2
09:32:24.698,1.3092881441116333,193.8335723876953,18.631587982177734,-0.3961089849472046,0.08516239374876022,0.28399354219436646,2
09:32:24.698,2.701402187347412,192.29876708984375,18.788488388061523,0.4280652105808258,-0.2200879007577896,0.07031993567943573,2
09:32:24.715,4.099037170410156,192.15283203125,18.806976318359375,0.09229237586259842,0.054637592285871506,-0.2349303513765335,2
09:32:24.743,5.533442497253418,192.70315551757812,18.755599975585938,-0.1824331134557724,0.3293653428554535,-0.3570295572280884,2
09:32:24.743,0.6049784421920776,191.0052490234375,18.929367065429688,-0.7318840622901917,0.604088544845581,0.16189435124397278,2
09:32:24.743,2.0970849990844727,193.9834747314453,18.634967803955078,-0.029809094965457916,-0.25061270594596863,0.16189435124397278,2
09:32:24.763,3.466353416442871,193.13063049316406,18.724374771118164,0.2754411995410919,-0.49481111764907837,0.039795130491256714,2
09:32:24.763,4.904704570770264,193.59852600097656,18.680891036987305,0.09229237586259842,0.08516239374876022,-0.14335595071315765,2
09:32:24.808,0.014910555444657803,192.97900390625,18.746295928955078,-0.30453458428382874,0.2988405227661133,0.039795130491256714,2
09:32:24.808,1.4544799327850342,194.81565856933594,18.566518783569336,-0.5487352609634399,0.054637592285871506,0.28399354219436646,2
09:32:24.810,2.83113694190979,192.79580688476562,18.77159309387207,0.15334197878837585,-0.1285112202167511,0.3755679726600647,2
09:32:24.810,4.254091739654541,193.1448974609375,18.740116119384766,0.2143915891647339,-0.09798642247915268,-0.3570295572280884,2
09:32:24.810,5.669552803039551,193.07208251953125,18.750802993774414,0.03124050982296467,0.4819893538951874,-0.4180814325809479,2
09:32:24.827,0.7408382296562195,191.28065490722656,18.933883666992188,-0.7929337024688721,0.42093974351882935,0.13136954605579376,2
09:32:24.827,2.2163476943969727,192.2832794189453,18.836559295654297,0.0007157073123380542,-0.15903602540493011,0.25346875190734863,2
09:32:24.844,3.5717713832855225,191.6779022216797,18.901081085205078,0.4280652105808258,-0.6169126033782959,0.009270328097045422,2
09:32:24.872,5.017949104309082,193.23960876464844,18.74859046936035,0.2449163943529129,0.14621199667453766,-0.4180814325809479,2
09:32:24.872,0.13845394551753998,191.3114776611328,18.944644927978516,-0.4266338050365448,0.3904149532318115,0.10084474086761475,2
09:32:24.872,1.6289958953857422,196.01174926757812,18.478023529052734,-0.1824331134557724,-0.006412014830857515,0.009270328097045422,2
09:32:24.893,2.9766032695770264,193.3660888671875,18.74540138244629,0.0007157073123380542,-0.31166231632232666,0.3755679726600647,2
09:32:24.893,4.433323860168457,194.68130493164062,18.616819381713867,0.12281718105077744,-0.2200879007577896,-0.3570295572280884,2
09:32:24.920,5.858524799346924,194.2958984375,18.658119201660156,-0.06033390015363693,0.26831573247909546,-0.4180814325809479,2
09:32:24.920,0.938980758190155,192.56344604492188,18.834802627563477,-0.5487352609634399,0.3293653428554535,0.13136954605579376,2
09:32:24.920,2.356940984725952,192.62847900390625,18.83154296875,-0.12138350307941437,-0.31166231632232666,0.28399354219436646,2
09:32:24.939,3.8096375465393066,194.31002807617188,18.666654586791992,0.15334197878837585,-0.1285112202167511,-0.11283113807439804,2
09:32:24.939,5.196976661682129,194.44113159179688,18.656925201416016,0.2754411995410919,0.2988405227661133,-0.6928068995475769,2
09:32:24.985,0.34597012400627136,193.228759765625,18.78108024597168,-0.670834481716156,0.3598901331424713,0.07031993567943573,2
09:32:24.985,1.8179891109466553,195.35140991210938,18.571590423583984,0.18386678397655487,0.054637592285871506,0.16189435124397278,2
09:32:24.992,3.204866886138916,194.9678192138672,18.612903594970703,0.0007157073123380542,-0.31166231632232666,0.07031993567943573,2
09:32:24.992,4.656064987182617,195.08799743652344,18.603317260742188,0.0007157073123380542,-0.09798642247915268,-0.3570295572280884,2
09:32:24.993,6.017622947692871,192.67652893066406,18.84759521484375,0.0007157073123380542,0.7567125558853149,-0.6317550539970398,2
09:32:25.004,1.2102898359298706,196.28578186035156,18.489925384521484,-0.33505937457084656,0.11568719893693924,0.22294394671916962,2
09:32:25.021,2.552684783935547,192.020263671875,18.91903305053711,0.09229237586259842,-0.46428632736206055,0.40609729290008545,2
09:32:25.046,3.999837636947632,193.8218536376953,18.742292404174805,0.2449163943529129,-0.2200879007577896,0.009270328097045422,2
09:32:25.048,5.420435905456543,193.37713623046875,18.789588928222656,0.2143915891647339,0.4819893538951874,-0.5096558332443237,2
09:32:25.048,0.5090926289558411,192.1007537841797,18.920806884765625,-0.6403096914291382,0.5735637545585632,0.13136954605579376,2
09:32:25.052,2.027007818222046,195.69688415527344,18.563922882080078,-0.5792600512504578,-0.46428632736206055,0.009270328097045422,2
09:32:25.068,3.3974785804748535,194.29769897460938,18.706993103027344,0.15334197878837585,-0.4032367169857025,-0.05177927762269974,2
09:32:25.069,4.809850692749023,193.74282836914062,18.765438079833984,0.2754411995410919,0.17673680186271667,-0.2349303513765335,2
09:32:25.086,6.234772205352783,193.99815368652344,18.742931365966797,-0.33505937457084656,0.17673680186271667,-0.02125447429716587,2
09:32:25.112,1.3630473613739014,194.35047912597656,18.711414337158203,-0.3961089849472046,0.2377864122390747,0.31451836228370667,2
09:32:25.112,2.754042625427246,192.83506774902344,18.866119384765625,-0.09085870534181595,-0.3421871066093445,0.40609729290008545,2
09:32:25.112,4.170139789581299,193.97512817382812,18.755491256713867,0.3975403904914856,-0.06746162474155426,-0.32650476694107056,2
09:32:25.117,5.627683162689209,194.494140625,18.706544876098633,-0.12138350307941437,0.3904149532318115,-0.38755661249160767,2
09:32:25.133,0.6940946578979492,191.92205810546875,18.967180252075195,-0.7624089121818542,0.5430389642715454,0.13136954605579376,2
09:32:25.150,2.200880765914917,193.0221710205078,18.859586715698242,-0.029809094965457916,-0.09798642247915268,0.07031993567943573,2
09:32:25.174,3.5840747356414795,194.28482055664062,18.73662567138672,0.2143915891647339,-0.28113749623298645,-0.02125447429716587,2
09:32:25.175,5.000417709350586,194.04498291015625,18.763519287109375,-0.06033390015363693,0.17673680186271667,-0.2654551565647125,2
09:32:25.175,0.12600569427013397,193.0010986328125,18.87102699279785,-0.4266338050365448,0.3598901331424713,0.07031993567943573,2
09:32:25.182,1.557106375694275,194.0262908935547,18.771804809570312,-0.3961089849472046,0.08516239374876022,0.039795130491256714,2
09:32:25.198,2.9201207160949707,192.16648864746094,18.96134376525879,-0.029809094965457916,-0.5863878130912781,0.43662208318710327,2
09:32:25.198,4.370741367340088,193.03567504882812,18.87763023376465,0.18386678397655487,0.054637592285871506,-0.4180814325809479,2
09:32:25.215,5.808338165283203,194.23236083984375,18.76120948791504,0.2143915891647339,0.2988405227661133,-0.4791310429573059,2
09:32:25.242,0.9241529107093811,193.37472534179688,18.850189208984375,-0.3961089849472046,0.02411278896033764,0.16189435124397278,2
09:32:25.242,2.3330800533294678,192.36033630371094,18.954408645629883,-0.15190830826759338,-0.3727118968963623,0.13136954605579376,2
09:32:25.242,3.7735557556152344,194.10830688476562,18.783058166503906,0.33649080991744995,-0.31166231632232666,0.039795130491256714,2
09:32:25.262,5.232609272003174,195.2159881591797,18.674850463867188,0.09229237586259842,0.2072616070508957,-0.2044055461883545,2
09:32:25.262,0.26241689920425415,191.64100646972656,19.03600311279297,-0.6403096914291382,0.4819893538951874,-0.02125447429716587,2
09:32:25.280,1.767065167427063,195.31910705566406,18.67138671875,0.3670156002044678,-0.036936819553375244,0.1924191415309906,2
09:32:25.280,3.110856771469116,193.87179565429688,18.819419860839844,0.30596598982810974,-0.7084869742393494,0.25346875190734863,2
09:32:25.305,4.60076379776001,195.35140991210938,18.674318313598633,0.0007157073123380542,-0.09798642247915268,-0.08230634033679962,2
09:32:25.305,5.996563911437988,194.0579833984375,18.80634880065918,-0.33505937457084656,0.3293653428554535,-0.05177927762269974,2
09:32:25.310,1.1143429279327393,194.90966796875,18.72465705871582,-0.4571585953235626,0.17673680186271667,0.3450431525707245,2
09:32:25.327,2.52489972114563,193.288330078125,18.889572143554688,0.0007157073123380542,-0.25061270594596863,0.28399354219436646,2
09:32:25.327,3.9435009956359863,193.27720642089844,18.894031524658203,0.2143915891647339,-0.06746162474155426,-0.2349303513765335,2
09:32:25.344,5.344427108764648,193.33790588378906,18.891584396362305,0.061765313148498535,0.45146453380584717,-0.5096558332443237,2
09:32:25.368,0.4497445821762085,192.0710906982422,19.02181625366211,-0.7318840622901917,0.604088544845581,0.1924191415309906,2
09:32:25.368,1.9444042444229126,194.9318389892578,18.738826751708984,0.061765313148498535,-0.1285112202167511,0.039795130491256714,2
09:32:25.376,3.316979169845581,193.04388427734375,18.930788040161133,0.2143915891647339,-0.31166231632232666,0.16189435124397278,2
09:32:25.393,4.758205413818359,194.33609008789062,18.804800033569336,0.09229237586259842,-0.1285112202167511,-0.3570295572280884,2
09:32:25.413,6.166781902313232,193.56703186035156,18.884824752807617,-0.30453458428382874,0.3598901331424713,-0.11283113807439804,2
09:32:25.424,1.3181570768356323,195.44200134277344,18.70073890686035,-0.4266338050365448,0.11568719893693924,0.3450431525707245,2
09:32:25.424,2.693420886993408,192.63177490234375,18.984661102294922,0.0007157073123380542,-0.5253381729125977,0.4976716935634613,2
09:32:25.424,4.152213096618652,194.3069610595703,18.820222854614258,0.2449163943529129,-0.036936819553375244,-0.4180814325809479,2
09:32:25.439,5.578365802764893,194.50733947753906,18.802879333496094,0.09229237586259842,0.45146453380584717,-0.4486062228679657,2
09:32:25.439,0.6419626474380493,191.95494079589844,19.06147575378418,-0.7929337024688721,0.5735637545585632,0.10084474086761475,2
09:32:25.457,2.159816265106201,194.14012145996094,18.845380783081055,-0.09085870534181595,-0.1285112202167511,0.1924191415309906,2
09:32:25.479,3.541248083114624,193.96170043945312,18.866201400756836,0.2754411995410919,-0.28113749623298645,0.16189435124397278,2
09:32:25.479,4.970747947692871,194.24374389648438,18.840957641601562,0.061765313148498535,0.17673680186271667,-0.2044055461883545,2
09:32:25.479,0.09123826771974564,192.53358459472656,19.014856338500977,-0.21295791864395142,0.2072616070508957,0.10084474086761475,2
09:32:25.487,1.5574690103530884,195.69845581054688,18.7015438079834,-0.2434849739074707,0.11568719893693924,0.039795130491256714,2
09:32:25.503,2.9156601428985596,193.2191925048828,18.95233154296875,0.061765313148498535,-0.46428632736206055,0.16189435124397278,2
09:32:25.520,4.343339443206787,194.45401000976562,18.83229637145996,0.3975403904914856,-0.2200879007577896,-0.4791310429573059,2
09:32:25.521,5.799157619476318,194.89613342285156,18.790719985961914,0.09229237586259842,0.4819893538951874,-0.5096558332443237,2
09:32:25.541,0.8654412031173706,192.50201416015625,19.03339385986328,-1.2508102655410767,0.9093410968780518,0.07031993567943573,2
09:32:25.541,2.362334728240967,194.77853393554688,18.8073787689209,-0.33505937457084656,-0.2200879007577896,0.25346875190734863,2
09:32:25.552,3.792665958404541,195.24325561523438,18.763479232788086,0.2754411995410919,-0.4032367169857025,0.009270328097045422,2
09:32:25.568,5.245665073394775,195.9355926513672,18.696386337280273,-0.029809094965457916,0.11568719893693924,-0.2654551565647125,2
09:32:25.568,0.3316768407821655,193.6370849609375,18.928857803344727,-0.5182082056999207,0.42093974351882935,0.16189435124397278,2
09:32:25.585,1.7656300067901611,194.51846313476562,18.84366798400879,-0.5792600512504578,0.08516239374876022,0.3450431525707245,2
09:32:25.605,3.182816982269287,195.4658660888672,18.752002716064453,0.30596598982810974,-0.5558629631996155,0.3755679726600647,2
09:32:25.605,4.619350910186768,194.37770080566406,18.863248825073242,0.3975403904914856,0.08516239374876022,-0.32650476694107056,2
09:32:25.617,6.059502601623535,195.17822265625,18.785778045654297,0.061765313148498535,0.2988405227661133,-0.29597994685173035,2
09:32:25.617,1.2296266555786133,196.75552368164062,18.63058853149414,-0.3961089849472046,0.08516239374876022,0.16189435124397278,2
09:32:25.633,2.622424602508545,194.33900451660156,18.874290466308594,-0.09085870534181595,-0.43376150727272034,0.3450431525707245,2
09:32:25.650,4.083240032196045,195.71202087402344,18.73937225341797,0.2143915891647339,-0.06746162474155426,-0.2044055461883545,2
09:32:25.673,5.482036113739014,193.8081512451172,18.931983947753906,-0.48768338561058044,0.3904149532318115,-0.5707054734230042,2
09:32:25.674,0.5996847152709961,193.93589782714844,18.922298431396484,-0.5792600512504578,0.5125141739845276,0.10084474086761475,2
09:32:25.675,2.116910696029663,197.0346221923828,18.61432456970215,0.061765313148498535,-0.25061270594596863,0.1924191415309906,2
09:32:25.681,3.4698166847229004,195.1861114501953,18.802204132080078,0.5806937217712402,-0.6169126033782959,0.10084474086761475,2
09:32:25.698,4.931787014007568,196.07781982421875,18.715194702148438,0.061765313148498535,-0.036936819553375244,-0.2044055461883545,2
09:32:25.698,0.04011141508817673,193.50718688964844,18.974811553955078,-0.21295791864395142,0.3904149532318115,-0.02125447429716587,2
09:32:25.715,1.5216211080551147,197.19361877441406,18.608753204345703,-0.09085870534181595,0.11568719893693924,0.039795130491256714,2
09:32:25.745,2.8916075229644775,194.39894104003906,18.89038848876953,-0.09085870534181595,-0.28113749623298645,0.16189435124397278,2
09:32:25.745,4.322718143463135,194.34994506835938,18.897785186767578,0.12281718105077744,-0.18956083059310913,-0.17388074100017548,2
09:32:25.745,5.74363899230957,194.8059539794922,18.854934692382812,0.061765313148498535,0.3293653428554535,-0.4180814325809479,2
09:32:25.762,0.8232752680778503,192.745849609375,19.064199447631836,-0.8234584927558899,0.6651381850242615,0.009270328097045422,2
09:32:25.762,2.2917838096618652,193.60118103027344,18.9812068939209,-0.12138350307941437,-0.28113749623298645,0.31451836228370667,2
09:32:25.779,3.711599349975586,194.3173065185547,18.91265296936035,0.33649080991744995,-0.5863878130912781,0.009270328097045422,2
09:32:25.798,5.153738021850586,194.86659240722656,18.860361099243164,0.09229237586259842,0.14621199667453766,-0.3570295572280884,2
09:32:25.807,0.26401352882385254,193.05221557617188,19.044239044189453,-0.7013592720031738,0.4819893538951874,0.10084474086761475,2
09:32:25.807,1.7764806747436523,196.9770965576172,18.654211044311523,-0.06033390015363693,-0.06746162474155426,-0.17388074100017548,2
09:32:25.811,3.1307213306427,195.04356384277344,18.850120544433594,0.3670156002044678,-0.3421871066093445,0.22294394671916962,2
09:32:25.827,4.57450008392334,195.11685180664062,18.84521484375,0.33649080991744995,0.02411278896033764,-0.2349303513765335,2
09:32:25.827,5.995026111602783,194.64537048339844,18.894947052001953,-0.029809094965457916,0.5430389642715454,-0.2654551565647125,2
09:32:25.844,1.130921483039856,195.2380828857422,18.838544845581055,-0.4266338050365448,0.17673680186271667,0.1924191415309906,2
09:32:25.880,2.537749767303467,193.54302978515625,19.010732650756836,-0.1824331134557724,-0.49481111764907837,0.22294394671916962,2
09:32:25.880,4.007933139801025,195.4546356201172,18.822233200073242,0.2754411995410919,0.054637592285871506,-0.32650476694107056,2
09:32:25.880,5.435611248016357,195.78094482421875,18.79198455810547,-0.06033390015363693,0.26831573247909546,-0.5707054734230042,2
09:32:25.880,0.5600870251655579,194.44522094726562,18.927921295166016,-0.36558419466018677,0.054637592285871506,0.039795130491256714,2
09:32:25.912,2.038699150085449,196.2292938232422,18.75166130065918,0.03124050982296467,-0.5558629631996155,0.1924191415309906,2
09:32:25.914,3.408121109008789,194.65660095214844,18.911893844604492,0.4280652105808258,-0.5558629631996155,-0.02125447429716587,2
09:32:25.914,4.869485378265381,195.6265869140625,18.81732940673828,0.061765313148498535,0.2072616070508957,-0.2654551565647125,2
09:32:25.924,6.244067192077637,193.95526123046875,18.98723602294922,-0.36558419466018677,0.42093974351882935,-0.05177927762269974,2
09:32:25.940,1.4228464365005493,196.21177673339844,18.76483154296875,-0.3961089849472046,0.054637592285871506,0.25346875190734863,2
09:32:25.940,2.778904676437378,193.23899841308594,19.064706802368164,0.15334197878837585,-0.5558629631996155,0.5892460942268372,2
09:32:25.958,4.261267185211182,196.599609375,18.73138999938965,0.2754411995410919,-0.036936819553375244,-0.2044055461883545,2
09:32:25.979,5.6785888671875,194.64334106445312,18.92909049987793,0.03124050982296467,0.45146453380584717,-0.5401806235313416,2
09:32:25.980,0.7807271480560303,193.52796936035156,19.04359245300293,-0.7318840622901917,0.4819893538951874,0.22294394671916962,2
09:32:25.981,2.2515783309936523,194.42752075195312,18.955745697021484,0.12281718105077744,-0.25061270594596863,0.13136954605579376,2
09:32:25.988,3.648754119873047,194.17221069335938,18.984130859375,0.30596598982810974,-0.4032367169857025,-0.02125447429716587,2
09:32:26.005,5.063522815704346,193.95272827148438,19.009063720703125,0.061765313148498535,0.11568719893693924,-0.38755661249160767,2
09:32:26.022,0.20588034391403198,193.35751342773438,19.071243286132812,-0.6403096914291382,0.3293653428554535,0.07031993567943573,2
09:32:26.022,1.6693559885025024,195.83486938476562,18.82632827758789,-0.33505937457084656,0.11568719893693924,0.10084474086761475,2
09:32:26.090,3.063981771469116,194.3006591796875,18.982393264770508,0.03124050982296467,-0.3421871066093445,0.009270328097045422,2
09:32:26.090,4.493183612823486,194.9977264404297,18.915496826171875,0.30596598982810974,-0.09798642247915268,-0.32650476694107056,2
09:32:26.090,5.921849250793457,194.5291290283203,18.964946746826172,0.03124050982296467,0.3598901331424713,-0.29597994685173035,2
09:32:26.090,1.030861735343933,196.03269958496094,18.817758560180664,-0.670834481716156,0.3293653428554535,0.22294394671916962,2
09:32:26.091,2.46720814704895,193.78286743164062,19.044992446899414,-0.029809094965457916,-0.43376150727272034,0.3755679726600647,2
09:32:26.091,3.921496868133545,195.25860595703125,18.900131225585938,0.3975403904914856,-0.25061270594596863,-0.05177927762269974,2
09:32:26.091,5.363924026489258,195.7911376953125,18.84908676147461,0.15334197878837585,0.3598901331424713,-0.5096558332443237,2
09:32:26.168,0.4572169780731201,193.5030975341797,19.08035659790039,-0.6403096914291382,0.45146453380584717,0.13136954605579376,2
09:32:26.168,1.9848496913909912,197.2008819580078,18.71257781982422,0.2449163943529129,-0.2200879007577896,0.07031993567943573,2
09:32:26.168,3.3619329929351807,195.3205108642578,18.902923583984375,0.15334197878837585,-0.3421871066093445,0.13136954605579376,2
09:32:26.168,4.793294906616211,195.35809326171875,18.90153694152832,0.2449163943529129,0.08516239374876022,-0.2654551565647125,2
09:32:26.169,6.221162796020508,195.29852294921875,18.909860610961914,-0.4266338050365448,0.26831573247909546,-0.02125447429716587,2
09:32:26.169,1.374758005142212,196.3886260986328,18.803611755371094,-0.36558419466018677,0.17673680186271667,0.22294394671916962,2
09:32:26.169,2.764756679534912,194.44761657714844,19.000022888183594,-0.029809094965457916,-0.18956083059310913,0.3755679726600647,2
09:32:26.169,4.182916164398193,195.6995849609375,18.877805709838867,0.7333177328109741,-0.46428632736206055,-0.2349303513765335,2
09:32:26.212,5.665205478668213,196.22268676757812,18.827558517456055,0.2449163943529129,0.4819893538951874,-0.4180814325809479,2
09:32:26.212,0.7305929064750671,193.2286376953125,19.129627227783203,-1.128708839416504,0.8788163065910339,0.1924191415309906,2
09:32:26.212,2.2557733058929443,195.65480041503906,18.88829231262207,-0.09085870534181595,-0.06746162474155426,0.13136954605579376,2
09:32:26.213,3.6646533012390137,195.8970489501953,18.866209030151367,0.18386678397655487,-0.5253381729125977,-0.05177927762269974,2
09:32:26.257,5.118743896484375,196.49635314941406,18.808155059814453,0.12281718105077744,0.2377864122390747,-0.2654551565647125,2
09:32:26.257,0.22531640529632568,194.35194396972656,19.024621963500977,-0.6097848415374756,0.2377864122390747,0.07031993567943573,2
09:32:26.257,1.6690845489501953,195.4613800048828,18.916229248046875,-0.5487352609634399,0.17673680186271667,0.40609729290008545,2
09:32:26.257,3.063558578491211,194.3079833984375,19.034221649169922,-0.029809094965457916,-0.6169126033782959,0.5281965136528015,2
09:32:26.257,4.528941631317139,195.0817108154297,18.95861053466797,0.3975403904914856,-0.06746162474155426,-0.4180814325809479,2
09:32:26.275,5.992486000061035,196.57473754882812,18.811399459838867,-0.06033390015363693,0.2377864122390747,-0.32650476694107056,2
09:32:26.320,1.1300803422927856,197.3870849609375,18.732303619384766,-0.5182082056999207,0.17673680186271667,0.16189435124397278,2
09:32:26.320,2.552293300628662,195.2620849609375,18.946481704711914,-0.12138350307941437,-0.49481111764907837,0.28399354219436646,2
09:32:26.320,4.011943340301514,196.4803009033203,18.826690673828125,0.15334197878837585,-0.1285112202167511,-0.2654551565647125,2
09:32:26.320,5.422313213348389,194.7677459716797,18.999826431274414,-0.09085870534181595,0.3598901331424713,-0.6622798442840576,2
09:32:26.320,0.5554834604263306,194.99278259277344,18.979934692382812,-0.6097848415374756,0.45146453380584717,0.009270328097045422,2
09:32:26.338,2.078221559524536,198.09181213378906,18.671403884887695,0.03124050982296467,-0.09798642247915268,0.13136954605579376,2
09:32:26.387,3.4278180599212646,195.89016723632812,18.894147872924805,0.33649080991744995,-0.46428632736206055,0.16189435124397278,2
09:32:26.387,4.9046454429626465,196.9870147705078,18.7862491607666,0.15334197878837585,0.054637592285871506,-0.2654551565647125,2
09:32:26.387,0.006361659150570631,195.3679962158203,18.950286865234375,-0.3961089849472046,0.3904149532318115,-0.05177927762269974,2
09:32:26.387,1.5018590688705444,198.18833923339844,18.670583724975586,-0.2434849739074707,-0.006412014830857515,0.07031993567943573,2
09:32:26.387,2.8619837760925293,195.1205596923828,18.97910499572754,0.03124050982296467,-0.28113749623298645,0.25346875190734863,2
09:32:26.435,4.319521903991699,195.6689453125,18.92620849609375,0.2754411995410919,-0.09798642247915268,-0.11283113807439804,2
09:32:26.435,5.7383036613464355,195.53561401367188,18.94171142578125,-0.029809094965457916,0.42093974351882935,-0.3570295572280884,2
09:32:26.437,0.8398013710975647,193.85484313964844,19.112524032592773,-0.6097848415374756,0.604088544845581,0.22294394671916962,2
09:32:26.437,2.3012471199035645,194.58612060546875,19.041507720947266,-0.21295791864395142,-0.3421871066093445,0.25346875190734863,2
09:32:26.437,3.7169504165649414,194.75819396972656,19.026994705200195,0.45859000086784363,-0.6169126033782959,-0.14335595071315765,2
09:32:26.447,5.174953460693359,195.5902099609375,18.946128845214844,0.09229237586259842,0.3293653428554535,-0.2044055461883545,2
09:32:26.447,0.27996617555618286,193.7881317138672,19.128400802612305,-0.5487352609634399,0.4819893538951874,-0.05177927762269974,2
09:32:26.500,1.8066415786743164,197.937744140625,18.71539878845215,0.061765313148498535,0.11568719893693924,0.039795130491256714,2
09:32:26.501,3.1719820499420166,195.9477081298828,18.91644859313965,0.2449163943529129,-0.46428632736206055,-0.05177927762269974,2
09:32:26.501,4.61929988861084,195.8587188720703,18.927391052246094,0.2754411995410919,0.14621199667453766,-0.4180814325809479,2
09:32:26.501,6.05295991897583,195.6721649169922,18.948183059692383,-0.15190830826759338,0.3293653428554535,-0.29597994685173035,2
09:32:26.502,1.2009820938110352,196.1033172607422,18.9073543548584,-0.7318840622901917,-0.036936819553375244,0.25346875190734863,2
09:32:26.511,2.591808795928955,194.1353759765625,19.106401443481445,-0.06033390015363693,-0.46428632736206055,0.5587213039398193,2
09:32:26.528,4.066029071807861,196.02728271484375,18.919567108154297,0.2449163943529129,-0.2200879007577896,-0.29597994685173035,2
09:32:26.562,5.504889011383057,196.3908233642578,18.885251998901367,0.0007157073123380542,0.2988405227661133,-0.5401806235313416,2
09:32:26.564,0.6453481912612915,195.5140380859375,18.974985122680664,-0.36558419466018677,-0.036936819553375244,0.25346875190734863,2
09:32:26.564,2.1233627796173096,197.0325469970703,18.8248233795166,0.0007157073123380542,-0.036936819553375244,0.1924191415309906,2
09:32:26.564,3.508493661880493,195.64288330078125,18.96645164489746,0.30596598982810974,-0.3421871066093445,0.009270328097045422,2
09:32:26.574,4.97695255279541,196.77325439453125,18.855234146118164,0.0007157073123380542,0.14621199667453766,-0.2654551565647125,2
09:32:26.591,0.06126317009329796,193.54978942871094,19.180051803588867,-0.2740097641944885,0.3904149532318115,0.009270328097045422,2
09:32:26.592,1.5515575408935547,197.2192840576172,18.815595626831055,-0.4266338050365448,0.2377864122390747,0.16189435124397278,2
09:32:26.628,2.9119629859924316,194.4413604736328,19.09555435180664,-0.029809094965457916,-0.739011824131012,0.31451836228370667,2
09:32:26.628,4.410948276519775,197.1895751953125,18.822660446166992,0.03124050982296467,-0.1285112202167511,-0.17388074100017548,2
09:32:26.628,5.813467502593994,195.5447998046875,18.988868713378906,-0.06033390015363693,0.2377864122390747,-0.5096558332443237,2
09:32:26.638,0.9325059056282043,194.5182647705078,19.094100952148438,-0.6097848415374756,0.3598901331424713,0.1924191415309906,2
09:32:26.638,2.3854639530181885,195.04942321777344,19.042797088623047,-0.06033390015363693,-0.3421871066093445,0.28399354219436646,2
09:32:26.690,3.809427261352539,194.9766845703125,19.052520751953125,0.30596598982810974,-0.43376150727272034,-0.11283113807439804,2
09:32:26.697,5.232681751251221,195.4691162109375,19.005891799926758,0.12281718105077744,0.3904149532318115,-0.3570295572280884,2
09:32:26.697,0.35835933685302734,193.89955139160156,19.165294647216797,-0.5792600512504578,0.5430389642715454,0.10084474086761475,2
09:32:26.697,1.8652520179748535,197.13819885253906,18.843589782714844,-0.06033390015363693,0.02411278896033764,-0.05177927762269974,2
09:32:26.697,3.246997117996216,194.91970825195312,19.06761932373047,0.09229237586259842,-0.28113749623298645,0.039795130491256714,2
09:32:26.702,4.689629077911377,195.7054443359375,18.991430282592773,0.2143915891647339,0.02411278896033764,-0.2654551565647125,2
09:32:26.719,6.1115522384643555,195.39828491210938,19.024398803710938,-0.48768338561058044,0.2988405227661133,-0.02125447429716587,2
09:32:26.751,1.267986536026001,196.58547973632812,18.908403396606445,-0.48768338561058044,0.2377864122390747,0.28399354219436646,2
09:32:26.751,2.65458083152771,194.20973205566406,19.14810562133789,-0.12138350307941437,-0.4032367169857025,0.4671469032764435,2
09:32:26.751,4.116785049438477,195.77197265625,18.994245529174805,0.2449163943529129,-0.06746162474155426,-0.32650476694107056,2
09:32:26.751,5.5734333992004395,196.1204071044922,18.961244583129883,-0.029809094965457916,0.5735637545585632,-0.4486062228679657,2
09:32:26.765,0.6647825241088867,194.0974884033203,19.16599464416504,-0.7318840622901917,0.6651381850242615,0.16189435124397278,2
09:32:26.817,2.18000864982605,195.74093627929688,19.003236770629883,0.0007157073123380542,0.054637592285871506,0.31451836228370667,2
09:32:26.817,3.578409194946289,196.15863037109375,18.963533401489258,0.3975403904914856,-0.4032367169857025,0.009270328097045422,2
09:32:26.819,5.017343997955322,195.88656616210938,18.99275016784668,0.15334197878837585,0.14621199667453766,-0.2349303513765335,2
09:32:26.819,0.1563045084476471,194.62181091308594,19.12115478515625,-0.4571585953235626,0.2988405227661133,-0.02125447429716587,2
09:32:26.819,1.622448444366455,197.1664581298828,18.86886215209961,-0.2434849739074707,-0.09798642247915268,-0.08230634033679962,2
09:32:26.819,2.994725465774536,194.68783569335938,19.118946075439453,-0.4266338050365448,-0.49481111764907837,0.16189435124397278,2
09:32:26.829,4.452765941619873,196.07879638671875,18.982370376586914,0.5806937217712402,-0.18956083059310913,-0.5707054734230042,2
09:32:26.846,5.92085599899292,197.01661682128906,18.890335083007812,-0.21295791864395142,0.26831573247909546,-0.4486062228679657,2
09:32:26.880,1.0203717947006226,198.58477783203125,18.73597526550293,-1.2508102655410767,0.9703907370567322,0.13136954605579376,2
09:32:26.880,2.5045325756073,196.50071716308594,18.945375442504883,-0.12138350307941437,-0.28113749623298645,0.40609729290008545,2
09:32:26.880,3.93971848487854,196.57618713378906,18.939613342285156,0.33649080991744995,-0.28113749623298645,-0.14335595071315765,2
09:32:26.880,5.403807163238525,197.31285095214844,18.86729621887207,-0.029809094965457916,0.3293653428554535,-0.2654551565647125,2
09:32:26.893,0.4999937117099762,195.30055236816406,19.07020378112793,-0.670834481716156,0.3293653428554535,0.13136954605579376,2
09:32:26.945,1.9598140716552734,196.15737915039062,18.98657989501953,-0.4571585953235626,-0.18956083059310913,0.4671469032764435,2
09:32:26.945,3.4061503410339355,197.1830291748047,18.886150360107422,0.30596598982810974,-0.4032367169857025,0.1924191415309906,2
09:32:26.970,4.820723533630371,195.72988891601562,19.033203125,0.48911482095718384,-0.1285112202167511,-0.6622798442840576,2
09:32:26.970,0.01893289014697075,197.0716094970703,18.90070915222168,-0.30453458428382874,0.14621199667453766,-0.05177927762269974,2
09:32:26.970,1.486783742904663,198.55511474609375,18.75398826599121,-0.30453458428382874,0.02411278896033764,-0.05177927762269974,2
09:32:26.970,2.865748167037964,196.09683227539062,19.001161575317383,0.09229237586259842,-0.49481111764907837,0.31451836228370667,2
09:32:26.970,4.350712299346924,197.82666015625,18.829544067382812,0.2449163943529129,0.02411278896033764,-0.14335595071315765,2
09:32:26.970,5.74279260635376,195.58743286132812,19.05498695373535,-0.029809094965457916,0.6651381850242615,-0.8454309105873108,2
09:32:27.009,0.880054771900177,195.3398895263672,19.082040786743164,-0.5182082056999207,0.6651381850242615,0.22294394671916962,2
09:32:27.009,2.3382625579833984,194.7312469482422,19.14394760131836,0.0007157073123380542,-0.46428632736206055,0.13136954605579376,2
09:32:27.009,3.7832682132720947,196.87481689453125,18.931739807128906,0.18386678397655487,-0.31166231632232666,0.009270328097045422,2
09:32:27.010,5.251312732696533,196.77781677246094,18.942792892456055,0.0007157073123380542,0.3293653428554535,-0.32650476694107056,2
09:32:27.021,0.3507959246635437,195.28189086914062,19.094135284423828,-0.6403096914291382,0.5125141739845276,0.10084474086761475,2
09:32:27.038,1.8772376775741577,198.5607147216797,18.767650604248047,0.0007157073123380542,-0.09798642247915268,0.10084474086761475,2
09:32:27.070,3.253865957260132,196.8909912109375,18.936386108398438,0.2449163943529129,-0.31166231632232666,0.039795130491256714,2
09:32:27.070,4.703556537628174,196.60472106933594,18.96663475036621,0.03124050982296467,-0.1285112202167511,-0.29597994685173035,2
09:32:27.071,6.128245830535889,196.2835693359375,19.000545501708984,-0.36558419466018677,0.3598901331424713,-0.02125447429716587,2
09:32:27.071,1.270331621170044,196.9804229736328,18.93337059020996,-0.6097848415374756,0.02411278896033764,0.28399354219436646,2
09:32:27.085,2.6810977458953857,195.25021362304688,19.108280181884766,0.09229237586259842,-0.46428632736206055,0.31451836228370667,2
09:32:27.102,4.116684913635254,195.64300537109375,19.071245193481445,0.48911482095718384,-0.25061270594596863,-0.2349303513765335,2
09:32:27.137,5.5922112464904785,196.84271240234375,18.953031539916992,0.03124050982296467,0.45146453380584717,-0.6622798442840576,2
09:32:27.137,0.6826146245002747,194.67855834960938,19.171552658081055,-0.7013592720031738,0.45146453380584717,0.1924191415309906,2
09:32:27.137,2.2037017345428467,195.85487365722656,19.05499839782715,-0.06033390015363693,-0.06746162474155426,-0.05177927762269974,2
09:32:27.137,3.6093571186065674,196.9001922607422,18.952356338500977,0.15334197878837585,-0.31166231632232666,0.009270328097045422,2
09:32:27.149,5.065036296844482,196.9720916748047,18.94670867919922,0.15334197878837585,0.26831573247909546,-0.17388074100017548,2
09:32:27.149,0.1901272088289261,195.72280883789062,19.07353401184082,-0.6097848415374756,0.5125141739845276,0.13136954605579376,2
09:32:27.166,1.6434996128082275,196.5272674560547,18.995046615600586,-0.7013592720031738,0.14621199667453766,0.25346875190734863,2
09:32:27.199,3.013956069946289,194.46011352539062,19.204164505004883,0.12281718105077744,-0.5558629631996155,0.4976716935634613,2
09:32:27.199,4.503451347351074,196.2390899658203,19.028078079223633,0.3670156002044678,-0.06746162474155426,-0.3570295572280884,2
09:32:27.199,5.95443868637085,196.7832489013672,18.9753360748291,0.03124050982296467,0.2377864122390747,-0.3570295572280884,2
09:32:27.199,1.100758671760559,197.72474670410156,18.88307762145996,-0.33505937457084656,0.08516239374876022,0.16189435124397278,2
09:32:27.213,2.5040485858917236,195.1299591064453,19.144115447998047,-0.1824331134557724,-0.49481111764907837,0.28399354219436646,2
09:32:27.231,3.9638783931732178,196.19883728027344,19.039352416992188,0.15334197878837585,-0.2200879007577896,-0.14335595071315765,2
09:32:27.266,5.4087114334106445,195.19154357910156,19.141571044921875,-0.029809094965457916,0.42093974351882935,-0.38755661249160767,2
09:32:27.274,0.4880067706108093,193.85165405273438,19.278226852416992,-0.9760847687721252,0.604088544845581,0.10084474086761475,2
09:32:27.274,2.0299720764160156,197.945556640625,18.87047004699707,-6.80636739730835,-1.1968883275985718,-0.4486062228679657,2
09:32:27.274,3.401096820831299,196.2915496826172,19.03800392150879,0.5196396112442017,-0.49481111764907837,0.13136954605579376,2
09:32:27.277,4.894553184509277,197.7989501953125,18.88874626159668,-0.7013592720031738,-0.06746162474155426,-0.2654551565647125,2
09:32:27.277,0.01580902747809887,196.45394897460938,19.024877548217773,-0.4571585953235626,0.26831573247909546,-0.08230634033679962,2
09:32:27.316,1.4639151096343994,197.46463012695312,18.9258975982666,0.2754411995410919,0.2072616070508957,0.16189435124397278,2
09:32:27.333,2.871795892715454,195.91729736328125,19.082313537597656,-0.029809094965457916,-0.15903602540493011,0.25346875190734863,2
09:32:27.333,4.3014631271362305,195.58277893066406,19.11783218383789,0.18386678397655487,-0.06746162474155426,-0.2654551565647125,2
09:32:27.333,5.7500739097595215,196.3018798828125,19.04796600341797,0.03124050982296467,0.45146453380584717,-0.5096558332443237,2
09:32:27.333,0.8550628423690796,194.6446990966797,19.216045379638672,-0.7624089121818542,0.5125141739845276,0.28399354219436646,2
09:32:27.340,2.354356050491333,196.38890075683594,19.043075561523438,0.0007157073123380542,-0.25061270594596863,0.13136954605579376,2
09:32:27.357,3.761127471923828,195.77809143066406,19.106082916259766,0.2754411995410919,-0.3727118968963623,-0.08230634033679962,2
09:32:27.374,5.2291154861450195,196.85850524902344,18.99974250793457,0.0007157073123380542,0.2377864122390747,-0.2349303513765335,2
09:32:27.374,0.3191899061203003,194.3361358642578,19.25419807434082,-0.6403096914291382,0.4819893538951874,0.16189435124397278,2
09:32:27.388,1.8385547399520874,197.7991485595703,18.909778594970703,-0.06033390015363693,-0.15903602540493011,0.10084474086761475,2
09:32:27.388,3.197955846786499,196.02606201171875,19.0893611907959,-0.3961089849472046,-0.4032367169857025,0.13136954605579376,2
09:32:27.403,4.671120643615723,196.75802612304688,19.01803207397461,0.45859000086784363,-0.036936819553375244,-0.29597994685173035,2
09:32:27.421,6.120916366577148,196.7322998046875,19.022165298461914,-0.36558419466018677,0.14621199667453766,-0.11283113807439804,2
09:32:27.421,1.2623745203018188,198.18804931640625,18.87885093688965,-0.884510338306427,0.17673680186271667,0.28399354219436646,2
09:32:27.443,2.681788444519043,196.19200134277344,19.07978630065918,-0.12138350307941437,-0.3421871066093445,0.28399354219436646,2
09:32:27.443,4.1438422203063965,196.82655334472656,19.01798439025879,-0.15190830826759338,-0.036936819553375244,-0.11283113807439804,2
09:32:27.452,5.575900554656982,196.3865203857422,19.063583374023438,0.09229237586259842,0.42093974351882935,-0.4791310429573059,2
09:32:27.468,0.6853559613227844,194.92819213867188,19.2115421295166,-0.7624089121818542,0.604088544845581,0.1924191415309906,2
09:32:27.468,2.195779800415039,195.59019470214844,19.146615982055664,-0.15190830826759338,-0.25061270594596863,0.039795130491256714,2
09:32:27.508,3.5575459003448486,195.0796356201172,19.199926376342773,-0.12138350307941437,-0.739011824131012,-0.05177927762269974,2
09:32:27.510,5.033392906188965,196.8064727783203,19.029142379760742,0.33649080991744995,0.17673680186271667,-0.38755661249160767,2
09:32:27.510,0.17287401854991913,194.84739685058594,19.226505279541016,-0.4571585953235626,0.3293653428554535,-0.05177927762269974,2
09:32:27.510,1.700710654258728,199.65673828125,18.747112274169922,-0.12138350307941437,0.02411278896033764,-0.05177927762269974,2
09:32:27.517,3.077113628387451,196.97268676757812,19.016653060913086,0.3975403904914856,-0.3727118968963623,0.16189435124397278,2
09:32:27.533,4.5562424659729,198.2197723388672,18.893125534057617,0.2449163943529129,-0.036936819553375244,-0.2349303513765335,2
09:32:27.551,5.998139381408691,197.91168212890625,18.924894332885742,-0.21295791864395142,0.2988405227661133,-0.2654551565647125,2
09:32:27.576,1.1187677383422852,196.7567901611328,19.0421085357666,-0.48768338561058044,0.17673680186271667,0.3755679726600647,2
09:32:27.577,2.5415191650390625,195.7977752685547,19.1397762298584,-0.06033390015363693,-0.43376150727272034,0.4671469032764435,2
09:32:27.578,4.041682720184326,198.09352111816406,18.911537170410156,0.18386678397655487,-0.036936819553375244,-0.2044055461883545,2
09:32:27.581,5.455376625061035,197.69297790527344,18.95317268371582,0.2143915891647339,0.42093974351882935,-0.6317550539970398,2
09:32:27.597,0.6063557267189026,196.63670349121094,19.060195922851562,-0.5792600512504578,0.4819893538951874,0.16189435124397278,2
09:32:27.597,2.1147799491882324,198.89137268066406,18.8355655670166,-0.06033390015363693,-0.15903602540493011,0.07031993567943573,2
09:32:27.634,3.526043653488159,197.9645538330078,18.92963218688965,0.2143915891647339,-0.4032367169857025,-0.11283113807439804,2
09:32:27.634,4.996334075927734,198.29713439941406,18.897329330444336,-0.029809094965457916,0.08516239374876022,-0.2349303513765335,2
09:32:27.634,0.09944438934326172,196.3210906982422,19.096569061279297,-0.36558419466018677,0.5735637545585632,-0.05177927762269974,2
09:32:27.646,1.6193697452545166,199.49562072753906,18.780284881591797,-0.1824331134557724,0.11568719893693924,-0.11283113807439804,2
09:32:27.661,2.947441816329956,195.3346710205078,19.197891235351562,-0.029809094965457916,-0.739011824131012,0.7723948955535889,2
09:32:27.661,4.466489791870117,198.49969482421875,18.882644653320312,0.061765313148498535,-0.036936819553375244,-0.38755661249160767,2
09:32:27.696,5.880433082580566,197.006591796875,19.03301429748535,0.09229237586259842,0.4819893538951874,-0.601230263710022,2
09:32:27.696,1.022467851638794,199.3124542236328,18.804292678833008,-0.5792600512504578,0.604088544845581,0.16189435124397278,2
09:32:27.696,2.4754695892333984,196.38720703125,19.097518920898438,0.03124050982296467,-0.31166231632232666,0.31451836228370667,2
09:32:27.709,3.9295802116394043,197.30494689941406,19.007261276245117,0.12281718105077744,-0.18956083059310913,-0.11283113807439804,2
09:32:27.709,5.358617305755615,196.74008178710938,19.065248489379883,0.09229237586259842,0.42093974351882935,-0.4791310429573059,2
09:32:27.725,0.4755498468875885,195.2493896484375,19.216156005859375,-0.7318840622901917,0.42093974351882935,0.10084474086761475,2
09:32:27.743,1.975360631942749,197.65484619140625,18.977235794067383,0.03124050982296467,-0.25061270594596863,0.10084474086761475,2
09:32:27.763,3.3695497512817383,196.33091735839844,19.111597061157227,0.3670156002044678,-0.5558629631996155,0.009270328097045422,2
09:32:27.770,4.845019340515137,197.45748901367188,19.000490188598633,0.2143915891647339,0.11568719893693924,-0.2044055461883545,2
09:32:27.770,0.018305163830518723,197.6363067626953,18.98380470275879,-0.7318840622901917,0.2988405227661133,0.009270328097045422,2
09:32:27.774,1.4921488761901855,199.4855499267578,18.800561904907227,-0.15190830826759338,0.11568719893693924,0.25346875190734863,2
09:32:27.790,2.8671066761016846,196.5293731689453,19.097270965576172,-0.029809094965457916,-0.3727118968963623,0.40609729290008545,2
09:32:27.790,4.334039211273193,197.37071228027344,19.014495849609375,0.2449163943529129,-0.06746162474155426,-0.3570295572280884,2
09:32:27.808,5.759960174560547,196.74530029296875,19.07841682434082,0.03124050982296467,0.4819893538951874,-0.601230263710022,2
09:32:27.830,0.9005939960479736,196.26693725585938,19.12794303894043,-0.5792600512504578,0.2072616070508957,0.25346875190734863,2
09:32:27.830,2.3393805027008057,195.442138671875,19.211938858032227,0.03124050982296467,-0.3421871066093445,0.40609729290008545,2
09:32:27.830,3.797329902648926,197.1147918701172,19.046581268310547,0.2143915891647339,-0.49481111764907837,-0.17388074100017548,2
09:32:27.838,5.233600616455078,197.7642059326172,18.983333587646484,-0.09085870534181595,0.45146453380584717,-0.4180814325809479,2
09:32:27.854,0.4038892686367035,196.73764038085938,19.087305068969727,-0.4266338050365448,0.14621199667453766,0.10084474086761475,2
09:32:27.871,1.8754470348358154,198.02783203125,18.95951271057129,-0.09085870534181595,-0.18956083059310913,0.039795130491256714,2
09:32:27.871,3.2765400409698486,197.16937255859375,19.047191619873047,0.3670156002044678,-0.4032367169857025,0.13136954605579376,2
09:32:27.889,4.757001876831055,198.01116943359375,18.96424102783203,0.33649080991744995,-0.006412014830857515,-0.17388074100017548,2
09:32:27.889,6.158022403717041,196.18515014648438,19.148393630981445,-0.33505937457084656,0.42093974351882935,-0.2044055461883545,2
09:32:27.903,1.3429938554763794,198.55023193359375,18.91400909423828,-0.48768338561058044,0.054637592285871506,0.16189435124397278,2
09:32:27.919,2.7320711612701416,195.77198791503906,19.193157196044922,0.0007157073123380542,-0.7084869742393494,0.40609729290008545,2
09:32:27.919,4.211716651916504,198.45045471191406,18.926776885986328,0.33649080991744995,-0.006412014830857515,0.009270328097045422,2
09:32:27.936,5.660932540893555,196.9917449951172,19.073684692382812,-0.36558419466018677,0.2988405227661133,-0.4791310429573059,2
09:32:27.954,0.7706598043441772,195.74676513671875,19.200002670288086,-0.6097848415374756,0.3598901331424713,0.1924191415309906,2
09:32:27.954,2.258305072784424,196.52493286132812,19.123382568359375,-0.06033390015363693,-0.28113749623298645,0.16189435124397278,2
09:32:27.967,3.6545042991638184,195.88336181640625,19.18941879272461,0.3670156002044678,-0.3727118968963623,-0.2044055461883545,2
09:32:27.967,5.093947410583496,195.78042602539062,19.20180320739746,0.12281718105077744,0.14621199667453766,-0.4486062228679657,2
09:32:27.983,0.23375385999679565,194.85389709472656,19.29620933532715,-0.5487352609634399,0.3598901331424713,0.039795130491256714,2
09:32:28.020,1.7257972955703735,197.831298828125,19.00031280517578,-0.029809094965457916,0.08516239374876022,-0.11283113807439804,2
09:32:28.020,3.1282527446746826,196.22572326660156,19.162500381469727,0.0007157073123380542,-0.4032367169857025,0.039795130491256714,2
09:32:28.028,4.596523761749268,197.45289611816406,19.041513442993164,0.18386678397655487,-0.006412014830857515,-0.2349303513765335,2
09:32:28.028,6.023714065551758,196.50701904296875,19.137670516967773,-0.15190830826759338,0.3598901331424713,-0.17388074100017548,2
09:32:28.031,1.1880635023117065,198.37857055664062,18.9526309967041,-0.670834481716156,0.02411278896033764,0.1924191415309906,2
09:32:28.048,2.588426351547241,195.6509552001953,19.226696014404297,-0.15190830826759338,-0.6169126033782959,0.28399354219436646,2
09:32:28.048,4.059540748596191,197.08377075195312,19.08515739440918,0.2754411995410919,-0.18956083059310913,-0.2654551565647125,2
09:32:28.065,5.520423412322998,197.36285400390625,19.058523178100586,-0.06033390015363693,0.42093974351882935,-0.5096558332443237,2
09:32:28.079,0.6189083456993103,195.34036254882812,19.262540817260742,-0.8234584927558899,0.3598901331424713,0.13136954605579376,2
09:32:28.079,2.1479430198669434,197.22787475585938,19.074857711791992,0.03124050982296467,-0.1285112202167511,0.22294394671916962,2
09:32:28.095,3.5605978965759277,197.2285919189453,19.07618522644043,0.3975403904914856,-0.28113749623298645,0.16189435124397278,2
09:32:28.113,5.001341342926025,197.1886444091797,19.081581115722656,0.2143915891647339,0.2377864122390747,-0.4486062228679657,2
09:32:28.137,0.14880622923374176,195.7391815185547,19.2279109954834,-0.3961089849472046,0.3293653428554535,0.039795130491256714,2
09:32:28.137,1.6386802196502686,198.53775024414062,18.949546813964844,-0.36558419466018677,0.054637592285871506,-0.05177927762269974,2
09:32:28.137,3.0140483379364014,196.0665283203125,19.19818115234375,0.15334197878837585,-0.5253381729125977,0.31451836228370667,2
09:32:28.137,4.483190059661865,197.70236206054688,19.036497116088867,0.2449163943529129,-0.2200879007577896,-0.6622798442840576,2
09:32:28.160,5.956454753875732,198.30142211914062,18.977611541748047,-0.09085870534181595,0.2377864122390747,-0.4486062228679657,2
09:32:28.160,1.0833280086517334,200.25888061523438,18.783645629882812,-1.0371344089508057,0.9703907370567322,-0.05177927762269974,2
09:32:28.177,2.550593852996826,197.84913635253906,19.0248966217041,0.09229237586259842,-0.4032367169857025,0.40609729290008545,2
09:32:28.197,3.9980077743530273,198.1513671875,18.995668411254883,0.2449163943529129,-0.4032367169857025,-0.2349303513765335,2
09:32:28.198,5.45816707611084,197.96987915039062,19.014739990234375,0.18386678397655487,0.42093974351882935,-0.4486062228679657,2
09:32:28.208,0.5798024535179138,196.51425170898438,19.161598205566406,-0.6097848415374756,0.4819893538951874,0.13136954605579376,2
09:32:28.208,2.0487887859344482,197.59742736816406,19.054656982421875,-0.09085870534181595,-0.15903602540493011,0.25346875190734863,2
09:32:28.225,3.498129367828369,198.15638732910156,19.00031280517578,0.4280652105808258,-0.3727118968963623,0.009270328097045422,2
09:32:28.242,4.927980899810791,197.1656494140625,19.100557327270508,0.33649080991744995,0.08516239374876022,-0.6928068995475769,2
09:32:28.242,0.11287732422351837,197.13522338867188,19.104631423950195,-0.5792600512504578,0.02411278896033764,0.009270328097045422,2
09:32:28.264,1.589558482170105,199.13990783691406,18.905189514160156,-0.3961089849472046,0.08516239374876022,0.07031993567943573,2
09:32:28.264,2.996777296066284,197.38623046875,19.08150863647461,-0.029809094965457916,-0.5253381729125977,0.25346875190734863,2
09:32:28.273,4.485410213470459,198.72528076171875,18.94828987121582,0.2449163943529129,-0.036936819553375244,-0.2044055461883545,2
09:32:28.289,5.880079746246338,196.62005615234375,19.15995979309082,-0.029809094965457916,0.7567125558853149,-0.6928068995475769,2
09:32:28.289,1.0662184953689575,199.93411254882812,18.830169677734375,-0.7013592720031738,0.4819893538951874,0.1924191415309906,2
09:32:28.307,2.471759796142578,195.9329071044922,19.230817794799805,-0.1824331134557724,-0.4032367169857025,0.3755679726600647,2
09:32:28.324,3.9400970935821533,197.68157958984375,19.057493209838867,0.2449163943529129,-0.3727118968963623,-0.02125447429716587,2
09:32:28.324,5.416398048400879,197.64767456054688,19.06165313720703,0.03124050982296467,0.3598901331424713,-0.32650476694107056,2
09:32:28.337,0.5197159051895142,195.99591064453125,19.228322982788086,-0.7013592720031738,0.42093974351882935,0.1924191415309906,2
09:32:28.337,2.059803009033203,199.67556762695312,18.86115264892578,0.0007157073123380542,-0.15903602540493011,0.039795130491256714,2
09:32:28.353,3.456598997116089,198.12428283691406,19.017587661743164,0.33649080991744995,-0.3727118968963623,0.039795130491256714,2
09:32:28.400,4.885213375091553,197.14088439941406,19.117084503173828,0.12281718105077744,-0.036936819553375244,-0.38755661249160767,2
09:32:28.400,0.05343478545546532,195.74879455566406,19.257596969604492,0.061765313148498535,0.2377864122390747,-0.05177927762269974,2
09:32:28.408,1.5051794052124023,198.16038513183594,19.018142700195312,-0.5182082056999207,0.17673680186271667,0.22294394671916962,2
09:32:28.408,2.908548593521118,196.4688720703125,19.188722610473633,0.03124050982296467,-0.49481111764907837,0.25346875190734863,2
09:32:28.408,4.3738884925842285,197.85592651367188,19.05170440673828,0.3975403904914856,-0.006412014830857515,-0.38755661249160767,2
09:32:28.409,5.842695236206055,198.10398864746094,19.027944564819336,-0.15190830826759338,0.2377864122390747,-0.4180814325809479,2
09:32:28.418,0.9389371275901794,195.67095947265625,19.272939682006836,-0.8234584927558899,0.5430389642715454,0.16189435124397278,2
09:32:28.435,2.42586612701416,196.77410888671875,19.16320037841797,0.0007157073123380542,-0.25061270594596863,0.25346875190734863,2
09:32:28.455,3.8738479614257812,197.63699340820312,19.078258514404297,0.15334197878837585,-0.15903602540493011,-0.05177927762269974,2
09:32:28.455,5.318633556365967,197.33758544921875,19.109405517578125,0.2143915891647339,0.26831573247909546,-0.4791310429573059,2
09:32:28.466,0.4719829261302948,197.0655517578125,19.137943267822266,-0.6097848415374756,0.42093974351882935,0.039795130491256714,2
09:32:28.482,1.9378657341003418,197.82432556152344,19.06326675415039,-0.21295791864395142,-0.2200879007577896,0.07031993567943573,2
09:32:28.482,3.3620357513427734,197.66026306152344,19.081462860107422,0.3670156002044678,-0.3727118968963623,0.13136954605579376,2
09:32:28.499,4.812114715576172,197.248046875,19.123947143554688,0.18386678397655487,-0.006412014830857515,-0.5707054734230042,2
09:32:28.519,0.004713233094662428,198.46192932128906,19.00350570678711,-0.09085870534181595,0.2072616070508957,-0.02125447429716587,2
09:32:28.520,1.4484078884124756,198.5074920654297,19.000099182128906,-0.1824331134557724,0.08516239374876022,0.16189435124397278,2
09:32:28.520,2.8311104774475098,196.04074096679688,19.248132705688477,-0.06033390015363693,-0.6169126033782959,0.4976716935634613,2
09:32:28.531,4.338662147521973,198.54190063476562,18.999177932739258,0.30596598982810974,0.11568719893693924,-0.2654551565647125,2
09:32:28.548,5.73333215713501,196.1780242919922,19.236648559570312,-0.2434849739074707,0.3904149532318115,-0.601230263710022,2
09:32:28.567,0.8457090854644775,195.0833282470703,19.34830665588379,-1.006609559059143,0.6651381850242615,0.009270328097045422,2
09:32:28.567,2.34369158744812,196.0995635986328,19.247356414794922,-0.09085870534181595,-0.25061270594596863,0.3755679726600647,2
09:32:28.567,3.78520131111145,197.43563842773438,19.115388870239258,0.2449163943529129,-0.49481111764907837,-0.02125447429716587,2
09:32:28.579,5.282012939453125,197.3201141357422,19.127588272094727,-0.5487352609634399,-0.43376150727272034,-0.2654551565647125,2
09:32:28.595,0.36675724387168884,196.00674438476562,19.260419845581055,-0.5792600512504578,0.42093974351882935,0.1924191415309906,2
09:32:28.613,1.8781250715255737,198.7783966064453,18.984481811523438,-0.09085870534181595,-0.1285112202167511,0.009270328097045422,2
09:32:28.613,3.2777621746063232,196.62274169921875,19.201419830322266,0.2754411995410919,-0.28113749623298645,0.07031993567943573,2
09:32:28.642,4.715083122253418,196.709228515625,19.194459915161133,0.15334197878837585,-0.006412014830857515,-0.2044055461883545,2
09:32:28.642,6.174671649932861,197.1907501220703,19.147783279418945,-0.4571585953235626,0.3598901331424713,-0.02125447429716587,2
09:32:28.644,1.3373554944992065,198.31451416015625,19.037216186523438,-0.33505937457084656,0.11568719893693924,0.28399354219436646,2
09:32:28.660,2.76766037940979,197.0123748779297,19.16864013671875,0.12281718105077744,-0.1285112202167511,0.13136954605579376,2
09:32:28.660,4.2054877281188965,197.6294708251953,19.10846519470215,0.2754411995410919,-0.09798642247915268,-0.3570295572280884,2
09:32:28.695,5.658639430999756,196.98623657226562,19.174060821533203,0.15334197878837585,0.3904149532318115,-0.4791310429573059,2
09:32:28.695,0.7620579600334167,195.42135620117188,19.332534790039062,-0.7624089121818542,0.4819893538951874,0.1924191415309906,2
09:32:28.695,2.2564611434936523,195.8997344970703,19.285707473754883,-0.09085870534181595,-0.1285112202167511,0.22294394671916962,2
09:32:28.708,3.6851487159729004,197.28712463378906,19.148746490478516,0.45859000086784363,-0.43376150727272034,0.009270328097045422,2
09:32:28.708,5.1554412841796875,197.73294067382812,19.105384826660156,0.03124050982296467,0.26831573247909546,-0.32650476694107056,2
09:32:28.724,0.2690294086933136,195.5470428466797,19.325319290161133,-0.5182082056999207,0.3598901331424713,-0.05177927762269974,2
09:32:28.741,1.790886402130127,199.17794799804688,18.96351432800293,-0.1824331134557724,0.08516239374876022,0.039795130491256714,2
09:32:28.759,3.2037227153778076,197.8816680908203,19.094120025634766,0.061765313148498535,-0.3727118968963623,0.009270328097045422,2
09:32:28.759,4.666567325592041,198.218994140625,19.061429977416992,0.30596598982810974,-0.1285112202167511,-0.4486062228679657,2
09:32:28.759,6.115333080291748,198.208740234375,19.0633487701416,-0.21295791864395142,0.2377864122390747,0.009270328097045422,2
09:32:28.772,1.2818191051483154,198.94918823242188,18.9907283782959,-0.4571585953235626,-0.036936819553375244,0.1924191415309906,2
09:32:28.789,2.696052312850952,196.81373596191406,19.20525360107422,0.061765313148498535,-0.3727118968963623,0.28399354219436646,2
09:32:28.789,4.121127128601074,196.50344848632812,19.23798942565918,0.6112185716629028,-0.5558629631996155,-0.29597994685173035,2
09:32:28.806,5.612592697143555,198.4802703857422,19.04145050048828,0.12281718105077744,0.4819893538951874,-0.601230263710022,2
09:32:28.824,0.7170010805130005,196.0486297607422,19.28599739074707,-1.128708839416504,0.6651381850242615,0.07031993567943573,2
09:32:28.824,2.2484512329101562,197.62789916992188,19.128253936767578,-0.09085870534181595,-0.09798642247915268,0.13136954605579376,2
09:32:28.837,3.670238971710205,198.3315887451172,19.058948516845703,0.30596598982810974,-0.6169126033782959,0.039795130491256714,2
09:32:28.837,5.1668806076049805,199.42556762695312,18.950016021728516,-0.06033390015363693,0.11568719893693924,-0.38755661249160767,2
09:32:28.854,0.27559173107147217,196.96633911132812,19.19670867919922,-0.6097848415374756,0.3598901331424713,0.13136954605579376,2
09:32:28.871,1.740666389465332,198.15167236328125,19.07938575744629,-0.4571585953235626,0.02411278896033764,0.25346875190734863,2
09:32:28.871,3.170945167541504,198.8289031982422,19.013010025024414,0.2754411995410919,-0.6779621839523315,0.40609729290008545,2
09:32:28.897,4.6236090660095215,197.39169311523438,19.157562255859375,0.3975403904914856,-0.006412014830857515,-0.4791310429573059,2
09:32:28.897,6.109616279602051,198.94081115722656,19.003463745117188,-0.06033390015363693,0.2377864122390747,-0.11283113807439804,2
09:32:28.897,1.280086874961853,199.5621337890625,18.942197799682617,-0.4571585953235626,0.11568719893693924,0.1924191415309906,2
09:32:28.918,2.6977827548980713,197.62045288085938,19.137022018432617,2.564819574356079,-0.49481111764907837,0.3450431525707245,2
09:32:28.918,4.199990749359131,198.7652130126953,19.02314567565918,0.12281718105077744,-0.036936819553375244,-0.2654551565647125,2
09:32:28.935,5.592140197753906,196.78396606445312,19.222131729125977,0.0007157073123380542,0.6651381850242615,-0.6317550539970398,2
09:32:28.962,0.7579430937767029,197.11000061035156,19.19101333618164,-0.7013592720031738,0.3904149532318115,0.13136954605579376,2
09:32:28.962,2.248518228530884,196.0738525390625,19.294952392578125,0.0007157073123380542,-0.06746162474155426,0.13136954605579376,2
09:32:28.966,3.6668856143951416,198.27244567871094,19.07667350769043,0.33649080991744995,-0.43376150727272034,0.039795130491256714,2
09:32:28.983,5.154529571533203,199.3787841796875,18.96650505065918,0.0007157073123380542,0.11568719893693924,-0.38755661249160767,2
09:32:28.983,0.2544034421443939,196.4431610107422,19.261186599731445,-0.6097848415374756,0.6346133947372437,0.07031993567943573,2
09:32:29.001,1.798713207244873,200.57696533203125,18.848508834838867,0.03124050982296467,-0.036936819553375244,-0.02125447429716587,2
09:32:29.019,3.1755759716033936,198.20863342285156,19.08613395690918,0.061765313148498535,-0.18956083059310913,-0.05177927762269974,2
09:32:29.019,4.6213059425354,197.6665496826172,19.141311645507812,0.2143915891647339,-0.036936819553375244,-0.17388074100017548,2
09:32:29.019,6.083686828613281,197.93572998046875,19.115474700927734,-0.33505937457084656,0.2072616070508957,-0.05177927762269974,2
09:32:29.031,1.2196712493896484,198.24560546875,19.086217880249023,-0.6403096914291382,0.17673680186271667,0.4671469032764435,2
09:32:29.068,2.642847776412964,196.548583984375,19.257158279418945,0.03124050982296467,-0.46428632736206055,0.4671469032764435,2
09:32:29.068,4.097712516784668,197.0033416748047,19.213300704956055,0.48911482095718384,-0.31166231632232666,-0.2349303513765335,2
09:32:29.070,5.572380065917969,198.08868408203125,19.105703353881836,0.03124050982296467,0.5125141739845276,-0.38755661249160767,2
09:32:29.070,0.6911635994911194,196.3092803955078,19.284961700439453,-0.7624089121818542,0.6346133947372437,0.16189435124397278,2
09:32:29.079,2.2194955348968506,197.44554138183594,19.17164421081543,-0.09085870534181595,-0.15903602540493011,-0.14335595071315765,2
09:32:29.095,3.6359641551971436,198.53622436523438,19.06362533569336,0.2754411995410919,-0.4032367169857025,0.039795130491256714,2
09:32:29.113,5.107395172119141,198.68736267089844,19.049158096313477,0.061765313148498535,0.2072616070508957,-0.29597994685173035,2
09:32:29.132,0.2440725564956665,197.333251953125,19.185523986816406,-0.7624089121818542,0.26831573247909546,0.009270328097045422,2
09:32:29.132,1.7174113988876343,198.4505157470703,19.074825286865234,-0.30453458428382874,-0.006412014830857515,-0.05177927762269974,2
09:32:29.132,3.1054229736328125,198.30702209472656,19.090709686279297,0.3670156002044678,-0.6474373936653137,0.3450431525707245,2
09:32:29.144,4.58293342590332,197.2845458984375,19.193967819213867,0.3670156002044678,-0.006412014830857515,-0.5401806235313416,2
09:32:29.160,6.055228233337402,198.4926300048828,19.074106216430664,-0.30453458428382874,0.2072616070508957,-0.32650476694107056,2
09:32:29.160,1.2150574922561646,198.84031677246094,19.040475845336914,-0.33505937457084656,0.17673680186271667,0.22294394671916962,2
09:32:29.178,2.6103367805480957,196.30113220214844,19.295429229736328,0.0007157073123380542,-0.49481111764907837,0.5281965136528015,2
09:32:29.178,4.095461845397949,197.75698852539062,19.151222229003906,0.09229237586259842,-0.06746162474155426,-0.2349303513765335,2
09:32:29.198,5.532637596130371,196.8509979248047,19.242656707763672,0.03124050982296467,0.42093974351882935,-0.4180814325809479,2
09:32:29.198,0.645733118057251,195.62660217285156,19.36689567565918,-0.8234584927558899,0.6956629753112793,0.13136954605579376,2
09:32:29.209,2.189368486404419,196.73231506347656,19.256839752197266,0.0007157073123380542,-0.1285112202167511,0.22294394671916962,2
09:32:29.225,3.5893282890319824,197.95745849609375,19.135717391967773,0.33649080991744995,-0.3727118968963623,0.07031993567943573,2
09:32:29.263,5.074080467224121,199.13853454589844,19.018234252929688,0.12281718105077744,0.2377864122390747,-0.08230634033679962,2
09:32:29.263,0.1851070374250412,196.40931701660156,19.29229164123535,-0.6097848415374756,0.3293653428554535,-0.14335595071315765,2
09:32:29.270,1.669805645942688,198.71786499023438,19.062715530395508,-0.21295791864395142,-0.006412014830857515,0.009270328097045422,2
09:32:29.271,3.078937530517578,197.2311248779297,19.21254539489746,0.0007157073123380542,-0.28113749623298645,-0.02125447429716587,2
09:32:29.273,4.51608419418335,196.8271484375,19.254383087158203,0.2449163943529129,-0.1285112202167511,-0.4791310429573059,2
09:32:29.290,5.964859485626221,197.14776611328125,19.223800659179688,-0.36558419466018677,0.5125141739845276,-0.601230263710022,2
09:32:29.290,1.1374475955963135,198.8355712890625,19.05666732788086,-0.5182082056999207,0.054637592285871506,0.28399354219436646,2
09:32:29.307,2.5891520977020264,197.41241455078125,19.199825286865234,0.09229237586259842,-0.1285112202167511,0.13136954605579376,2
09:32:29.335,4.029962539672852,197.32196044921875,19.21015167236328,0.15334197878837585,-0.06746162474155426,-0.17388074100017548,2
09:32:29.355,5.490872383117676,197.64776611328125,19.17864418029785,-0.06033390015363693,0.4819893538951874,-0.38755661249160767,2
09:32:29.355,0.6046643853187561,195.99415588378906,19.345552444458008,-0.7929337024688721,0.42093974351882935,0.039795130491256714,2
09:32:29.355,2.1240787506103516,198.75253295898438,19.07071876525879,0.0007157073123380542,-0.25061270594596863,0.10084474086761475,2
09:32:29.355,3.533773899078369,198.04783630371094,19.142751693725586,0.48911482095718384,-0.4032367169857025,0.10084474086761475,2
09:32:29.395,4.996836185455322,198.3634490966797,19.112085342407227,0.15334197878837585,0.17673680186271667,-0.2654551565647125,2
09:32:29.395,0.12479803711175919,195.82113647460938,19.36747169494629,-0.4571585953235626,0.2988405227661133,-0.11283113807439804,2
09:32:29.395,1.6415488719940186,199.93087768554688,18.95771598815918,-0.2434849739074707,0.11568719893693924,0.10084474086761475,2
09:32:29.395,3.0431230068206787,197.88772583007812,19.16274070739746,-0.1824331134557724,-0.18956083059310913,0.07031993567943573,2
09:32:29.401,4.493352890014648,197.9171600341797,19.16091537475586,0.5196396112442017,-0.006412014830857515,-0.3570295572280884,2
09:32:29.417,5.960559368133545,198.44943237304688,19.108610153198242,-0.09085870534181595,0.3904149532318115,-0.2044055461883545,2
09:32:29.417,1.0962328910827637,199.412841796875,19.013641357421875,-0.6403096914291382,0.3293653428554535,0.31451836228370667,2
09:32:29.463,2.536808729171753,197.1717987060547,19.238380432128906,-0.09085870534181595,-0.28113749623298645,0.10084474086761475,2
09:32:29.473,3.9714670181274414,196.81333923339844,19.275720596313477,0.7027929425239563,-0.7695366144180298,-0.17388074100017548,2
09:32:29.473,5.47310733795166,199.08251953125,19.049713134765625,0.061765313148498535,0.5735637545585632,-0.601230263710022,2
09:32:29.473,0.5720523595809937,196.20777893066406,19.33824920654297,-0.9760847687721252,0.7567125558853149,0.009270328097045422,2
09:32:29.473,2.1479299068450928,201.16453552246094,18.84259033203125,0.09229237586259842,0.054637592285871506,0.10084474086761475,2
09:32:29.481,3.5267138481140137,198.75938415527344,19.08391571044922,0.48911482095718384,-0.46428632736206055,0.07031993567943573,2
09:32:29.498,5.023746967315674,199.77706909179688,18.982454299926758,0.09229237586259842,0.11568719893693924,-0.17388074100017548,2
09:32:29.498,0.15489669144153595,197.5113525390625,19.20956802368164,-0.3961089849472046,0.2988405227661133,0.039795130491256714,2
09:32:29.527,1.5984739065170288,198.26034545898438,19.135826110839844,-0.4266338050365448,0.08516239374876022,0.25346875190734863,2
09:32:29.527,3.026477336883545,197.2856903076172,19.23447608947754,0.03124050982296467,-0.6474373936653137,0.3755679726600647,2
09:32:29.529,4.501075744628906,197.79409790039062,19.184326171875,0.33649080991744995,-0.06746162474155426,-0.4486062228679657,2
09:32:29.545,5.9669952392578125,198.73825073242188,19.090797424316406,-0.029809094965457916,0.2988405227661133,-0.38755661249160767,2
09:32:29.591,1.152195692062378,200.2183380126953,18.943635940551758,-0.6097848415374756,0.2988405227661133,0.28399354219436646,2
09:32:29.591,2.592712640762329,198.12010192871094,19.153772354125977,-0.06033390015363693,-0.3727118968963623,0.3450431525707245,2
09:32:29.593,4.083216190338135,199.58340454101562,19.007923126220703,0.12281718105077744,-0.036936819553375244,-0.17388074100017548,2
09:32:29.593,5.503192901611328,197.7433624267578,19.19234275817871,0.15334197878837585,0.5735637545585632,-0.5401806235313416,2
09:32:29.593,0.6526662707328796,197.71311950683594,19.196474075317383,-0.15190830826759338,0.3293653428554535,0.13136954605579376,2
09:32:29.608,2.192387342453003,200.4559326171875,18.922225952148438,0.0007157073123380542,-0.25061270594596863,0.10084474086761475,2
09:32:29.608,3.566096782684326,198.50550842285156,19.118722915649414,0.4280652105808258,-0.7084869742393494,0.16189435124397278,2
09:32:29.625,5.058165550231934,199.54843139648438,19.014846801757812,0.12281718105077744,0.02411278896033764,-0.2044055461883545,2
09:32:29.649,0.186440572142601,197.31788635253906,19.23858070373535,-0.3961089849472046,0.45146453380584717,0.039795130491256714,2
09:32:29.649,1.7050987482070923,200.53903198242188,18.917068481445312,-0.09085870534181595,0.08516239374876022,-0.14335595071315765,2
09:32:29.649,3.0957984924316406,198.0675506591797,19.164766311645508,0.30596598982810974,-0.1285112202167511,0.16189435124397278,2
09:32:29.672,4.5607709884643555,198.33966064453125,19.138263702392578,0.3975403904914856,0.08516239374876022,-0.11283113807439804,2
09:32:29.672,5.998795032501221,198.03782653808594,19.16934585571289,-0.2740097641944885,0.2377864122390747,-0.2654551565647125,2
09:32:29.696,1.1349687576293945,198.66932678222656,19.107881546020508,-0.6403096914291382,0.5735637545585632,0.31451836228370667,2
09:32:29.696,2.5768778324127197,196.8795928955078,19.287818908691406,-0.029809094965457916,-0.31166231632232666,0.5892460942268372,2
09:32:29.704,4.039521217346191,197.71644592285156,19.205425262451172,0.3975403904914856,-0.25061270594596863,-0.11283113807439804,2
09:32:29.720,5.516219139099121,198.9599151611328,19.08191680908203,0.0007157073123380542,0.3598901331424713,-0.38755661249160767,2
09:32:29.720,0.6338473558425903,196.74244689941406,19.304704666137695,-0.7929337024688721,0.4819893538951874,0.13136954605579376,2
09:32:29.767,2.1769394874572754,197.7169952392578,19.207406997680664,0.09229237586259842,0.02411278896033764,0.10084474086761475,2
09:32:29.768,3.582233190536499,198.7352752685547,19.106576919555664,0.3975403904914856,-0.2200879007577896,0.07031993567943573,2
09:32:29.768,5.0276103019714355,198.42282104492188,19.138599395751953,0.03124050982296467,0.11568719893693924,-0.3570295572280884,2
09:32:29.768,0.18618766963481903,197.6268768310547,19.219127655029297,-0.4571585953235626,0.45146453380584717,0.10084474086761475,2
09:32:29.768,1.6585646867752075,198.6187744140625,19.120872497558594,-0.3961089849472046,0.14621199667453766,0.13136954605579376,2
09:32:29.785,3.054466724395752,196.8348388671875,19.30052375793457,0.0007157073123380542,-0.46428632736206055,0.40609729290008545,2
09:32:29.827,4.552058696746826,198.41793823242188,19.142934799194336,0.45859000086784363,-0.036936819553375244,-0.32650476694107056,2
09:32:29.827,6.023345470428467,198.9087677001953,19.094541549682617,-0.06033390015363693,0.2377864122390747,-0.29597994685173035,2
09:32:29.827,1.1800024509429932,199.47389221191406,19.03902816772461,-0.36558419466018677,0.11568719893693924,0.10084474086761475,2
09:32:29.827,2.59112286567688,196.91531372070312,19.295604705810547,-0.15190830826759338,-0.5558629631996155,0.3755679726600647,2
09:32:29.827,4.048057556152344,197.62852478027344,19.225576400756836,0.2449163943529129,-0.15903602540493011,-0.2654551565647125,2
09:32:29.850,5.492751121520996,196.865966796875,19.302621841430664,0.03124050982296467,0.42093974351882935,-0.5401806235313416,2
09:32:29.850,0.6030210256576538,195.64703369140625,19.426292419433594,-0.884510338306427,0.5430389642715454,0.039795130491256714,2
09:32:29.867,2.1581432819366455,199.77969360351562,19.013517379760742,-0.029809094965457916,-0.15903602540493011,0.25346875190734863,2
09:32:29.892,3.5669620037078857,198.7806854248047,19.114686965942383,0.3975403904914856,-0.3727118968963623,0.009270328097045422,2
09:32:29.899,5.063899040222168,199.7838134765625,19.014631271362305,0.09229237586259842,0.17673680186271667,-0.11283113807439804,2
09:32:29.899,0.18033118546009064,197.53700256347656,19.240150451660156,-0.36558419466018677,0.45146453380584717,0.009270328097045422,2
09:32:29.899,1.6727272272109985,199.47402954101562,19.04730796813965,-0.21295791864395142,-0.036936819553375244,-0.2349303513765335,2
09:32:29.914,3.0851497650146484,197.93055725097656,19.20243263244629,0.15334197878837585,-0.2200879007577896,0.039795130491256714,2
09:32:29.931,4.515111923217773,197.2568359375,19.271102905273438,0.3670156002044678,-0.2200879007577896,-0.4486062228679657,2
09:32:29.931,5.9663519859313965,197.61776733398438,19.236278533935547,-0.09085870534181595,0.3904149532318115,-0.4486062228679657,2
09:32:29.954,1.1237804889678955,198.7999267578125,19.11968421936035,-0.6097848415374756,0.2988405227661133,0.4671469032764435,2
09:32:29.954,2.5772924423217773,197.41500854492188,19.259044647216797,0.15334197878837585,-0.2200879007577896,0.13136954605579376,2
09:32:29.963,4.0160322189331055,197.33753967285156,19.2680721282959,0.2143915891647339,-0.18956083059310913,-0.2044055461883545,2
09:32:29.980,5.493203639984131,198.22576904296875,19.17999267578125,-0.06033390015363693,0.3904149532318115,-0.4791310429573059,2
09:32:29.980,0.6050059795379639,196.052734375,19.398698806762695,-0.9455599784851074,0.5430389642715454,0.22294394671916962,2
09:32:30.022,2.1493208408355713,199.71571350097656,19.032958984375,-0.06033390015363693,-0.1285112202167511,0.009270328097045422,2
09:32:30.024,3.5447287559509277,198.28494262695312,19.177387237548828,0.45859000086784363,-0.49481111764907837,0.039795130491256714,2
09:32:30.024,5.006900310516357,198.5287322998047,19.153759002685547,0.15334197878837585,0.2988405227661133,-0.2349303513765335,2
09:32:30.024,0.14830756187438965,196.3330078125,19.374189376831055,-0.4571585953235626,0.3598901331424713,0.039795130491256714,2
09:32:30.028,1.6508415937423706,199.7921600341797,19.029293060302734,-0.21295791864395142,-0.06746162474155426,0.16189435124397278,2
09:32:30.044,3.0615787506103516,198.1904754638672,19.1900691986084,0.03124050982296467,-0.2200879007577896,-0.05177927762269974,2
09:32:30.062,4.517788887023926,198.19717407226562,19.190208435058594,0.12281718105077744,-0.06746162474155426,-0.5707054734230042,2
09:32:30.062,5.978179454803467,198.251708984375,19.18565559387207,0.061765313148498535,0.42093974351882935,-0.3570295572280884,2
09:32:30.085,1.1341789960861206,199.6847381591797,19.043703079223633,-0.4266338050365448,0.3598901331424713,0.25346875190734863,2
09:32:30.085,2.562065362930298,197.07015991210938,19.305809020996094,-0.06033390015363693,-0.5863878130912781,0.16189435124397278,2
09:32:30.093,3.979227066040039,196.61712646484375,19.352779388427734,0.8248921632766724,-0.8611132502555847,0.009270328097045422,2
09:32:30.111,5.507040977478027,199.40782165527344,19.074535369873047,0.12281718105077744,0.45146453380584717,-0.601230263710022,2
09:32:30.136,0.5990637540817261,196.43814086914062,19.372385025024414,-1.128708839416504,0.8177621960639954,0.039795130491256714,2
09:32:30.136,2.173022508621216,198.61521911621094,19.154592514038086,-0.029809094965457916,-0.006412014830857515,0.13136954605579376,2
09:32:30.136,3.5724494457244873,199.1092987060547,19.105749130249023,0.3975403904914856,-0.49481111764907837,0.13136954605579376,2
09:32:30.142,5.04461669921875,199.53457641601562,19.063533782958984,0.03124050982296467,-0.036936819553375244,-0.2349303513765335,2
09:32:30.158,0.18924091756343842,197.66615295410156,19.250734329223633,-0.36558419466018677,0.26831573247909546,0.039795130491256714,2
09:32:30.158,1.6500059366226196,198.71542358398438,19.146732330322266,-0.7013592720031738,-0.036936819553375244,0.28399354219436646,2
09:32:30.200,3.0711371898651123,197.65586853027344,19.253692626953125,-0.06033390015363693,-0.6474373936653137,0.3450431525707245,2
09:32:30.200,4.543619155883789,198.01541137695312,19.218273162841797,0.5196396112442017,-0.06746162474155426,-0.4486062228679657,2
09:32:30.200,6.034353256225586,199.4522247314453,19.075151443481445,-0.12138350307941437,0.26831573247909546,-0.4180814325809479,2
09:32:30.200,1.2012012004852295,200.28237915039062,18.992855072021484,-0.30453458428382874,0.26831573247909546,0.25346875190734863,2
09:32:30.207,2.6229889392852783,198.14830017089844,19.206531524658203,0.061765313148498535,-0.4032367169857025,0.5281965136528015,2
09:32:30.223,4.122966766357422,199.60748291015625,19.061079025268555,0.33649080991744995,-0.006412014830857515,-0.2654551565647125,2
09:32:30.265,5.5470805168151855,197.74073791503906,19.248003005981445,0.061765313148498535,0.5735637545585632,-0.601230263710022,2
09:32:30.265,0.7012906074523926,197.85621643066406,19.237552642822266,-0.5792600512504578,0.5125141739845276,0.13136954605579376,2
09:32:30.265,2.2177839279174805,197.2179718017578,19.301313400268555,-0.1824331134557724,-0.18956083059310913,0.13136954605579376,2
09:32:30.265,3.6386842727661133,199.1575469970703,19.1083984375,0.2449163943529129,-0.46428632736206055,0.039795130491256714,2
09:32:30.271,5.121340751647949,199.9370880126953,19.03057861328125,-0.12138350307941437,0.02411278896033764,-0.32650476694107056,2
09:32:30.287,0.2319948673248291,197.33929443359375,19.291051864624023,-0.2434849739074707,0.5430389642715454,0.10084474086761475,2
09:32:30.287,1.756718397140503,200.5784149169922,18.967679977416992,-0.09085870534181595,-0.06746162474155426,-0.11283113807439804,2
09:32:30.304,3.1580638885498047,198.99720764160156,19.126379013061523,0.12281718105077744,-0.31166231632232666,0.039795130491256714,2
09:32:30.328,4.622786521911621,198.62527465820312,19.164119720458984,0.18386678397655487,0.02411278896033764,-0.32650476694107056,2
09:32:30.328,6.077941417694092,198.70188903808594,19.15709686279297,-0.3961089849472046,0.3293653428554535,-0.17388074100017548,2
09:32:30.328,1.230670690536499,199.2644500732422,19.10213851928711,-0.6403096914291382,0.2377864122390747,0.28399354219436646,2
09:32:30.352,2.6630609035491943,197.36813354492188,19.292522430419922,0.2143915891647339,-0.3421871066093445,0.3755679726600647,2
09:32:30.352,4.114744186401367,197.8038330078125,19.250139236450195,0.30596598982810974,-0.28113749623298645,-0.3570295572280884,2
09:32:30.368,5.593852996826172,198.95469665527344,19.135692596435547,0.0007157073123380542,0.26831573247909546,-0.4486062228679657,2
09:32:30.368,0.7085092067718506,196.71417236328125,19.3608455657959,-0.9150351881980896,0.5735637545585632,0.1924191415309906,2
09:32:30.391,2.235387086868286,197.96656799316406,19.23573112487793,0.0007157073123380542,-0.09798642247915268,0.009270328097045422,2
09:32:30.391,3.6719329357147217,198.9672393798828,19.136491775512695,0.15334197878837585,-0.28113749623298645,-0.05177927762269974,2
09:32:30.400,5.116215229034424,198.5618896484375,19.17761993408203,0.061765313148498535,0.17673680186271667,-0.3570295572280884,2
09:32:30.416,0.276017963886261,197.95016479492188,19.239511489868164,-0.5792600512504578,0.3904149532318115,0.13136954605579376,2
09:32:30.461,1.752587080001831,199.06466674804688,19.128768920898438,-0.09085870534181595,-0.06746162474155426,0.009270328097045422,2
09:32:30.461,3.167602777481079,198.84552001953125,19.151784896850586,0.09229237586259842,-0.49481111764907837,0.16189435124397278,2
09:32:30.461,4.64419412612915,198.52793884277344,19.184181213378906,0.48911482095718384,0.054637592285871506,-0.4791310429573059,2
09:32:30.461,6.109488010406494,198.94076538085938,19.143468856811523,-0.3961089849472046,0.14621199667453766,-0.11283113807439804,2
09:32:30.461,1.280430555343628,199.33139038085938,19.105222702026367,-0.21295791864395142,0.2377864122390747,0.22294394671916962,2
09:32:30.479,2.6762325763702393,196.83157348632812,19.356000900268555,0.03124050982296467,-0.5558629631996155,0.5281965136528015,2
09:32:30.479,4.166543483734131,199.4152374267578,19.098535537719727,0.2754411995410919,-0.1285112202167511,-0.32650476694107056,2
09:32:30.496,5.595370292663574,196.85179138183594,19.355457305908203,0.03124050982296467,0.5430389642715454,-0.6928068995475769,2
09:32:30.527,0.7164780497550964,196.0470428466797,19.437734603881836,-0.7318840622901917,0.6346133947372437,0.13136954605579376,2
09:32:30.527,2.240321397781372,197.29310607910156,19.313535690307617,-0.029809094965457916,-0.31166231632232666,0.039795130491256714,2
09:32:30.527,3.6661531925201416,198.45335388183594,19.198644638061523,0.30596598982810974,-0.49481111764907837,-0.14335595071315765,2
09:32:30.527,5.163984298706055,199.51905822753906,19.092529296875,0.15334197878837585,0.2377864122390747,-0.32650476694107056,2
09:32:30.543,0.2743671238422394,197.02676391601562,19.342527389526367,-0.4571585953235626,0.42093974351882935,0.039795130491256714,2
09:32:30.560,1.7710556983947754,199.4162139892578,19.104434967041016,0.03124050982296467,0.02411278896033764,0.009270328097045422,2
09:32:30.560,3.183079719543457,198.04510498046875,19.242401123046875,0.061765313148498535,-0.49481111764907837,-0.05177927762269974,2
09:32:30.601,4.633345603942871,197.51483154296875,19.296449661254883,0.2754411995410919,-0.15903602540493011,-0.4486062228679657,2
09:32:30.601,6.0969038009643555,198.1576690673828,19.233211517333984,-0.30453458428382874,0.42093974351882935,-0.02125447429716587,2
09:32:30.601,1.2594891786575317,199.44447326660156,19.10590171813965,-0.4266338050365448,0.14621199667453766,0.22294394671916962,2
09:32:30.606,2.6988465785980225,197.8180694580078,19.269176483154297,-0.029809094965457916,-0.15903602540493011,0.10084474086761475,2
09:32:30.607,4.135848045349121,197.64710998535156,19.28742218017578,0.18386678397655487,-0.006412014830857515,-0.38755661249160767,2
09:32:30.623,5.608018398284912,198.02476501464844,19.250568389892578,-0.33505937457084656,0.45146453380584717,-0.6928068995475769,2
09:32:30.666,0.7229504585266113,196.2834014892578,19.426054000854492,-0.7929337024688721,0.5430389642715454,0.16189435124397278,2
09:32:30.666,2.224360466003418,197.10928344726562,19.344085693359375,0.061765313148498535,-0.28113749623298645,0.22294394671916962,2
09:32:30.666,3.669097900390625,198.28683471679688,19.22759246826172,0.3975403904914856,-0.6169126033782959,0.10084474086761475,2
09:32:30.671,5.1432318687438965,199.041748046875,19.152738571166992,0.03124050982296467,0.2377864122390747,-0.38755661249160767,2
09:32:30.671,0.2511042356491089,196.3460693359375,19.423282623291016,-0.7318840622901917,0.5125141739845276,0.009270328097045422,2
09:32:30.688,1.7852002382278442,200.34634399414062,19.02398109436035,-0.12138350307941437,-0.18956083059310913,-0.02125447429716587,2
09:32:30.688,3.207162380218506,198.66207885742188,19.192838668823242,0.2754411995410919,-0.25061270594596863,0.039795130491256714,2
09:32:30.714,4.665156364440918,198.876220703125,19.17205047607422,0.48911482095718384,-0.036936819553375244,-0.4791310429573059,2
09:32:30.714,6.1319684982299805,199.215576171875,19.138582229614258,-0.3961089849472046,0.11568719893693924,-0.14335595071315765,2
09:32:30.718,1.2978665828704834,200.10809326171875,19.050291061401367,-0.4266338050365448,0.08516239374876022,0.28399354219436646,2
09:32:30.734,2.7114531993865967,197.72628784179688,19.288972854614258,-0.09085870534181595,-0.3727118968963623,0.16189435124397278,2
09:32:30.752,4.1481828689575195,198.82156372070312,19.180803298950195,0.6417433619499207,-0.6169126033782959,-0.2349303513765335,2
09:32:30.781,5.65077018737793,199.2208251953125,19.141437530517578,-0.06033390015363693,0.45146453380584717,-0.5707054734230042,2
09:32:30.783,0.7537187933921814,196.64166259765625,19.400423049926758,-1.0371344089508057,0.8788163065910339,0.10084474086761475,2
09:32:30.783,2.2902677059173584,198.72186279296875,19.192174911499023,0.0007157073123380542,-0.1285112202167511,0.1924191415309906,2
09:32:30.783,3.729851722717285,199.2119598388672,19.143699645996094,0.2754411995410919,-0.49481111764907837,0.009270328097045422,2
09:32:30.798,5.2098612785339355,199.99197387695312,19.06580924987793,0.15334197878837585,0.17673680186271667,-0.14335595071315765,2
09:32:30.798,0.3392733633518219,197.88412475585938,19.277042388916016,-0.670834481716156,0.45146453380584717,0.13136954605579376,2
09:32:30.815,1.7982333898544312,198.529296875,19.213354110717773,-0.670834481716156,0.02411278896033764,0.31451836228370667,2
09:32:30.840,3.2628118991851807,200.0153350830078,19.065746307373047,0.15334197878837585,-0.7695366144180298,0.25346875190734863,2
09:32:30.840,4.722771167755127,198.77386474609375,19.19013023376465,0.6722681522369385,0.054637592285871506,-0.4180814325809479,2
09:32:30.840,6.195005893707275,199.56094360351562,19.11180305480957,-0.21295791864395142,0.17673680186271667,-0.2654551565647125,2
09:32:30.862,1.39481782913208,200.80235290527344,18.988027572631836,-0.2740097641944885,0.054637592285871506,0.13136954605579376,2
09:32:30.862,2.8100011348724365,198.7180633544922,19.19658088684082,-0.029809094965457916,-0.5253381729125977,0.43662208318710327,2
09:32:30.881,4.303772926330566,199.8289794921875,19.085617065429688,0.15334197878837585,0.02411278896033764,-0.32650476694107056,2
09:32:30.881,5.706940174102783,197.62298583984375,19.306602478027344,0.0007157073123380542,0.7261877655982971,-0.8759557604789734,2
09:32:30.918,0.8886016011238098,198.10232543945312,19.25974464416504,-0.7013592720031738,0.5125141739845276,0.16189435124397278,2
09:32:30.918,2.3476901054382324,197.28309631347656,19.341630935668945,0.03124050982296467,-0.25061270594596863,0.40609729290008545,2
09:32:30.918,3.81264328956604,199.25839233398438,19.145000457763672,0.30596598982810974,-0.43376150727272034,0.07031993567943573,2
09:32:30.918,5.298264026641846,198.965087890625,19.174436569213867,-0.15190830826759338,0.14621199667453766,-0.4486062228679657,2
09:32:30.944,0.4123186767101288,197.36363220214844,19.33534812927246,-0.7624089121818542,0.5125141739845276,0.10084474086761475,2
09:32:30.992,1.9526921510696411,201.1221160888672,18.95965003967285,0.03124050982296467,0.02411278896033764,0.07031993567943573,2
09:32:31.023,3.3646786212921143,199.2732696533203,19.14497947692871,0.0007157073123380542,-0.3727118968963623,0.07031993567943573,2
09:32:31.023,4.8173699378967285,198.87664794921875,19.18511962890625,0.15334197878837585,0.08516239374876022,-0.2044055461883545,2
09:32:31.023,6.277655601501465,198.89785766601562,19.18356704711914,-0.4266338050365448,0.3293653428554535,-0.02125447429716587,2
09:32:31.023,1.4435038566589355,199.38912963867188,19.135526657104492,-0.4571585953235626,0.02411278896033764,0.16189435124397278,2
09:32:31.023,2.848968744277954,197.46681213378906,19.328548431396484,0.15334197878837585,-0.28113749623298645,0.28399354219436646,2
09:32:31.024,4.315768241882324,198.50933837890625,19.22541618347168,0.2754411995410919,-0.09798642247915268,-0.5096558332443237,2
09:32:31.024,5.807778358459473,199.3400115966797,19.142852783203125,0.12281718105077744,0.3598901331424713,-0.38755661249160767,2
09:32:31.024,0.894676685333252,196.76406860351562,19.401592254638672,-0.9455599784851074,0.8788163065910339,0.13136954605579376,2
09:32:31.063,2.409801959991455,198.05545043945312,19.27227210998535,-0.21295791864395142,-0.18956083059310913,0.10084474086761475,2
09:32:31.063,3.88059401512146,199.5413818359375,19.124250411987305,0.03124050982296467,-0.1285112202167511,-0.08230634033679962,2
09:32:31.063,5.324243068695068,198.57569885253906,19.22128677368164,-0.15190830826759338,0.3598901331424713,-0.3570295572280884,2
09:32:31.063,0.4854775369167328,198.53611755371094,19.225910186767578,-0.48768338561058044,0.26831573247909546,0.10084474086761475,2
09:32:31.070,1.9515472650527954,198.8625946044922,19.193864822387695,0.0007157073123380542,-0.18956083059310913,0.1924191415309906,2
09:32:31.114,3.4008877277374268,199.068603515625,19.17430877685547,0.18386678397655487,-0.28113749623298645,0.10084474086761475,2
09:32:31.114,4.850069046020508,198.3497772216797,19.246875762939453,0.18386678397655487,-0.006412014830857515,-0.5096558332443237,2
09:32:31.114,0.03566118702292442,198.4678192138672,19.23558235168457,-0.2740097641944885,0.11568719893693924,-0.08230634033679962,2
09:32:31.114,1.511548399925232,199.7063446044922,19.11223793029785,-0.21295791864395142,0.054637592285871506,-0.02125447429716587,2
09:32:31.133,2.900137186050415,197.40379333496094,19.343263626098633,0.03124050982296467,-0.5253381729125977,0.4976716935634613,2
09:32:31.133,4.401988983154297,199.521240234375,19.132184982299805,0.33649080991744995,0.054637592285871506,-0.2044055461883545,2
09:32:31.175,5.8108415603637695,197.4031982421875,19.34465980529785,-0.09085870534181595,0.6346133947372437,-0.5401806235313416,2
09:32:31.175,0.9419393539428711,196.44961547851562,19.441614151000977,-0.9455599784851074,0.6346133947372437,0.10084474086761475,2
09:32:31.175,2.434521436691284,197.59596252441406,19.327259063720703,0.03124050982296467,-0.43376150727272034,0.4976716935634613,2
09:32:31.175,3.914560556411743,199.16029357910156,19.171571731567383,0.18386678397655487,-0.18956083059310913,0.10084474086761475,2
09:32:31.180,5.401675701141357,198.883056640625,19.19923210144043,-0.06033390015363693,0.2072616070508957,-0.3570295572280884,2
09:32:31.198,0.5155898928642273,197.56820678710938,19.331562042236328,-0.5182082056999207,0.3293653428554535,0.009270328097045422,2
09:32:31.239,2.0173449516296387,199.60707092285156,19.128280639648438,-0.12138350307941437,-0.28113749623298645,-0.02125447429716587,2
09:32:31.246,3.420318603515625,197.76693725585938,19.31327247619629,0.12281718105077744,-0.49481111764907837,0.039795130491256714,2
09:32:31.246,4.864418983459473,197.61253356933594,19.329864501953125,0.33649080991744995,0.14621199667453766,-0.4180814325809479,2
09:32:31.246,0.05269487947225571,197.1494140625,19.377155303955078,-0.4266338050365448,0.42093974351882935,0.009270328097045422,2
09:32:31.246,1.5394214391708374,199.8961639404297,19.1033935546875,-0.33505937457084656,0.08516239374876022,0.13136954605579376,2
09:32:31.259,2.959031105041504,198.2681121826172,19.266740798950195,0.12281718105077744,-0.2200879007577896,0.22294394671916962,2
09:32:31.259,4.423006534576416,198.9900360107422,19.195425033569336,0.30596598982810974,-0.06746162474155426,-0.4180814325809479,2
09:32:31.297,5.872220039367676,198.53866577148438,19.241134643554688,-0.029809094965457916,0.45146453380584717,-0.5707054734230042,2
09:32:31.297,1.0082910060882568,199.88331604003906,19.10783576965332,-0.7318840622901917,0.5125141739845276,0.16189435124397278,2
09:32:31.297,2.4747326374053955,197.56190490722656,19.34029769897461,0.0007157073123380542,-0.3421871066093445,0.3755679726600647,2
09:32:31.306,3.95768141746521,199.1345672607422,19.18377685546875,0.2754411995410919,-0.31166231632232666,-0.17388074100017548,2
09:32:31.360,5.422595977783203,198.94114685058594,19.203428268432617,-0.06033390015363693,0.42093974351882935,-0.38755661249160767,2
09:32:31.360,0.5225170850753784,196.74192810058594,19.424297332763672,-1.0371344089508057,0.5430389642715454,0.039795130491256714,2
09:32:31.360,2.0732405185699463,200.47323608398438,19.051456451416016,0.0007157073123380542,-0.18956083059310913,0.13136954605579376,2
09:32:31.360,3.488893508911133,198.69595336914062,19.229793548583984,0.3670156002044678,-0.2200879007577896,0.009270328097045422,2
09:32:31.360,4.932334899902344,198.40875244140625,19.259281158447266,0.061765313148498535,0.11568719893693924,-0.38755661249160767,2
09:32:31.360,0.0965830385684967,197.24395751953125,19.376419067382812,-0.36558419466018677,0.45146453380584717,0.13136954605579376,2
09:32:31.370,1.591657042503357,200.1163330078125,19.090015411376953,-0.2740097641944885,0.08516239374876022,-0.05177927762269974,2
09:32:31.387,2.9882352352142334,197.73497009277344,19.328874588012695,-0.36558419466018677,-0.3421871066093445,0.07031993567943573,2
09:32:31.424,4.454010963439941,198.7677764892578,19.226877212524414,0.45859000086784363,-0.1285112202167511,-0.5707054734230042,2
09:32:31.424,5.943216323852539,199.6772003173828,19.136384963989258,-0.12138350307941437,0.2988405227661133,-0.38755661249160767,2
09:32:31.424,1.0732771158218384,201.54434204101562,18.950645446777344,-1.0676591396331787,0.9703907370567322,0.039795130491256714,2
09:32:31.424,2.554170846939087,198.86880493164062,19.21792984008789,0.03124050982296467,-0.43376150727272034,0.43662208318710327,2
09:32:31.433,4.022670269012451,199.66566467285156,19.13864517211914,0.09229237586259842,-0.3727118968963623,-0.2044055461883545,2
09:32:31.490,5.50454568862915,200.25917053222656,19.07929229736328,0.18386678397655487,0.26831573247909546,-0.29597994685173035,2
09:32:31.491,0.6303350925445557,198.09054565429688,19.29653549194336,-0.09085870534181595,0.3904149532318115,0.22294394671916962,2
09:32:31.520,2.1156373023986816,199.3975372314453,19.166288375854492,0.2143915891647339,-0.18956083059310913,0.28399354219436646,2
09:32:31.520,3.581803560256958,200.2515106201172,19.081552505493164,0.3670156002044678,-0.43376150727272034,0.009270328097045422,2
09:32:31.520,5.011136531829834,198.81410217285156,19.225601196289062,0.45859000086784363,0.26831573247909546,-0.4486062228679657,2
09:32:31.520,0.19082681834697723,198.5113067626953,19.25624656677246,-0.48768338561058044,0.3293653428554535,0.009270328097045422,2
09:32:31.521,1.6935958862304688,200.59632873535156,19.048002243041992,-0.33505937457084656,0.054637592285871506,0.10084474086761475,2
09:32:31.521,3.117880344390869,200.50900268554688,19.057077407836914,0.3670156002044678,-0.46428632736206055,0.1924191415309906,2
09:32:31.521,4.616559028625488,200.3189697265625,19.075824737548828,-0.029809094965457916,-0.06746162474155426,-0.32650476694107056,2
09:32:31.556,6.02222204208374,198.34934997558594,19.273164749145508,-0.1824331134557724,0.7261877655982971,-0.6622798442840576,2
09:32:31.556,1.2523123025894165,201.29347229003906,18.979310989379883,-0.3961089849472046,0.08516239374876022,0.31451836228370667,2
09:32:31.556,2.6294140815734863,197.31289672851562,19.377439498901367,0.03124050982296467,-0.6474373936653137,0.7113453149795532,2
09:32:31.561,4.1224212646484375,199.29367065429688,19.180028915405273,0.2143915891647339,-0.15903602540493011,-0.11283113807439804,2
09:32:31.578,5.602931499481201,199.42922973632812,19.166547775268555,0.061765313148498535,0.2377864122390747,-0.6928068995475769,2
09:32:31.578,0.7106838226318359,197.42300415039062,19.36797332763672,-0.7929337024688721,0.45146453380584717,0.039795130491256714,2
09:32:31.614,2.2375519275665283,198.42889404296875,19.26723861694336,-0.06033390015363693,-0.18956083059310913,0.009270328097045422,2
09:32:31.614,3.6691036224365234,199.34507751464844,19.17625617980957,0.2143915891647339,-0.49481111764907837,0.039795130491256714,2
09:32:31.614,5.130866527557373,199.04808044433594,19.20638656616211,-0.12138350307941437,0.2072616070508957,-0.38755661249160767,2
09:32:31.626,0.26471737027168274,197.28683471679688,19.38319206237793,-0.48768338561058044,0.5125141739845276,0.07031993567943573,2
09:32:31.664,1.7663549184799194,199.74667358398438,19.13793182373047,-0.21295791864395142,-0.036936819553375244,-0.02125447429716587,2
09:32:31.664,3.1626293659210205,198.23873901367188,19.28960609436035,0.2449163943529129,-0.3727118968963623,0.22294394671916962,2
09:32:31.664,4.663885593414307,199.35812377929688,19.178354263305664,0.33649080991744995,0.054637592285871506,-0.4180814325809479,2
09:32:31.664,6.133738994598389,199.6050567626953,19.153921127319336,-0.36558419466018677,0.26831573247909546,-0.02125447429716587,2
09:32:31.673,1.3015116453170776,200.88951110839844,19.026323318481445,-0.5182082056999207,0.14621199667453766,0.3450431525707245,2
09:32:31.691,2.723681688308716,198.3516387939453,19.28028678894043,0.15334197878837585,-0.31166231632232666,0.3450431525707245,2
09:32:31.726,4.201907157897949,199.28457641601562,19.187509536743164,0.3670156002044678,0.054637592285871506,-0.29597994685173035,2
09:32:31.726,5.660722732543945,199.11355590820312,19.204994201660156,0.09229237586259842,0.3598901331424713,-0.6317550539970398,2
09:32:31.726,0.8109647631645203,198.46910095214844,19.27001190185547,-0.30453458428382874,0.14621199667453766,0.28399354219436646,2
09:32:31.726,2.2700247764587402,197.52223205566406,19.365137100219727,0.09229237586259842,-0.31166231632232666,0.3450431525707245,2
09:32:31.737,3.737403392791748,199.1340789794922,19.204849243164062,0.2754411995410919,-0.49481111764907837,-0.02125447429716587,2
09:32:31.737,5.191239833831787,198.75575256347656,19.243244171142578,0.061765313148498535,0.3293653428554535,-0.4791310429573059,2
09:32:31.792,0.3630297780036926,198.472412109375,19.271852493286133,-0.3961089849472046,0.14621199667453766,0.07031993567943573,2
09:32:31.798,1.8531062602996826,199.84693908691406,19.13470458984375,-0.2434849739074707,-0.15903602540493011,0.07031993567943573,2
09:32:31.798,3.2568295001983643,198.75161743164062,19.245168685913086,0.33649080991744995,-0.49481111764907837,0.16189435124397278,2
09:32:31.798,4.752330303192139,199.62452697753906,19.158363342285156,-0.029809094965457916,-0.15903602540493011,-0.32650476694107056,2
09:32:31.798,6.143002510070801,197.4742431640625,19.37429428100586,-0.33505937457084656,0.5735637545585632,-0.29597994685173035,2
09:32:31.801,1.3678113222122192,200.4842071533203,19.074522018432617,-0.7318840622901917,0.17673680186271667,0.3450431525707245,2
09:32:31.819,2.763016939163208,197.62709045410156,19.36063575744629,0.03124050982296467,-0.6169126033782959,0.5587213039398193,2
09:32:31.819,4.271101474761963,200.52239990234375,19.071613311767578,0.18386678397655487,-0.06746162474155426,-0.2654551565647125,2
09:32:31.855,5.716732501983643,198.9569854736328,19.22815704345703,-0.12138350307941437,0.2377864122390747,-0.4791310429573059,2
09:32:31.855,0.8488402962684631,197.7224578857422,19.352447509765625,-0.5487352609634399,0.26831573247909546,0.10084474086761475,2
09:32:31.855,2.3461897373199463,198.66375732421875,19.2585391998291,0.061765313148498535,-0.28113749623298645,0.25346875190734863,2
09:32:31.865,3.7808432579040527,198.0663299560547,19.319040298461914,0.30596598982810974,-0.2200879007577896,0.039795130491256714,2
09:32:31.883,5.2226457595825195,198.41343688964844,19.285385131835938,-0.09085870534181595,0.26831573247909546,-0.38755661249160767,2
09:32:31.920,0.379395067691803,197.18643188476562,19.409109115600586,-0.5182082056999207,0.604088544845581,0.13136954605579376,2
09:32:31.921,1.8944118022918701,199.71583557128906,19.156801223754883,-0.09085870534181595,-0.1285112202167511,0.13136954605579376,2
09:32:31.921,3.3066489696502686,198.15513610839844,19.313539505004883,0.18386678397655487,-0.4032367169857025,-0.05177927762269974,2
09:32:31.921,4.772538185119629,198.79385375976562,19.250455856323242,0.2754411995410919,0.11568719893693924,-0.2654551565647125,2
09:32:31.921,6.2382025718688965,198.82928466796875,19.2475528717041,-0.36558419466018677,0.26831573247909546,-0.11283113807439804,2
09:32:31.930,1.4117329120635986,199.6823272705078,19.163421630859375,-0.5792600512504578,0.02411278896033764,0.31451836228370667,2
09:32:31.947,2.814162254333496,197.39169311523438,19.393264770507812,0.09229237586259842,-0.49481111764907837,0.4671469032764435,2
09:32:31.981,4.310944080352783,199.11717224121094,19.22136116027832,0.30596598982810974,-0.18956083059310913,-0.2349303513765335,2
09:32:31.981,5.768415927886963,198.96572875976562,19.236942291259766,0.0007157073123380542,0.42093974351882935,-0.5401806235313416,2
09:32:31.981,0.8656426668167114,196.77391052246094,19.457334518432617,-0.8234584927558899,0.8177621960639954,0.22294394671916962,2
09:32:31.981,2.391477108001709,198.75816345214844,19.258920669555664,-0.029809094965457916,-0.31166231632232666,0.1924191415309906,2
09:32:31.994,3.8389732837677,198.88400268554688,19.2469539642334,0.09229237586259842,-0.2200879007577896,-0.05177927762269974,2
09:32:32.012,5.300203323364258,199.19862365722656,19.216106414794922,0.061765313148498535,0.2988405227661133,-0.4791310429573059,2
09:32:32.012,0.4309856593608856,197.262451171875,19.410398483276367,-0.7013592720031738,0.45146453380584717,0.039795130491256714,2
09:32:32.056,1.9590381383895874,200.52064514160156,19.084896087646484,0.2143915891647339,-0.18956083059310913,0.16189435124397278,2
09:32:32.056,3.3469901084899902,197.82943725585938,19.354816436767578,0.30596598982810974,-0.46428632736206055,0.16189435124397278,2
09:32:32.056,4.838641166687012,199.4033203125,19.19816780090332,0.3670156002044678,0.14621199667453766,-0.38755661249160767,2
09:32:32.056,0.04215036705136299,200.17144775390625,19.12141990661621,-0.36558419466018677,0.3293653428554535,0.039795130491256714,2
09:32:32.058,1.508589267730713,202.03128051757812,18.936193466186523,0.0007157073123380542,0.17673680186271667,0.1924191415309906,2
09:32:32.075,2.90799617767334,199.1626739501953,19.222862243652344,0.15334197878837585,-0.25061270594596863,0.31451836228370667,2
09:32:32.116,4.393658638000488,200.37094116210938,19.10223388671875,0.2449163943529129,-0.15903602540493011,-0.38755661249160767,2
09:32:32.116,5.867232322692871,199.9910430908203,19.140079498291016,-0.12138350307941437,0.2377864122390747,-0.5096558332443237,2
09:32:32.116,0.9801368117332458,197.88088989257812,19.35179901123047,2.137467622756958,0.3904149532318115,0.07031993567943573,2
09:32:32.116,2.4477615356445312,198.21304321289062,19.319236755371094,-0.15190830826759338,-0.5253381729125977,0.3755679726600647,2
09:32:32.121,3.9487669467926025,200.02880859375,19.13805389404297,0.15334197878837585,-0.25061270594596863,-0.2044055461883545,2
09:32:32.138,5.388106822967529,199.88682556152344,19.15269660949707,0.12281718105077744,0.3904149532318115,-0.601230263710022,2
09:32:32.167,0.5591078996658325,198.83265686035156,19.258363723754883,-0.7929337024688721,0.2988405227661133,0.1924191415309906,2
09:32:32.184,2.0859925746917725,201.37342834472656,19.003999710083008,-0.09085870534181595,-0.1285112202167511,0.16189435124397278,2
09:32:32.184,3.5147132873535156,200.2588348388672,19.115665435791016,0.12281718105077744,-0.4032367169857025,0.009270328097045422,2
09:32:32.184,4.996826648712158,200.62411499023438,19.078933715820312,0.30596598982810974,0.02411278896033764,-0.2044055461883545,2
09:32:32.184,0.11534473299980164,198.36070251464844,19.305749893188477,-0.4571585953235626,0.5125141739845276,-0.02125447429716587,2
09:32:32.205,1.6434820890426636,201.3334503173828,19.008644104003906,1.0080410242080688,0.17673680186271667,0.07031993567943573,2
09:32:32.205,3.0009894371032715,197.72235107421875,19.370243072509766,0.0007157073123380542,-0.8305884599685669,0.5892460942268372,2
09:32:32.240,4.525878429412842,200.21701049804688,19.12101936340332,0.30596598982810974,-0.18956083059310913,-0.38755661249160767,2
09:32:32.240,5.974292278289795,199.50787353515625,19.192058563232422,-0.029809094965457916,0.3293653428554535,-0.3570295572280884,2
09:32:32.240,1.1517109870910645,201.6090850830078,18.98257827758789,-0.5792600512504578,0.2377864122390747,0.16189435124397278,2
09:32:32.240,2.5965864658355713,198.92311096191406,19.250810623168945,-0.12138350307941437,-0.3727118968963623,0.22294394671916962,2
09:32:32.249,4.071683406829834,199.71791076660156,19.171598434448242,0.03124050982296467,-0.036936819553375244,-0.2044055461883545,2
09:32:32.269,5.525841236114502,199.14404296875,19.22934913635254,0.09229237586259842,0.604088544845581,-0.4791310429573059,2
09:32:32.310,0.6520453691482544,197.48204040527344,19.396373748779297,-0.7929337024688721,0.26831573247909546,0.1924191415309906,2
09:32:32.311,2.157320261001587,198.1422882080078,19.330652236938477,0.0007157073123380542,-0.2200879007577896,0.16189435124397278,2
09:32:32.311,3.583921432495117,198.42762756347656,19.303009033203125,0.4280652105808258,-0.5253381729125977,-0.08230634033679962,2
09:32:32.311,5.065882682800293,199.365966796875,19.209678649902344,0.12281718105077744,0.02411278896033764,-0.29597994685173035,2
09:32:32.311,0.2018909603357315,197.27188110351562,19.419490814208984,-0.5182082056999207,0.3598901331424713,0.039795130491256714,2
09:32:32.350,1.7415130138397217,201.45220947265625,19.00184440612793,-0.2434849739074707,0.054637592285871506,-0.05177927762269974,2
09:32:32.350,3.13397479057312,199.4711456298828,19.20022201538086,0.15334197878837585,-0.3727118968963623,0.009270328097045422,2
09:32:32.350,4.6142897605896,199.4940185546875,19.198190689086914,0.2754411995410919,-0.15903602540493011,-0.38755661249160767,2
09:32:32.350,6.054296016693115,198.9220733642578,19.255794525146484,-0.1824331134557724,0.3293653428554535,-0.38755661249160767,2
09:32:32.360,1.2330313920974731,199.36634826660156,19.2120361328125,-1.0676591396331787,0.11568719893693924,0.25346875190734863,2
09:32:32.377,2.645911455154419,197.46031188964844,19.403289794921875,0.03124050982296467,-0.739011824131012,0.4976716935634613,2
09:32:32.403,4.145045757293701,199.44973754882812,19.204910278320312,0.2754411995410919,-0.1285112202167511,-0.38755661249160767,2
09:32:32.403,5.618295669555664,199.80908203125,19.16934585571289,0.0007157073123380542,0.3904149532318115,-0.4791310429573059,2
09:32:32.403,0.7667386531829834,198.7489776611328,19.275705337524414,-0.3961089849472046,0.02411278896033764,0.10084474086761475,2
09:32:32.408,2.244927406311035,197.98866271972656,19.351709365844727,0.0007157073123380542,-0.18956083059310913,0.009270328097045422,2
09:32:32.424,3.6813459396362305,198.9851531982422,19.25286102294922,0.2754411995410919,-0.4032367169857025,-0.02125447429716587,2
09:32:32.441,5.190037727355957,200.29696655273438,19.121749877929688,0.12281718105077744,0.26831573247909546,-0.29597994685173035,2
09:32:32.469,0.26660406589508057,196.6446990966797,19.48795509338379,0.2754411995410919,0.3293653428554535,-0.05177927762269974,2
09:32:32.469,1.7949594259262085,200.3920135498047,19.113868713378906,-0.15190830826759338,0.02411278896033764,0.1924191415309906,2
09:32:32.469,3.193000078201294,199.0501251220703,19.248838424682617,0.30596598982810974,-0.49481111764907837,0.10084474086761475,2
09:32:32.469,4.7132368087768555,200.5288543701172,19.101194381713867,0.09229237586259842,0.02411278896033764,-0.14335595071315765,2
09:32:32.488,6.1363420486450195,198.8358154296875,19.270801544189453,-0.2740097641944885,0.3598901331424713,0.009270328097045422,2
09:32:32.488,1.3112330436706543,199.70152282714844,19.18507194519043,-0.5182082056999207,0.11568719893693924,0.31451836228370667,2
09:32:32.505,2.7386884689331055,198.32861328125,19.322830200195312,0.12281718105077744,-0.31166231632232666,0.28399354219436646,2
09:32:32.543,4.1948442459106445,197.9960479736328,19.356983184814453,0.2449163943529129,0.08516239374876022,-0.32650476694107056,2
09:32:32.543,5.657810211181641,198.9320068359375,19.26422119140625,-0.06033390015363693,0.45146453380584717,-0.601230263710022,2
09:32:32.543,0.7850484848022461,197.29568481445312,19.428834915161133,-0.7624089121818542,0.3598901331424713,0.13136954605579376,2
09:32:32.543,2.291559934616089,198.55194091796875,19.303470611572266,-0.06033390015363693,-0.18956083059310913,0.22294394671916962,2
09:32:32.552,3.7386884689331055,198.7431182861328,19.284996032714844,0.30596598982810974,-0.28113749623298645,-0.11283113807439804,2
09:32:32.598,5.2071123123168945,199.26513671875,19.233247756958008,0.0007157073123380542,0.17673680186271667,-0.2654551565647125,2
09:32:32.598,0.33070608973503113,197.13031005859375,19.447546005249023,-0.6097848415374756,0.604088544845581,0.25346875190734863,2
09:32:32.600,1.8675434589385986,200.5327606201172,19.107770919799805,0.09229237586259842,-0.1285112202167511,0.009270328097045422,2
09:32:32.600,3.2572615146636963,198.86810302734375,19.275060653686523,0.18386678397655487,-0.43376150727272034,0.13136954605579376,2
09:32:32.600,4.743785858154297,199.3637237548828,19.22598648071289,0.18386678397655487,0.02411278896033764,-0.32650476694107056,2
09:32:32.615,6.204850196838379,199.1394500732422,19.24875831604004,-0.1824331134557724,0.2988405227661133,-0.08230634033679962,2
09:32:32.634,1.368721604347229,200.37994384765625,19.12579345703125,-0.5182082056999207,0.2072616070508957,0.3450431525707245,2
09:32:32.634,2.8101918697357178,198.98045349121094,19.265865325927734,0.2449163943529129,-0.43376150727272034,0.22294394671916962,2
09:32:32.663,4.2903828620910645,199.41676330566406,19.222543716430664,0.2754411995410919,0.02411278896033764,-0.11283113807439804,2
09:32:32.663,5.735529899597168,199.22940063476562,19.241580963134766,-0.09085870534181595,0.3598901331424713,-0.5096558332443237,2
09:32:32.663,0.8661096692085266,197.5489044189453,19.41059112548828,-0.7929337024688721,0.42093974351882935,0.039795130491256714,2
09:32:32.679,2.3542444705963135,197.8778839111328,19.377742767333984,0.03124050982296467,-0.31166231632232666,0.31451836228370667,2
09:32:32.679,3.7794508934020996,197.7505340576172,19.3916072845459,0.7638425827026367,-0.7084869742393494,0.10084474086761475,2
09:32:32.695,5.278648376464844,199.91851806640625,19.175357818603516,-0.09085870534181595,0.2988405227661133,-0.6317550539970398,2
09:32:32.724,0.40204399824142456,197.24118041992188,19.44347381591797,-0.9150351881980896,0.6651381850242615,0.009270328097045422,2
09:32:32.724,1.9783278703689575,202.3629150390625,18.931015014648438,0.03124050982296467,-0.06746162474155426,-0.11283113807439804,2
09:32:32.724,3.366457462310791,199.71363830566406,19.195999145507812,0.12281718105077744,-0.6169126033782959,0.07031993567943573,2
09:32:32.742,4.874435901641846,200.91209411621094,19.07599639892578,0.09229237586259842,0.11568719893693924,-0.2044055461883545,2
09:32:32.743,0.052877046167850494,200.5398406982422,19.11290740966797,-0.4266338050365448,0.2377864122390747,0.009270328097045422,2
09:32:32.760,1.4680547714233398,199.3457794189453,19.23309898376465,-0.5487352609634399,0.14621199667453766,0.4976716935634613,2
09:32:32.760,2.892758846282959,198.1558074951172,19.352724075317383,-0.029809094965457916,-0.6474373936653137,0.6808205246925354,2
09:32:32.789,4.384646415710449,198.73245239257812,19.295259475708008,0.2754411995410919,-0.1285112202167511,-0.29597994685173035,2
09:32:32.789,5.865565299987793,200.03977966308594,19.164888381958008,-0.15190830826759338,0.3293653428554535,-0.6317550539970398,2
09:32:32.789,1.0195488929748535,201.2642822265625,19.0428466796875,-0.6403096914291382,0.42093974351882935,0.1924191415309906,2
09:32:32.807,2.4972362518310547,199.38153076171875,19.230722427368164,0.03124050982296467,-0.31166231632232666,0.25346875190734863,2
09:32:32.807,3.986865282058716,200.60076904296875,19.108755111694336,0.2449163943529129,-0.1285112202167511,-0.11283113807439804,2
09:32:32.854,5.324567794799805,198.64549255371094,0.0,0.0007157073123380542,-0.006412014830857515,-0.05177927762269974,0
09:32:32.854,5.324567794799805,198.64549255371094,0.0,0.0007157073123380542,-0.036936819553375244,-0.17388074100017548,0
09:32:32.854,5.324567794799805,198.64549255371094,0.0,-0.06033390015363693,-0.006412014830857515,-0.08230634033679962,0
09:32:32.854,5.324567794799805,198.64549255371094,0.0,-0.09085870534181595,0.02411278896033764,-0.08230634033679962,0
09:32:32.870,5.324567794799805,198.64549255371094,0.0,-0.06033390015363693,0.11568719893693924,-0.05177927762269974,0
09:32:32.870,5.324567794799805,198.64549255371094,0.0,-0.09085870534181595,0.054637592285871506,-0.11283113807439804,0
09:32:32.918,5.324567794799805,198.64549255371094,0.0,-0.029809094965457916,0.08516239374876022,-0.08230634033679962,0
09:32:32.918,5.324567794799805,198.64549255371094,0.0,-0.09085870534181595,-0.006412014830857515,-0.05177927762269974,0
09:32:32.918,5.324567794799805,198.64549255371094,0.0,0.0007157073123380542,0.08516239374876022,-0.05177927762269974,0
09:32:32.918,5.324567794799805,198.64549255371094,0.0,-0.12138350307941437,0.054637592285871506,-0.11283113807439804,0
09:32:32.918,5.324567794799805,198.64549255371094,0.0,-0.12138350307941437,0.02411278896033764,-0.11283113807439804,0
09:32:32.934,5.324567794799805,198.64549255371094,0.0,-0.09085870534181595,0.14621199667453766,-0.02125447429716587,0
09:32:32.979,5.324567794799805,198.64549255371094,0.0,0.12281718105077744,0.08516239374876022,-0.05177927762269974,0
09:32:32.979,5.324567794799805,198.64549255371094,0.0,0.2449163943529129,0.14621199667453766,0.10084474086761475,0
09:32:32.988,5.324567794799805,198.64549255371094,0.0,-0.06033390015363693,0.054637592285871506,-0.02125447429716587,0
09:32:32.988,5.324567794799805,198.64549255371094,0.0,-0.029809094965457916,0.054637592285871506,-0.02125447429716587,0
09:32:32.988,5.324567794799805,198.64549255371094,0.0,0.061765313148498535,0.08516239374876022,0.07031993567943573,0
09:32:32.988,5.324567794799805,198.64549255371094,0.0,0.0007157073123380542,0.02411278896033764,0.039795130491256714,0
09:32:32.998,5.324567794799805,198.64549255371094,0.0,0.0007157073123380542,0.054637592285871506,0.009270328097045422,0
09:32:33.016,5.324567794799805,198.64549255371094,0.0,0.061765313148498535,0.054637592285871506,0.07031993567943573,0
09:32:33.043,5.324567794799805,198.64549255371094,0.0,0.061765313148498535,-0.036936819553375244,0.039795130491256714,0
09:32:33.043,5.324567794799805,198.64549255371094,0.0,-0.029809094965457916,0.02411278896033764,-0.02125447429716587,0
09:32:33.044,5.324567794799805,198.64549255371094,0.0,0.12281718105077744,-0.06746162474155426,-0.08230634033679962,0
09:32:33.046,5.324567794799805,198.64549255371094,0.0,-0.029809094965457916,-0.06746162474155426,-0.05177927762269974,0
09:32:33.064,5.324567794799805,198.64549255371094,0.0,-0.029809094965457916,-0.036936819553375244,0.039795130491256714,0
09:32:33.090,5.324567794799805,198.64549255371094,0.0,-0.09085870534181595,-0.036936819553375244,-0.11283113807439804,0
09:32:33.090,5.324567794799805,198.64549255371094,0.0,-0.12138350307941437,-0.1285112202167511,-0.11283113807439804,0
09:32:33.090,5.324567794799805,198.64549255371094,0.0,-0.12138350307941437,-0.06746162474155426,-0.11283113807439804,0
09:32:33.110,5.324567794799805,198.64549255371094,0.0,-0.15190830826759338,0.02411278896033764,-0.08230634033679962,0
09:32:33.110,5.324567794799805,198.64549255371094,0.0,-0.1824331134557724,0.08516239374876022,-0.14335595071315765,0
09:32:33.154,5.324567794799805,198.64549255371094,0.0,-0.09085870534181595,0.054637592285871506,-0.05177927762269974,0
09:32:33.154,5.324567794799805,198.64549255371094,0.0,-0.09085870534181595,-0.036936819553375244,-0.08230634033679962,0
09:32:33.154,5.324567794799805,198.64549255371094,0.0,-0.06033390015363693,0.08516239374876022,0.009270328097045422,0
09:32:33.154,5.324567794799805,198.64549255371094,0.0,0.09229237586259842,0.02411278896033764,0.009270328097045422,0
09:32:33.158,5.324567794799805,198.64549255371094,0.0,0.0007157073123380542,0.054637592285871506,0.10084474086761475,0
09:32:33.174,5.324567794799805,198.64549255371094,0.0,0.03124050982296467,-0.006412014830857515,0.039795130491256714,0
09:32:33.191,5.324567794799805,198.64549255371094,0.0,-0.09085870534181595,-0.06746162474155426,-0.05177927762269974,0
09:32:33.218,5.324567794799805,198.64549255371094,0.0,0.0007157073123380542,-0.09798642247915268,-0.08230634033679962,0
09:32:33.220,5.324567794799805,198.64549255371094,0.0,0.03124050982296467,-0.006412014830857515,-0.02125447429716587,0
09:32:33.220,5.324567794799805,198.64549255371094,0.0,0.0007157073123380542,0.08516239374876022,-0.02125447429716587,0
09:32:33.220,5.324567794799805,198.64549255371094,0.0,0.061765313148498535,0.054637592285871506,0.039795130491256714,0
09:32:33.238,5.324567794799805,198.64549255371094,0.0,-0.4571585953235626,0.054637592285871506,0.009270328097045422,0
09:32:33.238,5.324567794799805,198.64549255371094,0.0,0.0007157073123380542,0.11568719893693924,0.039795130491256714,0
09:32:33.255,5.324567794799805,198.64549255371094,0.0,0.061765313148498535,-0.006412014830857515,-0.11283113807439804,0
09:32:33.282,5.324567794799805,198.64549255371094,0.0,0.12281718105077744,0.08516239374876022,0.07031993567943573,0
09:32:33.282,5.324567794799805,198.64549255371094,0.0,-0.12138350307941437,-0.06746162474155426,-0.02125447429716587,0
09:32:33.282,5.324567794799805,198.64549255371094,0.0,0.0007157073123380542,0.08516239374876022,0.009270328097045422,0
09:32:33.302,5.324567794799805,198.64549255371094,0.0,-0.029809094965457916,-0.006412014830857515,0.009270328097045422,0
09:32:33.302,5.324567794799805,198.64549255371094,0.0,-0.09085870534181595,0.11568719893693924,0.07031993567943573,0
09:32:33.319,5.324567794799805,198.64549255371094,0.0,0.0007157073123380542,0.08516239374876022,0.039795130491256714,0
09:32:33.319,5.324567794799805,198.64549255371094,0.0,-0.12138350307941437,0.08516239374876022,0.039795130491256714,0
09:32:33.342,5.324567794799805,198.64549255371094,0.0,0.12281718105077744,0.14621199667453766,-0.02125447429716587,0
09:32:33.342,5.324567794799805,198.64549255371094,0.0,0.061765313148498535,0.11568719893693924,0.039795130491256714,0
09:32:33.350,5.324567794799805,198.64549255371094,0.0,0.03124050982296467,0.054637592285871506,0.039795130491256714,0
09:32:33.366,5.324567794799805,198.64549255371094,0.0,0.03124050982296467,-0.006412014830857515,0.009270328097045422,0
09:32:33.367,5.324567794799805,198.64549255371094,0.0,-0.06033390015363693,0.02411278896033764,0.039795130491256714,0
09:32:33.384,5.324567794799805,198.64549255371094,0.0,0.12281718105077744,-0.006412014830857515,-0.02125447429716587,0
09:32:33.406,5.324567794799805,198.64549255371094,0.0,0.03124050982296467,-0.06746162474155426,-0.02125447429716587,0
09:32:33.406,5.324567794799805,198.64549255371094,0.0,-0.09085870534181595,-0.1285112202167511,-0.11283113807439804,0
09:32:33.415,5.324567794799805,198.64549255371094,0.0,-0.029809094965457916,-0.006412014830857515,0.009270328097045422,0
09:32:33.432,5.324567794799805,198.64549255371094,0.0,-0.06033390015363693,-0.036936819553375244,-0.14335595071315765,0
09:32:33.432,5.324567794799805,198.64549255371094,0.0,-0.4266338050365448,0.054637592285871506,0.07031993567943573,0
09:32:33.449,5.324567794799805,198.64549255371094,0.0,-0.06033390015363693,-0.036936819553375244,-0.11283113807439804,0
09:32:33.449,5.324567794799805,198.64549255371094,0.0,-0.029809094965457916,-0.1285112202167511,-0.05177927762269974,0
09:32:33.469,5.324567794799805,198.64549255371094,0.0,-0.2740097641944885,-0.1285112202167511,-0.11283113807439804,0
09:32:33.469,5.324567794799805,198.64549255371094,0.0,-0.15190830826759338,-0.15903602540493011,-0.11283113807439804,0
09:32:33.480,5.324567794799805,198.64549255371094,0.0,-0.06033390015363693,-0.036936819553375244,-0.02125447429716587,0
09:32:33.496,5.324567794799805,198.64549255371094,0.0,-0.1824331134557724,-0.036936819553375244,-0.02125447429716587,0
09:32:33.497,5.324567794799805,198.64549255371094,0.0,-0.1824331134557724,-0.06746162474155426,-0.08230634033679962,0
09:32:33.514,5.324567794799805,198.64549255371094,0.0,-0.09085870534181595,-0.006412014830857515,-0.08230634033679962,0
09:32:33.540,5.324567794799805,198.64549255371094,0.0,0.0007157073123380542,0.054637592285871506,0.039795130491256714,0
09:32:33.540,5.324567794799805,198.64549255371094,0.0,-0.15190830826759338,0.054637592285871506,-0.02125447429716587,0
09:32:33.540,5.324567794799805,198.64549255371094,0.0,-0.12138350307941437,-0.036936819553375244,-0.02125447429716587,0
09:32:33.561,5.324567794799805,198.64549255371094,0.0,-0.06033390015363693,0.054637592285871506,0.039795130491256714,0
09:32:33.562,5.324567794799805,198.64549255371094,0.0,-0.21295791864395142,0.02411278896033764,-0.02125447429716587,0
09:32:33.578,5.324567794799805,198.64549255371094,0.0,-0.029809094965457916,0.08516239374876022,0.009270328097045422,0
09:32:33.599,5.324567794799805,198.64549255371094,0.0,-0.12138350307941437,0.08516239374876022,0.07031993567943573,0
09:32:33.604,5.324567794799805,198.64549255371094,0.0,0.09229237586259842,0.054637592285871506,0.009270328097045422,0
09:32:33.604,5.324567794799805,198.64549255371094,0.0,-0.06033390015363693,-0.006412014830857515,-0.05177927762269974,0
09:32:33.609,5.324567794799805,198.64549255371094,0.0,-0.15190830826759338,0.02411278896033764,-0.11283113807439804,0
09:32:33.627,5.324567794799805,198.64549255371094,0.0,-0.2434849739074707,0.02411278896033764,-0.11283113807439804,0
09:32:33.646,5.324567794799805,198.64549255371094,0.0,-0.06033390015363693,-0.06746162474155426,-0.05177927762269974,0
09:32:33.646,5.324567794799805,198.64549255371094,0.0,-0.09085870534181595,0.054637592285871506,-0.02125447429716587,0
09:32:33.657,5.324567794799805,198.64549255371094,0.0,-0.2740097641944885,-0.09798642247915268,-0.05177927762269974,0
09:32:33.657,5.324567794799805,198.64549255371094,0.0,0.0007157073123380542,-0.036936819553375244,-0.11283113807439804,0
09:32:33.673,5.324567794799805,198.64549255371094,0.0,-0.029809094965457916,-0.1285112202167511,-0.08230634033679962,0
09:32:33.690,5.324567794799805,198.64549255371094,0.0,-0.12138350307941437,-0.06746162474155426,-0.17388074100017548,0
09:32:33.709,5.324567794799805,198.64549255371094,0.0,-0.2434849739074707,-0.036936819553375244,-0.17388074100017548,0
09:32:33.709,5.324567794799805,198.64549255371094,0.0,-0.06033390015363693,-0.06746162474155426,-0.14335595071315765,0
09:32:33.709,5.324567794799805,198.64549255371094,0.0,-0.029809094965457916,0.02411278896033764,-0.2044055461883545,0
09:32:33.721,5.324567794799805,198.64549255371094,0.0,-0.12138350307941437,-0.06746162474155426,-0.2349303513765335,0
09:32:33.737,5.324567794799805,198.64549255371094,0.0,-0.15190830826759338,-0.09798642247915268,-0.05177927762269974,0
09:32:33.738,5.324567794799805,198.64549255371094,0.0,-0.1824331134557724,-0.006412014830857515,-0.2349303513765335,0
09:32:33.772,5.324567794799805,198.64549255371094,0.0,-0.12138350307941437,-0.006412014830857515,-0.05177927762269974,0
09:32:33.773,5.324567794799805,198.64549255371094,0.0,-0.06033390015363693,0.054637592285871506,-0.05177927762269974,0
09:32:33.773,5.324567794799805,198.64549255371094,0.0,-0.06033390015363693,0.02411278896033764,-0.08230634033679962,0
09:32:33.786,5.324567794799805,198.64549255371094,0.0,-0.2434849739074707,0.11568719893693924,-0.08230634033679962,0
09:32:33.802,5.324567794799805,198.64549255371094,0.0,-0.36558419466018677,0.02411278896033764,-0.14335595071315765,0
09:32:33.802,5.324567794799805,198.64549255371094,0.0,-0.15190830826759338,0.02411278896033764,-0.05177927762269974,0
09:32:33.820,5.324567794799805,198.64549255371094,0.0,-0.15190830826759338,-0.06746162474155426,-0.08230634033679962,0
09:32:33.842,5.324567794799805,198.64549255371094,0.0,-0.029809094965457916,-0.036936819553375244,-0.2044055461883545,0
09:32:33.842,5.324567794799805,198.64549255371094,0.0,0.03124050982296467,-0.09798642247915268,-0.02125447429716587,0
09:32:33.842,5.324567794799805,198.64549255371094,0.0,-0.12138350307941437,-0.1285112202167511,0.039795130491256714,0
09:32:33.851,5.324567794799805,198.64549255371094,0.0,-0.12138350307941437,-0.1285112202167511,-0.02125447429716587,0
09:32:33.867,5.324567794799805,198.64549255371094,0.0,0.03124050982296467,-0.06746162474155426,0.009270328097045422,0
09:32:33.867,5.324567794799805,198.64549255371094,0.0,0.0007157073123380542,-0.1285112202167511,-0.05177927762269974,0
09:32:33.902,5.324567794799805,198.64549255371094,0.0,0.0007157073123380542,-0.1285112202167511,0.07031993567943573,0
09:32:33.902,5.324567794799805,198.64549255371094,0.0,-0.12138350307941437,-0.1285112202167511,-0.05177927762269974,0
09:32:33.902,5.324567794799805,198.64549255371094,0.0,-0.15190830826759338,-0.15903602540493011,-0.05177927762269974,0
09:32:33.915,5.324567794799805,198.64549255371094,0.0,-0.09085870534181595,-0.15903602540493011,-0.02125447429716587,0
09:32:33.932,5.324567794799805,198.64549255371094,0.0,0.03124050982296467,-0.06746162474155426,-0.02125447429716587,0
09:32:33.932,5.324567794799805,198.64549255371094,0.0,-0.029809094965457916,-0.006412014830857515,0.039795130491256714,0
09:32:33.949,5.324567794799805,198.64549255371094,0.0,-0.09085870534181595,-0.006412014830857515,0.009270328097045422,0
09:32:33.949,5.324567794799805,198.64549255371094,0.0,-0.12138350307941437,-0.006412014830857515,-0.08230634033679962,0
09:32:33.966,5.324567794799805,198.64549255371094,0.0,0.03124050982296467,0.02411278896033764,0.009270328097045422,0
09:32:33.980,5.324567794799805,198.64549255371094,0.0,0.0007157073123380542,-0.006412014830857515,-0.02125447429716587,0
09:32:33.980,5.324567794799805,198.64549255371094,0.0,-0.09085870534181595,0.08516239374876022,0.039795130491256714,0
09:32:33.996,5.324567794799805,198.64549255371094,0.0,0.0007157073123380542,0.054637592285871506,0.009270328097045422,0
09:32:33.997,5.324567794799805,198.64549255371094,0.0,-0.029809094965457916,0.11568719893693924,0.13136954605579376,0
09:32:34.014,5.324567794799805,198.64549255371094,0.0,-0.12138350307941437,-0.006412014830857515,-0.02125447429716587,0
09:32:34.032,5.324567794799805,198.64549255371094,0.0,0.18386678397655487,0.08516239374876022,0.07031993567943573,0
09:32:34.032,5.324567794799805,198.64549255371094,0.0,-0.029809094965457916,-0.006412014830857515,-0.08230634033679962,0
09:32:34.045,5.324567794799805,198.64549255371094,0.0,0.061765313148498535,0.054637592285871506,-0.11283113807439804,0
09:32:34.061,5.324567794799805,198.64549255371094,0.0,0.09229237586259842,0.08516239374876022,-0.08230634033679962,0
09:32:34.061,5.324567794799805,198.64549255371094,0.0,-0.06033390015363693,-0.006412014830857515,-0.05177927762269974,0
09:32:34.079,5.324567794799805,198.64549255371094,0.0,0.0007157073123380542,0.02411278896033764,-0.11283113807439804,0
09:32:34.096,5.324567794799805,198.64549255371094,0.0,-0.1824331134557724,0.02411278896033764,-0.02125447429716587,0
09:32:34.096,5.324567794799805,198.64549255371094,0.0,0.09229237586259842,-0.06746162474155426,-0.11283113807439804,0
09:32:34.110,5.324567794799805,198.64549255371094,0.0,-0.029809094965457916,-0.09798642247915268,-0.11283113807439804,0
09:32:34.110,5.324567794799805,198.64549255371094,0.0,-0.09085870534181595,-0.06746162474155426,-0.08230634033679962,0
09:32:34.127,5.324567794799805,198.64549255371094,0.0,0.03124050982296467,-0.006412014830857515,-0.08230634033679962,0
09:32:34.159,5.324567794799805,198.64549255371094,0.0,-0.06033390015363693,-0.006412014830857515,-0.05177927762269974,0
09:32:34.159,5.324567794799805,198.64549255371094,0.0,0.09229237586259842,-0.06746162474155426,-0.02125447429716587,0
09:32:34.159,5.324567794799805,198.64549255371094,0.0,0.03124050982296467,-0.06746162474155426,0.009270328097045422,0
09:32:34.159,5.324567794799805,198.64549255371094,0.0,-0.09085870534181595,-0.06746162474155426,-0.17388074100017548,0
09:32:34.174,5.324567794799805,198.64549255371094,0.0,-0.12138350307941437,-0.06746162474155426,-0.14335595071315765,0
09:32:34.191,5.324567794799805,198.64549255371094,0.0,-0.029809094965457916,0.054637592285871506,-0.05177927762269974,0
09:32:34.209,5.324567794799805,198.64549255371094,0.0,-0.15190830826759338,0.02411278896033764,0.009270328097045422,0
09:32:34.210,5.324567794799805,198.64549255371094,0.0,-0.2434849739074707,-0.036936819553375244,-0.02125447429716587,0
09:32:34.210,5.324567794799805,198.64549255371094,0.0,-0.12138350307941437,-0.006412014830857515,-0.11283113807439804,0
09:32:34.222,5.324567794799805,198.64549255371094,0.0,-0.029809094965457916,0.02411278896033764,-0.02125447429716587,0
09:32:34.239,5.324567794799805,198.64549255371094,0.0,-0.029809094965457916,0.02411278896033764,0.009270328097045422,0
09:32:34.239,5.324567794799805,198.64549255371094,0.0,-0.09085870534181595,0.02411278896033764,0.009270328097045422,0
09:32:34.275,5.324567794799805,198.64549255371094,0.0,-0.1824331134557724,-0.006412014830857515,-0.02125447429716587,0
09:32:34.286,5.324567794799805,198.64549255371094,0.0,-0.09085870534181595,0.02411278896033764,-0.05177927762269974,0
09:32:34.286,5.324567794799805,198.64549255371094,0.0,-0.1824331134557724,-0.036936819553375244,-0.11283113807439804,0
09:32:34.287,5.324567794799805,198.64549255371094,0.0,-0.12138350307941437,-0.06746162474155426,-0.08230634033679962,0
09:32:34.287,5.324567794799805,198.64549255371094,0.0,0.03124050982296467,-0.036936819553375244,0.07031993567943573,0
09:32:34.302,5.324567794799805,198.64549255371094,0.0,-0.09085870534181595,0.054637592285871506,0.009270328097045422,0
09:32:34.319,5.324567794799805,198.64549255371094,0.0,-0.1824331134557724,0.08516239374876022,0.039795130491256714,0
09:32:34.319,5.324567794799805,198.64549255371094,0.0,0.03124050982296467,-0.006412014830857515,-0.14335595071315765,0
09:32:34.336,5.324567794799805,198.64549255371094,0.0,-0.09085870534181595,-0.006412014830857515,0.039795130491256714,0
09:32:34.350,5.324567794799805,198.64549255371094,0.0,-0.12138350307941437,0.08516239374876022,0.07031993567943573,0
09:32:34.351,5.324567794799805,198.64549255371094,0.0,-0.09085870534181595,-0.006412014830857515,-0.02125447429716587,0
09:32:34.367,5.324567794799805,198.64549255371094,0.0,0.061765313148498535,-0.006412014830857515,0.009270328097045422,0
09:32:34.367,5.324567794799805,198.64549255371094,0.0,0.03124050982296467,-0.036936819553375244,0.009270328097045422,0
09:32:34.411,5.324567794799805,198.64549255371094,0.0,-0.029809094965457916,0.02411278896033764,0.07031993567943573,0
09:32:34.411,5.324567794799805,198.64549255371094,0.0,0.09229237586259842,0.02411278896033764,0.009270328097045422,0
09:32:34.411,5.324567794799805,198.64549255371094,0.0,0.15334197878837585,0.02411278896033764,0.13136954605579376,0
09:32:34.415,5.324567794799805,198.64549255371094,0.0,0.0007157073123380542,0.02411278896033764,0.009270328097045422,0
09:32:34.431,5.324567794799805,198.64549255371094,0.0,-0.09085870534181595,0.054637592285871506,0.039795130491256714,0
09:32:34.431,5.324567794799805,198.64549255371094,0.0,-0.06033390015363693,0.02411278896033764,-0.08230634033679962,0
09:32:34.448,5.324567794799805,198.64549255371094,0.0,-0.12138350307941437,-0.006412014830857515,-0.14335595071315765,0
09:32:34.448,5.324567794799805,198.64549255371094,0.0,-0.2434849739074707,0.02411278896033764,-0.11283113807439804,0
09:32:34.466,5.324567794799805,198.64549255371094,0.0,-0.15190830826759338,-0.06746162474155426,-0.05177927762269974,0
09:32:34.478,5.324567794799805,198.64549255371094,0.0,-0.15190830826759338,-0.006412014830857515,-0.14335595071315765,0
09:32:34.478,5.324567794799805,198.64549255371094,0.0,-0.1824331134557724,-0.036936819553375244,-0.11283113807439804,0
09:32:34.494,5.324567794799805,198.64549255371094,0.0,0.0007157073123380542,-0.15903602540493011,-0.02125447429716587,0
09:32:34.511,5.324567794799805,198.64549255371094,0.0,-1.189760684967041,-0.1285112202167511,-0.2349303513765335,0
09:32:34.511,5.324567794799805,198.64549255371094,0.0,-0.06033390015363693,-0.09798642247915268,0.009270328097045422,0
09:32:34.536,5.324567794799805,198.64549255371094,0.0,0.061765313148498535,-0.006412014830857515,0.009270328097045422,0
09:32:34.536,5.324567794799805,198.64549255371094,0.0,-0.12138350307941437,-0.036936819553375244,-0.08230634033679962,0
09:32:34.542,5.324567794799805,198.64549255371094,0.0,0.03124050982296467,-0.036936819553375244,-0.08230634033679962,0
09:32:34.558,5.324567794799805,198.64549255371094,0.0,-0.33505937457084656,-0.006412014830857515,0.039795130491256714,0
09:32:34.558,5.324567794799805,198.64549255371094,0.0,0.2143915891647339,0.11568719893693924,0.07031993567943573,0
09:32:34.575,5.324567794799805,198.64549255371094,0.0,0.03124050982296467,0.054637592285871506,0.07031993567943573,0
09:32:34.600,5.324567794799805,198.64549255371094,0.0,-0.09085870534181595,0.02411278896033764,-0.02125447429716587,0
09:32:34.600,5.324567794799805,198.64549255371094,0.0,-0.029809094965457916,-0.06746162474155426,0.009270328097045422,0
09:32:34.606,5.324567794799805,198.64549255371094,0.0,0.09229237586259842,-0.006412014830857515,0.009270328097045422,0
09:32:34.622,5.324567794799805,198.64549255371094,0.0,0.15334197878837585,0.14621199667453766,0.07031993567943573,0
09:32:34.622,5.324567794799805,198.64549255371094,0.0,-0.029809094965457916,0.02411278896033764,0.13136954605579376,0
09:32:34.639,5.324567794799805,198.64549255371094,0.0,0.09229237586259842,0.02411278896033764,-0.02125447429716587,0
09:32:34.657,5.324567794799805,198.64549255371094,0.0,-0.15190830826759338,-0.006412014830857515,-0.02125447429716587,0
09:32:34.663,5.324567794799805,198.64549255371094,0.0,-0.029809094965457916,0.02411278896033764,-0.02125447429716587,0
09:32:34.663,5.324567794799805,198.64549255371094,0.0,-0.06033390015363693,0.08516239374876022,0.039795130491256714,0
09:32:34.670,5.324567794799805,198.64549255371094,0.0,0.061765313148498535,0.14621199667453766,0.039795130491256714,0
09:32:34.686,5.324567794799805,198.64549255371094,0.0,-0.09085870534181595,0.054637592285871506,-0.11283113807439804,0
09:32:34.686,5.324567794799805,198.64549255371094,0.0,-0.06033390015363693,-0.036936819553375244,0.009270328097045422,0
09:32:34.704,5.324567794799805,198.64549255371094,0.0,0.061765313148498535,-0.006412014830857515,0.039795130491256714,0
09:32:34.731,5.324567794799805,198.64549255371094,0.0,-0.06033390015363693,0.11568719893693924,0.039795130491256714,0
09:32:34.731,5.324567794799805,198.64549255371094,0.0,0.09229237586259842,0.02411278896033764,0.10084474086761475,0
09:32:34.735,5.324567794799805,198.64549255371094,0.0,0.03124050982296467,0.02411278896033764,-0.02125447429716587,0
09:32:34.770,5.324567794799805,198.64549255371094,0.0,-0.3961089849472046,-0.06746162474155426,-0.14335595071315765,0
09:32:34.771,5.324567794799805,198.64549255371094,0.0,0.0007157073123380542,-0.036936819553375244,-0.05177927762269974,0
09:32:34.777,5.324567794799805,198.64549255371094,0.0,-0.12138350307941437,-0.06746162474155426,-0.08230634033679962,0
09:32:34.777,5.324567794799805,198.64549255371094,0.0,-0.21295791864395142,-0.1285112202167511,-0.11283113807439804,0
09:32:34.784,5.324567794799805,198.64549255371094,0.0,-0.09085870534181595,-0.006412014830857515,-0.05177927762269974,0
09:32:34.800,5.324567794799805,198.64549255371094,0.0,-0.06033390015363693,-0.09798642247915268,-0.02125447429716587,0
09:32:34.800,5.324567794799805,198.64549255371094,0.0,-0.029809094965457916,-0.06746162474155426,-0.17388074100017548,0
09:32:34.818,5.324567794799805,198.64549255371094,0.0,-0.09085870534181595,-0.1285112202167511,-0.11283113807439804,0
09:32:34.842,5.324567794799805,198.64549255371094,0.0,-0.1824331134557724,-0.006412014830857515,-0.05177927762269974,0
09:32:34.859,5.324567794799805,198.64549255371094,0.0,-0.029809094965457916,0.11568719893693924,-0.08230634033679962,0
09:32:34.859,5.324567794799805,198.64549255371094,0.0,-0.33505937457084656,-0.006412014830857515,-0.02125447429716587,0
09:32:34.859,5.324567794799805,198.64549255371094,0.0,-0.09085870534181595,-0.06746162474155426,0.009270328097045422,0
09:32:34.860,5.324567794799805,198.64549255371094,0.0,0.0007157073123380542,-0.06746162474155426,-0.05177927762269974,0
09:32:34.881,5.324567794799805,198.64549255371094,0.0,0.15334197878837585,0.08516239374876022,-0.08230634033679962,0
09:32:34.881,5.324567794799805,198.64549255371094,0.0,-0.09085870534181595,-0.006412014830857515,0.009270328097045422,0
09:32:34.915,5.324567794799805,198.64549255371094,0.0,0.0007157073123380542,0.02411278896033764,-0.05177927762269974,0
09:32:34.915,5.324567794799805,198.64549255371094,0.0,-0.12138350307941437,-0.006412014830857515,-0.17388074100017548,0
09:32:34.916,5.324567794799805,198.64549255371094,0.0,-0.15190830826759338,0.02411278896033764,0.009270328097045422,0
09:32:34.970,5.324567794799805,198.64549255371094,0.0,-0.06033390015363693,0.02411278896033764,-0.02125447429716587,0
09:32:34.970,5.324567794799805,198.64549255371094,0.0,0.7027929425239563,0.08516239374876022,0.039795130491256714,0
09:32:34.998,5.324567794799805,198.64549255371094,0.0,-0.12138350307941437,-0.036936819553375244,0.07031993567943573,0
09:32:34.998,5.324567794799805,198.64549255371094,0.0,0.0007157073123380542,-0.06746162474155426,0.009270328097045422,0
09:32:34.998,5.324567794799805,198.64549255371094,0.0,-0.09085870534181595,0.11568719893693924,-0.05177927762269974,0
09:32:35.006,5.324567794799805,198.64549255371094,0.0,-0.06033390015363693,-0.006412014830857515,-0.02125447429716587,0
09:32:35.006,5.324567794799805,198.64549255371094,0.0,-0.029809094965457916,0.08516239374876022,0.009270328097045422,0
09:32:35.006,5.324567794799805,198.64549255371094,0.0,-0.09085870534181595,0.11568719893693924,0.009270328097045422,0
09:32:35.007,5.324567794799805,198.64549255371094,0.0,0.0007157073123380542,0.054637592285871506,-0.02125447429716587,0
09:32:35.009,5.324567794799805,198.64549255371094,0.0,0.061765313148498535,-0.036936819553375244,-0.02125447429716587,0
09:32:35.029,5.324567794799805,198.64549255371094,0.0,-0.06033390015363693,0.08516239374876022,0.009270328097045422,0
09:32:35.029,5.324567794799805,198.64549255371094,0.0,0.03124050982296467,0.11568719893693924,0.07031993567943573,0
09:32:35.040,5.324567794799805,198.64549255371094,0.0,-0.09085870534181595,0.11568719893693924,0.07031993567943573,0
09:32:35.056,5.324567794799805,198.64549255371094,0.0,0.09229237586259842,-0.036936819553375244,0.039795130491256714,0
09:32:35.056,5.324567794799805,198.64549255371094,0.0,0.061765313148498535,-0.006412014830857515,-0.05177927762269974,0
09:32:35.073,5.324567794799805,198.64549255371094,0.0,-0.029809094965457916,-0.09798642247915268,-0.02125447429716587,0
09:32:35.095,5.324567794799805,198.64549255371094,0.0,0.0007157073123380542,-0.09798642247915268,-0.17388074100017548,0
09:32:35.095,5.324567794799805,198.64549255371094,0.0,-0.06033390015363693,-0.06746162474155426,0.009270328097045422,0
09:32:35.104,5.324567794799805,198.64549255371094,0.0,-0.21295791864395142,-0.036936819553375244,-0.02125447429716587,0
09:32:35.120,5.324567794799805,198.64549255371094,0.0,-0.15190830826759338,-0.036936819553375244,-0.02125447429716587,0
09:32:35.120,5.324567794799805,198.64549255371094,0.0,0.09229237586259842,-0.036936819553375244,0.009270328097045422,0
09:32:35.158,5.324567794799805,198.64549255371094,0.0,0.09229237586259842,0.02411278896033764,0.07031993567943573,0
09:32:35.158,5.324567794799805,198.64549255371094,0.0,0.0007157073123380542,0.054637592285871506,-0.05177927762269974,0
09:32:35.158,5.324567794799805,198.64549255371094,0.0,0.0007157073123380542,0.02411278896033764,0.009270328097045422,0
09:32:35.158,5.324567794799805,198.64549255371094,0.0,0.061765313148498535,0.02411278896033764,0.009270328097045422,0
09:32:35.168,5.324567794799805,198.64549255371094,0.0,0.0007157073123380542,0.08516239374876022,-0.02125447429716587,0
09:32:35.184,5.324567794799805,198.64549255371094,0.0,-0.12138350307941437,0.11568719893693924,0.07031993567943573,0
09:32:35.201,5.324567794799805,198.64549255371094,0.0,0.061765313148498535,0.08516239374876022,-0.11283113807439804,0
09:32:35.220,5.324567794799805,198.64549255371094,0.0,-0.06033390015363693,0.11568719893693924,-0.02125447429716587,0
09:32:35.220,5.324567794799805,198.64549255371094,0.0,0.0007157073123380542,0.054637592285871506,-0.08230634033679962,0
09:32:35.220,5.324567794799805,198.64549255371094,0.0,-0.1824331134557724,-0.06746162474155426,-0.02125447429716587,0
09:32:35.232,5.324567794799805,198.64549255371094,0.0,-0.09085870534181595,0.02411278896033764,-0.14335595071315765,0
09:32:35.248,5.324567794799805,198.64549255371094,0.0,-0.029809094965457916,-0.036936819553375244,-0.14335595071315765,0
09:32:35.248,5.324567794799805,198.64549255371094,0.0,-0.2434849739074707,-0.036936819553375244,-0.05177927762269974,0
09:32:35.266,5.324567794799805,198.64549255371094,0.0,-0.12138350307941437,-0.036936819553375244,-0.08230634033679962,0
09:32:35.289,5.324567794799805,198.64549255371094,0.0,-0.12138350307941437,-0.06746162474155426,-0.11283113807439804,0
09:32:35.289,5.324567794799805,198.64549255371094,0.0,-0.15190830826759338,-0.15903602540493011,-0.05177927762269974,0
09:32:35.289,5.324567794799805,198.64549255371094,0.0,0.0007157073123380542,-0.1285112202167511,-0.05177927762269974,0
09:32:35.296,5.324567794799805,198.64549255371094,0.0,0.061765313148498535,-0.06746162474155426,-0.02125447429716587,0
09:32:35.314,5.324567794799805,198.64549255371094,0.0,0.03124050982296467,-0.036936819553375244,0.009270328097045422,0
09:32:35.332,5.324567794799805,198.64549255371094,0.0,-0.029809094965457916,-0.006412014830857515,0.13136954605579376,0
09:32:35.332,5.324567794799805,198.64549255371094,0.0,-0.12138350307941437,-0.036936819553375244,0.07031993567943573,0
09:32:35.345,5.324567794799805,198.64549255371094,0.0,-0.21295791864395142,0.02411278896033764,0.009270328097045422,0
09:32:35.362,5.324567794799805,198.64549255371094,0.0,0.09229237586259842,-0.006412014830857515,0.039795130491256714,0
09:32:35.362,5.324567794799805,198.64549255371094,0.0,0.12281718105077744,-0.06746162474155426,0.16189435124397278,0
09:32:35.379,5.324567794799805,198.64549255371094,0.0,-0.12138350307941437,0.08516239374876022,0.039795130491256714,0
09:32:35.401,5.324567794799805,198.64549255371094,0.0,0.2143915891647339,-0.06746162474155426,-0.05177927762269974,0
09:32:35.401,5.324567794799805,198.64549255371094,0.0,-0.09085870534181595,-0.1285112202167511,-0.17388074100017548,0
09:32:35.401,5.324567794799805,198.64549255371094,0.0,0.09229237586259842,-0.006412014830857515,0.009270328097045422,0
09:32:35.410,5.324567794799805,198.64549255371094,0.0,0.061765313148498535,0.02411278896033764,0.039795130491256714,0
09:32:35.426,5.324567794799805,198.64549255371094,0.0,0.09229237586259842,0.08516239374876022,-0.02125447429716587,0
09:32:35.462,5.324567794799805,198.64549255371094,0.0,-0.12138350307941437,-0.036936819553375244,0.039795130491256714,0
09:32:35.462,5.324567794799805,198.64549255371094,0.0,0.15334197878837585,0.08516239374876022,0.07031993567943573,0
09:32:35.462,5.324567794799805,198.64549255371094,0.0,0.03124050982296467,0.14621199667453766,0.009270328097045422,0
09:32:35.462,5.324567794799805,198.64549255371094,0.0,-0.06033390015363693,0.14621199667453766,0.10084474086761475,0
09:32:35.473,5.324567794799805,198.64549255371094,0.0,0.0007157073123380542,-0.006412014830857515,-0.02125447429716587,0
09:32:35.489,5.324567794799805,198.64549255371094,0.0,-0.029809094965457916,0.11568719893693924,-0.11283113807439804,0
09:32:35.489,5.324567794799805,198.64549255371094,0.0,-0.1824331134557724,-0.15903602540493011,-0.14335595071315765,0
