Timestamp,Angle (rad),Velocity (RPM),Duty Target (%),Duty U (%),Duty V (%),Duty W (%),Mode
13:14:43.349,2.359598398208618,599.0200805664062,39.50729751586914,16.921367645263672,83.06474304199219,34.856903076171875,2
13:14:43.349,0.39228472113609314,591.013427734375,39.90723419189453,84.25951385498047,42.15060043334961,15.726590156555176,2
13:14:43.349,4.729438781738281,592.912109375,39.81480407714844,51.0141716003418,15.51819896697998,84.46790313720703,2
13:14:43.349,2.834186553955078,595.896240234375,39.666927337646484,16.435121536254883,83.55098724365234,62.7535400390625,2
13:14:43.349,0.8559015393257141,590.6321411132812,39.93388748168945,82.68963623046875,69.533203125,17.296470642089844,2
13:14:43.349,5.275850296020508,601.0476684570312,39.41448211669922,80.21672821044922,19.769380569458008,77.4937515258789,2
13:14:43.349,3.3506128787994385,602.2644653320312,39.35419464111328,17.588218688964844,68.25507354736328,82.39788818359375,2
13:14:43.349,1.4526783227920532,606.8825073242188,39.123756408691406,56.90469741821289,83.63433837890625,16.351764678955078,2
13:14:43.349,5.823583602905273,603.3991088867188,39.29875946044922,83.95387268066406,16.032230377197266,46.22117233276367,2
13:14:43.349,3.896911859512329,600.9498291015625,39.41908645629883,16.76854705810547,36.41289138793945,83.21755981445312,2
13:14:43.349,2.0181026458740234,604.880859375,39.22148513793945,24.548486709594727,80.61961364746094,19.366491317749023,2
13:14:43.350,0.11751775443553925,592.4943237304688,39.84125518798828,81.68936157226562,26.382328033447266,18.296749114990234,2
13:14:43.350,4.463903427124023,600.6932983398438,39.43074035644531,35.440399169921875,16.89358139038086,83.092529296875,2
13:14:43.350,2.552762985229492,597.90771484375,39.5687255859375,15.79605484008789,84.19005584716797,46.12392044067383,2
13:14:43.350,0.5947193503379822,592.8180541992188,39.822723388671875,84.39844512939453,54.23728942871094,15.587663650512695,2
13:14:43.502,5.009276390075684,596.9417724609375,39.61499786376953,67.37982940673828,17.18532943725586,82.80077362060547,2
13:14:43.502,3.1197669506073,600.8170776367188,39.4200325012207,20.061128616333008,79.92498016357422,78.4384536743164,2
13:14:43.502,1.2195968627929688,611.0545043945312,38.908321380615234,70.07501983642578,81.6337890625,18.35232162475586,2
13:14:43.502,5.628578186035156,604.5946655273438,39.227821350097656,83.676025390625,16.310087203979492,57.68268585205078,2
13:14:43.502,3.6969497203826904,600.9210815429688,39.40991973876953,15.879410743713379,48.11058807373047,84.10669708251953,2
13:14:43.503,1.8364624977111816,611.6939697265625,38.86933898925781,34.69019317626953,82.46735382080078,17.518754959106445,2
13:14:43.503,6.186675548553467,603.5720825195312,39.27482223510742,80.95304107666016,19.033065795898438,25.59044075012207,2
13:14:43.503,4.206300735473633,600.627197265625,39.42146301269531,21.325366973876953,20.130590438842773,79.85551452636719,2
13:14:43.503,2.29938006401062,594.880615234375,39.709354400634766,17.338150024414062,82.64795684814453,31.328147888183594,2
13:14:43.503,0.3234705626964569,588.511474609375,40.03032684326172,83.96776580810547,38.05223846435547,16.018339157104492,2
13:14:43.503,4.722778797149658,598.504638671875,39.5309944152832,50.61128234863281,15.754376411437988,84.23172760009766,2
13:14:43.503,2.7400708198547363,591.6663818359375,39.87470626831055,15.712697982788086,84.27340698242188,57.27980041503906,2
13:14:43.503,0.7975157499313354,589.999267578125,39.96146011352539,83.31481170654297,66.21283721923828,16.671297073364258,2
13:14:43.503,5.210060119628906,603.2759399414062,39.29767990112305,78.1328125,20.08891487121582,79.8971939086914,2
13:14:43.503,3.2936863899230957,598.3873901367188,39.5425910949707,18.08835792541504,71.51986694335938,81.89775085449219,2
13:14:43.504,1.3911772966384888,611.771484375,38.87491989135742,60.40566635131836,83.12030792236328,16.865795135498047,2
13:14:43.504,5.785235404968262,602.9763793945312,39.31175994873047,84.0233383178711,15.962767601013184,48.48569107055664,2
13:14:43.504,3.8456220626831055,600.2479248046875,39.448333740234375,16.37955093383789,39.372047424316406,83.60655975341797,2
13:14:43.504,1.996724009513855,606.8528442382812,39.11767578125,25.743261337280273,80.8418960571289,19.144207000732422,2
13:14:43.504,0.060354605317115784,601.5481567382812,39.382965087890625,80.50847625732422,23.589887619018555,19.477632522583008,2
13:14:43.504,4.432220458984375,602.9581298828125,39.31098937988281,33.68991470336914,17.282577514648438,82.70352935791016,2
13:14:43.504,2.5150599479675293,599.3939819335938,39.48790740966797,15.976659774780273,84.00944519042969,43.90108108520508,2
13:14:43.504,0.5576353073120117,590.59326171875,39.92881393432617,84.55126190185547,52.02833938598633,15.434843063354492,2
13:14:43.504,4.986242771148682,601.1626586914062,39.39809799194336,65.9766616821289,17.14365005493164,82.84246063232422,2
13:14:43.504,3.0565929412841797,597.2869873046875,39.590023040771484,18.949708938598633,81.0363998413086,75.21533966064453,2
13:14:43.504,1.139587640762329,610.9507446289062,38.9064826965332,74.38177490234375,80.60572052001953,19.380382537841797,2
13:14:43.504,5.572272777557373,604.711669921875,39.21538162231445,83.35649108886719,16.629619598388672,60.94748306274414,2
13:14:43.504,3.6047680377960205,598.3082275390625,39.53485107421875,15.82383918762207,53.570438385009766,84.16226196289062,2
13:14:43.504,1.7617686986923218,611.8154296875,38.85929489135742,38.9274787902832,83.03695678710938,16.949153900146484,2
13:14:43.504,6.098837852478027,603.03369140625,39.29706573486328,82.09224700927734,17.89385986328125,30.383440017700195,2
13:14:43.504,4.158106803894043,599.9928588867188,39.45058059692383,19.8944149017334,21.992219924926758,80.09169006347656,2
13:14:43.656,2.2452051639556885,596.1907958984375,39.64209747314453,18.01889419555664,81.96720886230469,28.34120750427246,2
13:14:43.656,0.2805660367012024,590.468017578125,39.93073272705078,83.55098724365234,35.57932662963867,16.435121536254883,2
13:14:43.656,4.656447410583496,598.4888916015625,39.53090286254883,46.67963409423828,15.80994701385498,84.17616271972656,2
13:14:43.656,2.7338223457336426,595.6830444335938,39.671749114990234,15.865518569946289,84.12059020996094,56.87691116333008,2
13:14:43.656,0.7605106234550476,590.2900390625,39.94281005859375,83.62045288085938,64.05946350097656,16.365657806396484,2
13:14:43.657,5.209867477416992,605.2185668945312,39.19518280029297,78.04945373535156,20.158376693725586,79.82772827148438,2
13:14:43.657,3.2853991985321045,603.4666137695312,39.280147552490234,18.393997192382812,71.83940124511719,81.59210968017578,2
13:14:43.657,1.4058387279510498,609.0117797851562,39.00202178955078,59.59988784790039,83.31481170654297,16.671297073364258,2
13:14:43.657,5.800023078918457,606.7410278320312,39.113807678222656,83.84273529052734,16.143373489379883,47.62434005737305,2
13:14:43.657,3.8701486587524414,601.4739990234375,39.37592315673828,16.60183334350586,37.96887969970703,83.38427734375,2
13:14:43.657,1.9954259395599365,607.8074951171875,39.05882263183594,25.854402542114258,80.81411743164062,19.1719913482666,2
13:14:43.657,0.08447566628456116,603.3466186523438,39.28139877319336,80.78633117675781,24.937482833862305,19.199777603149414,2
13:14:43.657,4.411825180053711,597.0799560546875,39.593238830566406,32.411781311035156,17.24090003967285,82.74520874023438,2
13:14:43.657,2.5239408016204834,598.5614013671875,39.518672943115234,15.921089172363281,84.06501770019531,44.42900848388672,2
13:14:43.657,0.5514894723892212,591.0033569335938,39.89679718017578,84.53736877441406,51.66712951660156,15.448735237121582,2
13:14:43.808,4.987596035003662,599.5828857421875,39.466087341308594,66.07391357421875,17.101972579956055,82.8841323852539,2
13:14:43.808,3.0789549350738525,600.9267578125,39.39649963378906,19.435955047607422,80.55015563964844,76.28507995605469,2
13:14:43.808,1.1526622772216797,608.2678833007812,39.03010177612305,73.77049255371094,80.88358306884766,19.102529525756836,2
13:14:43.808,5.5461745262146,604.3250732421875,39.22705841064453,83.18977355957031,16.79633331298828,62.4617919921875,2
13:14:43.808,3.6064400672912598,599.91357421875,39.447105407714844,15.893304824829102,53.47318649291992,84.09280395507812,2
13:14:43.808,1.6934670209884644,604.101318359375,39.23844909667969,42.78966522216797,83.71769714355469,16.268407821655273,2
13:14:43.808,6.0718159675598145,601.9061889648438,39.34956359863281,82.42567443847656,17.56043243408203,31.85607147216797,2
13:14:43.808,4.137917995452881,602.4347534179688,39.32359313964844,19.672130584716797,23.131425857543945,80.31397247314453,2
13:14:43.808,2.2466440200805664,592.367431640625,39.82815933227539,17.85218048095703,82.13392639160156,28.313419342041016,2
13:14:43.808,0.2516298294067383,588.3150634765625,40.0332145690918,83.38427734375,33.85662841796875,16.60183334350586,2
13:14:43.808,4.644065856933594,597.5435180664062,39.570648193359375,45.94331741333008,15.80994701385498,84.17616271972656,2
13:14:43.808,2.6916251182556152,595.3216552734375,39.68193054199219,15.726590156555176,84.25951385498047,54.37621307373047,2
13:14:43.808,0.7386694550514221,589.4168090820312,39.97859573364258,83.81494903564453,62.795223236083984,16.171159744262695,2
13:14:43.808,5.18607234954834,600.958984375,39.39827346801758,76.95193481445312,19.63045310974121,80.35565948486328,2
13:14:43.808,3.264467477798462,602.178466796875,39.33763122558594,18.63017463684082,73.00639343261719,81.35592651367188,2
13:14:44.111,1.3889060020446777,607.6790161132812,39.06247329711914,60.586273193359375,83.25923919677734,16.72686767578125,2
13:14:44.111,5.767606258392334,601.8998413085938,39.35003662109375,84.06501770019531,15.921089172363281,49.513755798339844,2
13:14:44.111,3.850306272506714,602.9426879882812,39.29655838012695,16.546262741088867,39.14976501464844,83.4398422241211,2
13:14:44.111,1.998876929283142,609.6652221679688,38.95722198486328,25.7293701171875,80.68907928466797,19.297027587890625,2
13:14:44.111,0.08279881626367569,602.406494140625,39.318485260009766,80.78633117675781,24.826339721679688,19.199777603149414,2
13:14:44.111,4.430827617645264,601.5184936523438,39.3619384765625,33.59266662597656,17.24090003967285,82.74520874023438,2
13:14:44.111,2.531879186630249,596.8959350585938,39.59132385253906,15.837733268737793,84.14837646484375,44.88746643066406,2
13:14:44.111,0.5433281660079956,588.9894409179688,39.98751449584961,84.6207275390625,51.18088150024414,15.365378379821777,2
13:14:44.111,4.987768650054932,599.5122680664062,39.45860290527344,66.08779907226562,17.101972579956055,82.8841323852539,2
13:14:44.111,3.0563158988952637,598.7559204101562,39.49447250366211,19.0191707611084,80.96693420410156,75.1319808959961,2
13:14:44.111,1.0986993312835693,612.7713623046875,38.79566192626953,76.45178985595703,79.91108703613281,20.07501983642578,2
13:14:44.111,5.550168037414551,606.0555419921875,39.12788009643555,83.13420104980469,16.851903915405273,62.19783401489258,2
13:14:44.111,3.5927534103393555,602.7905883789062,39.29124450683594,16.060016632080078,54.26507568359375,83.92608642578125,2
13:14:44.111,1.7147608995437622,609.83056640625,38.94017028808594,41.60877990722656,83.3703842163086,16.615726470947266,2
13:14:44.111,6.030783653259277,599.6361694335938,39.44899368286133,82.91191864013672,17.074186325073242,34.13447952270508,2
13:14:44.111,4.111640453338623,600.2052001953125,39.42228317260742,19.199777603149414,24.46512794494629,80.78633117675781,2
13:14:44.112,2.2282357215881348,597.8986206054688,39.537925720214844,18.324535369873047,81.66156768798828,27.452070236206055,2
13:14:44.112,0.27691686153411865,591.6996459960938,39.848697662353516,83.4537353515625,35.398719787597656,16.53236961364746,2
13:14:44.112,4.6352458000183105,598.172119140625,39.52561569213867,45.42928695678711,15.865518569946289,84.12059020996094,2
13:14:44.112,2.7231874465942383,597.634521484375,39.55097961425781,15.934981346130371,84.0511245727539,56.22395324707031,2
13:14:44.112,0.7598822116851807,592.4942626953125,39.80762481689453,83.50930786132812,63.976104736328125,16.47679901123047,2
13:14:44.112,5.186692237854004,604.9945068359375,39.18172073364258,76.84078979492188,19.811058044433594,80.175048828125,2
13:14:44.112,3.267407178878784,603.5098266601562,39.25449752807617,18.657960891723633,72.79800415039062,81.3281478881836,2
13:14:44.112,1.3978140354156494,610.68896484375,38.89559555053711,60.03056335449219,83.1758804321289,16.810224533081055,2
13:14:44.112,5.786335468292236,604.624267578125,39.196617126464844,83.92608642578125,16.060016632080078,48.41622543334961,2
13:14:44.112,3.852783441543579,601.76220703125,39.33781814575195,16.518478393554688,38.98305130004883,83.46763610839844,2
13:14:44.112,2.0220425128936768,611.4281616210938,38.853458404541016,24.576271057128906,80.27230072021484,19.713809967041016,2
13:14:44.112,0.08663935214281082,604.4902954101562,39.19826889038086,80.7446517944336,25.10419464111328,19.241456985473633,2
13:14:44.112,4.42138147354126,599.6986694335938,39.4368782043457,33.02306365966797,17.282577514648438,82.70352935791016,2
13:14:44.112,2.5268590450286865,600.960205078125,39.37147521972656,16.032230377197266,83.95387268066406,44.623504638671875,2
13:14:44.112,0.5585764050483704,591.1226196289062,39.863521575927734,84.49569702148438,52.08390808105469,15.4904146194458,2
13:14:44.444,4.937100410461426,597.9819946289062,39.52018356323242,63.19811248779297,16.629619598388672,83.35649108886719,2
13:14:44.444,3.034562587738037,600.57275390625,39.389381408691406,18.79688835144043,81.18922424316406,73.89552307128906,2
13:14:44.444,1.0875405073165894,606.0770263671875,39.113712310791016,77.25757598876953,79.99443817138672,19.99166488647461,2
13:14:44.444,5.4880170822143555,603.8515014648438,39.22590255737305,82.71742248535156,17.268686294555664,65.78215789794922,2
13:14:44.444,3.5540225505828857,601.2492065429688,39.356300354003906,16.11558723449707,56.543479919433594,83.87052154541016,2
13:14:44.444,1.6928602457046509,608.2025756835938,39.00959396362305,42.87302017211914,83.52320098876953,16.462905883789062,2
13:14:44.444,6.005569934844971,600.607177734375,39.391300201416016,83.0786361694336,16.907474517822266,35.607112884521484,2
13:14:44.444,4.09304141998291,600.999755859375,39.37263488769531,18.963600158691406,25.493192672729492,81.02250671386719,2
13:14:44.444,2.1890997886657715,596.7327880859375,39.586910247802734,18.810779571533203,81.17532348632812,25.298694610595703,2
13:14:44.444,0.23522771894931793,588.4769287109375,40.00114440917969,83.20366668701172,32.925811767578125,16.782440185546875,2
13:14:44.445,4.601908206939697,598.757568359375,39.485626220703125,43.45651626586914,16.004446029663086,83.9816665649414,2
13:14:44.445,2.6864264011383057,595.7989501953125,39.633811950683594,15.754376411437988,84.23172760009766,54.056678771972656,2
13:14:44.445,0.7397751212120056,593.3853759765625,39.75606918334961,83.62045288085938,62.78132629394531,16.365657806396484,2
13:14:44.445,5.1858649253845215,601.1102294921875,39.36911392211914,76.92414855957031,19.644346237182617,80.34175872802734,2
13:14:44.445,3.2120349407196045,600.7412109375,39.388160705566406,19.324811935424805,75.85440063476562,80.66130065917969,2
13:14:44.445,1.3558540344238281,608.7149658203125,38.98884963989258,62.4617919921875,82.98138427734375,17.004724502563477,2
13:14:44.445,5.73855447769165,602.5101928710938,39.297401428222656,84.0233383178711,15.962767601013184,51.23645782470703,2
13:14:44.445,3.828131675720215,600.2420043945312,39.409751892089844,16.310087203979492,40.40011215209961,83.676025390625,2
13:14:44.445,1.974349021911621,609.039306640625,38.96873474121094,27.035287857055664,81.0363998413086,18.949708938598633,2
13:14:44.445,0.06322173774242401,603.5736083984375,39.241092681884766,80.43901062011719,23.839954376220703,19.547096252441406,2
13:14:44.445,4.3922295570373535,598.3785400390625,39.499786376953125,31.342039108276367,17.518754959106445,82.46735382080078,2
13:14:44.445,2.4938371181488037,598.3436889648438,39.50017166137695,16.046123504638672,83.93997955322266,42.650733947753906,2
13:14:44.445,0.4725785553455353,586.7225952148438,40.082923889160156,84.66240692138672,46.92970275878906,15.323701858520508,2
13:14:44.445,4.895506858825684,599.9093627929688,39.422855377197266,60.76688003540039,16.421228408813477,83.56488037109375,2
13:14:44.445,2.942690372467041,597.0541381835938,39.566097259521484,17.518754959106445,82.46735382080078,68.92192077636719,2
13:14:44.446,0.9980992674827576,602.9735717773438,39.27323532104492,80.24451446533203,76.91024780273438,19.741594314575195,2
13:14:44.446,5.383902072906494,597.8968505859375,39.528663635253906,81.84217834472656,18.143930435180664,71.74215698242188,2
13:14:44.446,3.4427990913391113,601.6324462890625,39.34466552734375,16.754653930664062,63.00361251831055,83.23145294189453,2
13:14:44.446,1.5706429481506348,609.985595703125,38.927406311035156,50.0,83.70380401611328,16.28230094909668,2
13:14:44.446,5.962158203125,604.27978515625,39.210960388183594,83.25923919677734,16.72686767578125,38.16337966918945,2
13:14:44.446,3.9820680618286133,599.2373046875,39.46258544921875,17.518754959106445,31.550430297851562,82.46735382080078,2
13:14:44.446,2.186882495880127,613.7599487304688,38.73441696166992,19.519311904907227,80.466796875,25.715476989746094,2
13:14:44.446,0.18816214799880981,592.4750366210938,39.79698944091797,82.53681945800781,30.34176254272461,17.449291229248047,2
13:14:44.623,4.558309555053711,598.1708374023438,39.51164245605469,40.90024948120117,16.18505096435547,83.80105590820312,2
13:14:44.623,2.631655216217041,595.6823120117188,39.63502502441406,15.671019554138184,84.3150863647461,50.80577850341797,2
13:14:44.623,0.6721896529197693,589.4672241210938,39.94773483276367,84.20394897460938,58.86357498168945,15.782160758972168,2
13:14:44.623,5.119927883148193,601.4519653320312,39.34686279296875,73.3814926147461,18.713531494140625,81.27257537841797,2
13:14:44.623,3.209383726119995,601.00390625,39.367523193359375,19.380382537841797,75.99333190917969,80.60572052001953,2
13:14:44.623,1.2980979681015015,611.3487548828125,38.85042953491211,65.6849136352539,82.39788818359375,17.588218688964844,2
13:14:44.623,5.718894958496094,604.026123046875,39.213134765625,83.92608642578125,16.060016632080078,52.389549255371094,2
13:14:44.623,3.7791011333465576,603.8399047851562,39.22048568725586,16.24062156677246,43.30369567871094,83.7454833984375,2
13:14:44.623,1.9290024042129517,611.0402221679688,38.858097076416016,29.563766479492188,81.50875091552734,18.477354049682617,2
13:14:44.623,0.020405467599630356,607.11474609375,39.05155944824219,79.61933898925781,21.742149353027344,20.36676788330078,2
13:14:44.623,4.316589832305908,598.2616577148438,39.49306106567383,27.160322189331055,18.43567657470703,81.55043029785156,2
13:14:44.624,2.415601968765259,598.5682983398438,39.476844787597656,16.50458335876465,83.48152160644531,38.09391403198242,2
13:14:44.624,0.46115434169769287,591.049072265625,39.852054595947266,84.44012451171875,46.26285171508789,15.545985221862793,2
13:14:44.624,4.798857688903809,592.8993530273438,39.76121139526367,55.140316009521484,15.68491268157959,84.30120086669922,2
13:14:44.624,2.898059368133545,595.8743286132812,39.61374282836914,17.01861572265625,82.96749114990234,66.42122650146484,2
13:14:44.624,0.9287911653518677,607.7102661132812,39.0256462097168,81.05029296875,73.06195831298828,18.935815811157227,2
13:14:44.624,5.347914218902588,602.1432495117188,39.30398178100586,81.18922424316406,18.79688835144043,73.58988189697266,2
13:14:44.624,3.444159984588623,602.8770751953125,39.2659797668457,16.810224533081055,62.9063606262207,83.1758804321289,2
13:14:44.957,1.5513211488723755,608.747314453125,38.97200012207031,51.12531280517578,83.7315902709961,16.254514694213867,2
13:14:44.957,5.939514636993408,603.950927734375,39.21161651611328,83.39816284179688,16.587942123413086,39.469295501708984,2
13:14:44.957,3.984776258468628,602.7672119140625,39.26924514770508,17.713253021240234,31.480968475341797,82.2728500366211,2
13:14:44.957,2.1075682640075684,604.3800659179688,39.188079833984375,20.380661010742188,79.6054458618164,21.26979637145996,2
13:14:44.957,0.1695481389760971,590.3555908203125,39.8903694152832,82.39788818359375,29.24423599243164,17.588218688964844,2
13:14:44.957,4.516420364379883,599.3687744140625,39.44099807739258,38.46902084350586,16.490692138671875,83.49541473388672,2
13:14:44.957,2.5921194553375244,597.3440551757812,39.54261779785156,15.754376411437988,84.23172760009766,48.45790481567383,2
13:14:44.957,0.65080726146698,592.6417846679688,39.77867126464844,84.16226196289062,57.557655334472656,15.82383918762207,2
13:14:44.957,5.028094291687012,595.2977905273438,39.646480560302734,68.46346282958984,17.352041244506836,82.63406372070312,2
13:14:44.957,3.142277240753174,601.8115234375,39.3201904296875,20.491802215576172,79.45262908935547,79.49430084228516,2
13:14:44.957,1.2466239929199219,611.6090087890625,38.83021545410156,68.54682159423828,81.86996459960938,18.11614418029785,2
13:14:44.958,5.666333198547363,605.888916015625,39.113319396972656,83.71769714355469,16.268407821655273,55.4598503112793,2
13:14:44.958,3.7213146686553955,602.802490234375,39.264305114746094,16.046123504638672,46.69352340698242,83.93997955322266,2
13:14:44.958,1.8843379020690918,610.4358520507812,38.88029479980469,32.00889205932617,82.02278900146484,17.96332359313965,2
13:14:44.958,6.209414005279541,602.472900390625,39.278343200683594,80.61961364746094,19.366491317749023,24.381772994995117,2
13:14:44.958,4.270144939422607,599.9364013671875,39.404640197753906,24.701305389404297,19.144207000732422,80.8418960571289,2
13:14:44.958,2.3342504501342773,593.849853515625,39.7082405090332,16.976938247680664,83.00917053222656,33.3148078918457,2
13:14:44.959,0.3698098659515381,590.0405883789062,39.90195846557617,84.13448333740234,40.83078384399414,15.851625442504883,2
13:14:44.959,4.742504596710205,596.8136596679688,39.56452941894531,51.77826690673828,15.740484237670898,84.24562072753906,2
13:14:44.959,2.7973105907440186,592.9307250976562,39.76130294799805,16.11558723449707,83.87052154541016,60.62794876098633,2
13:14:44.959,0.8160062432289124,588.4384765625,39.98947525024414,83.14810180664062,67.28257751464844,16.838010787963867,2
13:14:44.959,5.25568151473999,601.8837890625,39.31583786010742,79.81383514404297,20.172269821166992,78.46623992919922,2
13:14:44.959,3.324702262878418,599.6064453125,39.430870056152344,17.810503005981445,69.74159240722656,82.17560577392578,2
13:14:44.959,1.4435797929763794,612.5401000976562,38.785099029541016,57.377044677734375,83.31481170654297,16.671297073364258,2
13:14:44.959,5.830517292022705,603.45947265625,39.236480712890625,83.88441467285156,16.101696014404297,45.81828308105469,2
13:14:44.959,3.889413356781006,602.187255859375,39.30010223388672,16.810224533081055,36.88524627685547,83.1758804321289,2
13:14:44.959,2.043257236480713,607.5425415039062,39.03181076049805,23.353710174560547,80.09169006347656,19.8944149017334,2
13:14:44.959,0.08082620054483414,600.6370849609375,39.37730026245117,80.80022430419922,24.687414169311523,19.185884475708008,2
13:14:44.959,4.4523539543151855,601.6939086914062,39.324161529541016,34.82912063598633,17.08807945251465,82.89802551269531,2
13:14:44.959,2.5361487865448,599.89306640625,39.41311264038086,15.976659774780273,84.00944519042969,45.16532516479492,2
13:14:44.959,0.5706672668457031,590.4662475585938,39.885311126708984,84.49569702148438,52.80633544921875,15.4904146194458,2
13:14:44.959,4.986277103424072,598.6422119140625,39.47483825683594,66.00444030761719,17.074186325073242,82.91191864013672,2
13:14:44.959,3.0749757289886475,597.0877685546875,39.551517486572266,19.255348205566406,80.73075866699219,76.17393493652344,2
13:14:45.111,1.1396918296813965,609.8739624023438,38.91339874267578,74.38177490234375,80.60572052001953,19.380382537841797,2
13:14:45.111,5.5712175369262695,603.7688598632812,39.21641540527344,83.35649108886719,16.629619598388672,61.00305938720703,2
13:14:45.111,3.603971481323242,597.9489135742188,39.50746536254883,15.837733268737793,53.61211395263672,84.14837646484375,2
13:14:45.111,1.7364528179168701,608.0702514648438,39.00309753417969,40.344539642333984,83.31481170654297,16.671297073364258,2
13:14:45.111,6.073460102081299,601.1369018554688,39.350399017333984,82.41178131103516,17.57432746887207,31.772714614868164,2
13:14:45.111,4.134133338928223,599.228515625,39.448486328125,19.519311904907227,23.256460189819336,80.466796875,2
13:14:45.111,2.2277443408966064,594.9681396484375,39.663299560546875,18.227285385131836,81.75881958007812,27.354822158813477,2
13:14:45.111,0.2407809942960739,589.9578247070312,39.91617202758789,83.18977355957031,33.287025451660156,16.79633331298828,2
13:14:45.111,4.612738132476807,598.0838623046875,39.511802673339844,44.0955810546875,15.948875427246094,84.0372314453125,2
13:14:45.111,2.6935434341430664,596.849365234375,39.57415771484375,15.82383918762207,84.16226196289062,54.47346496582031,2
13:14:45.111,0.7201781272888184,590.8550415039062,39.87439727783203,83.85662078857422,61.6699104309082,16.129480361938477,2
13:14:45.111,5.137874603271484,597.3150024414062,39.55039596557617,74.47901916503906,18.79688835144043,81.18922424316406,2
13:14:45.111,3.215879440307617,602.9056396484375,39.26942443847656,19.366491317749023,75.57655334472656,80.61961364746094,2
13:14:45.111,1.339900255203247,607.4605102539062,39.04094696044922,63.392608642578125,82.91191864013672,17.074186325073242,2
13:14:45.111,5.709238052368164,603.4087524414062,39.2431640625,83.93997955322266,16.046123504638672,52.95915603637695,2
13:14:45.111,3.798748731613159,602.1770629882812,39.304683685302734,16.254514694213867,42.13670349121094,83.7315902709961,2
13:14:45.426,1.9266210794448853,610.1259155273438,38.907379150390625,29.66101837158203,81.57821655273438,18.40789222717285,2
13:14:45.426,0.019396957010030746,604.3945922851562,39.192420959472656,79.71658325195312,21.589330673217773,20.269519805908203,2
13:14:45.426,4.3496222496032715,597.0154418945312,39.560325622558594,28.938594818115234,17.96332359313965,82.02278900146484,2
13:14:45.426,2.474682092666626,600.7827758789062,39.371543884277344,16.24062156677246,83.7454833984375,41.55320739746094,2
13:14:45.426,0.498933345079422,590.681884765625,39.875911712646484,84.50959014892578,48.51347351074219,15.476521492004395,2
13:14:45.426,4.898881912231445,599.1213989257812,39.45254135131836,60.96137619018555,16.421228408813477,83.56488037109375,2
13:14:45.426,2.9913241863250732,598.38134765625,39.4880485534668,18.157821655273438,81.82828521728516,71.5893325805664,2
13:14:45.426,1.030892252922058,610.352783203125,38.889984130859375,79.42484283447266,78.32731628417969,20.561267852783203,2
13:14:45.426,5.4630022048950195,602.8505249023438,39.263858795166016,82.50902557373047,17.47707748413086,67.19922637939453,2
13:14:45.426,3.494344472885132,598.68310546875,39.4720344543457,16.310087203979492,60.058349609375,83.676025390625,2
13:14:45.426,1.599041223526001,603.497802734375,39.233062744140625,48.33287048339844,83.95387268066406,16.032230377197266,2
13:14:45.426,5.9584174156188965,601.6172485351562,39.32857131958008,83.38427734375,16.60183334350586,38.3439826965332,2
13:14:45.426,4.023890018463135,599.6396484375,39.428462982177734,18.01889419555664,29.2303409576416,81.96720886230469,2
13:14:45.426,2.1549415588378906,607.5594482421875,39.033721923828125,19.7554874420166,80.23062133789062,23.839954376220703,2
13:14:45.426,0.16458378732204437,589.0028076171875,39.964759826660156,82.39788818359375,28.924699783325195,17.588218688964844,2
13:14:45.426,4.526864528656006,598.7717895507812,39.47652053833008,39.06640625,16.393442153930664,83.59266662597656,2
13:14:45.427,2.6122524738311768,597.10107421875,39.5601921081543,15.726590156555176,84.25951385498047,49.652679443359375,2
13:14:45.427,0.6163152456283569,588.8428955078125,39.97480010986328,84.46790313720703,55.543209075927734,15.51819896697998,2
13:14:45.427,5.077186584472656,600.3442993164062,39.39670181274414,71.0752944946289,18.11614418029785,81.86996459960938,2
13:14:45.427,3.1203277111053467,602.3606567382812,39.29573059082031,20.172269821166992,79.81383514404297,78.36898803710938,2
13:14:45.427,1.2676236629486084,607.6707153320312,39.02959060668945,67.4770736694336,82.25896453857422,17.72714614868164,2
13:14:45.427,5.656197547912598,601.9672241210938,39.313232421875,83.85662078857422,16.129480361938477,56.085025787353516,2
13:14:45.427,3.7379157543182373,603.0021362304688,39.25992202758789,16.087800979614258,45.72103500366211,83.89830780029297,2
13:14:45.428,1.8834398984909058,610.2374267578125,38.896244049072266,32.05057144165039,82.05056762695312,17.93553924560547,2
13:14:45.428,6.255528450012207,603.0839233398438,39.25208282470703,79.8971939086914,20.08891487121582,21.97832679748535,2
13:14:45.428,4.311190128326416,598.3316040039062,39.489620208740234,26.85468292236328,18.50514030456543,81.48096466064453,2
13:14:45.428,2.4334945678710938,596.9229125976562,39.558799743652344,16.310087203979492,83.676025390625,39.10808563232422,2
13:14:45.428,0.44839319586753845,589.0438842773438,39.95337677001953,84.49569702148438,45.48485565185547,15.4904146194458,2
13:14:45.428,4.878291130065918,599.7456665039062,39.41541290283203,59.752708435058594,16.323978424072266,83.66212463378906,2
13:14:45.428,2.9447367191314697,598.4029541015625,39.4812126159668,17.616003036499023,82.37010192871094,69.00527954101562,2
13:14:45.428,0.9680672287940979,614.8133544921875,38.663143157958984,80.21672821044922,74.92359161376953,19.769380569458008,2
13:14:45.581,5.42183780670166,604.7669677734375,39.160831451416016,81.9949951171875,17.99110984802246,69.4637451171875,2
13:14:45.581,3.4760093688964844,601.616455078125,39.318511962890625,16.546262741088867,61.08641052246094,83.4398422241211,2
13:14:45.581,1.5737206935882568,607.7073974609375,39.015777587890625,49.819393157958984,83.78716278076172,16.198944091796875,2
13:14:45.581,5.918692111968994,598.641845703125,39.46965026855469,83.7454833984375,16.24062156677246,40.60850143432617,2
13:14:45.581,3.9553232192993164,597.835205078125,39.5125617980957,17.199222564697266,33.036956787109375,82.7868881225586,2
13:14:45.581,2.108309745788574,607.9411010742188,39.009056091308594,20.50569725036621,79.48040771484375,21.450403213500977,2
13:14:45.581,0.15686661005020142,588.080078125,40.00212478637695,82.32843017578125,28.480133056640625,17.657682418823242,2
13:14:45.581,4.482729911804199,597.6306762695312,39.525550842285156,36.49625015258789,16.65740394592285,83.32869720458984,2
13:14:45.581,2.5730295181274414,597.996826171875,39.506290435791016,15.80994701385498,84.17616271972656,47.33259201049805,2
13:14:45.581,0.6305476427078247,593.4050903320312,39.73674774169922,84.20394897460938,56.34898376464844,15.782160758972168,2
13:14:45.581,5.008719444274902,597.0504760742188,39.55495834350586,67.32425689697266,17.227006912231445,82.75910186767578,2
13:14:45.581,3.098386764526367,603.3518676757812,39.238792419433594,19.852737426757812,80.13336944580078,77.1881103515625,2
13:14:45.581,1.1929237842559814,610.0890502929688,38.90171813964844,71.51986694335938,81.30036163330078,18.685745239257812,2
13:14:45.581,5.611402988433838,601.7987670898438,39.314205169677734,83.66212463378906,16.323978424072266,58.696861267089844,2
13:14:45.581,3.6786842346191406,599.2744140625,39.439208984375,15.837733268737793,49.19422149658203,84.14837646484375,2
13:14:45.891,1.8356292247772217,609.1336059570312,38.94594192504883,34.70408248901367,82.55071258544922,17.43539810180664,2
13:14:45.891,6.188724040985107,603.1987915039062,39.24115753173828,80.89747619628906,19.08863639831543,25.5070858001709,2
13:14:45.891,4.267116069793701,598.2451171875,39.48858642578125,24.479022979736328,19.130313873291016,80.85578918457031,2
13:14:45.891,2.365928888320923,600.5037841796875,39.37324905395508,16.976938247680664,83.00917053222656,35.259796142578125,2
13:14:45.891,0.40244871377944946,591.0355834960938,39.84642791748047,84.24562072753906,42.77577209472656,15.740484237670898,2
13:14:45.891,4.759554862976074,597.3642578125,39.529762268066406,52.792442321777344,15.79605484008789,84.19005584716797,2
13:14:45.891,2.859729766845703,598.7743530273438,39.459083557128906,16.810224533081055,83.1758804321289,64.15670776367188,2
13:14:45.891,0.863254189491272,589.5531005859375,39.92136764526367,82.5923843383789,69.94998168945312,17.393720626831055,2
13:14:45.891,5.2653045654296875,602.790283203125,39.26148986816406,79.92498016357422,20.061128616333008,77.93831634521484,2
13:14:45.891,3.3465116024017334,599.9011840820312,39.40707778930664,17.588218688964844,68.51903533935547,82.39788818359375,2
13:14:45.891,1.4761664867401123,607.5498657226562,39.02699279785156,55.52931594848633,83.63433837890625,16.351764678955078,2
13:14:45.891,5.803900718688965,600.339111328125,39.389442443847656,84.06501770019531,15.921089172363281,47.374267578125,2
13:14:45.891,3.894472599029541,602.2677612304688,39.29258728027344,16.851903915405273,36.59349822998047,83.13420104980469,2
13:14:45.891,2.0201637744903564,610.2156982421875,38.89435958862305,24.645734786987305,80.32786560058594,19.65823745727539,2
13:14:45.891,0.08274386078119278,602.496337890625,39.28022766113281,80.758544921875,24.8541259765625,19.227561950683594,2
13:14:45.891,4.421131610870361,600.7208251953125,39.367958068847656,33.036956787109375,17.338150024414062,82.64795684814453,2
13:14:45.893,2.4991438388824463,595.2115478515625,39.643096923828125,15.907196998596191,84.07891082763672,42.94248580932617,2
13:14:45.893,0.5526868104934692,592.3977661132812,39.78545379638672,84.44012451171875,51.72269821166992,15.545985221862793,2
13:14:45.893,4.985421657562256,600.7994995117188,39.365440368652344,65.92108917236328,17.15754508972168,82.82855987548828,2
13:14:45.893,3.009207010269165,596.5081787109375,39.580875396728516,18.31064224243164,81.67546081542969,72.63128662109375,2
13:14:45.893,1.12508225440979,608.580810546875,38.976863861083984,75.20144653320312,80.4529037475586,19.533203125,2
13:14:45.893,5.523284435272217,603.2380981445312,39.2426643371582,83.03695678710938,16.949153900146484,63.7677116394043,2
13:14:45.893,3.629528760910034,600.491455078125,39.37826156616211,15.907196998596191,52.09780502319336,84.07891082763672,2
13:14:45.893,1.7638221979141235,610.7695922851562,38.86347198486328,38.81633758544922,83.02305603027344,16.963045120239258,2
13:14:45.893,6.144822120666504,605.4627075195312,39.12721633911133,81.39761352539062,18.588497161865234,27.93831443786621,2
13:14:45.893,4.18766450881958,602.6707153320312,39.26400375366211,20.519588470458984,20.60294532775879,79.46651458740234,2
13:14:45.893,2.305129289627075,598.7267456054688,39.45945358276367,17.47707748413086,82.50902557373047,31.772714614868164,2
13:14:45.893,0.31401538848876953,586.407958984375,40.07645034790039,83.93997955322266,37.482635498046875,16.046123504638672,2
13:14:45.893,4.7027058601379395,599.174072265625,39.43606185913086,49.41650390625,15.837733268737793,84.14837646484375,2
13:14:45.893,2.7650716304779053,595.8385620117188,39.60297393798828,16.060016632080078,83.92608642578125,58.696861267089844,2
13:14:45.893,0.8009912967681885,589.8445434570312,39.90586471557617,83.23145294189453,66.37954711914062,16.754653930664062,2
13:14:45.893,5.228185176849365,598.6309814453125,39.46631622314453,79.18865966796875,20.255626678466797,79.73048400878906,2
13:14:46.045,3.266108512878418,600.387939453125,39.38084030151367,18.574604034423828,72.95082092285156,81.41150665283203,2
13:14:46.045,1.3792195320129395,607.85693359375,39.00860595703125,61.128089904785156,83.16199493408203,16.82411766052246,2
13:14:46.045,5.778476238250732,603.4302978515625,39.22936248779297,83.95387268066406,16.032230377197266,48.87468719482422,2
13:14:46.045,3.803708076477051,598.5003662109375,39.47678756713867,16.129480361938477,41.817169189453125,83.85662078857422,2
13:14:46.045,1.9740641117095947,610.3282470703125,38.88547134399414,27.10474967956543,80.96693420410156,19.0191707611084,2
13:14:46.045,0.015727218240499496,602.345703125,39.28363800048828,79.71658325195312,21.339262008666992,20.269519805908203,2
13:14:46.045,4.347019672393799,597.10546875,39.546607971191406,28.799667358398438,18.005001068115234,81.9811019897461,2
13:14:46.045,2.462451457977295,598.1588745117188,39.49383544921875,16.198944091796875,83.78716278076172,40.81689453125,2
13:14:46.045,0.46844327449798584,588.9091186523438,39.9574089050293,84.55126190185547,46.69352340698242,15.434843063354492,2
13:14:46.045,4.9190802574157715,600.9982299804688,39.35268783569336,62.100582122802734,16.643512725830078,83.34259033203125,2
13:14:46.045,2.988816738128662,598.8170166015625,39.46064758300781,18.143930435180664,81.84217834472656,71.43651580810547,2
13:14:46.045,1.0722506046295166,609.07470703125,38.948448181152344,77.92442321777344,79.61933898925781,20.36676788330078,2
13:14:46.045,5.48763370513916,603.04150390625,39.2484130859375,82.73131561279297,17.254793167114258,65.80994415283203,2
13:14:46.045,3.56449818611145,600.8792724609375,39.35450744628906,16.087800979614258,55.93220520019531,83.89830780029297,2
13:14:46.045,1.6934335231781006,610.935791015625,38.850303649902344,42.859127044677734,83.38427734375,16.60183334350586,2
13:14:46.346,6.053493022918701,604.6763305664062,39.16091537475586,82.45346069335938,17.53264808654785,32.98138427734375,2
13:14:46.346,4.090973377227783,598.170166015625,39.486175537109375,18.852458953857422,25.53487205505371,81.1336441040039,2
13:14:46.346,2.2370259761810303,596.8299560546875,39.55253601074219,18.199501037597656,81.78660583496094,27.93831443786621,2
13:14:46.346,0.2547187805175781,589.8831787109375,39.89963150024414,83.30091857910156,34.092803955078125,16.685190200805664,2
13:14:46.346,4.571925163269043,592.2428588867188,39.784210205078125,41.636566162109375,15.879410743713379,84.10669708251953,2
13:14:46.346,2.6647205352783203,595.549560546875,39.62091827392578,15.712697982788086,84.27340698242188,52.76465606689453,2
13:14:46.346,0.6654780507087708,588.8164672851562,39.962032318115234,84.25951385498047,58.47457504272461,15.726590156555176,2
13:14:46.346,5.070076942443848,596.5682373046875,39.57720947265625,70.7835464477539,17.89385986328125,82.09224700927734,2
13:14:46.346,3.1423449516296387,601.9058837890625,39.31148910522461,20.491802215576172,79.43873596191406,79.49430084228516,2
13:14:46.346,1.228407382965088,607.1575927734375,39.05024719238281,69.65824127197266,81.84217834472656,18.143930435180664,2
13:14:46.346,5.615997314453125,603.4633178710938,39.235145568847656,83.62045288085938,16.365657806396484,58.41900634765625,2
13:14:46.346,3.690894842147827,601.4735107421875,39.333919525146484,15.934981346130371,48.471797943115234,84.0511245727539,2
13:14:46.346,1.8125522136688232,606.8658447265625,39.06414031982422,35.96832275390625,82.84246063232422,17.14365005493164,2
13:14:46.346,6.187920570373535,605.85205078125,39.11467361450195,80.80022430419922,19.185884475708008,25.618228912353516,2
13:14:46.346,4.250638961791992,601.6364135742188,39.324371337890625,23.714920043945312,19.50541877746582,80.4806900024414,2
13:14:46.347,2.3603708744049072,599.6710815429688,39.42097091674805,16.976938247680664,83.00917053222656,34.926368713378906,2
13:14:46.347,0.4147073030471802,593.180419921875,39.74348831176758,84.20394897460938,43.512088775634766,15.782160758972168,2
13:14:46.347,4.793370246887207,597.0836181640625,39.546749114990234,54.792999267578125,15.851625442504883,84.13448333740234,2
13:14:46.347,2.927128791809082,600.0559692382812,39.395545959472656,17.490968704223633,82.49513244628906,67.97721099853516,2
13:14:46.347,0.9633989930152893,609.3536376953125,38.931007385253906,80.49458312988281,74.8541259765625,19.491525650024414,2
13:14:46.347,5.430680751800537,606.4161987304688,39.0758171081543,82.02278900146484,17.96332359313965,68.92192077636719,2
13:14:46.347,3.474726438522339,600.739990234375,39.35770797729492,16.518478393554688,61.169769287109375,83.46763610839844,2
13:14:46.347,1.6212399005889893,610.7821655273438,38.855003356933594,47.05473709106445,83.60655975341797,16.37955093383789,2
13:14:46.347,5.96359395980835,602.4586181640625,39.27061462402344,83.30091857910156,16.685190200805664,38.05223846435547,2
13:14:46.347,4.0051140785217285,599.5999755859375,39.41359329223633,17.810503005981445,30.286190032958984,82.17560577392578,2
13:14:46.347,2.104525327682495,602.5418090820312,39.26719665527344,20.36676788330078,79.61933898925781,21.061405181884766,2
13:14:46.347,0.163772851228714,589.8392333984375,39.905147552490234,82.34231567382812,28.910810470581055,17.643789291381836,2
13:14:46.347,4.5159454345703125,599.7320556640625,39.412540435791016,38.45512390136719,16.518478393554688,83.46763610839844,2
13:14:46.347,2.5765974521636963,594.0317993164062,39.69941711425781,15.643234252929688,84.3428726196289,47.5270881652832,2
13:14:46.347,0.6061617136001587,590.97705078125,39.854740142822266,84.38455200195312,54.918033599853516,15.601555824279785,2
13:14:46.496,5.009941577911377,597.6936645507812,39.5186767578125,67.36593627929688,17.268686294555664,82.71742248535156,2
13:14:46.496,3.093841791152954,597.223876953125,39.54263687133789,19.547096252441406,80.43901062011719,77.16032409667969,2
13:14:46.496,1.1530323028564453,611.9846801757812,38.80686950683594,73.6037826538086,80.71686553955078,19.269241333007812,2
13:14:46.496,5.580544948577881,603.1718139648438,39.24465560913086,83.4398422241211,16.546262741088867,60.475135803222656,2
13:14:46.496,3.6431949138641357,600.32568359375,39.3869743347168,15.893304824829102,51.29202651977539,84.09280395507812,2
13:14:46.496,1.789330244064331,608.4141235351562,38.982696533203125,37.315921783447266,82.95359802246094,17.032508850097656,2
13:14:46.496,6.144479274749756,603.4417114257812,39.23027038574219,81.48096466064453,18.50514030456543,27.896636962890625,2
13:14:46.496,4.2287726402282715,601.6000366210938,39.32115173339844,22.56182289123535,19.838844299316406,80.14726257324219,2
13:14:46.496,2.3315680027008057,601.335693359375,39.332275390625,17.324256896972656,82.66184997558594,33.328704833984375,2
13:14:46.496,0.3720162808895111,591.0029296875,39.84837341308594,84.10669708251953,40.9697151184082,15.879410743713379,2
13:14:46.496,4.7814836502075195,601.942626953125,39.29985427856445,54.056678771972656,16.046123504638672,83.93997955322266,2
13:14:46.496,2.8872015476226807,599.74462890625,39.40674591064453,17.08807945251465,82.89802551269531,65.71269989013672,2
13:14:46.496,0.8881556391716003,590.0440063476562,39.8916130065918,82.2728500366211,71.32537078857422,17.713253021240234,2
13:14:46.496,5.358978748321533,604.5919799804688,39.16143035888672,81.21700286865234,18.769102096557617,72.89524841308594,2
13:14:46.496,3.4053282737731934,598.2017822265625,39.47996139526367,16.949153900146484,65.21256256103516,83.03695678710938,2
13:14:46.795,1.5419542789459229,611.658447265625,38.808284759521484,51.66712951660156,83.59266662597656,16.393442153930664,2
13:14:46.795,5.893473148345947,604.24755859375,39.177608489990234,83.62045288085938,16.365657806396484,42.15060043334961,2
13:14:46.795,3.933772325515747,599.42138671875,39.420833587646484,17.074186325073242,34.30119323730469,82.91191864013672,2
13:14:46.795,2.0380759239196777,606.1273803710938,39.08800506591797,23.575992584228516,80.21672821044922,19.769380569458008,2
13:14:46.795,0.07036469131708145,591.04296875,39.844337463378906,81.00861358642578,23.82606315612793,18.977493286132812,2
13:14:46.795,4.415399074554443,597.4583129882812,39.52565383911133,32.64795684814453,17.254793167114258,82.73131561279297,2
13:14:46.795,2.5092248916625977,595.2081298828125,39.639442443847656,15.865518569946289,84.12059020996094,43.53987121582031,2
13:14:46.795,0.5370826721191406,590.1576538085938,39.893089294433594,84.53736877441406,50.80577850341797,15.448735237121582,2
13:14:46.795,4.939267635345459,596.7939453125,39.56204605102539,63.337039947509766,16.615726470947266,83.3703842163086,2
13:14:46.795,3.013866424560547,599.0992431640625,39.44590377807617,18.477354049682617,81.50875091552734,72.8118896484375,2
13:14:46.795,1.087568998336792,605.4210205078125,39.13050079345703,77.2714614868164,79.99443817138672,19.99166488647461,2
13:14:46.795,5.501132965087891,604.3307495117188,39.18446350097656,82.80077362060547,17.18532943725586,65.01805877685547,2
13:14:46.795,3.593200206756592,602.590087890625,39.270748138427734,16.073909759521484,54.22339630126953,83.91220092773438,2
13:14:46.795,1.7156951427459717,610.3619384765625,38.88169860839844,41.567100524902344,83.31481170654297,16.671297073364258,2
13:14:46.795,6.101634979248047,604.3348388671875,39.18064498901367,81.95332336425781,18.032785415649414,30.286190032958984,2
13:14:46.796,4.163227558135986,601.6490478515625,39.31336975097656,20.08891487121582,21.82550811767578,79.8971939086914,2
13:14:46.796,2.2901248931884766,600.6295776367188,39.3638801574707,17.713253021240234,82.2728500366211,30.9808292388916,2
13:14:46.796,0.3276922404766083,590.479736328125,39.87068176269531,83.85662078857422,38.357879638671875,16.129480361938477,2
13:14:46.796,4.723977088928223,599.3300170898438,39.427242279052734,50.68074417114258,15.851625442504883,84.13448333740234,2
13:14:46.796,2.8204171657562256,600.8295288085938,39.34996032714844,16.615726470947266,83.3703842163086,61.86440658569336,2
13:14:46.796,0.8462232351303101,591.1263427734375,39.83597946166992,82.71742248535156,68.9358139038086,17.268686294555664,2
13:14:46.796,5.258029937744141,603.5715942382812,39.21226119995117,79.77215576171875,20.213947296142578,78.27174377441406,2
13:14:46.796,3.3421971797943115,600.0958251953125,39.38469314575195,17.643789291381836,68.74131774902344,82.34231567382812,2
13:14:46.796,1.4175413846969604,602.7843627929688,39.25102996826172,58.97471237182617,83.59266662597656,16.393442153930664,2
13:14:46.796,5.7997612953186035,601.330078125,39.32577133178711,84.0233383178711,15.962767601013184,47.62434005737305,2
13:14:46.796,3.8667032718658447,602.2864990234375,39.27885818481445,16.671297073364258,38.20505905151367,83.31481170654297,2
13:14:46.796,1.9943584203720093,607.4116821289062,39.0239372253418,25.937759399414062,80.80022430419922,19.185884475708008,2
13:14:46.796,0.011964496225118637,599.3739624023438,39.427730560302734,79.77215576171875,21.033620834350586,20.213947296142578,2
13:14:46.797,4.389645099639893,596.943359375,39.5496940612793,31.17532730102539,17.50486183166504,82.48124694824219,2
13:14:46.797,2.460609197616577,597.2777099609375,39.5334587097168,16.18505096435547,83.80105590820312,40.69186019897461,2
13:14:46.948,0.4831017255783081,587.1288452148438,40.04301071166992,84.64851379394531,47.55487823486328,15.337594032287598,2
13:14:46.948,4.900784492492676,600.2196655273438,39.385440826416016,61.05862808227539,16.490692138671875,83.49541473388672,2
13:14:46.948,2.986104726791382,597.4095458984375,39.52539825439453,18.060571670532227,81.925537109375,71.32537078857422,2
13:14:46.948,1.0614299774169922,607.3092651367188,39.03167724609375,78.53570556640625,79.50819396972656,20.4779109954834,2
13:14:46.948,5.490477085113525,599.8958129882812,39.400840759277344,82.8841323852539,17.101972579956055,65.71269989013672,2
13:14:46.948,3.5241127014160156,602.072021484375,39.29292297363281,16.296192169189453,58.28007888793945,83.6899185180664,2
13:14:46.948,1.6729730367660522,606.65283203125,39.06306076049805,44.01222610473633,83.64823150634766,16.337871551513672,2
13:14:46.948,6.029506683349609,601.5620727539062,39.31768798828125,82.81466674804688,17.171436309814453,34.27341079711914,2
13:14:46.948,4.0940842628479,598.3743286132812,39.476600646972656,18.908029556274414,25.36815643310547,81.07807922363281,2
13:14:46.948,2.252817153930664,599.9962158203125,39.39385986328125,18.130035400390625,81.85607147216797,28.896915435791016,2
13:14:46.948,0.2884505093097687,590.1793823242188,39.882999420166016,83.57877349853516,36.05168151855469,16.40733528137207,2
13:14:46.948,4.660684108734131,600.2680053710938,39.375667572021484,46.94359588623047,15.934981346130371,84.0511245727539,2
13:14:46.948,2.758028030395508,597.7274169921875,39.500511169433594,16.11558723449707,83.87052154541016,58.26618576049805,2
13:14:46.948,0.7408155202865601,587.9965209960938,39.98991394042969,83.81494903564453,62.92025375366211,16.171159744262695,2
13:14:46.948,5.208981513977051,603.7106323242188,39.2017822265625,78.00778198242188,20.144485473632812,79.84162139892578,2
13:14:47.101,3.2563939094543457,601.0267333984375,39.336143493652344,18.72742462158203,73.45095825195312,81.25868225097656,2
13:14:47.101,1.3537253141403198,607.4276123046875,39.018714904785156,62.6007194519043,82.99527740478516,16.99083137512207,2
13:14:47.101,5.704330921173096,598.0435791015625,39.48747253417969,84.13448333740234,15.851625442504883,53.26479721069336,2
13:14:47.101,3.773524045944214,599.9203491210938,39.395172119140625,16.073909759521484,43.609336853027344,83.91220092773438,2
13:14:47.101,1.902516484260559,607.6168823242188,39.011207580566406,30.939149856567383,81.9394302368164,18.046680450439453,2
13:14:47.101,6.275843620300293,603.3145751953125,39.22652816772461,79.5359878540039,20.450124740600586,20.95026397705078,2
13:14:47.101,4.28670072555542,596.7808837890625,39.554779052734375,25.493192672729492,18.79688835144043,81.18922424316406,2
13:14:47.101,2.416551351547241,599.186767578125,39.43395233154297,16.53236961364746,83.4537353515625,38.16337966918945,2
13:14:47.101,0.43197503685951233,591.7158203125,39.807437896728516,84.3289794921875,44.5262565612793,15.657127380371094,2
13:14:47.101,4.831510543823242,598.1481323242188,39.4860954284668,57.02973175048828,16.046123504638672,83.93997955322266,2
13:14:47.101,2.899301767349243,596.5289916992188,39.56696701049805,17.074186325073242,82.91191864013672,66.46290588378906,2
13:14:47.101,0.9575110077857971,607.6334838867188,39.01449203491211,80.64739990234375,74.59016418457031,19.33870506286621,2
13:14:47.101,5.3873209953308105,600.5740356445312,39.36616897583008,81.74492645263672,18.24117660522461,71.46429443359375,2
13:14:47.101,3.4724302291870117,599.3882446289062,39.42549514770508,16.47679901123047,61.32258605957031,83.50930786132812,2
13:14:47.101,1.5742981433868408,607.4329833984375,39.024147033691406,49.79161071777344,83.78716278076172,16.198944091796875,2
13:14:47.101,5.945122718811035,601.2625732421875,39.33148956298828,83.46763610839844,16.518478393554688,39.10808563232422,2
13:14:47.399,4.024755477905273,600.3051147460938,39.37984085083008,18.074464797973633,29.202556610107422,81.9116439819336,2
13:14:47.399,2.1554410457611084,607.5776977539062,39.016021728515625,19.7554874420166,80.23062133789062,23.881633758544922,2
13:14:47.399,0.20160020887851715,589.171142578125,39.93693542480469,82.80077362060547,31.03639793395996,17.18532943725586,2
13:14:47.399,4.514335632324219,596.668212890625,39.56332015991211,38.316200256347656,16.393442153930664,83.59266662597656,2
13:14:47.400,2.6353373527526855,599.03759765625,39.44419479370117,15.837733268737793,84.14837646484375,51.0141716003418,2
13:14:47.400,0.6380545496940613,590.5856323242188,39.86790084838867,84.28730010986328,56.82133865356445,15.698805809020996,2
13:14:47.400,5.009143829345703,592.592041015625,39.76953125,67.4354019165039,17.06029510498047,82.92581176757812,2
13:14:47.400,3.0682294368743896,593.5352172851562,39.72413635253906,19.0191707611084,80.96693420410156,75.92386627197266,2
13:14:47.400,1.173708438873291,606.3065795898438,39.088401794433594,72.67296600341797,81.21700286865234,18.769102096557617,2
13:14:47.400,5.554092884063721,600.9296875,39.35836410522461,83.35649108886719,16.629619598388672,62.045013427734375,2
13:14:47.400,3.6476733684539795,602.6851196289062,39.26968002319336,15.990551948547363,51.02806091308594,83.99555969238281,2
13:14:47.400,1.7400805950164795,607.6130981445312,39.02339553833008,40.13615036010742,83.30091857910156,16.685190200805664,2
13:14:47.400,6.096616268157959,603.3524169921875,39.236488342285156,82.06446075439453,17.92164421081543,30.5362606048584,2
13:14:47.400,4.162091255187988,600.7440795898438,39.36542892456055,20.01944923400879,21.839399337768555,79.96665954589844,2
13:14:47.401,2.265066623687744,596.4141235351562,39.58095932006836,17.82439422607422,82.16171264648438,29.46651840209961,2
13:14:47.401,0.33530399203300476,592.5438842773438,39.77472686767578,83.82884216308594,38.830230712890625,16.15726661682129,2
13:14:47.401,4.71864652633667,600.8109741210938,39.361053466796875,50.361209869384766,15.907196998596191,84.07891082763672,2
13:14:47.401,2.799607992172241,597.9559936523438,39.502689361572266,16.351764678955078,83.63433837890625,60.697418212890625,2
13:14:47.401,0.8441676497459412,592.6873779296875,39.765480041503906,82.67574310302734,68.78299713134766,17.31036376953125,2
13:14:47.401,5.28447961807251,603.413330078125,39.22745132446289,80.20283508300781,19.783273696899414,76.91024780273438,2
13:14:47.401,3.3874974250793457,601.628173828125,39.314456939697266,17.254793167114258,66.15726470947266,82.73131561279297,2
13:14:47.401,1.5237572193145752,611.2012329101562,38.83464813232422,52.736873626708984,83.59266662597656,16.393442153930664,2
13:14:47.401,5.899791717529297,604.6249389648438,39.16019821166992,83.57877349853516,16.40733528137207,41.78938674926758,2
13:14:47.401,3.9841456413269043,602.6380004882812,39.25804901123047,17.713253021240234,31.522645950317383,82.2728500366211,2
13:14:47.401,2.112544298171997,609.1195068359375,38.93291091918945,20.491802215576172,79.49430084228516,21.714365005493164,2
13:14:47.401,0.1415608525276184,587.1362915039062,40.03371810913086,82.16171264648438,27.604888916015625,17.82439422607422,2
13:14:47.401,4.4728169441223145,599.8480224609375,39.39862823486328,35.96832275390625,16.851903915405273,83.13420104980469,2
13:14:47.401,2.5181336402893066,594.505859375,39.666961669921875,15.80994701385498,84.17616271972656,44.06779861450195,2
13:14:47.401,0.57084059715271,591.0824584960938,39.841094970703125,84.45401763916016,52.820228576660156,15.532093048095703,2
13:14:47.546,4.962372303009033,597.7213134765625,39.51078414916992,64.65684509277344,16.838010787963867,83.14810180664062,2
13:14:47.546,2.9834389686584473,591.9653930664062,39.80217361450195,17.79660987854004,82.18949127197266,71.32537078857422,2
13:14:47.546,1.054485559463501,609.0890502929688,38.94926452636719,78.84134674072266,79.32759094238281,20.65851593017578,2
13:14:47.546,5.500694274902344,604.0107421875,39.20130920410156,82.81466674804688,17.171436309814453,65.04584503173828,2
13:14:47.546,3.5389747619628906,598.7677001953125,39.46372604370117,16.087800979614258,57.44651412963867,83.89830780029297,2
13:14:47.546,1.6897177696228027,612.3875732421875,38.783538818359375,43.095306396484375,83.34259033203125,16.643512725830078,2
13:14:47.546,6.032937049865723,603.22021484375,39.239070892333984,82.71742248535156,17.268686294555664,34.10669708251953,2
13:14:47.546,4.1135993003845215,601.3677978515625,39.33213424682617,19.297027587890625,24.409557342529297,80.68907928466797,2
13:14:47.546,2.230414390563965,595.4683837890625,39.62572479248047,18.227285385131836,81.75881958007812,27.52153205871582,2
13:14:47.546,0.2715529799461365,588.8994140625,39.95457458496094,83.49541473388672,35.0514030456543,16.490692138671875,2
13:14:47.546,4.677334785461426,602.9482421875,39.24979782104492,47.92998123168945,16.018339157104492,83.96776580810547,2
13:14:47.546,2.7715702056884766,600.5950927734375,39.36619567871094,16.296192169189453,83.6899185180664,59.03028869628906,2
13:14:47.547,0.8036332726478577,593.0323486328125,39.74412536621094,83.0786361694336,66.47679901123047,16.907474517822266,2
13:14:47.547,5.277507305145264,602.416259765625,39.27095031738281,80.13336944580078,19.852737426757812,77.29924774169922,2
13:14:47.547,3.327507734298706,601.0974731445312,39.336204528808594,17.85218048095703,69.5470962524414,82.13392639160156,2
13:14:47.694,1.47395658493042,610.8935546875,38.84610366821289,55.626564025878906,83.48152160644531,16.50458335876465,2
13:14:47.694,5.848964214324951,605.0138549804688,39.13790512084961,83.7454833984375,16.24062156677246,44.74854278564453,2
13:14:47.694,3.872836112976074,596.9521484375,39.540138244628906,16.490692138671875,37.76049041748047,83.49541473388672,2
13:14:47.694,2.0185766220092773,609.0421752929688,38.93544006347656,24.701305389404297,80.38343811035156,19.6026668548584,2
13:14:47.694,0.10626628249883652,603.0031127929688,39.23662567138672,81.05029296875,26.132259368896484,18.935815811157227,2
13:14:47.694,4.402283191680908,595.0147705078125,39.63754653930664,31.85607147216797,17.296470642089844,82.68963623046875,2
13:14:47.694,2.5007593631744385,596.5928955078125,39.55961227416992,15.962767601013184,84.0233383178711,43.053627014160156,2
13:14:47.694,0.5158899426460266,590.9708862304688,39.84361267089844,84.49569702148438,49.527645111083984,15.4904146194458,2
13:14:47.694,4.917852878570557,597.4727783203125,39.520103454589844,62.08668899536133,16.490692138671875,83.49541473388672,2
13:14:47.694,2.96638560295105,596.5808715820312,39.565486907958984,17.782718658447266,82.20338439941406,70.25562286376953,2
13:14:47.992,1.044367790222168,607.2422485351562,39.033058166503906,79.3136978149414,79.11920166015625,20.672409057617188,2
13:14:47.992,5.438772201538086,600.7841796875,39.355953216552734,82.34231567382812,17.643789291381836,68.60238647460938,2
13:14:47.992,3.5168721675872803,598.8303833007812,39.45376968383789,16.198944091796875,58.7385368347168,83.78716278076172,2
13:14:47.992,1.628669261932373,603.9964599609375,39.196434020996094,46.596275329589844,83.88441467285156,16.101696014404297,2
13:14:47.992,6.029099464416504,603.60693359375,39.2164421081543,82.73131561279297,17.254793167114258,34.3289794921875,2
13:14:47.992,4.070763111114502,600.4541015625,39.374088287353516,18.657960891723633,26.68796730041504,81.3281478881836,2
13:14:47.992,2.211538314819336,595.4012451171875,39.62666320800781,18.477354049682617,81.50875091552734,26.493471145629883,2
13:14:47.992,0.24146625399589539,591.023193359375,39.84565734863281,83.13420104980469,33.35648727416992,16.851903915405273,2
13:14:47.992,4.636788368225098,598.7216796875,39.4594612121582,45.52653503417969,15.921089172363281,84.06501770019531,2
13:14:47.992,2.733144998550415,599.2546997070312,39.43136978149414,16.073909759521484,83.91220092773438,56.79355239868164,2
13:14:47.992,0.7795838117599487,591.7681884765625,39.80611038208008,83.34259033203125,65.11531066894531,16.643512725830078,2
13:14:47.992,5.213648796081543,606.0183715820312,39.0905876159668,78.17449951171875,20.31119728088379,79.67491149902344,2
13:14:47.992,3.32128643989563,601.5552978515625,39.310707092285156,17.93553924560547,69.88052368164062,82.05056762695312,2
13:14:47.992,1.4071147441864014,608.4154052734375,38.9674072265625,59.51653289794922,83.28702545166016,16.69908332824707,2
13:14:47.992,5.801514625549316,604.331298828125,39.17159652709961,83.88441467285156,16.101696014404297,47.5270881652832,2
13:14:47.992,3.8314478397369385,601.7972412109375,39.295955657958984,16.435121536254883,40.2333984375,83.55098724365234,2
13:14:47.992,1.9474908113479614,604.7894897460938,39.145668029785156,28.39677619934082,81.52264404296875,18.463462829589844,2
13:14:47.992,0.013989623636007309,602.080322265625,39.28237533569336,79.68880462646484,21.24201202392578,20.297306060791016,2
13:14:47.992,4.347418785095215,596.7723999023438,39.54865646362305,28.81355857849121,18.005001068115234,81.9811019897461,2
13:14:47.992,2.4212920665740967,592.8316650390625,39.74795913696289,16.24062156677246,83.7454833984375,38.3439826965332,2
13:14:47.993,0.43700191378593445,588.404541015625,39.971824645996094,84.48179626464844,44.80411148071289,15.50430679321289,2
13:14:47.993,4.839702606201172,595.9707641601562,39.59327697753906,57.52986526489258,15.976659774780273,84.00944519042969,2
13:14:47.993,2.902200937271118,595.9747924804688,39.59321975708008,17.074186325073242,82.91191864013672,66.64350891113281,2
13:14:47.993,0.9553045630455017,612.8793334960938,38.75029754638672,80.466796875,74.31230926513672,19.519311904907227,2
13:14:47.993,5.383410453796387,604.4640502929688,39.167659759521484,81.53653717041016,18.449569702148438,71.575439453125,2
13:14:47.993,3.4606878757476807,599.6071166992188,39.41082763671875,16.57404899597168,62.003334045410156,83.41205596923828,2
13:14:47.993,1.5743335485458374,607.555908203125,39.01427459716797,49.79161071777344,83.77326965332031,16.21283721923828,2
13:14:47.993,5.946171283721924,599.3082885742188,39.42597198486328,83.55098724365234,16.435121536254883,39.02472686767578,2
13:14:47.993,4.004722595214844,600.8187866210938,39.351192474365234,17.866073608398438,30.327869415283203,82.12003326416016,2
13:14:47.993,2.1762845516204834,599.0315551757812,39.43880844116211,19.11642074584961,80.86968994140625,24.701305389404297,2
13:14:47.993,0.20416922867298126,592.1517944335938,39.78255844116211,82.70352935791016,31.258684158325195,17.282577514648438,2
13:14:47.993,4.585031986236572,599.8497924804688,39.39604568481445,42.48402404785156,16.15726661682129,83.82884216308594,2
13:14:47.994,2.6539251804351807,597.62353515625,39.50581359863281,15.79605484008789,84.19005584716797,52.12559127807617,2
13:14:47.994,0.6993283033370972,590.4324951171875,39.865264892578125,83.9816665649414,60.44734573364258,16.004446029663086,2
13:14:47.994,5.120323657989502,598.2554931640625,39.47162628173828,73.47874450683594,18.616283416748047,81.36981964111328,2
13:14:48.140,3.2064049243927,598.2974853515625,39.46852111816406,19.352598190307617,76.21561431884766,80.63350677490234,2
13:14:48.140,1.269803762435913,608.7546997070312,38.94789505004883,67.31036376953125,82.20338439941406,17.782718658447266,2
13:14:48.140,5.66998291015625,601.9766845703125,39.28624725341797,83.88441467285156,16.101696014404297,55.265350341796875,2
13:14:48.140,3.704983711242676,600.5476684570312,39.35972595214844,15.934981346130371,47.63823318481445,84.0511245727539,2
13:14:48.140,1.8080693483352661,603.54638671875,39.21173858642578,36.16282272338867,82.99527740478516,16.99083137512207,2
13:14:48.140,6.115889072418213,595.23291015625,39.63044357299805,82.16171264648438,17.82439422607422,29.25812530517578,2
13:14:48.140,4.197721004486084,597.0817260742188,39.54121017456055,20.797443389892578,20.1861629486084,79.79994201660156,2
13:14:48.140,2.3021931648254395,597.0753784179688,39.54283905029297,17.43539810180664,82.55071258544922,31.578216552734375,2
13:14:48.140,0.3436271846294403,589.5584716796875,39.92006301879883,84.00944519042969,39.27479934692383,15.976659774780273,2
13:14:48.141,4.6985039710998535,596.637939453125,39.56785202026367,49.16643524169922,15.726590156555176,84.25951385498047,2
13:14:48.141,2.7808334827423096,595.5133666992188,39.62406921386719,16.129480361938477,83.85662078857422,59.62767791748047,2
13:14:48.141,0.842252790927887,593.778076171875,39.71138381958008,82.64795684814453,68.657958984375,17.338150024414062,2
13:14:48.141,5.259192943572998,603.13916015625,39.2433967590332,79.81383514404297,20.172269821166992,78.23006439208984,2
13:14:48.141,3.3259711265563965,600.2970581054688,39.385379791259766,17.82439422607422,69.65824127197266,82.16171264648438,2
13:14:48.441,1.4667848348617554,612.1254272460938,38.79465866088867,56.029449462890625,83.41205596923828,16.57404899597168,2
13:14:48.441,5.835172653198242,602.4273681640625,39.27609634399414,83.91220092773438,16.073909759521484,45.540428161621094,2
13:14:48.441,3.938162326812744,601.965576171875,39.29786682128906,17.227006912231445,34.10669708251953,82.75910186767578,2
13:14:48.441,2.066621780395508,609.0405883789062,38.94358825683594,22.200611114501953,79.66101837158203,20.325090408325195,2
13:14:48.441,0.13383245468139648,591.5509033203125,39.81778335571289,81.88385009765625,27.29924964904785,18.102251052856445,2
13:14:48.441,4.485097408294678,599.6985473632812,39.40903854370117,36.67685317993164,16.740760803222656,83.24534606933594,2
13:14:48.441,2.611199140548706,602.34814453125,39.273780822753906,15.976659774780273,84.00944519042969,49.597110748291016,2
13:14:48.441,0.6040114164352417,589.8192138671875,39.89950942993164,84.44012451171875,54.806888580322266,15.545985221862793,2
13:14:48.441,5.027689456939697,599.213134765625,39.427608489990234,68.33843231201172,17.53264808654785,82.45346069335938,2
13:14:48.441,3.074838399887085,597.3967895507812,39.517494201660156,19.28313446044922,80.70297241210938,76.14614868164062,2
13:14:48.441,1.1506803035736084,602.145751953125,39.281742095947266,74.02056121826172,81.05029296875,18.935815811157227,2
13:14:48.441,5.520063400268555,600.4149780273438,39.370704650878906,83.12030792236328,16.865795135498047,64.00389099121094,2
13:14:48.441,3.5956878662109375,598.9181518554688,39.44839859008789,15.907196998596191,54.09836196899414,84.07891082763672,2
13:14:48.441,1.6888319253921509,605.56982421875,39.1197395324707,43.08141326904297,83.63433837890625,16.351764678955078,2
13:14:48.441,6.029038906097412,598.7886962890625,39.46126174926758,82.93970489501953,17.046401977539062,34.23173141479492,2
13:14:48.441,4.090490341186523,599.6295776367188,39.42082595825195,18.89413833618164,25.59044075012207,81.09197235107422,2
13:14:48.442,2.20511794090271,594.978515625,39.65513610839844,18.532926559448242,81.45317840576172,26.132259368896484,2
13:14:48.442,0.23356503248214722,588.515380859375,39.98124694824219,83.1758804321289,32.84245681762695,16.810224533081055,2
13:14:48.442,4.614455699920654,598.9691772460938,39.457767486572266,44.206722259521484,15.990551948547363,83.99555969238281,2
13:14:48.442,2.662879228591919,594.434814453125,39.685791015625,15.657127380371094,84.3289794921875,52.66740798950195,2
13:14:48.442,0.737369179725647,591.7034301757812,39.824188232421875,83.6899185180664,62.670188903808594,16.296192169189453,2
13:14:48.442,5.163107872009277,600.7056274414062,39.373321533203125,75.7154769897461,19.297027587890625,80.68907928466797,2
13:14:48.442,3.2210822105407715,602.617919921875,39.278018951416016,19.28313446044922,75.31258392333984,80.70297241210938,2
13:14:48.442,1.3303768634796143,608.3223266601562,38.99262237548828,63.9205322265625,82.7868881225586,17.199222564697266,2
13:14:48.442,5.732067108154297,603.0821533203125,39.25349426269531,83.96776580810547,16.018339157104492,51.6115608215332,2
13:14:48.442,3.804710865020752,602.4192504882812,39.285099029541016,16.296192169189453,41.803279876708984,83.6899185180664,2
13:14:48.442,1.9760539531707764,611.4077758789062,38.83333969116211,27.02139663696289,80.89747619628906,19.08863639831543,2
13:14:48.442,0.042715054005384445,604.9683837890625,39.153072357177734,80.05001831054688,22.82578468322754,19.936094284057617,2
13:14:48.442,4.377331733703613,599.181640625,39.44078063964844,30.5362606048584,17.741039276123047,82.24507141113281,2
13:14:48.442,2.4842350482940674,599.48046875,39.42376708984375,16.15726661682129,83.82884216308594,42.10892105102539,2
13:14:48.442,0.49608492851257324,588.8822021484375,39.95551681518555,84.57904815673828,48.346763610839844,15.40705680847168,2
13:14:48.593,4.898124694824219,598.537353515625,39.472625732421875,60.933589935302734,16.393442153930664,83.59266662597656,2
13:14:48.593,2.94010066986084,593.194091796875,39.741153717041016,17.352041244506836,82.63406372070312,68.8663558959961,2
13:14:48.593,0.9807069301605225,604.252685546875,39.19122314453125,80.4529037475586,75.93775939941406,19.533203125,2
13:14:48.593,5.39877462387085,597.4330444335938,39.53281021118164,82.02278900146484,17.96332359313965,70.92247772216797,2
13:14:48.593,3.4516119956970215,599.5518798828125,39.429264068603516,16.615726470947266,62.53125762939453,83.3703842163086,2
13:14:48.593,1.5693784952163696,609.120361328125,38.95277404785156,50.069461822509766,83.7315902709961,16.254514694213867,2
13:14:48.593,5.961582660675049,603.8295288085938,39.21633529663086,83.25923919677734,16.72686767578125,38.191162109375,2
13:14:48.593,3.980944871902466,598.6239013671875,39.477577209472656,17.490968704223633,31.606000900268555,82.49513244628906,2
13:14:48.593,2.1601781845092773,611.8751220703125,38.81428909301758,19.838844299316406,80.14726257324219,24.256736755371094,2
13:14:48.593,0.16922497749328613,591.8544921875,39.81446075439453,82.32843017578125,29.27202033996582,17.657682418823242,2
13:14:48.594,4.526089668273926,598.1958618164062,39.498146057128906,39.02472686767578,16.37955093383789,83.60655975341797,2
13:14:48.594,2.631452798843384,595.8199462890625,39.615901947021484,15.68491268157959,84.30120086669922,50.79188919067383,2
13:14:48.594,0.6526033878326416,589.2613525390625,39.94501495361328,84.30120086669922,57.69657897949219,15.68491268157959,2
13:14:48.594,5.09994649887085,600.9902954101562,39.35639953613281,72.29785919189453,18.43567657470703,81.55043029785156,2
13:14:48.594,3.188051700592041,601.4427490234375,39.33284378051758,19.727703094482422,77.09085845947266,80.25840759277344,2
13:14:48.744,1.280547857284546,608.79736328125,38.96595001220703,66.72686767578125,82.32843017578125,17.657682418823242,2
13:14:48.744,5.700418472290039,602.2017822265625,39.29397964477539,83.96776580810547,16.018339157104492,53.47318649291992,2
13:14:48.744,3.739100694656372,599.406982421875,39.433082580566406,15.934981346130371,45.62378692626953,84.0511245727539,2
13:14:48.744,1.9051721096038818,610.3123779296875,38.887306213378906,30.855792999267578,81.80049896240234,18.185606002807617,2
13:14:48.744,6.255753040313721,604.4109497070312,39.180816650390625,79.82772827148438,20.158376693725586,22.02000617980957,2
13:14:48.744,4.287352561950684,596.5734252929688,39.57307052612305,25.520977020263672,18.769102096557617,81.21700286865234,2
13:14:48.744,2.38144588470459,598.316650390625,39.48666763305664,16.754653930664062,83.23145294189453,36.10725021362305,2
13:14:48.745,0.41982904076576233,589.6686401367188,39.92002487182617,84.38455200195312,43.789939880371094,15.601555824279785,2
13:14:48.745,4.74971342086792,592.2760009765625,39.793006896972656,52.222843170166016,15.559877395629883,84.42623138427734,2
13:14:48.745,2.855109691619873,595.4953002929688,39.63395309448242,16.629619598388672,83.35649108886719,63.96220779418945,2
13:14:48.745,0.8786585927009583,590.1480712890625,39.90508270263672,82.39788818359375,70.79743957519531,17.588218688964844,2
13:14:48.745,5.293824672698975,599.5964965820312,39.433773040771484,80.50847625732422,19.477632522583008,76.56293487548828,2
13:14:48.745,3.3969504833221436,602.5789794921875,39.28502655029297,17.18532943725586,65.61544799804688,82.80077362060547,2
13:14:48.745,1.4978296756744385,610.376953125,38.89504623413086,54.251182556152344,83.59266662597656,16.393442153930664,2
13:14:48.745,5.874794006347656,602.46728515625,39.289485931396484,83.78716278076172,16.198944091796875,43.2203369140625,2
13:14:48.895,3.938589572906494,602.0293579101562,39.31011199951172,17.213115692138672,34.07891082763672,82.77299499511719,2
13:14:48.895,2.088029623031616,607.119384765625,39.05392837524414,21.01972770690918,79.39704895019531,20.589052200317383,2
13:14:48.895,0.15585045516490936,592.1170043945312,39.80377960205078,82.16171264648438,28.521812438964844,17.82439422607422,2
13:14:48.895,4.506651878356934,599.7752685546875,39.4200325012207,37.91331100463867,16.57404899597168,83.41205596923828,2
13:14:48.895,2.5723021030426025,597.4827270507812,39.53390121459961,15.79605484008789,84.19005584716797,47.290916442871094,2
13:14:48.895,0.6344835758209229,591.6522216796875,39.82487869262695,84.27340698242188,56.599056243896484,15.712697982788086,2
13:14:48.895,5.03015661239624,596.4183959960938,39.585777282714844,68.54682159423828,17.421506881713867,82.5645980834961,2
13:14:48.895,3.1645350456237793,600.5386962890625,39.37820053100586,20.07501983642578,78.34120178222656,79.91108703613281,2
13:14:48.895,1.2454192638397217,610.83447265625,38.86356735229492,68.63018035888672,81.88385009765625,18.102251052856445,2
13:14:48.895,5.665614604949951,605.5352783203125,39.12619400024414,83.7315902709961,16.254514694213867,55.50152587890625,2
13:14:48.895,3.7194862365722656,601.4744873046875,39.326942443847656,15.990551948547363,46.790775299072266,83.99555969238281,2
13:14:48.895,1.8819141387939453,611.09130859375,38.84449768066406,32.161712646484375,82.02278900146484,17.96332359313965,2
13:14:48.895,6.210635662078857,603.1674194335938,39.240352630615234,80.57794189453125,19.40816879272461,24.34009552001953,2
13:14:48.895,4.248384475708008,599.6976318359375,39.41421890258789,23.53431510925293,19.4637393951416,80.5223617553711,2
13:14:48.895,2.3237195014953613,595.678955078125,39.616233825683594,17.15754508972168,82.82855987548828,32.75910186767578,2
13:14:49.047,0.3614868223667145,587.5076904296875,39.97066116333008,84.14837646484375,40.31675338745117,15.837733268737793,2
13:14:49.047,4.741994380950928,597.205322265625,39.38534164428711,51.736595153808594,15.893304824829102,84.09280395507812,2
13:14:49.047,2.7740478515625,591.899658203125,39.549373626708984,16.15726661682129,83.82884216308594,59.21089172363281,2
13:14:49.047,0.8197406530380249,588.0352172851562,39.64009475708008,82.82855987548828,67.35204315185547,17.15754508972168,2
13:14:49.047,5.233019828796387,602.1419677734375,38.827327728271484,78.96637725830078,20.82522964477539,79.16087341308594,2
13:14:49.047,3.290337324142456,597.1712646484375,38.967708587646484,18.588497161865234,71.39482879638672,81.39761352539062,2
13:14:49.047,1.3729462623596191,607.5406494140625,38.340885162353516,61.29480743408203,82.55071258544922,17.43539810180664,2
13:14:49.047,5.7340087890625,599.5007934570312,38.629878997802734,83.4398422241211,16.546262741088867,51.472633361816406,2
13:14:49.047,3.748594045639038,595.988525390625,38.69428253173828,16.60183334350586,45.151432037353516,83.38427734375,2
13:14:49.047,1.83097243309021,600.9954223632812,38.33157730102539,35.2042236328125,82.07835388183594,17.907752990722656,2
13:14:49.047,6.135274410247803,593.8687133789062,38.57361602783203,81.0641860961914,18.92192268371582,28.75798988342285,2
13:14:49.047,4.143211364746094,594.0486450195312,38.45020294189453,20.422340393066406,23.46485137939453,79.56376647949219,2
13:14:49.047,2.199894428253174,591.8926391601562,38.44114685058594,19.57488250732422,80.41122436523438,26.576826095581055,2
13:14:49.047,0.19016703963279724,582.3707275390625,38.79939651489258,81.74492645263672,30.939149856567383,18.24117660522461,2
13:14:49.047,4.489842891693115,589.2314453125,38.336875915527344,37.30202865600586,17.616003036499023,82.37010192871094,2
13:14:49.352,2.5074822902679443,585.9708251953125,38.37890625,16.963045120239258,83.02305603027344,43.63711929321289,2
13:14:49.352,0.45372432470321655,578.794677734375,38.61662292480469,83.35649108886719,45.94331741333008,16.629619598388672,2
13:14:49.352,4.753782272338867,585.6293334960938,38.15221405029297,52.36176681518555,16.976938247680664,83.00917053222656,2
13:14:49.352,2.7352118492126465,583.8865356445312,38.11610794067383,17.213115692138672,82.77299499511719,56.68241500854492,2
13:14:49.352,0.6307192444801331,572.3326416015625,38.572364807128906,83.20366668701172,56.18227005004883,16.782440185546875,2
13:14:49.352,4.944488048553467,583.8902587890625,37.86851501464844,63.059181213378906,18.074464797973633,81.9116439819336,2
13:14:49.352,2.8515756130218506,576.6207275390625,38.107303619384766,17.89385986328125,82.09224700927734,63.225894927978516,2
13:14:49.353,0.7566351890563965,570.7728881835938,38.276580810546875,82.24507141113281,63.25368118286133,17.741039276123047,2
13:14:49.353,5.048214435577393,579.8118286132812,37.69728088378906,68.63018035888672,19.1719913482666,80.81411743164062,2
13:14:49.353,2.914207696914673,573.2086791992188,37.901058197021484,18.602388381958008,81.38372039794922,66.58794403076172,2
13:14:49.353,0.7935692667961121,568.2928466796875,38.0200309753418,81.73104095458984,65.19866943359375,18.25507164001465,2
13:14:49.353,5.086741924285889,575.6572265625,37.51893997192383,70.57515716552734,19.7554874420166,80.23062133789062,2
13:14:49.353,2.9937682151794434,575.3841552734375,37.40076446533203,19.866628646850586,80.11947631835938,70.57515716552734,2
13:14:49.353,0.8154882192611694,565.440673828125,37.76721954345703,81.31425476074219,66.29619598388672,18.67185401916504,2
13:14:49.353,5.082134246826172,573.6497192382812,37.220359802246094,70.17227172851562,19.936094284057617,80.05001831054688,2
13:14:49.353,2.944758653640747,569.1992797851562,37.308837890625,19.394275665283203,80.59183502197266,67.94943237304688,2
13:14:49.505,0.7903565764427185,564.5979614257812,37.405296325683594,81.24478912353516,64.7818832397461,18.741317749023438,2
13:14:49.505,5.013770580291748,572.3958740234375,36.87816619873047,66.40733337402344,19.491525650024414,80.49458312988281,2
13:14:49.505,2.863792657852173,567.4066772460938,36.98955154418945,18.92192268371582,81.0641860961914,63.48986053466797,2
13:14:49.505,0.7038708925247192,563.0081787109375,37.07072067260742,81.57821655273438,59.961097717285156,18.40789222717285,2
13:14:49.505,4.864522933959961,565.1884765625,36.82233428955078,58.36343002319336,18.477354049682617,81.50875091552734,2
13:14:49.505,2.7572829723358154,568.6358032226562,36.507972717285156,18.685745239257812,81.30036163330078,57.599334716796875,2
13:14:49.505,0.5445351004600525,557.5104370117188,36.92277526855469,81.96720886230469,51.153099060058594,18.01889419555664,2
13:14:49.505,4.690844535827637,563.4800415039062,36.482330322265625,48.819114685058594,18.40789222717285,81.57821655273438,2
13:14:49.505,2.5410983562469482,564.8905029296875,36.26754379272461,18.67185401916504,81.31425476074219,45.81828308105469,2
13:14:49.505,0.32702887058258057,555.1358642578125,36.610496520996094,81.09197235107422,39.26090621948242,18.89413833618164,2
13:14:49.505,4.396450519561768,559.4943237304688,36.24810791015625,33.092525482177734,20.158376693725586,79.82772827148438,2
13:14:49.505,2.236820697784424,557.71826171875,36.192047119140625,20.89469337463379,79.09141540527344,29.799943923950195,2
13:14:49.505,0.009827788919210434,562.9591674804688,35.784427642822266,76.9797134399414,23.617671966552734,23.006389617919922,2
13:14:49.505,4.042075157165527,558.4340209960938,35.86497116088867,21.116975784301758,30.188941955566406,78.86912536621094,2
13:14:49.505,1.8211357593536377,561.4884643554688,35.5667839050293,36.774105072021484,79.82772827148438,20.158376693725586,2
13:14:49.658,5.810903072357178,552.9265747070312,35.84792709350586,80.99472045898438,18.99138641357422,47.23534393310547,2
13:14:49.658,3.536081314086914,554.6361694335938,35.61478042602539,19.40816879272461,56.87691116333008,80.57794189453125,2
13:14:49.658,1.2869102954864502,559.5164184570312,35.22222137451172,64.7957763671875,79.27201843261719,20.714088439941406,2
13:14:49.658,5.338537216186523,554.4702758789062,35.321876525878906,77.91053009033203,22.075576782226562,71.64490509033203,2
13:14:49.658,3.010355234146118,546.4559326171875,35.63255310058594,21.478187561035156,78.50791931152344,70.43623352050781,2
13:14:49.658,0.680095911026001,540.1851806640625,35.89737319946289,80.70297241210938,58.39122009277344,19.28313446044922,2
13:14:49.658,4.761880874633789,548.2936401367188,35.43989562988281,52.625728607177734,19.33870506286621,80.64739990234375,2
13:14:49.658,2.4608633518218994,543.1090087890625,35.649749755859375,19.50541877746582,80.4806900024414,41.62267303466797,2
13:14:49.658,0.19409377872943878,540.2750854492188,35.74362564086914,79.2859115600586,32.64795684814453,20.700193405151367,2
13:14:49.658,4.173192024230957,549.528076171875,35.23345184326172,23.33981704711914,24.284523010253906,76.64629364013672,2
13:14:49.658,1.9305474758148193,553.9840698242188,34.96322250366211,31.536537170410156,78.32731628417969,21.658794403076172,2
13:14:49.658,5.883109092712402,547.9359130859375,35.21855545043945,80.25840759277344,19.727703094482422,43.48429870605469,2
13:14:49.658,3.5882341861724854,547.1935424804688,35.20791244506836,19.588773727416992,54.056678771972656,80.39733123779297,2
13:14:49.658,1.2754054069519043,554.586181640625,34.79303741455078,65.18476867675781,78.81356048583984,21.17254638671875,2
13:14:49.658,5.241661071777344,549.5065307617188,35.00017166137695,76.3267593383789,23.65934944152832,75.97943878173828,2
13:14:49.810,2.931227445602417,544.6024780273438,35.19801712036133,20.991941452026367,78.9941635131836,66.2684097290039,2
13:14:49.810,0.5683004856109619,536.4014282226562,35.56180953979492,80.758544921875,52.37566375732422,19.227561950683594,2
13:14:49.810,4.60427713394165,542.9894409179688,35.184871673583984,44.30397415161133,19.69991683959961,80.28619384765625,2
13:14:49.810,2.306446075439453,542.5196533203125,35.16276168823242,21.005834579467773,78.98027038574219,33.82884216308594,2
13:14:49.810,6.279265880584717,545.5087280273438,34.969947814941406,76.28507995605469,23.70102882385254,23.937204360961914,2
13:14:49.810,3.882404327392578,542.4201049804688,35.0817756652832,20.325090408325195,38.64962387084961,79.66101837158203,2
13:14:49.810,1.5708082914352417,544.353759765625,34.942378997802734,49.986106872558594,80.25840759277344,19.727703094482422,2
13:14:49.810,5.492656707763672,542.7841796875,34.98042678833008,79.2164535522461,20.7696590423584,63.83717727661133,2
13:14:49.810,3.140026092529297,543.245849609375,34.916805267333984,23.78438377380371,76.20172119140625,76.10447692871094,2
13:14:49.810,0.7554373741149902,533.3128662109375,35.373878479003906,79.81383514404297,62.18394088745117,20.172269821166992,2
13:14:49.810,4.765236854553223,541.1463623046875,34.94029998779297,52.76465606689453,19.769380569458008,80.21672821044922,2
13:14:49.810,2.4350554943084717,538.7800903320312,35.01719665527344,20.172269821166992,79.81383514404297,40.44179153442383,2
13:14:49.810,0.10624273866415024,532.6065063476562,35.28422164916992,77.92442321777344,28.53570556640625,22.061683654785156,2
13:14:49.810,4.017999172210693,539.9136352539062,34.878360748291016,21.644901275634766,31.91164207458496,78.34120178222656,2
13:14:49.810,1.7334178686141968,551.2998657226562,34.26814270019531,41.66434860229492,79.27201843261719,20.714088439941406,2
13:14:49.959,5.647305488586426,543.3760986328125,34.622188568115234,79.78604888916016,20.200056076049805,55.807167053222656,2
13:14:49.959,3.256146192550659,539.7316284179688,34.76369857788086,22.367324829101562,70.72798156738281,77.61878204345703,2
13:14:49.959,0.8754022121429443,533.2415161132812,35.049076080322266,78.49402618408203,68.11614990234375,21.492080688476562,2
13:14:49.959,4.864106178283691,540.1754150390625,34.66250228881836,57.84939956665039,20.325090408325195,79.66101837158203,2
13:14:49.959,2.5033702850341797,537.1896362304688,34.7725830078125,20.07501983642578,79.91108703613281,44.026119232177734,2
13:14:49.959,0.14604561030864716,531.8282470703125,35.00094223022461,78.17449951171875,30.633508682250977,21.811614990234375,2
13:14:49.959,4.0755109786987305,537.6544189453125,34.6706657409668,22.46457290649414,29.24423599243164,77.52153015136719,2
13:14:49.959,1.7526472806930542,545.7161254882812,34.22993087768555,40.705753326416016,79.14698791503906,20.839122772216797,2
13:14:49.959,5.669931888580322,540.1923217773438,34.467185974121094,79.71658325195312,20.269519805908203,54.626285552978516,2
13:14:49.959,3.2532505989074707,537.86328125,34.54523468017578,22.575716018676758,70.74187469482422,77.41039276123047,2
13:14:49.959,0.8349601626396179,529.0234375,34.95009994506836,78.79966735839844,66.06002044677734,21.18644142150879,2
13:14:49.959,4.80593729019165,535.3125,34.59598922729492,54.83467483520508,20.158376693725586,79.82772827148438,2
13:14:49.959,2.464293956756592,535.2565307617188,34.56072235107422,20.422340393066406,79.56376647949219,42.053348541259766,2
13:14:49.959,0.10376574844121933,540.0787353515625,34.284149169921875,77.10475158691406,29.035842895507812,22.88135528564453,2
13:14:49.959,3.952759265899658,535.5589599609375,34.47385787963867,21.367046356201172,35.32925796508789,78.61906433105469,2
13:14:50.109,1.560410737991333,537.8677368164062,34.323970794677734,50.527923583984375,79.71658325195312,20.269519805908203,2
13:14:50.109,5.439889907836914,536.9317016601562,34.337894439697266,78.23006439208984,21.756044387817383,66.18505096435547,2
13:14:50.109,3.003422260284424,530.1743774414062,34.64207077026367,22.186717987060547,77.79938507080078,69.533203125,2
13:14:50.109,0.5963790416717529,526.3914794921875,34.79867935180664,80.05001831054688,53.792720794677734,19.936094284057617,2
13:14:50.109,4.521663188934326,533.9829711914062,34.3852424621582,40.219505310058594,20.75576400756836,79.2303466796875,2
13:14:50.109,2.184257745742798,531.7537841796875,34.46302032470703,22.909141540527344,77.07696533203125,28.271739959716797,2
13:14:50.109,6.062079429626465,537.7164916992188,34.13154220581055,78.21617126464844,21.769935607910156,34.74576187133789,2
13:14:50.109,3.61323881149292,532.930419921875,34.3375129699707,20.297306060791016,52.66740798950195,79.68880462646484,2
13:14:50.109,1.2035428285598755,544.7655029296875,33.71379470825195,68.14392852783203,77.24368286132812,22.742427825927734,2
13:14:50.109,5.094053268432617,532.5640869140625,34.28791046142578,69.14421081542969,22.43678855895996,77.54932403564453,2
13:14:50.109,2.6778740882873535,530.2705688476562,34.369075775146484,20.283411026000977,79.70269012451172,53.084190368652344,2
13:14:50.109,0.2916592061519623,525.6865844726562,34.56543731689453,79.11920166015625,38.080020904541016,20.86690902709961,2
13:14:50.110,4.162059783935547,532.1974487304688,34.20807647705078,23.95109748840332,25.53487205505371,76.0350112915039,2
13:14:50.110,1.8036187887191772,537.7903442382812,33.89686965942383,38.26062774658203,78.56348419189453,21.422616958618164,2
13:14:50.110,5.653400897979736,532.5408935546875,34.12736129760742,79.38316345214844,20.60294532775879,55.41817092895508,2
13:14:50.258,3.236400604248047,531.7023315429688,34.137149810791016,23.103639602661133,71.28369140625,76.8824691772461,2
13:14:50.258,0.7472079396247864,523.2176513671875,34.53176498413086,79.14698791503906,61.475406646728516,20.839122772216797,2
13:14:50.258,4.695701599121094,530.8759765625,34.116214752197266,49.138648986816406,20.450124740600586,79.5359878540039,2
13:14:50.258,2.3274729251861572,529.6392211914062,34.14582824707031,21.658794403076172,78.32731628417969,35.315364837646484,2
13:14:50.258,6.197225093841553,533.639892578125,33.91449737548828,76.59071350097656,23.395387649536133,28.43845558166504,2
13:14:50.258,3.729349374771118,531.4761962890625,33.991249084472656,20.616838455200195,46.7213134765625,79.36927032470703,2
13:14:50.258,1.3318798542022705,539.0304565429688,33.583492279052734,61.91997528076172,78.25784301757812,21.72825813293457,2
13:14:50.258,5.142803192138672,528.061279296875,34.10198974609375,71.33926391601562,23.159210205078125,76.82689666748047,2
13:14:50.258,2.7153353691101074,527.489501953125,34.100685119628906,20.60294532775879,79.38316345214844,54.95970916748047,2
13:14:50.258,0.26832568645477295,520.9988403320312,34.396400451660156,78.81356048583984,36.968605041503906,21.17254638671875,2
13:14:50.258,4.133677005767822,528.2262573242188,34.008148193359375,23.714920043945312,26.965824127197266,76.27118682861328,2
13:14:50.258,1.6958048343658447,532.29931640625,33.77840042114258,43.67879867553711,79.0219497680664,20.964155197143555,2
13:14:50.258,5.528548717498779,526.468994140625,34.042869567871094,78.68852233886719,21.297582626342773,61.68380355834961,2
13:14:50.258,3.0322065353393555,523.6547241210938,34.15696334838867,22.909141540527344,77.07696533203125,70.61683654785156,2
13:14:50.258,0.5761697888374329,519.2286376953125,34.35195541381836,79.70269012451172,52.6951904296875,20.283411026000977,2
13:14:50.403,4.471975803375244,525.8671875,33.99118423461914,37.85773849487305,21.40872573852539,78.57738494873047,2
13:14:50.404,2.1018240451812744,535.2848510742188,33.49277114868164,24.770769119262695,75.21533966064453,25.201446533203125,2
13:14:50.404,5.91586971282959,530.9574584960938,33.68128204345703,78.79966735839844,21.18644142150879,42.12281036376953,2
13:14:50.404,3.441084861755371,529.5286865234375,33.7244758605957,21.519866943359375,61.23923110961914,78.46623992919922,2
13:14:50.404,0.9466786980628967,522.0796508789062,34.070762634277344,76.89635467529297,70.9780502319336,23.089746475219727,2
13:14:50.404,4.831503391265869,524.9312133789062,33.90148162841797,56.029449462890625,20.839122772216797,79.14698791503906,2
13:14:50.404,2.3833837509155273,522.4822998046875,33.997135162353516,21.353153228759766,78.63294982910156,38.13559341430664,2
13:14:50.404,6.244284629821777,525.5509643554688,33.817779541015625,75.90997314453125,24.07613182067871,26.354541778564453,2
13:14:50.404,3.7773220539093018,527.291259765625,33.70545196533203,20.991941452026367,44.33176040649414,78.9941635131836,2
13:14:50.404,1.3386778831481934,531.0667114257812,33.490997314453125,61.54487228393555,78.21617126464844,21.769935607910156,2
13:14:50.404,5.135220527648926,522.3364868164062,33.902061462402344,70.86690521240234,23.214780807495117,76.77132415771484,2
13:14:50.404,2.7315196990966797,526.1307373046875,33.68506622314453,21.005834579467773,78.98027038574219,55.72380828857422,2
13:14:50.404,0.24664250016212463,518.2044677734375,34.05598449707031,78.36898803710938,36.023895263671875,21.617116928100586,2
13:14:50.404,4.090229034423828,524.2539672851562,33.72809600830078,23.38149642944336,29.133092880249023,76.6046142578125,2
13:14:50.404,1.6693626642227173,533.2841796875,33.25156021118164,45.081966400146484,78.64684295654297,21.339262008666992,2
13:14:50.552,5.490796089172363,528.6031494140625,33.45918655395508,77.92442321777344,22.061683654785156,63.32314682006836,2
13:14:50.552,2.9710240364074707,522.2631225585938,33.75102996826172,22.56182289123535,77.42427825927734,67.49097442626953,2
13:14:50.552,0.46364110708236694,513.5316162109375,34.164642333984375,79.5220947265625,46.915809631347656,20.464017868041992,2
13:14:50.552,4.322189807891846,524.1122436523438,33.6103401184082,30.81411361694336,23.075855255126953,76.91024780273438,2
13:14:50.552,1.8699454069137573,525.071044921875,33.53939437866211,35.16254425048828,77.74382019042969,22.242290496826172,2
13:14:50.552,5.661776542663574,525.2893676757812,33.50769805908203,78.86912536621094,21.116975784301758,54.90414047241211,2
13:14:50.552,3.1574866771698,522.6337280273438,33.61867904663086,24.548486709594727,74.50680541992188,75.4376220703125,2
13:14:50.552,0.6377519965171814,515.2199096679688,33.96902084350586,79.2164535522461,55.79327392578125,20.7696590423584,2
13:14:50.552,4.50147008895874,521.341552734375,33.641056060791016,39.42761993408203,21.50597381591797,78.48013305664062,2
13:14:50.552,2.0941250324249268,531.7596435546875,33.097129821777344,25.187551498413086,74.82633972167969,25.159767150878906,2
13:14:50.552,5.8476033210754395,525.5088500976562,33.386817932128906,78.79966735839844,21.18644142150879,45.59599685668945,2
13:14:50.552,3.3417415618896484,523.4490356445312,33.46710205078125,22.50625228881836,65.9488754272461,77.4798583984375,2
13:14:50.552,0.7892218232154846,514.0394897460938,33.91656494140625,78.34120178222656,63.35093307495117,21.644901275634766,2
13:14:50.552,4.672754287719727,520.8746337890625,33.55057144165039,47.99944305419922,20.964155197143555,79.0219497680664,2
13:14:50.552,2.2257800102233887,518.106689453125,33.66696548461914,23.04806900024414,76.93804168701172,30.6890811920166,2
13:14:50.718,6.042660713195801,524.5626831054688,33.32310485839844,77.70214080810547,22.283967971801758,36.03778839111328,2
13:14:50.718,3.504101037979126,520.5462646484375,33.50263595581055,21.353153228759766,58.05779266357422,78.63294982910156,2
13:14:50.718,0.9891455173492432,526.8394775390625,33.168174743652344,75.65990447998047,72.32564544677734,24.326202392578125,2
13:14:50.718,4.8456597328186035,521.5208129882812,33.41195297241211,56.654624938964844,21.31147575378418,78.67462921142578,2
13:14:50.718,2.3867886066436768,521.511962890625,33.391422271728516,21.839399337768555,78.1467056274414,38.51069641113281,2
13:14:50.718,6.176481246948242,521.9760131835938,33.34735107421875,76.3962173461914,23.589887619018555,29.744375228881836,2
13:14:50.718,3.661383867263794,518.885986328125,33.481590270996094,20.991941452026367,50.180606842041016,78.9941635131836,2
13:14:50.718,1.1669998168945312,528.533447265625,32.97968292236328,69.43595123291016,76.25729370117188,23.72881317138672,2
13:14:50.718,4.9969329833984375,520.7581176757812,33.345977783203125,64.03167724609375,22.27007484436035,77.71603393554688,2
13:14:50.719,2.5022506713867188,520.4190673828125,33.34189224243164,21.31147575378418,78.67462921142578,44.220619201660156,2
13:14:50.719,0.04968331754207611,523.6121215820312,33.16182327270508,75.54875946044922,27.285358428955078,24.43734359741211,2
13:14:50.719,3.754544734954834,517.42919921875,33.451908111572266,21.14476203918457,45.51264190673828,78.84134674072266,2
13:14:50.719,1.2722357511520386,528.5982666015625,32.87578201293945,64.5040283203125,77.20199584960938,22.784107208251953,2
13:14:50.719,5.029551029205322,517.7366333007812,33.39835739135742,65.61544799804688,22.50625228881836,77.4798583984375,2
13:14:50.719,2.5195579528808594,514.6678466796875,33.53367233276367,21.089191436767578,78.89691925048828,45.05418395996094,2
13:14:50.907,0.042297642678022385,520.20458984375,33.239322662353516,75.50708770751953,26.91025161743164,24.479022979736328,2
13:14:50.907,3.8095858097076416,518.6124877929688,33.3009147644043,21.450403213500977,42.80355453491211,78.53570556640625,2
13:14:50.907,1.2830049991607666,524.25048828125,33.00345230102539,64.04556274414062,77.39649963378906,22.58960723876953,2
13:14:50.907,5.068600177764893,518.3085327148438,33.282291412353516,67.4076156616211,22.978605270385742,77.00749969482422,2
13:14:50.907,2.5459842681884766,516.0841674804688,33.3748779296875,21.158655166625977,78.82745361328125,46.38788604736328,2
13:14:50.907,0.08179562538862228,520.1510009765625,33.152523040771484,75.95165252685547,28.730201721191406,24.034454345703125,2
13:14:50.907,3.7899703979492188,516.0286254882812,33.34159851074219,21.339262008666992,43.76215744018555,78.64684295654297,2
13:14:50.907,1.3166576623916626,528.0023193359375,32.72603988647461,62.336761474609375,77.42427825927734,22.56182289123535,2
13:14:50.907,5.0695414543151855,517.7076416015625,33.220458984375,67.4076156616211,23.034175872802734,76.95193481445312,2
13:14:50.907,2.554088592529297,513.9886474609375,33.388797760009766,21.130870819091797,78.85523986816406,46.790775299072266,2
13:14:50.907,0.10365387797355652,522.0596313476562,32.96797180175781,76.06278991699219,29.827728271484375,23.923311233520508,2
13:14:50.907,3.8278329372406006,517.9228515625,33.157264709472656,21.658794403076172,41.94220733642578,78.32731628417969,2
13:14:50.907,1.3052985668182373,523.4281616210938,32.86561965942383,62.934146881103516,77.45207214355469,22.53403663635254,2
13:14:50.907,5.105611324310303,518.5435180664062,33.09188461303711,69.01917266845703,23.520421981811523,76.46568298339844,2
13:14:50.907,2.574026584625244,516.0014038085938,33.201480865478516,21.26979637145996,78.71630859375,47.80494689941406,2
13:14:50.907,0.09346729516983032,510.06646728515625,33.48114776611328,76.34065246582031,29.04973602294922,23.645458221435547,2
13:14:51.107,3.8289315700531006,516.60205078125,33.137603759765625,21.672687530517578,41.886634826660156,78.31342315673828,2
13:14:51.107,1.342519998550415,525.3602905273438,32.68373107910156,61.08641052246094,77.56321716308594,22.422895431518555,2
13:14:51.107,5.086068630218506,516.3224487304688,33.11719512939453,68.13003540039062,23.298137664794922,76.6879653930664,2
13:14:51.107,2.579963207244873,515.404541015625,33.14421844482422,21.31147575378418,78.67462921142578,48.0966911315918,2
13:14:51.107,0.07882434129714966,518.3414306640625,32.98048782348633,75.77104187011719,28.702417373657227,24.21506118774414,2
13:14:51.107,3.7896528244018555,513.4352416992188,33.21010208129883,21.450403213500977,43.8038330078125,78.53570556640625,2
13:14:51.107,1.2525253295898438,523.1856689453125,32.708316802978516,65.35148620605469,76.89635467529297,23.089746475219727,2
13:14:51.107,5.024443626403809,514.9656982421875,33.10262680053711,65.24034881591797,22.714643478393555,77.2714614868164,2
13:14:51.107,2.4600608348846436,510.798828125,33.29660415649414,21.519866943359375,78.46623992919922,42.13670349121094,2
13:14:51.107,6.260880470275879,517.123779296875,32.96669387817383,75.03472900390625,24.95137596130371,26.229507446289062,2
13:14:51.107,3.688417434692383,515.0678100585938,33.05567169189453,21.367046356201172,48.846900939941406,78.61906433105469,2
13:14:51.107,1.1440069675445557,521.4425659179688,32.724361419677734,70.31119537353516,75.78494262695312,24.2011661529541,2
13:14:51.107,4.892677307128906,514.0588989257812,33.07854080200195,58.891357421875,21.811614990234375,78.17449951171875,2
13:14:51.107,2.4087510108947754,515.3892822265625,32.99576950073242,22.04779052734375,77.93831634521484,39.705474853515625,2
13:14:51.107,6.147939682006836,517.422119140625,32.87860107421875,76.34065246582031,23.645458221435547,31.314254760742188,2
13:14:51.107,3.5723159313201904,514.6954956054688,33.00071334838867,21.53375816345215,54.5846061706543,78.45234680175781,2
13:14:51.107,0.9738622307777405,524.739501953125,32.48596954345703,75.32647705078125,71.20033264160156,24.65962791442871,2
13:14:51.107,4.77700662612915,514.8006591796875,32.96552276611328,53.18143844604492,21.50597381591797,78.48013305664062,2
13:14:51.107,2.2601146697998047,511.5499572753906,33.11390686035156,23.131425857543945,76.85468292236328,32.592384338378906,2
13:14:51.307,6.030040264129639,517.563232421875,32.80012893676758,77.36871337890625,22.617393493652344,36.84356689453125,2
13:14:51.307,3.4540746212005615,513.9005737304688,32.97006607055664,22.075576782226562,60.35009765625,77.91053009033203,2
13:14:51.307,0.827908992767334,504.1971740722656,33.44324493408203,77.61878204345703,65.01805877685547,22.367324829101562,2
13:14:51.307,4.697784423828125,516.4994506835938,32.81251525878906,49.2775764465332,21.575437545776367,78.4106674194336,2
13:14:51.307,2.181072235107422,512.2393188476562,33.01054000854492,24.090024948120117,75.89608764648438,29.035842895507812,2
13:14:51.307,5.913345813751221,515.4978637695312,32.83483123779297,78.09114074707031,21.894969940185547,42.45623779296875,2
13:14:51.307,3.3399949073791504,512.1021728515625,32.99106216430664,22.92303466796875,65.80994415283203,77.06307220458984,2
13:14:51.307,0.739318311214447,505.00250244140625,33.334320068359375,78.18838500976562,60.697418212890625,21.79772186279297,2
13:14:51.307,4.5474853515625,514.1516723632812,32.86178207397461,41.90052795410156,21.92275619506836,78.0633544921875,2
13:14:51.307,2.07346773147583,520.7001342773438,32.51982498168945,26.493471145629883,74.67352294921875,25.31258773803711,2
13:14:51.308,5.778787136077881,516.6343994140625,32.7097053527832,78.31342315673828,21.672687530517578,49.055294036865234,2
13:14:51.308,3.1929237842559814,509.6733703613281,33.04350662231445,24.506807327270508,72.5340347290039,75.47930145263672,2
13:14:51.308,0.5654820799827576,503.9557800292969,33.318809509277344,78.82745361328125,52.08390808105469,21.158655166625977,2
13:14:51.308,4.365804672241211,511.6572570800781,32.92021942138672,33.217559814453125,23.17310333251953,76.81300354003906,2
13:14:51.308,1.8127769231796265,514.9065551757812,32.74665451049805,38.21894836425781,77.52153015136719,22.46457290649414,2
13:14:51.308,5.538741111755371,513.7944946289062,32.79167556762695,77.70214080810547,22.283967971801758,60.76688003540039,2
13:14:51.308,2.947345018386841,509.8554382324219,32.97745895385742,22.964712142944336,77.02139282226562,65.99055480957031,2
13:14:51.308,0.36372190713882446,502.9432067871094,33.312599182128906,78.48013305664062,42.03945541381836,21.50597381591797,2
13:14:51.308,4.120941162109375,511.94305419921875,32.85185241699219,24.451236724853516,28.299528121948242,75.53486633300781,2
13:14:51.308,1.6158441305160522,517.72998046875,32.55097198486328,47.791053771972656,78.16059875488281,21.82550811767578,2
13:14:51.522,5.309523582458496,513.2337646484375,32.76378631591797,75.53486633300781,24.451236724853516,71.36705017089844,2
13:14:51.522,2.7447714805603027,509.61553955078125,32.93386459350586,21.700471878051758,78.28563690185547,56.23784637451172,2
13:14:51.522,0.19905249774456024,503.40472412109375,33.233253479003906,77.2714614868164,34.092803955078125,22.714643478393555,2
13:14:51.522,3.935075521469116,512.1554565429688,32.78313064575195,22.63128662109375,36.88524627685547,77.35482025146484,2
13:14:51.522,1.3816282749176025,515.0814208984375,32.625770568847656,59.196998596191406,77.74382019042969,22.242290496826172,2
13:14:51.522,5.092074871063232,508.60443115234375,32.93922424316406,68.31063842773438,23.492637634277344,76.49346923828125,2
13:14:51.522,2.5526180267333984,509.2904357910156,32.892913818359375,21.56154441833496,78.424560546875,46.76299285888672,2
13:14:51.522,0.02743144892156124,511.3535461425781,32.77838897705078,74.95137786865234,26.59071922302246,25.034730911254883,2
13:14:51.522,3.721096992492676,511.5185546875,32.76021194458008,21.672687530517578,47.249237060546875,78.31342315673828,2
13:14:51.522,1.1742851734161377,517.3525390625,32.457611083984375,68.79689025878906,75.92386627197266,24.062240600585938,2
13:14:51.522,4.886664867401123,508.43316650390625,32.891754150390625,58.54404067993164,21.936649322509766,78.04945373535156,2
13:14:51.522,2.380678653717041,511.57891845703125,32.723182678222656,22.450681686401367,77.5354232788086,38.45512390136719,2
13:14:51.522,6.102523326873779,511.7872619628906,32.701255798339844,76.66018676757812,23.325923919677734,33.49541473388672,2
13:14:51.522,3.52260160446167,512.458251953125,32.65768051147461,21.992219924926758,56.96026611328125,77.99388885498047,2
13:14:51.522,0.8804246783256531,502.5382080078125,33.14388656616211,76.8824691772461,67.35204315185547,23.103639602661133,2
13:14:51.522,4.683928489685059,508.85595703125,32.814571380615234,48.596832275390625,21.589330673217773,78.39678192138672,2
13:14:51.522,2.1776087284088135,508.5031433105469,32.8207893371582,24.284523010253906,75.70158386230469,29.008058547973633,2
13:14:51.522,5.872522354125977,512.2659301757812,32.62382125854492,78.0633544921875,21.92275619506836,44.484580993652344,2
13:14:51.522,3.2488362789154053,510.20965576171875,32.71613311767578,24.07613182067871,69.8388442993164,75.90997314453125,2
13:14:51.522,0.6467544436454773,502.95703125,33.069580078125,78.4106674194336,56.085025787353516,21.575437545776367,2
13:14:51.757,4.381686210632324,505.42724609375,32.937843322753906,33.95387649536133,23.02028465270996,76.96582794189453,2
13:14:51.757,1.8685699701309204,515.0926513671875,32.44634246826172,35.718257904052734,76.85468292236328,23.131425857543945,2
13:14:51.757,5.518249988555908,507.54449462890625,32.81534194946289,77.59099578857422,22.395111083984375,61.753265380859375,2
13:14:51.757,2.906914234161377,504.0374450683594,32.983089447021484,22.617393493652344,77.36871337890625,64.08724975585938,2
13:14:51.757,0.3364740014076233,501.3953552246094,33.10659408569336,78.16059875488281,40.761322021484375,21.82550811767578,2
13:14:51.757,4.121549129486084,511.6019287109375,32.58568572998047,24.65962791442871,28.452348709106445,75.32647705078125,2
13:14:51.757,1.5308598279953003,514.4871826171875,32.43313217163086,51.931087493896484,78.0633544921875,21.92275619506836,2
13:14:51.757,5.245733261108398,511.8766174316406,32.554264068603516,74.5484848022461,25.437620162963867,73.9927749633789,2
13:14:51.757,2.6622138023376465,508.5548400878906,32.709468841552734,21.68657875061035,78.29953002929688,52.167266845703125,2
13:14:51.757,0.10553409904241562,504.2456359863281,32.915313720703125,76.04890441894531,29.9527645111084,23.937204360961914,2
13:14:51.757,3.7931277751922607,508.798095703125,32.6800422668457,21.92275619506836,43.734371185302734,78.0633544921875,2
13:14:51.757,1.2251439094543457,513.7035522460938,32.426780700683594,66.47679901123047,76.41011810302734,23.575992584228516,2
13:14:51.757,4.95845890045166,510.0871887207031,32.59792709350586,61.90608596801758,22.617393493652344,77.36871337890625,2
13:14:51.757,2.381092071533203,504.89935302734375,32.84853744506836,22.33953857421875,77.64656829833984,38.42734146118164,2
13:14:51.757,6.100417137145996,510.7048645019531,32.54952621459961,76.56293487548828,23.423171997070312,33.676021575927734,2
13:14:51.757,3.5208592414855957,509.50933837890625,32.59939193725586,22.04779052734375,57.02973175048828,77.93831634521484,2
13:14:51.757,0.8582725524902344,501.4417724609375,32.99549865722656,76.9797134399414,66.2545166015625,23.006389617919922,2
13:14:51.757,4.653987407684326,508.9073791503906,32.611610412597656,47.13809585571289,21.79772186279297,78.18838500976562,2
13:14:51.757,2.142612934112549,516.833984375,32.20577621459961,25.201446533203125,74.78466033935547,27.88274574279785,2
13:14:51.757,5.8349080085754395,512.5902099609375,32.408721923828125,77.97999572753906,22.006113052368164,46.332313537597656,2
13:14:51.757,3.2049448490142822,508.8031311035156,32.58863830566406,24.701305389404297,71.70046997070312,75.28480529785156,2
13:14:51.757,0.5773773193359375,500.72906494140625,32.98421859741211,78.52181243896484,52.65351486206055,21.464296340942383,2
13:14:52.004,4.301145076751709,506.2317810058594,32.70049285888672,30.383440017700195,24.034454345703125,75.95165252685547,2
13:14:52.004,1.7887412309646606,516.8269653320312,32.16276550292969,39.56654739379883,77.1881103515625,22.797998428344727,2
13:14:52.004,5.444127082824707,510.8450012207031,32.4527702331543,76.71575927734375,23.27035140991211,65.1014175415039,2
13:14:52.004,2.809715509414673,503.1600341796875,32.83064270019531,22.075576782226562,77.91053009033203,59.37760543823242,2
13:14:52.004,0.2336658388376236,499.4053955078125,33.01229476928711,77.38260650634766,35.82939910888672,22.60350227355957,2
13:14:52.004,3.9648630619049072,509.1552734375,32.5175666809082,23.089746475219727,35.59321975708008,76.89635467529297,2
13:14:52.004,1.3694475889205933,512.5975341796875,32.339691162109375,59.697139739990234,77.43817901611328,22.547929763793945,2
13:14:52.004,5.067893028259277,508.1020812988281,32.557613372802734,66.99082946777344,23.562101364135742,76.42401123046875,2
13:14:52.004,2.4780235290527344,506.2863464355469,32.64079666137695,22.006113052368164,77.97999572753906,43.16476821899414,2
13:14:52.004,6.209057331085205,509.2288818359375,32.486087799072266,75.32647705078125,24.65962791442871,28.82745361328125,2
13:14:52.004,3.586916208267212,507.974853515625,32.541568756103516,21.894969940185547,53.80661392211914,78.09114074707031,2
13:14:52.004,0.9548266530036926,517.8269653320312,32.04249954223633,75.20144653320312,70.08891296386719,24.7846622467041,2
13:14:52.004,4.699010848999023,506.5679931640625,32.59486389160156,49.33314895629883,21.769935607910156,78.21617126464844,2
13:14:52.004,2.1678624153137207,504.05767822265625,32.71245193481445,24.479022979736328,75.50708770751953,28.646846771240234,2
13:14:52.004,5.867738723754883,511.48699951171875,32.334373474121094,77.8271713256836,22.158931732177734,44.76243209838867,2
13:14:52.004,3.241978883743286,507.4899597167969,32.526695251464844,24.31230926513672,70.03334045410156,75.67379760742188,2
13:14:52.004,0.6023607850074768,499.865478515625,32.90184783935547,78.39678192138672,53.87607955932617,21.589330673217773,2
13:14:52.004,4.385950088500977,509.611328125,32.40666198730469,34.39844512939453,23.40928077697754,76.57682800292969,2
13:14:52.004,1.827075719833374,513.705322265625,32.19425582885742,37.74659729003906,76.96582794189453,23.02028465270996,2
13:14:52.004,5.50064754486084,508.9866943359375,32.42276382446289,77.13253784179688,22.85357093811035,62.447898864746094,2
13:14:52.004,2.904310941696167,506.6639099121094,32.53114700317383,22.964712142944336,77.02139282226562,63.7677116394043,2
13:14:52.005,0.31057631969451904,499.2148742675781,32.8966178894043,77.841064453125,39.56654739379883,22.14504051208496,2
13:14:52.005,4.020510673522949,507.38958740234375,32.48028564453125,23.617671966552734,33.036956787109375,76.3684310913086,2
13:14:52.248,1.46809983253479,513.6986694335938,32.15790939331055,54.93192672729492,77.70214080810547,22.283967971801758,2
13:14:52.248,5.142056941986084,506.6707763671875,32.50130844116211,70.29730987548828,24.409557342529297,75.57655334472656,2
13:14:52.248,2.5636558532714844,505.6394348144531,32.54512405395508,21.85329246520996,78.1328125,47.34648513793945,2
13:14:52.248,0.002311881398782134,510.4131774902344,32.30044174194336,74.2567367553711,25.868297576904297,25.7293701171875,2
13:14:52.248,3.644117593765259,507.8881530761719,32.419795989990234,21.92275619506836,51.0141716003418,78.0633544921875,2
13:14:52.248,0.9916691780090332,509.5361633300781,32.33153533935547,74.97916412353516,71.8671875,25.006946563720703,2
13:14:52.248,4.700503349304199,501.0263671875,32.7512321472168,49.402610778808594,21.63100814819336,78.35509490966797,2
13:14:52.248,2.1647791862487793,503.5410461425781,32.62004470825195,24.590164184570312,75.39594268798828,28.56348991394043,2
13:14:52.248,5.813300609588623,505.3732604980469,32.523109436035156,78.1189193725586,21.867185592651367,47.374267578125,2
13:14:52.248,3.187079906463623,506.8135986328125,32.445343017578125,25.048625946044922,72.38121795654297,74.9374771118164,2
13:14:52.248,0.5714740753173828,499.7353820800781,32.793251037597656,78.35509490966797,52.34787368774414,21.63100814819336,2
13:14:52.248,4.331484794616699,504.8066101074219,32.53203582763672,31.85607147216797,23.839954376220703,76.14614868164062,2
13:14:52.248,1.78611421585083,512.4300537109375,32.145076751708984,39.69158172607422,77.1881103515625,22.797998428344727,2
13:14:52.248,5.440755367279053,509.00469970703125,32.310115814208984,76.56293487548828,23.423171997070312,65.18476867675781,2
13:14:52.248,2.8167736530303955,503.71319580078125,32.567562103271484,22.33953857421875,77.64656829833984,59.641571044921875,2
13:14:52.248,0.22578369081020355,500.4224853515625,32.72543716430664,77.09085845947266,35.59321975708008,22.895248413085938,2
13:14:52.248,3.942305564880371,507.02301025390625,32.38964080810547,23.006389617919922,36.70464324951172,76.9797134399414,2
13:14:52.248,1.333814024925232,509.8703918457031,32.24208068847656,61.35037612915039,77.13253784179688,22.85357093811035,2
13:14:52.248,5.046483039855957,506.6697692871094,32.3961181640625,65.92108917236328,23.492637634277344,76.49346923828125,2
13:14:52.248,2.4238109588623047,502.45391845703125,32.601409912109375,22.283967971801758,77.70214080810547,40.55293273925781,2
13:14:52.248,6.15322732925415,508.0174255371094,32.31666564941406,75.84050750732422,24.14559555053711,31.397611618041992,2
13:14:52.248,3.5217392444610596,505.1414489746094,32.45383834838867,22.172826766967773,56.946372985839844,77.81327819824219,2
13:14:52.248,0.871980607509613,499.2846374511719,32.742740631103516,76.64629364013672,66.75465393066406,23.33981704711914,2
13:14:52.248,4.617105007171631,505.46734619140625,32.42652893066406,45.35982131958008,22.033899307250977,77.95220947265625,2
13:14:52.248,2.097757339477539,513.845703125,32.00148010253906,25.9516544342041,74.03445434570312,26.132259368896484,2
13:14:52.488,5.737649917602539,508.1397705078125,32.28020095825195,77.93831634521484,22.04779052734375,51.05584716796875,2
13:14:52.488,3.1058530807495117,504.717041015625,32.44477844238281,25.17365837097168,74.81244659423828,72.8118896484375,2
13:14:52.488,0.45941731333732605,497.1560363769531,32.81755447387695,78.35509490966797,46.832454681396484,21.63100814819336,2
13:14:52.488,4.163187026977539,502.6458740234375,32.53775405883789,25.24312400817871,26.674076080322266,74.74298095703125,2
13:14:52.488,1.6050608158111572,513.0689086914062,32.01171875,48.346763610839844,77.70214080810547,22.283967971801758,2
13:14:52.488,5.2701287269592285,505.62420654296875,32.377750396728516,74.74298095703125,25.24312400817871,72.8257827758789,2
13:14:52.488,2.6078293323516846,499.8347473144531,32.66426086425781,21.700471878051758,78.28563690185547,49.49985885620117,2
13:14:52.488,0.06951034069061279,506.111572265625,32.34681701660156,75.17366027832031,28.716310501098633,24.812448501586914,2
13:14:52.488,3.7150328159332275,505.1758117675781,32.38996887207031,21.97832679748535,47.56876754760742,78.00778198242188,2
13:14:52.488,1.0851551294326782,509.81591796875,32.15552520751953,72.5062484741211,74.61795043945312,25.36815643310547,2
13:14:52.488,4.783548355102539,504.94805908203125,32.394222259521484,53.44540023803711,22.006113052368164,77.97999572753906,2
13:14:52.488,2.244473457336426,504.22613525390625,32.42474365234375,23.853849411010742,76.13226318359375,32.24506759643555,2
13:14:52.488,5.883555889129639,507.18475341796875,32.272037506103516,77.72991943359375,22.256181716918945,44.01222610473633,2
13:14:52.488,3.2521004676818848,504.5798645019531,32.39747619628906,24.298416137695312,69.50541687011719,75.68769073486328,2
13:14:52.488,0.5734085440635681,495.5390319824219,32.84567642211914,78.39678192138672,52.445125579833984,21.589330673217773,2
13:14:52.488,4.329085826873779,503.9815368652344,32.417179107666016,31.814393997192383,23.95109748840332,76.0350112915039,2
13:14:52.488,1.7465457916259766,508.7646789550781,32.173221588134766,41.55320739746094,77.42427825927734,22.56182289123535,2
13:14:52.489,5.418421745300293,507.2912292480469,32.24250030517578,76.3128662109375,23.673242568969727,66.17115783691406,2
13:14:52.489,2.774442672729492,501.6669006347656,32.5186882019043,22.172826766967773,77.81327819824219,57.599334716796875,2
13:14:52.489,0.1824737936258316,495.0300598144531,32.84616470336914,76.79911041259766,33.509307861328125,23.186996459960938,2
13:14:52.489,3.864346742630005,505.8762512207031,32.300010681152344,22.575716018676758,40.41400146484375,77.41039276123047,2
13:14:52.489,1.283616304397583,510.6211853027344,32.05781173706055,63.614891052246094,76.6185073852539,23.36760139465332,2
13:14:52.489,4.931681156158447,502.030029296875,32.4824104309082,60.586273193359375,22.53403663635254,77.45207214355469,2
13:14:52.489,2.3791279792785645,504.4863586425781,32.35489273071289,22.770214080810547,77.21588897705078,38.51069641113281,2
13:14:52.735,6.074343681335449,506.9235534667969,32.228179931640625,76.53514862060547,23.450958251953125,35.023616790771484,2
13:14:52.735,3.4444451332092285,507.24053955078125,32.20695114135742,22.784107208251953,60.57238006591797,77.20199584960938,2
13:14:52.735,0.763434886932373,497.2624206542969,32.70161056518555,77.50763702392578,61.642120361328125,22.478466033935547,2
13:14:52.735,4.529808044433594,503.9603576660156,32.359554290771484,41.178104400634766,22.43678855895996,77.54932403564453,2
13:14:52.735,1.999590277671814,513.1524658203125,31.894432067871094,30.1055850982666,75.11808776855469,24.868019104003906,2
13:14:52.735,5.614492893218994,507.5158996582031,32.1724739074707,77.56321716308594,22.422895431518555,56.974159240722656,2
13:14:52.735,2.9592442512512207,504.5389709472656,32.31573486328125,23.617671966552734,76.3684310913086,66.21283721923828,2
13:14:52.735,0.3476063013076782,498.4990234375,32.61258316040039,77.79938507080078,41.42817687988281,22.186717987060547,2
13:14:52.735,4.03212833404541,504.62823486328125,32.30387496948242,23.881633758544922,32.60628128051758,76.10447692871094,2
13:14:52.735,1.4215748310089111,510.0942077636719,32.028377532958984,57.14087677001953,77.42427825927734,22.56182289123535,2
13:14:52.735,5.081609725952148,503.7022705078125,32.34303665161133,67.50486755371094,23.867740631103516,76.11837005615234,2
13:14:52.735,2.4577443599700928,498.1034240722656,32.61931610107422,22.103361129760742,77.88274383544922,42.19227600097656,2
13:14:52.735,6.147292137145996,503.63739013671875,32.339256286621094,75.92386627197266,24.062240600585938,31.64767837524414,2
13:14:52.735,3.544922113418579,505.2005920410156,32.25693130493164,22.256181716918945,55.79327392578125,77.72991943359375,2
13:14:52.736,0.8509795069694519,496.6785583496094,32.680503845214844,76.78521728515625,65.75437927246094,23.200889587402344,2
13:14:52.736,4.601232528686523,503.00714111328125,32.35902786254883,44.609615325927734,22.14504051208496,77.841064453125,2
13:14:52.736,2.0565924644470215,512.6666870117188,31.87096405029297,27.674352645874023,74.39566040039062,25.59044075012207,2
13:14:52.736,5.681220531463623,504.64337158203125,32.26814270019531,77.8549575805664,22.131147384643555,53.77882766723633,2
13:14:52.736,3.022444248199463,500.5065612792969,32.472145080566406,24.14559555053711,75.84050750732422,69.1581039428711,2
13:14:52.736,0.43083733320236206,498.3763427734375,32.57544708251953,78.0772476196289,45.47096633911133,21.908863067626953,2
13:14:52.736,4.105199813842773,502.2164001464844,32.37981414794922,24.617948532104492,29.2998046875,75.36815643310547,2
13:14:52.736,1.543577790260315,510.26458740234375,31.97479248046875,51.29202651977539,77.67435455322266,22.311752319335938,2
13:14:52.736,5.19541072845459,504.89306640625,32.23863220214844,72.45067596435547,25.27090835571289,74.71519470214844,2
13:14:52.736,2.5962467193603516,504.0107421875,32.27812957763672,22.04779052734375,77.93831634521484,48.94415283203125,2
13:14:52.988,6.277080535888672,505.9106140136719,32.17952346801758,74.21505737304688,25.77104949951172,26.118364334106445,2
13:14:52.988,3.641693592071533,503.2463684082031,32.30956268310547,22.02000617980957,51.12531280517578,77.96610260009766,2
13:14:52.988,0.9613365530967712,511.66058349609375,31.88639259338379,75.00694274902344,70.26951599121094,24.97916030883789,2
13:14:52.988,4.71204137802124,503.39166259765625,32.29411315917969,49.97221374511719,22.02000617980957,77.96610260009766,2
13:14:52.988,2.1455702781677246,504.9874572753906,32.20954513549805,25.159767150878906,74.82633972167969,28.00777816772461,2
13:14:52.988,5.809075832366943,505.69757080078125,32.1694450378418,77.81327819824219,22.172826766967773,47.61044692993164,2
13:14:52.988,3.135524034500122,501.631591796875,32.369327545166016,25.632118225097656,74.35398864746094,74.02056121826172,2
13:14:52.988,0.4764655828475952,493.8893127441406,32.75484085083008,78.32731628417969,47.679908752441406,21.658794403076172,2
13:14:52.988,4.20216178894043,503.4405822753906,32.272010803222656,26.354541778564453,25.604333877563477,74.38177490234375,2
13:14:52.988,1.589975357055664,505.1722717285156,32.1827392578125,49.06918716430664,77.8549575805664,22.131147384643555,2
13:14:52.988,5.209005355834961,504.7032470703125,32.205326080322266,73.00639343261719,25.465408325195312,74.52069854736328,2
13:14:52.988,2.6079721450805664,500.17913818359375,32.42910385131836,21.908863067626953,78.0772476196289,49.49985885620117,2
13:14:52.989,6.269710540771484,500.95355224609375,32.38886260986328,74.46513366699219,25.520977020263672,26.27118492126465,2
13:14:52.989,3.634610652923584,501.7286376953125,32.348506927490234,21.992219924926758,51.472633361816406,77.99388885498047,2
13:14:52.989,0.975774347782135,509.80657958984375,31.94301986694336,74.88191223144531,70.92247772216797,25.10419464111328,2
13:14:52.989,4.6992106437683105,500.19964599609375,32.41831970214844,49.34703826904297,21.92275619506836,78.0633544921875,2
13:14:52.989,2.166550636291504,510.0745544433594,31.921276092529297,25.118087768554688,74.8680191040039,29.105304718017578,2
13:14:52.989,5.789693832397461,505.56207275390625,32.14437484741211,77.81327819824219,22.172826766967773,48.541263580322266,2
13:14:52.989,3.119306802749634,502.45538330078125,32.29620361328125,25.465408325195312,74.52069854736328,73.27034759521484,2
13:14:52.989,0.5076257586479187,499.429443359375,32.444976806640625,78.09114074707031,49.222007751464844,21.894969940185547,2
13:14:52.989,4.199212551116943,503.77880859375,32.22504425048828,26.257293701171875,25.673797607421875,74.31230926513672,2
13:14:52.989,1.6055374145507812,508.2583312988281,31.99904441833496,48.31897735595703,77.68824768066406,22.297861099243164,2
13:14:52.989,5.266393661499023,503.1734924316406,32.24947738647461,74.59016418457031,25.395944595336914,72.89524841308594,2
13:14:52.989,2.604706048965454,498.3855895996094,32.48619079589844,21.867185592651367,78.1189193725586,49.34703826904297,2
13:14:52.989,0.030498052015900612,504.1100158691406,32.196693420410156,74.5484848022461,27.132537841796875,25.437620162963867,2
13:14:53.238,3.697903633117676,503.39288330078125,32.229248046875,22.103361129760742,48.41622543334961,77.88274383544922,2
13:14:53.239,1.0252469778060913,510.3531799316406,31.880035400390625,74.20116424560547,72.99250030517578,25.78493881225586,2
13:14:53.239,4.7600274085998535,504.005615234375,32.1923713684082,52.29230499267578,22.14504051208496,77.841064453125,2
13:14:53.239,2.2002499103546143,500.52911376953125,32.36220169067383,24.381772994995117,75.60433959960938,30.30008316040039,2
13:14:53.239,5.846856117248535,505.84320068359375,32.09376907348633,77.68824768066406,22.311752319335938,45.790496826171875,2
13:14:53.239,3.194455146789551,504.0418701171875,32.17979049682617,25.159767150878906,71.8810806274414,74.82633972167969,2
13:14:53.239,0.5404542088508606,496.1592712402344,32.57082748413086,78.20227813720703,50.819671630859375,21.783828735351562,2
13:14:53.239,4.2156596183776855,501.87005615234375,32.28200149536133,26.91025161743164,25.409835815429688,74.5762710571289,2
13:14:53.239,1.6633325815200806,509.7316589355469,31.886199951171875,45.568214416503906,77.4937515258789,22.492359161376953,2
13:14:53.239,5.289947032928467,505.2302551269531,32.107906341552734,74.78466033935547,25.201446533203125,71.78382873535156,2
13:14:53.239,2.643049955368042,499.5082702636719,32.39216995239258,21.95054054260254,78.03556060791016,51.20866775512695,2
13:14:53.239,0.06589636206626892,504.6075439453125,32.13498306274414,74.95137786865234,28.688522338867188,25.034730911254883,2
13:14:53.239,3.7116196155548096,503.1182556152344,32.208126068115234,22.131147384643555,47.74937438964844,77.8549575805664,2
13:14:53.239,1.045531988143921,510.0628662109375,31.86069107055664,73.90941619873047,73.82606506347656,26.076688766479492,2
13:14:53.239,4.746446132659912,502.1656799316406,32.2520866394043,51.63934326171875,22.075576782226562,77.91053009033203,2
13:14:53.239,2.17718768119812,502.8587341308594,32.21387481689453,24.756877899169922,75.2292251586914,29.3692684173584,2
13:14:53.239,5.807023525238037,504.2012023925781,32.143455505371094,77.79938507080078,22.186717987060547,47.707698822021484,2
13:14:53.239,3.153588056564331,501.80126953125,32.26125717163086,25.632118225097656,73.6871337890625,74.35398864746094,2
13:14:53.239,0.5007115602493286,495.65618896484375,32.566593170166016,78.18838500976562,48.87468719482422,21.79772186279297,2
13:14:53.239,4.23581600189209,501.1365966796875,32.28777313232422,27.771604537963867,25.1458740234375,74.8402328491211,2
13:14:53.239,1.62757408618927,507.43365478515625,31.97083854675293,47.27702331542969,77.63267517089844,22.353431701660156,2
13:14:53.239,5.274026393890381,505.8937072753906,32.04569625854492,74.53459167480469,25.451513290405273,72.42289733886719,2
13:14:53.239,2.64469313621521,500.7112731933594,32.30169677734375,22.033899307250977,77.95220947265625,51.29202651977539,2
13:14:53.239,0.06398295611143112,502.5125427246094,32.208900451660156,74.99305725097656,28.56348991394043,24.993053436279297,2
13:14:53.239,3.7093796730041504,504.4343566894531,32.111328125,22.21450424194336,47.86051940917969,77.7716064453125,2
13:14:53.489,1.0705112218856812,510.0799255371094,31.827272415161133,72.89524841308594,74.17337799072266,25.812726974487305,2
13:14:53.489,4.748495578765869,500.37030029296875,32.30857467651367,51.736595153808594,22.033899307250977,77.95220947265625,2
13:14:53.489,2.208585262298584,503.08782958984375,32.16938400268555,24.43734359741211,75.54875946044922,30.78632926940918,2
13:14:53.489,5.828093528747559,502.930908203125,32.174415588378906,77.7854995727539,22.200611114501953,46.69352340698242,2
13:14:53.489,3.1760308742523193,502.9104309082031,32.1732063293457,25.395944595336914,72.67296600341797,74.59016418457031,2
13:14:53.489,0.5081371665000916,493.31512451171875,32.65055465698242,78.27174377441406,49.235897064208984,21.714365005493164,2
13:14:53.489,4.253678798675537,500.9328918457031,32.26469421386719,28.56348991394043,24.937482833862305,75.04862213134766,2
13:14:53.489,1.6449326276779175,508.2239074707031,31.897836685180664,46.44345474243164,77.5354232788086,22.450681686401367,2
13:14:53.489,5.271341800689697,505.2765808105469,32.04417037963867,74.50680541992188,25.479299545288086,72.5340347290039,2
13:14:53.489,2.6326828002929688,501.48724365234375,32.230674743652344,22.08946990966797,77.89663696289062,50.708534240722656,2
13:14:53.489,0.04677418991923332,504.02191162109375,32.10194396972656,74.68741607666016,27.896636962890625,25.298694610595703,2
13:14:53.490,3.652247905731201,501.64288330078125,32.221343994140625,22.08946990966797,50.62517547607422,77.89663696289062,2
13:14:53.490,0.9901756048202515,507.33197021484375,31.937143325805664,74.70130157470703,71.54765319824219,25.284799575805664,2
13:14:53.490,4.689135551452637,500.7085266113281,32.265586853027344,48.86079406738281,22.061683654785156,77.92442321777344,2
13:14:53.490,2.1458756923675537,509.2896423339844,31.83523941040039,25.437620162963867,74.5484848022461,28.271739959716797,2
13:14:53.490,5.734096527099609,502.87005615234375,32.155067443847656,77.8271713256836,22.158931732177734,51.222564697265625,2
13:14:53.490,3.0783772468566895,499.66766357421875,32.31293869018555,24.9235897064209,75.0625228881836,71.53376007080078,2
13:14:53.490,0.42073002457618713,493.5101318359375,32.61902618408203,78.09114074707031,44.9708251953125,21.894969940185547,2
13:14:53.490,4.121450901031494,501.11993408203125,32.23697280883789,24.937482833862305,28.688522338867188,75.04862213134766,2
13:14:53.490,1.5409904718399048,511.4713134765625,31.717540740966797,51.417057037353516,77.45207214355469,22.53403663635254,2
13:14:53.490,5.171535491943359,502.3080139160156,32.172080993652344,71.38093566894531,25.020837783813477,74.96527099609375,2
13:14:53.490,2.517911911010742,498.5823974609375,32.3565673828125,22.11725425720215,77.86885833740234,45.13753890991211,2
13:14:53.490,6.236141681671143,503.701904296875,32.099143981933594,74.70130157470703,25.284799575805664,27.91053009033203,2
13:14:53.490,3.578242063522339,502.3290100097656,32.16630554199219,22.242290496826172,54.18171691894531,77.74382019042969,2
13:14:53.490,0.8613343238830566,492.8117370605469,32.64234161376953,76.66018676757812,66.21283721923828,23.325923919677734,2
13:14:53.741,4.652560234069824,504.83624267578125,32.03666305541992,47.124202728271484,22.297861099243164,77.68824768066406,2
13:14:53.741,2.0680978298187256,507.8445129394531,31.88316535949707,27.174217224121094,74.2567367553711,25.7293701171875,2
13:14:53.741,5.692678928375244,503.72747802734375,32.087093353271484,77.71603393554688,22.27007484436035,53.209228515625,2
13:14:53.741,3.0617640018463135,501.41058349609375,32.20050811767578,24.812448501586914,75.17366027832031,70.72798156738281,2
13:14:53.741,0.39917322993278503,494.8629455566406,32.52659606933594,77.93831634521484,43.9427604675293,22.04779052734375,2
13:14:53.741,4.105068206787109,502.1112365722656,32.16057205200195,24.798555374145508,29.452625274658203,75.18755340576172,2
13:14:53.741,1.5022071599960327,509.1605529785156,31.806045532226562,53.26479721069336,77.4798583984375,22.50625228881836,2
13:14:53.741,5.13251256942749,500.0694580078125,32.25776290893555,69.72769927978516,24.4929141998291,75.49319458007812,2
13:14:53.741,2.5214858055114746,501.1167907714844,32.20276641845703,22.228397369384766,77.7577133178711,45.332035064697266,2
13:14:53.741,6.197605609893799,503.11639404296875,32.10226821899414,75.17366027832031,24.812448501586914,29.563766479492188,2
13:14:53.741,3.5083794593811035,501.1237487792969,32.2004508972168,22.450681686401367,57.52986526489258,77.5354232788086,2
13:14:53.741,0.8294239640235901,493.51904296875,32.580074310302734,76.89635467529297,64.7124252319336,23.089746475219727,2
13:14:53.741,4.5180511474609375,497.3743896484375,32.3862419128418,40.60850143432617,22.478466033935547,77.50763702392578,2
13:14:53.741,1.9502673149108887,505.4391174316406,31.981966018676758,32.217281341552734,75.7154769897461,24.270631790161133,2
13:14:53.741,5.559106826782227,498.82293701171875,32.31195831298828,77.41039276123047,22.575716018676758,59.641571044921875,2
13:14:53.741,2.894528865814209,496.3622131347656,32.43510437011719,22.964712142944336,77.02139282226562,63.281463623046875,2
13:14:53.741,0.27549517154693604,494.70782470703125,32.51728057861328,77.28535461425781,38.01055908203125,22.70075035095215,2
13:14:53.741,3.9741580486297607,501.63665771484375,32.16889953613281,23.450958251953125,35.315364837646484,76.53514862060547,2
13:14:53.741,1.3411144018173218,507.0214538574219,31.89933204650879,60.89191436767578,76.89635467529297,23.089746475219727,2
13:14:53.741,5.002257347106934,500.5289306640625,32.221923828125,63.80938720703125,23.256460189819336,76.72965240478516,2
13:14:53.741,2.4059903621673584,501.9110107421875,32.14968490600586,22.770214080810547,77.21588897705078,39.84440231323242,2
13:14:53.741,6.069436550140381,503.7984924316406,32.05265426635742,76.42401123046875,23.562101364135742,35.32925796508789,2
13:14:53.741,3.4066665172576904,502.4261474609375,32.119720458984375,23.103639602661133,62.3089714050293,76.8824691772461,2
13:14:53.741,0.759854257106781,496.79962158203125,32.4000129699707,77.2714614868164,61.3642692565918,22.714643478393555,2
13:14:53.741,4.462095737457275,502.77178955078125,32.099449157714844,38.066131591796875,23.061960220336914,76.92414855957031,2
13:14:53.992,1.8963358402252197,510.2142333984375,31.725753784179688,34.7735481262207,76.0211181640625,23.964990615844727,2
13:14:53.992,5.511855125427246,504.18865966796875,32.024192810058594,76.8824691772461,23.103639602661133,61.767154693603516,2
13:14:53.992,2.8592066764831543,500.6793212890625,32.197750091552734,22.92303466796875,77.06307220458984,61.530982971191406,2
13:14:53.992,0.2244752049446106,494.5745544433594,32.501373291015625,76.89635467529297,35.62100601196289,23.089746475219727,2
13:14:53.992,3.9010848999023438,501.01678466796875,32.17723083496094,22.895248413085938,38.71908950805664,77.09085845947266,2
13:14:53.992,1.2717351913452148,508.75506591796875,31.7891902923584,64.04556274414062,76.2989730834961,23.6871337890625,2
13:14:53.992,4.949528217315674,501.850830078125,32.1312255859375,61.308692932128906,22.95081901550293,77.03529357910156,2
13:14:53.992,2.3342738151550293,501.7129211425781,32.135921478271484,23.27035140991211,76.71575927734375,36.49625015258789,2
13:14:53.992,6.0129075050354,504.0069274902344,32.01941680908203,76.84078979492188,23.14531707763672,37.954986572265625,2
13:14:53.992,3.3124096393585205,499.0291748046875,32.26668930053711,23.770492553710938,66.71297454833984,76.21561431884766,2
13:14:53.992,0.6269156336784363,491.95050048828125,32.62089920043945,78.09114074707031,55.04306411743164,21.894969940185547,2
13:14:53.992,4.350307464599609,502.8870849609375,32.07011413574219,32.95359802246094,24.02056121826172,75.96554565429688,2
13:14:53.992,1.7409552335739136,503.83819580078125,32.021392822265625,41.858848571777344,77.32703399658203,22.659072875976562,2
13:14:53.992,5.351025104522705,503.20947265625,32.05362319946289,75.46540832519531,24.520700454711914,69.08863830566406,2
13:14:53.992,2.7323195934295654,500.18743896484375,32.20340347290039,22.283967971801758,77.70214080810547,55.50152587890625,2
13:14:53.992,0.08524392545223236,494.3880615234375,32.4927978515625,75.46540832519531,29.2998046875,24.520700454711914,2
13:14:53.992,3.7431344985961914,501.36785888671875,32.1441535949707,22.242290496826172,46.23506546020508,77.74382019042969,2
13:14:53.992,1.0912867784500122,508.90777587890625,31.76748275756836,71.97832489013672,74.39566040039062,25.59044075012207,2
13:14:53.992,4.78463888168335,500.2854309082031,32.19527053833008,53.47318649291992,22.186717987060547,77.79938507080078,2
13:14:53.992,2.186861276626587,500.17779541015625,32.19919967651367,24.65962791442871,75.32647705078125,29.813838958740234,2
13:14:53.992,5.842548847198486,503.19873046875,32.04741668701172,77.64656829833984,22.33953857421875,46.012779235839844,2
13:14:53.992,3.1561572551727295,503.07855224609375,32.05172348022461,25.75715446472168,73.42317199707031,74.22895812988281,2
13:14:53.992,0.5262176990509033,496.6886901855469,32.369712829589844,78.02167510986328,50.12503433227539,21.964435577392578,2
13:14:53.992,4.213033199310303,499.2450866699219,32.24037551879883,26.840787887573242,25.479299545288086,74.50680541992188,2
13:14:53.993,1.623910665512085,507.2181091308594,31.8404541015625,47.45762634277344,77.5354232788086,22.450681686401367,2
13:14:53.993,5.2630157470703125,500.283935546875,32.1850700378418,74.49291229248047,25.493192672729492,72.99250030517578,2
13:14:54.247,2.597208261489868,497.4531555175781,32.32634353637695,22.006113052368164,77.97999572753906,48.9858283996582,2
13:14:54.247,0.0075318175368011,502.1426696777344,32.09001159667969,74.15949249267578,26.24340057373047,25.826618194580078,2
13:14:54.247,3.656949758529663,501.1674499511719,32.137882232666016,22.158931732177734,50.38899612426758,77.8271713256836,2
13:14:54.247,0.9662304520606995,507.2467956542969,31.834209442138672,74.90969848632812,70.45012664794922,25.0764102935791,2
13:14:54.247,4.689076900482178,500.37701416015625,32.17485427856445,48.87468719482422,22.131147384643555,77.8549575805664,2
13:14:54.247,2.124683380126953,507.8269348144531,31.800338745117188,25.743261337280273,74.24285125732422,27.410390853881836,2
13:14:54.247,5.770047664642334,504.79339599609375,31.950313568115234,77.66046142578125,22.325645446777344,49.48596954345703,2
13:14:54.247,3.10239315032959,503.1446838378906,32.02922821044922,25.451513290405273,74.53459167480469,72.36732482910156,2
13:14:54.247,0.4317642152309418,494.5184631347656,32.45885467529297,77.97999572753906,45.52653503417969,22.006113052368164,2
13:14:54.247,4.08190393447876,498.67138671875,32.250160217285156,24.451236724853516,30.411226272583008,75.53486633300781,2
13:14:54.247,1.5152828693389893,511.35382080078125,31.61589813232422,52.625728607177734,77.32703399658203,22.659072875976562,2
13:14:54.247,5.112936973571777,500.7852478027344,32.141727447509766,68.79689025878906,24.353986740112305,75.63211822509766,2
13:14:54.248,2.463144063949585,497.1002502441406,32.32602310180664,22.33953857421875,77.64656829833984,42.511810302734375,2
13:14:54.248,6.138410568237305,502.177490234375,32.072452545166016,75.79883575439453,24.187274932861328,32.203392028808594,2
13:14:54.248,3.480797052383423,500.9806823730469,32.1329231262207,22.63128662109375,58.835784912109375,77.35482025146484,2
13:14:54.248,0.7882360219955444,494.077880859375,32.479705810546875,77.14643096923828,62.73965072631836,22.839677810668945,2
13:14:54.248,4.504711627960205,500.52093505859375,32.15658950805664,40.052791595458984,22.742427825927734,77.24368286132812,2
13:14:54.248,1.9345046281814575,508.9034423828125,31.735660552978516,33.06473922729492,75.67379760742188,24.31230926513672,2
13:14:54.248,5.5461602210998535,501.56475830078125,32.10100173950195,77.16032409667969,22.82578468322754,60.1972770690918,2
13:14:54.248,2.8765153884887695,498.6827087402344,32.244564056396484,22.99249839782715,76.99360656738281,62.36454772949219,2
13:14:54.248,0.26086756587028503,492.4361877441406,32.556365966796875,77.21588897705078,37.315921783447266,22.770214080810547,2
13:14:54.248,3.9391863346099854,504.0774230957031,31.97113609313965,23.33981704711914,37.01028060913086,76.64629364013672,2
13:14:54.248,1.3144949674606323,505.5663757324219,31.895902633666992,62.12837219238281,76.71575927734375,23.27035140991211,2
13:14:54.248,4.92665958404541,498.0881042480469,32.26955032348633,60.28063201904297,22.686857223510742,77.29924774169922,2
13:14:54.248,2.340716600418091,498.0213623046875,32.271568298339844,23.11753273010254,76.86857604980469,36.74631881713867,2
13:14:54.498,5.994386672973633,501.2846984863281,32.10770797729492,77.03529357910156,22.95081901550293,38.788551330566406,2
13:14:54.498,3.3391568660736084,500.8862609863281,32.127227783203125,23.631563186645508,65.43484497070312,76.35454559326172,2
13:14:54.498,0.6516911387443542,493.4380187988281,32.49912643432617,77.91053009033203,56.22395324707031,22.075576782226562,2
13:14:54.498,4.381113052368164,497.6803894042969,32.28466796875,34.24562454223633,23.548208236694336,76.43789672851562,2
13:14:54.498,1.7988014221191406,508.681396484375,31.734172821044922,39.23311996459961,76.77132415771484,23.214780807495117,2
13:14:54.498,5.434066295623779,502.78582763671875,32.02691650390625,76.27118682861328,23.714920043945312,65.35148620605469,2
13:14:54.498,2.7551422119140625,498.600341796875,32.23480987548828,22.33953857421875,77.64656829833984,56.599056243896484,2
13:14:54.498,0.16551603376865387,493.06036376953125,32.510032653808594,76.3684310913086,32.89802551269531,23.617671966552734,2
13:14:54.498,3.7895357608795166,500.3816223144531,32.14288330078125,22.367324829101562,44.01222610473633,77.61878204345703,2
13:14:54.498,1.1487854719161987,506.5268249511719,31.835519790649414,69.5470962524414,75.1458740234375,24.840232849121094,2
13:14:54.498,4.793539047241211,499.31878662109375,32.195186614990234,53.90385818481445,22.200611114501953,77.7854995727539,2
13:14:54.498,2.221174716949463,498.660400390625,32.22730255126953,24.256736755371094,75.7293701171875,31.314254760742188,2
13:14:54.499,5.822870254516602,502.54656982421875,32.033233642578125,77.67435455322266,22.311752319335938,46.95748519897461,2
13:14:54.499,3.1321165561676025,501.8050537109375,32.07147979736328,25.812726974487305,74.17337799072266,73.64545440673828,2
13:14:54.499,0.462184876203537,492.812255859375,32.52230453491211,78.10502624511719,46.99916458129883,21.881078720092773,2
13:14:54.499,4.17575216293335,500.532958984375,32.13557434082031,25.715476989746094,26.437898635864258,74.2706298828125,2
13:14:54.499,1.563153862953186,506.69573974609375,31.82840919494629,50.361209869384766,77.56321716308594,22.422895431518555,2
13:14:54.499,5.186152458190918,500.4971008300781,32.13778305053711,71.99221801757812,25.229230880737305,74.75688171386719,2
13:14:54.499,2.5633106231689453,501.4507751464844,32.0885124206543,22.242290496826172,77.74382019042969,47.36037826538086,2
13:14:54.499,6.233858108520508,502.5893859863281,32.030479431152344,74.67352294921875,25.31258773803711,28.049457550048828,2
13:14:54.499,3.5491435527801514,499.42388916015625,32.18867492675781,22.297861099243164,55.58488464355469,77.68824768066406,2
13:14:54.499,0.8451623320579529,491.58087158203125,32.58177185058594,76.75743103027344,65.43484497070312,23.228675842285156,2
13:14:54.499,4.5799560546875,500.9295654296875,32.110347747802734,43.63711929321289,22.422895431518555,77.56321716308594,2
13:14:54.499,1.9867377281188965,503.97149658203125,31.957408905029297,30.61961555480957,75.31258392333984,24.673519134521484,2
13:14:54.499,5.629530906677246,504.10791015625,31.950584411621094,77.42427825927734,22.56182289123535,56.210060119628906,2
13:14:54.764,2.9468178749084473,496.7381286621094,32.318153381347656,23.506528854370117,76.47957611083984,65.64323425292969,2
13:14:54.764,0.2979360818862915,492.04168701171875,32.55278396606445,77.4659652709961,39.06640625,22.520143508911133,2
13:14:54.764,4.010397434234619,502.12847900390625,32.047035217285156,23.881633758544922,33.731590270996094,76.10447692871094,2
13:14:54.764,1.3823374509811401,506.97314453125,31.803773880004883,58.93303680419922,77.04917907714844,22.936925888061523,2
13:14:54.764,5.019021034240723,498.7265930175781,32.21465301513672,64.57349395751953,23.395387649536133,76.59071350097656,2
13:14:54.764,2.4170773029327393,500.4229431152344,32.128379821777344,22.728534698486328,77.25757598876953,40.3723258972168,2
13:14:54.764,6.085712909698486,501.98468017578125,32.04960250854492,76.28507995605469,23.70102882385254,34.59294128417969,2
13:14:54.764,3.425720453262329,502.289306640625,32.033687591552734,23.04806900024414,61.392051696777344,76.93804168701172,2
13:14:54.764,0.7415071725845337,493.3218078613281,32.48159408569336,77.45207214355469,60.530704498291016,22.53403663635254,2
13:14:54.764,4.450181484222412,499.9486083984375,32.14763641357422,37.49652862548828,23.103639602661133,76.8824691772461,2
13:14:54.764,1.8957818746566772,509.8382568359375,31.65196990966797,34.82912063598633,75.96554565429688,24.02056121826172,2
13:14:54.764,5.4716796875,504.0762939453125,31.939865112304688,76.52125549316406,23.46485137939453,63.60099792480469,2
13:14:54.764,2.826467990875244,500.8643798828125,32.09862518310547,22.797998428344727,77.1881103515625,59.961097717285156,2
13:14:54.764,0.1779823899269104,493.201904296875,32.480804443359375,76.46568298339844,33.48152160644531,23.520421981811523,2
13:14:54.764,3.818995237350464,499.865234375,32.1495246887207,22.478466033935547,42.60905838012695,77.50763702392578,2
13:14:54.764,1.1468894481658936,505.5516357421875,31.86674690246582,69.65824127197266,75.1458740234375,24.840232849121094,2
13:14:54.764,4.837749004364014,499.4478759765625,32.17047882080078,56.029449462890625,22.353431701660156,77.63267517089844,2
13:14:54.764,2.2507381439208984,494.1395568847656,32.43611526489258,23.770492553710938,76.21561431884766,32.52292251586914,2
13:14:54.764,5.845864295959473,500.4547119140625,32.12157440185547,77.70214080810547,22.283967971801758,45.8460693359375,2
13:14:54.764,3.208242654800415,501.3311462402344,32.07676696777344,25.062517166137695,71.22811889648438,74.92359161376953,2
13:14:54.764,0.5187091827392578,493.18463134765625,32.48386001586914,78.1189193725586,49.74993133544922,21.867185592651367,2
13:14:54.764,4.212348461151123,500.5208435058594,32.116668701171875,26.896360397338867,25.59044075012207,74.39566040039062,2
13:14:54.764,1.6401453018188477,510.1773376464844,31.63286781311035,46.707420349121094,77.32703399658203,22.659072875976562,2
13:14:54.764,5.246823310852051,503.2807922363281,31.975566864013672,74.11781311035156,25.868297576904297,73.52042388916016,2
13:14:54.764,2.6066393852233887,499.37750244140625,32.16952896118164,22.131147384643555,77.8549575805664,49.44429016113281,2
13:14:55.029,0.04732181131839752,504.6502990722656,31.90416145324707,74.5484848022461,28.049457550048828,25.437620162963867,2
13:14:55.029,3.637993335723877,500.7768859863281,32.09691619873047,22.200611114501953,51.3059196472168,77.7854995727539,2
13:14:55.029,0.9554569721221924,509.6759033203125,31.65264892578125,74.88191223144531,69.86663055419922,25.10419464111328,2
13:14:55.029,4.687763690948486,503.2911071777344,31.968090057373047,48.819114685058594,22.311752319335938,77.67435455322266,2
13:14:55.029,2.104248046875,506.9975891113281,31.78075408935547,26.021116256713867,73.9649887084961,26.56293487548828,2
13:14:55.029,5.709077835083008,502.04254150390625,32.027915954589844,77.68824768066406,22.297861099243164,52.41733932495117,2
13:14:55.029,3.0771114826202393,500.4740905761719,32.105224609375,25.062517166137695,74.92359161376953,71.33926391601562,2
13:14:55.029,0.3973850905895233,493.3118591308594,32.46333694458008,77.88274383544922,43.859405517578125,22.103361129760742,2
13:14:55.029,4.103146553039551,501.1722106933594,32.067813873291016,24.840232849121094,29.591554641723633,75.1458740234375,2
13:14:55.029,1.4980597496032715,509.99700927734375,31.625194549560547,53.44540023803711,77.31314086914062,22.672964096069336,2
13:14:55.029,5.110809803009033,498.85101318359375,32.18012619018555,68.71353149414062,24.31230926513672,75.67379760742188,2
13:14:55.029,2.4925479888916016,499.9210510253906,32.124603271484375,22.395111083984375,77.59099578857422,43.97054672241211,2
13:14:55.029,6.179223537445068,503.9226989746094,31.924375534057617,75.24311828613281,24.742984771728516,30.480688095092773,2
13:14:55.029,3.470384120941162,500.810791015625,32.07909393310547,22.742427825927734,59.30813980102539,77.24368286132812,2
13:14:55.029,0.7920501828193665,493.5941467285156,32.43999099731445,77.07696533203125,62.9063606262207,22.909141540527344,2
13:14:55.029,4.474603176116943,496.2153625488281,32.308650970458984,38.580162048339844,22.797998428344727,77.1881103515625,2
13:14:55.029,1.8918657302856445,505.7598571777344,31.832212448120117,34.926368713378906,76.14614868164062,23.839954376220703,2
13:14:55.029,5.487216949462891,498.23333740234375,32.20818328857422,76.85468292236328,23.131425857543945,62.98971939086914,2
13:14:55.029,2.8046939373016357,495.006591796875,32.37116622924805,22.450681686401367,77.5354232788086,59.00250244140625,2
13:14:55.029,0.191001757979393,492.3945617675781,32.501808166503906,76.6046142578125,34.07891082763672,23.38149642944336,2
13:14:55.029,3.8794333934783936,502.244384765625,32.0087890625,22.909141540527344,39.7888298034668,77.07696533203125,2
13:14:55.029,1.1909033060073853,505.6519470214844,31.839488983154297,67.6993637084961,75.60433959960938,24.381772994995117,2
13:14:55.029,4.871582508087158,499.8255615234375,32.12993621826172,57.62711715698242,22.520143508911133,77.4659652709961,2
13:14:55.029,2.293605327606201,498.28753662109375,32.204917907714844,23.562101364135742,76.42401123046875,34.59294128417969,2
13:14:55.029,5.899991035461426,501.7174072265625,32.03286361694336,77.4659652709961,22.520143508911133,43.26201629638672,2
13:14:55.029,3.2502975463867188,501.64349365234375,32.03627395629883,24.60405731201172,69.36649322509766,75.38204956054688,2
13:14:55.029,0.5802395343780518,494.7701416015625,32.38013458251953,77.99388885498047,52.736873626708984,21.992219924926758,2
13:14:55.285,4.27108097076416,501.406982421875,32.04784393310547,29.46651840209961,24.89580535888672,75.09030151367188,2
13:14:55.285,1.6799864768981934,506.0227966308594,31.81731414794922,44.79022216796875,77.38260650634766,22.60350227355957,2
13:14:55.285,5.316319942474365,501.4139099121094,32.04649353027344,75.0625228881836,24.9235897064209,70.60295104980469,2
13:14:55.285,2.678985595703125,500.14996337890625,32.1087532043457,22.242290496826172,77.74382019042969,52.93136978149414,2
13:14:55.285,0.06065533682703972,501.947021484375,32.018402099609375,74.79855346679688,28.549596786499023,25.187551498413086,2
13:14:55.285,3.7007253170013428,499.53790283203125,32.13785171508789,22.172826766967773,48.27730178833008,77.81327819824219,2
13:14:55.285,1.0202176570892334,508.0738220214844,31.71218490600586,74.14559936523438,72.65907287597656,25.840511322021484,2
13:14:55.285,4.725677490234375,500.5886535644531,32.08411407470703,50.639068603515625,22.21450424194336,77.7716064453125,2
13:14:55.285,2.143007516860962,507.889892578125,31.717615127563477,25.56265640258789,74.42344665527344,28.230064392089844,2
13:14:55.285,5.766361713409424,502.5616149902344,31.983240127563477,77.68824768066406,22.297861099243164,49.66657638549805,2
13:14:55.285,3.094054698944092,499.8407897949219,32.11882781982422,25.27090835571289,74.71519470214844,72.07557678222656,2
13:14:55.285,0.4074838161468506,490.7654724121094,32.57388687133789,78.00778198242188,44.33176040649414,21.97832679748535,2
13:14:55.285,4.081600666046143,499.9217529296875,32.115421295166016,24.5623779296875,30.508474349975586,75.4237289428711,2
13:14:55.285,1.449126124382019,501.87420654296875,32.01802062988281,55.82106018066406,77.52153015136719,22.46457290649414,2
13:14:55.285,5.052693843841553,495.45220947265625,32.34034729003906,66.18505096435547,23.589887619018555,76.3962173461914,2
13:14:55.285,2.4544007778167725,496.87677001953125,32.26892852783203,22.422895431518555,77.56321716308594,42.10892105102539,2
13:14:55.285,6.082054615020752,497.4442443847656,32.241878509521484,76.47957611083984,23.506528854370117,34.66240692138672,2
13:14:55.285,3.434119939804077,500.4721374511719,32.091793060302734,22.936925888061523,61.01694869995117,77.04917907714844,2
13:14:55.285,0.7393484711647034,492.28985595703125,32.501808166503906,77.4937515258789,60.43345260620117,22.492359161376953,2
13:14:55.285,4.477269649505615,499.3909912109375,32.14345932006836,38.760765075683594,22.92303466796875,77.06307220458984,2
13:14:55.285,1.8927937746047974,506.2293701171875,31.801298141479492,34.898582458496094,76.11837005615234,23.867740631103516,2
13:14:55.285,5.512430667877197,504.4677429199219,31.8893985748291,76.77132415771484,23.214780807495117,61.69769287109375,2
13:14:55.285,2.8661930561065674,501.46795654296875,32.03621292114258,23.103639602661133,76.8824691772461,61.79494094848633,2
13:14:55.285,0.21814453601837158,496.51702880859375,32.282371520996094,76.66018676757812,35.42650604248047,23.325923919677734,2
13:14:55.285,3.876056671142578,500.4552001953125,32.08599853515625,22.82578468322754,39.91386413574219,77.16032409667969,2
13:14:55.285,1.244774341583252,505.6451110839844,31.826765060424805,65.28202056884766,76.10447692871094,23.881633758544922,2
13:14:55.545,4.928112506866455,502.1712951660156,31.999345779418945,60.26673889160156,22.92303466796875,77.06307220458984,2
13:14:55.545,2.27359938621521,496.14141845703125,32.300838470458984,23.65934944152832,76.3267593383789,33.634342193603516,2
13:14:55.545,5.941957950592041,501.17572021484375,32.0482063293457,77.28535461425781,22.70075035095215,41.27535629272461,2
13:14:55.545,3.2819268703460693,500.8801574707031,32.062591552734375,24.24284553527832,67.97721099853516,75.7432632446289,2
13:14:55.545,0.5985613465309143,492.890380859375,32.46317672729492,78.02167510986328,53.63990020751953,21.964435577392578,2
13:14:55.545,4.3095831871032715,501.3736267089844,32.03727340698242,31.161434173583984,24.46512794494629,75.52098083496094,2
13:14:55.545,1.7394890785217285,508.3298645019531,31.688701629638672,42.01166915893555,77.04917907714844,22.936925888061523,2
13:14:55.545,5.345770835876465,503.82073974609375,31.913005828857422,75.29869842529297,24.687414169311523,69.241455078125,2
13:14:55.545,2.721031427383423,501.5851135253906,32.02191162109375,22.40900230407715,77.57710266113281,54.93192672729492,2
13:14:55.545,0.09426195919513702,493.8249206542969,32.40866470336914,75.50708770751953,29.75826644897461,24.479022979736328,2
13:14:55.545,3.697523832321167,497.36798095703125,32.23202133178711,22.08946990966797,48.43012237548828,77.89663696289062,2
13:14:55.545,1.0197750329971313,507.28289794921875,31.738176345825195,74.15949249267578,72.65907287597656,25.826618194580078,2
13:14:55.545,4.7245354652404785,499.8264465332031,32.10927963256836,50.583492279052734,22.186717987060547,77.79938507080078,2
13:14:55.545,2.0954129695892334,502.1521301269531,31.993436813354492,25.97943878173828,74.00666809082031,26.035011291503906,2
13:14:55.545,5.741829872131348,501.9653625488281,32.00402069091797,77.70214080810547,22.283967971801758,50.84745788574219,2
13:14:55.545,3.053255796432495,497.16070556640625,32.24488067626953,24.673519134521484,75.31258392333984,70.38066101074219,2
13:14:55.545,0.3982226848602295,492.8981018066406,32.45948791503906,77.88274383544922,43.90108108520508,22.103361129760742,2
13:14:55.545,4.080916404724121,501.0433044433594,32.052001953125,24.60405731201172,30.577939987182617,75.38204956054688,2
13:14:55.545,1.479272723197937,507.8621826171875,31.711715698242188,54.334537506103516,77.34092712402344,22.645179748535156,2
13:14:55.545,5.093176364898682,500.0987243652344,32.098533630371094,67.89385986328125,24.187274932861328,75.79883575439453,2
13:14:55.545,2.454136371612549,496.7877197265625,32.26385498046875,22.422895431518555,77.56321716308594,42.095027923583984,2
13:14:55.545,6.140739440917969,503.39361572265625,31.933971405029297,75.65990447998047,24.326202392578125,32.175601959228516,2
13:14:55.545,3.4847962856292725,503.0899353027344,31.94743537902832,22.770214080810547,58.585716247558594,77.21588897705078,2
13:14:55.545,0.7913598418235779,495.6681823730469,32.3187141418457,76.9797134399414,62.823001861572266,23.006389617919922,2
13:14:55.545,4.493493556976318,498.7839660644531,32.16180419921875,39.5109748840332,22.797998428344727,77.1881103515625,2
13:14:55.545,1.93277108669281,507.0877685546875,31.745391845703125,33.13420486450195,75.70158386230469,24.284523010253906,2
13:14:55.805,5.534736156463623,500.694580078125,32.064552307128906,77.06307220458984,22.92303466796875,60.711307525634766,2
13:14:55.805,2.877202033996582,499.0611877441406,32.14621353149414,23.089746475219727,76.89635467529297,62.35065460205078,2
13:14:55.805,0.2437582165002823,494.6467590332031,32.365543365478516,76.93804168701172,36.57960510253906,23.04806900024414,2
13:14:55.805,3.91567063331604,500.3122253417969,32.0816535949707,23.075855255126953,38.066131591796875,76.91024780273438,2
13:14:55.805,1.2780673503875732,506.83758544921875,31.756059646606445,63.739925384521484,76.3267593383789,23.65934944152832,2
13:14:55.805,4.96354341506958,502.3775939941406,31.97684669494629,61.91997528076172,23.17310333251953,76.81300354003906,2
13:14:55.805,2.321620464324951,497.9705810546875,32.19597625732422,23.325923919677734,76.66018676757812,35.88496780395508,2
13:14:55.805,5.993052959442139,503.32598876953125,31.927865982055664,76.89635467529297,23.089746475219727,38.9135856628418,2
13:14:55.805,3.3150525093078613,500.6942138671875,32.057498931884766,23.909420013427734,66.49069213867188,76.0766830444336,2
13:14:55.805,0.6191270351409912,492.498046875,32.467674255371094,77.97999572753906,54.64017868041992,22.006113052368164,2
13:14:55.805,4.280547142028809,497.23748779296875,32.230411529541016,29.75826644897461,24.645734786987305,75.34037017822266,2
13:14:55.805,1.7180675268173218,508.5240783691406,31.666728973388672,43.025840759277344,77.11864471435547,22.867464065551758,2
13:14:55.805,5.318963050842285,501.7106018066406,32.006160736083984,75.0625228881836,24.9235897064209,70.4640121459961,2
13:14:55.805,2.635889768600464,495.3979187011719,32.3234748840332,22.006113052368164,77.97999572753906,50.861351013183594,2
13:14:55.805,0.03992951661348343,501.3652038574219,32.02669906616211,74.5484848022461,27.646568298339844,25.437620162963867,2
13:14:55.805,3.670743703842163,500.6105041503906,32.0655403137207,22.228397369384766,49.722145080566406,77.7577133178711,2
13:14:55.805,0.960989773273468,505.48577880859375,31.824016571044922,74.96527099609375,70.21395111083984,25.020837783813477,2
13:14:55.805,4.668255805969238,499.314697265625,32.1323127746582,47.86051940917969,22.186717987060547,77.79938507080078,2
13:14:55.805,2.102146863937378,506.12542724609375,31.7918701171875,26.04890251159668,73.93721008300781,26.46568489074707,2
13:14:55.805,5.7092132568359375,501.9425048828125,32.001041412353516,77.67435455322266,22.311752319335938,52.4034423828125,2
13:14:55.805,3.0189521312713623,497.8992614746094,32.203697204589844,24.31230926513672,75.67379760742188,68.85246276855469,2
13:14:55.805,0.37852826714515686,491.9607238769531,32.50110626220703,77.841064453125,42.94248580932617,22.14504051208496,2
13:14:55.805,4.067850112915039,502.06878662109375,31.99258804321289,24.506807327270508,31.189218521118164,75.47930145263672,2
13:14:55.805,1.452438235282898,504.30126953125,31.88068199157715,55.64045333862305,77.41039276123047,22.575716018676758,2
13:14:55.805,5.053891658782959,497.96014404296875,32.198482513427734,66.17115783691406,23.714920043945312,76.27118682861328,2
13:14:55.805,2.4568517208099365,498.7510986328125,32.15766906738281,22.50625228881836,77.4798583984375,42.24784851074219,2
13:14:56.059,6.103972911834717,499.8939514160156,32.099708557128906,76.16004180908203,23.82606315612793,33.731590270996094,2
13:14:56.059,3.46235728263855,501.43780517578125,32.0233154296875,22.82578468322754,59.669349670410156,77.16032409667969,2
13:14:56.059,0.7727999091148376,494.0619812011719,32.3924674987793,77.1742172241211,61.97555160522461,22.811893463134766,2
13:14:56.059,4.473700523376465,497.1588439941406,32.23695755004883,38.56626892089844,22.867464065551758,77.11864471435547,2
13:14:56.059,1.9122469425201416,506.28936767578125,31.780590057373047,34.023338317871094,75.92386627197266,24.062240600585938,2
13:14:56.060,5.534947872161865,500.8799743652344,32.04998779296875,77.04917907714844,22.936925888061523,60.697418212890625,2
13:14:56.060,2.8579177856445312,496.8285827636719,32.25288391113281,22.867464065551758,77.11864471435547,61.48930358886719,2
13:14:56.060,0.23365293443202972,492.16082763671875,32.485713958740234,76.95193481445312,36.06557083129883,23.034175872802734,2
13:14:56.060,3.899749279022217,500.1462707519531,32.084930419921875,22.964712142944336,38.80244445800781,77.02139282226562,2
13:14:56.060,1.256058692932129,506.42828369140625,31.771419525146484,64.74020385742188,76.16004180908203,23.82606315612793,2
13:14:56.060,4.8842339515686035,498.0242004394531,32.191978454589844,58.25229263305664,22.520143508911133,77.4659652709961,2
13:14:56.060,2.295466661453247,500.12384033203125,32.08525848388672,23.645458221435547,76.34065246582031,34.73187255859375,2
13:14:56.060,5.936582565307617,503.1808166503906,31.931596755981445,77.21588897705078,22.770214080810547,41.55320739746094,2
13:14:56.060,3.228497266769409,500.54754638671875,32.06414031982422,24.826339721679688,70.33898162841797,75.1597671508789,2
13:14:56.060,0.5472145676612854,493.11822509765625,32.43719482421875,78.0772476196289,51.13920593261719,21.908863067626953,2
13:14:56.060,4.266589641571045,499.8937683105469,32.097991943359375,29.2303409576416,24.909696578979492,75.07640838623047,2
13:14:56.060,1.6612069606781006,506.57525634765625,31.764511108398438,45.6932487487793,77.39649963378906,22.58960723876953,2
13:14:56.060,5.259488105773926,500.4342041015625,32.07247543334961,74.36788177490234,25.618228912353516,73.06195831298828,2
13:14:56.060,2.6303837299346924,499.87628173828125,32.099308013916016,22.200611114501953,77.7854995727539,50.583492279052734,2
13:14:56.060,0.04565209895372391,503.53729248046875,31.915054321289062,74.53459167480469,27.97999382019043,25.451513290405273,2
13:14:56.060,3.622608184814453,499.2420959472656,32.12965393066406,22.186717987060547,52.042232513427734,77.79938507080078,2
13:14:56.060,0.9486806988716125,508.0365295410156,31.69071388244629,74.99305725097656,69.60266876220703,24.993053436279297,2
13:14:56.060,4.652179718017578,500.7218933105469,32.054012298583984,47.09641647338867,22.283967971801758,77.70214080810547,2
13:14:56.060,2.061654806137085,503.9419250488281,31.8925838470459,27.43817901611328,74.35398864746094,25.632118225097656,2
13:14:56.060,5.690171241760254,502.2300720214844,31.978397369384766,77.61878204345703,22.367324829101562,53.32036590576172,2
13:14:56.060,3.017423152923584,497.3311462402344,32.223697662353516,24.284523010253906,75.70158386230469,68.79689025878906,2
13:14:56.061,0.35285744071006775,490.9492492675781,32.543006896972656,77.7716064453125,41.692138671875,22.21450424194336,2
13:14:56.061,4.065583229064941,501.7425842285156,32.002445220947266,24.46512794494629,31.286468505859375,75.52098083496094,2
13:14:56.061,1.4433252811431885,506.83868408203125,31.746742248535156,56.0433464050293,77.25757598876953,22.728534698486328,2
13:14:56.061,5.073678493499756,498.6355895996094,32.156009674072266,67.04640197753906,23.937204360961914,76.04890441894531,2
13:14:56.061,2.45735239982605,498.9368591308594,32.139869689941406,22.520143508911133,77.4659652709961,42.275630950927734,2
13:14:56.061,6.142024517059326,502.2176818847656,31.975187301635742,75.68769073486328,24.298416137695312,32.092247009277344,2
13:14:56.061,3.463730812072754,501.87615966796875,31.991512298583984,22.85357093811035,59.59988784790039,77.13253784179688,2
13:14:56.061,0.7764621376991272,493.06640625,32.431983947753906,77.1881103515625,62.170047760009766,22.797998428344727,2
13:14:56.061,4.486754417419434,499.7376403808594,32.096168518066406,39.2192268371582,22.895248413085938,77.09085845947266,2
13:14:56.061,1.9126578569412231,506.4171142578125,31.761571884155273,34.023338317871094,75.90997314453125,24.07613182067871,2
13:14:56.061,5.510194301605225,503.393798828125,31.913990020751953,76.77132415771484,23.214780807495117,61.808837890625,2
13:14:56.061,2.861772298812866,500.53558349609375,32.05546569824219,23.04806900024414,76.93804168701172,61.60044860839844,2
13:14:56.061,0.2110937088727951,494.4789123535156,32.35783004760742,76.66018676757812,35.0652961730957,23.325923919677734,2
13:14:56.061,3.875962734222412,500.54864501953125,32.055503845214844,22.839677810668945,39.927757263183594,77.14643096923828,2
13:14:56.061,1.2032873630523682,507.1997985839844,31.724834442138672,67.08808135986328,75.63211822509766,24.353986740112305,2
13:14:56.061,4.874693393707275,499.3244323730469,32.11704635620117,57.779937744140625,22.547929763793945,77.43817901611328,2
13:14:56.061,2.260603427886963,495.42486572265625,32.312496185302734,23.78438377380371,76.20172119140625,33.036956787109375,2
13:14:56.061,5.899927139282227,501.356689453125,32.01654052734375,77.45207214355469,22.53403663635254,43.275909423828125,2
13:14:56.061,3.2116541862487793,501.5228576660156,32.0081672668457,25.0764102935791,71.03362274169922,74.90969848632812,2
13:14:56.061,0.5328556895256042,491.4400329589844,32.51264953613281,78.1467056274414,50.4445686340332,21.839399337768555,2
13:14:56.061,4.229238033294678,499.58062744140625,32.10509490966797,27.618783950805664,25.36815643310547,74.61795043945312,2
13:14:56.061,1.6594260931015015,509.6373596191406,31.602054595947266,45.790496826171875,77.25757598876953,22.728534698486328,2
13:14:56.061,5.2423577308654785,501.13238525390625,32.02548599243164,74.10391235351562,25.882190704345703,73.74270629882812,2
13:14:56.061,2.6032025814056396,497.11663818359375,32.226383209228516,22.08946990966797,77.89663696289062,49.2775764465332,2
13:14:56.061,0.026058223098516464,503.4892272949219,31.90766143798828,74.2706298828125,27.14642906188965,25.715476989746094,2
13:14:56.573,3.63727068901062,500.3385925292969,32.06502151489258,22.228397369384766,51.333702087402344,77.7577133178711,2
13:14:56.574,0.938301682472229,506.1644592285156,31.775226593017578,75.17366027832031,69.19977569580078,24.812448501586914,2
13:14:56.574,4.686158657073975,502.3803405761719,31.96246910095215,48.73575973510742,22.325645446777344,77.66046142578125,2
13:14:56.574,2.084185838699341,506.6643371582031,31.747299194335938,26.6046142578125,73.93721008300781,26.04890251159668,2
13:14:56.574,5.703989505767822,502.5723571777344,31.952550888061523,77.61878204345703,22.367324829101562,52.65351486206055,2
13:14:56.574,3.061149835586548,501.6224060058594,31.998435974121094,24.965269088745117,75.02083587646484,70.57515716552734,2
13:14:56.574,0.3869958221912384,492.2162780761719,32.468326568603516,77.8549575805664,43.35926818847656,22.131147384643555,2
13:14:56.574,4.064961910247803,500.6978454589844,32.042545318603516,24.43734359741211,31.286468505859375,75.54875946044922,2
13:14:56.574,1.4767259359359741,509.754638671875,31.58911895751953,54.4456787109375,77.22978210449219,22.75632095336914,2
13:14:56.574,5.074887275695801,499.2640075683594,32.111427307128906,67.07418823242188,23.992774963378906,75.99333190917969,2
13:14:56.574,2.4672443866729736,499.87908935546875,32.079410552978516,22.520143508911133,77.4659652709961,42.761878967285156,2
13:14:56.574,6.122039318084717,502.5035705566406,31.948688507080078,75.86829376220703,24.11781120300293,32.995277404785156,2
13:14:56.574,3.4320435523986816,500.1557312011719,32.066158294677734,22.978605270385742,61.100303649902344,77.00749969482422,2
13:14:56.574,0.7391471862792969,493.66949462890625,32.39122009277344,77.39649963378906,60.39177703857422,22.58960723876953,2
13:14:56.574,4.428812026977539,496.09918212890625,32.270565032958984,36.45457077026367,23.159210205078125,76.82689666748047,2
13:14:56.574,1.813830852508545,503.56854248046875,31.898488998413086,38.482913970947266,76.81300354003906,23.17310333251953,2
13:14:56.574,5.431732177734375,496.68878173828125,32.243377685546875,76.42401123046875,23.562101364135742,65.57376861572266,2
13:14:56.574,2.7368996143341064,493.8125915527344,32.3887939453125,22.14504051208496,77.841064453125,55.7515983581543,2
13:14:56.574,0.1462874561548233,492.1750183105469,32.471649169921875,76.13226318359375,32.05057144165039,23.853849411010742,2
13:14:56.574,3.804537534713745,502.29638671875,31.965164184570312,22.575716018676758,43.33148193359375,77.41039276123047,2
13:14:56.574,1.1247700452804565,505.5527038574219,31.803659439086914,70.57515716552734,74.8402328491211,25.1458740234375,2
13:14:56.574,4.777701377868652,498.4851379394531,32.156585693359375,53.1397590637207,22.200611114501953,77.7854995727539,2
13:14:56.574,2.221000909805298,498.19171142578125,32.17002487182617,24.298416137695312,75.68769073486328,31.342039108276367,2
13:14:56.574,5.822343349456787,502.1378479003906,31.972938537597656,77.63267517089844,22.353431701660156,46.98527526855469,2
13:14:56.574,3.165905475616455,499.9475402832031,32.08243942260742,25.604333877563477,73.03417205810547,74.38177490234375,2
13:14:56.574,0.5110724568367004,495.0753479003906,32.326202392578125,77.97999572753906,49.38871765136719,22.006113052368164,2
13:14:56.857,4.213592529296875,501.403564453125,32.0093879699707,27.02139663696289,25.646013259887695,74.34009552001953,2
13:14:56.857,1.5992227792739868,507.1926574707031,31.72051429748535,48.638511657714844,77.45207214355469,22.53403663635254,2
13:14:56.857,5.265251159667969,502.1712951660156,31.969812393188477,74.36788177490234,25.618228912353516,72.74242401123047,2
13:14:56.857,2.603081226348877,500.4205627441406,32.05659866333008,22.228397369384766,77.7577133178711,49.2775764465332,2
13:14:56.857,6.271040439605713,502.6231689453125,31.94630241394043,74.11781311035156,25.868297576904297,26.535146713256836,2
13:14:56.857,3.624605655670166,500.6725769042969,32.04242706298828,22.27007484436035,51.944984436035156,77.71603393554688,2
13:14:56.857,0.9231144785881042,508.45831298828125,31.65378189086914,75.24311828613281,68.46346282958984,24.742984771728516,2
13:14:56.857,4.63395357131958,500.765625,32.03593444824219,46.22117233276367,22.33953857421875,77.64656829833984,2
13:14:56.857,2.0662105083465576,507.69482421875,31.687665939331055,27.396499633789062,74.13170623779297,25.854402542114258,2
13:14:56.857,5.672120571136475,502.8070068359375,31.931499481201172,77.5354232788086,22.450681686401367,54.18171691894531,2
13:14:56.857,3.0018270015716553,498.39349365234375,32.151878356933594,24.173381805419922,75.81272888183594,68.04667663574219,2
13:14:56.857,0.32483670115470886,490.0299072265625,32.571136474609375,77.64656829833984,40.344539642333984,22.33953857421875,2
13:14:56.857,4.01014518737793,501.03558349609375,32.01946258544922,23.895526885986328,33.745487213134766,76.09058380126953,2
13:14:56.857,1.3513362407684326,502.6075744628906,31.941280364990234,60.419559478759766,76.99360656738281,22.99249839782715,2
13:14:56.857,4.980183124542236,496.3293151855469,32.2566032409668,62.795223236083984,23.04806900024414,76.93804168701172,2
13:14:56.857,2.372797727584839,497.90753173828125,32.177879333496094,22.964712142944336,77.02139282226562,38.27452087402344,2
13:14:56.857,6.007810115814209,498.3447570800781,32.15703582763672,76.99360656738281,22.99249839782715,38.13559341430664,2
13:14:56.857,3.3252453804016113,499.2728271484375,32.111900329589844,23.770492553710938,66.06002044677734,76.21561431884766,2
13:14:56.857,0.6679611206054688,492.8214111328125,32.43544387817383,77.7854995727539,56.98805618286133,22.200611114501953,2
13:14:56.858,4.369017124176025,498.4423828125,32.15259552001953,33.759376525878906,23.770492553710938,76.21561431884766,2
13:14:56.858,1.756449818611145,503.5101623535156,31.900300979614258,41.164215087890625,77.14643096923828,22.839677810668945,2
13:14:56.858,5.381927967071533,502.3052673339844,31.961538314819336,75.7154769897461,24.270631790161133,67.67156982421875,2
13:14:56.858,2.722503662109375,497.8068542480469,32.18540954589844,22.27007484436035,77.71603393554688,55.029178619384766,2
13:14:56.858,0.10489439219236374,494.3252258300781,32.359134674072266,75.59044647216797,30.258405685424805,24.395666122436523,2
13:14:56.858,3.7451436519622803,500.4866027832031,32.051944732666016,22.325645446777344,46.151710510253906,77.66046142578125,2
13:14:56.858,1.0718212127685547,504.80914306640625,31.836843490600586,72.83967590332031,74.20116424560547,25.78493881225586,2
13:14:57.207,4.7776780128479,501.1470642089844,32.01908874511719,53.12586975097656,22.325645446777344,77.66046142578125,2
13:14:57.207,2.1919126510620117,497.5223388671875,32.20012283325195,24.60405731201172,75.38204956054688,30.036121368408203,2
13:14:57.207,5.791480541229248,500.87255859375,32.032684326171875,77.71603393554688,22.27007484436035,48.45790481567383,2
13:14:57.207,3.131181478500366,501.34375,32.00891876220703,25.840511322021484,74.14559936523438,73.56210327148438,2
13:14:57.207,0.47580400109291077,494.4655456542969,32.353248596191406,77.97999572753906,47.679908752441406,22.006113052368164,2
13:14:57.207,4.156506061553955,499.6661376953125,32.09205627441406,25.493192672729492,27.285358428955078,74.49291229248047,2
13:14:57.207,1.5807558298110962,508.1236572265625,31.669118881225586,49.513755798339844,77.42427825927734,22.56182289123535,2
13:14:57.207,5.187613487243652,500.74114990234375,32.03691864013672,71.97832489013672,25.326478958129883,74.65962982177734,2
13:14:57.207,2.5740580558776855,501.2362976074219,32.010616302490234,22.297861099243164,77.68824768066406,47.888301849365234,2
13:14:57.207,6.234254360198975,502.5878601074219,31.94194221496582,74.60405731201172,25.382051467895508,28.091135025024414,2
13:14:57.207,3.5472359657287598,498.1902160644531,32.162235260009766,22.33953857421875,55.66823959350586,77.64656829833984,2
13:14:57.207,0.8087456822395325,489.55975341796875,32.595882415771484,77.07696533203125,63.739925384521484,22.909141540527344,2
13:14:57.207,4.559660911560059,499.9893798828125,32.07174301147461,42.678524017333984,22.547929763793945,77.43817901611328,2
13:14:57.207,1.9463509321212769,502.33935546875,31.954580307006836,32.411781311035156,75.7432632446289,24.24284553527832,2
13:14:57.207,5.554056167602539,500.2387390136719,32.06159210205078,77.1742172241211,22.811893463134766,59.80827713012695,2
13:14:57.208,2.889763593673706,496.31390380859375,32.25929260253906,23.075855255126953,76.91024780273438,62.97582244873047,2
13:14:57.208,0.22765545547008514,492.5298767089844,32.450523376464844,76.86857604980469,35.80160903930664,23.11753273010254,2
13:14:57.208,3.911991834640503,500.84906005859375,32.03510284423828,23.089746475219727,38.246734619140625,76.89635467529297,2
13:14:57.208,1.26925790309906,507.81719970703125,31.687700271606445,64.11502838134766,76.20172119140625,23.78438377380371,2
13:14:57.208,4.908816814422607,498.3523254394531,32.159507751464844,59.405391693115234,22.672964096069336,77.31314086914062,2
13:14:57.208,2.2925703525543213,497.79339599609375,32.18775177001953,23.575992584228516,76.41011810302734,34.55126190185547,2
13:14:57.208,5.953348159790039,502.1509094238281,31.970598220825195,77.16032409667969,22.82578468322754,40.761322021484375,2
13:14:57.208,3.264789581298828,500.743896484375,32.04008483886719,24.43734359741211,68.72742462158203,75.54875946044922,2
13:14:57.208,0.5964556932449341,494.0187683105469,32.377140045166016,77.95220947265625,53.52875518798828,22.033899307250977,2
13:14:57.208,4.279761791229248,498.1709899902344,32.16981887817383,29.75826644897461,24.701305389404297,75.28480529785156,2
13:14:57.208,1.6818991899490356,504.6493225097656,31.846097946166992,44.692970275878906,77.39649963378906,22.58960723876953,2
13:14:57.208,5.310862064361572,498.82904052734375,32.136783599853516,75.0625228881836,24.9235897064209,70.90858459472656,2
13:14:57.208,2.634526252746582,496.0710754394531,32.27560043334961,22.04779052734375,77.93831634521484,50.79188919067383,2
13:14:57.566,0.043256234377622604,501.40191650390625,32.00800704956055,74.5762710571289,27.813282012939453,25.409835815429688,2
13:14:57.566,3.6938889026641846,500.8287658691406,32.036354064941406,22.256181716918945,48.61072540283203,77.72991943359375,2
13:14:57.566,0.9867656826972961,505.88592529296875,31.78520965576172,74.61795043945312,71.29757690429688,25.36815643310547,2
13:14:57.566,4.718385696411133,501.8067932128906,31.987415313720703,50.277854919433594,22.297861099243164,77.68824768066406,2
13:14:57.566,2.1440677642822266,508.4443054199219,31.653823852539062,25.604333877563477,74.38177490234375,28.327312469482422,2
13:14:57.566,5.767534255981445,503.3715515136719,31.90693473815918,77.61878204345703,22.367324829101562,49.61100387573242,2
13:14:57.566,3.096359968185425,501.12744140625,32.018035888671875,25.382051467895508,74.60405731201172,72.10336303710938,2
13:14:57.566,0.4305116832256317,493.876220703125,32.38055419921875,77.91053009033203,45.48485565185547,22.075576782226562,2
13:14:57.566,4.060624599456787,496.01898193359375,32.27342224121094,24.2011661529541,31.342039108276367,75.78494262695312,2
13:14:57.566,1.4955737590789795,508.6753234863281,31.641773223876953,53.55654525756836,77.31314086914062,22.672964096069336,2
13:14:57.566,5.093032360076904,499.54730224609375,32.09730911254883,67.87996673583984,24.187274932861328,75.79883575439453,2
13:14:57.566,2.4449915885925293,496.4843444824219,32.251258850097656,22.478466033935547,77.50763702392578,41.66434860229492,2
13:14:57.566,6.12013053894043,501.9105529785156,31.981109619140625,75.90997314453125,24.07613182067871,33.06473922729492,2
13:14:57.567,3.4418528079986572,500.3446350097656,32.06059646606445,22.92303466796875,60.641841888427734,77.06307220458984,2
13:14:57.567,0.7343341708183289,491.94512939453125,32.48252868652344,77.50763702392578,60.183380126953125,22.478466033935547,2
13:14:57.567,4.44796895980835,499.2991943359375,32.1143684387207,37.39927673339844,23.14531707763672,76.84078979492188,2
13:14:57.567,1.8547537326812744,506.1763000488281,31.77033233642578,36.63517379760742,76.41011810302734,23.575992584228516,2
13:14:57.567,5.479654312133789,501.7107849121094,31.99317741394043,76.6185073852539,23.36760139465332,63.25368118286133,2
13:14:57.567,2.8033447265625,497.8670959472656,32.185760498046875,22.60350227355957,77.38260650634766,58.891357421875,2
13:14:57.567,0.19001491367816925,491.9751892089844,32.48097610473633,76.57682800292969,34.0372314453125,23.40928077697754,2
13:14:57.567,3.842235565185547,502.35699462890625,31.96058464050293,22.742427825927734,41.55320739746094,77.24368286132812,2
13:14:57.567,1.2006269693374634,502.7111511230469,31.942834854125977,67.32425689697266,75.78494262695312,24.2011661529541,2
13:14:57.567,4.835322856903076,498.09954833984375,32.17411804199219,55.9044189453125,22.33953857421875,77.64656829833984,2
13:14:57.567,2.260763168334961,496.54400634765625,32.250579833984375,23.82606315612793,76.16004180908203,33.07863235473633,2
13:14:57.567,5.8826069831848145,500.5311584472656,32.05158996582031,77.5354232788086,22.450681686401367,44.0955810546875,2
13:14:57.567,3.212616443634033,501.4852294921875,32.003543853759766,25.062517166137695,70.9780502319336,74.92359161376953,2
13:14:57.567,0.5634070634841919,495.04638671875,32.32436752319336,77.96610260009766,51.91720199584961,22.02000617980957,2
13:14:57.567,4.262732982635498,498.14776611328125,32.16874694824219,29.02195167541504,24.909696578979492,75.07640838623047,2
13:14:57.567,1.6796966791152954,507.7883605957031,31.687410354614258,44.8318977355957,77.2714614868164,22.714643478393555,2
13:14:57.567,5.301147937774658,502.47503662109375,31.95144271850586,74.81244659423828,25.17365837097168,71.20033264160156,2
13:14:57.567,2.630307674407959,496.70538330078125,32.23957061767578,22.075576782226562,77.91053009033203,50.583492279052734,2
13:14:57.567,0.04493625834584236,502.3895263671875,31.954654693603516,74.5623779296875,27.91053009033203,25.423728942871094,2
13:14:57.567,3.6761903762817383,501.2840270996094,32.00883102416992,22.27007484436035,49.45818328857422,77.71603393554688,2
13:14:57.567,0.9659239649772644,505.9830017089844,31.774568557739258,74.8680191040039,70.3945541381836,25.118087768554688,2
13:14:57.567,4.663054466247559,499.1201171875,32.11711120605469,47.61044692993164,22.21450424194336,77.7716064453125,2
13:14:57.894,2.0855956077575684,508.3173522949219,31.656909942626953,26.61850357055664,73.85385131835938,26.132259368896484,2
13:14:57.894,5.69066047668457,502.6623840332031,31.939889907836914,77.59099578857422,22.395111083984375,53.292579650878906,2
13:14:57.894,2.980031967163086,496.61279296875,32.24323654174805,23.881633758544922,76.10447692871094,67.1297607421875,2
13:14:57.894,0.34657952189445496,493.0325622558594,32.42325973510742,77.63267517089844,41.42817687988281,22.353431701660156,2
13:14:57.894,4.006075382232666,499.99072265625,32.0766487121582,23.812170028686523,33.91219711303711,76.17393493652344,2
13:14:57.894,1.3950815200805664,507.4248962402344,31.706701278686523,58.307861328125,77.03529357910156,22.95081901550293,2
13:14:57.894,5.000784397125244,500.11651611328125,32.07173156738281,63.67046356201172,23.36760139465332,76.6185073852539,2
13:14:57.894,2.3835647106170654,497.99969482421875,32.17703628540039,22.895248413085938,77.09085845947266,38.774662017822266,2
13:14:57.894,6.0280351638793945,502.0630187988281,31.97403907775879,76.6879653930664,23.298137664794922,37.27424240112305,2
13:14:57.894,3.3558883666992188,499.7557678222656,32.08991622924805,23.520421981811523,64.64295196533203,76.46568298339844,2
13:14:57.894,0.6525960564613342,492.02520751953125,32.47760009765625,77.88274383544922,56.265628814697266,22.103361129760742,2
13:14:57.894,4.38848876953125,499.30316162109375,32.1114501953125,34.66240692138672,23.631563186645508,76.35454559326172,2
13:14:57.894,1.7797037363052368,504.4313049316406,31.854595184326172,40.0805778503418,76.9797134399414,23.006389617919922,2
13:14:57.894,5.410788059234619,503.1497802734375,31.919525146484375,75.96554565429688,24.02056121826172,66.35176849365234,2
13:14:57.894,2.7500033378601074,497.8266296386719,32.18490219116211,22.367324829101562,77.61878204345703,56.34898376464844,2
13:14:57.894,0.14830462634563446,491.3233337402344,32.50975799560547,76.18782806396484,32.120033264160156,23.79827880859375,2
13:14:57.894,3.785658597946167,502.0957336425781,31.970447540283203,22.50625228881836,44.2345085144043,77.4798583984375,2
13:14:57.894,1.1360254287719727,504.7518310546875,31.83767318725586,70.1028060913086,75.00694274902344,24.97916030883789,2
13:14:57.894,4.7800984382629395,497.3837585449219,32.20552444458008,53.26479721069336,22.172826766967773,77.81327819824219,2
13:14:57.894,2.217815399169922,499.99932861328125,32.0742073059082,24.409557342529297,75.57655334472656,31.24479103088379,2
13:14:57.895,5.844085693359375,501.8103332519531,31.983396530151367,77.59099578857422,22.395111083984375,45.94331741333008,2
13:14:57.895,3.172947883605957,501.6981201171875,31.988725662231445,25.576549530029297,72.67296600341797,74.40955352783203,2
13:14:57.895,0.4890199601650238,491.60076904296875,32.4930534362793,78.1189193725586,48.305084228515625,21.867185592651367,2
13:14:57.895,4.2135329246521,498.8012390136719,32.13102340698242,26.938039779663086,25.56265640258789,74.42344665527344,2
13:14:57.895,1.6009232997894287,508.0548095703125,31.668163299560547,48.56904602050781,77.41039276123047,22.575716018676758,2
13:14:57.895,5.202392101287842,502.5050048828125,31.94569969177246,72.54792785644531,25.576549530029297,74.40955352783203,2
13:14:57.895,2.5605549812316895,499.9744567871094,32.07136917114258,22.27007484436035,77.71603393554688,47.23534393310547,2
13:14:57.895,6.213715553283691,501.25115966796875,32.00690460205078,74.89580535888672,25.090303421020508,28.938594818115234,2
13:14:57.895,3.5556483268737793,500.4193420410156,32.05052947998047,22.40900230407715,55.251461029052734,77.57710266113281,2
13:14:57.895,0.8441515564918518,493.2215270996094,32.412227630615234,76.63240051269531,65.309814453125,23.353710174560547,2
13:14:57.895,4.564586639404297,498.22686767578125,32.160667419433594,42.88691329956055,22.450681686401367,77.5354232788086,2
13:14:57.895,1.9680073261260986,505.76824951171875,31.78486442565918,31.550430297851562,75.38204956054688,24.60405731201172,2
13:14:57.895,5.563544273376465,501.2600402832031,32.01118087768555,77.1881103515625,22.797998428344727,59.349815368652344,2
13:14:57.895,2.914311647415161,498.57763671875,32.14443588256836,23.36760139465332,76.6185073852539,64.07335662841797,2
13:14:57.895,0.26256534457206726,492.07958984375,32.46892166137695,77.16032409667969,37.42706298828125,22.82578468322754,2
13:14:57.895,3.915794849395752,498.484130859375,32.14883041381836,23.02028465270996,38.0383415222168,76.96582794189453,2
13:14:57.897,1.2914332151412964,507.72430419921875,31.68743133544922,63.100860595703125,76.3684310913086,23.617671966552734,2
13:14:57.897,4.945308208465576,499.8094482421875,32.081687927246094,61.100303649902344,22.964712142944336,77.02139282226562,2
13:14:57.898,2.3243649005889893,497.81463623046875,32.180885314941406,23.312030792236328,76.674072265625,36.023895263671875,2
13:14:57.898,6.010048866271973,503.73974609375,31.88450813293457,76.74353790283203,23.24256706237793,38.13559341430664,2
13:14:57.898,3.3186349868774414,500.3557434082031,32.053977966308594,23.881633758544922,66.323974609375,76.10447692871094,2
13:14:57.898,0.6481920480728149,493.3972473144531,32.40291976928711,77.841064453125,56.029449462890625,22.14504051208496,2
13:14:57.898,4.35885763168335,501.153076171875,32.01429748535156,33.37038040161133,23.978883743286133,76.0072250366211,2
13:14:57.898,1.778078556060791,508.07647705078125,31.667301177978516,40.219505310058594,76.82689666748047,23.159210205078125,2
13:14:57.898,5.3617730140686035,501.60223388671875,31.990543365478516,75.53486633300781,24.451236724853516,68.58849334716797,2
13:14:57.898,2.750730276107788,500.1966857910156,32.05991744995117,22.478466033935547,77.50763702392578,56.36288070678711,2
13:14:57.898,0.1199636235833168,492.9105529785156,32.42363739013672,75.81272888183594,30.897470474243164,24.173381805419922,2
13:14:57.898,3.7657625675201416,501.4716796875,31.995203018188477,22.422895431518555,45.17921447753906,77.56321716308594,2
13:14:57.898,1.0912072658538818,507.63409423828125,31.6873722076416,71.9227523803711,74.34009552001953,25.646013259887695,2
13:14:57.898,4.782907009124756,499.254638671875,32.10382080078125,53.389827728271484,22.256181716918945,77.72991943359375,2
13:14:57.898,2.2079520225524902,498.5872802734375,32.135196685791016,24.46512794494629,75.52098083496094,30.772436141967773,2
13:14:57.898,5.823026657104492,502.86785888671875,31.921937942504883,77.57710266113281,22.40900230407715,46.95748519897461,2
13:14:57.898,3.131364345550537,500.81060791015625,32.02431106567383,25.840511322021484,74.14559936523438,73.58988189697266,2
13:14:57.898,0.48053646087646484,493.7320251464844,32.378318786621094,78.00778198242188,47.90219497680664,21.97832679748535,2
13:14:57.898,4.154843330383301,500.21807861328125,32.055442810058594,25.493192672729492,27.382606506347656,74.49291229248047,2
13:14:57.898,1.524598479270935,503.7250061035156,31.882112503051758,52.19505310058594,77.57710266113281,22.40900230407715,2
13:14:57.898,5.146702289581299,498.6499328613281,32.13627243041992,70.28341674804688,24.742984771728516,75.24311828613281,2
13:14:57.898,2.4996016025543213,494.5263671875,32.343421936035156,22.172826766967773,77.81327819824219,44.26229476928711,2
13:14:57.898,6.155920028686523,499.25762939453125,32.10816192626953,75.64601135253906,24.34009552001953,31.397611618041992,2
13:14:57.898,3.5259852409362793,500.7545471191406,32.0330696105957,22.520143508911133,56.654624938964844,77.4659652709961,2
13:14:57.899,0.7903572916984558,491.45513916015625,32.49989700317383,77.14643096923828,62.83689880371094,22.839677810668945,2
13:14:57.899,4.522530555725098,499.4541015625,32.098854064941406,40.90024948120117,22.70075035095215,77.28535461425781,2
13:14:57.899,1.9313995838165283,507.2793884277344,31.70723533630371,33.217559814453125,75.68769073486328,24.298416137695312,2
13:14:57.899,5.544886589050293,500.8611755371094,32.02757263183594,77.09085845947266,22.895248413085938,60.22506332397461,2
13:14:57.899,2.8534228801727295,495.9374694824219,32.274879455566406,22.811893463134766,77.1742172241211,61.28091049194336,2
13:14:57.899,0.25332924723625183,493.5723876953125,32.39347839355469,77.02139282226562,37.024173736572266,22.964712142944336,2
13:14:57.899,3.896019220352173,499.6524353027344,32.08946228027344,22.936925888061523,38.98305130004883,77.04917907714844,2
13:14:57.899,1.268081545829773,507.07733154296875,31.71955108642578,64.17060852050781,76.21561431884766,23.770492553710938,2
13:14:57.899,4.947131633758545,503.84930419921875,31.879186630249023,61.11419677734375,23.14531707763672,76.84078979492188,2
13:14:58.261,2.3060238361358643,499.50201416015625,32.05773162841797,23.575992584228516,76.41011810302734,35.23200607299805,2
13:14:58.261,5.974058151245117,502.44256591796875,31.80890655517578,76.91024780273438,23.075855255126953,39.84440231323242,2
13:14:58.261,3.3128552436828613,499.9412536621094,31.82950782775879,24.11781120300293,66.46290588378906,75.86829376220703,2
13:14:58.261,0.6046013236045837,491.57745361328125,32.14291000366211,77.74382019042969,53.88997268676758,22.242290496826172,2
13:14:58.261,4.300535202026367,499.31585693359375,31.647323608398438,30.994718551635742,24.881912231445312,75.10419464111328,2
13:14:58.261,1.679914116859436,505.1672058105469,31.246061325073242,44.88746643066406,76.89635467529297,23.089746475219727,2
13:14:58.261,5.237503528594971,499.0268249511719,31.443471908569336,73.58988189697266,26.396221160888672,73.52042388916016,2
13:14:58.261,2.576195478439331,494.6686096191406,31.550203323364258,22.686857223510742,77.29924774169922,48.01333999633789,2
13:14:58.261,6.19050931930542,497.5281982421875,31.297531127929688,74.61795043945312,25.36815643310547,30.383440017700195,2
13:14:58.261,3.438133716583252,492.3795166015625,31.44293975830078,23.46485137939453,60.61405944824219,76.52125549316406,2
13:14:58.261,0.6956344842910767,486.44696044921875,31.627975463867188,76.9797134399414,58.113365173339844,23.006389617919922,2
13:14:58.261,4.3233537673950195,487.7643737792969,31.449567794799805,32.10614013671875,24.798555374145508,75.18755340576172,2
13:14:58.261,1.632688045501709,495.9786376953125,30.925817489624023,47.124202728271484,76.72965240478516,23.256460189819336,2
13:14:58.261,5.182492256164551,489.27392578125,31.14472198486328,71.15865325927734,25.9516544342041,74.03445434570312,2
13:14:58.261,2.4447944164276123,484.36871337890625,31.274063110351562,23.312030792236328,76.674072265625,41.91442108154297,2
13:14:58.261,6.013613224029541,488.6391906738281,30.943235397338867,75.92386627197266,24.062240600585938,38.33009338378906,2
13:14:58.261,3.234408378601074,487.50372314453125,30.880840301513672,25.68769073486328,69.33869934082031,74.29841613769531,2
13:14:58.261,0.45485401153564453,478.8570861816406,31.193401336669922,76.93804168701172,46.77688217163086,23.04806900024414,2
13:14:58.262,4.014492034912109,484.3323059082031,30.799400329589844,24.937482833862305,34.1761589050293,75.04862213134766,2
13:14:58.262,1.2582037448883057,491.6886901855469,30.310714721679688,63.976104736328125,74.96527099609375,25.020837783813477,2
13:14:58.262,4.780865669250488,482.6221923828125,30.638656616210938,53.1397590637207,23.520421981811523,76.46568298339844,2
13:14:58.262,2.0292768478393555,485.9491882324219,30.348968505859375,29.841623306274414,73.56210327148438,26.42400550842285,2
13:14:58.262,5.505460739135742,482.53558349609375,30.395490646362305,75.46540832519531,24.520700454711914,61.46151351928711,2
13:14:58.262,2.685908317565918,476.5224304199219,30.570621490478516,23.575992584228516,76.41011810302734,53.09808349609375,2
13:14:58.262,6.191989421844482,477.90631103515625,30.37542724609375,73.88162994384766,26.104473114013672,30.897470474243164,2
13:14:58.262,3.3490469455718994,478.675537109375,30.210851669311523,25.131982803344727,64.08724975585938,74.8541259765625,2
13:14:58.262,0.5059154629707336,470.2306823730469,30.503923416137695,76.41011810302734,49.180328369140625,23.575992584228516,2
13:14:58.262,4.015032768249512,474.2379455566406,30.17363739013672,25.451513290405273,34.4818000793457,74.53459167480469,2
13:14:58.262,1.1542848348617554,480.5917053222656,29.728281021118164,68.03279113769531,73.53431701660156,26.451793670654297,2
13:14:58.262,4.624783515930176,472.841796875,29.982709884643555,46.05445861816406,24.131702423095703,75.85440063476562,2
13:14:58.262,1.8123785257339478,478.69793701171875,29.55834197998047,39.38594055175781,74.8541259765625,25.131982803344727,2
13:14:58.262,5.1969804763793945,470.5590515136719,29.831432342529297,70.83912658691406,27.132537841796875,72.85356903076172,2
13:14:58.262,2.3394527435302734,468.9428405761719,29.778425216674805,25.201446533203125,74.78466033935547,37.704917907714844,2
13:14:58.262,5.755540370941162,469.3293762207031,29.623865127563477,75.64601135253906,24.34009552001953,50.16671371459961,2
13:14:58.262,2.8394784927368164,465.9439392089844,29.65784454345703,24.937482833862305,75.04862213134766,59.7666015625,2
13:14:58.262,6.255496025085449,467.6106872558594,29.439468383789062,72.42289733886719,27.56321144104004,28.98027229309082,2
13:14:58.262,3.3069634437561035,463.6884765625,29.49854278564453,26.062795639038086,65.50430297851562,73.9233169555664,2
13:14:58.627,0.36843764781951904,457.84759521484375,29.652936935424805,75.36815643310547,43.12308883666992,24.617948532104492,2
13:14:58.627,3.7482824325561523,462.7708740234375,29.269969940185547,24.72909164428711,46.34620666503906,75.25701904296875,2
13:14:58.628,0.7669497728347778,455.94378662109375,29.473527908325195,74.7707748413086,60.641841888427734,25.215335845947266,2
13:14:58.628,4.178287506103516,461.1344299316406,29.073699951171875,28.063350677490234,28.59127426147461,71.9227523803711,2
13:14:58.628,1.2109425067901611,464.67071533203125,28.757896423339844,65.18476867675781,73.29814147949219,26.68796730041504,2
13:14:58.628,4.560253620147705,458.3486022949219,28.930721282958984,43.41483688354492,25.229230880737305,74.75688171386719,2
13:14:58.628,1.6266374588012695,463.3866882324219,28.536731719970703,47.61044692993164,74.67352294921875,25.31258773803711,2
13:14:58.628,4.879752159118652,452.5185241699219,28.93519401550293,57.22422790527344,25.284799575805664,74.70130157470703,2
13:14:58.628,1.9374022483825684,457.7373046875,28.531234741210938,34.64851379394531,73.06195831298828,26.924144744873047,2
13:14:58.628,5.208134651184082,454.51812744140625,28.5471248626709,70.36676788330078,28.243955612182617,71.74215698242188,2
13:14:58.628,2.2522835731506348,449.2705993652344,28.662925720214844,26.813003540039062,73.17310333251953,34.6207275390625,2
13:14:58.628,5.478400230407715,450.78173828125,28.440881729125977,73.65934753417969,26.326757431030273,61.83662414550781,2
13:14:58.628,2.437865972518921,445.4626159667969,28.56024169921875,25.6599063873291,74.32620239257812,42.31731033325195,2
13:14:58.628,5.7425537109375,450.23577880859375,28.213111877441406,74.42344665527344,25.56265640258789,50.708534240722656,2
13:14:58.628,2.6671416759490967,443.9856262207031,28.47826385498047,25.354267120361328,74.63184356689453,52.09780502319336,2
13:14:58.628,5.927550315856934,444.95721435546875,28.383882522583008,74.22895812988281,25.75715446472168,42.87302017211914,2
13:14:58.628,2.8376593589782715,441.4645080566406,28.514440536499023,25.896081924438477,74.09002685546875,59.30813980102539,2
13:14:58.628,6.121912956237793,444.5614013671875,28.314334869384766,72.92303466796875,27.063072204589844,34.94026184082031,2
13:14:58.628,3.0607855319976807,442.95306396484375,28.35141372680664,27.813282012939453,72.1728286743164,68.21339416503906,2
13:14:58.628,0.013493712991476059,443.57855224609375,28.278085708618164,71.36705017089844,29.285913467407227,28.619060516357422,2
13:14:58.628,3.2206552028656006,441.80767822265625,28.32346534729004,27.854961395263672,68.26895904541016,72.13114166259766,2
13:14:58.628,0.16293349862098694,435.47998046875,28.59748649597168,73.15921020507812,34.856903076171875,26.82689666748047,2
13:14:58.628,3.3785181045532227,442.7621765136719,28.190921783447266,26.576826095581055,61.94776153564453,73.40928649902344,2
13:14:58.628,0.3039100468158722,435.5204772949219,28.510757446289062,74.09002685546875,40.67796325683594,25.896081924438477,2
13:14:58.628,3.5492589473724365,442.17767333984375,28.135425567626953,25.78493881225586,54.87635803222656,74.20116424560547,2
13:14:58.628,0.42917487025260925,434.29351806640625,28.489120483398438,74.5623779296875,45.957210540771484,25.423728942871094,2
13:14:58.628,3.647700548171997,437.91796875,28.26706886291504,25.520977020263672,50.73631286621094,74.46513366699219,2
13:14:58.628,0.5328677892684937,432.81103515625,28.483531951904297,74.65962982177734,50.38899612426758,25.326478958129883,2
13:14:58.628,3.7918882369995117,439.6784973144531,28.098562240600586,25.854402542114258,44.665184020996094,74.13170623779297,2
13:14:58.628,0.682427167892456,434.6868896484375,28.308650970458984,74.20116424560547,56.71019744873047,25.78493881225586,2
13:14:58.628,3.917189121246338,439.083740234375,28.05070686340332,26.46568489074707,39.4970817565918,73.52042388916016,2
13:14:58.628,0.7742148041725159,433.116455078125,28.31171989440918,73.74270629882812,60.530704498291016,26.24340057373047,2
13:14:58.628,4.032099723815918,438.9256286621094,27.9813289642334,27.36871337890625,34.94026184082031,72.61739349365234,2
13:14:58.628,0.8970819711685181,433.7520751953125,28.203218460083008,72.7285385131836,65.43484497070312,27.257570266723633,2
13:14:58.628,4.145351409912109,439.19268798828125,27.891698837280273,28.56348991394043,30.661293029785156,71.42261505126953,2
13:14:58.628,0.9981919527053833,443.2465515136719,27.652250289916992,71.29757690429688,68.94970703125,28.688522338867188,2
13:14:59.268,4.25398588180542,436.1969909667969,27.965028762817383,31.425395965576172,28.271739959716797,71.71436309814453,2
13:14:59.268,1.1104168891906738,441.1394958496094,27.68216323852539,68.43567657470703,71.46429443359375,28.521812438964844,2
13:14:59.268,4.311895847320557,435.2786560058594,27.937881469726562,33.64823532104492,27.716032028198242,72.27008056640625,2
13:14:59.268,1.2182892560958862,442.3426513671875,27.549331665039062,64.25395965576172,72.38121795654297,27.604888916015625,2
13:14:59.268,4.3896989822387695,435.12921142578125,27.87265396118164,36.732425689697266,27.10474967956543,72.88135528564453,2
13:14:59.268,1.2915681600570679,438.3175964355469,27.678495407104492,61.43373107910156,73.03417205810547,26.951929092407227,2
13:14:59.268,4.449966907501221,433.91546630859375,27.8636474609375,39.14976501464844,26.68796730041504,73.29814147949219,2
13:14:59.268,1.360506296157837,437.754638671875,27.63727569580078,58.64128875732422,73.3953857421875,26.59071922302246,2
13:14:59.268,4.536552429199219,436.3365478515625,27.673471450805664,42.734092712402344,26.396221160888672,73.58988189697266,2
13:14:59.268,1.4205418825149536,438.5174255371094,27.530914306640625,56.16837692260742,73.56210327148438,26.42400550842285,2
13:14:59.268,4.585102558135986,435.9674987792969,27.623912811279297,44.734649658203125,26.257293701171875,73.72881317138672,2
13:14:59.268,1.46090829372406,436.0901794433594,27.584619522094727,54.52903366088867,73.74270629882812,26.24340057373047,2
13:14:59.268,4.580536842346191,429.9363098144531,27.85931968688965,44.498470306396484,26.076688766479492,73.90941619873047,2
13:14:59.268,1.5066442489624023,437.89453125,27.429759979248047,52.625728607177734,73.7010269165039,26.285079956054688,2
13:14:59.268,4.633634567260742,432.8455810546875,27.64885902404785,46.73520278930664,26.118364334106445,73.86773681640625,2
13:14:59.268,1.540738582611084,437.6723327636719,27.375593185424805,51.222564697265625,73.6871337890625,26.298973083496094,2
13:14:59.268,4.65244722366333,432.1348876953125,27.61988639831543,47.51319885253906,26.118364334106445,73.86773681640625,2
13:14:59.268,1.538737177848816,436.2967529296875,27.380443572998047,51.3059196472168,73.6871337890625,26.298973083496094,2
13:14:59.268,4.65402889251709,430.532958984375,27.63637351989746,47.56876754760742,26.104473114013672,73.88162994384766,2
13:14:59.268,1.555762529373169,436.35089111328125,27.31481170654297,50.61128234863281,73.64545440673828,26.340652465820312,2
13:14:59.268,4.627811431884766,429.3284606933594,27.635751724243164,46.48513412475586,26.14615249633789,73.83995819091797,2
13:14:59.268,1.5524338483810425,438.2780456542969,27.157777786254883,50.73631286621094,73.50653076171875,26.479578018188477,2
13:14:59.268,4.634119510650635,430.6355895996094,27.508220672607422,46.76299285888672,26.24340057373047,73.74270629882812,2
13:14:59.268,1.4918462038040161,431.7824401855469,27.42154884338379,53.23700714111328,73.6732406616211,26.312864303588867,2
13:14:59.268,4.578972339630127,426.0844421386719,27.677797317504883,44.47068405151367,26.229507446289062,73.75659942626953,2
13:14:59.268,1.4877312183380127,434.2869873046875,27.2387638092041,53.389827728271484,73.50653076171875,26.479578018188477,2
13:14:59.268,4.588994026184082,429.1096496582031,27.467578887939453,44.915252685546875,26.382328033447266,73.6037826538086,2
13:14:59.268,1.4733045101165771,433.68231201171875,27.210811614990234,53.959434509277344,73.45095825195312,26.535146713256836,2
13:14:59.268,4.556590557098389,428.5210876464844,27.440048217773438,43.609336853027344,26.521257400512695,73.46485137939453,2
13:14:59.268,1.4502530097961426,435.3584289550781,27.06972885131836,54.87635803222656,73.27034759521484,26.715755462646484,2
13:14:59.268,4.513626575469971,426.6148681640625,27.477479934692383,41.858848571777344,26.66018295288086,73.325927734375,2
13:14:59.268,1.3857265710830688,432.0716857910156,27.17730712890625,57.488189697265625,73.13142395019531,26.85468292236328,2
13:14:59.268,4.468928813934326,426.773193359375,27.414594650268555,40.0805778503418,26.951929092407227,73.03417205810547,2
13:14:59.268,1.3411308526992798,433.61590576171875,27.04586410522461,59.22478485107422,72.79800415039062,27.188106536865234,2
13:14:59.523,4.429659843444824,426.9450378417969,27.35102081298828,38.55237579345703,27.24367904663086,72.74242401123047,2
13:14:59.523,1.2672709226608276,430.0657043457031,27.169021606445312,62.170047760009766,72.45067596435547,27.53542709350586,2
13:14:59.523,4.3655900955200195,425.48590087890625,27.371307373046875,36.03778839111328,27.70214080810547,72.28396606445312,2
13:14:59.523,1.2145576477050781,430.0166320800781,27.118703842163086,64.18449401855469,72.00611114501953,27.97999382019043,2
13:14:59.523,4.314162731170654,427.3591613769531,27.22544288635254,34.162269592285156,28.257850646972656,71.72825622558594,2
13:14:59.523,1.120558738708496,430.5892028808594,27.03917694091797,67.64379119873047,71.0752944946289,28.910810470581055,2
13:14:59.523,4.248604774475098,428.0144348144531,27.141544342041016,31.786609649658203,28.966379165649414,71.01972961425781,2
13:14:59.523,1.0259506702423096,427.9101257324219,27.12164306640625,70.57515716552734,69.57488250732422,29.410945892333984,2
13:14:59.523,4.160163402557373,424.6397705078125,27.26004409790039,29.216449737548828,30.564044952392578,70.7696533203125,2
13:14:59.523,0.9145132899284363,419.2769470214844,27.505403518676758,72.02000427246094,65.71269989013672,27.966102600097656,2
13:14:59.523,4.065269470214844,423.9129333496094,27.247722625732422,28.257850646972656,34.07891082763672,71.72825622558594,2
13:14:59.523,0.8058003187179565,417.5923156738281,27.541475296020508,72.89524841308594,61.503196716308594,27.090858459472656,2
13:14:59.523,3.9709153175354004,424.91168212890625,27.14996337890625,27.577104568481445,37.732704162597656,72.40900421142578,2
13:14:59.523,0.718434751033783,418.0759582519531,27.468061447143555,73.325927734375,57.97444152832031,26.66018295288086,2
13:14:59.523,3.8605005741119385,423.3233642578125,27.180856704711914,26.896360397338867,42.08113098144531,73.08975219726562,2
13:14:59.523,0.6277322769165039,418.2823181152344,27.409963607788086,73.6037826538086,54.26507568359375,26.382328033447266,2
13:14:59.523,3.717235803604126,420.3509826660156,27.28363037109375,26.396221160888672,47.86051940917969,73.58988189697266,2
13:14:59.523,0.49610328674316406,416.2689208984375,27.46568489074707,73.77049255371094,48.86079406738281,26.21561622619629,2
13:14:59.523,3.6219112873077393,422.9642028808594,27.107324600219727,26.535146713256836,51.75048828125,73.45095825195312,2
13:14:59.523,0.42072850465774536,418.9073486328125,27.28670883178711,73.49263763427734,45.790496826171875,26.493471145629883,2
13:14:59.524,3.5002756118774414,423.1091003417969,27.055835723876953,26.88246726989746,56.654624938964844,73.10364532470703,2
13:14:59.524,0.2908444106578827,417.669921875,27.305980682373047,73.00639343261719,40.539039611816406,26.979717254638672,2
13:14:59.524,3.382101058959961,422.46405029296875,27.044530868530273,27.50764274597168,61.32258605957031,72.47846984863281,2
13:14:59.524,0.17074686288833618,416.94732666015625,27.298749923706055,72.1728286743164,35.84328842163086,27.813282012939453,2
13:14:59.524,3.2356269359588623,421.4145202636719,27.053485870361328,28.688522338867188,66.89358520507812,71.29757690429688,2
13:14:59.524,0.08470495045185089,416.0382995605469,27.299989700317383,71.39482879638672,32.592384338378906,28.59127426147461,2
13:14:59.524,3.123440742492676,422.7414245605469,26.94266700744629,29.577659606933594,70.408447265625,69.56098937988281,2
13:14:59.524,6.247692108154297,422.8056335449219,26.91724967956543,70.57515716552734,29.410945892333984,31.064186096191406,2
13:14:59.524,2.9803884029388428,419.2016906738281,27.076791763305664,28.063350677490234,71.9227523803711,64.39289093017578,2
13:14:59.524,6.106111526489258,422.3146667480469,26.90037727355957,71.90885925292969,28.07724380493164,36.28786087036133,2
13:14:59.761,2.827791213989258,418.4170227050781,27.074968338012695,27.063072204589844,72.92303466796875,58.4467887878418,2
13:14:59.761,5.917048454284668,420.44805908203125,26.95342254638672,73.04806518554688,26.938039779663086,43.65101623535156,2
13:14:59.761,2.687960624694824,418.1946716308594,27.04640769958496,26.63239860534668,73.35370635986328,52.83412170410156,2
13:14:59.761,5.789682388305664,421.99334716796875,26.83694839477539,73.22867584228516,26.757434844970703,48.777435302734375,2
13:14:59.761,2.554053544998169,418.7466125488281,26.979217529296875,26.674076080322266,73.3120346069336,47.40205764770508,2
13:14:59.761,5.62908411026001,419.3846435546875,26.927461624145508,73.1175308227539,26.868576049804688,55.251461029052734,2
13:14:59.761,2.3977131843566895,417.08148193359375,27.02324676513672,27.160322189331055,72.8257827758789,41.13642501831055,2
13:14:59.762,5.463822364807129,419.16912841796875,26.899078369140625,72.27008056640625,27.716032028198242,61.753265380859375,2
13:14:59.762,2.2517454624176025,418.4188232421875,26.917875289916992,28.230064392089844,71.75604248046875,35.53764724731445,2
13:14:59.762,5.255895137786865,419.1753234863281,26.86252212524414,70.36676788330078,29.619338989257812,69.43595123291016,2
13:14:59.762,2.103137254714966,423.44793701171875,26.630056381225586,29.92498016357422,70.06112670898438,30.327869415283203,2
13:14:59.762,5.081831932067871,417.40240478515625,26.91482925415039,64.57349395751953,28.257850646972656,71.72825622558594,2
13:14:59.762,1.9113397598266602,422.4593505859375,26.644092559814453,36.649070739746094,71.74215698242188,28.243955612182617,2
13:14:59.762,4.89746618270874,417.56787109375,26.871610641479492,57.40483474731445,27.11864471435547,72.86746215820312,2
13:14:59.762,1.7199294567108154,423.1756896972656,26.573232650756836,44.06779861450195,72.75631713867188,27.229785919189453,2
13:14:59.762,4.712226390838623,417.25927734375,26.850872039794922,49.986106872558594,26.743539810180664,73.24256896972656,2
13:14:59.762,1.525667428970337,422.357666015625,26.57823944091797,51.79216384887695,72.99250030517578,26.993608474731445,2
13:14:59.762,4.5047173500061035,416.38946533203125,26.859912872314453,41.692138671875,27.229785919189453,72.75631713867188,2
13:14:59.762,1.2953704595565796,423.4024963378906,26.4925537109375,60.79466247558594,72.07557678222656,27.91053009033203,2
13:14:59.762,4.32819938659668,417.6562194824219,26.761125564575195,34.95415496826172,28.507917404174805,71.47818756103516,2
13:14:59.762,1.0470178127288818,417.5787048339844,26.748729705810547,70.06112670898438,70.04723358154297,29.92498016357422,2
13:14:59.762,4.125775337219238,417.1633605957031,26.753347396850586,29.24423599243164,32.161712646484375,70.74187469482422,2
13:14:59.762,0.8243491649627686,411.7574768066406,27.008403778076172,72.33953857421875,61.989437103271484,27.646568298339844,2
13:14:59.762,3.9253859519958496,417.65631103515625,26.6960506439209,27.646568298339844,39.69158172607422,72.33953857421875,2
13:14:59.762,0.6276430487632751,411.5085754394531,26.987607955932617,73.24256896972656,54.195613861083984,26.743539810180664,2
13:14:59.762,3.7054712772369385,416.7755432128906,26.707181930541992,26.88246726989746,48.374549865722656,73.10364532470703,2
13:14:59.995,0.4414779245853424,411.8670959472656,26.93604278564453,73.24256896972656,46.67963409423828,26.743539810180664,2
13:14:59.995,3.5180201530456543,417.8310241699219,26.62042808532715,27.188106536865234,55.84885025024414,72.79800415039062,2
13:14:59.995,0.2538164258003235,411.0942077636719,26.940908432006836,72.47846984863281,39.2192268371582,27.50764274597168,2
13:14:59.995,3.2752015590667725,414.6993103027344,26.745702743530273,28.56348991394043,65.24034881591797,71.42261505126953,2
13:14:59.995,0.09069374203681946,417.7104187011719,26.57917022705078,70.89469146728516,33.27313232421875,29.091415405273438,2
13:14:59.995,3.044433116912842,413.73809814453125,26.762767791748047,28.896915435791016,71.08918762207031,66.60183715820312,2
13:14:59.996,6.124302864074707,415.7598571777344,26.6457576751709,71.54765319824219,28.43845558166504,35.732147216796875,2
13:14:59.996,2.8310203552246094,413.38555908203125,26.75014877319336,27.354822158813477,72.63128662109375,58.47457504272461,2
13:14:59.996,5.923696994781494,417.6755065917969,26.520870208740234,72.65907287597656,27.32703399658203,43.49819564819336,2
13:14:59.996,2.608598232269287,412.19775390625,26.7797794342041,26.799110412597656,73.18699645996094,49.61100387573242,2
13:14:59.996,5.685688495635986,414.7247009277344,26.638526916503906,73.00639343261719,26.979717254638672,52.94526290893555,2
13:14:59.996,2.387117624282837,411.6295166015625,26.779537200927734,27.410390853881836,72.57572174072266,40.803001403808594,2
13:14:59.996,5.448150634765625,414.0851135253906,26.641773223876953,71.95054626464844,28.035566329956055,62.23950958251953,2
13:14:59.996,2.18385648727417,412.53765869140625,26.70555877685547,29.008058547973633,70.9780502319336,33.14809799194336,2
13:14:59.996,5.160767555236816,411.39544677734375,26.750350952148438,67.39372253417969,29.119199752807617,70.86690521240234,2
13:14:59.996,1.9472312927246094,417.124267578125,26.450414657592773,35.41261672973633,71.29757690429688,28.688522338867188,2
13:14:59.996,4.951228141784668,413.8128967285156,26.60236930847168,59.43317413330078,27.604888916015625,72.38121795654297,2
13:14:59.996,1.712409257888794,418.2410583496094,26.367944717407227,44.41511535644531,72.60350036621094,27.382606506347656,2
13:14:59.996,4.6927900314331055,413.14190673828125,26.6094913482666,49.20811462402344,26.951929092407227,73.03417205810547,2
13:14:59.996,1.4503211975097656,419.3688659667969,26.28519058227539,54.7374267578125,72.58960723876953,27.396499633789062,2
13:14:59.996,4.441889762878418,412.160888671875,26.630775451660156,39.31647491455078,27.771604537963867,72.2145004272461,2
13:14:59.996,1.1564266681671143,418.1790771484375,26.317548751831055,65.89330291748047,70.85301208496094,29.133092880249023,2
13:14:59.996,4.1411213874816895,410.00738525390625,26.713224411010742,29.424840927124023,31.6337890625,70.56126403808594,2
13:14:59.996,0.830536425113678,407.354248046875,26.834299087524414,72.1450424194336,62.156150817871094,27.841068267822266,2
13:15:00.264,3.901705503463745,411.7158203125,26.602012634277344,27.59099578857422,40.636287689208984,72.39511108398438,2
13:15:00.264,0.5947738885879517,408.52703857421875,26.749591827392578,73.10364532470703,52.8480110168457,26.88246726989746,2
13:15:00.264,3.654345989227295,412.9052429199219,26.518943786621094,27.02139663696289,50.43067169189453,72.96470642089844,2
13:15:00.264,0.341053307056427,407.9364929199219,26.755685806274414,72.78411102294922,42.70630645751953,27.202001571655273,2
13:15:00.264,3.406653642654419,414.3247985839844,26.422779083251953,27.868852615356445,60.127811431884766,72.11725616455078,2
13:15:00.265,0.10656256228685379,407.1999206542969,26.766199111938477,71.18643951416016,33.731590270996094,28.799667358398438,2
13:15:00.265,3.0987536907196045,413.74737548828125,26.426481246948242,29.702695846557617,70.28341674804688,68.32453918457031,2
13:15:00.265,6.165242671966553,413.234619140625,26.438596725463867,71.03362274169922,28.952486038208008,34.342872619628906,2
13:15:00.265,2.8582987785339355,410.3921813964844,26.5685977935791,27.646568298339844,72.33953857421875,59.474857330322266,2
13:15:00.265,5.904219627380371,413.5833435058594,26.396991729736328,72.61739349365234,27.36871337890625,44.29008102416992,2
13:15:00.265,2.589627981185913,409.8418273925781,26.57266616821289,26.993608474731445,72.99250030517578,48.86079406738281,2
13:15:00.265,5.624749183654785,413.5066223144531,26.378299713134766,72.63128662109375,27.354822158813477,55.307029724121094,2
13:15:00.265,2.3537826538085938,410.49810791015625,26.515871047973633,27.827173233032227,72.158935546875,39.60822677612305,2
13:15:00.265,5.332502841949463,412.4376525878906,26.407283782958984,70.81134033203125,29.174772262573242,66.40733337402344,2
13:15:00.265,2.0963175296783447,414.2906188964844,26.30278205871582,30.244510650634766,69.74159240722656,30.327869415283203,2
13:15:00.265,5.03627347946167,409.5122985839844,26.531339645385742,62.65629577636719,28.216171264648438,71.76993560791016,2
13:15:00.265,1.8191158771514893,414.705322265625,26.260244369506836,40.31675338745117,72.03389739990234,27.95220947265625,2
13:15:00.265,4.795635223388672,412.5736083984375,26.355884552001953,53.278690338134766,27.24367904663086,72.74242401123047,2
13:15:00.265,1.513564944267273,415.1718444824219,26.216291427612305,52.23672866821289,72.65907287597656,27.32703399658203,2
13:15:00.265,4.504490375518799,413.19268798828125,26.303874969482422,41.8449592590332,27.70214080810547,72.28396606445312,2
13:15:00.265,1.1929116249084473,412.9277648925781,26.30677032470703,64.54570770263672,71.17254638671875,28.81355857849121,2
13:15:00.265,4.184532642364502,409.5021667480469,26.467702865600586,30.091690063476562,30.286190032958984,69.89441680908203,2
13:15:00.265,0.85459303855896,405.8110046386719,26.64410972595215,71.81161499023438,62.97582244873047,28.17449188232422,2
13:15:00.574,3.8820018768310547,408.74169921875,26.486597061157227,27.59099578857422,41.44206619262695,72.39511108398438,2
13:15:00.574,0.5617040395736694,404.9450988769531,26.667438507080078,73.07585144042969,51.51430892944336,26.91025161743164,2
13:15:00.574,3.5911779403686523,409.94244384765625,26.406980514526367,27.188106536865234,52.91747283935547,72.79800415039062,2
13:15:00.574,0.28083303570747375,403.761962890625,26.70628547668457,72.43678283691406,40.35843276977539,27.549320220947266,2
13:15:00.574,3.291339874267578,409.8623352050781,26.390798568725586,28.716310501098633,64.44845581054688,71.2697982788086,2
13:15:00.574,0.042674437165260315,411.16790771484375,26.31533432006836,70.20005798339844,31.731037139892578,29.78605079650879,2
13:15:00.574,2.9699807167053223,407.504150390625,26.48961067199707,28.452348709106445,71.53376007080078,63.69824981689453,2
13:15:00.574,6.007213115692139,411.6785888671875,26.272233963012695,72.04779052734375,27.93831443786621,40.330650329589844,2
13:15:00.574,2.678861379623413,409.3205871582031,26.38023567199707,27.188106536865234,72.79800415039062,52.4034423828125,2
13:15:00.574,5.686927318572998,411.1910095214844,26.277109146118164,72.68685913085938,27.29924964904785,52.8480110168457,2
13:15:00.574,2.355748414993286,406.4488525390625,26.505596160888672,27.827173233032227,72.158935546875,39.69158172607422,2
13:15:00.574,5.357264041900635,411.8507995605469,26.227006912231445,70.89469146728516,29.091415405273438,65.3931655883789,2
13:15:00.574,2.10693359375,412.77398681640625,26.170846939086914,30.230621337890625,69.75548553466797,30.78632926940918,2
13:15:00.574,5.066165924072266,409.8262939453125,26.308595657348633,63.67046356201172,28.619060516357422,71.36705017089844,2
13:15:00.574,1.833202838897705,414.8912353515625,26.0460147857666,39.85829162597656,71.78382873535156,28.20227813720703,2
13:15:00.574,4.763111591339111,410.08740234375,26.27686309814453,51.986663818359375,27.271465301513672,72.71464538574219,2
13:15:00.574,1.4987084865570068,414.0692443847656,26.06883430480957,52.80633544921875,72.5062484741211,27.479854583740234,2
13:15:00.574,4.449699401855469,408.8842468261719,26.31810760498047,39.74715042114258,27.97999382019043,72.00611114501953,2
13:15:00.574,1.1294021606445312,411.94085693359375,26.156940460205078,66.75465393066406,70.4779052734375,29.508197784423828,2
13:15:00.574,4.1204400062561035,408.046630859375,26.342758178710938,29.508197784423828,32.620174407958984,70.4779052734375,2
13:15:00.574,0.7646985054016113,402.80059814453125,26.59717559814453,72.36732482910156,59.51653289794922,27.618783950805664,2
13:15:00.574,3.818925142288208,409.0843811035156,26.272693634033203,27.50764274597168,43.9566535949707,72.47846984863281,2
13:15:00.574,0.4878038465976715,405.71539306640625,26.432741165161133,72.86746215820312,48.56904602050781,27.11864471435547,2
13:15:00.574,3.4961421489715576,408.53118896484375,26.28345489501953,27.549320220947266,56.62683868408203,72.43678283691406,2
13:15:00.574,0.20300735533237457,405.6548156738281,26.418664932250977,71.70046997070312,37.51041793823242,28.285634994506836,2
13:15:00.574,3.148085594177246,407.577880859375,26.314762115478516,30.188941955566406,69.50541687011719,69.79716491699219,2
13:15:00.574,6.152622699737549,407.0778503417969,26.33135414123535,71.06140899658203,28.924699783325195,34.87079620361328,2
13:15:00.890,2.8046624660491943,404.5200500488281,26.452600479125977,27.479854583740234,72.5062484741211,57.3631591796875,2
13:15:00.890,5.840330600738525,408.8640441894531,26.22696304321289,72.63128662109375,27.354822158813477,46.81856155395508,2
13:15:00.890,2.524040460586548,407.8154602050781,26.271936416625977,27.340927124023438,72.64517974853516,46.29063415527344,2
13:15:00.890,5.480228424072266,407.8496398925781,26.26359748840332,71.8532943725586,28.132814407348633,60.85023880004883,2
13:15:00.890,2.209336996078491,406.8564758300781,26.305898666381836,29.091415405273438,70.89469146728516,34.31509017944336,2
13:15:00.890,5.1493940353393555,407.12994384765625,26.285554885864258,66.68518829345703,29.3692684173584,70.61683654785156,2
13:15:00.890,1.888823390007019,411.6836242675781,26.05091667175293,37.77437973022461,71.42261505126953,28.56348991394043,2
13:15:00.890,4.804891109466553,406.9625549316406,26.280088424682617,53.63990020751953,27.32703399658203,72.65907287597656,2
13:15:00.890,1.5445213317871094,412.35504150390625,26.0028076171875,51.0141716003418,72.5062484741211,27.479854583740234,2
13:15:00.890,4.466134548187256,405.87890625,26.318649291992188,40.3723258972168,27.88274574279785,72.10336303710938,2
13:15:00.890,1.1626156568527222,411.1702575683594,26.047670364379883,65.50430297851562,70.7001953125,29.285913467407227,2
13:15:00.890,4.097331523895264,404.3330078125,26.382816314697266,29.24423599243164,33.41205978393555,70.74187469482422,2
13:15:00.890,0.7463216781616211,400.93829345703125,26.54704475402832,72.40900421142578,58.79410934448242,27.577104568481445,2
13:15:00.890,3.7874693870544434,407.6232604980469,26.20370101928711,27.46596336364746,45.19310760498047,72.5201416015625,2
13:15:00.890,0.4451371133327484,403.6058044433594,26.397315979003906,72.78411102294922,46.888023376464844,27.202001571655273,2
13:15:00.890,3.4421377182006836,407.74029541015625,26.1846981048584,27.88274574279785,58.68296813964844,72.10336303710938,2
13:15:00.890,0.13406528532505035,403.211669921875,26.40422248840332,71.14476013183594,34.95415496826172,28.84134292602539,2
13:15:00.890,3.0993590354919434,405.7229309082031,26.271743774414062,29.827728271484375,70.15837860107422,68.24118041992188,2
13:15:00.890,6.07446813583374,405.4273681640625,26.279329299926758,71.63101196289062,28.355098724365234,37.78827667236328,2
13:15:00.890,2.747819662094116,404.03424072265625,26.341842651367188,27.36871337890625,72.61739349365234,55.11252975463867,2
13:15:00.890,5.777318477630615,408.80023193359375,26.095905303955078,72.58960723876953,27.396499633789062,49.305362701416016,2
13:15:00.890,2.450012683868408,405.77587890625,26.23948097229004,27.59099578857422,72.39511108398438,43.41483688354492,2
13:15:00.890,5.418079853057861,408.2282409667969,26.11018943786621,71.29757690429688,28.688522338867188,63.1147575378418,2
13:15:00.890,2.1452999114990234,409.9075927734375,26.019023895263672,29.92498016357422,70.06112670898438,32.217281341552734,2
13:15:00.890,5.056702613830566,405.6996154785156,26.224136352539062,63.267578125,28.619060516357422,71.36705017089844,2
13:15:00.890,1.8113898038864136,412.4260559082031,25.881135940551758,40.747432708740234,71.75604248046875,28.230064392089844,2
13:15:00.890,4.7139716148376465,406.38873291015625,26.17604637145996,50.05556869506836,27.32703399658203,72.65907287597656,2
13:15:00.890,1.421862244606018,408.93304443359375,26.042890548706055,55.79327392578125,72.29785919189453,27.688247680664062,2
13:15:00.890,4.362837314605713,405.0486755371094,26.23109245300293,36.52403259277344,28.646846771240234,71.33926391601562,2
13:15:00.890,1.0399972200393677,408.9313049316406,26.031166076660156,69.60266876220703,69.26924133300781,30.383440017700195,2
13:15:00.890,4.008403301239014,405.2822570800781,26.207637786865234,28.619060516357422,36.76021194458008,71.36705017089844,2
13:15:01.177,0.627314567565918,399.3629150390625,26.498769760131836,72.8118896484375,54.11225509643555,27.174217224121094,2
13:15:01.177,3.646070957183838,406.2772216796875,26.14676284790039,27.354822158813477,50.73631286621094,72.63128662109375,2
13:15:01.177,0.3139415979385376,400.5611877441406,26.42546844482422,72.38121795654297,41.74770736694336,27.604888916015625,2
13:15:01.178,3.2817511558532715,405.5338134765625,26.171741485595703,28.98027229309082,64.68463897705078,71.0058364868164,2
13:15:01.178,6.265854358673096,405.3124084472656,26.17789649963379,69.824951171875,30.161157608032227,30.95304298400879,2
13:15:01.178,2.9190356731414795,404.5281677246094,26.211936950683594,28.313419342041016,71.67268371582031,61.6560173034668,2
13:15:01.178,5.908185958862305,405.8109130859375,26.143102645874023,72.38121795654297,27.604888916015625,44.192832946777344,2
13:15:01.178,2.5463781356811523,403.1737976074219,26.269742965698242,27.29924964904785,72.68685913085938,47.17977523803711,2
13:15:01.178,5.558736801147461,407.8690490722656,26.02965545654297,72.07557678222656,27.91053009033203,57.779937744140625,2
13:15:01.178,2.2284762859344482,404.484619140625,26.192806243896484,29.008058547973633,70.9780502319336,35.07918930053711,2
13:15:01.178,5.175680637359619,405.31671142578125,26.146116256713867,67.51875305175781,29.730480194091797,70.25562286376953,2
13:15:01.178,1.8842058181762695,409.3577880859375,25.938308715820312,37.996665954589844,71.36705017089844,28.619060516357422,2
13:15:01.178,4.7821502685546875,403.9091491699219,26.206830978393555,52.736873626708984,27.354822158813477,72.63128662109375,2
13:15:01.178,1.4900047779083252,410.8084411621094,25.857070922851562,53.12586975097656,72.31175231933594,27.674352645874023,2
13:15:01.178,4.428708076477051,405.5198974609375,26.1152400970459,39.02472686767578,28.285634994506836,71.70046997070312,2
13:15:01.178,1.0602400302886963,405.0538635253906,26.133464813232422,69.14421081542969,69.74159240722656,30.244510650634766,2
13:15:01.178,4.068838119506836,406.0565185546875,26.079174041748047,29.216449737548828,34.634620666503906,70.7696533203125,2
13:15:01.178,0.6724833250045776,400.63720703125,26.345897674560547,72.56182098388672,55.84885025024414,27.424283981323242,2
13:15:01.178,3.707709789276123,406.7272033691406,26.035306930541992,27.46596336364746,48.33287048339844,72.5201416015625,2
13:15:01.178,0.3221112787723541,400.7931213378906,26.3272647857666,72.32564544677734,42.095027923583984,27.66046142578125,2
13:15:01.178,3.3125975131988525,406.5602722167969,26.033559799194336,28.82745361328125,63.47596740722656,71.15865325927734,2
13:15:01.178,0.03149881213903427,406.9229431152344,26.00911521911621,69.8388442993164,31.564321517944336,30.147262573242188,2
13:15:01.178,2.964689254760742,404.7989501953125,26.109375,28.730201721191406,71.25590515136719,63.29535675048828,2
13:15:01.178,5.937294006347656,405.65380859375,26.061107635498047,72.20061492919922,27.78549575805664,43.08141326904297,2
13:15:01.178,2.584144353866577,403.0107727050781,26.188678741455078,27.32703399658203,72.65907287597656,48.66629409790039,2
13:15:01.178,5.567068099975586,407.3247375488281,25.968917846679688,72.06168365478516,27.92442512512207,57.44651412963867,2
13:15:01.178,2.2616004943847656,402.41351318359375,26.208267211914062,28.716310501098633,71.2697982788086,36.273963928222656,2
13:15:01.178,5.174505710601807,404.9004211425781,26.079818725585938,67.4354019165039,29.772159576416016,70.21395111083984,2
13:15:01.178,1.8818365335464478,407.4337158203125,25.94872283935547,38.080020904541016,71.38093566894531,28.60516929626465,2
13:15:01.178,4.785261154174805,403.34686279296875,26.1492862701416,52.8480110168457,27.410390853881836,72.57572174072266,2
13:15:01.178,1.498023271560669,407.255859375,25.949148178100586,52.820228576660156,72.40900421142578,27.577104568481445,2
13:15:01.447,4.436272144317627,405.5250549316406,26.031396865844727,39.344261169433594,28.299528121948242,71.68657684326172,2
13:15:01.447,1.0648696422576904,407.9432067871094,25.90719223022461,68.82467651367188,69.61656188964844,30.36954689025879,2
13:15:01.447,4.052850246429443,405.0421447753906,26.047317504882812,29.105304718017578,35.218116760253906,70.88079833984375,2
13:15:01.447,0.6706858277320862,399.3309326171875,26.328689575195312,72.54792785644531,55.77938461303711,27.43817901611328,2
13:15:01.447,3.6623613834381104,403.7431335449219,26.103296279907227,27.382606506347656,50.097251892089844,72.60350036621094,2
13:15:01.447,0.31017225980758667,399.1678771972656,26.32865333557129,72.27008056640625,41.62267303466797,27.716032028198242,2
13:15:01.447,3.273052453994751,403.6427917480469,26.100994110107422,29.105304718017578,64.94859313964844,70.88079833984375,2
13:15:01.447,6.265174388885498,404.7033996582031,26.043624877929688,69.72769927978516,30.258405685424805,31.078075408935547,2
13:15:01.447,2.871978521347046,402.0158386230469,26.17461585998535,28.049457550048828,71.9366455078125,59.863853454589844,2
13:15:01.447,5.877108573913574,406.3204345703125,25.955018997192383,72.31175231933594,27.674352645874023,45.42928695678711,2
13:15:01.447,2.5131287574768066,402.6000671386719,26.13670539855957,27.479854583740234,72.5062484741211,45.88774871826172,2
13:15:01.447,5.48330020904541,405.57208251953125,25.9842529296875,71.64490509033203,28.34120750427246,60.62794876098633,2
13:15:01.447,2.179870128631592,401.3123474121094,26.192886352539062,29.452625274658203,70.53348541259766,33.328704833984375,2
13:15:01.447,5.0488200187683105,402.2298278808594,26.145402908325195,62.934146881103516,28.619060516357422,71.36705017089844,2
13:15:01.447,1.7909064292907715,410.6748046875,25.718856811523438,41.567100524902344,71.72825622558594,28.257850646972656,2
13:15:01.448,4.667655944824219,403.6538391113281,26.065237045288086,48.24951171875,27.43817901611328,72.54792785644531,2
13:15:01.448,1.3418728113174438,405.3183898925781,25.978469848632812,58.835784912109375,71.90885925292969,28.07724380493164,2
13:15:01.448,4.280351638793945,400.9928283691406,26.191526412963867,33.53709411621094,29.39705467224121,70.58905029296875,2
13:15:01.448,0.9179642200469971,400.84454345703125,26.1959228515625,70.93637084960938,65.0875244140625,29.04973602294922,2
13:15:01.448,3.9172165393829346,404.819580078125,25.99242401123047,28.188386917114258,40.27507781982422,71.79772186279297,2
13:15:01.448,0.5350473523139954,399.81280517578125,26.23984718322754,72.71464538574219,50.4445686340332,27.271465301513672,2
13:15:01.448,3.503875255584717,403.9796447753906,26.027511596679688,27.743816375732422,56.265628814697266,72.2422866821289,2
13:15:01.448,0.19776152074337006,399.6847229003906,26.23733901977539,71.51986694335938,37.39927673339844,28.46623992919922,2
13:15:01.448,3.1408932209014893,405.16168212890625,25.95867156982422,30.522367477416992,69.4637451171875,69.43595123291016,2
13:15:01.448,6.1306939125061035,405.01904296875,25.961252212524414,70.95026397705078,29.035842895507812,35.87107849121094,2
13:15:01.448,2.7546937465667725,402.669189453125,26.07522964477539,27.618783950805664,72.36732482910156,55.3209228515625,2
13:15:01.448,5.724967002868652,404.852783203125,25.962879180908203,72.4645767211914,27.52153205871582,51.34759521484375,2
13:15:01.448,2.382634401321411,402.01544189453125,26.100786209106445,28.00777816772461,71.97832489013672,40.85857391357422,2
13:15:01.448,5.322464942932129,403.92889404296875,26.00166893005371,70.3945541381836,29.591554641723633,66.50458526611328,2
13:15:01.721,2.0308940410614014,406.53826904296875,25.86762809753418,32.75910186767578,70.06112670898438,29.92498016357422,2
13:15:01.721,4.917664527893066,402.09368896484375,26.087244033813477,57.97444152832031,27.868852615356445,72.11725616455078,2
13:15:01.721,1.637364387512207,406.0939636230469,25.883150100708008,47.41594696044922,72.35343170166016,27.632675170898438,2
13:15:01.721,4.56820011138916,405.2715759277344,25.921218872070312,44.401222229003906,27.771604537963867,72.2145004272461,2
13:15:01.721,1.200372338294983,407.6578369140625,25.799901962280273,64.00389099121094,70.82523345947266,29.160877227783203,2
13:15:01.721,4.15478515625,404.0181884765625,25.977834701538086,30.13336944580078,31.66157341003418,69.85273742675781,2
13:15:01.721,0.7529335618019104,397.8740234375,26.282413482666016,72.158935546875,58.9608268737793,27.827173233032227,2
13:15:01.721,3.7360384464263916,401.8280029296875,26.081714630126953,27.46596336364746,47.22145080566406,72.5201416015625,2
13:15:01.721,0.3595193922519684,397.1792297363281,26.312761306762695,72.47846984863281,43.53987121582031,27.50764274597168,2
13:15:01.721,3.3232996463775635,401.54486083984375,26.091367721557617,28.702417373657227,63.1147575378418,71.28369140625,2
13:15:01.721,0.00732439337298274,403.35821533203125,25.998096466064453,69.57488250732422,30.744651794433594,30.411226272583008,2
13:15:01.721,2.913896322250366,400.86627197265625,26.119640350341797,28.355098724365234,71.63101196289062,61.419837951660156,2
13:15:01.721,5.921523571014404,405.75518798828125,25.871536254882812,72.10336303710938,27.88274574279785,43.734371185302734,2
13:15:01.721,2.554809093475342,402.39276123046875,26.03582191467285,27.49374771118164,72.49236297607422,47.5270881652832,2
13:15:01.721,5.4955573081970215,403.80108642578125,25.96298599243164,71.70046997070312,28.285634994506836,60.155601501464844,2
13:15:01.721,2.18438720703125,400.9416198730469,26.103078842163086,29.48041343688965,70.50569915771484,33.53709411621094,2
13:15:01.721,5.061659336090088,401.2696228027344,26.085941314697266,63.37871551513672,28.771881103515625,71.21422576904297,2
13:15:01.721,1.7879645824432373,408.5947570800781,25.716476440429688,41.678245544433594,71.74215698242188,28.243955612182617,2
13:15:01.721,4.679005146026611,403.49853515625,25.967763900756836,48.69408416748047,27.52153205871582,72.4645767211914,2
13:15:01.721,1.3404039144515991,404.4413146972656,25.91805076599121,58.87746810913086,71.83940124511719,28.14670753479004,2
13:15:01.721,4.278219223022461,400.564208984375,26.109445571899414,33.52320098876953,29.48041343688965,70.50569915771484,2
13:15:01.721,0.9010687470436096,399.5416564941406,26.15825080871582,71.04751586914062,64.44845581054688,28.938594818115234,2
13:15:01.721,3.900655746459961,404.0595397949219,25.928085327148438,28.160598754882812,40.91414260864258,71.82550048828125,2
13:15:01.721,0.49235114455223083,398.3468322753906,26.211515426635742,72.68685913085938,48.763545989990234,27.29924964904785,2
13:15:01.721,3.484133720397949,404.3651428222656,25.907255172729492,27.92442512512207,56.98805618286133,72.06168365478516,2
13:15:01.721,0.14731179177761078,398.27679443359375,26.207592010498047,71.10308074951172,35.55154037475586,28.88302230834961,2
13:15:01.721,3.0757057666778564,401.6710205078125,26.034713745117188,29.772159576416016,70.21395111083984,67.25479125976562,2
13:15:01.993,6.054211139678955,403.7822570800781,25.92538070678711,71.47818756103516,28.507917404174805,38.705196380615234,2
13:15:01.993,2.680325746536255,400.9421081542969,26.0650691986084,27.46596336364746,72.5201416015625,52.43123245239258,2
13:15:01.993,5.647918701171875,403.8313903808594,25.918331146240234,72.29785919189453,27.688247680664062,54.32064437866211,2
13:15:01.993,2.3181748390197754,401.560546875,26.028522491455078,28.452348709106445,71.53376007080078,38.45512390136719,2
13:15:01.993,5.229211807250977,402.9190673828125,25.958263397216797,69.2275619506836,30.452903747558594,69.533203125,2
13:15:01.993,1.9219282865524292,405.0806884765625,25.84807777404785,36.6629638671875,71.0058364868164,28.98027229309082,2
13:15:01.993,4.813640117645264,401.3286437988281,26.03400230407715,53.94554138183594,27.56321144104004,72.42289733886719,2
13:15:01.993,1.5272107124328613,406.14129638671875,25.790143966674805,51.68102264404297,72.31175231933594,27.674352645874023,2
13:15:01.993,4.448866844177246,404.2842102050781,25.880277633666992,39.886077880859375,28.355098724365234,71.63101196289062,2
13:15:01.993,1.0222188234329224,405.81512451171875,25.802534103393555,69.61656188964844,68.50513458251953,30.36954689025879,2
13:15:01.993,4.01651668548584,402.7200012207031,25.95479965209961,28.88302230834961,36.59349822998047,71.10308074951172,2
13:15:01.993,0.595186173915863,396.1946105957031,26.278642654418945,72.68685913085938,52.80633544921875,27.29924964904785,2
13:15:01.994,3.586272716522217,400.9051818847656,26.041662216186523,27.50764274597168,53.07029342651367,72.47846984863281,2
13:15:01.994,0.2216026782989502,397.6700744628906,26.202564239501953,71.65879821777344,38.30230712890625,28.327312469482422,2
13:15:01.994,3.1906073093414307,400.5628356933594,26.055734634399414,29.92498016357422,67.85218048095703,70.06112670898438,2
13:15:01.994,6.141197681427002,402.7877197265625,25.942729949951172,70.83912658691406,29.146984100341797,35.495967864990234,2
13:15:01.994,2.751851797103882,399.8016052246094,26.090707778930664,27.604888916015625,72.38121795654297,55.20977783203125,2
13:15:01.994,5.738742828369141,403.9449157714844,25.881179809570312,72.39511108398438,27.59099578857422,50.80577850341797,2
13:15:01.994,2.3730568885803223,400.8757629394531,26.03256607055664,28.11892318725586,71.8671875,40.525146484375,2
13:15:02.255,5.308681964874268,403.7940368652344,25.88471794128418,70.17227172851562,29.813838958740234,66.907470703125,2
13:15:02.255,2.0155134201049805,406.8456726074219,25.729400634765625,33.384273529052734,70.1028060913086,29.88330078125,2
13:15:02.255,4.867565631866455,400.7996520996094,26.030921936035156,56.029449462890625,27.716032028198242,72.27008056640625,2
13:15:02.255,1.5829188823699951,408.359619140625,25.651100158691406,49.527645111083984,72.20061492919922,27.78549575805664,2
13:15:02.255,4.468374252319336,402.61773681640625,25.93524169921875,40.59461212158203,28.20227813720703,71.78382873535156,2
13:15:02.255,1.105644702911377,403.5715637207031,25.885358810424805,67.4076156616211,70.03334045410156,29.9527645111084,2
13:15:02.255,4.077218532562256,403.01934814453125,25.911094665527344,29.424840927124023,34.426231384277344,70.56126403808594,2
13:15:02.255,0.6681195497512817,398.3924865722656,26.141033172607422,72.39511108398438,55.64045333862305,27.59099578857422,2
13:15:02.255,3.6598708629608154,402.3814392089844,25.938671112060547,27.53542709350586,50.194496154785156,72.45067596435547,2
13:15:02.255,0.28202366828918457,398.39501953125,26.136091232299805,71.96443939208984,40.60850143432617,28.02167320251465,2
13:15:02.255,3.2351601123809814,403.2862854003906,25.888568878173828,29.619338989257812,66.18505096435547,70.36676788330078,2
13:15:02.255,6.217079162597656,403.64215087890625,25.86737632751465,70.08891296386719,29.89719581604004,32.85634994506836,2
13:15:02.255,2.841017723083496,400.9851989746094,25.997364044189453,28.035566329956055,71.95054626464844,58.613502502441406,2
13:15:02.255,5.813674449920654,403.64801025390625,25.861330032348633,72.35343170166016,27.632675170898438,47.90219497680664,2
13:15:02.255,2.439744710922241,400.2677001953125,26.028470993041992,27.813282012939453,72.1728286743164,43.0675163269043,2
13:15:02.255,5.386307716369629,403.46624755859375,25.867046356201172,70.85301208496094,29.133092880249023,64.14281463623047,2
13:15:02.255,2.091564416885376,407.1951599121094,25.6781063079834,30.8280086517334,69.28313446044922,30.702972412109375,2
13:15:02.255,4.960465908050537,401.9130859375,25.9404296875,59.54431915283203,28.216171264648438,71.76993560791016,2
13:15:02.255,1.6486291885375977,405.0054626464844,25.784259796142578,46.98527526855469,72.25617980957031,27.72992515563965,2
13:15:02.255,4.535239219665527,400.344970703125,26.01585578918457,43.109195709228516,27.813282012939453,72.1728286743164,2
13:15:02.255,1.2127814292907715,405.11077880859375,25.775453567504883,63.54542922973633,70.89469146728516,29.091415405273438,2
13:15:02.255,4.15008020401001,401.8340759277344,25.937231063842773,30.119478225708008,31.85607147216797,69.86663055419922,2
13:15:02.255,0.7361876368522644,396.74627685546875,26.190532684326172,72.158935546875,58.28007888793945,27.827173233032227,2
13:15:02.255,3.7301578521728516,402.326904296875,25.909578323364258,27.604888916015625,47.471519470214844,72.38121795654297,2
13:15:02.255,0.33666524291038513,395.9527587890625,26.22569465637207,72.31175231933594,42.678524017333984,27.674352645874023,2
13:15:02.255,3.306440591812134,400.8383483886719,25.980478286743164,28.924699783325195,63.67046356201172,71.06140899658203,2
13:15:02.255,6.240514278411865,401.17877197265625,25.96283531188965,69.92220306396484,30.063905715942383,31.981103897094727,2
13:15:02.255,2.896848678588867,401.7265319824219,25.93445587158203,28.39677619934082,71.5893325805664,60.697418212890625,2
13:15:02.255,5.827032566070557,401.55072021484375,25.94237518310547,72.40900421142578,27.577104568481445,47.374267578125,2
13:15:02.255,2.4625661373138428,399.4305114746094,26.046939849853516,27.70214080810547,72.28396606445312,43.9427604675293,2
13:15:02.255,5.41813325881958,403.9625549316406,25.81905174255371,71.06140899658203,28.924699783325195,62.961936950683594,2
13:15:02.256,2.1043639183044434,406.1808166503906,25.705829620361328,30.605724334716797,69.38038635253906,31.050291061401367,2
13:15:02.256,4.9886651039123535,401.91180419921875,25.917734146118164,60.60016632080078,28.39677619934082,71.5893325805664,2
13:15:02.256,1.677493929862976,406.0802307128906,25.708051681518555,45.88774871826172,72.13114166259766,27.854961395263672,2
13:15:02.256,4.539945125579834,400.42694091796875,25.98984146118164,43.30369567871094,27.813282012939453,72.1728286743164,2
13:15:02.256,1.1988345384597778,406.6971435546875,25.67583465576172,63.98999786376953,70.7140884399414,29.27202033996582,2
13:15:02.519,4.135600566864014,402.2291259765625,25.896350860595703,30.008337020874023,32.383995056152344,69.97777557373047,2
13:15:02.519,0.7527691125869751,398.40753173828125,26.08610725402832,71.99221801757812,58.87746810913086,27.993886947631836,2
13:15:02.519,3.714705467224121,402.3122253417969,25.88990592956543,27.604888916015625,48.06890869140625,72.38121795654297,2
13:15:02.519,0.3470847010612488,397.72998046875,26.11733055114746,72.25617980957031,43.109195709228516,27.72992515563965,2
13:15:02.519,3.2991392612457275,403.608154296875,25.8216552734375,29.119199752807617,63.851070404052734,70.86690521240234,2
13:15:02.519,6.2402729988098145,400.5379638671875,25.972686767578125,69.93608856201172,30.050012588500977,31.981103897094727,2
13:15:02.519,2.8531320095062256,398.8019714355469,26.057680130004883,28.049457550048828,71.9366455078125,59.09975051879883,2
13:15:02.519,5.85923433303833,403.06744384765625,25.841955184936523,72.25617980957031,27.72992515563965,46.1378173828125,2
13:15:02.519,2.4867148399353027,400.7040100097656,25.95751190185547,27.70214080810547,72.28396606445312,44.901363372802734,2
13:15:02.519,5.425535678863525,403.968017578125,25.792776107788086,71.08918762207031,28.896915435791016,62.684078216552734,2
13:15:02.519,2.099945306777954,404.0903625488281,25.78485107421875,30.59183120727539,69.39427947998047,30.841901779174805,2
13:15:02.519,4.986440181732178,400.9382629394531,25.942195892333984,60.530704498291016,28.36899185180664,71.61711120605469,2
13:15:02.519,1.6927250623703003,406.84136962890625,25.645423889160156,45.318145751953125,72.03389739990234,27.95220947265625,2
13:15:02.519,4.575675964355469,401.65472412109375,25.90265464782715,44.692970275878906,27.771604537963867,72.2145004272461,2
13:15:02.519,1.2366721630096436,404.8855895996094,25.74018096923828,62.65629577636719,71.04751586914062,28.938594818115234,2
13:15:02.519,4.164744853973389,402.2591552734375,25.86972427368164,30.327869415283203,31.397611618041992,69.65824127197266,2
13:15:02.519,0.7979306578636169,399.7264404296875,25.995025634765625,71.65879821777344,60.55848693847656,28.327312469482422,2
13:15:02.519,3.731187343597412,400.5451965332031,25.952726364135742,27.56321144104004,47.429840087890625,72.42289733886719,2
13:15:02.520,0.35271888971328735,396.2368469238281,26.167579650878906,72.32564544677734,43.317588806152344,27.66046142578125,2
13:15:02.520,3.296604871749878,402.1263732910156,25.87218475341797,29.091415405273438,63.976104736328125,70.89469146728516,2
13:15:02.520,6.274190902709961,402.59283447265625,25.846050262451172,69.4776382446289,30.508474349975586,30.911365509033203,2
13:15:02.520,2.878552198410034,399.55816650390625,25.997941970825195,28.243955612182617,71.74215698242188,60.044456481933594,2
13:15:02.520,5.824521064758301,401.49859619140625,25.900897979736328,72.38121795654297,27.604888916015625,47.471519470214844,2
13:15:02.520,2.4772017002105713,400.8288879394531,25.93330192565918,27.757709503173828,72.2283935546875,44.5401496887207,2
13:15:02.520,5.400486469268799,400.8570251464844,25.931270599365234,71.01972961425781,28.966379165649414,63.65657043457031,2
13:15:02.520,2.1038010120391846,405.7459411621094,25.685741424560547,30.61961555480957,69.36649322509766,31.050291061401367,2
13:15:02.794,4.973275184631348,401.1450500488281,25.915071487426758,60.01667404174805,28.313419342041016,71.67268371582031,2
13:15:02.794,1.6612794399261475,405.68560791015625,25.687040328979492,46.51292037963867,72.1450424194336,27.841068267822266,2
13:15:02.794,4.544680118560791,400.5969543457031,25.939802169799805,43.49819564819336,27.841068267822266,72.1450424194336,2
13:15:02.794,1.1948858499526978,404.816650390625,25.728099822998047,64.15670776367188,70.7140884399414,29.27202033996582,2
13:15:02.794,4.0996575355529785,399.3424377441406,26.000810623168945,29.563766479492188,33.57876968383789,70.4223403930664,2
13:15:02.794,0.6940154433250427,394.7925720214844,26.22824478149414,72.38121795654297,56.66851806640625,27.604888916015625,2
13:15:02.794,3.68843150138855,401.5552978515625,25.88731575012207,27.577104568481445,49.09697341918945,72.40900421142578,2
13:15:02.794,0.3282536566257477,397.8451232910156,26.07115936279297,72.1450424194336,42.400665283203125,27.841068267822266,2
13:15:02.794,3.2469594478607178,402.0425720214844,25.861804962158203,29.5220890045166,65.75437927246094,70.4640121459961,2
13:15:02.794,6.227649211883545,402.1564636230469,25.854734420776367,69.97777557373047,30.008337020874023,32.49513626098633,2
13:15:02.794,2.8377444744110107,400.1496887207031,25.953977584838867,28.063350677490234,71.9227523803711,58.47457504272461,2
13:15:02.794,5.785704135894775,400.7057800292969,25.924118041992188,72.43678283691406,27.549320220947266,48.9719352722168,2
13:15:02.794,2.441802978515625,399.188232421875,25.998046875,27.827173233032227,72.158935546875,43.150875091552734,2
13:15:02.794,5.3868021965026855,403.7104187011719,25.770416259765625,70.7835464477539,29.202556610107422,64.07335662841797,2
13:15:02.794,2.108177661895752,407.5205383300781,25.57644271850586,30.661293029785156,69.32481384277344,31.27257537841797,2
13:15:02.794,4.959329128265381,401.0130920410156,25.900117874145508,59.48875045776367,28.243955612182617,71.74215698242188,2
13:15:02.794,1.6311150789260864,403.6432800292969,25.76772689819336,47.666019439697266,72.27008056640625,27.716032028198242,2
13:15:02.794,4.529489517211914,400.4616394042969,25.925989151000977,42.914695739746094,27.91053009033203,72.07557678222656,2
13:15:02.794,1.1810106039047241,406.728759765625,25.612171173095703,64.58738708496094,70.50569915771484,29.48041343688965,2
13:15:02.794,4.103183269500732,400.9102478027344,25.900697708129883,29.674907684326172,33.509307861328125,70.31119537353516,2
13:15:02.794,0.7221093773841858,397.5294494628906,26.06909942626953,72.13114166259766,57.71047592163086,27.854961395263672,2
13:15:02.794,3.6854872703552246,401.41888427734375,25.873519897460938,27.59099578857422,49.20811462402344,72.39511108398438,2
13:15:02.794,0.33826351165771484,399.0215148925781,25.992143630981445,72.11725616455078,42.80355453491211,27.868852615356445,2
13:15:02.794,3.250051498413086,400.22064208984375,25.931392669677734,29.43873405456543,65.6849136352539,70.54737091064453,2
13:15:02.794,6.211935043334961,401.376953125,25.87227439880371,70.14448547363281,29.841623306274414,33.036956787109375,2
13:15:02.794,2.8085074424743652,398.6678466796875,26.00762176513672,27.88274574279785,72.10336303710938,57.377044677734375,2
13:15:03.083,5.785421848297119,402.0321350097656,25.837575912475586,72.36732482910156,27.618783950805664,48.9858283996582,2
13:15:03.083,2.404632568359375,399.43499755859375,25.967235565185547,28.00777816772461,71.97832489013672,41.74770736694336,2
13:15:03.083,5.312913417816162,400.2106018066406,25.928939819335938,70.24172973632812,29.744375228881836,66.79633331298828,2
13:15:03.083,2.0090324878692627,404.0088806152344,25.73900032043457,33.6065559387207,70.17227172851562,29.813838958740234,2
13:15:03.083,4.896904945373535,400.62957763671875,25.907482147216797,57.12697982788086,27.93831443786621,72.04779052734375,2
13:15:03.083,1.5657916069030762,404.6590270996094,25.706350326538086,50.180606842041016,72.25617980957031,27.72992515563965,2
13:15:03.083,4.456072807312012,400.6496887207031,25.906099319458008,40.13615036010742,28.285634994506836,71.70046997070312,2
13:15:03.083,1.077993392944336,405.3916320800781,25.669065475463867,68.21339416503906,69.57488250732422,30.411226272583008,2
13:15:03.083,4.029251575469971,400.682861328125,25.902225494384766,29.035842895507812,36.16282272338867,70.95026397705078,2
13:15:03.083,0.6374484300613403,396.3148498535156,26.11985969543457,72.4645767211914,54.4456787109375,27.52153205871582,2
13:15:03.083,3.570842981338501,398.2154235839844,26.02422523498535,27.549320220947266,53.667686462402344,72.43678283691406,2
13:15:03.083,0.23009571433067322,394.8271484375,26.193334579467773,71.70046997070312,38.62184143066406,28.285634994506836,2
13:15:03.083,3.1486551761627197,401.975341796875,25.834556579589844,30.5362606048584,69.13031005859375,69.44984436035156,2
13:15:03.083,6.141267776489258,403.05810546875,25.778423309326172,70.7140884399414,29.27202033996582,35.59321975708008,2
13:15:03.083,2.702173948287964,397.3939208984375,26.062049865722656,27.50764274597168,72.47846984863281,53.278690338134766,2
13:15:03.083,5.7035908699035645,403.0763244628906,25.777057647705078,72.28396606445312,27.70214080810547,52.153377532958984,2
13:15:03.083,2.331495761871338,399.8995361328125,25.934490203857422,28.452348709106445,71.53376007080078,38.996944427490234,2
13:15:03.083,5.267764091491699,399.794921875,25.938213348388672,69.79716491699219,30.188941955566406,68.3662109375,2
13:15:03.083,1.9695994853973389,406.7205810546875,25.590757369995117,35.093082427978516,70.4223403930664,29.563766479492188,2
13:15:03.083,4.856834411621094,402.5712890625,25.797061920166016,55.55710220336914,27.88274574279785,72.10336303710938,2
13:15:03.083,1.5364679098129272,407.78436279296875,25.534690856933594,51.3059196472168,72.08946990966797,27.896636962890625,2
13:15:03.083,4.413264274597168,399.9180908203125,25.925174713134766,38.538482666015625,28.53570556640625,71.45040130615234,2
13:15:03.083,1.027393102645874,403.890380859375,25.72633171081543,69.50541687011719,68.61627960205078,30.480688095092773,2
13:15:03.083,3.9677529335021973,400.0679626464844,25.91649055480957,28.56348991394043,38.413448333740234,71.42261505126953,2
13:15:03.083,0.5674651265144348,395.0409851074219,26.167634963989258,72.63128662109375,51.708805084228516,27.354822158813477,2
13:15:03.083,3.55094051361084,402.100341796875,25.812255859375,27.78549575805664,54.40400314331055,72.20061492919922,2
13:15:03.083,0.1954028606414795,397.5444030761719,26.038837432861328,71.33926391601562,37.39927673339844,28.646846771240234,2
13:15:03.083,3.081254005432129,397.98846435546875,26.016460418701172,29.841623306274414,70.14448547363281,67.4354019165039,2
13:15:03.360,6.095743179321289,403.2752380371094,25.750822067260742,71.04751586914062,28.938594818115234,37.246456146240234,2
13:15:03.360,2.6756792068481445,398.5189208984375,25.9881591796875,27.52153205871582,72.4645767211914,52.23672866821289,2
13:15:03.360,5.636595249176025,401.23040771484375,25.851839065551758,72.2145004272461,27.771604537963867,54.751319885253906,2
13:15:03.360,2.274200916290283,398.41192626953125,25.99279022216797,28.799667358398438,71.18643951416016,36.857460021972656,2
13:15:03.360,5.213563919067383,402.46844482421875,25.7888126373291,68.57460021972656,30.411226272583008,69.57488250732422,2
13:15:03.360,1.8572444915771484,403.0125427246094,25.7618465423584,39.080299377441406,71.39482879638672,28.59127426147461,2
13:15:03.360,4.735195159912109,398.69671630859375,25.977588653564453,50.875240325927734,27.50764274597168,72.47846984863281,2
13:15:03.360,1.4087955951690674,403.8599853515625,25.720291137695312,56.210060119628906,71.97832489013672,28.00777816772461,2
13:15:03.360,4.307146072387695,399.41766357421875,25.94141960144043,34.64851379394531,29.34148406982422,70.64462280273438,2
13:15:03.360,0.8901574015617371,395.0039978027344,26.163726806640625,71.14476013183594,64.05946350097656,28.84134292602539,2
13:15:03.360,3.87970232963562,401.12890625,25.855546951293945,28.11892318725586,41.73381805419922,71.8671875,2
13:15:03.360,0.4713555872440338,394.6525573730469,26.178682327270508,72.63128662109375,47.943870544433594,27.354822158813477,2
13:15:03.360,3.43245530128479,400.59228515625,25.880687713623047,28.188386917114258,58.946929931640625,71.79772186279297,2
13:15:03.360,0.10730652511119843,396.4978942871094,26.084415435791016,70.65851593017578,34.1761589050293,29.327592849731445,2
13:15:03.360,2.996272563934326,399.3569641113281,25.941177368164062,29.119199752807617,70.86690521240234,64.36509704589844,2
13:15:03.360,5.959062099456787,402.01824951171875,25.809133529663086,71.89497375488281,28.091135025024414,42.31731033325195,2
13:15:03.360,2.5571556091308594,399.6017761230469,25.928991317749023,27.577104568481445,72.40900421142578,47.62434005737305,2
13:15:03.360,5.525119304656982,403.1205139160156,25.751873016357422,71.68657684326172,28.299528121948242,58.9608268737793,2
13:15:03.360,2.1339235305786133,397.5184631347656,26.031661987304688,30.036121368408203,69.94998168945312,31.814393997192383,2
13:15:03.360,5.029213905334473,398.41070556640625,25.987531661987305,62.14225769042969,28.60516929626465,71.38093566894531,2
13:15:03.360,1.7544333934783936,405.13653564453125,25.65003776550293,42.97026824951172,71.83940124511719,28.14670753479004,2
13:15:03.360,4.648936748504639,401.4310302734375,25.833829879760742,47.540985107421875,27.66046142578125,72.32564544677734,2
13:15:03.360,1.308327078819275,406.1154479980469,25.59990119934082,59.961097717285156,71.40872192382812,28.577381134033203,2
13:15:03.360,4.224353313446045,402.1332092285156,25.79704475402832,31.842178344726562,30.258405685424805,69.72769927978516,2
13:15:03.360,0.823456883430481,397.65972900390625,26.019742965698242,71.51986694335938,61.51708984375,28.46623992919922,2
13:15:03.360,3.808734655380249,402.0093078613281,25.7990779876709,27.88274574279785,44.45679473876953,72.10336303710938,2
13:15:03.360,0.41261276602745056,396.5699768066406,26.070402145385742,72.43678283691406,45.665462493896484,27.549320220947266,2
13:15:03.360,3.357361316680908,400.54937744140625,25.87073516845703,28.646846771240234,61.753265380859375,71.33926391601562,2
13:15:03.360,0.04818671941757202,402.0836486816406,25.793289184570312,69.85273742675781,32.286746978759766,30.13336944580078,2
13:15:03.629,2.9099225997924805,399.0437927246094,25.94464111328125,28.480133056640625,71.50597381591797,61.19755554199219,2
13:15:03.629,5.887019157409668,401.7223205566406,25.8096866607666,72.158935546875,27.827173233032227,45.06807327270508,2
13:15:03.629,2.4809770584106445,397.4504699707031,26.0229549407959,27.674352645874023,72.31175231933594,44.665184020996094,2
13:15:03.629,5.439929962158203,403.0625,25.742528915405273,71.15865325927734,28.82745361328125,62.12837219238281,2
13:15:03.629,2.130629301071167,404.308349609375,25.678531646728516,30.34176254272461,69.64434051513672,31.953319549560547,2
13:15:03.630,5.017496585845947,401.5778503417969,25.814964294433594,61.62822723388672,28.674633026123047,71.31147766113281,2
13:15:03.630,1.6750463247299194,403.7831115722656,25.70494842529297,45.9849967956543,72.13114166259766,27.854961395263672,2
13:15:03.630,4.599835395812988,403.4757080078125,25.719453811645508,45.665462493896484,27.854961395263672,72.13114166259766,2
13:15:03.630,1.1995514631271362,402.9203796386719,25.747629165649414,64.00389099121094,70.7696533203125,29.216449737548828,2
13:15:03.630,4.130613327026367,399.8525390625,25.900114059448242,29.9527645111084,32.55070877075195,70.03334045410156,2
13:15:03.630,0.7036464810371399,394.7924499511719,26.155351638793945,72.28396606445312,57.01583480834961,27.70214080810547,2
13:15:03.630,3.6743991374969482,399.14910888671875,25.93638038635254,27.53542709350586,49.638790130615234,72.45067596435547,2
13:15:03.630,0.2951119840145111,394.5701904296875,26.165800094604492,72.06168365478516,41.108642578125,27.92442512512207,2
13:15:03.630,3.219114303588867,399.7841491699219,25.90477752685547,29.75826644897461,66.75465393066406,70.22784423828125,2
13:15:03.630,6.213572025299072,402.4903259277344,25.768564224243164,70.04723358154297,29.938871383666992,33.036956787109375,2
13:15:03.630,2.8083724975585938,400.58538818359375,25.863492965698242,27.993886947631836,71.99221801757812,57.33536911010742,2
13:15:03.630,5.765219688415527,402.0080261230469,25.791648864746094,72.32564544677734,27.66046142578125,49.77771759033203,2
13:15:03.630,2.376499652862549,398.8913269042969,25.946903228759766,28.17449188232422,71.81161499023438,40.69186019897461,2
13:15:03.630,5.275936603546143,402.6680908203125,25.759620666503906,69.74159240722656,30.244510650634766,67.96332550048828,2
13:15:03.630,1.9820255041122437,405.8419494628906,25.59992790222168,34.64851379394531,70.31119537353516,29.674907684326172,2
13:15:03.630,4.854683876037598,401.4583435058594,25.81853485107422,55.487632751464844,27.854961395263672,72.13114166259766,2
13:15:03.630,1.4921691417694092,401.79150390625,25.801498413085938,53.02861785888672,72.27008056640625,27.716032028198242,2
13:15:03.630,4.403825759887695,398.11029052734375,25.985361099243164,38.14948654174805,28.549596786499023,71.43651580810547,2
13:15:03.630,1.0270326137542725,403.7655334472656,25.70302391052246,69.49152374267578,68.58849334716797,30.494583129882812,2
13:15:03.630,4.000818729400635,402.34942626953125,25.772310256958008,28.924699783325195,37.26034927368164,71.06140899658203,2
13:15:03.630,0.589427649974823,396.6112365722656,26.0589599609375,72.5062484741211,52.570159912109375,27.479854583740234,2
13:15:03.630,3.5491700172424316,401.11614990234375,25.832273483276367,27.771604537963867,54.47346496582031,72.2145004272461,2
13:15:03.630,0.21731585264205933,397.4644775390625,26.013093948364258,71.47818756103516,38.23284149169922,28.507917404174805,2
13:15:03.903,3.1328752040863037,402.31390380859375,25.76881980895996,30.564044952392578,69.42205810546875,69.03306579589844,2
13:15:03.903,6.109291076660156,402.3530578613281,25.765369415283203,70.95026397705078,29.035842895507812,36.74631881713867,2
13:15:03.903,2.6901865005493164,398.54168701171875,25.95616912841797,27.577104568481445,72.40900421142578,52.80633544921875,2
13:15:03.903,5.6626667976379395,401.6478271484375,25.800722122192383,72.2283935546875,27.757709503173828,53.737152099609375,2
13:15:03.903,2.2971956729888916,398.3296203613281,25.96564483642578,28.646846771240234,71.33926391601562,37.704917907714844,2
13:15:03.903,5.1924824714660645,399.9686279296875,25.883586883544922,67.92164611816406,30.1055850982666,69.88052368164062,2
13:15:03.903,1.8890786170959473,403.3948669433594,25.711349487304688,37.92720031738281,71.14476013183594,28.84134292602539,2
13:15:03.903,4.766145706176758,399.5187072753906,25.905189514160156,52.08390808105469,27.59099578857422,72.39511108398438,2
13:15:03.903,1.4447458982467651,403.6849670410156,25.69637107849121,54.83467483520508,72.07557678222656,27.91053009033203,2
13:15:03.903,4.344430923461914,401.3222351074219,25.814191818237305,36.06557083129883,29.133092880249023,70.85301208496094,2
13:15:03.903,0.9193155765533447,395.1504211425781,26.12388038635254,70.86690521240234,65.1014175415039,29.119199752807617,2
13:15:03.903,3.9094018936157227,401.09478759765625,25.825136184692383,28.285634994506836,40.62239456176758,71.70046997070312,2
13:15:03.903,0.5077372193336487,395.67718505859375,26.095674514770508,72.58960723876953,49.37482833862305,27.396499633789062,2
13:15:03.903,3.4765357971191406,400.2134094238281,25.868425369262695,27.993886947631836,57.265907287597656,71.99221801757812,2
13:15:03.903,0.116875059902668,395.9647521972656,26.08119773864746,70.74187469482422,34.509586334228516,29.24423599243164,2
13:15:03.903,3.0406620502471924,400.1011962890625,25.87422752380371,29.563766479492188,70.4223403930664,65.90719604492188,2
13:15:03.903,5.973841190338135,400.9626770019531,25.831396102905273,71.8532943725586,28.132814407348633,41.761600494384766,2
13:15:03.903,2.581913471221924,398.0048522949219,25.979137420654297,27.50764274597168,72.47846984863281,48.58293914794922,2
13:15:03.903,5.533078193664551,400.8480224609375,25.836841583251953,71.79772186279297,28.188386917114258,58.696861267089844,2
13:15:03.903,2.1900367736816406,398.86834716796875,25.935819625854492,29.563766479492188,70.4223403930664,33.842735290527344,2
13:15:03.903,5.073696136474609,399.4214782714844,25.90849494934082,63.726036071777344,29.008058547973633,70.9780502319336,2
13:15:03.903,1.7676680088043213,404.840576171875,25.636871337890625,42.470130920410156,71.76993560791016,28.216171264648438,2
13:15:03.903,4.61137580871582,398.8965148925781,25.934829711914062,46.06835174560547,27.646568298339844,72.33953857421875,2
13:15:03.904,1.2854028940200806,405.97735595703125,25.581186294555664,60.79466247558594,71.25590515136719,28.730201721191406,2
13:15:03.904,4.191089630126953,400.39990234375,25.858333587646484,30.675188064575195,30.577939987182617,69.40816497802734,2
13:15:03.904,0.8083707690238953,397.4246826171875,26.006994247436523,71.60321807861328,60.94748306274414,28.382884979248047,2
13:15:04.176,3.757622480392456,400.99017333984375,25.829246520996094,27.716032028198242,46.415672302246094,72.27008056640625,2
13:15:04.176,0.3868800699710846,397.4080810546875,26.00786018371582,72.31175231933594,44.6790771484375,27.674352645874023,2
13:15:04.176,3.327502727508545,400.9770812988281,25.828594207763672,28.88302230834961,62.823001861572266,71.10308074951172,2
13:15:04.176,6.267836570739746,399.9941711425781,25.87687110900879,69.57488250732422,30.411226272583008,31.105863571166992,2
13:15:04.176,2.865176200866699,397.8236389160156,25.984844207763672,28.17449188232422,71.81161499023438,59.530426025390625,2
13:15:04.176,5.8735504150390625,402.764892578125,25.736299514770508,72.13114166259766,27.854961395263672,45.60988998413086,2
13:15:04.176,2.4904661178588867,400.0458068847656,25.869964599609375,27.771604537963867,72.2145004272461,45.05418395996094,2
13:15:04.176,5.431026458740234,402.3647155761719,25.75273323059082,71.10308074951172,28.88302230834961,62.4617919921875,2
13:15:04.176,2.0824553966522217,403.23724365234375,25.708450317382812,31.105863571166992,69.40816497802734,30.577939987182617,2
13:15:04.176,4.985607147216797,400.49053955078125,25.846160888671875,60.44734573364258,28.43845558166504,71.54765319824219,2
13:15:04.176,1.6599971055984497,405.9837951660156,25.571395874023438,46.58238220214844,72.04779052734375,27.93831443786621,2
13:15:04.176,4.544075012207031,400.39898681640625,25.84956932067871,43.49819564819336,27.92442512512207,72.06168365478516,2
13:15:04.176,1.1751275062561035,402.9291076660156,25.723405838012695,64.865234375,70.54737091064453,29.43873405456543,2
13:15:04.176,4.116783618927002,400.66156005859375,25.83622169494629,29.85551643371582,33.07863235473633,70.1305923461914,2
13:15:04.176,0.7227703332901001,397.8857727050781,25.974950790405273,72.04779052734375,57.69657897949219,27.93831443786621,2
13:15:04.176,3.670065402984619,399.71075439453125,25.88302993774414,27.577104568481445,49.80550003051758,72.40900421142578,2
13:15:04.176,0.27593761682510376,394.906982421875,26.123178482055664,71.9227523803711,40.3862190246582,28.063350677490234,2
13:15:04.176,3.214237928390503,401.2769470214844,25.80508041381836,29.88330078125,66.86579895019531,70.1028060913086,2
13:15:04.176,6.183062553405762,401.0980224609375,25.812339782714844,70.36676788330078,29.619338989257812,34.07891082763672,2
13:15:04.176,2.7899532318115234,398.89019775390625,25.923603057861328,27.868852615356445,72.11725616455078,56.64073181152344,2
13:15:04.176,5.717501163482666,400.2831726074219,25.85494041442871,72.36732482910156,27.618783950805664,51.62545394897461,2
13:15:04.176,2.3632233142852783,399.59130859375,25.88995361328125,28.299528121948242,71.68657684326172,40.20561218261719,2
13:15:04.176,5.266845226287842,400.4771728515625,25.846290588378906,69.71380615234375,30.27229881286621,68.33843231201172,2
13:15:04.176,1.9659157991409302,405.38568115234375,25.60096549987793,35.218116760253906,70.45012664794922,29.535982131958008,2
13:15:04.176,4.824066638946533,400.3670349121094,25.851943969726562,54.32064437866211,27.743816375732422,72.2422866821289,2
13:15:04.176,1.4888291358947754,403.9219970703125,25.674144744873047,53.1397590637207,72.158935546875,27.827173233032227,2
13:15:04.176,4.380979061126709,399.7257995605469,25.883441925048828,37.35759735107422,28.799667358398438,71.18643951416016,2
13:15:04.176,0.9733565449714661,403.52020263671875,25.69481658935547,70.03334045410156,66.75465393066406,29.9527645111084,2
13:15:04.440,3.9054465293884277,397.602294921875,25.99060821533203,28.132814407348633,40.719642639160156,71.8532943725586,2
13:15:04.440,0.5132646560668945,393.824951171875,26.180360794067383,72.65907287597656,49.58321762084961,27.32703399658203,2
13:15:04.440,3.4933888912200928,401.09515380859375,25.815074920654297,27.966102600097656,56.61294937133789,72.02000427246094,2
13:15:04.440,0.1541077345609665,396.54791259765625,26.04098892211914,71.01972961425781,35.88496780395508,28.966379165649414,2
13:15:04.440,3.034632444381714,397.38275146484375,26.00041961669922,29.39705467224121,70.58905029296875,65.78215789794922,2
13:15:04.440,6.018525123596191,402.0699157714844,25.765522003173828,71.5615463256836,28.424560546875,40.0944709777832,2
13:15:04.440,2.6206789016723633,398.0726318359375,25.965084075927734,27.50764274597168,72.47846984863281,50.097251892089844,2
13:15:04.440,5.566015243530273,399.5848693847656,25.888578414916992,71.99221801757812,27.993886947631836,57.46040344238281,2
13:15:04.440,2.2515347003936768,397.6702575683594,25.98346519470215,28.98027229309082,71.0058364868164,36.023895263671875,2
13:15:04.440,5.152049541473389,401.67510986328125,25.782611846923828,66.44901275634766,29.78605079650879,70.20005798339844,2
13:15:04.440,1.848405361175537,407.44384765625,25.492399215698242,39.5109748840332,71.22811889648438,28.75798988342285,2
13:15:04.440,4.708223342895508,399.9292297363281,25.866626739501953,49.83328628540039,27.59099578857422,72.39511108398438,2
13:15:04.440,1.3614366054534912,404.51556396484375,25.63727569580078,57.98832702636719,71.71436309814453,28.271739959716797,2
13:15:04.440,4.262002944946289,399.369873046875,25.893949508666992,33.07863235473633,29.799943923950195,70.18616485595703,2
13:15:04.440,0.8489898443222046,395.89251708984375,26.068716049194336,71.38093566894531,62.48958206176758,28.60516929626465,2
13:15:04.440,3.8349835872650146,400.4126892089844,25.84048080444336,27.93831443786621,43.442623138427734,72.04779052734375,2
13:15:04.440,0.44816240668296814,397.5644226074219,25.983055114746094,72.43678283691406,47.05473709106445,27.549320220947266,2
13:15:04.440,3.3951516151428223,400.5909423828125,25.832006454467773,28.43845558166504,60.33620071411133,71.54765319824219,2
13:15:04.440,0.07442040741443634,396.8286437988281,26.01930809020996,70.29730987548828,33.050846099853516,29.68880271911621,2
13:15:04.440,2.934690237045288,397.44329833984375,25.98918914794922,28.60516929626465,71.38093566894531,62.12837219238281,2
13:15:04.440,5.9020256996154785,400.4620056152344,25.8377628326416,72.1450424194336,27.841068267822266,44.484580993652344,2
13:15:04.440,2.51338791847229,397.7963562011719,25.97117805480957,27.618783950805664,72.36732482910156,45.92942428588867,2
13:15:04.440,5.4744086265563965,400.3802795410156,25.84076499938965,71.46429443359375,28.521812438964844,60.89191436767578,2
13:15:04.440,2.125915050506592,402.75823974609375,25.722150802612305,30.355653762817383,69.63044738769531,31.758821487426758,2
13:15:04.440,4.983028411865234,397.8722229003906,25.967344284057617,60.40566635131836,28.327312469482422,71.65879821777344,2
13:15:04.440,1.6901992559432983,404.6046447753906,25.63157081604004,45.4153938293457,72.03389739990234,27.95220947265625,2
13:15:04.440,4.552859306335449,399.6528015136719,25.87946128845215,43.83161926269531,27.868852615356445,72.11725616455078,2
13:15:04.710,1.1966596841812134,405.52838134765625,25.586997985839844,64.01778411865234,70.61683654785156,29.3692684173584,2
13:15:04.710,4.099360942840576,399.45245361328125,25.889808654785156,29.647123336791992,33.66212844848633,70.33898162841797,2
13:15:04.710,0.6909441947937012,394.8078918457031,26.122886657714844,72.29785919189453,56.51570129394531,27.688247680664062,2
13:15:04.710,3.671664237976074,400.6160888671875,25.831464767456055,27.618783950805664,49.73603820800781,72.36732482910156,2
13:15:04.710,0.29684126377105713,395.5211181640625,26.085765838623047,72.00611114501953,41.19199752807617,27.97999382019043,2
13:15:04.710,3.2112889289855957,397.92413330078125,25.965229034423828,29.78605079650879,67.07418823242188,70.20005798339844,2
13:15:04.710,6.19825553894043,402.51580810546875,25.735782623291016,70.17227172851562,29.813838958740234,33.59266662597656,2
13:15:04.710,2.76572322845459,398.72052001953125,25.92498016357422,27.78549575805664,72.20061492919922,55.72380828857422,2
13:15:04.710,5.737362384796143,401.6338195800781,25.779054641723633,72.31175231933594,27.674352645874023,50.84745788574219,2
13:15:04.710,2.332745313644409,397.80712890625,25.97100830078125,28.410669326782227,71.575439453125,39.02472686767578,2
13:15:04.710,5.264051914215088,402.79901123046875,25.722278594970703,69.58877563476562,30.39733123779297,68.33843231201172,2
13:15:04.710,1.9660675525665283,404.8743591308594,25.617124557495117,35.190330505371094,70.4640121459961,29.5220890045166,2
13:15:04.710,4.870273113250732,401.35589599609375,25.79196548461914,56.07113265991211,27.93831443786621,72.04779052734375,2
13:15:04.710,1.5342727899551392,406.63275146484375,25.528377532958984,51.389278411865234,72.08946990966797,27.896636962890625,2
13:15:04.710,4.4279279708862305,401.4154968261719,25.787673950195312,39.13587188720703,28.56348991394043,71.42261505126953,2
13:15:04.710,1.0423909425735474,406.6724853515625,25.524351119995117,69.18588256835938,68.97749328613281,30.80022430419922,2
13:15:04.710,4.016427516937256,402.26202392578125,25.741771697998047,29.063629150390625,36.70464324951172,70.92247772216797,2
13:15:04.710,0.5778892040252686,395.7012939453125,26.070070266723633,72.5340347290039,52.111698150634766,27.452070236206055,2
13:15:04.710,3.5388143062591553,399.08758544921875,25.90036964416504,27.743816375732422,54.89024353027344,72.2422866821289,2
13:15:04.710,0.1759767085313797,395.6491394042969,26.07223129272461,71.22811889648438,36.67685317993164,28.75798988342285,2
13:15:04.710,3.0985424518585205,398.89849853515625,25.908931732177734,30.091690063476562,69.89441680908203,67.96332550048828,2
13:15:04.710,6.064064025878906,401.9170227050781,25.75731658935547,71.2697982788086,28.716310501098633,38.413448333740234,2
13:15:04.710,2.660099983215332,397.93475341796875,25.9567813873291,27.53542709350586,72.45067596435547,51.62545394897461,2
13:15:04.710,5.626143932342529,402.6684875488281,25.72026252746582,72.07557678222656,27.91053009033203,55.12642288208008,2
13:15:04.710,2.2706663608551025,396.9556884765625,26.00446319580078,28.81355857849121,71.17254638671875,36.71853256225586,2
13:15:04.710,5.195855617523193,401.7925720214844,25.76301383972168,67.96332550048828,30.244510650634766,69.74159240722656,2
13:15:04.979,1.8412352800369263,403.0788879394531,25.69940185546875,39.69158172607422,71.43651580810547,28.549596786499023,2
13:15:04.979,4.750689506530762,401.9937744140625,25.75359535217285,51.472633361816406,27.70214080810547,72.28396606445312,2
13:15:04.979,1.3624354600906372,401.8177490234375,25.763328552246094,57.98832702636719,71.82550048828125,28.160598754882812,2
13:15:04.979,4.269316673278809,397.1102294921875,25.99886131286621,33.27313232421875,29.647123336791992,70.33898162841797,2
13:15:04.979,0.8455725312232971,394.4002380371094,26.137174606323242,71.46429443359375,62.40622329711914,28.521812438964844,2
13:15:04.979,3.820483684539795,398.93988037109375,25.909202575683594,27.827173233032227,43.984439849853516,72.158935546875,2
13:15:04.979,0.43809768557548523,395.40081787109375,26.086820602416992,72.5062484741211,46.65184783935547,27.479854583740234,2
13:15:04.979,3.3794898986816406,400.3207702636719,25.84108543395996,28.521812438964844,60.919700622558594,71.46429443359375,2
13:15:04.979,0.07775726169347763,402.0249328613281,25.75517463684082,70.11669921875,33.328704833984375,29.869407653808594,2
13:15:04.979,2.954580068588257,400.431396484375,25.83438491821289,28.869131088256836,71.11698150634766,62.795223236083984,2
13:15:04.979,5.914918899536133,401.9255676269531,25.759061813354492,72.03389739990234,27.95220947265625,44.01222610473633,2
13:15:04.979,2.509941339492798,398.3719177246094,25.936445236206055,27.66046142578125,72.32564544677734,45.80438995361328,2
13:15:04.979,5.443672180175781,401.2093200683594,25.796415328979492,71.22811889648438,28.75798988342285,62.01722717285156,2
13:15:04.979,2.133204221725464,405.8340148925781,25.564516067504883,30.411226272583008,69.57488250732422,32.120033264160156,2
13:15:04.979,5.000808238983154,400.24871826171875,25.843732833862305,61.01694869995117,28.53570556640625,71.45040130615234,2
13:15:04.979,1.6301255226135254,400.8266296386719,25.81509780883789,47.69380569458008,72.31175231933594,27.674352645874023,2
13:15:04.979,4.540308475494385,397.7022705078125,25.971948623657227,43.317588806152344,27.827173233032227,72.158935546875,2
13:15:04.979,1.1947546005249023,404.9057312011719,25.61216926574707,64.10114288330078,70.63072967529297,29.355377197265625,2
13:15:04.979,4.149752616882324,401.9071350097656,25.760051727294922,30.258405685424805,31.994998931884766,69.72769927978516,2
13:15:04.979,0.7032500505447388,395.3182373046875,26.090055465698242,72.2283935546875,56.98805618286133,27.757709503173828,2
13:15:04.979,3.6841702461242676,400.61456298828125,25.823827743530273,27.632675170898438,49.2636833190918,72.35343170166016,2
13:15:04.979,0.3047880232334137,396.262939453125,26.04013442993164,72.00611114501953,41.51152801513672,27.97999382019043,2
13:15:04.980,3.2676212787628174,401.1884765625,25.792646408081055,29.39705467224121,64.97637939453125,70.58905029296875,2
13:15:04.980,6.211841106414795,401.7861328125,25.76203155517578,70.06112670898438,29.92498016357422,33.10641860961914,2
13:15:04.980,2.821263551712036,399.2933349609375,25.88656234741211,28.035566329956055,71.95054626464844,57.835506439208984,2
13:15:04.980,5.766383647918701,401.1383056640625,25.794179916381836,72.32564544677734,27.66046142578125,49.73603820800781,2
13:15:04.980,2.409923553466797,399.2085876464844,25.889463424682617,28.049457550048828,71.9366455078125,41.96998977661133,2
13:15:05.244,5.314749240875244,401.0463562011719,25.797727584838867,70.15837860107422,29.827728271484375,66.64350891113281,2
13:15:05.244,1.9919346570968628,402.2474365234375,25.737199783325195,34.217838287353516,70.33898162841797,29.647123336791992,2
13:15:05.244,4.867101192474365,398.96044921875,25.902482986450195,55.973880767822266,27.827173233032227,72.158935546875,2
13:15:05.245,1.5552263259887695,402.8284912109375,25.70890235900879,50.597389221191406,72.25617980957031,27.72992515563965,2
13:15:05.245,4.45982027053833,401.7604675292969,25.76264762878418,40.330650329589844,28.382884979248047,71.60321807861328,2
13:15:05.245,1.0486750602722168,403.0209045410156,25.700611114501953,69.21366882324219,69.28313446044922,30.702972412109375,2
13:15:05.245,4.012714862823486,400.656494140625,25.818201065063477,28.966379165649414,36.8018913269043,71.01972961425781,2
13:15:05.245,0.5916473269462585,394.33721923828125,26.134185791015625,72.57572174072266,52.65351486206055,27.410390853881836,2
13:15:05.245,3.56658935546875,400.34722900390625,25.833736419677734,27.72992515563965,53.80661392211914,72.25617980957031,2
13:15:05.245,0.19088727235794067,395.70013427734375,26.066795349121094,71.32537078857422,37.21867370605469,28.660737991333008,2
13:15:05.245,3.1114673614501953,398.8924255371094,25.907270431518555,30.230621337890625,69.75548553466797,68.40789031982422,2
13:15:05.245,6.077269554138184,400.8900451660156,25.807844161987305,71.22811889648438,28.75798988342285,37.899417877197266,2
13:15:05.245,2.6633660793304443,398.3116149902344,25.937227249145508,27.549320220947266,72.43678283691406,51.764381408691406,2
13:15:05.245,5.617645263671875,401.25421142578125,25.78990936279297,72.10336303710938,27.88274574279785,55.4598503112793,2
13:15:05.245,2.265556573867798,399.4445495605469,25.88037872314453,28.952486038208008,71.03362274169922,36.59349822998047,2
13:15:05.245,5.16310977935791,400.1443786621094,25.845367431640625,66.87969207763672,29.841623306274414,70.14448547363281,2
13:15:05.245,1.8424664735794067,403.7001037597656,25.667407989501953,39.663795471191406,71.40872192382812,28.577381134033203,2
13:15:05.245,4.701244354248047,399.20404052734375,25.893312454223633,49.5554313659668,27.577104568481445,72.40900421142578,2
13:15:05.245,1.3835949897766113,406.748046875,25.516334533691406,57.11308670043945,71.70046997070312,28.285634994506836,2
13:15:05.245,4.26400899887085,400.1553039550781,25.84447479248047,33.18977355957031,29.827728271484375,70.15837860107422,2
13:15:05.245,0.8803214430809021,397.2781066894531,25.988431930541992,71.08918762207031,63.60099792480469,28.896915435791016,2
13:15:05.245,3.847907781600952,400.982666015625,25.803630828857422,28.02167320251465,42.95637512207031,71.96443939208984,2
13:15:05.245,0.4551924765110016,397.37066650390625,25.983983993530273,72.43678283691406,47.33259201049805,27.549320220947266,2
13:15:05.245,3.4120116233825684,401.3941345214844,25.782094955444336,28.382884979248047,59.68324661254883,71.60321807861328,2
13:15:05.245,0.03937495872378349,396.1959228515625,26.041227340698242,69.94998168945312,31.814393997192383,30.036121368408203,2
13:15:05.245,2.9512720108032227,398.1864318847656,25.941417694091797,28.75798988342285,71.22811889648438,62.72575759887695,2
13:15:05.245,5.9160966873168945,400.9237060546875,25.80351448059082,72.06168365478516,27.92442512512207,43.9566535949707,2
13:15:05.512,2.5657784938812256,400.63665771484375,25.816707611083984,27.66046142578125,72.32564544677734,47.97166061401367,2
13:15:05.512,5.492210388183594,402.0872802734375,25.7435359954834,71.49208068847656,28.494028091430664,60.1972770690918,2
13:15:05.512,2.1721956729888916,398.9760437011719,25.89823341369629,29.75826644897461,70.22784423828125,33.24534606933594,2
13:15:05.512,5.0290446281433105,399.66497802734375,25.864429473876953,62.07279586791992,28.702417373657227,71.28369140625,2
13:15:05.512,1.738375186920166,406.3724060058594,25.52849769592285,43.609336853027344,71.79772186279297,28.188386917114258,2
13:15:05.512,4.587856769561768,399.9372253417969,25.849708557128906,45.17921447753906,27.78549575805664,72.20061492919922,2
13:15:05.512,1.2406054735183716,402.72332763671875,25.7109432220459,62.503475189208984,71.06140899658203,28.924699783325195,2
13:15:05.512,4.160895347595215,400.5312805175781,25.82040786743164,30.327869415283203,31.564321517944336,69.65824127197266,2
13:15:05.512,0.7801902890205383,397.7255859375,25.96096420288086,71.74215698242188,59.877742767333984,28.243955612182617,2
13:15:05.512,3.7294232845306396,399.6117858886719,25.866086959838867,27.632675170898438,47.499305725097656,72.35343170166016,2
13:15:05.512,0.31986042857170105,394.02606201171875,26.14578628540039,72.1728286743164,42.053348541259766,27.813282012939453,2
13:15:05.513,3.2617838382720947,401.04541015625,25.79564666748047,29.452625274658203,65.18476867675781,70.53348541259766,2
13:15:05.513,6.226077556610107,401.1470642089844,25.78929328918457,69.93608856201172,30.050012588500977,32.592384338378906,2
13:15:05.513,2.833735227584839,398.962890625,25.89940643310547,28.07724380493164,71.90885925292969,58.307861328125,2
13:15:05.513,5.762363433837891,400.3150329589844,25.832632064819336,72.36732482910156,27.618783950805664,49.888858795166016,2
13:15:05.513,2.4105374813079834,399.2174377441406,25.88730812072754,28.049457550048828,71.9366455078125,41.997779846191406,2
13:15:05.513,5.325064182281494,400.0826110839844,25.844642639160156,70.29730987548828,29.68880271911621,66.3100814819336,2
13:15:05.513,2.009833335876465,404.508544921875,25.623544692993164,33.66212844848633,70.07501983642578,29.91108512878418,2
13:15:05.513,4.867434024810791,399.92596435546875,25.853336334228516,55.98777389526367,27.868852615356445,72.11725616455078,2
13:15:05.513,1.5334581136703491,404.2479553222656,25.637737274169922,51.43095397949219,72.18672180175781,27.799388885498047,2
13:15:05.513,4.425545692443848,399.92010498046875,25.853303909301758,39.02472686767578,28.521812438964844,71.46429443359375,2
13:15:05.513,1.0309704542160034,403.6532287597656,25.667577743530273,69.42205810546875,68.69963836669922,30.564044952392578,2
13:15:05.513,3.9497463703155518,397.70404052734375,25.964885711669922,28.410669326782227,39.052513122558594,71.575439453125,2
13:15:05.513,0.5512045621871948,393.7864990234375,26.162168502807617,72.64517974853516,51.06974411010742,27.340927124023438,2
13:15:05.513,3.5221827030181885,400.2901306152344,25.835580825805664,27.841068267822266,55.515419006347656,72.1450424194336,2
13:15:05.513,0.18160733580589294,397.0378112792969,25.99744415283203,71.20033264160156,36.91303253173828,28.78577423095703,2
13:15:05.513,3.0647003650665283,397.6547546386719,25.967363357543945,29.71658706665039,70.26951599121094,66.8241195678711,2
13:15:05.775,6.064029216766357,402.6773376464844,25.715961456298828,71.24201202392578,28.744094848632812,38.42734146118164,2
13:15:05.775,2.6637678146362305,399.7549743652344,25.86115074157715,27.618783950805664,72.36732482910156,51.764381408691406,2
13:15:05.775,5.609679222106934,399.8285217285156,25.856576919555664,72.13114166259766,27.854961395263672,55.77938461303711,2
13:15:05.775,2.2724733352661133,396.86798095703125,26.003522872924805,28.799667358398438,71.18643951416016,36.787994384765625,2
13:15:05.775,5.198209762573242,402.331787109375,25.72993278503418,68.0188980102539,30.286190032958984,69.69992065429688,2
13:15:05.775,1.8603025674819946,404.85968017578125,25.602201461791992,39.02472686767578,71.24201202392578,28.744094848632812,2
13:15:05.775,4.738971710205078,399.2076110839844,25.883907318115234,51.02806091308594,27.59099578857422,72.39511108398438,2
13:15:05.775,1.3931001424789429,404.09906005859375,25.63983917236328,56.79355239868164,71.8532943725586,28.132814407348633,2
13:15:05.775,4.291323661804199,399.47900390625,25.870712280273438,34.13447952270508,29.549875259399414,70.43623352050781,2
13:15:05.775,0.8622320294380188,394.99273681640625,26.09604263305664,71.31147766113281,62.98971939086914,28.674633026123047,2
13:15:05.775,3.8646786212921143,401.1484680175781,25.786378860473633,28.105030059814453,42.33120346069336,71.8810806274414,2
13:15:05.775,0.4648577570915222,396.9867248535156,25.994125366210938,72.4645767211914,47.707698822021484,27.52153205871582,2
13:15:05.775,3.410053014755249,400.26922607421875,25.83070945739746,28.34120750427246,59.7666015625,71.64490509033203,2
13:15:05.775,0.0831136554479599,397.4598388671875,25.970539093017578,70.33898162841797,33.384273529052734,29.647123336791992,2
13:15:05.775,2.963970184326172,397.822998046875,25.95261001586914,28.85523796081543,71.13087463378906,63.19811248779297,2
13:15:05.775,5.915407657623291,399.7544860839844,25.855819702148438,72.11725616455078,27.868852615356445,43.97054672241211,2
13:15:05.775,2.5258686542510986,397.33551025390625,25.977428436279297,27.59099578857422,72.39511108398438,46.40177917480469,2
13:15:05.775,5.4737019538879395,400.6227111816406,25.813405990600586,71.43651580810547,28.549596786499023,60.90580749511719,2
13:15:05.775,2.142483949661255,403.3870544433594,25.675289154052734,30.230621337890625,69.75548553466797,32.3562126159668,2
13:15:05.775,4.982543468475342,397.4997863769531,25.971067428588867,60.39177703857422,28.313419342041016,71.67268371582031,2
13:15:05.775,1.6906769275665283,403.92950439453125,25.65009880065918,45.38760757446289,72.04779052734375,27.93831443786621,2
13:15:05.775,4.5684614181518555,399.93402099609375,25.84998321533203,44.42900848388672,27.841068267822266,72.1450424194336,2
13:15:05.775,1.2096803188323975,403.7347412109375,25.660860061645508,63.58710479736328,70.7835464477539,29.202556610107422,2
13:15:05.775,4.1311211585998535,400.3798522949219,25.828094482421875,30.008337020874023,32.592384338378906,69.97777557373047,2
13:15:05.775,0.7058506608009338,394.4089050292969,26.127424240112305,72.2422866821289,57.09919357299805,27.743816375732422,2
13:15:05.775,3.686452627182007,400.5069274902344,25.821096420288086,27.632675170898438,49.16643524169922,72.35343170166016,2
13:15:05.775,0.301641047000885,394.5209045410156,26.120227813720703,72.06168365478516,41.37260437011719,27.92442512512207,2
13:15:06.039,3.210174322128296,397.4264221191406,25.975322723388672,29.78605079650879,67.1158676147461,70.20005798339844,2
13:15:06.039,6.196943759918213,401.8499755859375,25.754507064819336,70.20005798339844,29.78605079650879,33.634342193603516,2
13:15:06.039,2.7795791625976562,399.37872314453125,25.877878189086914,27.868852615356445,72.11725616455078,56.23784637451172,2
13:15:06.039,5.750510215759277,402.237060546875,25.734638214111328,72.28396606445312,27.70214080810547,50.34731674194336,2
13:15:06.039,2.332207441329956,397.5001220703125,25.972251892089844,28.410669326782227,71.575439453125,39.01083755493164,2
13:15:06.039,5.24627685546875,402.5909118652344,25.718957901000977,69.39427947998047,30.59183120727539,68.9358139038086,2
13:15:06.039,1.965457797050476,404.530029296875,25.6208438873291,35.218116760253906,70.4779052734375,29.508197784423828,2
13:15:06.039,4.855520725250244,401.207763671875,25.7861328125,55.515419006347656,27.896636962890625,72.08946990966797,2
13:15:06.039,1.5360080003738403,405.88360595703125,25.552688598632812,51.3198127746582,72.10336303710938,27.88274574279785,2
13:15:06.039,4.412487983703613,401.0446472167969,25.79366111755371,38.56626892089844,28.646846771240234,71.33926391601562,2
13:15:06.039,1.030000925064087,407.04681396484375,25.49376678466797,69.29702758789062,68.54682159423828,30.6890811920166,2
13:15:06.039,3.9856364727020264,401.3023376464844,25.777976989746094,28.799667358398438,37.81605911254883,71.18643951416016,2
13:15:06.039,0.5942195057868958,396.9040832519531,25.997291564941406,72.45067596435547,52.75076675415039,27.53542709350586,2
13:15:06.039,3.5384740829467773,398.865234375,25.89903450012207,27.743816375732422,54.90414047241211,72.2422866821289,2
13:15:06.039,0.18635250627994537,395.51348876953125,26.06638526916504,71.29757690429688,37.05195617675781,28.688522338867188,2
13:15:06.039,3.0807690620422363,397.8906555175781,25.9476375579834,29.88330078125,70.1028060913086,67.36593627929688,2
13:15:06.039,6.048037052154541,401.0344543457031,25.789575576782227,71.40872192382812,28.577381134033203,38.98305130004883,2
13:15:06.039,2.6472160816192627,397.1352844238281,25.98488998413086,27.49374771118164,72.49236297607422,51.12531280517578,2
13:15:06.039,5.613914489746094,401.796875,25.752002716064453,72.06168365478516,27.92442512512207,55.598777770996094,2
13:15:06.039,2.2611019611358643,397.9092102050781,25.945587158203125,28.938594818115234,71.04751586914062,36.39900207519531,2
13:15:06.040,5.18030309677124,401.2294006347656,25.779741287231445,67.4354019165039,30.063905715942383,69.92220306396484,2
13:15:06.040,1.84243643283844,404.24383544921875,25.62995719909668,39.67768859863281,71.38093566894531,28.60516929626465,2
13:15:06.040,4.719122886657715,400.9918518066406,25.79292869567871,50.25007247924805,27.66046142578125,72.32564544677734,2
13:15:06.040,1.363845705986023,402.8960266113281,25.69854164123535,57.91886520385742,71.76993560791016,28.216171264648438,2
13:15:06.040,4.257966995239258,398.09521484375,25.93854522705078,32.91191864013672,29.813838958740234,70.17227172851562,2
13:15:06.040,0.8477823734283447,394.9621887207031,26.096677780151367,71.42261505126953,62.4617919921875,28.56348991394043,2
13:15:06.041,3.820378303527832,399.5305480957031,25.867036819458008,27.854961395263672,43.99833297729492,72.13114166259766,2
13:15:06.041,0.412547767162323,394.1279296875,26.138141632080078,72.49236297607422,45.65156936645508,27.49374771118164,2
13:15:06.041,3.3549482822418213,399.4511413574219,25.87227439880371,28.660737991333008,61.83662414550781,71.32537078857422,2
13:15:06.041,0.04578316584229469,401.0503845214844,25.791988372802734,69.824951171875,32.203392028808594,30.161157608032227,2
13:15:06.041,2.9231109619140625,399.4430236816406,25.87270736694336,28.619060516357422,71.36705017089844,61.6560173034668,2
13:15:06.041,5.8851542472839355,401.1070861816406,25.78927230834961,72.1450424194336,27.841068267822266,45.151432037353516,2
13:15:06.041,2.4927382469177246,398.9988098144531,25.89472007751465,27.743816375732422,72.2422866821289,45.13753890991211,2
13:15:06.041,5.428714752197266,401.503662109375,25.770950317382812,71.10308074951172,28.88302230834961,62.54515075683594,2
13:15:06.041,2.121004343032837,406.7496643066406,25.507556915283203,30.577939987182617,69.40816497802734,31.744930267333984,2
13:15:06.041,4.987283706665039,401.2571105957031,25.781986236572266,60.48902130126953,28.507917404174805,71.47818756103516,2
13:15:06.041,1.614945650100708,401.8386535644531,25.753137588500977,48.29119110107422,72.27008056640625,27.716032028198242,2
13:15:06.042,4.522426605224609,398.6156005859375,25.91474723815918,42.650733947753906,27.95220947265625,72.03389739990234,2
13:15:06.042,1.1679753065109253,404.08538818359375,25.641517639160156,65.0736312866211,70.4223403930664,29.563766479492188,2
13:15:06.042,4.118476390838623,401.33843994140625,25.777420043945312,29.92498016357422,33.06473922729492,70.06112670898438,2
13:15:06.042,0.6893919110298157,396.2484130859375,26.032949447631836,72.2283935546875,56.432342529296875,27.757709503173828,2
13:15:06.042,3.6676886081695557,401.2617492675781,25.781208038330078,27.66046142578125,49.90275192260742,72.32564544677734,2
13:15:06.042,0.2927287518978119,396.7502136230469,26.00551414489746,71.9227523803711,41.06696319580078,28.063350677490234,2
13:15:06.042,3.2427566051483154,401.8943786621094,25.74695587158203,29.66101837158203,65.82383728027344,70.32508850097656,2
13:15:06.042,6.199038028717041,402.59210205078125,25.71096420288086,70.14448547363281,29.841623306274414,33.57876968383789,2
13:15:06.042,2.7909421920776367,398.6317443847656,25.909053802490234,27.896636962890625,72.08946990966797,56.68241500854492,2
13:15:06.042,5.75061559677124,402.1034851074219,25.735897064208984,72.28396606445312,27.70214080810547,50.33342742919922,2
13:15:06.042,2.369386911392212,397.9842224121094,25.941225051879883,28.216171264648438,71.76993560791016,40.41400146484375,2
13:15:06.042,5.284269332885742,400.97503662109375,25.791736602783203,69.85273742675781,30.13336944580078,67.6993637084961,2
13:15:06.042,1.9624141454696655,402.6922607421875,25.70553207397461,35.273685455322266,70.57515716552734,29.410945892333984,2
13:15:06.042,4.838228702545166,399.1645202636719,25.88257598876953,54.862464904785156,27.757709503173828,72.2283935546875,2
13:15:06.042,1.522668719291687,403.4570617675781,25.66771697998047,51.84773635864258,72.20061492919922,27.78549575805664,2
13:15:06.309,4.4198899269104,401.17388916015625,25.781970977783203,38.84412384033203,28.619060516357422,71.36705017089844,2
13:15:06.309,0.9981324672698975,404.3110656738281,25.626832962036133,69.72769927978516,67.56043243408203,30.258405685424805,2
13:15:06.309,3.9681930541992188,401.12646484375,25.785232543945312,28.674633026123047,38.45512390136719,71.31147766113281,2
13:15:06.309,0.5634487271308899,395.46771240234375,26.06774139404297,72.54792785644531,51.55598449707031,27.43817901611328,2
13:15:06.309,3.508937358856201,398.9288330078125,25.89501953125,27.841068267822266,56.0433464050293,72.1450424194336,2
13:15:06.309,0.14961905777454376,394.93585205078125,26.096054077148438,71.03362274169922,35.690467834472656,28.952486038208008,2
13:15:06.309,3.069265842437744,399.494140625,25.86794662475586,29.827728271484375,70.15837860107422,66.9213638305664,2
13:15:06.309,6.017040729522705,400.3138122558594,25.827545166015625,71.61711120605469,28.36899185180664,40.122257232666016,2
13:15:06.309,2.6081960201263428,397.26025390625,25.980398178100586,27.49374771118164,72.49236297607422,49.61100387573242,2
13:15:06.309,5.587696552276611,401.42388916015625,25.772069931030273,71.97832489013672,28.00777816772461,56.599056243896484,2
13:15:06.309,2.2286906242370605,399.6288757324219,25.861427307128906,29.27202033996582,70.7140884399414,35.273685455322266,2
13:15:06.309,5.1168131828308105,399.0403747558594,25.89120101928711,65.26812744140625,29.383161544799805,70.60295104980469,2
13:15:06.309,1.7978752851486206,404.64691162109375,25.610980987548828,41.344818115234375,71.60321807861328,28.382884979248047,2
13:15:06.309,4.656275749206543,398.9760437011719,25.89577293395996,47.81884002685547,27.604888916015625,72.38121795654297,2
13:15:06.309,1.3156259059906006,406.7469787597656,25.50766944885254,59.65545654296875,71.36705017089844,28.619060516357422,2
13:15:06.309,4.219632148742676,400.1600341796875,25.83538246154785,31.66157341003418,30.286190032958984,69.69992065429688,2
13:15:06.309,0.8229455351829529,397.39434814453125,25.973711013793945,71.49208068847656,61.48930358886719,28.494028091430664,2
13:15:06.309,3.787726640701294,400.95806884765625,25.7960262298584,27.827173233032227,45.2625732421875,72.158935546875,2
13:15:06.309,0.385110080242157,396.3936767578125,26.024473190307617,72.31175231933594,44.609615325927734,27.674352645874023,2
13:15:06.309,3.3506531715393066,401.611328125,25.763490676879883,28.771881103515625,61.94776153564453,71.21422576904297,2
13:15:06.309,6.266509532928467,399.45745849609375,25.870620727539062,69.57488250732422,30.411226272583008,31.147539138793945,2
13:15:06.310,2.879162549972534,397.55096435546875,25.96568489074707,28.271739959716797,71.71436309814453,60.044456481933594,2
13:15:06.310,5.873131275177002,402.6092529296875,25.71128273010254,72.11725616455078,27.868852615356445,45.62378692626953,2
13:15:06.310,2.4988536834716797,399.8619689941406,25.846994400024414,27.771604537963867,72.2145004272461,45.38760757446289,2
13:15:06.310,5.431058406829834,402.4335632324219,25.717426300048828,71.0752944946289,28.910810470581055,62.43401336669922,2
13:15:06.310,2.098332405090332,403.23138427734375,25.676925659179688,30.6890811920166,69.29702758789062,30.869686126708984,2
13:15:06.310,4.969977855682373,399.6029357910156,25.859201431274414,59.877742767333984,28.34120750427246,71.64490509033203,2
13:15:06.843,1.3236563205718994,404.8370056152344,0.0,0.0,0.0,0.0,0
13:15:06.843,1.3236563205718994,404.8370056152344,0.0,0.0,0.0,0.0,0
13:15:06.843,1.3236563205718994,404.8370056152344,0.0,0.0,0.0,0.0,0
13:15:06.843,1.3236563205718994,404.8370056152344,0.0,0.0,0.0,0.0,0
13:15:06.843,1.3236563205718994,404.8370056152344,0.0,0.0,0.0,0.0,0
13:15:06.843,1.3236563205718994,404.8370056152344,0.0,0.0,0.0,0.0,0
13:15:06.843,1.3236563205718994,404.8370056152344,0.0,0.0,0.0,0.0,0
13:15:06.843,1.3236563205718994,404.8370056152344,0.0,0.0,0.0,0.0,0
13:15:06.843,1.3236563205718994,404.8370056152344,0.0,0.0,0.0,0.0,0
13:15:06.843,1.3236563205718994,404.8370056152344,0.0,0.0,0.0,0.0,0
13:15:06.843,1.3236563205718994,404.8370056152344,0.0,0.0,0.0,0.0,0
13:15:06.843,1.3236563205718994,404.8370056152344,0.0,0.0,0.0,0.0,0
13:15:06.843,1.3236563205718994,404.8370056152344,0.0,0.0,0.0,0.0,0
13:15:06.843,1.3236563205718994,404.8370056152344,0.0,0.0,0.0,0.0,0
13:15:06.843,1.3236563205718994,404.8370056152344,0.0,0.0,0.0,0.0,0
13:15:06.843,1.3236563205718994,404.8370056152344,0.0,0.0,0.0,0.0,0
13:15:06.843,1.3236563205718994,404.8370056152344,0.0,0.0,0.0,0.0,0
13:15:06.843,1.3236563205718994,404.8370056152344,0.0,0.0,0.0,0.0,0
13:15:06.843,1.3236563205718994,404.8370056152344,0.0,0.0,0.0,0.0,0
13:15:06.843,1.3236563205718994,404.8370056152344,0.0,0.0,0.0,0.0,0
13:15:06.843,1.3236563205718994,404.8370056152344,0.0,0.0,0.0,0.0,0
13:15:06.843,1.3236563205718994,404.8370056152344,0.0,0.0,0.0,0.0,0
13:15:06.843,1.3236563205718994,404.8370056152344,0.0,0.0,0.0,0.0,0
13:15:06.843,1.3236563205718994,404.8370056152344,0.0,0.0,0.0,0.0,0
13:15:06.843,1.3236563205718994,404.8370056152344,0.0,0.0,0.0,0.0,0
13:15:06.843,1.3236563205718994,404.8370056152344,0.0,0.0,0.0,0.0,0
13:15:06.843,1.3236563205718994,404.8370056152344,0.0,0.0,0.0,0.0,0
13:15:06.844,1.3236563205718994,404.8370056152344,0.0,0.0,0.0,0.0,0
13:15:06.844,1.3236563205718994,404.8370056152344,0.0,0.0,0.0,0.0,0
13:15:06.844,1.3236563205718994,404.8370056152344,0.0,0.0,0.0,0.0,0
13:15:06.844,1.3236563205718994,404.8370056152344,0.0,0.0,0.0,0.0,0
13:15:06.844,1.3236563205718994,404.8370056152344,0.0,0.0,0.0,0.0,0
13:15:06.844,1.3236563205718994,404.8370056152344,0.0,0.0,0.0,0.0,0
13:15:06.844,1.3236563205718994,404.8370056152344,0.0,0.0,0.0,0.0,0
13:15:06.844,1.3236563205718994,404.8370056152344,0.0,0.0,0.0,0.0,0
13:15:06.844,1.3236563205718994,404.8370056152344,0.0,0.0,0.0,0.0,0
13:15:06.844,1.3236563205718994,404.8370056152344,0.0,0.0,0.0,0.0,0
13:15:06.844,1.3236563205718994,404.8370056152344,0.0,0.0,0.0,0.0,0
13:15:06.844,1.3236563205718994,404.8370056152344,0.0,0.0,0.0,0.0,0
13:15:06.844,1.3236563205718994,404.8370056152344,0.0,0.0,0.0,0.0,0
13:15:06.844,1.3236563205718994,404.8370056152344,0.0,0.0,0.0,0.0,0
13:15:06.844,1.3236563205718994,404.8370056152344,0.0,0.0,0.0,0.0,0
13:15:06.844,1.3236563205718994,404.8370056152344,0.0,0.0,0.0,0.0,0
13:15:06.844,1.3236563205718994,404.8370056152344,0.0,0.0,0.0,0.0,0
13:15:06.844,1.3236563205718994,404.8370056152344,0.0,0.0,0.0,0.0,0
13:15:06.844,1.3236563205718994,404.8370056152344,0.0,0.0,0.0,0.0,0
13:15:06.844,1.3236563205718994,404.8370056152344,0.0,0.0,0.0,0.0,0
13:15:06.844,1.3236563205718994,404.8370056152344,0.0,0.0,0.0,0.0,0
13:15:06.844,1.3236563205718994,404.8370056152344,0.0,0.0,0.0,0.0,0
13:15:06.844,1.3236563205718994,404.8370056152344,0.0,0.0,0.0,0.0,0
13:15:06.844,1.3236563205718994,404.8370056152344,0.0,0.0,0.0,0.0,0
13:15:06.844,1.3236563205718994,404.8370056152344,0.0,0.0,0.0,0.0,0
13:15:06.844,1.3236563205718994,404.8370056152344,0.0,0.0,0.0,0.0,0
13:15:06.844,1.3236563205718994,404.8370056152344,0.0,0.0,0.0,0.0,0
13:15:07.044,1.3236563205718994,404.8370056152344,0.0,0.0,0.0,0.0,0
13:15:07.044,1.3236563205718994,404.8370056152344,0.0,0.0,0.0,0.0,0
13:15:07.045,1.3236563205718994,404.8370056152344,0.0,0.0,0.0,0.0,0
13:15:07.045,1.3236563205718994,404.8370056152344,0.0,0.0,0.0,0.0,0
13:15:07.045,1.3236563205718994,404.8370056152344,0.0,0.0,0.0,0.0,0
13:15:07.045,1.3236563205718994,404.8370056152344,0.0,0.0,0.0,0.0,0
13:15:07.045,1.3236563205718994,404.8370056152344,0.0,0.0,0.0,0.0,0
13:15:07.045,1.3236563205718994,404.8370056152344,0.0,0.0,0.0,0.0,0
13:15:07.045,1.3236563205718994,404.8370056152344,0.0,0.0,0.0,0.0,0
13:15:07.045,1.3236563205718994,404.8370056152344,0.0,0.0,0.0,0.0,0
13:15:07.045,1.3236563205718994,404.8370056152344,0.0,0.0,0.0,0.0,0
13:15:07.045,1.3236563205718994,404.8370056152344,0.0,0.0,0.0,0.0,0
13:15:07.045,1.3236563205718994,404.8370056152344,0.0,0.0,0.0,0.0,0
13:15:07.046,1.3236563205718994,404.8370056152344,0.0,0.0,0.0,0.0,0
13:15:07.046,1.3236563205718994,404.8370056152344,0.0,0.0,0.0,0.0,0
13:15:07.046,1.3236563205718994,404.8370056152344,0.0,0.0,0.0,0.0,0
13:15:07.046,1.3236563205718994,404.8370056152344,0.0,0.0,0.0,0.0,0
13:15:07.046,1.3236563205718994,404.8370056152344,0.0,0.0,0.0,0.0,0
13:15:07.046,1.3236563205718994,404.8370056152344,0.0,0.0,0.0,0.0,0
13:15:07.046,1.3236563205718994,404.8370056152344,0.0,0.0,0.0,0.0,0
13:15:07.118,1.3236563205718994,404.8370056152344,0.0,0.0,0.0,0.0,0
13:15:07.118,1.3236563205718994,404.8370056152344,0.0,0.0,0.0,0.0,0
13:15:07.118,1.3236563205718994,404.8370056152344,0.0,0.0,0.0,0.0,0
13:15:07.118,1.3236563205718994,404.8370056152344,0.0,0.0,0.0,0.0,0
13:15:07.118,1.3236563205718994,404.8370056152344,0.0,0.0,0.0,0.0,0
13:15:07.118,1.3236563205718994,404.8370056152344,0.0,0.0,0.0,0.0,0
13:15:07.118,1.3236563205718994,404.8370056152344,0.0,0.0,0.0,0.0,0
13:15:07.188,1.3236563205718994,404.8370056152344,0.0,0.0,0.0,0.0,0
13:15:07.188,1.3236563205718994,404.8370056152344,0.0,0.0,0.0,0.0,0
13:15:07.188,1.3236563205718994,404.8370056152344,0.0,0.0,0.0,0.0,0
13:15:07.188,1.3236563205718994,404.8370056152344,0.0,0.0,0.0,0.0,0
13:15:07.188,1.3236563205718994,404.8370056152344,0.0,0.0,0.0,0.0,0
13:15:07.188,1.3236563205718994,404.8370056152344,0.0,0.0,0.0,0.0,0
13:15:07.188,1.3236563205718994,404.8370056152344,0.0,0.0,0.0,0.0,0
13:15:07.260,1.3236563205718994,404.8370056152344,0.0,0.0,0.0,0.0,0
13:15:07.260,1.3236563205718994,404.8370056152344,0.0,0.0,0.0,0.0,0
13:15:07.260,1.3236563205718994,404.8370056152344,0.0,0.0,0.0,0.0,0
13:15:07.260,1.3236563205718994,404.8370056152344,0.0,0.0,0.0,0.0,0
13:15:07.260,1.3236563205718994,404.8370056152344,0.0,0.0,0.0,0.0,0
13:15:07.260,1.3236563205718994,404.8370056152344,0.0,0.0,0.0,0.0,0
13:15:07.260,1.3236563205718994,404.8370056152344,0.0,0.0,0.0,0.0,0
13:15:07.328,1.3236563205718994,404.8370056152344,0.0,0.0,0.0,0.0,0
13:15:07.328,1.3236563205718994,404.8370056152344,0.0,0.0,0.0,0.0,0
13:15:07.328,1.3236563205718994,404.8370056152344,0.0,0.0,0.0,0.0,0
13:15:07.328,1.3236563205718994,404.8370056152344,0.0,0.0,0.0,0.0,0
13:15:07.328,1.3236563205718994,404.8370056152344,0.0,0.0,0.0,0.0,0
13:15:07.328,1.3236563205718994,404.8370056152344,0.0,0.0,0.0,0.0,0
13:15:07.328,1.3236563205718994,404.8370056152344,0.0,0.0,0.0,0.0,0
13:15:07.456,1.3236563205718994,404.8370056152344,0.0,0.0,0.0,0.0,0
13:15:07.456,1.3236563205718994,404.8370056152344,0.0,0.0,0.0,0.0,0
13:15:07.456,1.3236563205718994,404.8370056152344,0.0,0.0,0.0,0.0,0
13:15:07.456,1.3236563205718994,404.8370056152344,0.0,0.0,0.0,0.0,0
13:15:07.456,1.3236563205718994,404.8370056152344,0.0,0.0,0.0,0.0,0
13:15:07.456,1.3236563205718994,404.8370056152344,0.0,0.0,0.0,0.0,0
13:15:07.456,1.3236563205718994,404.8370056152344,0.0,0.0,0.0,0.0,0
13:15:07.457,1.3236563205718994,404.8370056152344,0.0,0.0,0.0,0.0,0
13:15:07.457,1.3236563205718994,404.8370056152344,0.0,0.0,0.0,0.0,0
13:15:07.457,1.3236563205718994,404.8370056152344,0.0,0.0,0.0,0.0,0
13:15:07.457,1.3236563205718994,404.8370056152344,0.0,0.0,0.0,0.0,0
13:15:07.457,1.3236563205718994,404.8370056152344,0.0,0.0,0.0,0.0,0
13:15:07.457,1.3236563205718994,404.8370056152344,0.0,0.0,0.0,0.0,0
13:15:07.509,1.3236563205718994,404.8370056152344,0.0,0.0,0.0,0.0,0
13:15:07.509,1.3236563205718994,404.8370056152344,0.0,0.0,0.0,0.0,0
13:15:07.509,1.3236563205718994,404.8370056152344,0.0,0.0,0.0,0.0,0
13:15:07.509,1.3236563205718994,404.8370056152344,0.0,0.0,0.0,0.0,0
13:15:07.509,1.3236563205718994,404.8370056152344,0.0,0.0,0.0,0.0,0
13:15:07.555,1.3236563205718994,404.8370056152344,0.0,0.0,0.0,0.0,0
13:15:07.555,1.3236563205718994,404.8370056152344,0.0,0.0,0.0,0.0,0
13:15:07.555,1.3236563205718994,404.8370056152344,0.0,0.0,0.0,0.0,0
13:15:07.555,1.3236563205718994,404.8370056152344,0.0,0.0,0.0,0.0,0
13:15:07.555,1.3236563205718994,404.8370056152344,0.0,0.0,0.0,0.0,0
13:15:07.576,1.3236563205718994,404.8370056152344,0.0,0.0,0.0,0.0,0
13:15:07.576,1.3236563205718994,404.8370056152344,0.0,0.0,0.0,0.0,0
13:15:07.616,1.3236563205718994,404.8370056152344,0.0,0.0,0.0,0.0,0
13:15:07.616,1.3236563205718994,404.8370056152344,0.0,0.0,0.0,0.0,0
13:15:07.616,1.3236563205718994,404.8370056152344,0.0,0.0,0.0,0.0,0
13:15:07.616,1.3236563205718994,404.8370056152344,0.0,0.0,0.0,0.0,0
13:15:07.620,1.3236563205718994,404.8370056152344,0.0,0.0,0.0,0.0,0
13:15:07.637,1.3236563205718994,404.8370056152344,0.0,0.0,0.0,0.0,0
13:15:07.675,1.3236563205718994,404.8370056152344,0.0,0.0,0.0,0.0,0
13:15:07.675,1.3236563205718994,404.8370056152344,0.0,0.0,0.0,0.0,0
13:15:07.675,1.3236563205718994,404.8370056152344,0.0,0.0,0.0,0.0,0
13:15:07.675,1.3236563205718994,404.8370056152344,0.0,0.0,0.0,0.0,0
13:15:07.684,1.3236563205718994,404.8370056152344,0.0,0.0,0.0,0.0,0
13:15:07.701,1.3236563205718994,404.8370056152344,0.0,0.0,0.0,0.0,0
13:15:07.741,1.3236563205718994,404.8370056152344,0.0,0.0,0.0,0.0,0
13:15:07.742,1.3236563205718994,404.8370056152344,0.0,0.0,0.0,0.0,0
13:15:07.742,1.3236563205718994,404.8370056152344,0.0,0.0,0.0,0.0,0
13:15:07.742,1.3236563205718994,404.8370056152344,0.0,0.0,0.0,0.0,0
13:15:07.742,1.3236563205718994,404.8370056152344,0.0,0.0,0.0,0.0,0
13:15:07.754,1.3236563205718994,404.8370056152344,0.0,0.0,0.0,0.0,0
13:15:07.782,1.3236563205718994,404.8370056152344,0.0,0.0,0.0,0.0,0
13:15:07.782,1.3236563205718994,404.8370056152344,0.0,0.0,0.0,0.0,0
13:15:07.782,1.3236563205718994,404.8370056152344,0.0,0.0,0.0,0.0,0
13:15:07.799,1.3236563205718994,404.8370056152344,0.0,0.0,0.0,0.0,0
13:15:07.816,1.3236563205718994,404.8370056152344,0.0,0.0,0.0,0.0,0
13:15:07.849,1.3236563205718994,404.8370056152344,0.0,0.0,0.0,0.0,0
13:15:07.853,1.3236563205718994,404.8370056152344,0.0,0.0,0.0,0.0,0
13:15:07.853,1.3236563205718994,404.8370056152344,0.0,0.0,0.0,0.0,0
13:15:07.853,1.3236563205718994,404.8370056152344,0.0,0.0,0.0,0.0,0
13:15:07.853,1.3236563205718994,404.8370056152344,0.0,0.0,0.0,0.0,0
13:15:07.862,1.3236563205718994,404.8370056152344,0.0,0.0,0.0,0.0,0
13:15:07.880,1.3236563205718994,404.8370056152344,0.0,0.0,0.0,0.0,0
13:15:07.908,1.3236563205718994,404.8370056152344,0.0,0.0,0.0,0.0,0
13:15:07.908,1.3236563205718994,404.8370056152344,0.0,0.0,0.0,0.0,0
13:15:07.908,1.3236563205718994,404.8370056152344,0.0,0.0,0.0,0.0,0
13:15:07.925,1.3236563205718994,404.8370056152344,0.0,0.0,0.0,0.0,0
13:15:07.925,1.3236563205718994,404.8370056152344,0.0,0.0,0.0,0.0,0
13:15:07.941,1.3236563205718994,404.8370056152344,0.0,0.0,0.0,0.0,0
13:15:07.956,1.3236563205718994,404.8370056152344,0.0,0.0,0.0,0.0,0
13:15:07.956,1.3236563205718994,404.8370056152344,0.0,0.0,0.0,0.0,0
13:15:07.971,1.3236563205718994,404.8370056152344,0.0,0.0,0.0,0.0,0
13:15:07.971,1.3236563205718994,404.8370056152344,0.0,0.0,0.0,0.0,0
13:15:07.986,1.3236563205718994,404.8370056152344,0.0,0.0,0.0,0.0,0
13:15:08.004,1.3236563205718994,404.8370056152344,0.0,0.0,0.0,0.0,0
13:15:08.017,1.3236563205718994,404.8370056152344,0.0,0.0,0.0,0.0,0
13:15:08.018,1.3236563205718994,404.8370056152344,0.0,0.0,0.0,0.0,0
13:15:08.034,1.3236563205718994,404.8370056152344,0.0,0.0,0.0,0.0,0
13:15:08.034,1.3236563205718994,404.8370056152344,0.0,0.0,0.0,0.0,0
13:15:08.050,1.3236563205718994,404.8370056152344,0.0,0.0,0.0,0.0,0
13:15:08.050,1.3236563205718994,404.8370056152344,0.0,0.0,0.0,0.0,0
13:15:08.066,1.3236563205718994,404.8370056152344,0.0,0.0,0.0,0.0,0
13:15:08.080,1.3236563205718994,404.8370056152344,0.0,0.0,0.0,0.0,0
13:15:08.080,1.3236563205718994,404.8370056152344,0.0,0.0,0.0,0.0,0
13:15:08.098,1.3236563205718994,404.8370056152344,0.0,0.0,0.0,0.0,0
13:15:08.114,1.3236563205718994,404.8370056152344,0.0,0.0,0.0,0.0,0
13:15:08.114,1.3236563205718994,404.8370056152344,0.0,0.0,0.0,0.0,0
13:15:08.144,1.3236563205718994,404.8370056152344,0.0,0.0,0.0,0.0,0
13:15:08.144,1.3236563205718994,404.8370056152344,0.0,0.0,0.0,0.0,0
13:15:08.159,1.3236563205718994,404.8370056152344,0.0,0.0,0.0,0.0,0
13:15:08.160,1.3236563205718994,404.8370056152344,0.0,0.0,0.0,0.0,0
13:15:08.160,1.3236563205718994,404.8370056152344,0.0,0.0,0.0,0.0,0
13:15:08.176,1.3236563205718994,404.8370056152344,0.0,0.0,0.0,0.0,0
13:15:08.194,1.3236563205718994,404.8370056152344,0.0,0.0,0.0,0.0,0
13:15:08.194,1.3236563205718994,404.8370056152344,0.0,0.0,0.0,0.0,0
13:15:08.210,1.3236563205718994,404.8370056152344,0.0,0.0,0.0,0.0,0
13:15:08.210,1.3236563205718994,404.8370056152344,0.0,0.0,0.0,0.0,0
13:15:08.223,1.3236563205718994,404.8370056152344,0.0,0.0,0.0,0.0,0
13:15:08.250,1.3236563205718994,404.8370056152344,0.0,0.0,0.0,0.0,0
13:15:08.250,1.3236563205718994,404.8370056152344,0.0,0.0,0.0,0.0,0
13:15:08.268,1.3236563205718994,404.8370056152344,0.0,0.0,0.0,0.0,0
13:15:08.268,1.3236563205718994,404.8370056152344,0.0,0.0,0.0,0.0,0
13:15:08.280,1.3236563205718994,404.8370056152344,0.0,0.0,0.0,0.0,0
13:15:08.280,1.3236563205718994,404.8370056152344,0.0,0.0,0.0,0.0,0
13:15:08.296,1.3236563205718994,404.8370056152344,0.0,0.0,0.0,0.0,0
13:15:08.313,1.3236563205718994,404.8370056152344,0.0,0.0,0.0,0.0,0
13:15:08.331,1.3236563205718994,404.8370056152344,0.0,0.0,0.0,0.0,0
13:15:08.336,1.3236563205718994,404.8370056152344,0.0,0.0,0.0,0.0,0
13:15:08.336,1.3236563205718994,404.8370056152344,0.0,0.0,0.0,0.0,0
13:15:08.342,1.3236563205718994,404.8370056152344,0.0,0.0,0.0,0.0,0
13:15:08.358,1.3236563205718994,404.8370056152344,0.0,0.0,0.0,0.0,0
13:15:08.374,1.3236563205718994,404.8370056152344,0.0,0.0,0.0,0.0,0
13:15:08.386,1.3236563205718994,404.8370056152344,0.0,0.0,0.0,0.0,0
13:15:08.392,1.3236563205718994,404.8370056152344,0.0,0.0,0.0,0.0,0
13:15:08.392,1.3236563205718994,404.8370056152344,0.0,0.0,0.0,0.0,0
13:15:08.404,1.3236563205718994,404.8370056152344,0.0,0.0,0.0,0.0,0
13:15:08.420,1.3236563205718994,404.8370056152344,0.0,0.0,0.0,0.0,0
13:15:08.420,1.3236563205718994,404.8370056152344,0.0,0.0,0.0,0.0,0
13:15:08.437,1.3236563205718994,404.8370056152344,0.0,0.0,0.0,0.0,0
13:15:08.452,1.3236563205718994,404.8370056152344,0.0,0.0,0.0,0.0,0
13:15:08.452,1.3236563205718994,404.8370056152344,0.0,0.0,0.0,0.0,0
13:15:08.467,1.3236563205718994,404.8370056152344,0.0,0.0,0.0,0.0,0
13:15:08.484,1.3236563205718994,404.8370056152344,0.0,0.0,0.0,0.0,0
13:15:08.484,1.3236563205718994,404.8370056152344,0.0,0.0,0.0,0.0,0
13:15:08.500,1.3236563205718994,404.8370056152344,0.0,0.0,0.0,0.0,0
13:15:08.501,1.3236563205718994,404.8370056152344,0.0,0.0,0.0,0.0,0
13:15:08.515,1.3236563205718994,404.8370056152344,0.0,0.0,0.0,0.0,0
13:15:08.530,1.3236563205718994,404.8370056152344,0.0,0.0,0.0,0.0,0
13:15:08.530,1.3236563205718994,404.8370056152344,0.0,0.0,0.0,0.0,0
13:15:08.546,1.3236563205718994,404.8370056152344,0.0,0.0,0.0,0.0,0
13:15:08.565,1.3236563205718994,404.8370056152344,0.0,0.0,0.0,0.0,0
13:15:08.574,1.3236563205718994,404.8370056152344,0.0,0.0,0.0,0.0,0
13:15:08.577,1.3236563205718994,404.8370056152344,0.0,0.0,0.0,0.0,0
13:15:08.593,1.3236563205718994,404.8370056152344,0.0,0.0,0.0,0.0,0
13:15:08.593,1.3236563205718994,404.8370056152344,0.0,0.0,0.0,0.0,0
13:15:08.608,1.3236563205718994,404.8370056152344,0.0,0.0,0.0,0.0,0
13:15:08.625,1.3236563205718994,404.8370056152344,0.0,0.0,0.0,0.0,0
13:15:08.633,1.3236563205718994,404.8370056152344,0.0,0.0,0.0,0.0,0
13:15:08.640,1.3236563205718994,404.8370056152344,0.0,0.0,0.0,0.0,0
13:15:08.640,1.3236563205718994,404.8370056152344,0.0,0.0,0.0,0.0,0
13:15:08.656,1.3236563205718994,404.8370056152344,0.0,0.0,0.0,0.0,0
13:15:08.672,1.3236563205718994,404.8370056152344,0.0,0.0,0.0,0.0,0
13:15:08.672,1.3236563205718994,404.8370056152344,0.0,0.0,0.0,0.0,0
13:15:08.690,1.3236563205718994,404.8370056152344,0.0,0.0,0.0,0.0,0
13:15:08.703,1.3236563205718994,404.8370056152344,0.0,0.0,0.0,0.0,0
13:15:08.703,1.3236563205718994,404.8370056152344,0.0,0.0,0.0,0.0,0
13:15:08.718,1.3236563205718994,404.8370056152344,0.0,0.0,0.0,0.0,0
13:15:08.735,1.3236563205718994,404.8370056152344,0.0,0.0,0.0,0.0,0
13:15:08.735,1.3236563205718994,404.8370056152344,0.0,0.0,0.0,0.0,0
13:15:08.752,1.3236563205718994,404.8370056152344,0.0,0.0,0.0,0.0,0
13:15:08.752,1.3236563205718994,404.8370056152344,0.0,0.0,0.0,0.0,0
13:15:08.774,1.3236563205718994,404.8370056152344,0.0,0.0,0.0,0.0,0
13:15:08.774,1.3236563205718994,404.8370056152344,0.0,0.0,0.0,0.0,0
13:15:08.790,1.3236563205718994,404.8370056152344,0.0,0.0,0.0,0.0,0
13:15:08.790,1.3236563205718994,404.8370056152344,0.0,0.0,0.0,0.0,0
13:15:08.806,1.3236563205718994,404.8370056152344,0.0,0.0,0.0,0.0,0
13:15:08.823,1.3236563205718994,404.8370056152344,0.0,0.0,0.0,0.0,0
13:15:08.823,1.3236563205718994,404.8370056152344,0.0,0.0,0.0,0.0,0
13:15:08.837,1.3236563205718994,404.8370056152344,0.0,0.0,0.0,0.0,0
13:15:08.853,1.3236563205718994,404.8370056152344,0.0,0.0,0.0,0.0,0
13:15:08.853,1.3236563205718994,404.8370056152344,0.0,0.0,0.0,0.0,0
13:15:08.869,1.3236563205718994,404.8370056152344,0.0,0.0,0.0,0.0,0
13:15:08.896,1.3236563205718994,404.8370056152344,0.0,0.0,0.0,0.0,0
13:15:08.896,1.3236563205718994,404.8370056152344,0.0,0.0,0.0,0.0,0
13:15:08.901,1.3236563205718994,404.8370056152344,0.0,0.0,0.0,0.0,0
13:15:08.901,1.3236563205718994,404.8370056152344,0.0,0.0,0.0,0.0,0
13:15:08.917,1.3236563205718994,404.8370056152344,0.0,0.0,0.0,0.0,0
13:15:08.933,1.3236563205718994,404.8370056152344,0.0,0.0,0.0,0.0,0
13:15:08.933,1.3236563205718994,404.8370056152344,0.0,0.0,0.0,0.0,0
13:15:08.952,1.3236563205718994,404.8370056152344,0.0,0.0,0.0,0.0,0
13:15:08.959,1.3236563205718994,404.8370056152344,0.0,0.0,0.0,0.0,0
13:15:08.964,1.3236563205718994,404.8370056152344,0.0,0.0,0.0,0.0,0
13:15:08.979,1.3236563205718994,404.8370056152344,0.0,0.0,0.0,0.0,0
13:15:08.979,1.3236563205718994,404.8370056152344,0.0,0.0,0.0,0.0,0
13:15:08.990,1.3236563205718994,404.8370056152344,0.0,0.0,0.0,0.0,0
13:15:09.009,1.3236563205718994,404.8370056152344,0.0,0.0,0.0,0.0,0
13:15:09.023,1.3236563205718994,404.8370056152344,0.0,0.0,0.0,0.0,0
13:15:09.023,1.3236563205718994,404.8370056152344,0.0,0.0,0.0,0.0,0
13:15:09.039,1.3236563205718994,404.8370056152344,0.0,0.0,0.0,0.0,0
13:15:09.054,1.3236563205718994,404.8370056152344,0.0,0.0,0.0,0.0,0
13:15:09.054,1.3236563205718994,404.8370056152344,0.0,0.0,0.0,0.0,0
13:15:09.072,1.3236563205718994,404.8370056152344,0.0,0.0,0.0,0.0,0
13:15:09.079,1.3236563205718994,404.8370056152344,0.0,0.0,0.0,0.0,0
13:15:09.086,1.3236563205718994,404.8370056152344,0.0,0.0,0.0,0.0,0
13:15:09.101,1.3236563205718994,404.8370056152344,0.0,0.0,0.0,0.0,0
13:15:09.102,1.3236563205718994,404.8370056152344,0.0,0.0,0.0,0.0,0
13:15:09.117,1.3236563205718994,404.8370056152344,0.0,0.0,0.0,0.0,0
13:15:09.135,1.3236563205718994,404.8370056152344,0.0,0.0,0.0,0.0,0
13:15:09.135,1.3236563205718994,404.8370056152344,0.0,0.0,0.0,0.0,0
13:15:09.149,1.3236563205718994,404.8370056152344,0.0,0.0,0.0,0.0,0
13:15:09.149,1.3236563205718994,404.8370056152344,0.0,0.0,0.0,0.0,0
13:15:09.165,1.3236563205718994,404.8370056152344,0.0,0.0,0.0,0.0,0
13:15:09.181,1.3236563205718994,404.8370056152344,0.0,0.0,0.0,0.0,0
13:15:09.181,1.3236563205718994,404.8370056152344,0.0,0.0,0.0,0.0,0
13:15:09.199,1.3236563205718994,404.8370056152344,0.0,0.0,0.0,0.0,0
13:15:09.213,1.3236563205718994,404.8370056152344,0.0,0.0,0.0,0.0,0
13:15:09.213,1.3236563205718994,404.8370056152344,0.0,0.0,0.0,0.0,0
13:15:09.229,1.3236563205718994,404.8370056152344,0.0,0.0,0.0,0.0,0
13:15:09.244,1.3236563205718994,404.8370056152344,0.0,0.0,0.0,0.0,0
13:15:09.244,1.3236563205718994,404.8370056152344,0.0,0.0,0.0,0.0,0
13:15:09.262,1.3236563205718994,404.8370056152344,0.0,0.0,0.0,0.0,0
13:15:09.269,1.3236563205718994,404.8370056152344,0.0,0.0,0.0,0.0,0
13:15:09.275,1.3236563205718994,404.8370056152344,0.0,0.0,0.0,0.0,0
13:15:09.299,1.3236563205718994,404.8370056152344,0.0,0.0,0.0,0.0,0
13:15:09.299,1.3236563205718994,404.8370056152344,0.0,0.0,0.0,0.0,0
13:15:09.299,1.3236563205718994,404.8370056152344,0.0,0.0,0.0,0.0,0
13:15:09.316,1.3236563205718994,404.8370056152344,0.0,0.0,0.0,0.0,0
13:15:09.331,1.3236563205718994,404.8370056152344,0.0,0.0,0.0,0.0,0
13:15:09.331,1.3236563205718994,404.8370056152344,0.0,0.0,0.0,0.0,0
13:15:09.346,1.3236563205718994,404.8370056152344,0.0,0.0,0.0,0.0,0
13:15:09.362,1.3236563205718994,404.8370056152344,0.0,0.0,0.0,0.0,0
13:15:09.362,1.3236563205718994,404.8370056152344,0.0,0.0,0.0,0.0,0
13:15:09.380,1.3236563205718994,404.8370056152344,0.0,0.0,0.0,0.0,0
13:15:09.387,1.3236563205718994,404.8370056152344,0.0,0.0,0.0,0.0,0
13:15:09.393,1.3236563205718994,404.8370056152344,0.0,0.0,0.0,0.0,0
13:15:09.408,1.3236563205718994,404.8370056152344,0.0,0.0,0.0,0.0,0
13:15:09.424,1.3236563205718994,404.8370056152344,0.0,0.0,0.0,0.0,0
13:15:09.424,1.3236563205718994,404.8370056152344,0.0,0.0,0.0,0.0,0
13:15:09.441,1.3236563205718994,404.8370056152344,0.0,0.0,0.0,0.0,0
13:15:09.449,1.3236563205718994,404.8370056152344,0.0,0.0,0.0,0.0,0
13:15:09.456,1.3236563205718994,404.8370056152344,0.0,0.0,0.0,0.0,0
13:15:09.472,1.3236563205718994,404.8370056152344,0.0,0.0,0.0,0.0,0
13:15:09.473,1.3236563205718994,404.8370056152344,0.0,0.0,0.0,0.0,0
13:15:09.488,1.3236563205718994,404.8370056152344,0.0,0.0,0.0,0.0,0
13:15:09.506,1.3236563205718994,404.8370056152344,0.0,0.0,0.0,0.0,0
13:15:09.512,1.3236563205718994,404.8370056152344,0.0,0.0,0.0,0.0,0
13:15:09.524,1.3236563205718994,404.8370056152344,0.0,0.0,0.0,0.0,0
13:15:09.524,1.3236563205718994,404.8370056152344,0.0,0.0,0.0,0.0,0
13:15:09.540,1.3236563205718994,404.8370056152344,0.0,0.0,0.0,0.0,0
13:15:09.540,1.3236563205718994,404.8370056152344,0.0,0.0,0.0,0.0,0
13:15:09.556,1.3236563205718994,404.8370056152344,0.0,0.0,0.0,0.0,0
13:15:09.572,1.3236563205718994,404.8370056152344,0.0,0.0,0.0,0.0,0
13:15:09.573,1.3236563205718994,404.8370056152344,0.0,0.0,0.0,0.0,0
13:15:09.587,1.3236563205718994,404.8370056152344,0.0,0.0,0.0,0.0,0
13:15:09.602,1.3236563205718994,404.8370056152344,0.0,0.0,0.0,0.0,0
13:15:09.602,1.3236563205718994,404.8370056152344,0.0,0.0,0.0,0.0,0
13:15:09.618,1.3236563205718994,404.8370056152344,0.0,0.0,0.0,0.0,0
13:15:09.636,1.3236563205718994,404.8370056152344,0.0,0.0,0.0,0.0,0
13:15:09.643,1.3236563205718994,404.8370056152344,0.0,0.0,0.0,0.0,0
13:15:09.650,1.3236563205718994,404.8370056152344,0.0,0.0,0.0,0.0,0
13:15:09.650,1.3236563205718994,404.8370056152344,0.0,0.0,0.0,0.0,0
13:15:09.674,1.3236563205718994,404.8370056152344,0.0,0.0,0.0,0.0,0
13:15:09.674,1.3236563205718994,404.8370056152344,0.0,0.0,0.0,0.0,0
13:15:09.691,1.3236563205718994,404.8370056152344,0.0,0.0,0.0,0.0,0
13:15:09.699,1.3236563205718994,404.8370056152344,0.0,0.0,0.0,0.0,0
13:15:09.704,1.3236563205718994,404.8370056152344,0.0,0.0,0.0,0.0,0
13:15:09.720,1.3236563205718994,404.8370056152344,0.0,0.0,0.0,0.0,0
13:15:09.720,1.3236563205718994,404.8370056152344,0.0,0.0,0.0,0.0,0
13:15:09.736,1.3236563205718994,404.8370056152344,0.0,0.0,0.0,0.0,0
13:15:09.753,1.3236563205718994,404.8370056152344,0.0,0.0,0.0,0.0,0
13:15:09.753,1.3236563205718994,404.8370056152344,0.0,0.0,0.0,0.0,0
13:15:09.767,1.3236563205718994,404.8370056152344,0.0,0.0,0.0,0.0,0
13:15:09.782,1.3236563205718994,404.8370056152344,0.0,0.0,0.0,0.0,0
13:15:09.782,1.3236563205718994,404.8370056152344,0.0,0.0,0.0,0.0,0
13:15:09.798,1.3236563205718994,404.8370056152344,0.0,0.0,0.0,0.0,0
13:15:09.816,1.3236563205718994,404.8370056152344,0.0,0.0,0.0,0.0,0
13:15:09.816,1.3236563205718994,404.8370056152344,0.0,0.0,0.0,0.0,0
13:15:09.829,1.3236563205718994,404.8370056152344,0.0,0.0,0.0,0.0,0
13:15:09.845,1.3236563205718994,404.8370056152344,0.0,0.0,0.0,0.0,0
13:15:09.845,1.3236563205718994,404.8370056152344,0.0,0.0,0.0,0.0,0
13:15:09.861,1.3236563205718994,404.8370056152344,0.0,0.0,0.0,0.0,0
13:15:09.861,1.3236563205718994,404.8370056152344,0.0,0.0,0.0,0.0,0
13:15:09.878,1.3236563205718994,404.8370056152344,0.0,0.0,0.0,0.0,0
13:15:09.891,1.3236563205718994,404.8370056152344,0.0,0.0,0.0,0.0,0
13:15:09.891,1.3236563205718994,404.8370056152344,0.0,0.0,0.0,0.0,0
13:15:09.907,1.3236563205718994,404.8370056152344,0.0,0.0,0.0,0.0,0
13:15:09.923,1.3236563205718994,404.8370056152344,0.0,0.0,0.0,0.0,0
13:15:09.923,1.3236563205718994,404.8370056152344,0.0,0.0,0.0,0.0,0
13:15:09.940,1.3236563205718994,404.8370056152344,0.0,0.0,0.0,0.0,0
13:15:09.954,1.3236563205718994,404.8370056152344,0.0,0.0,0.0,0.0,0
13:15:09.954,1.3236563205718994,404.8370056152344,0.0,0.0,0.0,0.0,0
13:15:09.969,1.3236563205718994,404.8370056152344,0.0,0.0,0.0,0.0,0
13:15:09.969,1.3236563205718994,404.8370056152344,0.0,0.0,0.0,0.0,0
13:15:09.985,1.3236563205718994,404.8370056152344,0.0,0.0,0.0,0.0,0
13:15:10.003,1.3236563205718994,404.8370056152344,0.0,0.0,0.0,0.0,0
13:15:10.012,1.3236563205718994,404.8370056152344,0.0,0.0,0.0,0.0,0
13:15:10.017,1.3236563205718994,404.8370056152344,0.0,0.0,0.0,0.0,0
13:15:10.033,3.1415927410125732,0.0,10.062110900878906,0.0,10.058349609375,0.0,1
13:15:10.033,3.1415927410125732,0.0,10.164628028869629,0.0,10.155598640441895,0.0,1
13:15:10.049,4.271000862121582,15.196377754211426,9.49757194519043,0.0,10.18338394165039,9.488746643066406,1
13:15:10.049,4.382618427276611,15.196377754211426,9.588799476623535,0.0,10.18338394165039,9.5859956741333,1
13:15:10.066,5.281674861907959,23.70824432373047,9.253633499145508,0.0,0.0,9.252570152282715,1
13:15:10.088,5.456086158752441,23.70824432373047,9.340476989746094,0.0,0.0,9.33592700958252,1
13:15:10.088,0.004685975145548582,31.679983139038086,9.030320167541504,9.030285835266113,0.0,9.419282913208008,1
13:15:10.096,0.2358626127243042,31.679983139038086,9.11251163482666,9.099750518798828,0.0,9.419282913208008,1
13:15:10.112,0.46869638562202454,31.679983139038086,9.197287559509277,9.196998596191406,0.0,9.419282913208008,1
13:15:10.112,1.325028896331787,39.25395584106445,8.897909164428711,8.891359329223633,0.0,0.0,1
13:15:10.129,2.1115784645080566,46.34572982788086,8.623678207397461,8.960822105407715,8.613503456115723,0.0,1
13:15:10.144,2.452373743057251,46.34572982788086,8.699816703796387,8.960822105407715,8.696860313415527,0.0,1
13:15:10.144,2.7911505699157715,46.34572982788086,8.777493476867676,8.960822105407715,8.766324043273926,0.0,1
13:15:10.159,3.507352590560913,50.86492919921875,8.627159118652344,0.0,8.613503456115723,0.0,1
13:15:10.159,3.878910541534424,50.86492919921875,8.70427131652832,0.0,8.696860313415527,0.0,1
13:15:10.175,4.579524993896484,54.90486526489258,8.577990531921387,0.0,8.696860313415527,8.57182502746582,1
13:15:10.201,4.980530261993408,54.90486526489258,8.655046463012695,0.0,8.696860313415527,8.641288757324219,1
13:15:10.207,5.590484142303467,57.35834884643555,10.11589241027832,58.62739562988281,41.35871124267578,52.5423698425293,2
13:15:10.207,0.16872526705265045,65.32305908203125,9.793416976928711,57.946651458740234,44.88746643066406,42.03945541381836,2
13:15:10.215,0.8770065903663635,74.15008544921875,9.424284934997559,57.6549072265625,54.89024353027344,42.33120346069336,2
13:15:10.231,1.6279137134552002,74.15008544921875,9.490555763244629,49.180328369140625,58.19672393798828,41.78938674926758,2
13:15:10.231,2.479365348815918,79.62641143798828,9.281105041503906,42.02556228637695,57.96054458618164,48.06890869140625,2
13:15:10.247,3.3775298595428467,86.05491638183594,9.02187728881836,42.4979133605957,53.83439636230469,57.488189697265625,2
13:15:10.264,4.126177787780762,90.57804870605469,8.85541820526123,43.12308883666992,44.081687927246094,56.863014221191406,2
13:15:10.264,4.897373199462891,90.57804870605469,8.913167953491211,52.459014892578125,42.400665283203125,57.58544158935547,2
13:15:10.278,5.622082233428955,91.59862518310547,8.92127513885498,57.64101028442383,42.3450927734375,51.83384323120117,2
13:15:10.293,0.08446519076824188,93.34762573242188,8.894129753112793,56.96026611328125,44.31786346435547,43.025840759277344,2
13:15:10.294,0.7866733074188232,93.34762573242188,8.954961776733398,57.488189697265625,53.48707962036133,42.4979133605957,2
13:15:10.327,1.5806175470352173,95.25857543945312,8.921003341674805,49.8610725402832,57.724369049072266,42.261741638183594,2
13:15:10.334,2.2280325889587402,94.2848129272461,9.032705307006836,42.761878967285156,57.22422790527344,44.84579086303711,2
13:15:10.334,2.91145658493042,94.2848129272461,9.098737716674805,42.45623779296875,57.52986526489258,53.94554138183594,2
13:15:10.341,3.6594505310058594,95.25331115722656,9.11758804321289,42.095027923583984,50.069461822509766,57.891082763671875,2
13:15:10.341,4.407617092132568,96.23776245117188,9.13685417175293,45.87385177612305,42.442344665527344,57.54376220703125,2
13:15:10.357,5.11592435836792,96.23776245117188,9.206944465637207,55.41817092895508,42.66463088989258,57.321475982666016,2
13:15:10.373,5.819330215454102,96.19410705566406,9.281209945678711,58.016117095947266,41.96998977661133,49.16643524169922,2
13:15:10.373,0.2668382525444031,96.68270874023438,9.330517768859863,57.80772399902344,46.44345474243164,42.178382873535156,2
13:15:10.390,1.0373073816299438,99.13324737548828,9.28333854675293,56.98805618286133,56.835235595703125,42.99805450439453,2
13:15:10.404,1.8229140043258667,99.13324737548828,9.358627319335938,46.48513412475586,57.835506439208984,42.15060043334961,2
13:15:10.404,2.5486960411071777,99.12732696533203,9.435973167419434,41.8449592590332,58.14114761352539,49.013614654541016,2
13:15:10.420,3.342064380645752,100.47808074951172,9.44726848602295,42.233951568603516,54.48735809326172,57.75215530395508,2
13:15:10.420,4.079927921295166,100.47808074951172,9.52675724029541,42.442344665527344,44.2345085144043,57.54376220703125,2
13:15:10.442,4.867341041564941,101.35043334960938,9.564265251159668,52.208946228027344,41.803279876708984,58.182830810546875,2
13:15:10.451,5.639019012451172,101.86795806884766,9.621073722839355,58.26618576049805,41.71992111206055,51.72269821166992,2
13:15:10.457,0.12741443514823914,102.46623229980469,9.67527961730957,57.724369049072266,44.3873291015625,42.261741638183594,2
13:15:10.472,0.8824068903923035,102.46623229980469,9.760967254638672,57.904972076416016,55.140316009521484,42.08113098144531,2
13:15:10.472,1.748426914215088,104.59640502929688,9.740533828735352,47.41594696044922,58.293968200683594,41.692138671875,2
13:15:10.487,2.532467842102051,104.93965911865234,9.810707092285156,41.52542495727539,58.4606819152832,48.73575973510742,2
13:15:10.506,3.362295389175415,106.21863555908203,9.835763931274414,41.858848571777344,54.39011001586914,58.12725830078125,2
13:15:10.506,4.165825843811035,107.67425537109375,9.853090286254883,42.511810302734375,42.90080642700195,57.47429656982422,2
13:15:10.519,4.998755931854248,107.67425537109375,9.943290710449219,54.20949935913086,41.73381805419922,58.25229263305664,2
13:15:10.519,5.829251766204834,108.43756103515625,9.997245788574219,58.62739562988281,41.35871124267578,48.94415283203125,2
13:15:10.535,0.3483671545982361,108.61109161376953,10.082135200500488,58.585716247558594,47.36037826538086,41.400386810302734,2
13:15:10.551,1.2798268795013428,111.7134017944336,10.022220611572266,54.3067512512207,58.307861328125,41.678245544433594,2
13:15:10.551,2.1023190021514893,111.7134017944336,10.11645221710205,42.37288284301758,57.613224029541016,42.511810302734375,2
13:15:10.568,2.9013895988464355,111.33654022216797,10.232285499572754,41.48374557495117,58.50236511230469,54.27896499633789,2
13:15:10.582,3.7926862239837646,112.83203887939453,10.255308151245117,41.178104400634766,48.04112243652344,58.808006286621094,2
13:15:10.582,4.687168598175049,114.21260070800781,10.284997940063477,49.597110748291016,41.09474563598633,58.891357421875,2
13:15:10.598,5.5365495681762695,114.53687286376953,10.368321418762207,58.7524299621582,41.23367691040039,53.43151092529297,2
13:15:10.614,0.1453680545091629,115.81977844238281,10.406007766723633,58.36343002319336,44.2345085144043,41.62267303466797,2
13:15:10.614,1.0159822702407837,117.29561614990234,10.434470176696777,57.96054458618164,57.39094161987305,42.02556228637695,2
13:15:10.630,1.9216313362121582,117.29561614990234,10.537120819091797,44.55404281616211,58.55793380737305,41.42817687988281,2
13:15:10.642,2.7991902828216553,117.63462829589844,10.624917984008789,40.941925048828125,59.0441780090332,52.86190414428711,2
13:15:10.647,3.747166633605957,119.46405792236328,10.638887405395508,40.81689453125,48.68019104003906,59.16921615600586,2
13:15:10.660,4.669868469238281,120.45576477050781,10.695701599121094,49.305362701416016,40.73353576660156,59.25257110595703,2
13:15:10.661,5.6138434410095215,121.83119201660156,10.734219551086426,59.196998596191406,40.78910827636719,52.333980560302734,2
13:15:10.676,0.25151386857032776,122.51831817626953,10.807879447937012,59.00250244140625,45.63767623901367,40.983604431152344,2
13:15:10.692,1.2119964361190796,124.24166870117188,10.830930709838867,55.69602966308594,58.780216217041016,41.20589065551758,2
13:15:10.692,2.1315181255340576,124.05967712402344,10.95025634765625,41.60877990722656,58.37732696533203,42.31731033325195,2
13:15:10.709,3.0322718620300293,124.05967712402344,11.061995506286621,41.219783782958984,58.76632308959961,56.66851806640625,2
13:15:10.724,4.026254177093506,125.84803771972656,11.08522891998291,41.01139450073242,44.12336730957031,58.97471237182617,2
13:15:10.724,5.034224033355713,127.71220397949219,11.104839324951172,55.265350341796875,40.87246322631836,59.1136474609375,2
13:15:10.740,5.956409931182861,127.40716552734375,11.234884262084961,59.530426025390625,40.45568084716797,46.69352340698242,2
13:15:10.740,0.6330658793449402,128.01856994628906,11.32052993774414,59.73881530761719,51.84773635864258,40.247291564941406,2
13:15:10.757,1.704643726348877,131.17604064941406,11.279019355773926,47.73548126220703,59.669349670410156,40.31675338745117,2
13:15:10.773,2.6399600505828857,130.59640502929688,11.425371170043945,40.0944709777832,59.89163589477539,50.37510299682617,2
13:15:10.773,3.6927311420440674,133.02938842773438,11.421516418457031,40.10836410522461,49.527645111083984,59.877742767333984,2
13:15:10.787,4.758901596069336,135.22181701660156,11.430061340332031,50.79188919067383,40.10836410522461,59.877742767333984,2
13:15:10.803,5.729173183441162,134.7097625732422,11.575013160705566,60.01667404174805,39.96943664550781,50.527923583984375,2
13:15:10.803,0.46472665667533875,135.51736450195312,11.655566215515137,60.072242736816406,48.958045959472656,39.91386413574219,2
13:15:10.820,1.5493413209915161,137.77061462402344,11.664872169494629,50.37510299682617,60.08613586425781,39.89997100830078,2
13:15:10.835,2.5742342472076416,138.16709899902344,11.767135620117188,39.81661605834961,60.16949462890625,49.222007751464844,2
13:15:10.841,3.6361823081970215,139.3744354248047,11.830378532409668,39.74715042114258,50.51403045654297,60.238956451416016,2
13:15:10.851,4.7035346031188965,140.61880493164062,11.89193058013916,49.83328628540039,39.69158172607422,60.294525146484375,2
13:15:10.851,5.769313335418701,141.4608612060547,11.975143432617188,60.363990783691406,39.62211608886719,49.819393157958984,2
13:15:10.866,0.5392249822616577,141.9051513671875,12.079240798950195,60.44734573364258,50.277854919433594,39.538761138916016,2
13:15:10.883,1.7049922943115234,145.12677001953125,12.045024871826172,47.58266067504883,60.33620071411133,39.64990234375,2
13:15:10.894,2.776869773864746,145.33189392089844,12.161700248718262,39.594329833984375,60.39177703857422,52.875797271728516,2
13:15:10.899,3.8657939434051514,146.01846313476562,12.255311965942383,39.594329833984375,46.332313537597656,60.39177703857422,2
13:15:10.899,5.0218892097473145,148.153564453125,12.277398109436035,55.598777770996094,39.872188568115234,60.11391830444336,2
13:15:10.912,6.112540245056152,148.241943359375,12.40307903289795,60.072242736816406,39.91386413574219,43.567657470703125,2
13:15:10.929,0.9201769828796387,148.37696838378906,12.528051376342773,60.00278091430664,57.25201416015625,39.98332977294922,2
13:15:10.945,2.143036127090454,151.20819091796875,12.517050743103027,40.35843276977539,59.62767791748047,41.400386810302734,2
13:15:10.955,3.2851600646972656,153.26446533203125,12.547049522399902,39.89997100830078,56.974159240722656,60.08613586425781,2
13:15:10.960,4.471505165100098,154.88482666015625,12.598102569580078,45.48485565185547,39.39983367919922,60.586273193359375,2
13:15:10.960,5.644493103027344,155.8376007080078,12.683549880981445,60.90580749511719,39.080299377441406,52.18115997314453,2
13:15:10.975,0.4814331531524658,155.26292419433594,12.846699714660645,61.11419677734375,49.180328369140625,38.871910095214844,2
13:15:10.992,1.7428007125854492,158.7071990966797,12.809884071350098,46.707420349121094,60.919700622558594,39.06640625,2
13:15:10.992,2.910802125930786,158.8264923095703,12.939348220825195,39.26090621948242,60.72520065307617,55.598777770996094,2
13:15:11.008,4.118132591247559,159.9231719970703,13.021159172058105,39.85829162597656,41.44206619262695,60.127811431884766,2
13:15:11.027,5.357737064361572,162.20858764648438,13.043431282043457,60.39177703857422,39.594329833984375,57.64101028442383,2
13:15:11.027,0.26363852620124817,161.91485595703125,13.19603443145752,61.03084182739258,44.901363372802734,38.955265045166016,2
13:15:11.038,1.5706965923309326,165.57749938964844,13.152158737182617,50.0,61.3781623840332,38.60794448852539,2
13:15:11.054,2.7590770721435547,164.87608337402344,13.326142311096191,38.56626892089844,61.419837951660156,52.80633544921875,2
13:15:11.054,3.993025541305542,165.5327606201172,13.434375762939453,38.98305130004883,43.49819564819336,61.00305938720703,2
13:15:11.071,5.316741943359375,169.51473999023438,13.375120162963867,60.46124267578125,39.52486801147461,58.585716247558594,2
13:15:11.086,0.2645094692707062,168.49887084960938,13.566719055175781,61.35037612915039,44.77632522583008,38.6357307434082,2
13:15:11.099,1.660927176475525,173.78294372558594,13.444303512573242,48.180049896240234,61.586551666259766,38.39955520629883,2
13:15:11.100,2.8922531604766846,172.58868408203125,13.645133018493652,38.62184143066406,61.3642692565918,55.543209075927734,2
13:15:11.100,4.2123703956604,175.16343688964844,13.659299850463867,40.16393280029297,39.60822677612305,60.37788391113281,2
13:15:11.115,5.53367805480957,175.65310668945312,13.777205467224121,61.62822723388672,38.357879638671875,54.626285552978516,2
13:15:11.132,0.5375428199768066,175.4495086669922,13.932580947875977,62.05890655517578,50.277854919433594,37.92720031738281,2
13:15:11.132,1.8836761713027954,177.3666534423828,13.981916427612305,43.53987121582031,61.51708984375,38.46902084350586,2
13:15:11.153,3.2582366466522217,180.67724609375,13.96242904663086,38.88580322265625,58.28007888793945,61.100303649902344,2
13:15:11.153,4.609908580780029,180.7037353515625,14.106958389282227,47.83272933959961,37.84384536743164,62.14225769042969,2
13:15:11.163,6.007979869842529,183.25244140625,14.124874114990234,61.85051345825195,38.13559341430664,44.79022216796875,2
13:15:11.179,1.0994898080825806,185.6620330810547,14.15217399597168,59.62767791748047,60.919700622558594,39.06640625,2
13:15:11.179,2.478440523147583,185.1173553466797,14.325838088989258,37.704917907714844,62.281192779541016,46.99916458129883,2
13:15:11.196,3.88761568069458,186.76930236816406,14.391640663146973,37.829952239990234,45.23478698730469,62.156150817871094,2
13:15:11.220,5.281054496765137,187.06753540039062,14.525713920593262,61.155879974365234,38.830230712890625,60.03056335449219,2
13:15:11.220,0.38713276386260986,188.12709045410156,14.623469352722168,62.54515075683594,47.013057708740234,37.440956115722656,2
13:15:11.227,1.8820914030075073,192.11817932128906,14.57324504852295,43.30369567871094,62.003334045410156,37.98277282714844,2
13:15:11.242,3.259589433670044,192.60557556152344,14.700528144836426,38.288414001464844,58.696861267089844,61.69769287109375,2
13:15:11.242,4.756723880767822,194.70152282714844,14.746689796447754,50.97249221801758,37.232566833496094,62.7535400390625,2
13:15:11.259,6.185441970825195,194.68446350097656,14.899205207824707,61.73937225341797,38.246734619140625,40.761322021484375,2
13:15:11.273,1.4210551977157593,198.69058227539062,14.851419448852539,53.32036590576172,62.71186447143555,37.27424240112305,2
13:15:11.282,2.83077335357666,197.0051727294922,15.087926864624023,37.21867370605469,62.767433166503906,54.77910614013672,2
13:15:11.289,4.343316078186035,199.16342163085938,15.133649826049805,41.803279876708984,37.77437973022461,62.211727142333984,2
13:15:11.289,5.835089683532715,200.2615966796875,15.233417510986328,63.142539978027344,36.84356689453125,48.263404846191406,2
13:15:11.305,1.0185527801513672,203.25604248046875,15.239814758300781,61.60044860839844,60.85023880004883,38.38566207885742,2
13:15:11.322,2.551541566848755,202.2542724609375,15.445683479309082,36.649070739746094,63.337039947509766,48.45790481567383,2
13:15:11.322,4.077426910400391,203.9544219970703,15.516971588134766,37.67713165283203,40.6640739440918,62.3089714050293,2
13:15:11.347,5.663072109222412,206.9464569091797,15.523704528808594,63.37871551513672,36.607391357421875,52.23672866821289,2
13:15:11.352,0.8578123450279236,205.6648712158203,15.745637893676758,62.878578186035156,57.73826217651367,37.10752868652344,2
13:15:11.352,2.4762871265411377,209.01766967773438,15.73452091217041,36.49625015258789,63.48986053466797,46.665740966796875,2
13:15:11.368,4.0365118980407715,210.33668518066406,15.826404571533203,37.21867370605469,41.37260437011719,62.767433166503906,2
13:15:11.384,5.635189533233643,212.18943786621094,15.892560005187988,63.65657043457031,36.32953643798828,52.94526290893555,2
13:15:11.399,0.918091356754303,212.6066436767578,16.031286239624023,62.80911636352539,59.238677978515625,37.17699432373047,2
13:15:11.409,2.5306105613708496,214.06239318847656,16.118696212768555,36.093360900878906,63.89274597167969,47.888301849365234,2
13:15:11.414,4.158624172210693,216.4359130859375,16.160032272338867,37.663238525390625,38.51069641113281,62.32286834716797,2
13:15:11.414,5.818092346191406,219.1527099609375,16.184890747070312,63.98999786376953,35.99610900878906,48.56904602050781,2
13:15:11.430,1.1609714031219482,221.29122924804688,16.239076614379883,59.697139739990234,62.89247131347656,37.09363555908203,2
13:15:11.430,2.77010178565979,219.93185424804688,16.468454360961914,35.898860931396484,64.08724975585938,53.737152099609375,2
13:15:11.446,4.479936599731445,223.79086303710938,16.43836784362793,44.31786346435547,36.135040283203125,63.851070404052734,2
13:15:11.472,6.091098308563232,222.4770050048828,16.667186737060547,63.64268112182617,36.34342956542969,41.858848571777344,2
13:15:11.473,1.5452901124954224,227.66127014160156,16.572242736816406,50.62517547607422,64.33731079101562,35.64878845214844,2
13:15:11.477,3.1802890300750732,227.7515411376953,16.731473922729492,37.17699432373047,61.69769287109375,62.80911636352539,2
13:15:11.493,4.956298828125,230.78746032714844,16.742992401123047,56.0572395324707,35.9266471862793,64.05946350097656,2
13:15:11.493,0.31537628173828125,228.85523986816406,17.003955841064453,64.40678405761719,44.72075653076172,35.57932662963867,2
13:15:11.510,2.104062557220459,233.1645050048828,16.95365333557129,37.204776763916016,62.78132629394531,37.49652862548828,2
13:15:11.538,3.7867839336395264,232.58474731445312,17.14780616760254,35.24590301513672,46.8741340637207,64.74020385742188,2
13:15:11.538,5.562178134918213,235.44638061523438,17.171377182006836,64.57349395751953,35.41261672973633,55.04306411743164,2
13:15:11.540,0.979354977607727,239.40780639648438,17.140865325927734,63.32314682006836,61.308692932128906,36.6629638671875,2
13:15:11.540,2.800084352493286,238.35401916503906,17.358612060546875,35.2042236328125,64.7818832397461,54.70964431762695,2
13:15:11.555,4.5933613777160645,240.5027618408203,17.419113159179688,46.888023376464844,35.00972366333008,64.97637939453125,2
13:15:11.571,0.07899162918329239,238.95156860351562,17.664079666137695,63.80938720703125,38.59405517578125,36.17671585083008,2
13:15:11.588,1.9203650951385498,244.55067443847656,17.552215576171875,40.9697151184082,64.26785278320312,35.718257904052734,2
13:15:11.602,3.70064115524292,244.3647003173828,17.730449676513672,34.64851379394531,49.055294036865234,65.33759307861328,2
13:15:11.602,5.571035385131836,247.5886688232422,17.737611770629883,65.0875244140625,34.898582458496094,54.973602294921875,2
13:15:11.602,1.086215615272522,250.92886352539062,17.740299224853516,62.392330169677734,63.58710479736328,36.39900207519531,2
13:15:11.617,2.9636621475219727,249.99606323242188,17.95453643798828,35.3570442199707,64.62906646728516,59.1136474609375,2
13:15:11.634,4.83973503112793,251.73831176757812,18.03703498840332,53.43151092529297,34.49569320678711,65.49040985107422,2
13:15:11.634,0.38416793942451477,250.64108276367188,18.26194190979004,65.6571273803711,46.17949295043945,34.3289794921875,2
13:15:11.676,2.3207573890686035,254.13555908203125,18.257938385009766,34.87079620361328,65.11531066894531,41.96998977661133,2
13:15:11.676,4.163311958312988,256.3749694824219,18.317577362060547,36.05168151855469,36.87135314941406,63.93442916870117,2
13:15:11.676,6.1558709144592285,259.3615417480469,18.338768005371094,64.64295196533203,35.3431510925293,39.372047424316406,2
13:15:11.676,1.8419212102890015,263.7236022949219,18.29202651977539,42.650733947753906,65.25423431396484,34.73187255859375,2
13:15:11.679,3.702096462249756,261.341064453125,18.581016540527344,33.91219711303711,48.958045959472656,66.07391357421875,2
13:15:11.696,5.704385757446289,264.910400390625,18.57366371154785,66.06002044677734,33.926090240478516,51.528202056884766,2
13:15:11.740,1.3496220111846924,265.5408020019531,18.714426040649414,56.15448760986328,65.80994415283203,34.1761589050293,2
13:15:11.740,3.330836534500122,267.94317626953125,18.767019271850586,34.634620666503906,59.22478485107422,65.35148620605469,2
13:15:11.740,5.331374168395996,270.0721740722656,18.833297729492188,64.83745574951172,35.14865493774414,61.72547912597656,2
13:15:11.740,1.0289000272750854,272.588134765625,18.880285263061523,64.29563903808594,63.69824981689453,35.690467834472656,2
13:15:11.740,3.0585782527923584,271.5175476074219,19.105785369873047,35.023616790771484,64.96248626708984,62.211727142333984,2
13:15:11.759,5.122147560119629,274.3049621582031,19.139202117919922,61.43373107910156,34.78744125366211,65.19866943359375,2
13:15:11.785,0.8053144216537476,272.6805419921875,19.39573097229004,66.12947845458984,58.08557891845703,33.85662841796875,2
13:15:11.785,2.858879566192627,274.8125305175781,19.461917877197266,33.62044906616211,66.36566162109375,56.96026611328125,2
13:15:11.785,4.9843549728393555,279.6607360839844,19.394020080566406,57.80772399902344,33.81494903564453,66.17115783691406,2
13:15:11.804,0.6859569549560547,276.66534423828125,19.719358444213867,66.85189819335938,54.77910614013672,33.13420486450195,2
13:15:11.804,2.8358678817749023,281.9735412597656,19.62738800048828,33.39816665649414,66.58794403076172,56.36288070678711,2
13:15:11.821,4.920051097869873,282.5646667480469,19.77402687072754,56.11280822753906,33.23145294189453,66.75465393066406,2
13:15:11.821,0.6872209906578064,281.3729553222656,20.010740280151367,67.08808135986328,54.87635803222656,32.89802551269531,2
13:15:11.868,2.8447906970977783,285.5139465332031,19.97971534729004,33.13420486450195,66.85189819335938,56.73798370361328,2
13:15:11.868,4.985812187194824,287.6436767578125,20.051414489746094,58.113365173339844,33.27313232421875,66.71297454833984,2
13:15:11.868,0.7831975221633911,286.0885009765625,20.30701446533203,66.99082946777344,57.80772399902344,32.995277404785156,2
13:15:11.868,2.987797737121582,290.80914306640625,20.246849060058594,33.64823532104492,66.33787536621094,60.97527313232422,2
13:15:11.874,5.162349224090576,292.4609375,20.342851638793945,63.267578125,34.13447952270508,65.85162353515625,2
13:15:11.926,1.041029691696167,296.32745361328125,20.32829475402832,65.29591369628906,65.0736312866211,34.69019317626953,2
13:15:11.926,3.2376327514648438,296.9809265136719,20.474233627319336,33.85662841796875,62.72575759887695,66.12947845458984,2
13:15:11.926,5.477053165435791,299.6847839355469,20.51841163635254,67.06029510498047,32.925811767578125,58.57182693481445,2
13:15:11.926,1.4262882471084595,302.1640625,20.57303810119629,54.431785583496094,67.62989807128906,32.3562126159668,2
13:15:11.927,3.6175379753112793,301.1495361328125,20.803266525268555,31.994998931884766,51.472633361816406,67.99110412597656,2
13:15:11.937,5.875279426574707,302.942626953125,20.89303207397461,67.96332550048828,32.02278137207031,46.373992919921875,2
13:15:11.993,1.8582737445831299,306.7283630371094,20.88462257385254,41.108642578125,67.33815002441406,32.64795684814453,2
13:15:11.993,4.09389591217041,306.5992126464844,21.072189331054688,33.39816665649414,36.857460021972656,66.58794403076172,2
13:15:11.993,0.06829282641410828,304.7426452636719,21.345611572265625,66.60183715820312,35.912750244140625,33.384273529052734,2
13:15:11.993,2.385108709335327,309.9933166503906,21.26543617248535,32.07835388183594,67.90775299072266,42.636844635009766,2
13:15:11.993,4.647366523742676,310.17401123046875,21.4379825592041,47.90219497680664,31.467073440551758,68.51903533935547,2
13:15:11.993,0.6428418755531311,310.0789794921875,21.625839233398438,68.58849334716797,53.848289489746094,31.397611618041992,2
13:15:12.058,3.0258586406707764,314.6876525878906,21.577617645263672,32.84245681762695,67.14364624023438,62.83689880371094,2
13:15:12.058,5.3545026779174805,317.0086364746094,21.643993377685547,67.22700500488281,32.75910186767578,62.78132629394531,2
13:15:12.058,1.4563556909561157,321.8922119140625,21.584171295166016,53.69546890258789,68.56071472167969,31.425395965576172,2
13:15:12.058,3.7806718349456787,320.53082275390625,21.833709716796875,31.21700668334961,46.22117233276367,68.76910400390625,2
13:15:12.058,6.1909918785095215,323.2958984375,21.87774085998535,67.19922637939453,32.78688430786133,36.273963928222656,2
13:15:12.058,2.2951526641845703,324.8821716308594,21.982574462890625,31.939428329467773,68.04667663574219,39.52486801147461,2
13:15:12.071,4.670137405395508,325.3741760253906,22.14044952392578,48.596832275390625,30.841901779174805,69.14421081542969,2
13:15:12.106,0.7425757646560669,323.6030578613281,22.413827896118164,68.9358139038086,57.29369354248047,31.050291061401367,2
13:15:12.137,3.19598650932312,327.07470703125,22.423351287841797,32.675743103027344,65.19866943359375,67.31036376953125,2
13:15:12.137,5.6979827880859375,333.25689697265625,22.299224853515625,69.26924133300781,30.71686553955078,52.056129455566406,2
13:15:12.137,1.9027841091156006,338.0594482421875,22.242033004760742,39.121978759765625,68.19950103759766,31.786609649658203,2
13:15:12.138,4.314897537231445,335.8143615722656,22.538206100463867,36.899139404296875,31.994998931884766,67.99110412597656,2
13:15:12.138,0.48934683203697205,334.31768798828125,22.796680450439453,69.72769927978516,48.819114685058594,30.258405685424805,2
13:15:12.138,2.9935126304626465,337.362060546875,22.829421997070312,31.606000900268555,68.3801040649414,62.559043884277344,2
13:15:12.207,5.551546573638916,342.67449951171875,22.7485294342041,69.26924133300781,30.71686553955078,57.04362487792969,2
13:15:12.207,1.806193232536316,344.9377746582031,22.819332122802734,42.01166915893555,69.21366882324219,30.772436141967773,2
13:15:12.207,4.335020065307617,345.6453857421875,22.968608856201172,37.30202865600586,31.49485969543457,68.49124908447266,2
13:15:12.207,0.5465996265411377,343.0778503417969,23.282638549804688,70.14448547363281,50.79188919067383,29.841623306274414,2
13:15:12.208,3.1110315322875977,348.819091796875,23.17964744567871,32.31453323364258,67.67156982421875,66.44901275634766,2
13:15:12.208,5.753756999969482,350.9613952636719,23.257291793823242,70.1305923461914,29.85551643371582,50.194496154785156,2
13:15:12.208,2.0774648189544678,354.4576721191406,23.267398834228516,33.050846099853516,67.61600494384766,32.37010192871094,2
13:15:12.290,4.633823394775391,352.3963317871094,23.557004928588867,47.22145080566406,29.66101837158203,70.32508850097656,2
13:15:12.290,0.8930470943450928,349.9277038574219,23.86853790283203,69.26924133300781,62.92025375366211,30.71686553955078,2
13:15:12.290,3.5597431659698486,355.07763671875,23.797649383544922,29.49430274963379,53.75103759765625,70.49180603027344,2
13:15:12.290,6.244143486022949,359.4421081542969,23.76675033569336,68.19950103759766,31.786609649658203,33.384273529052734,2
13:15:12.290,2.556851387023926,358.15216064453125,24.01836585998535,29.2303409576416,70.75576782226562,47.791053771972656,2
13:15:12.291,5.232376575469971,362.4289855957031,23.992671966552734,67.87996673583984,31.967214584350586,68.0188980102539,2
13:15:12.291,1.645729422569275,365.382568359375,24.032981872558594,47.290916442871094,70.74187469482422,29.24423599243164,2
13:15:12.291,4.299750328063965,364.1610412597656,24.282991409301758,35.38482666015625,30.730756759643555,69.2553482055664,2
13:15:12.291,0.6884244680404663,363.8912658691406,24.48541259765625,70.90858459472656,56.01555633544922,29.0775203704834,2
13:15:12.460,3.428082227706909,369.1612548828125,24.410072326660156,29.43873405456543,58.599609375,70.54737091064453,2
13:15:12.460,6.165300369262695,369.85968017578125,24.563697814941406,69.533203125,30.452903747558594,35.45429229736328,2
13:15:12.460,2.5838420391082764,369.896484375,24.751508712768555,28.56348991394043,71.42261505126953,48.721866607666016,2
13:15:12.460,5.3876142501831055,374.3731994628906,24.716354370117188,69.93608856201172,30.050012588500977,63.462074279785156,2
13:15:12.460,1.8483755588531494,377.0511169433594,24.77287483215332,39.81661605834961,70.63072967529297,29.355377197265625,2
13:15:12.460,4.578908443450928,374.79302978515625,25.0764217376709,44.984718322753906,28.46623992919922,71.51986694335938,2
13:15:12.460,1.0759880542755127,382.8123474121094,24.867387771606445,67.6993637084961,68.94970703125,31.03639793395996,2
13:15:12.460,3.885760545730591,379.3128662109375,25.231801986694336,28.674633026123047,41.70602798461914,71.31147766113281,2
13:15:12.544,0.37861594557762146,377.4306945800781,25.51751136779785,71.8532943725586,44.45679473876953,28.132814407348633,2
13:15:12.544,3.211557626724243,384.6063232421875,25.349716186523438,30.258405685424805,66.65740966796875,69.72769927978516,2
13:15:12.544,6.1239447593688965,388.3235778808594,25.354202270507812,70.50569915771484,29.48041343688965,36.440677642822266,2
13:15:12.544,2.6473867893218994,387.61151123046875,25.580425262451172,27.854961395263672,72.13114166259766,51.12531280517578,2
13:15:12.544,5.542857646942139,392.0673522949219,25.549015045166016,71.60321807861328,28.382884979248047,58.238399505615234,2
13:15:12.544,2.147773027420044,390.6324462890625,25.811553955078125,30.063905715942383,69.92220306396484,32.453460693359375,2
13:15:12.544,4.985228061676025,392.17535400390625,25.927946090698242,60.475135803222656,28.36899185180664,71.61711120605469,2
13:15:12.545,1.6516646146774292,400.4914245605469,25.704275131225586,46.8741340637207,72.18672180175781,27.799388885498047,2
13:15:12.632,4.536801815032959,398.20428466796875,26.010189056396484,43.17866134643555,27.813282012939453,72.1728286743164,2
13:15:12.632,1.1563613414764404,400.45751953125,26.089746475219727,65.75437927246094,70.67240905761719,29.313697814941406,2
13:15:12.632,4.136549949645996,402.00872802734375,26.204612731933594,29.772159576416016,32.14781951904297,70.21395111083984,2
13:15:12.632,0.7396466732025146,398.1014404296875,26.59351348876953,72.49236297607422,58.54404067993164,27.49374771118164,2
13:15:12.632,3.7824923992156982,406.1694030761719,26.381961822509766,27.29924964904785,45.35982131958008,72.68685913085938,2
13:15:12.632,0.4250454604625702,401.7373046875,26.797155380249023,73.08975219726562,46.04056930541992,26.896360397338867,2
13:15:12.632,3.4453742504119873,408.3154602050781,26.660720825195312,27.46596336364746,58.71075439453125,72.5201416015625,2
13:15:12.632,0.1833057850599289,406.22265625,26.95844841003418,72.00611114501953,36.49625015258789,27.97999382019043,2
13:15:12.632,3.2142271995544434,413.0564270019531,26.809215545654297,29.091415405273438,67.51875305175781,70.89469146728516,2
13:15:12.722,6.2747602462768555,413.98052978515625,26.956579208374023,70.31119537353516,29.674907684326172,30.077800750732422,2
13:15:12.722,2.9828970432281494,412.85943603515625,27.207927703857422,27.97999382019043,72.00611114501953,64.55960083007812,2
13:15:12.722,6.1001081466674805,418.5298156738281,27.11882781982422,72.13114166259766,27.854961395263672,36.41289138793945,2
13:15:12.722,2.828167200088501,416.7792663574219,27.40021514892578,26.785219192504883,73.20088958740234,58.57182693481445,2
13:15:12.722,5.949664115905762,421.1405334472656,27.37702178955078,73.27034759521484,26.715755462646484,42.233951568603516,2
13:15:12.722,2.72182035446167,419.2871398925781,27.66512680053711,26.160043716430664,73.82606506347656,54.2928581237793,2
13:15:12.722,5.89194917678833,425.939697265625,27.528202056884766,73.6315689086914,26.354541778564453,44.5401496887207,2
13:15:12.722,2.6689717769622803,421.831298828125,27.928955078125,25.840511322021484,74.14559936523438,52.12559127807617,2
13:15:12.722,5.851531505584717,427.44696044921875,27.844524383544922,74.00666809082031,25.97943878173828,46.151710510253906,2
13:15:12.815,2.6738016605377197,426.1501159667969,28.10584831237793,25.68769073486328,74.29841613769531,52.34787368774414,2
13:15:12.815,5.889347553253174,432.0444641113281,28.007436752319336,74.04834747314453,25.937759399414062,44.55404281616211,2
13:15:12.815,2.737727403640747,430.3380126953125,28.28954315185547,25.673797607421875,74.31230926513672,55.05696105957031,2
13:15:12.815,5.9726762771606445,436.3340148925781,28.187280654907227,73.85385131835938,26.132259368896484,41.053070068359375,2
13:15:12.815,2.856013536453247,435.49822998046875,28.425851821899414,26.062795639038086,73.9233169555664,60.044456481933594,2
13:15:12.815,6.093658447265625,438.4253234863281,28.47686767578125,73.29814147949219,26.68796730041504,35.98221969604492,2
13:15:12.815,2.9712257385253906,436.20880126953125,28.78589630126953,26.6046142578125,73.3814926147461,64.93470764160156,2
13:15:12.815,6.282446384429932,443.3357849121094,28.626754760742188,71.47818756103516,28.507917404174805,28.549596786499023,2
13:15:12.815,3.224531888961792,442.5954284667969,28.860755920410156,27.382606506347656,68.46346282958984,72.60350036621094,2
13:15:12.911,0.19757163524627686,439.0100402832031,29.23813819885254,73.9788818359375,35.9405403137207,26.00722312927246,2
13:15:12.911,3.4304258823394775,443.1988525390625,29.227022171020508,25.382051467895508,60.1972770690918,74.60405731201172,2
13:15:12.911,0.40808582305908203,441.1963806152344,29.52704620361328,75.39594268798828,44.88746643066406,24.590164184570312,2
13:15:12.911,3.7380878925323486,449.7655944824219,29.296932220458984,24.687414169311523,46.790775299072266,75.29869842529297,2
13:15:12.911,0.7180687189102173,445.9866027832031,29.685951232910156,75.21533966064453,58.599609375,24.770769119262695,2
13:15:12.911,4.096068382263184,453.748291015625,29.497859954833984,26.785219192504883,31.508752822875977,73.20088958740234,2
13:15:12.911,1.1225250959396362,459.5158386230469,29.410741806030273,69.11641693115234,72.95082092285156,27.035287857055664,2
13:15:12.911,4.511437892913818,457.60821533203125,29.70536231994629,41.09474563598633,24.7846622467041,75.20144653320312,2
13:15:12.912,1.6276541948318481,465.4132385253906,29.515792846679688,47.471519470214844,75.50708770751953,24.479022979736328,2
13:15:13.011,4.954962730407715,461.0423889160156,29.934978485107422,60.78076934814453,24.826339721679688,75.1597671508789,2
13:15:13.011,2.1344830989837646,470.81781005859375,29.64539909362793,27.257570266723633,72.7285385131836,29.313697814941406,2
13:15:13.011,5.479610443115234,466.62811279296875,30.055463790893555,75.00694274902344,24.97916030883789,62.447898864746094,2
13:15:13.011,2.5751004219055176,463.55621337890625,30.41002082824707,23.6871337890625,76.2989730834961,48.04112243652344,2
13:15:13.011,6.048630237579346,470.28558349609375,30.275400161743164,75.11808776855469,24.868019104003906,37.05195617675781,2
13:15:13.011,3.1589930057525635,470.75634765625,30.45267105102539,26.924144744873047,72.1450424194336,73.06195831298828,2
13:15:13.011,0.3199104964733124,466.73260498046875,30.855867385864258,76.16004180908203,40.636287689208984,23.82606315612793,2
13:15:13.011,3.803851366043091,472.7586975097656,30.75669288635254,23.617671966552734,43.62322998046875,76.3684310913086,2
13:15:13.011,0.9641992449760437,479.2140197753906,30.637231826782227,73.9927749633789,69.58877563476562,25.993331909179688,2
13:15:13.011,4.51520299911499,478.291015625,30.885717391967773,40.91414260864258,23.770492553710938,76.21561431884766,2
13:15:13.137,1.7633247375488281,484.92974853515625,30.75713539123535,41.164215087890625,76.13226318359375,23.853849411010742,2
13:15:13.137,5.256594657897949,481.45843505859375,31.133129119873047,73.61767578125,26.368436813354492,72.5062484741211,2
13:15:13.137,2.485905885696411,480.3872985839844,31.389636993408203,23.04806900024414,76.93804168701172,43.789939880371094,2
13:15:13.137,6.037902355194092,483.8912353515625,31.41907501220703,76.16004180908203,23.82606315612793,37.05195617675781,2
13:15:13.137,3.294882297515869,484.4416198730469,31.59463882446289,24.4929141998291,67.14364624023438,75.49319458007812,2
13:15:13.137,0.5328953862190247,480.4681091308594,31.997711181640625,77.70214080810547,50.4445686340332,22.283967971801758,2
13:15:13.137,4.152253150939941,488.260498046875,31.811500549316406,25.646013259887695,27.66046142578125,74.34009552001953,2
13:15:13.137,1.50905442237854,499.52740478515625,31.452495574951172,52.903587341308594,77.1742172241211,22.811893463134766,2
13:15:13.137,5.061819076538086,490.3982238769531,32.112281799316406,66.49069213867188,23.867740631103516,76.11837005615234,2
13:15:13.137,2.440324068069458,492.4798278808594,32.21238708496094,22.53403663635254,77.45207214355469,41.45595932006836,2
13:15:13.269,6.059222221374512,497.7613525390625,32.15371322631836,76.6046142578125,23.38149642944336,35.75993347167969,2
13:15:13.269,3.3757665157318115,499.0537414550781,32.2934684753418,23.186996459960938,63.82328414916992,76.79911041259766,2
13:15:13.269,0.7035495042800903,493.4397277832031,32.78037643432617,77.92442321777344,58.79410934448242,22.061683654785156,2
13:15:13.269,4.397593975067139,496.5892333984375,32.83006286621094,34.74576187133789,22.964712142944336,77.02139282226562,2
13:15:13.269,1.8399938344955444,507.6939697265625,32.482269287109375,37.03806686401367,77.10475158691406,22.88135528564453,2
13:15:13.269,5.4950151443481445,503.7124328613281,32.88890075683594,77.4798583984375,22.50625228881836,62.89247131347656,2
13:15:13.269,2.8509726524353027,499.98028564453125,33.283382415771484,21.95054054260254,78.03556060791016,61.51708984375,2
13:15:13.269,0.3036849796772003,500.0757141113281,33.486148834228516,78.29953002929688,39.03862380981445,21.68657875061035,2
13:15:13.269,4.086735725402832,511.86346435546875,33.10233688354492,23.839954376220703,29.674907684326172,76.14614868164062,2
13:15:13.269,1.5535924434661865,518.6232299804688,32.97250747680664,50.84745788574219,78.54959869384766,21.43651008605957,2
13:15:13.269,5.278393268585205,516.4849243164062,33.287445068359375,75.54875946044922,24.43734359741211,73.10364532470703,2
13:15:13.269,2.77319598197937,514.5023193359375,33.594417572021484,21.255905151367188,78.7302017211914,57.779937744140625,2
13:15:13.405,0.23959502577781677,511.58056640625,33.948177337646484,78.21617126464844,35.718257904052734,21.769935607910156,2
13:15:13.405,4.06069278717041,519.8628540039062,33.743324279785156,23.02028465270996,30.494583129882812,76.96582794189453,2
13:15:13.405,1.6090604066848755,525.2067260742188,33.68528747558594,48.055015563964844,79.14698791503906,20.839122772216797,2
13:15:13.405,5.419793128967285,521.6017456054688,34.074920654296875,77.81327819824219,22.172826766967773,67.03250885009766,2
13:15:13.405,2.913175106048584,520.1701049804688,34.35666275024414,21.519866943359375,78.46623992919922,64.99027252197266,2
13:15:13.406,0.46952345967292786,517.9823608398438,34.675540924072266,79.98055267333984,47.17977523803711,20.005556106567383,2
13:15:13.406,4.359535217285156,524.1661987304688,34.574920654296875,32.06446075439453,21.894969940185547,78.09114074707031,2
13:15:13.406,2.0051848888397217,535.4376220703125,34.22087097167969,28.39677619934082,76.8824691772461,23.103639602661133,2
13:15:13.406,5.863211631774902,531.452880859375,34.63059997558594,79.82772827148438,20.158376693725586,44.623504638671875,2
13:15:13.406,3.4477462768554688,532.8743896484375,34.76979064941406,20.589052200317383,61.23923110961914,79.39704895019531,2
13:15:13.406,1.0158019065856934,542.4629516601562,34.502899169921875,76.3267593383789,74.45124053955078,23.65934944152832,2
13:15:13.406,4.9819016456604,534.2320556640625,35.12368392944336,64.01778411865234,20.672409057617188,79.3136978149414,2
13:15:13.406,2.632502794265747,536.2741088867188,35.231773376464844,19.491525650024414,80.49458312988281,50.764102935791016,2
13:15:13.540,0.2518203854560852,528.4251708984375,35.8381233215332,79.8971939086914,35.56543731689453,20.08891487121582,2
13:15:13.540,4.199918270111084,540.3090209960938,35.456687927246094,23.909420013427734,23.228675842285156,76.75743103027344,2
13:15:13.541,1.9009957313537598,544.9772338867188,35.43656921386719,32.75910186767578,79.0219497680664,20.964155197143555,2
13:15:13.541,5.87058162689209,546.0277709960938,35.599365234375,80.63350677490234,19.352598190307617,44.081687927246094,2
13:15:13.541,3.555105209350586,547.6124877929688,35.733734130859375,19.227561950683594,55.87662887573242,80.758544921875,2
13:15:13.541,1.276699185371399,555.5062255859375,35.55421447753906,65.44873809814453,79.46651458740234,20.519588470458984,2
13:15:13.541,5.2700090408325195,551.65185546875,35.96104049682617,77.4798583984375,22.50625228881836,75.35426330566406,2
13:15:13.541,3.0000293254852295,550.3954467773438,36.23656463623047,20.86690902709961,79.11920166015625,70.25562286376953,2
13:15:13.541,0.702549934387207,543.6996459960938,36.78577423095703,81.342041015625,59.80827713012695,18.644067764282227,2
13:15:13.541,4.801224231719971,552.7692260742188,36.54678726196289,54.862464904785156,18.463462829589844,81.52264404296875,2
13:15:13.541,2.598904609680176,554.5490112304688,36.6713981628418,18.24117660522461,81.74492645263672,48.94415283203125,2
13:15:13.541,0.3726092576980591,552.2930908203125,36.99980926513672,81.67546081542969,41.65045928955078,18.31064224243164,2
13:15:13.541,4.4808220863342285,557.8341674804688,36.93844223022461,37.27424240112305,18.852458953857422,81.1336441040039,2
13:15:13.541,2.3451693058013916,560.4903564453125,37.02019500732422,19.11642074584961,80.86968994140625,35.023616790771484,2
13:15:13.685,0.1569816619157791,554.2875366210938,37.5465087890625,80.34175872802734,29.799943923950195,19.644346237182617,2
13:15:13.685,4.315464973449707,567.7510375976562,37.08777618408203,28.480133056640625,20.36676788330078,79.61933898925781,2
13:15:13.685,2.2114715576171875,566.5882568359375,37.36012649536133,20.269519805908203,79.71658325195312,27.827173233032227,2
13:15:13.685,0.09114212542772293,572.5633544921875,37.277992248535156,79.2998046875,26.56293487548828,20.686302185058594,2
13:15:13.685,4.221067428588867,571.8638916015625,37.5281982421875,23.43706703186035,21.339262008666992,78.64684295654297,2
13:15:13.685,2.1914360523223877,570.9754028320312,37.787445068359375,20.200056076049805,79.78604888916016,26.535146713256836,2
13:15:13.685,0.10625240951776505,579.656494140625,37.56879425048828,79.73048400878906,27.14642906188965,20.255626678466797,2
13:15:13.685,4.248610019683838,574.5794677734375,38.038368225097656,24.46512794494629,20.53348159790039,79.45262908935547,2
13:15:13.685,2.25329852104187,577.112060546875,38.12648391723633,19.144207000732422,80.8418960571289,29.591554641723633,2
13:15:13.685,0.1697448194026947,566.8526000976562,38.85749435424805,81.56432342529297,29.799943923950195,18.421783447265625,2
13:15:13.685,4.3432841300964355,580.8035278320312,38.378150939941406,29.2303409576416,18.99138641357422,80.99472045898438,2
13:15:13.685,2.3211591243743896,577.317138671875,38.7014045715332,17.93553924560547,82.05056762695312,33.0091667175293,2
13:15:13.685,0.24453327059745789,574.1168212890625,38.98031234741211,82.43956756591797,33.8844108581543,17.546541213989258,2
13:15:13.685,4.523252964019775,581.0636596679688,38.751224517822266,39.06640625,17.032508850097656,82.95359802246094,2
13:15:13.830,2.4968740940093994,578.6700439453125,38.9860954284668,16.47679901123047,83.50930786132812,42.928592681884766,2
13:15:13.830,0.44576790928840637,575.6783447265625,39.2522087097168,83.88441467285156,45.4153938293457,16.101696014404297,2
13:15:13.830,4.759748935699463,585.13037109375,38.89046096801758,52.75076675415039,16.351764678955078,83.63433837890625,2
13:15:13.830,2.775859832763672,586.0960083007812,38.95490646362305,16.671297073364258,83.31481170654297,59.183109283447266,2
13:15:13.830,0.7084688544273376,577.61962890625,39.49113082885742,83.60655975341797,60.878021240234375,16.37955093383789,2
13:15:13.830,5.103444576263428,590.3545532226562,38.96145248413086,72.27008056640625,18.79688835144043,81.18922424316406,2
13:15:13.830,3.1021580696105957,593.3234252929688,38.92112731933594,20.158376693725586,79.82772827148438,77.1742172241211,2
13:15:13.830,1.1802912950515747,600.4124145507812,38.675601959228516,72.07557678222656,80.96693420410156,19.0191707611084,2
13:15:13.830,5.523198127746582,593.3932495117188,39.131980895996094,82.93970489501953,17.046401977539062,63.739925384521484,2
13:15:13.830,3.562868595123291,597.424560546875,39.03752136230469,16.365657806396484,55.973880767822266,83.62045288085938,2
13:15:13.830,1.664163589477539,604.5274658203125,38.786155700683594,44.567935943603516,83.4398422241211,16.546262741088867,2
13:15:13.830,6.00109338760376,597.6002197265625,39.23676681518555,82.98138427734375,17.004724502563477,35.912750244140625,2
13:15:13.830,4.043326377868652,596.2235717773438,39.40924835205078,18.268962860107422,28.17449188232422,81.71714782714844,2
13:15:13.830,2.21722412109375,594.7220458984375,39.58594512939453,18.421783447265625,81.56432342529297,26.82689666748047,2
13:15:13.977,0.2182411402463913,589.1456909179688,39.96577453613281,83.00917053222656,31.967214584350586,16.976938247680664,2
13:15:13.977,4.592129707336426,597.9843139648438,39.624210357666016,42.859127044677734,15.921089172363281,84.06501770019531,2
13:15:13.977,2.675118923187256,598.1613159179688,39.71384811401367,15.657127380371094,84.3289794921875,53.389827728271484,2
13:15:13.977,0.6854994893074036,587.80419921875,40.33323287963867,84.46790313720703,59.73881530761719,15.51819896697998,2
13:15:13.977,5.1435370445251465,602.1055908203125,39.7133674621582,74.88191223144531,18.741317749023438,81.24478912353516,2
13:15:13.977,3.209956407546997,600.8504028320312,39.875789642333984,18.977493286132812,76.28507995605469,81.00861358642578,2
13:15:13.977,1.306718111038208,608.64404296875,39.58646774291992,65.49040985107422,83.092529296875,16.89358139038086,2
13:15:13.977,5.706691741943359,599.6427001953125,40.134307861328125,84.70408630371094,15.282022476196289,53.18143844604492,2
13:15:13.977,3.7776591777801514,602.5713500976562,40.08639907836914,15.4904146194458,43.24812698364258,84.49569702148438,2
13:15:13.977,1.9791024923324585,613.3085327148438,39.646331787109375,26.382328033447266,81.50875091552734,18.477354049682617,2
13:15:13.978,0.06852871924638748,607.5320434570312,40.03073501586914,81.1336441040039,23.603778839111328,18.852458953857422,2
13:15:13.978,4.434132099151611,603.4000854492188,40.333248138427734,33.37038040161133,16.40733528137207,83.57877349853516,2
13:15:13.978,2.584733724594116,605.9951171875,40.295677185058594,15.115310668945312,84.87079620361328,47.98554992675781,2
13:15:13.978,0.7017603516578674,601.8369140625,40.596046447753906,84.59294128417969,60.78076934814453,15.39316463470459,2
13:15:14.127,5.152606964111328,605.7421875,40.4927864074707,75.88218688964844,18.268962860107422,81.71714782714844,2
13:15:14.127,3.3248016834259033,610.069091796875,40.3673095703125,17.046401977539062,70.21395111083984,82.93970489501953,2
13:15:14.127,1.528881311416626,621.0079956054688,39.9107666015625,52.500694274902344,84.52348327636719,15.462628364562988,2
13:15:14.127,6.004082679748535,613.7913208007812,40.3591194152832,83.91220092773438,16.073909759521484,35.3431510925293,2
13:15:14.127,4.160336017608643,613.2753295898438,40.47225570678711,19.158100128173828,21.14476203918457,80.8280029296875,2
13:15:14.127,2.375807046890259,613.007568359375,40.57319259643555,15.879410743713379,84.10669708251953,35.398719787597656,2
13:15:14.127,0.48001042008399963,602.8489379882812,41.168643951416016,85.60710906982422,47.304805755615234,14.378994941711426,2
13:15:14.127,5.004393100738525,612.238037109375,40.78516387939453,67.60211181640625,16.171159744262695,83.81494903564453,2
13:15:14.127,3.208502769470215,612.580078125,40.852169036865234,18.24117660522461,77.02139282226562,81.74492645263672,2
13:15:14.127,1.4347916841506958,625.6884765625,40.28319549560547,58.182830810546875,84.55126190185547,15.434843063354492,2
13:15:14.127,5.9099440574646,618.7714233398438,40.71277618408203,84.85690307617188,15.129202842712402,40.84468078613281,2
13:15:14.127,4.073306083679199,616.7978515625,40.8958740234375,17.490968704223633,25.646013259887695,82.49513244628906,2
13:15:14.127,2.2731375694274902,611.6581420898438,41.23604202270508,16.37955093383789,83.60655975341797,29.0775203704834,2
13:15:14.127,0.4445854425430298,607.2684936523438,41.54149627685547,85.85718536376953,45.06807327270508,14.128925323486328,2
13:15:14.127,4.964966773986816,615.8317260742188,41.19649124145508,65.43484497070312,15.448735237121582,84.53736877441406,2
13:15:14.277,3.1499617099761963,616.4691162109375,41.248985290527344,18.908029556274414,80.4806900024414,81.07807922363281,2
13:15:14.277,1.40552818775177,630.4239501953125,40.63389205932617,60.01667404174805,84.70408630371094,15.282022476196289,2
13:15:14.277,5.965285778045654,624.2902221679688,41.01861572265625,84.77354431152344,15.212559700012207,37.42706298828125,2
13:15:14.277,4.148418426513672,620.5343627929688,41.28556823730469,18.33842658996582,21.21422576904297,81.6476821899414,2
13:15:14.277,2.4353840351104736,619.19287109375,41.43012237548828,14.712420463562012,85.27368927001953,38.705196380615234,2
13:15:14.277,0.6079410314559937,614.7998046875,41.7286262512207,85.99610900878906,55.265350341796875,13.989996910095215,2
13:15:14.277,5.180355072021484,627.2366943359375,41.18427276611328,77.8549575805664,18.157821655273438,81.82828521728516,2
13:15:14.277,3.4381916522979736,625.5818481445312,41.343929290771484,15.10141658782959,63.94832229614258,84.88468933105469,2
13:15:14.277,1.7674975395202637,632.7047729492188,41.0645866394043,37.954986572265625,84.87079620361328,15.115310668945312,2
13:15:14.277,0.013551410287618637,626.5277099609375,41.44865798950195,81.31425476074219,19.644346237182617,18.67185401916504,2
13:15:14.277,4.528242111206055,621.7501220703125,41.76253128051758,38.52458953857422,14.434565544128418,85.55154418945312,2
13:15:14.277,2.8462069034576416,626.816650390625,41.582977294921875,14.920811653137207,85.06529235839844,64.10114288330078,2
13:15:14.277,1.086418867111206,639.1300048828125,41.042015075683594,78.66073608398438,81.45317840576172,18.532926559448242,2
13:15:14.278,5.740462303161621,632.05078125,41.46589660644531,85.89885711669922,14.08724594116211,51.18088150024414,2
13:15:14.278,4.000636100769043,630.875732421875,41.59495162963867,15.976659774780273,29.452625274658203,84.00944519042969,2
13:15:14.432,2.3338382244110107,625.2655639648438,41.94607162475586,15.129202842712402,84.85690307617188,32.3562126159668,2
13:15:14.432,0.5085710287094116,615.771240234375,42.49409484863281,86.78800201416016,49.04140090942383,13.198110580444336,2
13:15:14.432,5.140241622924805,627.4406127929688,41.98067855834961,76.11837005615234,16.907474517822266,83.0786361694336,2
13:15:14.432,3.408677577972412,632.2474365234375,41.8127326965332,14.96249008178711,65.90719604492188,85.02362060546875,2
13:15:14.432,1.7523493766784668,635.0784301757812,41.742820739746094,38.69130325317383,85.55154418945312,14.434565544128418,2
13:15:14.432,0.016187842935323715,627.8510131835938,42.1757698059082,81.9116439819336,19.255348205566406,18.074464797973633,2
13:15:14.432,4.596642971038818,630.953369140625,42.093143463134766,42.70630645751953,13.78160572052002,86.20449829101562,2
13:15:14.432,2.881680488586426,628.8351440429688,42.267940521240234,14.656848907470703,85.32926177978516,66.51847839355469,2
13:15:14.432,1.1618980169296265,639.00244140625,41.829524993896484,74.9374771118164,83.23145294189453,16.754653930664062,2
13:15:14.432,5.833098411560059,635.0414428710938,42.095584869384766,86.3573226928711,13.628785133361816,45.35982131958008,2
13:15:14.432,4.1235270500183105,635.6101684570312,42.13371658325195,17.268686294555664,22.033899307250977,82.71742248535156,2
13:15:14.432,2.441746473312378,627.3968505859375,42.6115837097168,13.656571388244629,86.32953643798828,38.788551330566406,2
13:15:14.432,0.7156423926353455,624.7440185546875,42.812591552734375,86.3851089477539,62.25340270996094,13.601000785827637,2
13:15:14.433,5.412614345550537,635.4696655273438,42.34202575683594,84.48179626464844,15.50430679321289,71.5893325805664,2
13:15:14.433,3.7194411754608154,636.390869140625,42.36225891113281,13.364823341369629,46.54070281982422,86.62128448486328,2
13:15:14.582,2.1509695053100586,645.4481811523438,41.97334289550781,17.53264808654785,82.45346069335938,21.644901275634766,2
13:15:14.582,0.4025188684463501,626.5318603515625,42.98367691040039,86.9408187866211,42.20616912841797,13.045289993286133,2
13:15:14.582,5.081170082092285,635.4935302734375,42.596954345703125,73.0202865600586,15.587663650512695,84.39844512939453,2
13:15:14.582,3.410893678665161,638.9966430664062,42.48369598388672,14.378994941711426,66.0183334350586,85.60710906982422,2
13:15:14.582,1.8605018854141235,650.3038330078125,41.97909927368164,32.00889205932617,84.8291244506836,15.156987190246582,2
13:15:14.582,0.1765865832567215,629.48876953125,43.07942199707031,85.07918548583984,28.02167320251465,14.906919479370117,2
13:15:14.582,4.795047760009766,636.133544921875,42.81009292602539,55.29313659667969,13.045289993286133,86.9408187866211,2
13:15:14.582,3.1366631984710693,636.7384643554688,42.841487884521484,17.768823623657227,82.21728515625,81.85607147216797,2
13:15:14.582,1.5362812280654907,643.7157592773438,42.555973052978516,52.19505310058594,86.82967376708984,13.156432151794434,2
13:15:14.582,6.199226379394531,642.1436767578125,42.69609069824219,83.4537353515625,16.53236961364746,22.728534698486328,2
13:15:14.582,4.547918796539307,637.9417114257812,42.96855926513672,39.44150924682617,13.28146743774414,86.70464324951172,2
13:15:14.582,2.8670599460601807,633.2036743164062,43.26687240600586,13.684356689453125,86.30175018310547,65.99055480957031,2
13:15:14.582,1.284874677658081,651.8140869140625,42.39857864379883,67.93553924560547,85.2181167602539,14.767991065979004,2
13:15:14.582,5.988903522491455,646.3280029296875,42.72932052612305,86.02389526367188,13.962212562561035,35.42650604248047,2
13:15:14.582,4.344804763793945,640.5709838867188,43.07474899291992,26.771324157714844,15.184773445129395,84.80133056640625,2
13:15:14.582,2.7160868644714355,639.63720703125,43.17781448364258,12.781328201293945,87.20478057861328,56.33509063720703,2
13:15:14.728,1.11136794090271,647.5872192382812,42.83812713623047,78.48013305664062,83.24534606933594,16.740760803222656,2
13:15:14.729,5.843297958374023,647.297119140625,42.9096794128418,87.02417755126953,12.961934089660645,44.609615325927734,2
13:15:14.729,4.235105514526367,644.2538452148438,43.11848068237305,20.283411026000977,16.82411766052246,83.16199493408203,2
13:15:14.729,2.6068196296691895,639.57958984375,43.408660888671875,12.406224250793457,87.57987976074219,49.2636833190918,2
13:15:14.729,0.993371844291687,653.1830444335938,42.7847785949707,83.03695678710938,79.04973602294922,16.949153900146484,2
13:15:14.729,5.765925407409668,650.0849609375,42.99312210083008,87.21867370605469,12.767436027526855,49.58321762084961,2
13:15:14.729,4.193929195404053,647.1278076171875,43.193565368652344,17.879966735839844,17.50486183166504,82.48124694824219,2
13:15:14.729,2.6129324436187744,643.5198364257812,43.42603302001953,12.39233112335205,87.5937728881836,49.66657638549805,2
13:15:14.729,0.9771690964698792,658.5828247070312,42.72684860229492,83.25923919677734,78.0772476196289,16.72686767578125,2
13:15:14.729,5.8009538650512695,651.7625122070312,43.117584228515625,87.30203247070312,12.684078216552734,47.31869888305664,2
13:15:14.729,4.165740013122559,644.4096069335938,43.53775405883789,16.907474517822266,18.657960891723633,83.0786361694336,2
13:15:14.729,2.6124467849731445,643.011962890625,43.6597900390625,12.183939933776855,87.80216217041016,49.62489700317383,2
13:15:14.729,0.9666855931282043,654.7290649414062,43.12807083129883,83.7315902709961,77.72991943359375,16.254514694213867,2
13:15:14.729,5.769891262054443,652.1004028320312,43.31126022338867,87.49652862548828,12.489580154418945,49.31925582885742,2
13:15:14.729,4.168547630310059,649.3787841796875,43.49987030029297,16.99083137512207,18.519033432006836,82.99527740478516,2
13:15:14.853,2.5778987407684326,641.0303344726562,43.9703254699707,11.947763442993164,88.03834533691406,47.34648513793945,2
13:15:14.853,0.9487085342407227,659.6978759765625,43.09040069580078,83.99555969238281,76.64629364013672,15.990551948547363,2
13:15:14.853,5.778204917907715,653.0177612304688,43.47309494018555,87.63545227050781,12.350652694702148,48.777435302734375,2
13:15:14.853,4.171112537384033,649.045654296875,43.72216033935547,16.865795135498047,18.21339225769043,83.12030792236328,2
13:15:14.853,2.640120029449463,647.5253295898438,43.8472900390625,12.031120300292969,87.95498657226562,51.444847106933594,2
13:15:14.853,1.0497561693191528,656.4132080078125,43.45240020751953,82.43956756591797,82.63406372070312,17.352041244506836,2
13:15:14.853,5.874655723571777,656.1510009765625,43.51462936401367,87.42706298828125,12.559043884277344,42.4979133605957,2
13:15:14.853,4.29356575012207,651.6734619140625,43.78641128540039,23.28424644470215,15.351486206054688,84.6346206665039,2
13:15:14.853,2.7455625534057617,649.8397827148438,43.92622375488281,12.26729679107666,87.71881103515625,58.37732696533203,2
13:15:14.853,1.2016013860702515,660.4158325195312,43.44474792480469,73.50653076171875,85.07918548583984,14.906919479370117,2
13:15:14.853,6.02519416809082,657.0919799804688,43.65734100341797,86.48236083984375,13.503750801086426,32.800777435302734,2
13:15:14.853,4.463433265686035,653.2084350585938,43.896305084228516,33.77326965332031,13.156432151794434,86.82967376708984,2
13:15:14.853,2.9294092655181885,650.3652954101562,44.08408737182617,13.656571388244629,86.32953643798828,70.25562286376953,2
13:15:14.853,1.43287193775177,666.6749267578125,43.31398391723633,58.91914367675781,87.14920806884766,12.836898803710938,2
13:15:14.981,6.252183437347412,660.0498657226562,43.68836975097656,83.32869720458984,16.65740394592285,19.005279541015625,2
13:15:14.982,4.6430206298828125,653.1110229492188,44.08052062988281,45.4153938293457,11.906085014343262,88.08002471923828,2
13:15:14.982,3.121422052383423,654.1107177734375,44.0742073059082,16.560155868530273,83.42594909667969,81.88385009765625,2
13:15:14.982,1.6013485193252563,660.5575561523438,43.797515869140625,47.98554992675781,87.8994140625,12.086690902709961,2
13:15:14.982,0.08778800070285797,657.7923583984375,43.981353759765625,84.52348327636719,22.14504051208496,15.462628364562988,2
13:15:14.982,4.81796932220459,652.6843872070312,44.284584045410156,56.98805618286133,11.85051441192627,88.1355972290039,2
13:15:14.982,3.252376079559326,656.5549926757812,44.13797378540039,14.9763822555542,76.54904174804688,85.00972747802734,2
13:15:14.982,1.8309508562088013,665.1851806640625,43.75209045410156,33.10641860961914,86.60739135742188,13.378717422485352,2
13:15:14.982,0.257877379655838,643.8223266601562,44.86463928222656,87.48262786865234,32.31453323364258,12.503473281860352,2
13:15:14.982,5.036621570587158,654.6800537109375,44.3657112121582,71.20033264160156,13.573214530944824,86.41289520263672,2
13:15:14.982,3.5400662422180176,661.8863525390625,44.04660415649414,12.142261505126953,58.238399505615234,87.8438491821289,2
13:15:14.982,2.1150729656219482,666.2845458984375,43.868309020996094,16.712974548339844,83.27313232421875,18.282855987548828,2
13:15:14.982,0.5188138484954834,649.3680419921875,44.75786590576172,88.76077270507812,49.66657638549805,11.225340843200684,2
13:15:15.108,5.355612277984619,657.792724609375,44.37885665893555,85.32926177978516,14.656848907470703,76.16004180908203,2
13:15:15.108,3.838292360305786,660.0474243164062,44.30917739868164,12.197833061218262,38.55237579345703,87.78826904296875,2
13:15:15.108,2.3994860649108887,658.3662109375,44.433502197265625,12.434009552001953,87.5521011352539,35.55154037475586,2
13:15:15.108,0.8300116062164307,650.5557861328125,44.86637496948242,87.0380630493164,70.29730987548828,12.948040962219238,2
13:15:15.108,5.741745471954346,663.1455078125,44.275657653808594,88.33009338378906,11.656015396118164,51.18088150024414,2
13:15:15.108,4.236863136291504,659.6495971679688,44.48922348022461,19.435955047607422,15.740484237670898,84.24562072753906,2
13:15:15.108,2.7770144939422607,660.4407348632812,44.48687744140625,11.947763442993164,88.03834533691406,60.55848693847656,2
13:15:15.108,1.2826859951019287,670.26416015625,44.0352897644043,68.75521087646484,86.55181884765625,13.434288024902344,2
13:15:15.108,6.13427209854126,664.2431640625,44.374942779541016,85.75993347167969,14.226174354553223,25.632118225097656,2
13:15:15.108,4.588099002838135,658.1777954101562,44.71796798706055,41.678245544433594,11.55876636505127,88.42733764648438,2
13:15:15.108,3.068030834197998,652.1405639648438,45.0616455078125,14.851347923278809,85.134765625,79.39704895019531,2
13:15:15.108,1.6277331113815308,667.2735595703125,44.34798812866211,46.207279205322266,88.34398651123047,11.642123222351074,2
13:15:15.108,0.1273823082447052,647.8836059570312,45.35860824584961,86.23228454589844,23.72881317138672,13.75382137298584,2
13:15:15.238,4.919095516204834,660.522216796875,44.76728057861328,63.78160858154297,12.045012474060059,87.94109344482422,2
13:15:15.238,3.4679408073425293,665.6260986328125,44.550682067871094,12.15615463256836,63.08696746826172,87.8299560546875,2
13:15:15.238,2.045586347579956,671.6155395507812,44.288639068603516,19.616559982299805,84.10669708251953,15.879410743713379,2
13:15:15.238,0.48785391449928284,649.917724609375,45.413272857666016,89.30258178710938,47.55487823486328,10.683523178100586,2
13:15:15.238,5.354759693145752,668.0670166015625,44.54046630859375,85.45429229736328,14.531814575195312,76.3128662109375,2
13:15:15.238,3.9177775382995605,667.245849609375,44.61820983886719,12.57293701171875,33.27313232421875,87.41316986083984,2
13:15:15.238,2.4382643699645996,657.7882080078125,45.12702941894531,11.544873237609863,88.44123840332031,37.885520935058594,2
13:15:15.238,0.9091713428497314,673.9049072265625,44.361080169677734,85.59321594238281,75.02083587646484,14.392887115478516,2
13:15:15.238,5.846209526062012,666.7839965820312,44.750877380371094,88.60794830322266,11.37816047668457,44.17893981933594,2
13:15:15.239,4.376905918121338,660.685302734375,45.08998489379883,27.72992515563965,13.114753723144531,86.87135314941406,2
13:15:15.239,2.9402849674224854,663.2997436523438,44.99410629272461,13.031397819519043,86.95470428466797,71.36705017089844,2
13:15:15.239,1.5260603427886963,676.64892578125,44.36183547973633,52.97304916381836,88.37177276611328,11.614337921142578,2
13:15:15.372,0.1367211788892746,672.344970703125,44.609493255615234,85.7738265991211,24.742984771728516,14.2122802734375,2
13:15:15.372,4.908051490783691,664.478271484375,45.034915924072266,63.12864303588867,11.739371299743652,88.24673461914062,2
13:15:15.373,3.46889328956604,663.1437377929688,45.13395309448242,11.656015396118164,63.19811248779297,88.33009338378906,2
13:15:15.373,2.1066384315490723,681.9183349609375,44.22836685180664,16.587942123413086,83.39816284179688,17.53264808654785,2
13:15:15.373,0.5672407150268555,657.4008178710938,45.48711013793945,89.3442611694336,52.97304916381836,10.641845703125,2
13:15:15.373,5.418789863586426,669.6396484375,44.90983200073242,86.64906311035156,13.337038040161133,72.5062484741211,2
13:15:15.373,4.000189304351807,668.159912109375,45.017547607421875,13.170326232910156,27.799388885498047,86.81578063964844,2
13:15:15.373,2.515787124633789,657.6074829101562,45.580528259277344,10.725201606750488,89.26090240478516,43.01194763183594,2
13:15:15.373,1.070305347442627,677.4111938476562,44.627132415771484,82.12003326416016,83.89830780029297,16.087800979614258,2
13:15:15.373,5.968008995056152,669.1664428710938,45.07133483886719,88.1772689819336,11.808835983276367,36.01000213623047,2
13:15:15.373,4.500143527984619,662.4373168945312,45.44221496582031,35.6348991394043,11.517087936401367,88.4690170288086,2
13:15:15.373,3.0689172744750977,666.5775756835938,45.266685485839844,14.712420463562012,85.27368927001953,79.5776596069336,2
13:15:15.373,1.6950172185897827,673.6243286132812,44.94667053222656,41.636566162109375,88.62183380126953,11.364267349243164,2
13:15:15.523,0.24340803921222687,658.8589477539062,45.71807098388672,88.03834533691406,31.022506713867188,11.947763442993164,2
13:15:15.523,5.12615966796875,667.7278442382812,45.30678939819336,77.31314086914062,14.07335376739502,85.91275024414062,2
13:15:15.523,3.671973466873169,672.2467651367188,45.11307907104492,10.919699668884277,49.527645111083984,89.06640625,2
13:15:15.523,2.3082165718078613,668.4142456054688,45.33454513549805,12.600723266601562,87.38538360595703,29.25812530517578,2
13:15:15.523,0.7975538969039917,659.2149047851562,45.82765197753906,88.2050552368164,68.58849334716797,11.781050682067871,2
13:15:15.523,5.745061874389648,672.2584228515625,45.20454406738281,89.13587188720703,10.850235939025879,50.97249221801758,2
13:15:15.523,4.324548244476318,669.3604125976562,45.379425048828125,24.256736755371094,13.614892959594727,86.3712158203125,2
13:15:15.523,2.881655693054199,667.7852783203125,45.48715591430664,11.961655616760254,88.02445220947266,67.7688217163086,2
13:15:15.523,1.527696967124939,683.9851684570312,44.70624923706055,52.875797271728516,88.67741394042969,11.308696746826172,2
13:15:15.523,0.11765577644109726,675.040283203125,45.181514739990234,85.94053649902344,23.228675842285156,14.045567512512207,2
13:15:15.523,4.933098316192627,669.0994873046875,45.50715637207031,64.93470764160156,11.544873237609863,88.44123840332031,2
13:15:15.523,3.515658378601074,673.0972290039062,45.337249755859375,11.169769287109375,60.127811431884766,88.81633758544922,2
13:15:15.523,2.1858670711517334,680.2013549804688,45.012062072753906,14.601278305053711,85.38482666015625,21.714365005493164,2
13:15:15.523,0.6292529106140137,658.96142578125,46.10655975341797,89.70547485351562,57.27980041503906,10.280633926391602,2
13:15:15.655,5.567072868347168,671.4973754882812,45.50999450683594,88.67741394042969,11.308696746826172,63.059181213378906,2
13:15:15.655,4.157043933868408,674.4031982421875,45.393218994140625,15.337594032287598,17.838289260864258,84.64851379394531,2
13:15:15.655,2.716850757598877,665.927978515625,45.84611129760742,10.489025115966797,89.49708557128906,56.779659271240234,2
13:15:15.655,1.3233662843704224,688.0035400390625,44.77250671386719,66.43511962890625,87.57987976074219,12.406224250793457,2
13:15:15.655,6.253727436065674,675.9285888671875,45.40065383911133,84.6068344116211,15.3792724609375,17.699359893798828,2
13:15:15.655,4.800233840942383,668.31689453125,45.80923080444336,56.01555633544922,10.47513198852539,89.51097869873047,2
13:15:15.655,3.44278883934021,676.752685546875,45.41395950317383,11.628230094909668,65.01805877685547,88.35787963867188,2
13:15:15.655,2.1138558387756348,683.2534790039062,45.11537551879883,15.782160758972168,84.20394897460938,17.296470642089844,2
13:15:15.655,0.6354547142982483,663.05078125,46.15401840209961,89.71936798095703,57.724369049072266,10.266740798950195,2
13:15:15.655,5.586592674255371,676.8089599609375,45.492366790771484,88.80244445800781,11.183662414550781,61.73937225341797,2
13:15:15.656,4.211315155029297,673.7842407226562,45.670047760009766,17.08807945251465,15.309807777404785,84.67630004882812,2
13:15:15.656,2.816859483718872,671.1904296875,45.82448959350586,11.086413383483887,88.89969635009766,63.573219299316406,2
13:15:15.656,1.474988579750061,687.0089721679688,45.0601806640625,56.46012878417969,88.84412384033203,11.141983985900879,2
13:15:15.656,0.12797226011753082,680.3969116210938,45.413455963134766,86.28785705566406,23.742706298828125,13.698249816894531,2
13:15:15.656,4.96085262298584,671.2075805664062,45.8986701965332,66.9213638305664,11.461517333984375,88.52458953857422,2
13:15:15.790,3.5578813552856445,674.666259765625,45.75104904174805,10.600166320800781,57.349266052246094,89.38594055175781,2
13:15:15.790,2.2244112491607666,668.2240600585938,46.099395751953125,13.128646850585938,86.85746002197266,23.478742599487305,2
13:15:15.790,0.715820848941803,661.3251342773438,46.473358154296875,89.49708557128906,63.30925369262695,10.489025115966797,2
13:15:15.790,5.680995464324951,671.5809326171875,45.98683166503906,89.69158172607422,10.294526100158691,55.40428161621094,2
13:15:15.790,4.2782063484191895,671.443603515625,46.02121353149414,20.95026397705078,13.837176322937012,86.14892578125,2
13:15:15.790,2.9072775840759277,672.9364624023438,45.9729118347168,11.836621284484863,88.14949035644531,69.65824127197266,2
13:15:15.790,1.5641371011734009,685.3984375,45.37427520751953,50.4445686340332,89.2886962890625,10.697416305541992,2
13:15:15.790,0.19485728442668915,662.0341186523438,46.56691360473633,88.16337585449219,27.43817901611328,11.822729110717773,2
13:15:15.790,5.062814235687256,673.774169921875,46.003238677978516,73.6871337890625,12.57293701171875,87.41316986083984,2
13:15:15.790,3.7302963733673096,678.4058227539062,45.795738220214844,10.419561386108398,45.52653503417969,89.56654357910156,2
13:15:15.790,2.378216505050659,672.62353515625,46.10783004760742,11.211447715759277,88.774658203125,33.56488037109375,2
13:15:15.790,0.9202744960784912,691.0638427734375,45.21212387084961,86.10725402832031,76.20172119140625,13.878854751586914,2
13:15:15.790,5.960831165313721,681.916015625,45.68819046020508,88.76077270507812,11.225340843200684,36.28786087036133,2
13:15:15.919,4.587767124176025,674.1598510742188,46.09648895263672,41.400386810302734,10.37788200378418,89.60822296142578,2
13:15:15.919,3.2049503326416016,677.6210327148438,45.945804595947266,14.337316513061523,80.60572052001953,85.64879608154297,2
13:15:15.919,1.9392435550689697,687.3922119140625,45.47909927368164,25.423728942871094,86.732421875,13.253681182861328,2
13:15:15.919,0.4779888987541199,664.597900390625,46.6414909362793,90.34454345703125,46.804664611816406,9.64156723022461,2
13:15:15.919,5.489487171173096,683.2342529296875,45.728904724121094,88.16337585449219,11.822729110717773,68.29674530029297,2
13:15:15.919,4.0914740562438965,677.7764892578125,46.02251052856445,13.698249816894531,21.450403213500977,86.28785705566406,2
13:15:15.919,2.7453908920288086,675.4468383789062,46.16055679321289,10.336204528808594,89.64990234375,58.79410934448242,2
13:15:15.919,1.3640854358673096,680.5625,45.92888641357422,64.12892150878906,88.92747497558594,11.058627128601074,2
13:15:15.919,0.047807205468416214,680.2156372070312,45.971038818359375,85.38482666015625,18.40789222717285,14.601278305053711,2
13:15:15.919,4.916996955871582,675.423828125,46.234745025634766,64.08724975585938,10.794665336608887,89.19144439697266,2
13:15:15.919,3.523740530014038,675.9296875,46.23506164550781,10.350096702575684,59.7666015625,89.6360092163086,2
13:15:15.919,2.2327935695648193,674.84228515625,46.31249237060547,12.823006629943848,87.16310119628906,23.895526885986328,2
13:15:15.919,0.788096010684967,668.0580444335938,46.67502975463867,89.01083374023438,68.29674530029297,10.97527027130127,2
13:15:15.919,5.801846027374268,682.8464965820312,45.956024169921875,89.76103973388672,10.225062370300293,47.082523345947266,2
13:15:16.047,4.44850492477417,676.6971435546875,46.28334045410156,31.88385581970215,11.294803619384766,88.6913070678711,2
13:15:16.047,3.0534045696258545,673.6066284179688,46.459129333496094,13.517643928527832,86.46846771240234,79.38316345214844,2
13:15:16.047,1.8095803260803223,689.1464233398438,45.70235061645508,33.77326965332031,88.45513153076172,11.530980110168457,2
13:15:16.047,0.35961031913757324,664.3042602539062,46.965797424316406,90.12226104736328,38.496803283691406,9.863851547241211,2
13:15:16.047,5.375580310821533,683.0189819335938,46.04923629760742,86.96859741210938,13.017505645751953,75.86829376220703,2
13:15:16.047,4.023468971252441,680.0803833007812,46.21421813964844,12.517365455627441,25.68769073486328,87.46874237060547,2
13:15:16.047,2.7206358909606934,680.6596069335938,46.204010009765625,10.18338394165039,89.80272674560547,57.09919357299805,2
13:15:16.047,1.3765071630477905,689.8284301757812,45.765907287597656,63.25368118286133,88.88580322265625,11.100305557250977,2
13:15:16.047,0.11160662025213242,687.265869140625,45.91202926635742,86.4267807006836,22.40900230407715,13.559322357177734,2
13:15:16.047,4.999094009399414,680.19580078125,46.28202438354492,69.63044738769531,11.544873237609863,88.44123840332031,2
13:15:16.047,3.6672987937927246,681.1873168945312,46.2495231628418,9.933314323425293,49.8471794128418,90.05279541015625,2
13:15:16.047,2.3417675495147705,677.2914428710938,46.46316146850586,11.280911445617676,88.70519256591797,30.9808292388916,2
13:15:16.173,0.9294858574867249,670.8084106445312,46.8087272644043,87.2325668334961,77.71603393554688,12.75354290008545,2
13:15:16.173,5.924657821655273,682.5621948242188,46.24201583862305,89.49708557128906,10.489025115966797,38.59405517578125,2
13:15:16.173,4.5794758796691895,679.5850219726562,46.410888671875,40.761322021484375,10.155598640441895,89.83050537109375,2
13:15:16.173,3.1638472080230713,680.169189453125,46.402713775634766,14.754098892211914,83.4398422241211,85.23200988769531,2
13:15:16.173,1.9429322481155396,692.6282958984375,45.799034118652344,25.006946563720703,86.9408187866211,13.045289993286133,2
13:15:16.173,0.5088636875152588,671.4113159179688,46.87922668457031,90.58071899414062,48.958045959472656,9.405389785766602,2
13:15:16.173,5.517143249511719,684.1133422851562,46.26321029663086,88.88580322265625,11.100305557250977,66.65740966796875,2
13:15:16.173,4.202882766723633,688.020751953125,46.084171295166016,16.28230094909668,15.156987190246582,84.8291244506836,2
13:15:16.173,2.8635082244873047,678.6746215820312,46.56843948364258,10.878022193908691,89.10808563232422,66.97694396972656,2
13:15:16.173,1.5945298671722412,695.1321411132812,45.76368713378906,48.360652923583984,89.60822296142578,10.37788200378418,2
13:15:16.173,0.24432358145713806,668.3325805664062,47.119354248046875,89.21923065185547,30.508474349975586,10.766879081726074,2
13:15:16.173,5.225327014923096,685.6973876953125,46.26690673828125,84.0511245727539,15.0875244140625,84.8985824584961,2
13:15:16.173,3.949514389038086,684.3365478515625,46.349918365478516,11.461517333984375,30.494583129882812,88.52458953857422,2
13:15:16.174,2.628464698791504,682.6802368164062,46.44883346557617,9.7666015625,90.2195053100586,50.72241973876953,2
13:15:16.299,1.3424339294433594,695.939208984375,45.80182647705078,65.54598236083984,88.63572692871094,11.350375175476074,2
13:15:16.299,0.03603142872452736,686.5311889648438,46.287723541259766,85.41261291503906,17.463184356689453,14.573492050170898,2
13:15:16.299,4.97089147567749,681.5187377929688,46.55418395996094,67.83828735351562,11.016949653625488,88.96916198730469,2
13:15:16.299,3.6258246898651123,679.6096801757812,46.66486740112305,9.613780975341797,52.75076675415039,90.37232208251953,2
13:15:16.299,2.341984510421753,677.5277099609375,46.7868537902832,11.003056526184082,88.9830551147461,30.869686126708984,2
13:15:16.299,0.9093850255012512,670.23681640625,47.17135238647461,87.8438491821289,76.6185073852539,12.142261505126953,2
13:15:16.299,5.981375217437744,686.2667846679688,46.387550354003906,89.17755126953125,10.808558464050293,34.69019317626953,2
13:15:16.299,4.604907989501953,679.659423828125,46.735633850097656,42.470130920410156,9.75270938873291,90.2333984375,2
13:15:16.299,3.2520394325256348,684.3013916015625,46.52362060546875,13.086968421936035,78.00778198242188,86.89913940429688,2
13:15:16.299,2.0257437229156494,694.9367065429688,46.00898742675781,19.672130584716797,85.7877197265625,14.19838809967041,2
13:15:16.299,0.610645592212677,672.4985961914062,47.14842987060547,90.66407012939453,56.140594482421875,9.322033882141113,2
13:15:16.299,5.624518394470215,685.7557373046875,46.502540588378906,89.89997863769531,10.086134910583496,59.39149856567383,2
13:15:16.426,4.321011543273926,681.6200561523438,46.72444152832031,23.256460189819336,12.58682918548584,87.39927673339844,2
13:15:16.426,2.9632318019866943,677.4938354492188,46.947025299072266,11.739371299743652,88.24673461914062,73.82606506347656,2
13:15:16.426,1.7629390954971313,694.0947265625,46.132991790771484,36.774105072021484,89.20533752441406,10.78077220916748,2
13:15:16.426,0.36829236149787903,670.3190307617188,47.33716583251953,90.49736022949219,39.01083755493164,9.488746643066406,2
13:15:16.426,5.436487197875977,688.6791381835938,46.43169403076172,88.1217041015625,11.86440658569336,72.10336303710938,2
13:15:16.426,4.1335320472717285,688.4759521484375,46.4531135559082,14.101139068603516,18.532926559448242,85.88497161865234,2
13:15:16.426,2.8515865802764893,687.6447143554688,46.506752014160156,10.808558464050293,89.17755126953125,66.14337921142578,2
13:15:16.426,1.5964211225509644,702.0302124023438,45.79887390136719,48.23562240600586,89.64990234375,10.336204528808594,2
13:15:16.426,0.2707158029079437,673.8779907226562,47.21754455566406,89.5804443359375,32.27285385131836,10.405668258666992,2
13:15:16.426,5.258240222930908,690.0982666015625,46.41857147216797,85.24590301513672,14.740206718444824,83.4537353515625,2
13:15:16.426,3.953117609024048,682.9706420898438,46.78813934326172,11.141983985900879,30.063905715942383,88.84412384033203,2
13:15:16.426,2.6379854679107666,682.192138671875,46.841651916503906,9.433176040649414,90.55293273925781,51.40316390991211,2
13:15:16.548,1.335322618484497,689.5384521484375,46.49015426635742,66.2684097290039,89.14976501464844,10.836343765258789,2
13:15:16.548,0.06147819384932518,689.2626953125,46.51997375488281,86.05168151855469,18.880245208740234,13.934426307678223,2
13:15:16.548,5.003030776977539,683.4398193359375,46.82657241821289,70.11669921875,11.141983985900879,88.84412384033203,2
13:15:16.548,3.657254934310913,686.3638916015625,46.69646072387695,9.558210372924805,50.55571365356445,90.42790222167969,2
13:15:16.548,2.415079116821289,683.6336059570312,46.84648895263672,10.252848625183105,89.73326110839844,35.82939910888672,2
13:15:16.548,1.0365188121795654,694.6343383789062,46.311058044433594,84.94026184082031,84.07891082763672,15.045845031738281,2
13:15:16.548,6.091359615325928,690.668701171875,46.52227020263672,88.08002471923828,11.906085014343262,27.257570266723633,2
13:15:16.548,4.776368141174316,686.2183837890625,46.7575569152832,54.47346496582031,9.5859956741333,90.40010833740234,2
13:15:16.548,3.455024242401123,686.1520385742188,46.77525329589844,10.37788200378418,64.62906646728516,89.60822296142578,2
13:15:16.548,2.2475481033325195,680.6029052734375,47.06549835205078,12.003334999084473,87.98277282714844,24.43734359741211,2
13:15:16.549,0.8150641918182373,673.3949584960938,47.442108154296875,89.3442611694336,70.43623352050781,10.641845703125,2
13:15:16.549,5.919768810272217,687.781494140625,46.73405075073242,89.941650390625,10.04445743560791,38.81633758544922,2
13:15:16.549,4.598711013793945,683.376708984375,46.96799087524414,41.997779846191406,9.5859956741333,90.40010833740234,2
13:15:16.672,3.3456315994262695,687.0861206054688,46.79448699951172,11.517087936401367,72.04779052734375,88.4690170288086,2
13:15:16.672,2.1428232192993164,704.4534301757812,45.936710357666016,14.6151704788208,85.37093353271484,18.463462829589844,2
13:15:16.672,0.7320698499679565,676.2435302734375,47.35810470581055,90.12226104736328,64.69853210449219,9.863851547241211,2
13:15:16.672,5.835110187530518,693.8949584960938,46.48379135131836,90.13614654541016,9.849958419799805,44.734649658203125,2
13:15:16.672,4.48890495300293,685.8770751953125,46.89628601074219,34.39844512939453,10.391775131225586,89.5943374633789,2
13:15:16.672,3.2273380756378174,691.2557373046875,46.63901901245117,13.406501770019531,79.66101837158203,86.57960510253906,2
13:15:16.672,1.949575424194336,691.628173828125,46.633705139160156,24.131702423095703,87.51042175292969,12.475687980651855,2
13:15:16.672,0.5813361406326294,674.1334838867188,47.525211334228516,91.08085632324219,54.11225509643555,8.905251502990723,2
13:15:16.672,5.611889362335205,685.6036987304688,46.96474075317383,90.2195053100586,9.7666015625,60.363990783691406,2
13:15:16.672,4.324199199676514,684.6976928710938,47.02538299560547,23.298137664794922,12.295082092285156,87.69102478027344,2
13:15:16.672,3.017210006713867,684.339111328125,47.05706787109375,12.44790267944336,87.5382080078125,77.42427825927734,2
13:15:16.672,1.8185374736785889,699.1615600585938,46.32804489135742,32.95359802246094,88.88580322265625,11.100305557250977,2
13:15:16.794,0.4371047019958496,674.9585571289062,47.55067443847656,91.02528381347656,43.83161926269531,8.960822105407715,2
13:15:16.794,5.47526741027832,691.1473388671875,46.75119400024414,88.85801696777344,11.128090858459473,69.65824127197266,2
13:15:16.794,4.2046122550964355,685.2939453125,47.055503845214844,15.671019554138184,14.378994941711426,85.60710906982422,2
13:15:16.794,2.89812970161438,681.7893676757812,47.24254608154297,10.669631004333496,89.31647491455078,69.58877563476562,2
13:15:16.794,1.7063117027282715,701.0673828125,46.290306091308594,40.60850143432617,89.71936798095703,10.266740798950195,2
13:15:16.794,0.363616943359375,677.4214477539062,47.48217010498047,90.5946044921875,38.64962387084961,9.391497611999512,2
13:15:16.794,5.433218479156494,694.1670532226562,46.6540641784668,88.26062774658203,11.725479125976562,72.42289733886719,2
13:15:16.794,4.162994384765625,690.7708129882812,46.83173370361328,14.351208686828613,16.449012756347656,85.63490295410156,2
13:15:16.795,2.877744674682617,684.38818359375,47.16062545776367,10.516810417175293,89.46929931640625,68.15782165527344,2
13:15:16.795,1.6804883480072021,706.9882202148438,46.039146423339844,42.42845153808594,89.62211608886719,10.36398983001709,2
13:15:16.795,0.3654291033744812,679.671875,47.412654876708984,90.5390396118164,38.788551330566406,9.44706916809082,2
13:15:16.795,5.376558303833008,693.8270874023438,46.71541976928711,87.5243148803711,12.46179485321045,76.18782806396484,2
13:15:16.795,4.1106181144714355,693.870361328125,46.72191619873047,13.475964546203613,19.797164916992188,86.51013946533203,2
13:15:16.912,2.7719180583953857,681.9603881835938,47.32883834838867,9.488746643066406,90.49736022949219,60.878021240234375,2
13:15:16.912,1.5216034650802612,694.2968139648438,46.726463317871094,53.44540023803711,90.41400909423828,9.572103500366211,2
13:15:16.912,0.18933449685573578,674.9962768554688,47.70533752441406,89.02472686767578,26.521257400512695,10.96137809753418,2
13:15:16.912,5.2026543617248535,685.7325439453125,47.18260192871094,83.31481170654297,13.948318481445312,86.03778839111328,2
13:15:16.912,3.923069953918457,691.1458740234375,46.92531967163086,10.697416305541992,32.036678314208984,89.2886962890625,2
13:15:16.912,2.641540050506592,683.8386840820312,47.30183410644531,9.04417896270752,90.94193267822266,51.66712951660156,2
13:15:16.912,1.3609132766723633,705.87353515625,46.21207809448242,64.43456268310547,89.13587188720703,10.850235939025879,2
13:15:16.912,0.13735850155353546,681.5227661132812,47.43561935424805,88.05223846435547,23.186996459960938,11.933870315551758,2
13:15:16.912,5.104172229766846,687.0726928710938,47.16820526123047,77.00749969482422,12.239511489868164,87.74659729003906,2
13:15:16.912,3.8777823448181152,691.7704467773438,46.94239807128906,10.252848625183105,35.13475799560547,89.73326110839844,2
13:15:16.912,2.5846407413482666,684.03271484375,47.33842849731445,9.016392707824707,90.96971130371094,47.62434005737305,2
13:15:16.912,1.350306510925293,700.7538452148438,46.51155471801758,65.25423431396484,89.30258178710938,10.683523178100586,2
13:15:17.030,0.11735965311527252,679.1024780273438,47.602195739746094,87.85774230957031,21.783828735351562,12.128368377685547,2
13:15:17.030,5.131117343902588,690.476318359375,47.04238510131836,78.68852233886719,12.767436027526855,87.21867370605469,2
13:15:17.030,3.849480628967285,693.5073852539062,46.89928436279297,10.058349609375,37.10752868652344,89.9277572631836,2
13:15:17.030,2.6150197982788086,689.9876708984375,47.08241653442383,9.224784851074219,90.76132202148438,49.77771759033203,2
13:15:17.030,1.323445439338684,701.469970703125,46.517704010009766,67.07418823242188,89.0525131225586,10.933592796325684,2
13:15:17.030,0.09814666956663132,693.7939453125,46.91072463989258,86.99639129638672,20.95026397705078,12.98971939086914,2
13:15:17.030,5.033858299255371,687.1812744140625,47.251625061035156,72.38121795654297,11.169769287109375,88.81633758544922,2
13:15:17.030,3.7656326293945312,690.5750122070312,47.09325408935547,9.419282913208008,42.914695739746094,90.56682586669922,2
13:15:17.030,2.493828058242798,686.3488159179688,47.31554412841797,9.33592700958252,90.65018463134766,41.20589065551758,2
13:15:17.030,1.216078519821167,703.5975341796875,46.46574401855469,74.20116424560547,87.73270416259766,12.253403663635254,2
13:15:17.030,6.253699779510498,692.8524169921875,47.011043548583984,85.82939147949219,14.156709671020508,16.546262741088867,2
13:15:17.030,4.958560466766357,686.7603149414062,47.32562255859375,67.29647064208984,10.2389554977417,89.74715423583984,2
13:15:17.151,3.697070598602295,691.6511840820312,47.090267181396484,9.238677024841309,47.73548126220703,90.74742889404297,2
13:15:17.151,2.467423439025879,689.357666015625,47.21278762817383,9.572103500366211,90.41400909423828,39.372047424316406,2
13:15:17.151,1.1604547500610352,699.7477416992188,46.70160675048828,77.93831634521484,87.07974243164062,12.906363487243652,2
13:15:17.151,6.255168914794922,695.1476440429688,46.93922424316406,85.75993347167969,14.226174354553223,16.50458335876465,2
13:15:17.151,4.956275939941406,689.2075805664062,47.24574279785156,67.10197448730469,10.294526100158691,89.69158172607422,2
13:15:17.151,3.7143990993499756,696.99609375,46.8651237487793,9.46096134185791,46.54070281982422,90.525146484375,2
13:15:17.151,2.4752566814422607,689.2957763671875,47.2562255859375,9.488746643066406,90.49736022949219,39.91386413574219,2
13:15:17.151,1.2039209604263306,703.2548828125,46.56867218017578,75.04862213134766,87.63545227050781,12.350652694702148,2
13:15:17.151,0.0006014665123075247,695.7787475585938,46.948421478271484,85.2181167602539,14.823561668395996,14.767991065979004,2
13:15:17.151,5.0104522705078125,691.8560180664062,47.151737213134766,70.7696533203125,10.96137809753418,89.02472686767578,2
13:15:17.151,3.7595572471618652,693.6846313476562,47.06548309326172,9.419282913208008,43.345375061035156,90.56682586669922,2
13:15:17.151,2.546478033065796,690.4816284179688,47.23178482055664,9.196998596191406,90.78910827636719,44.92914581298828,2
13:15:17.270,1.2437399625778198,708.417236328125,46.34440231323242,72.32564544677734,87.99666595458984,11.989441871643066,2
13:15:17.270,0.054969340562820435,696.4869995117188,46.945072174072266,86.26007080078125,18.185606002807617,13.726035118103027,2
13:15:17.270,4.986106872558594,684.5470581054688,47.55180358886719,69.26924133300781,10.350096702575684,89.6360092163086,2
13:15:17.270,3.775928020477295,692.42529296875,47.16592025756836,9.391497611999512,42.178382873535156,90.5946044921875,2
13:15:17.270,2.488835573196411,681.6600952148438,47.7138557434082,9.016392707824707,90.96971130371094,40.77521514892578,2
13:15:17.270,1.221075177192688,705.2656860351562,46.54432678222656,73.90941619873047,87.85774230957031,12.128368377685547,2
13:15:17.270,0.02565067633986473,698.9454956054688,46.8653450012207,85.64879608154297,16.421228408813477,14.337316513061523,2
13:15:17.270,4.985375881195068,687.6019897460938,47.44001007080078,69.1719970703125,10.433454513549805,89.55265045166016,2
13:15:17.270,3.747969388961792,696.3865356445312,47.006568908691406,9.419282913208008,44.16504669189453,90.56682586669922,2
13:15:17.270,2.4939510822296143,684.694580078125,47.59906005859375,9.085857391357422,90.9002456665039,41.164215087890625,2
13:15:17.270,1.2366050481796265,703.4430541992188,46.67166519165039,72.95082092285156,88.1772689819336,11.808835983276367,2
13:15:17.271,0.025142844766378403,692.02392578125,47.248477935791016,85.92664337158203,16.11558723449707,14.05946159362793,2
13:15:17.390,5.0361480712890625,692.576171875,47.22959518432617,72.5340347290039,11.211447715759277,88.774658203125,2
13:15:17.390,3.8085405826568604,692.416748046875,47.2440185546875,9.502639770507812,39.872188568115234,90.48346710205078,2
13:15:17.390,2.584179639816284,692.8436889648438,47.229305267333984,9.113642692565918,90.87246704101562,47.5965576171875,2
13:15:17.390,1.3421076536178589,705.970703125,46.58102035522461,65.83773803710938,89.2886962890625,10.697416305541992,2
13:15:17.390,0.13306641578674316,699.1254272460938,46.92830276489258,87.57987976074219,23.200889587402344,12.406224250793457,2
13:15:17.390,5.084285736083984,689.9650268554688,47.39311218261719,75.82662200927734,11.753264427185059,88.23284149169922,2
13:15:17.390,3.857208490371704,690.4558715820312,47.37447738647461,9.724923133850098,36.42678451538086,90.26118469238281,2
13:15:17.390,2.6056337356567383,692.399169921875,47.284481048583984,9.04417896270752,90.94193267822266,49.11086654663086,2
13:15:17.390,1.3331279754638672,698.5755615234375,46.9832878112793,66.58794403076172,89.53875732421875,10.447346687316895,2
13:15:17.390,0.0978887528181076,693.6969604492188,47.236083984375,87.2464599609375,20.72797966003418,12.739649772644043,2
13:15:17.390,5.0806450843811035,687.9692993164062,47.533443450927734,75.65990447998047,11.586551666259766,88.39955139160156,2
13:15:17.390,3.796180248260498,692.6295776367188,47.31090545654297,9.377604484558105,40.719642639160156,90.60850524902344,2
13:15:17.510,2.553781032562256,686.9292602539062,47.60454559326172,8.849679946899414,91.13642883300781,45.4153938293457,2
13:15:17.510,1.2634222507476807,701.6036376953125,46.8809814453125,71.2697982788086,88.6913070678711,11.294803619384766,2
13:15:17.510,0.07596366852521896,696.1156005859375,47.1627197265625,86.81578063964844,19.366491317749023,13.170326232910156,2
13:15:17.510,5.0391459465026855,690.4561157226562,47.451419830322266,72.83967590332031,11.07252025604248,88.91358947753906,2
13:15:17.510,3.8237404823303223,695.185546875,47.22200393676758,9.613780975341797,38.81633758544922,90.37232208251953,2
13:15:17.510,2.5673739910125732,688.2606201171875,47.57447814941406,8.849679946899414,91.13642883300781,46.38788604736328,2
13:15:17.510,1.3414967060089111,705.7313842773438,46.70967483520508,65.92108917236328,89.38594055175781,10.600166320800781,2
13:15:17.510,0.1257856786251068,681.5695190429688,47.92109298706055,88.24673461914062,22.14504051208496,11.739371299743652,2
13:15:17.510,5.138261795043945,689.63037109375,47.52394104003906,79.43873596191406,12.517365455627441,87.46874237060547,2
13:15:17.510,3.9351859092712402,695.3275756835938,47.24250411987305,10.558487892150879,31.091970443725586,89.42761993408203,2
13:15:17.510,2.7114062309265137,690.483154296875,47.49013900756836,9.04417896270752,90.94193267822266,56.64073181152344,2
13:15:17.510,1.514060378074646,711.6163330078125,46.438716888427734,53.94554138183594,90.15003967285156,9.836065292358398,2
13:15:17.630,0.26573848724365234,683.72021484375,47.835662841796875,90.05279541015625,31.68935775756836,9.933314323425293,2
13:15:17.630,5.28025484085083,700.9337158203125,46.98015594482422,86.0933609008789,13.89274787902832,82.49513244628906,2
13:15:17.630,4.0677289962768555,697.4803466796875,47.155677795410156,12.420116424560547,22.283967971801758,87.56598663330078,2
13:15:17.630,2.75297474861145,685.0191650390625,47.78569793701172,8.988607406616211,90.99749755859375,59.641571044921875,2
13:15:17.630,1.5552297830581665,699.1075439453125,47.08998489379883,51.0975227355957,90.77521514892578,9.210891723632812,2
13:15:17.630,0.2442850023508072,680.5363159179688,48.027587890625,89.96943664550781,30.13336944580078,10.016671180725098,2
13:15:17.630,5.313027858734131,691.22021484375,47.50257873535156,87.09364318847656,12.89246940612793,80.758544921875,2
13:15:17.630,4.0583815574646,694.460693359375,47.34880065917969,12.114476203918457,22.784107208251953,87.87162780761719,2
13:15:17.630,2.805270195007324,688.9671020507812,47.63075256347656,9.46096134185791,90.525146484375,63.29535675048828,2
13:15:17.630,1.5972906351089478,709.4053344726562,46.61658477783203,48.138370513916016,90.34454345703125,9.64156723022461,2
13:15:17.630,0.3111928701400757,683.580078125,47.91238784790039,90.55293273925781,34.843013763427734,9.433176040649414,2
13:15:17.630,5.354727268218994,697.3573608398438,47.230525970458984,87.5937728881836,12.39233112335205,77.89663696289062,2
13:15:17.747,4.138979434967041,694.0841674804688,47.39982604980469,13.462072372436523,17.546541213989258,86.52403259277344,2
13:15:17.747,2.8630011081695557,690.7024536132812,47.57420349121094,10.016671180725098,89.96943664550781,67.29647064208984,2
13:15:17.747,1.7181825637817383,705.3014526367188,46.8477783203125,39.67768859863281,90.12226104736328,9.863851547241211,2
13:15:17.747,0.41310691833496094,683.2753295898438,47.954341888427734,91.27535247802734,42.06724166870117,8.710753440856934,2
13:15:17.747,5.533644199371338,697.3031616210938,47.25642776489258,89.87218475341797,10.113920211791992,65.87940979003906,2
13:15:17.747,4.29112434387207,694.9387817382812,47.378211975097656,20.936370849609375,12.545151710510254,87.44095611572266,2
13:15:17.747,3.055251359939575,695.3711547851562,47.36006546020508,12.836898803710938,87.14920806884766,80.07779693603516,2
13:15:17.747,1.8549950122833252,705.2876586914062,46.86880874633789,30.286190032958984,88.95526885986328,11.030841827392578,2
13:15:17.747,0.4860144257545471,678.3551635742188,48.223201751708984,91.71991729736328,47.27702331542969,8.26618480682373,2
13:15:17.747,5.62992000579834,699.8792724609375,47.15111541748047,90.48346710205078,9.502639770507812,59.14142608642578,2
13:15:17.747,4.352578163146973,687.5678100585938,47.77318572998047,24.756877899169922,11.26701831817627,88.71908569335938,2
13:15:17.747,3.075352430343628,689.450439453125,47.68613815307617,12.934148788452148,87.05195617675781,81.57821655273438,2
13:15:17.863,1.9055901765823364,704.0765991210938,46.961856842041016,26.840787887573242,88.39955139160156,11.586551666259766,2
13:15:17.863,0.5598839521408081,681.6974487304688,48.09007263183594,91.60877990722656,52.61183547973633,8.377326965332031,2
13:15:17.864,5.663218021392822,695.4620361328125,47.40790939331055,90.85857391357422,9.127535820007324,56.835235595703125,2
13:15:17.864,4.408687591552734,689.6627197265625,47.705169677734375,28.59127426147461,10.572381019592285,89.41372680664062,2
13:15:17.864,3.159519672393799,697.1774291992188,47.33490753173828,14.128925323486328,84.38455200195312,85.85718536376953,2
13:15:17.864,1.9884580373764038,701.9765625,47.09979248046875,21.339262008666992,87.27423858642578,12.711864471435547,2
13:15:17.864,0.6583623290061951,684.5459594726562,47.97895431518555,91.16421508789062,59.669349670410156,8.821894645690918,2
13:15:17.864,5.793642044067383,696.4536743164062,47.38866424560547,91.01139068603516,8.974715232849121,47.56876754760742,2
13:15:17.864,4.537738800048828,694.1057739257812,47.5111198425293,37.607669830322266,9.474854469299316,90.5112533569336,2
13:15:17.864,3.312197685241699,696.3422241210938,47.403785705566406,11.475409507751465,74.5762710571289,88.51069641113281,2
13:15:17.864,2.1506152153015137,705.9627685546875,46.92694854736328,13.712141990661621,86.27396392822266,18.282855987548828,2
13:15:17.975,0.8055412769317627,682.8062744140625,48.09160232543945,89.99722290039062,70.06112670898438,9.988885879516602,2
13:15:17.975,5.947937965393066,699.724609375,47.24860763549805,90.19171905517578,9.794386863708496,36.71853256225586,2
13:15:17.975,4.687452793121338,693.6300659179688,47.55610656738281,48.20783615112305,8.821894645690918,91.16421508789062,2
13:15:17.975,3.4316916465759277,693.4674682617188,47.566619873046875,9.919422149658203,66.50458526611328,90.06668090820312,2
13:15:17.975,2.2581844329833984,691.9349975585938,47.648162841796875,11.364267349243164,88.62183380126953,24.826339721679688,2
13:15:17.975,0.8984747529029846,683.6463012695312,48.06968307495117,88.73297882080078,76.3962173461914,11.25312614440918,2
13:15:17.975,6.019538879394531,694.6060180664062,47.529273986816406,89.77493286132812,10.211170196533203,31.66157341003418,2
13:15:17.975,4.7327423095703125,690.6057739257812,47.736297607421875,51.444847106933594,8.655181884765625,91.33092498779297,2
13:15:17.975,3.4804813861846924,694.1962280273438,47.56534957885742,9.502639770507812,63.100860595703125,90.48346710205078,2
13:15:17.976,2.2991929054260254,689.229248046875,47.819061279296875,10.669631004333496,89.31647491455078,27.50764274597168,2
13:15:17.976,0.9639191031455994,703.6489868164062,47.105587005615234,86.89913940429688,80.10558319091797,13.086968421936035,2
13:15:17.976,6.1043477058410645,698.3773803710938,47.37322235107422,88.60794830322266,11.37816047668457,25.97943878173828,2
13:15:18.089,4.864546775817871,695.3729248046875,47.52561569213867,60.79466247558594,9.308141708374023,90.67796325683594,2
13:15:18.089,3.637141227722168,700.563720703125,47.269859313964844,9.071965217590332,51.986663818359375,90.91413879394531,2
13:15:18.089,2.4327526092529297,690.0457153320312,47.798587799072266,9.308141708374023,90.67796325683594,36.787994384765625,2
13:15:18.089,1.1614933013916016,707.954345703125,46.909461975097656,77.99388885498047,87.26034545898438,12.725756645202637,2
13:15:18.089,0.005778964143246412,696.5703125,47.48033905029297,85.71825408935547,14.740206718444824,14.267852783203125,2
13:15:18.089,5.013672351837158,689.8124389648438,47.82296371459961,71.28369140625,10.447346687316895,89.53875732421875,2
13:15:18.089,3.8370730876922607,694.3192749023438,47.60075378417969,9.377604484558105,37.77437973022461,90.60850524902344,2
13:15:18.089,2.6076955795288086,693.2322387695312,47.65827178955078,8.724645614624023,91.26146697998047,49.2636833190918,2
13:15:18.089,1.4297555685043335,713.9987182617188,46.62162399291992,59.82217025756836,89.96943664550781,10.016671180725098,2
13:15:18.089,0.20969994366168976,686.8732299804688,47.976890563964844,89.51097869873047,27.771604537963867,10.47513198852539,2
13:15:18.089,5.24658203125,700.6222534179688,47.29237747192383,85.67657470703125,14.309530258178711,84.81523132324219,2
13:15:18.202,4.01527214050293,700.0880737304688,47.32099914550781,11.503194808959961,25.646013259887695,88.48291015625,2
13:15:18.202,2.757741689682007,688.7606811523438,47.890602111816406,8.919144630432129,91.06696319580078,60.00278091430664,2
13:15:18.202,1.5527575016021729,704.666015625,47.10104751586914,51.26423645019531,90.77521514892578,9.210891723632812,2
13:15:18.202,0.29600661993026733,685.1009521484375,48.084136962890625,90.56682586669922,33.71770095825195,9.419282913208008,2
13:15:18.202,5.348727703094482,696.2332763671875,47.53340148925781,87.73270416259766,12.253403663635254,78.46623992919922,2
13:15:18.202,4.143314838409424,696.5064697265625,47.52381134033203,13.448180198669434,17.199222564697266,86.53792572021484,2
13:15:18.202,2.8842334747314453,693.1978759765625,47.69367218017578,10.141705513000488,89.84439849853516,68.81077575683594,2
13:15:18.202,1.7437337636947632,712.6475830078125,46.72465515136719,37.92720031738281,89.85829162597656,10.127813339233398,2
13:15:18.202,0.42866721749305725,686.7835693359375,48.01924514770508,91.3864974975586,43.16476821899414,8.599611282348633,2
13:15:18.202,5.538680076599121,702.1183471679688,47.25599670410156,89.9277572631836,10.058349609375,65.51820373535156,2
13:15:18.202,4.322532653808594,699.3624267578125,47.39561462402344,22.978605270385742,12.031120300292969,87.95498657226562,2
13:15:18.316,3.0550150871276855,692.2658081054688,47.75469970703125,12.517365455627441,87.46874237060547,80.31397247314453,2
13:15:18.316,1.9105104207992554,706.6058349609375,47.040409088134766,26.479578018188477,88.39955139160156,11.586551666259766,2
13:15:18.316,0.612110435962677,686.2364501953125,48.06418228149414,91.45596313476562,56.36288070678711,8.530147552490234,2
13:15:18.316,5.737854957580566,700.5325317382812,47.35223388671875,90.99749755859375,8.988607406616211,51.54209899902344,2
13:15:18.316,4.500154495239258,697.0241088867188,47.53068923950195,34.96804428100586,9.75270938873291,90.2333984375,2
13:15:18.316,3.2680046558380127,699.6001586914062,47.402626037597656,12.142261505126953,77.4937515258789,87.8438491821289,2
13:15:18.316,2.1261348724365234,707.1240234375,47.028900146484375,14.08724594116211,85.89885711669922,16.671297073364258,2
13:15:18.316,0.7126337885856628,678.8154907226562,48.45184326171875,91.20588684082031,63.65657043457031,8.780216217041016,2
13:15:18.316,5.894573211669922,699.89306640625,47.40057373046875,90.66407012939453,9.322033882141113,40.427894592285156,2
13:15:18.316,4.594727039337158,689.8391723632812,47.90879440307617,41.55320739746094,8.794109344482422,91.1919937133789,2
13:15:18.316,3.362104892730713,694.8273315429688,47.666587829589844,10.600166320800781,71.33926391601562,89.38594055175781,2
13:15:18.316,2.202634572982788,706.9891967773438,47.06412887573242,12.697972297668457,87.28813171386719,21.50597381591797,2
13:15:18.432,0.8238140940666199,682.8158569335938,48.282264709472656,89.941650390625,71.40872192382812,10.04445743560791,2
13:15:18.432,5.974216461181641,698.8883056640625,47.481536865234375,90.16393280029297,9.822173118591309,34.82912063598633,2
13:15:18.432,4.710103988647461,691.9495849609375,47.83320236206055,49.83328628540039,8.57182502746582,91.4142837524414,2
13:15:18.432,3.4904932975769043,700.8794555664062,47.38822937011719,9.572103500366211,62.35065460205078,90.41400909423828,2
13:15:18.432,2.3244407176971436,691.2089233398438,47.87313461303711,10.308419227600098,89.67768859863281,29.216449737548828,2
13:15:18.432,1.0323479175567627,707.14111328125,47.0814094543457,85.60710906982422,84.39844512939453,14.378994941711426,2
13:15:18.432,6.190267562866211,698.663330078125,47.50529098510742,87.37149047851562,12.614615440368652,20.24173355102539,2
13:15:18.432,4.959519386291504,699.7821044921875,47.45150375366211,67.4076156616211,10.141705513000488,89.84439849853516,2
13:15:18.432,3.7659080028533936,698.5349731445312,47.51454544067383,9.058072090148926,42.83134460449219,90.92803955078125,2
13:15:18.432,2.5393803119659424,694.946044921875,47.69702911376953,8.808001518249512,91.17810821533203,44.373435974121094,2
13:15:18.432,1.3478199243545532,710.0750732421875,46.943695068359375,65.55987548828125,89.6360092163086,10.350096702575684,2
13:15:18.543,0.15603141486644745,682.6917114257812,48.31364440917969,89.03861999511719,23.95109748840332,10.947484970092773,2
13:15:18.543,5.197198390960693,702.1109008789062,47.3441276550293,83.092529296875,13.712141990661621,86.27396392822266,2
13:15:18.543,3.9429893493652344,692.9341430664062,47.8048095703125,10.18338394165039,30.327869415283203,89.80272674560547,2
13:15:18.543,2.738680839538574,692.9600219726562,47.80671310424805,8.891359329223633,91.0947494506836,58.62739562988281,2
13:15:18.544,1.5106412172317505,699.0858154296875,47.504798889160156,54.27896499633789,91.05307006835938,8.933036804199219,2
13:15:18.544,0.28352421522140503,682.9623413085938,48.316593170166016,90.63629150390625,32.75910186767578,9.34981918334961,2
13:15:18.544,5.316572189331055,691.3788452148438,47.901241302490234,87.46874237060547,12.517365455627441,80.80022430419922,2
13:15:18.544,4.084120273590088,693.8631591796875,47.78429412841797,12.183939933776855,20.839122772216797,87.80216217041016,2
13:15:18.544,2.8391518592834473,690.7922973632812,47.94295883178711,9.488746643066406,90.49736022949219,65.76827239990234,2
13:15:18.544,1.6889245510101318,708.8963012695312,47.041385650634766,41.678245544433594,90.44178771972656,9.544318199157715,2
13:15:18.544,0.3850401043891907,682.3863525390625,48.37002944946289,91.48374938964844,39.96943664550781,8.502362251281738,2
13:15:18.544,5.496892929077148,700.7352294921875,47.454105377197266,89.67768859863281,10.308419227600098,68.47735595703125,2
13:15:18.657,4.267567157745361,694.2054443359375,47.78342056274414,19.158100128173828,12.642399787902832,87.34370422363281,2
13:15:18.657,3.0306522846221924,692.02490234375,47.89527130126953,11.989441871643066,87.99666595458984,78.79966735839844,2
13:15:18.657,1.8818758726119995,708.7799682617188,47.06052780151367,28.382884979248047,88.7885513305664,11.197555541992188,2
13:15:18.657,0.590609073638916,686.5846557617188,48.1734619140625,91.62267303466797,54.83467483520508,8.363433837890625,2
13:15:18.657,5.711184978485107,699.5487670898438,47.52741241455078,91.108642578125,8.877466201782227,53.44540023803711,2
13:15:18.657,4.501770973205566,696.5625,47.67887496948242,35.03750991821289,9.613780975341797,90.37232208251953,2
13:15:18.657,3.265340805053711,697.7435302734375,47.62138366699219,12.003334999084473,77.79938507080078,87.98277282714844,2
13:15:18.657,2.1555469036102295,710.3201904296875,46.99381637573242,13.573214530944824,86.41289520263672,18.546817779541016,2
13:15:18.657,0.7840720415115356,684.3515014648438,48.296531677246094,90.41400909423828,68.64407348632812,9.572103500366211,2
13:15:18.657,5.947046279907227,699.73193359375,47.530269622802734,90.42790222167969,9.558210372924805,36.70464324951172,2
13:15:18.657,4.660506725311279,692.2803955078125,47.906925201416016,46.26285171508789,8.55793285369873,91.42816925048828,2
13:15:18.769,3.4274520874023438,695.6505126953125,47.744873046875,9.808279991149902,66.86579895019531,90.17782592773438,2
13:15:18.769,2.2346272468566895,689.3786010742188,48.0641975402832,11.392053604125977,88.59405517578125,23.02028465270996,2
13:15:18.769,0.8958225250244141,682.4169921875,48.421051025390625,89.0525131225586,76.41011810302734,10.933592796325684,2
13:15:18.769,6.027584075927734,696.8694458007812,47.70368576049805,89.83050537109375,10.155598640441895,31.050291061401367,2
13:15:18.769,4.767641067504883,691.07080078125,47.998619079589844,53.973323822021484,8.488469123840332,91.49763488769531,2
13:15:18.769,3.522411823272705,696.1328125,47.749324798583984,9.058072090148926,60.183380126953125,90.92803955078125,2
13:15:18.769,2.3699727058410645,694.44189453125,47.836181640625,9.836065292358398,90.15003967285156,32.383995056152344,2
13:15:18.769,1.0751261711120605,703.4995727539062,47.38814926147461,83.80105590820312,86.0933609008789,13.89274787902832,2
13:15:18.769,6.235561847686768,701.915771484375,47.46998977661133,86.53792572021484,13.448180198669434,17.365936279296875,2
13:15:18.769,4.988334655761719,698.0220336914062,47.6672477722168,69.4776382446289,10.280633926391602,89.70547485351562,2
13:15:18.769,3.7790780067443848,699.5972290039062,47.59041976928711,9.04417896270752,41.886634826660156,90.94193267822266,2
13:15:18.883,2.592808723449707,700.0691528320312,47.56735610961914,8.808001518249512,91.17810821533203,48.19394302368164,2
13:15:18.883,1.407839059829712,712.7429809570312,46.93519592285156,61.419837951660156,90.10836791992188,9.8777437210083,2
13:15:18.883,0.189942866563797,686.2094116210938,48.261436462402344,89.48319244384766,26.285079956054688,10.502917289733887,2
13:15:18.883,5.252823352813721,702.2918701171875,47.45866394042969,85.92664337158203,14.05946159362793,84.53736877441406,2
13:15:18.883,4.042603492736816,701.1114501953125,47.51854705810547,11.739371299743652,23.72881317138672,88.24673461914062,2
13:15:18.883,2.8117005825042725,692.82568359375,47.935081481933594,9.252570152282715,90.7335433959961,63.83717727661133,2
13:15:18.883,1.6055742502212524,708.4805908203125,47.15715789794922,47.5270881652832,90.8030014038086,9.183106422424316,2
13:15:18.883,0.35100147128105164,684.5203857421875,48.35752868652344,91.24757385253906,37.538204193115234,8.73853874206543,2
13:15:18.883,5.400335311889648,701.3502197265625,47.52022933959961,88.52458953857422,11.461517333984375,75.04862213134766,2
13:15:18.883,4.21998405456543,694.3641357421875,47.871864318847656,16.046123504638672,13.462072372436523,86.52403259277344,2
13:15:18.883,2.9332237243652344,689.125732421875,48.138641357421875,10.36398983001709,89.62211608886719,72.38121795654297,2
13:15:18.883,1.798317313194275,712.43701171875,46.97634506225586,34.092803955078125,89.62211608886719,10.36398983001709,2
13:15:18.997,0.5073745846748352,685.45654296875,48.3267822265625,91.84495544433594,48.819114685058594,8.14115047454834,2
13:15:18.997,5.632844924926758,701.911865234375,47.504878997802734,90.8030014038086,9.183106422424316,59.00250244140625,2
13:15:18.997,4.416939735412598,695.8905639648438,47.80723571777344,29.119199752807617,10.37788200378418,89.60822296142578,2
13:15:18.997,3.1828126907348633,697.0278930664062,47.75271224975586,13.350931167602539,83.21755981445312,86.63517761230469,2
13:15:18.997,2.045222282409668,706.2664184570312,47.29398727416992,17.588218688964844,86.4267807006836,13.559322357177734,2
13:15:18.997,0.6863629221916199,681.35009765625,48.54458999633789,91.48374938964844,61.79494094848633,8.502362251281738,2
13:15:18.997,5.856898307800293,698.66552734375,47.678672790527344,91.0947494506836,8.891359329223633,43.03973388671875,2
13:15:18.997,4.654489994049072,695.2022705078125,47.853572845458984,45.8460693359375,8.613503456115723,91.37260437011719,2
13:15:18.997,3.4503657817840576,700.39404296875,47.594322204589844,9.724923133850098,65.21256256103516,90.26118469238281,2
13:15:18.997,2.333646774291992,698.8468627929688,47.66996383666992,10.36398983001709,89.62211608886719,29.938871383666992,2
13:15:18.997,1.0484427213668823,713.3863525390625,46.94271469116211,85.12086486816406,85.23200988769531,14.754098892211914,2
13:15:19.110,6.243083477020264,706.2374267578125,47.29679870605469,86.26007080078125,13.726035118103027,17.01861572265625,2
13:15:19.110,4.962196350097656,696.7928466796875,47.76949691772461,67.7132568359375,9.905529022216797,90.08057403564453,2
13:15:19.110,3.7556517124176025,700.990234375,47.56048583984375,8.974715232849121,43.55376434326172,91.01139068603516,2
13:15:19.110,2.5125200748443604,691.8408203125,48.02000045776367,8.641288757324219,91.34481811523438,42.4145622253418,2
13:15:19.110,1.2795488834381104,701.9310913085938,47.52215576171875,70.4640121459961,89.41372680664062,10.572381019592285,2
13:15:19.110,0.05097326636314392,692.974853515625,47.97493362426758,86.98249816894531,17.227006912231445,13.00361156463623,2
13:15:19.110,5.085312366485596,691.1685791015625,48.072696685791016,76.27118682861328,11.225340843200684,88.76077270507812,2
13:15:19.110,3.858527660369873,695.9340209960938,47.83898162841797,9.33592700958252,36.20450210571289,90.65018463134766,2
13:15:19.110,2.641141176223755,691.2083740234375,48.080162048339844,8.363433837890625,91.62267303466797,51.66712951660156,2
13:15:19.110,1.4266821146011353,711.8886108398438,47.05111312866211,60.127811431884766,90.31675720214844,9.669352531433105,2
13:15:19.110,0.21139927208423615,688.4215698242188,48.22565841674805,89.73326110839844,27.771604537963867,10.252848625183105,2
13:15:19.221,5.2573418617248535,702.5480346679688,47.52249526977539,86.0655746459961,13.920534133911133,84.3150863647461,2
13:15:19.222,4.093861103057861,699.85400390625,47.6586799621582,12.44790267944336,20.283411026000977,87.5382080078125,2
13:15:19.222,2.844353199005127,694.337646484375,47.93562698364258,9.544318199157715,90.44178771972656,66.12947845458984,2
13:15:19.222,1.7232898473739624,708.60009765625,47.22218322753906,39.23311996459961,90.41400909423828,9.572103500366211,2
13:15:19.222,0.45256665349006653,688.9143676757812,48.20770263671875,91.63656616210938,44.859683990478516,8.349541664123535,2
13:15:19.222,5.606986999511719,703.6388549804688,47.4708366394043,90.62239837646484,9.363712310791016,60.822452545166016,2
13:15:19.222,4.369052886962891,697.7657470703125,47.76488494873047,25.868297576904297,11.044734954833984,88.94136810302734,2
13:15:19.222,3.16733717918396,701.1129760742188,47.5964469909668,13.78160572052002,84.09280395507812,86.20449829101562,2
13:15:19.222,2.0249409675598145,715.3489990234375,46.88386917114258,19.144207000732422,86.48236083984375,13.503750801086426,2
13:15:19.222,0.6583025455474854,682.885986328125,48.50876998901367,91.62267303466797,59.7666015625,8.363433837890625,2
13:15:19.222,5.828408241271973,703.2459716796875,47.487571716308594,91.02528381347656,8.960822105407715,45.09585952758789,2
13:15:19.222,4.57428503036499,692.0155029296875,48.05104064941406,40.06668472290039,8.780216217041016,91.20588684082031,2
13:15:19.223,3.352116107940674,700.7692260742188,47.616539001464844,10.766879081726074,71.99221801757812,89.21923065185547,2
13:15:19.223,2.2341740131378174,709.3167724609375,47.19115447998047,12.10058307647705,87.8855209350586,23.492637634277344,2
13:15:19.223,0.8263509273529053,684.3964233398438,48.443904876708984,90.03890228271484,71.65879821777344,9.9472074508667,2
13:15:19.223,6.024940013885498,702.2084350585938,47.55411148071289,89.73326110839844,10.252848625183105,31.286468505859375,2
13:15:19.223,4.736108779907227,693.5264892578125,47.992584228515625,51.694915771484375,8.44679069519043,91.53931427001953,2
13:15:19.223,3.5439608097076416,701.2569580078125,47.607566833496094,9.071965217590332,58.62739562988281,90.91413879394531,2
13:15:19.223,2.3461432456970215,691.3150024414062,48.105979919433594,9.863851547241211,90.12226104736328,30.61961555480957,2
13:15:19.223,1.108136773109436,711.3604736328125,47.10757827758789,81.53653717041016,86.49625396728516,13.489858627319336,2
13:15:19.223,6.241936683654785,701.3475341796875,47.60660934448242,86.52403259277344,13.462072372436523,16.865795135498047,2
13:15:19.223,5.0426249504089355,703.1293334960938,47.51694107055664,73.10364532470703,11.07252025604248,88.91358947753906,2
13:15:19.223,3.820333480834961,700.2120971679688,47.66033935546875,9.210891723632812,38.94137191772461,90.77521514892578,2
13:15:19.445,2.651890993118286,699.595703125,47.68986129760742,8.710753440856934,91.27535247802734,52.41733932495117,2
13:15:19.445,1.4676464796066284,713.8712158203125,46.975406646728516,57.25201416015625,90.45568084716797,9.530425071716309,2
13:15:19.445,0.2716831862926483,687.0112915039062,48.31645965576172,90.5112533569336,31.925535202026367,9.474854469299316,2
13:15:19.445,5.338819980621338,704.1669921875,47.45796585083008,87.51042175292969,12.475687980651855,79.06362915039062,2
13:15:19.445,4.1200432777404785,695.7079467773438,47.8817024230957,12.739649772644043,18.43567657470703,87.2464599609375,2
13:15:19.445,2.8864963054656982,694.1574096679688,47.961814880371094,9.9472074508667,90.03890228271484,69.07474517822266,2
13:15:19.445,1.7233718633651733,703.5088500976562,47.497222900390625,39.163658142089844,90.65018463134766,9.33592700958252,2
13:15:19.445,0.41239532828330994,682.0653076171875,48.57476806640625,91.80327606201172,41.90052795410156,8.182828903198242,2
13:15:19.445,5.520051956176758,694.2178344726562,47.97153091430664,90.34454345703125,9.64156723022461,67.06029510498047,2
13:15:19.445,4.2684173583984375,694.1181640625,47.98134994506836,19.074743270874023,12.46179485321045,87.5243148803711,2
13:15:19.445,3.060511350631714,695.9562377929688,47.89222717285156,12.517365455627441,87.46874237060547,80.758544921875,2
13:15:19.446,1.8834340572357178,706.155029296875,47.38410568237305,28.132814407348633,89.03861999511719,10.947484970092773,2
13:15:19.446,0.5713983774185181,683.0020141601562,48.547122955322266,91.98388671875,53.47318649291992,8.002223014831543,2
13:15:19.446,5.711575031280518,700.8110961914062,47.65699768066406,91.21977996826172,8.766324043273926,53.41761779785156,2
13:15:19.446,4.486429214477539,693.2492065429688,48.03891372680664,33.842735290527344,9.44706916809082,90.5390396118164,2
13:15:19.446,3.252535104751587,701.3570556640625,47.6368293762207,12.197833061218262,78.64684295654297,87.78826904296875,2
13:15:19.446,2.154024124145508,709.6544799804688,47.22332000732422,13.420393943786621,86.56571197509766,18.296749114990234,2
13:15:19.446,0.80613774061203,686.8706665039062,48.36599349975586,90.2195053100586,70.21395111083984,9.7666015625,2
13:15:19.446,6.003608226776123,701.7097778320312,47.62302017211914,90.01111602783203,9.974992752075195,32.73131561279297,2
13:15:19.446,4.778351783752441,699.8386840820312,47.71678924560547,54.70964431762695,8.75243091583252,91.23367309570312,2
13:15:19.446,3.578246593475342,698.7675170898438,47.77060317993164,8.780216217041016,56.210060119628906,91.20588684082031,2
13:15:19.446,2.4108710289001465,700.660888671875,47.67631149291992,9.5859956741333,90.40010833740234,35.28757858276367,2
13:15:19.669,1.1825621128082275,708.3882446289062,47.291873931884766,76.84078979492188,87.8994140625,12.086690902709961,2
13:15:19.669,0.004323657136410475,701.861328125,47.62021255493164,85.8016128540039,14.545707702636719,14.18449592590332,2
13:15:19.669,5.014576435089111,694.1057739257812,48.010536193847656,71.42261505126953,10.294526100158691,89.69158172607422,2
13:15:19.669,3.8019392490386963,698.767333984375,47.78078842163086,9.002500534057617,40.219505310058594,90.98360443115234,2
13:15:19.669,2.556556463241577,688.1383056640625,48.3175048828125,8.224506378173828,91.76160430908203,45.540428161621094,2
13:15:19.669,1.3225094079971313,705.217529296875,47.4703254699707,67.49097442626953,89.84439849853516,10.141705513000488,2
13:15:19.669,0.12495280802249908,682.3861694335938,48.61674499511719,88.7885513305664,21.68657875061035,11.197555541992188,2
13:15:19.669,5.1449294090271,694.1034545898438,48.03461837768555,80.1889419555664,12.225618362426758,87.76049041748047,2
13:15:19.669,3.935299873352051,695.4679565429688,47.9700813293457,9.961100578308105,30.78632926940918,90.02500915527344,2
13:15:19.669,2.7265968322753906,695.1381225585938,47.987892150878906,8.682968139648438,91.30313873291016,57.79383087158203,2
13:15:19.669,1.5554355382919312,707.4620971679688,47.37367630004883,51.08363723754883,91.01139068603516,8.974715232849121,2
13:15:19.779,0.3172474503517151,688.0750122070312,48.343963623046875,90.96971130371094,35.13475799560547,9.016392707824707,2
13:15:19.779,5.4490065574646,698.9652709960938,47.7994499206543,89.41372680664062,10.572381019592285,71.90885925292969,2
13:15:19.779,4.2256669998168945,700.029052734375,47.74599838256836,16.490692138671875,13.448180198669434,86.53792572021484,2
13:15:19.779,3.0366628170013428,699.037109375,47.7944450378418,12.170047760009766,87.8160629272461,79.13309478759766,2
13:15:19.779,1.888149380683899,712.6542358398438,47.113319396972656,27.93831443786621,88.76077270507812,11.225340843200684,2
13:15:19.779,0.600864589214325,687.3554077148438,48.37833023071289,91.76160430908203,55.598777770996094,8.224506378173828,2
13:15:19.779,5.7704548835754395,705.8701782226562,47.4490966796875,91.08085632324219,8.905251502990723,49.222007751464844,2
13:15:19.779,4.544222831726074,697.5576171875,47.86240768432617,37.98277282714844,9.127535820007324,90.85857391357422,2
13:15:19.779,3.3349857330322266,696.9757690429688,47.89013671875,10.752986907958984,73.28424072265625,89.23311614990234,2
13:15:19.780,2.2039437294006348,696.7321166992188,47.903724670410156,12.017227172851562,87.96887969970703,21.089191436767578,2
13:15:19.780,0.8333607912063599,685.3887939453125,48.4737663269043,89.96943664550781,72.158935546875,10.016671180725098,2
13:15:19.889,5.9968180656433105,700.6437377929688,47.713504791259766,90.15003967285156,9.836065292358398,33.17588424682617,2
13:15:19.889,4.736959457397461,694.1627807617188,48.04103469848633,51.764381408691406,8.405112266540527,91.58099365234375,2
13:15:19.889,3.5132651329040527,698.3355712890625,47.8365478515625,9.04417896270752,60.85023880004883,90.94193267822266,2
13:15:19.889,2.3508896827697754,697.1091918945312,47.89950942993164,9.974992752075195,90.01111602783203,31.022506713867188,2
13:15:19.889,1.0625885725021362,706.8302612304688,47.41645431518555,84.6068344116211,85.87107849121094,14.115032196044922,2
13:15:19.889,6.213346004486084,702.3296508789062,47.64228057861328,87.07974243164062,12.906363487243652,18.67185401916504,2
13:15:19.889,4.996894836425781,699.76025390625,47.76950454711914,70.1028060913086,10.280633926391602,89.70547485351562,2
13:15:19.889,3.7731738090515137,701.8532104492188,47.66701126098633,8.946929931640625,42.28952407836914,91.03917694091797,2
13:15:19.889,2.5737335681915283,692.2835693359375,48.146827697753906,8.335648536682129,91.65045928955078,46.790775299072266,2
13:15:19.889,1.3755114078521729,710.4303588867188,47.24211502075195,63.739925384521484,90.12226104736328,9.863851547241211,2
13:15:19.889,0.1890210062265396,687.015380859375,48.411956787109375,89.5943374633789,26.14615249633789,10.391775131225586,2
13:15:19.997,5.251979827880859,701.729248046875,47.677207946777344,86.0794677734375,13.906641006469727,84.75965118408203,2
13:15:19.997,4.100532531738281,701.6486206054688,47.679161071777344,12.559043884277344,19.838844299316406,87.42706298828125,2
13:15:19.997,2.8723552227020264,696.728759765625,47.92322540283203,9.822173118591309,90.16393280029297,68.074462890625,2
13:15:19.997,1.7494860887527466,712.0574951171875,47.15546417236328,37.42706298828125,90.17782592773438,9.808279991149902,2
13:15:19.997,0.4638674259185791,687.5407104492188,48.38130569458008,91.81716918945312,45.665462493896484,8.168935775756836,2
13:15:19.997,5.595231056213379,704.1986083984375,47.54928970336914,90.62239837646484,9.363712310791016,61.6560173034668,2
13:15:19.997,4.351513862609863,699.5010986328125,47.78390121459961,24.687414169311523,11.280911445617676,88.70519256591797,2
13:15:19.997,3.1030678749084473,699.0958251953125,47.80691909790039,13.364823341369629,86.62128448486328,83.42594909667969,2
13:15:19.997,1.9367495775222778,705.6192016601562,47.484283447265625,24.506807327270508,88.39955139160156,11.586551666259766,2
13:15:19.997,0.627057671546936,684.6937866210938,48.53599166870117,91.80327606201172,57.5159797668457,8.182828903198242,2
13:15:19.997,5.745168209075928,697.8849487304688,47.878639221191406,91.45596313476562,8.530147552490234,51.02806091308594,2
13:15:19.997,4.526010990142822,696.0571899414062,47.973297119140625,36.6629638671875,9.16921329498291,90.81689453125,2
13:15:19.998,3.2909600734710693,697.5534057617188,47.90047073364258,11.37816047668457,76.25729370117188,88.60794830322266,2
13:15:19.998,2.184471368789673,712.9571533203125,47.13143539428711,12.948040962219238,87.0380630493164,20.297306060791016,2
13:15:19.998,0.831933856010437,687.8958129882812,48.386287689208984,89.91386413574219,72.02000427246094,10.072242736816406,2
13:15:19.998,6.026808738708496,704.0797729492188,47.578025817871094,89.73326110839844,10.252848625183105,31.147539138793945,2
13:15:19.998,4.784552574157715,698.548095703125,47.855567932128906,55.16810607910156,8.655181884765625,91.33092498779297,2
13:15:19.998,3.567934989929199,700.5659790039062,47.75697708129883,8.835787773132324,56.946372985839844,91.15032196044922,2
13:15:19.998,2.4002389907836914,696.4263305664062,47.963626861572266,9.433176040649414,90.55293273925781,34.45401382446289,2
13:15:19.998,1.1388288736343384,711.5388793945312,47.21089172363281,79.64712524414062,87.12142181396484,12.86468505859375,2
13:15:19.998,0.036300189793109894,703.3134155273438,47.62038040161133,86.4267807006836,16.546262741088867,13.559322357177734,2
13:15:19.998,5.069260120391846,700.292724609375,47.770599365234375,75.02083587646484,11.225340843200684,88.76077270507812,2
13:15:20.104,3.8915469646453857,701.1721801757812,47.72507858276367,9.711030960083008,33.926090240478516,90.27507781982422,2
13:15:20.105,2.6703784465789795,694.8816528320312,48.039249420166016,8.44679069519043,91.53931427001953,53.76493453979492,2
13:15:20.105,1.4872453212738037,713.1275634765625,47.13044738769531,55.890525817871094,90.66407012939453,9.322033882141113,2
13:15:20.105,0.24943514168262482,686.0999755859375,48.48081588745117,90.41400909423828,30.30008316040039,9.572103500366211,2
13:15:20.105,5.283604621887207,700.95556640625,47.74276351928711,86.7463150024414,13.239789009094238,82.80077362060547,2
13:15:20.105,4.095396518707275,700.7178955078125,47.75640869140625,12.406224250793457,20.11669921875,87.57987976074219,2
13:15:20.105,2.840005397796631,691.1812133789062,48.23672103881836,9.238677024841309,90.74742889404297,65.92108917236328,2
13:15:20.105,1.6604523658752441,708.34375,47.38278579711914,43.62322998046875,90.85857391357422,9.127535820007324,2
13:15:20.105,0.4044914245605469,686.5678100585938,48.47457504272461,91.6782455444336,41.35871124267578,8.307863235473633,2
13:15:20.105,5.4954705238342285,699.8933715820312,47.81161880493164,89.96943664550781,10.016671180725098,68.71353149414062,2
13:15:20.105,4.295432090759277,695.90771484375,48.01184844970703,20.82522964477539,11.97554874420166,88.01055908203125,2
13:15:20.325,3.0289769172668457,691.0294799804688,48.25859832763672,11.68380069732666,88.30230712890625,78.91081237792969,2
13:15:20.325,1.9130688905715942,704.9247436523438,47.56636047363281,26.04890251159668,88.80244445800781,11.183662414550781,2
13:15:20.325,0.5872541069984436,683.7202758789062,48.631011962890625,92.02555847167969,54.64017868041992,7.960544586181641,2
13:15:20.325,5.773446559906006,700.6270141601562,47.786338806152344,91.37260437011719,8.613503456115723,48.99972152709961,2
13:15:20.325,4.539458274841309,694.36572265625,48.10066223144531,37.57988357543945,8.960822105407715,91.02528381347656,2
13:15:20.325,3.3601064682006836,697.0527954101562,47.96750259399414,10.36398983001709,71.60321807861328,89.62211608886719,2
13:15:20.325,2.225231647491455,696.1478271484375,48.01220703125,11.57265853881836,88.41344451904297,22.422895431518555,2
13:15:20.325,0.8960878252983093,714.9636840820312,47.07356262207031,87.96887969970703,75.68769073486328,12.017227172851562,2
13:15:20.325,6.110558032989502,706.5457153320312,47.49034118652344,88.60794830322266,11.37816047668457,25.5070858001709,2
13:15:20.325,4.806612491607666,695.023681640625,48.06734848022461,56.779659271240234,8.544039726257324,91.44207000732422,2
13:15:20.325,3.634748935699463,702.0458984375,47.71483612060547,8.696860313415527,52.167266845703125,91.28924560546875,2
13:15:20.436,2.405745506286621,695.2972412109375,48.053123474121094,9.308141708374023,90.67796325683594,34.815223693847656,2
13:15:20.436,1.1794296503067017,706.4925537109375,47.49809265136719,77.1742172241211,88.01055908203125,11.97554874420166,2
13:15:20.436,6.259794235229492,695.923583984375,48.029502868652344,86.49625396728516,13.489858627319336,15.434843063354492,2
13:15:20.436,5.0350661277771,694.6029052734375,48.09951400756836,72.86746215820312,10.489025115966797,89.49708557128906,2
13:15:20.436,3.8321053981781006,700.7866821289062,47.79243087768555,9.183106422424316,38.080020904541016,90.8030014038086,2
13:15:20.436,2.6201910972595215,692.8386840820312,48.19178009033203,8.252291679382324,91.73381042480469,50.1528205871582,2
13:15:20.436,1.4281541109085083,714.4957275390625,47.11235046386719,60.044456481933594,90.37232208251953,9.613780975341797,2
13:15:20.436,0.21305346488952637,690.9982299804688,48.2866096496582,89.81661987304688,27.854961395263672,10.169490814208984,2
13:15:20.436,5.281182289123535,702.810791015625,47.69801712036133,86.6629638671875,13.323144912719727,82.92581176757812,2
13:15:20.436,4.092651844024658,697.3233032226562,47.97407150268555,12.183939933776855,20.158376693725586,87.80216217041016,2
13:15:20.436,2.8644704818725586,696.3427734375,48.02521514892578,9.655460357666016,90.33065032958984,67.57432556152344,2
13:15:20.545,1.7220028638839722,707.8863525390625,47.449134826660156,39.27479934692383,90.62239837646484,9.363712310791016,2
13:15:20.545,0.4517243802547455,687.6738891601562,48.46121597290039,91.85884857177734,44.77632522583008,8.127257347106934,2
13:15:20.545,5.605395793914795,702.408447265625,47.72475051879883,90.8307876586914,9.15532112121582,60.989166259765625,2
13:15:20.545,4.394737720489502,698.470458984375,47.92103576660156,27.53542709350586,10.572381019592285,89.41372680664062,2
13:15:20.545,3.200350761413574,705.053466796875,47.589271545410156,13.156432151794434,81.9949951171875,86.82967376708984,2
13:15:20.545,2.0812952518463135,711.9570922851562,47.240657806396484,15.365378379821777,85.69046783447266,14.295637130737305,2
13:15:20.545,0.7378880381584167,685.1992797851562,48.58213806152344,91.108642578125,65.49040985107422,8.877466201782227,2
13:15:20.545,5.898474216461182,702.0233764648438,47.74094772338867,90.94193267822266,9.04417896270752,40.0805778503418,2
13:15:20.545,4.64584493637085,692.2933349609375,48.231510162353516,45.17921447753906,8.321756362915039,91.66435241699219,2
13:15:20.545,3.4045333862304688,698.5874633789062,47.92134475708008,9.891636848449707,68.51903533935547,90.09446716308594,2
13:15:20.545,2.267359733581543,688.4110107421875,48.43454360961914,10.600166320800781,89.38594055175781,25.034730911254883,2
13:15:20.546,0.878487765789032,683.39697265625,48.69118881225586,89.53875732421875,75.36815643310547,10.447346687316895,2
13:15:20.546,6.080398082733154,700.54150390625,47.83456802368164,89.30258178710938,10.683523178100586,27.36871337890625,2
13:15:20.546,4.833627700805664,696.8766479492188,48.019683837890625,58.71075439453125,8.710753440856934,91.27535247802734,2
13:15:20.546,3.650789976119995,703.1632690429688,47.70553970336914,8.682968139648438,51.02806091308594,91.30313873291016,2
13:15:20.546,2.434917449951172,691.479248046875,48.289920806884766,8.877466201782227,91.108642578125,36.8018913269043,2
13:15:20.546,1.2427276372909546,709.17724609375,47.40814971923828,72.90914154052734,88.85801696777344,11.128090858459473,2
13:15:20.546,0.059180185198783875,699.5858764648438,47.88819885253906,87.06584930419922,17.82439422607422,12.920255661010742,2
13:15:20.546,5.146955490112305,700.7974243164062,47.82851791381836,80.20283508300781,12.420116424560547,87.56598663330078,2
13:15:20.546,3.941843271255493,700.9295043945312,47.82244110107422,10.155598640441895,30.39733123779297,89.83050537109375,2
13:15:20.546,2.764394760131836,699.9891967773438,47.86946487426758,8.974715232849121,91.01139068603516,60.46124267578125,2
13:15:20.546,1.604990839958191,716.9183349609375,47.02317428588867,47.58266067504883,90.69185638427734,9.294248580932617,2
13:15:20.653,0.35708460211753845,688.2977294921875,48.45174026489258,91.37260437011719,37.94109344482422,8.613503456115723,2
13:15:20.653,5.474503993988037,705.2343139648438,47.602108001708984,89.55265045166016,10.433454513549805,70.07501983642578,2
13:15:20.653,4.251402854919434,696.9869384765625,48.01232147216797,17.96332359313965,12.75354290008545,87.2325668334961,2
13:15:20.653,3.01025390625,695.224609375,48.100677490234375,11.503194808959961,88.48291015625,77.57710266113281,2
13:15:20.653,1.8578410148620605,703.3120727539062,47.69752502441406,29.730480194091797,89.60822296142578,10.37788200378418,2
13:15:20.653,0.5662034153938293,687.0751953125,48.513511657714844,91.9699935913086,53.09808349609375,8.016115188598633,2
13:15:20.653,5.673741340637207,693.7719116210938,48.18198776245117,91.56710052490234,8.419005393981934,56.1961669921875,2
13:15:20.653,4.438086032867432,695.0897827148438,48.12009811401367,30.439010620117188,9.8777437210083,90.10836791992188,2
13:15:20.653,3.2409756183624268,698.6928100585938,47.94124984741211,12.15615463256836,79.591552734375,87.8299560546875,2
13:15:20.653,2.102318048477173,710.7139282226562,47.34112548828125,14.323423385620117,85.66268920898438,14.9763822555542,2
13:15:20.653,0.7411942481994629,682.5797729492188,48.75157928466797,91.21977996826172,65.78215789794922,8.766324043273926,2
13:15:20.897,5.932872772216797,702.6921997070312,47.74186706542969,90.71964263916016,9.266463279724121,37.649349212646484,2
13:15:20.897,4.7138142585754395,695.0969848632812,48.12260055541992,50.097251892089844,8.321756362915039,91.66435241699219,2
13:15:20.897,3.517529010772705,702.4324951171875,47.75543212890625,9.085857391357422,60.530704498291016,90.9002456665039,2
13:15:20.897,2.3742001056671143,697.8253784179688,47.9846076965332,9.669352531433105,90.31675720214844,32.620174407958984,2
13:15:20.897,1.1256039142608643,710.1246337890625,47.369178771972656,80.59183502197266,87.02417755126953,12.961934089660645,2
13:15:20.897,0.03750654309988022,705.7288818359375,47.58613967895508,86.4267807006836,16.643512725830078,13.559322357177734,2
13:15:20.897,5.097123622894287,701.5736694335938,47.79154968261719,76.89635467529297,11.628230094909668,88.35787963867188,2
13:15:20.897,3.9145472049713135,702.89501953125,47.72356414794922,9.9472074508667,32.32842254638672,90.03890228271484,2
13:15:20.897,2.7144320011138916,699.5673217773438,47.88808822631836,8.710753440856934,91.27535247802734,56.90469741821289,2
13:15:20.897,1.559152603149414,710.2572021484375,47.35333251953125,50.819671630859375,90.99749755859375,8.988607406616211,2
13:15:20.897,0.2832617461681366,681.8331298828125,48.775787353515625,91.02528381347656,32.578495025634766,8.960822105407715,2
13:15:20.897,5.378690242767334,699.5753173828125,47.89037322998047,88.4968032836914,11.489302635192871,76.70185852050781,2
13:15:20.897,4.143980026245117,697.182373046875,48.013404846191406,13.086968421936035,16.810224533081055,86.89913940429688,2
13:15:21.018,2.9093713760375977,693.39794921875,48.20674514770508,10.002778053283691,89.98332977294922,70.7696533203125,2
13:15:21.018,1.7738924026489258,711.3446655273438,47.31129837036133,35.676578521728516,90.12226104736328,9.863851547241211,2
13:15:21.018,0.46040380001068115,684.58984375,48.652706146240234,92.0394515991211,45.38760757446289,7.946652412414551,2
13:15:21.018,5.59600830078125,704.7494506835938,47.6459846496582,90.70574951171875,9.280356407165527,61.62822723388672,2
13:15:21.018,4.374189376831055,696.6708984375,48.05168914794922,26.076688766479492,10.739093780517578,89.24700927734375,2
13:15:21.018,3.139163017272949,701.3907470703125,47.81711959838867,14.07335376739502,85.91275024414062,85.70436096191406,2
13:15:21.018,2.020848274230957,705.9489135742188,47.59025573730469,18.935815811157227,87.10752868652344,12.87857723236084,2
13:15:21.018,0.7312988042831421,690.4296264648438,48.36954116821289,90.98360443115234,64.94859313964844,9.002500534057617,2
13:15:21.018,5.881068706512451,697.0589599609375,48.03952407836914,91.28924560546875,8.696860313415527,41.2614631652832,2
13:15:21.018,4.655968189239502,698.78076171875,47.955787658691406,45.94331741333008,8.530147552490234,91.45596313476562,2
13:15:21.018,3.4882655143737793,699.4760131835938,47.920867919921875,9.141427993774414,62.64240264892578,90.84468078613281,2
13:15:21.133,2.3342483043670654,700.0413208007812,47.891387939453125,10.169490814208984,89.81661987304688,29.88330078125,2
13:15:21.133,1.04860520362854,713.5554809570312,47.214683532714844,85.31536102294922,85.42650604248047,14.559599876403809,2
13:15:21.133,6.245228290557861,705.521728515625,47.611961364746094,86.4545669555664,13.531536102294922,16.65740394592285,2
13:15:21.133,4.9941229820251465,697.0756225585938,48.032649993896484,70.01944732666016,10.030564308166504,89.9555435180664,2
13:15:21.133,3.819580554962158,699.049072265625,47.9309196472168,8.974715232849121,38.94137191772461,91.01139068603516,2
13:15:21.133,2.6123414039611816,696.1737670898438,48.07280349731445,8.363433837890625,91.62267303466797,49.58321762084961,2
13:15:21.133,1.4252644777297974,704.9764404296875,47.633121490478516,60.35009765625,90.8030014038086,9.183106422424316,2
13:15:21.133,0.20509560406208038,684.8995361328125,48.63973617553711,89.99722290039062,27.14642906188965,9.988885879516602,2
13:15:21.133,5.273436069488525,698.1871337890625,47.977577209472656,86.732421875,13.253681182861328,83.62045288085938,2
13:15:21.133,4.035363674163818,698.86181640625,47.94770431518555,11.280911445617676,23.978883743286133,88.70519256591797,2
13:15:21.133,2.811944007873535,693.4002685546875,48.223899841308594,9.016392707824707,90.96971130371094,63.93442916870117,2
13:15:21.133,1.6401522159576416,707.6705322265625,47.51173782348633,45.05418395996094,91.03917694091797,8.946929931640625,2
13:15:21.242,0.39510589838027954,685.1355590820312,48.64046859741211,91.77549743652344,40.65018081665039,8.210614204406738,2
13:15:21.242,5.5154595375061035,701.25341796875,47.83292007446289,90.19171905517578,9.794386863708496,67.33815002441406,2
13:15:21.242,4.316982746124268,694.5264892578125,48.17050552368164,22.158931732177734,11.489302635192871,88.4968032836914,2
13:15:21.242,3.1086671352386475,701.8847045898438,47.80326843261719,13.475964546203613,86.51013946533203,83.78716278076172,2
13:15:21.242,2.023113965988159,714.3071899414062,47.18185806274414,19.060850143432617,86.7463150024414,13.239789009094238,2
13:15:21.242,0.6881098747253418,687.86376953125,48.50374984741211,91.42816925048828,61.90608596801758,8.55793285369873,2
13:15:21.242,5.845818996429443,701.9878540039062,47.796287536621094,91.23367309570312,8.75243091583252,43.817726135253906,2
13:15:21.242,4.657225131988525,697.4552001953125,48.02176284790039,46.02667236328125,8.474576950073242,91.51152801513672,2
13:15:21.242,3.4496161937713623,699.4332885742188,47.92245864868164,9.44706916809082,65.3653793334961,90.5390396118164,2
13:15:21.242,2.337721586227417,701.6473999023438,47.80976486206055,10.197277069091797,89.78883361816406,30.161157608032227,2
13:15:21.242,1.0652565956115723,710.5623779296875,47.36347961425781,84.39844512939453,85.88497161865234,14.101139068603516,2
13:15:21.242,6.241619110107422,705.4872436523438,47.61634063720703,86.53792572021484,13.448180198669434,16.879688262939453,2
13:15:21.243,4.970042705535889,698.3653564453125,47.97142791748047,68.32453918457031,9.822173118591309,90.16393280029297,2
13:15:21.243,3.801542282104492,704.0156860351562,47.68928909301758,9.071965217590332,40.27507781982422,90.91413879394531,2
13:15:21.243,2.550835371017456,693.3489379882812,48.22441101074219,8.321756362915039,91.66435241699219,45.13753890991211,2
13:15:21.243,1.355088710784912,707.3674926757812,47.528228759765625,65.25423431396484,90.20561218261719,9.780494689941406,2
13:15:21.243,0.12705202400684357,682.0711059570312,48.79538345336914,88.96916198730469,21.72825813293457,11.016949653625488,2
13:15:21.243,5.169848918914795,696.2011108398438,48.091007232666016,81.85607147216797,12.628507614135742,87.35759735107422,2
13:15:21.243,3.9873974323272705,699.4481811523438,47.9310188293457,10.614059448242188,27.229785919189453,89.3720474243164,2
13:15:21.243,2.769958972930908,698.2926635742188,47.988712310791016,8.919144630432129,91.06696319580078,60.89191436767578,2
13:15:21.243,1.6187070608139038,706.8544311523438,47.5609016418457,46.58238220214844,91.13642883300781,8.849679946899414,2
13:15:21.243,0.37264159321784973,690.8413696289062,48.3629150390625,91.400390625,39.080299377441406,8.585718154907227,2
13:15:21.243,5.499550819396973,697.3758544921875,48.03770446777344,90.19171905517578,9.794386863708496,68.51903533935547,2
13:15:21.463,4.278661727905273,701.6792602539062,47.82399368286133,19.838844299316406,12.406224250793457,87.57987976074219,2
13:15:21.463,3.1160292625427246,701.670654296875,47.822731018066406,13.614892959594727,86.3712158203125,84.25951385498047,2
13:15:21.463,1.9713306427001953,713.5802612304688,47.22537612915039,22.367324829101562,87.64934539794922,12.336759567260742,2
13:15:21.463,0.6708759069442749,686.7446899414062,48.56669235229492,91.59488677978516,60.68352508544922,8.391220092773438,2
13:15:21.463,5.872696876525879,708.3231811523438,47.4834098815918,90.85857391357422,9.127535820007324,41.95610046386719,2
13:15:21.463,4.644663333892822,697.4686279296875,48.02224349975586,45.1236457824707,8.502362251281738,91.48374938964844,2
13:15:21.463,3.421339988708496,698.1654052734375,47.98651885986328,9.669352531433105,67.36593627929688,90.31675720214844,2
13:15:21.463,2.2858848571777344,695.3307495117188,48.1281623840332,10.586273193359375,89.39983367919922,26.451793670654297,2
13:15:21.463,0.959367036819458,704.023193359375,47.696781158447266,87.44095611572266,80.1889419555664,12.545151710510254,2
13:15:21.463,6.131210803985596,702.1490478515625,47.792076110839844,88.55237579345703,11.433732032775879,23.964990615844727,2
13:15:21.463,4.885772228240967,698.0947265625,47.99711227416992,62.42011642456055,9.04417896270752,90.94193267822266,2
13:15:21.573,3.6455137729644775,697.526123046875,48.028892517089844,8.405112266540527,51.417057037353516,91.58099365234375,2
13:15:21.573,2.461764335632324,696.9277954101562,48.060699462890625,8.877466201782227,91.108642578125,38.774662017822266,2
13:15:21.573,1.262076735496521,712.44189453125,47.28486633300781,71.54765319824219,89.01083374023438,10.97527027130127,2
13:15:21.573,0.08703408390283585,702.420166015625,47.78514099121094,87.49652862548828,19.686023712158203,12.489580154418945,2
13:15:21.573,5.118292808532715,695.5059204101562,48.13116455078125,78.49402618408203,11.697693824768066,88.28841400146484,2
13:15:21.573,3.9359219074249268,700.5828857421875,47.8780403137207,10.04445743560791,30.78632926940918,89.941650390625,2
13:15:21.573,2.740812063217163,694.0752563476562,48.2036018371582,8.55793285369873,91.42816925048828,58.84968185424805,2
13:15:21.573,1.5790879726409912,711.7174072265625,47.323631286621094,49.402610778808594,90.96971130371094,9.016392707824707,2
13:15:21.573,0.34216344356536865,688.2479858398438,48.49575424194336,91.30313873291016,36.87135314941406,8.682968139648438,2
13:15:21.573,5.461203098297119,705.8988647460938,47.611873626708984,89.39983367919922,10.586273193359375,70.99193572998047,2
13:15:21.573,4.283493995666504,701.2644653320312,47.84104919433594,20.144485473632812,12.308974266052246,87.67713165283203,2
13:15:21.574,3.062300205230713,696.6220092773438,48.072364807128906,12.406224250793457,87.57987976074219,80.98082733154297,2
13:15:21.574,1.9699026346206665,715.1480102539062,47.144775390625,22.50625228881836,87.607666015625,12.378438949584961,2
13:15:21.574,0.6483827233314514,688.134765625,48.49449157714844,91.66435241699219,59.0441780090332,8.321756362915039,2
13:15:21.574,5.843959331512451,706.7968139648438,47.55868911743164,91.03917694091797,8.946929931640625,43.984439849853516,2
13:15:21.574,4.581009864807129,698.582763671875,47.969390869140625,40.56682205200195,8.808001518249512,91.17810821533203,2
13:15:21.574,3.3646080493927,701.6163330078125,47.820091247558594,10.433454513549805,71.22811889648438,89.55265045166016,2
13:15:21.574,2.1955392360687256,694.8748168945312,48.15869903564453,11.947763442993164,88.03834533691406,20.380661010742188,2
13:15:21.574,0.9005318880081177,687.555908203125,48.52941131591797,89.06640625,76.78521728515625,10.919699668884277,2
13:15:21.574,6.0304856300354,698.2117309570312,47.998374938964844,90.03890228271484,9.9472074508667,30.730756759643555,2
13:15:21.574,4.814972400665283,695.828857421875,48.1197395324707,57.39094161987305,8.544039726257324,91.44207000732422,2
13:15:21.574,3.5836377143859863,694.8355712890625,48.171607971191406,8.419005393981934,55.87662887573242,91.56710052490234,2
13:15:21.684,2.4327778816223145,695.0680541992188,48.161739349365234,9.002500534057617,90.98360443115234,36.69074630737305,2
13:15:21.684,1.1845424175262451,709.7328491210938,47.429168701171875,76.79911041259766,88.03834533691406,11.947763442993164,2
13:15:21.684,0.06566837430000305,704.3250732421875,47.69838333129883,87.05195617675781,18.366212844848633,12.934148788452148,2
13:15:21.684,5.0931243896484375,698.87353515625,47.97118377685547,76.72965240478516,11.419838905334473,88.56626892089844,2
13:15:21.684,3.912911891937256,702.0443115234375,47.81303405761719,9.849958419799805,32.411781311035156,90.13614654541016,2
13:15:21.684,2.713449239730835,698.7161254882812,47.97806930541992,8.627396583557129,91.35871124267578,56.84912109375,2
13:15:21.684,1.5603348016738892,710.0972900390625,47.409149169921875,50.73631286621094,91.05307006835938,8.933036804199219,2
13:15:21.684,0.3111237585544586,685.2257080078125,48.652488708496094,91.17810821533203,34.606834411621094,8.808001518249512,2
13:15:21.684,5.448947429656982,705.0735473632812,47.658470153808594,89.2886962890625,10.697416305541992,71.83940124511719,2
13:15:21.684,4.2540388107299805,699.3900756835938,47.9390754699707,18.171714782714844,12.767436027526855,87.21867370605469,2
13:15:21.684,3.0644264221191406,700.6958618164062,47.87086868286133,12.600723266601562,87.38538360595703,80.99472045898438,2
13:15:21.794,1.8847548961639404,713.64208984375,47.22456359863281,28.11892318725586,88.88580322265625,11.100305557250977,2
13:15:21.794,0.5931387543678284,688.2025146484375,48.496620178222656,91.88663482666016,55.04306411743164,8.099472045898438,2
13:15:21.794,5.702377796173096,701.585693359375,47.82989501953125,91.34481811523438,8.641288757324219,54.09836196899414,2
13:15:21.794,4.490617752075195,695.695556640625,48.126251220703125,34.12059020996094,9.33592700958252,90.65018463134766,2
13:15:21.794,3.2198052406311035,698.6651611328125,47.981300354003906,12.489580154418945,80.99472045898438,87.49652862548828,2
13:15:21.794,2.1286396980285645,710.7249755859375,47.37993240356445,13.78160572052002,86.20449829101562,16.587942123413086,2
13:15:21.794,0.7843160629272461,689.124267578125,48.463111877441406,90.5390396118164,68.72742462158203,9.44706916809082,2
13:15:21.794,5.950573921203613,701.4872436523438,47.8456916809082,90.67796325683594,9.308141708374023,36.371212005615234,2
13:15:21.794,4.709442615509033,699.73291015625,47.93324661254883,49.77771759033203,8.488469123840332,91.49763488769531,2
13:15:21.794,3.5242276191711426,698.3584594726562,48.00189971923828,8.835787773132324,60.11391830444336,91.15032196044922,2
13:15:21.794,2.347581148147583,693.1158447265625,48.26519012451172,9.711030960083008,90.27507781982422,30.647403717041016,2
13:15:21.904,1.0879437923431396,713.1599731445312,47.266441345214844,82.91191864013672,86.24617767333984,13.739927291870117,2
13:15:21.904,6.243136405944824,702.0894775390625,47.81729507446289,86.6629638671875,13.323144912719727,16.643512725830078,2
13:15:21.904,5.014901638031006,694.0515747070312,48.22011947631836,71.54765319824219,10.127813339233398,89.85829162597656,2
13:15:21.904,3.8390626907348633,700.6675415039062,47.88886642456055,9.141427993774414,37.56599044799805,90.84468078613281,2
13:15:21.904,2.6585536003112793,696.5631103515625,48.092369079589844,8.377326965332031,91.60877990722656,52.91747283935547,2
13:15:21.904,1.4677942991256714,712.5440673828125,47.2932014465332,57.29369354248047,90.7335433959961,9.252570152282715,2
13:15:21.904,0.2716347277164459,688.2957763671875,48.50409698486328,90.67796325683594,31.85607147216797,9.308141708374023,2
13:15:21.904,5.33447265625,703.3270263671875,47.75310516357422,87.66323852539062,12.322867393493652,79.5359878540039,2
13:15:21.904,4.121517658233643,701.0324096679688,47.868099212646484,12.781328201293945,18.35232162475586,87.20478057861328,2
13:15:21.904,2.8795053958892822,693.5943603515625,48.24132537841797,9.64156723022461,90.34454345703125,68.69963836669922,2
13:15:21.904,1.7499490976333618,708.4259643554688,47.50167465209961,37.30202865600586,90.46957397460938,9.516532897949219,2
13:15:22.015,0.43904003500938416,686.3934936523438,48.605892181396484,91.94220733642578,43.83161926269531,8.043900489807129,2
13:15:22.015,5.591399669647217,701.0618896484375,47.87336349487305,90.87246704101562,9.113642692565918,62.01722717285156,2
13:15:22.015,4.372221946716309,696.9451904296875,48.078365325927734,25.937759399414062,10.739093780517578,89.24700927734375,2
13:15:22.015,3.1596126556396484,698.7033081054688,47.991737365722656,13.628785133361816,84.85690307617188,86.3573226928711,2
13:15:22.015,2.052072525024414,715.560546875,47.148799896240234,17.254793167114258,86.19061279296875,13.79549789428711,2
13:15:22.015,0.737673819065094,689.8245849609375,48.436344146728516,90.98360443115234,65.43484497070312,9.002500534057617,2
13:15:22.015,5.8951334953308105,704.5711059570312,47.69832992553711,90.92803955078125,9.058072090148926,40.330650329589844,2
13:15:22.015,4.709332466125488,700.876953125,47.883392333984375,49.77771759033203,8.530147552490234,91.45596313476562,2
13:15:22.015,3.4829046726226807,705.9357299804688,47.629520416259766,9.433176040649414,62.94804382324219,90.55293273925781,2
13:15:22.015,2.3592076301574707,700.3377685546875,47.90660095214844,9.891636848449707,90.09446716308594,31.606000900268555,2
13:15:22.015,1.1099698543548584,715.1478271484375,47.16584777832031,81.45317840576172,86.57960510253906,13.406501770019531,2
13:15:22.124,0.014287646859884262,705.67724609375,47.6347770690918,86.01000213623047,15.156987190246582,13.976104736328125,2
13:15:22.124,5.072511196136475,702.6961059570312,47.781517028808594,75.24311828613281,11.26701831817627,88.71908569335938,2
13:15:22.124,3.899294376373291,701.6287231445312,47.830322265625,9.697137832641602,33.35648727416992,90.2889633178711,2
13:15:22.124,2.690221071243286,699.4674072265625,47.9361572265625,8.585718154907227,91.400390625,55.18199157714844,2
13:15:22.125,1.5191876888275146,715.1123046875,47.15459060668945,53.63990020751953,90.77521514892578,9.210891723632812,2
13:15:22.125,0.2761029005050659,689.7451782226562,48.421268463134766,90.65018463134766,32.203392028808594,9.33592700958252,2
13:15:22.125,5.343684196472168,702.76123046875,47.77391815185547,87.8438491821289,12.142261505126953,78.93859100341797,2
13:15:22.125,4.144839286804199,702.181884765625,47.8049430847168,13.267573356628418,16.907474517822266,86.71853637695312,2
13:15:22.125,2.889465570449829,692.2979125976562,48.3017692565918,9.697137832641602,90.2889633178711,69.42205810546875,2
13:15:22.125,1.7464094161987305,710.9993286132812,47.369407653808594,37.57988357543945,90.38621520996094,9.599888801574707,2
13:15:22.125,0.47549545764923096,687.9705810546875,48.52161407470703,91.9699935913086,46.499027252197266,8.016115188598633,2
13:15:22.234,5.577178001403809,700.358154296875,47.904579162597656,90.78910827636719,9.196998596191406,63.03139877319336,2
13:15:22.234,4.374378681182861,696.815673828125,48.083343505859375,26.076688766479492,10.711308479309082,89.2748031616211,2
13:15:22.234,3.1594250202178955,698.6368408203125,47.99354934692383,13.628785133361816,84.87079620361328,86.3573226928711,2
13:15:22.234,2.0484306812286377,708.40087890625,47.50654220581055,17.24090003967285,86.52403259277344,13.462072372436523,2
13:15:22.234,0.6889010667800903,683.1580810546875,48.772220611572266,91.65045928955078,62.03112030029297,8.335648536682129,2
13:15:22.234,5.906160831451416,702.2378540039062,47.815914154052734,90.95582580566406,9.030285835266113,39.5109748840332,2
13:15:22.234,4.675196647644043,694.6011352539062,48.197288513183594,47.304805755615234,8.280077934265137,91.7060317993164,2
13:15:22.234,3.4997670650482178,699.47607421875,47.95377731323242,9.030285835266113,61.83662414550781,90.95582580566406,2
13:15:22.234,2.3491580486297607,694.3430786132812,48.20979309082031,9.738816261291504,90.2472915649414,30.78632926940918,2
13:15:22.234,1.0453993082046509,711.6585693359375,47.34591293334961,85.53765106201172,85.39871978759766,14.448457717895508,2
13:15:22.234,6.270037651062012,706.760986328125,47.58727264404297,85.95443725585938,14.031675338745117,15.115310668945312,2
13:15:22.344,4.990148544311523,697.7950439453125,48.03573989868164,69.75548553466797,9.988885879516602,89.99722290039062,2
13:15:22.344,3.809518337249756,703.1309814453125,47.768917083740234,9.058072090148926,39.69158172607422,90.92803955078125,2
13:15:22.344,2.560744285583496,691.5845336914062,48.34703063964844,8.196721076965332,91.78939056396484,45.8460693359375,2
13:15:22.344,1.3769489526748657,710.1067504882812,47.42503356933594,63.69824981689453,90.2889633178711,9.697137832641602,2
13:15:22.344,0.14440307021141052,687.0094604492188,48.57988357543945,89.0802993774414,23.02028465270996,10.905807495117188,2
13:15:22.344,5.1971235275268555,702.2427368164062,47.820335388183594,83.41205596923828,13.350931167602539,86.63517761230469,2
13:15:22.344,4.04421854019165,702.17041015625,47.82374572753906,11.517087936401367,23.450958251953125,88.4690170288086,2
13:15:22.344,2.8088839054107666,696.3489990234375,48.114959716796875,9.085857391357422,90.9002456665039,63.684356689453125,2
13:15:22.344,1.6902623176574707,715.5530395507812,47.15548324584961,41.567100524902344,90.5390396118164,9.44706916809082,2
13:15:22.344,0.40963101387023926,689.5304565429688,48.45509338378906,91.6782455444336,41.73381805419922,8.307863235473633,2
13:15:22.344,5.552802562713623,703.359375,47.76439666748047,90.48346710205078,9.502639770507812,64.69853210449219,2
13:15:22.454,4.353665351867676,700.721435546875,47.89497375488281,24.770769119262695,11.155876159667969,88.83023071289062,2
13:15:22.454,3.1445350646972656,704.3662719726562,47.711666107177734,14.142817497253418,85.59321594238281,85.84329223632812,2
13:15:22.454,2.0243656635284424,710.2904052734375,47.41232681274414,18.824674606323242,86.89913940429688,13.086968421936035,2
13:15:22.454,0.762743353843689,690.7980346679688,48.387332916259766,90.70574951171875,67.18533325195312,9.280356407165527,2
13:15:22.454,5.955846309661865,705.6837768554688,47.63883590698242,90.45568084716797,9.530425071716309,36.05168151855469,2
13:15:22.454,4.7438063621521,699.55029296875,47.94329071044922,52.25062561035156,8.488469123840332,91.49763488769531,2
13:15:22.454,3.558542013168335,704.2256469726562,47.70530700683594,8.919144630432129,57.613224029541016,91.06696319580078,2
13:15:22.454,2.4042294025421143,698.7395629882812,47.977081298828125,9.391497611999512,90.5946044921875,34.73187255859375,2
13:15:22.454,1.1128044128417969,718.2918701171875,47.001739501953125,81.16143035888672,86.49625396728516,13.489858627319336,2
13:15:22.454,0.013955768197774887,705.25390625,47.6478157043457,86.01000213623047,15.129202842712402,13.976104736328125,2
13:15:22.454,5.01475191116333,694.6678466796875,48.17928695678711,71.51986694335938,10.155598640441895,89.83050537109375,2
13:15:22.562,3.834671974182129,697.8220825195312,48.02408981323242,9.002500534057617,37.84384536743164,90.98360443115234,2
13:15:22.562,2.579735517501831,688.6256713867188,48.48855209350586,8.030008316040039,91.95610046386719,47.207557678222656,2
13:15:22.562,1.3952637910842896,711.9924926757812,47.32587814331055,62.392330169677734,90.34454345703125,9.64156723022461,2
13:15:22.562,0.1890150010585785,689.5807495117188,48.446014404296875,89.62211608886719,26.132259368896484,10.36398983001709,2
13:15:22.562,5.251479148864746,701.6818237304688,47.842952728271484,86.19061279296875,13.79549789428711,84.9124755859375,2
13:15:22.562,4.044437408447266,701.805419921875,47.836448669433594,11.503194808959961,23.423171997070312,88.48291015625,2
13:15:22.562,2.8599839210510254,697.3277587890625,48.0587158203125,9.5859956741333,90.40010833740234,67.26868438720703,2
13:15:22.562,1.7000799179077148,706.857177734375,47.582454681396484,40.78910827636719,90.85857391357422,9.127535820007324,2
13:15:22.562,0.4388432502746582,684.2197265625,48.715335845947266,92.02555847167969,43.8038330078125,7.960544586181641,2
13:15:22.562,5.594852924346924,702.5923461914062,47.794891357421875,90.8307876586914,9.15532112121582,61.753265380859375,2
13:15:22.562,4.393769264221191,694.1426391601562,48.217098236083984,27.340927124023438,10.336204528808594,89.64990234375,2
13:15:22.786,3.194441795349121,701.528076171875,47.84690475463867,13.059182167053223,82.55071258544922,86.92692565917969,2
13:15:22.786,2.106524705886841,713.4825439453125,47.24702453613281,14.309530258178711,85.67657470703125,15.309807777404785,2
13:15:22.786,0.7673068046569824,688.332275390625,48.5047492980957,90.76132202148438,67.54653930664062,9.224784851074219,2
13:15:22.786,5.97671365737915,706.0244750976562,47.61802673339844,90.26118469238281,9.724923133850098,34.606834411621094,2
13:15:22.786,4.707371711730957,697.6221313476562,48.03832244873047,49.62489700317383,8.391220092773438,91.59488677978516,2
13:15:22.786,3.4907121658325195,701.11669921875,47.86407470703125,9.16921329498291,62.4617919921875,90.81689453125,2
13:15:22.786,2.3071117401123047,695.4063720703125,48.149879455566406,10.294526100158691,89.69158172607422,27.896636962890625,2
13:15:22.786,1.0286953449249268,707.4227905273438,47.55384063720703,86.03778839111328,84.50959014892578,13.948318481445312,2
13:15:22.786,6.136285305023193,696.156982421875,48.11798095703125,88.74687194824219,11.239233016967773,23.43706703186035,2
13:15:22.786,4.936459541320801,698.0638427734375,48.02582550048828,66.00444030761719,9.44706916809082,90.5390396118164,2
13:15:22.786,3.7347917556762695,700.4815673828125,47.90562057495117,8.599611282348633,44.99861145019531,91.3864974975586,2
13:15:22.787,2.5400960445404053,695.4599609375,48.158695220947266,8.419005393981934,91.56710052490234,44.373435974121094,2
13:15:22.787,1.3191196918487549,710.8805541992188,47.390830993652344,67.6993637084961,89.74715423583984,10.2389554977417,2
13:15:22.787,0.1467365175485611,690.95556640625,48.38700866699219,88.95526885986328,23.28424644470215,11.030841827392578,2
13:15:22.787,5.196648597717285,701.8042602539062,47.846920013427734,83.41205596923828,13.323144912719727,86.6629638671875,2
13:15:22.787,4.038695812225342,701.7380981445312,47.852134704589844,11.405946731567383,23.79827880859375,88.58016204833984,2
13:15:22.787,2.7890567779541016,694.3812255859375,48.22135925292969,8.835787773132324,91.15032196044922,62.3089714050293,2
13:15:22.787,1.6680262088775635,709.495849609375,47.46631622314453,43.08141326904297,90.9002456665039,9.085857391357422,2
13:15:22.787,0.3971669375896454,687.1342163085938,48.584815979003906,91.73381042480469,40.803001403808594,8.252291679382324,2
13:15:22.787,5.538959503173828,700.8780517578125,47.897212982177734,90.46957397460938,9.516532897949219,65.71269989013672,2
13:15:22.787,4.325469017028809,699.3290405273438,47.97413635253906,22.839677810668945,11.517087936401367,88.4690170288086,2
13:15:22.787,3.1407082080841064,702.5296020507812,47.81270980834961,14.115032196044922,85.87107849121094,85.8016128540039,2
13:15:22.895,1.9968550205230713,712.2591552734375,47.3249626159668,20.65851593017578,87.31592559814453,12.670186042785645,2
13:15:22.895,0.6491309404373169,682.6865844726562,48.80653762817383,91.92831420898438,59.15531921386719,8.057793617248535,2
13:15:22.895,5.850454807281494,706.8046875,47.596954345703125,91.03917694091797,8.946929931640625,43.512088775634766,2
13:15:22.895,4.601143836975098,693.916015625,48.24174499511719,41.95610046386719,8.474576950073242,91.51152801513672,2
13:15:22.895,3.3661744594573975,703.0250244140625,47.78859329223633,10.447346687316895,71.10308074951172,89.53875732421875,2
13:15:22.895,2.245567560195923,690.7161865234375,48.40471267700195,10.947484970092773,89.03861999511719,23.575992584228516,2
13:15:22.895,0.8807094693183899,685.0435180664062,48.6932258605957,89.49708557128906,75.52098083496094,10.489025115966797,2
13:15:22.895,6.081470012664795,700.8511962890625,47.90195846557617,89.3442611694336,10.641845703125,27.257570266723633,2
13:15:22.895,4.831711769104004,695.5711669921875,48.16978073120117,58.599609375,8.57182502746582,91.4142837524414,2
13:15:22.895,3.650712490081787,701.6837768554688,47.86439895629883,8.544039726257324,51.02806091308594,91.44207000732422,2
13:15:22.895,2.4621384143829346,696.2091064453125,48.137882232666016,8.808001518249512,91.17810821533203,38.788551330566406,2
13:15:23.117,1.2745580673217773,710.67626953125,47.414527893066406,70.75576782226562,89.26090240478516,10.725201606750488,2
13:15:23.117,0.08931058645248413,700.3876953125,47.92757034301758,87.64934539794922,19.741594314575195,12.336759567260742,2
13:15:23.117,5.203241348266602,703.4491577148438,47.77185821533203,83.77326965332031,13.503750801086426,86.48236083984375,2
13:15:23.117,4.0001325607299805,701.1395263671875,47.88469314575195,10.822450637817383,26.382328033447266,89.16365814208984,2
13:15:23.117,2.8181543350219727,697.7049560546875,48.055057525634766,9.210891723632812,90.77521514892578,64.32342529296875,2
13:15:23.117,1.6967217922210693,715.1705322265625,47.17960739135742,41.108642578125,90.525146484375,9.46096134185791,2
13:15:23.117,0.4452970027923584,689.78955078125,48.44637680053711,91.81716918945312,44.30397415161133,8.168935775756836,2
13:15:23.117,5.583837509155273,704.9878540039062,47.68320083618164,90.65018463134766,9.33592700958252,62.503475189208984,2
13:15:23.117,4.377342224121094,698.2322387695312,48.01947021484375,26.312864303588867,10.725201606750488,89.26090240478516,2
13:15:23.117,3.1686742305755615,701.52392578125,47.85237503051758,13.559322357177734,84.19005584716797,86.4267807006836,2
13:15:23.117,2.020338773727417,707.5103759765625,47.55284118652344,18.99138641357422,87.07974243164062,12.906363487243652,2
13:15:23.227,0.6920971870422363,686.4586791992188,48.6085205078125,91.49763488769531,62.225616455078125,8.488469123840332,2
13:15:23.227,5.850074291229248,698.7332153320312,47.99480056762695,91.3864974975586,8.599611282348633,43.48429870605469,2
13:15:23.227,4.6046600341796875,698.3052978515625,48.01713562011719,42.24784851074219,8.655181884765625,91.33092498779297,2
13:15:23.227,3.4100425243377686,701.9990844726562,47.83263397216797,9.905529022216797,68.10224914550781,90.08057403564453,2
13:15:23.227,2.2427234649658203,693.3345947265625,48.26556396484375,11.100305557250977,88.88580322265625,23.450958251953125,2
13:15:23.227,0.929177463054657,714.7222290039062,47.20041275024414,87.5521011352539,77.92442321777344,12.434009552001953,2
13:15:23.227,6.1130452156066895,703.7885131835938,47.743534088134766,88.7885513305664,11.197555541992188,25.201446533203125,2
13:15:23.227,4.869849681854248,694.1651000976562,48.226436614990234,61.336483001708984,8.73853874206543,91.24757385253906,2
13:15:23.227,3.674021005630493,700.6215209960938,47.90427017211914,8.502362251281738,49.36093521118164,91.48374938964844,2
13:15:23.227,2.5069572925567627,695.6837768554688,48.15171813964844,8.544039726257324,91.44207000732422,41.983882904052734,2
13:15:23.227,1.3218581676483154,714.4280395507812,47.21406555175781,67.4354019165039,89.62211608886719,10.36398983001709,2
13:15:23.228,0.17237327992916107,690.4454956054688,48.409019470214844,89.358154296875,25.006946563720703,10.627952575683594,2
13:15:23.228,5.255527019500732,705.495849609375,47.65447998046875,86.1350326538086,13.851070404052734,84.52348327636719,2
13:15:23.228,4.09953498840332,703.8992309570312,47.73138427734375,12.489580154418945,19.866628646850586,87.49652862548828,2
13:15:23.228,2.894634962081909,700.3529052734375,47.905052185058594,10.086134910583496,89.89997863769531,69.61656188964844,2
13:15:23.228,1.7805970907211304,714.5519409179688,47.192054748535156,35.24590301513672,89.96943664550781,10.016671180725098,2
13:15:23.228,0.46284326910972595,686.1337890625,48.61328887939453,92.01167297363281,45.568214416503906,7.974437713623047,2
13:15:23.228,5.606868267059326,702.3711547851562,47.80173110961914,90.91413879394531,9.071965217590332,60.90580749511719,2
13:15:23.228,4.357250213623047,690.4314575195312,48.40251541137695,24.742984771728516,10.697416305541992,89.2886962890625,2
13:15:23.228,3.1354732513427734,699.4246215820312,47.95671081542969,13.89274787902832,86.0933609008789,85.57933044433594,2
13:15:23.228,1.990472435951233,708.705078125,47.49611282348633,20.964155197143555,87.5521011352539,12.434009552001953,2
13:15:23.228,0.6596800684928894,685.2381591796875,48.67396926879883,91.76160430908203,59.89163589477539,8.224506378173828,2
13:15:23.338,5.819299221038818,702.1002807617188,47.83113098144531,91.34481811523438,8.641288757324219,45.7071418762207,2
13:15:23.338,4.605157852172852,697.3179931640625,48.070709228515625,42.275630950927734,8.599611282348633,91.3864974975586,2
13:15:23.338,3.385162591934204,703.357177734375,47.76887512207031,10.2389554977417,69.79716491699219,89.74715423583984,2
13:15:23.338,2.265552282333374,694.7654418945312,48.19733428955078,10.822450637817383,89.16365814208984,25.034730911254883,2
13:15:23.338,0.9716767072677612,710.4219970703125,47.41680908203125,87.01028442382812,80.80022430419922,12.97582721710205,2
13:15:23.338,6.137763977050781,700.9956665039062,47.88701248168945,88.53848266601562,11.447624206542969,23.46485137939453,2
13:15:23.338,4.915382385253906,701.3641967773438,47.86861801147461,64.46234893798828,9.391497611999512,90.5946044921875,2
13:15:23.338,3.758755683898926,705.279296875,47.67017364501953,8.891359329223633,43.317588806152344,91.0947494506836,2
13:15:23.338,2.5718741416931152,701.4075317382812,47.86119842529297,8.585718154907227,91.400390625,46.67963409423828,2
13:15:23.338,1.402919054031372,717.4597778320312,47.0576057434082,61.78104782104492,90.17782592773438,9.808279991149902,2
13:15:23.338,0.21966515481472015,687.8619995117188,48.531620025634766,90.09446716308594,28.20227813720703,9.891636848449707,2
13:15:23.558,5.322161674499512,710.2054443359375,47.40929412841797,87.19088745117188,12.795220375061035,80.11947631835938,2
13:15:23.558,4.10264253616333,700.282470703125,47.90006637573242,12.420116424560547,19.560989379882812,87.56598663330078,2
13:15:23.558,2.8961219787597656,696.656005859375,48.07905197143555,9.961100578308105,90.02500915527344,69.79716491699219,2
13:15:23.558,1.7272790670394897,705.5098266601562,47.63508987426758,38.85801696777344,90.74742889404297,9.238677024841309,2
13:15:23.558,0.47337862849235535,686.6619873046875,48.579776763916016,92.01167297363281,46.332313537597656,7.974437713623047,2
13:15:23.558,5.574063777923584,694.9833374023438,48.165958404541016,90.98360443115234,9.002500534057617,63.32314682006836,2
13:15:23.558,4.365382671356201,695.4432373046875,48.14628601074219,25.437620162963867,10.78077220916748,89.20533752441406,2
13:15:23.558,3.141164541244507,702.4331665039062,47.797603607177734,14.142817497253418,85.84329223632812,85.81550598144531,2
13:15:23.558,2.0211899280548096,708.2831420898438,47.50558090209961,18.977493286132812,87.0380630493164,12.948040962219238,2
13:15:23.558,0.6726880669593811,683.211181640625,48.7626953125,91.7477035522461,60.86412811279297,8.238399505615234,2
13:15:23.558,5.855654716491699,702.5927124023438,47.78859329223633,91.1919937133789,8.794109344482422,43.12308883666992,2
13:15:23.558,4.638851642608643,694.9232177734375,48.17336654663086,44.6790771484375,8.391220092773438,91.59488677978516,2
13:15:23.559,3.4352660179138184,700.8634643554688,47.877037048339844,9.627674102783203,66.36566162109375,90.35842895507812,2
13:15:23.559,2.3081395626068115,697.454345703125,48.04736328125,10.36398983001709,89.62211608886719,28.02167320251465,2
13:15:23.559,1.0299873352050781,709.8955078125,47.42522048950195,85.91275024414062,84.49569702148438,14.07335376739502,2
13:15:23.559,6.215272426605225,702.8727416992188,47.775028228759766,87.14920806884766,12.836898803710938,18.449569702148438,2
13:15:23.559,4.991339206695557,699.4990234375,47.94303512573242,69.79716491699219,10.072242736816406,89.91386413574219,2
13:15:23.559,3.816875696182251,701.7987060546875,47.8255500793457,9.04417896270752,39.14976501464844,90.94193267822266,2
13:15:23.559,2.628845453262329,699.7186889648438,47.92609405517578,8.488469123840332,91.49763488769531,50.77799606323242,2
13:15:23.559,1.470516324043274,714.1734619140625,47.20145797729492,57.08530044555664,90.66407012939453,9.322033882141113,2
13:15:23.559,0.2290886789560318,686.0092163085938,48.608455657958984,90.27507781982422,28.82745361328125,9.711030960083008,2
13:15:23.559,5.328753471374512,701.3704833984375,47.84101867675781,87.63545227050781,12.350652694702148,79.96665954589844,2
13:15:23.669,4.119987487792969,703.1494750976562,47.753543853759766,12.836898803710938,18.532926559448242,87.14920806884766,2
13:15:23.669,2.8821756839752197,695.8779907226562,48.1195182800293,9.7666015625,90.2195053100586,68.83856964111328,2
13:15:23.669,1.717096209526062,710.7410888671875,47.37919235229492,39.636009216308594,90.58071899414062,9.405389785766602,2
13:15:23.669,0.4277495741844177,685.8999633789062,48.62430191040039,91.91442108154297,43.01194763183594,8.071686744689941,2
13:15:23.669,5.552982330322266,702.275146484375,47.80617141723633,90.5112533569336,9.474854469299316,64.69853210449219,2
13:15:23.669,4.350977420806885,697.4174194335938,48.04922103881836,24.506807327270508,11.07252025604248,88.91358947753906,2
13:15:23.669,3.1152379512786865,703.3670654296875,47.75204849243164,13.642679214477539,86.34342956542969,84.16226196289062,2
13:15:23.669,2.0239481925964355,710.30419921875,47.404090881347656,18.866352081298828,86.89913940429688,13.086968421936035,2
13:15:23.669,0.7145719528198242,690.932373046875,48.37415313720703,91.12252807617188,63.7677116394043,8.86357307434082,2
13:15:23.669,5.879134178161621,700.9439697265625,47.87229537963867,91.15032196044922,8.835787773132324,41.42817687988281,2
13:15:23.669,4.658745288848877,701.2920532226562,47.85496520996094,46.1378173828125,8.613503456115723,91.37260437011719,2
13:15:23.779,3.474527359008789,700.0613403320312,47.915897369384766,9.252570152282715,63.614891052246094,90.7335433959961,2
13:15:23.779,2.3161780834198,700.351318359375,47.901180267333984,10.37788200378418,89.60822296142578,28.632953643798828,2
13:15:23.779,1.0743227005004883,712.2024536132812,47.31034851074219,83.80105590820312,86.02389526367188,13.962212562561035,2
13:15:23.779,6.2445831298828125,705.432373046875,47.64596176147461,86.49625396728516,13.489858627319336,16.671297073364258,2
13:15:23.779,5.019216537475586,697.0340576171875,48.06428146362305,71.76993560791016,10.308419227600098,89.67768859863281,2
13:15:23.779,3.8174586296081543,698.2340698242188,48.00260925292969,8.905251502990723,39.06640625,91.08085632324219,2
13:15:23.779,2.6348531246185303,695.891357421875,48.11838912963867,8.321756362915039,91.66435241699219,51.20866775512695,2
13:15:23.779,1.4252392053604126,705.607421875,47.63262176513672,60.35009765625,90.8030014038086,9.183106422424316,2
13:15:23.779,0.22682785987854004,685.8199462890625,48.62393569946289,90.26118469238281,28.660737991333008,9.724923133850098,2
13:15:23.779,5.277161121368408,698.5496215820312,47.9884147644043,86.81578063964844,13.170326232910156,83.38427734375,2
13:15:23.779,4.062944412231445,697.3969116210938,48.04930877685547,11.628230094909668,22.075576782226562,88.35787963867188,2
13:15:23.889,2.8596012592315674,697.6119995117188,48.03997802734375,9.599888801574707,90.38621520996094,67.24089813232422,2
13:15:23.889,1.7213791608810425,712.0921020507812,47.316253662109375,39.344261169433594,90.5112533569336,9.474854469299316,2
13:15:23.889,0.4180731475353241,685.723876953125,48.635311126708984,91.87274169921875,42.30341720581055,8.113365173339844,2
13:15:23.889,5.566135406494141,701.696533203125,47.835208892822266,90.65018463134766,9.33592700958252,63.78160858154297,2
13:15:23.889,4.343295097351074,695.8296508789062,48.12917709350586,23.95109748840332,11.114198684692383,88.87191009521484,2
13:15:23.889,3.1138858795166016,703.6415405273438,47.74014663696289,13.628785133361816,86.3573226928711,84.06501770019531,2
13:15:23.889,1.9938300848007202,710.6002197265625,47.391571044921875,20.811336517333984,87.41316986083984,12.57293701171875,2
13:15:23.889,0.7125826478004456,688.9246215820312,48.476776123046875,91.23367309570312,63.65657043457031,8.75243091583252,2
13:15:23.889,5.896638870239258,706.2846069335938,47.606239318847656,90.8307876586914,9.15532112121582,40.2333984375,2
13:15:23.889,4.692374229431152,697.9238891601562,48.023189544677734,48.555152893066406,8.419005393981934,91.56710052490234,2
13:15:23.889,3.4920737743377686,703.28857421875,47.7530403137207,9.252570152282715,62.336761474609375,90.7335433959961,2
13:15:23.999,2.3853163719177246,703.5059204101562,47.738563537597656,9.7666015625,90.2195053100586,33.48152160644531,2
13:15:23.999,1.1118690967559814,714.0860595703125,47.20822525024414,81.35592651367188,86.64906311035156,13.337038040161133,2
13:15:23.999,6.269207954406738,703.8098754882812,47.71976089477539,86.0655746459961,13.920534133911133,15.073631286621094,2
13:15:23.999,5.012337684631348,700.275634765625,47.89787673950195,71.22811889648438,10.36398983001709,89.62211608886719,2
13:15:23.999,3.832934856414795,701.9575805664062,47.81483840942383,9.16921329498291,38.024452209472656,90.81689453125,2
13:15:23.999,2.587214469909668,694.8014526367188,48.17573165893555,8.293971061706543,91.692138671875,47.763267517089844,2
13:15:23.999,1.406020164489746,710.416259765625,47.39936447143555,61.6560173034668,90.48346710205078,9.502639770507812,2
13:15:23.999,0.16566836833953857,685.9974365234375,48.62189865112305,89.42761993408203,24.43734359741211,10.558487892150879,2
13:15:23.999,5.2527174949646,702.3273315429688,47.806915283203125,86.19061279296875,13.79549789428711,84.80133056640625,2
13:15:23.999,4.0403151512146,699.7200927734375,47.938899993896484,11.364267349243164,23.645458221435547,88.62183380126953,2
13:15:23.999,2.8402328491210938,696.2295532226562,48.113616943359375,9.34981918334961,90.63629150390625,65.90719604492188,2
13:15:24.109,1.6678094863891602,708.5657348632812,47.49789810180664,43.095306396484375,90.92803955078125,9.058072090148926,2
13:15:24.109,0.44346436858177185,688.8252563476562,48.48478317260742,91.84495544433594,44.16504669189453,8.14115047454834,2
13:15:24.109,5.567074775695801,702.2352905273438,47.812599182128906,90.63629150390625,9.34981918334961,63.71214294433594,2
13:15:24.109,4.380038738250732,701.6889038085938,47.838462829589844,26.576826095581055,10.836343765258789,89.14976501464844,2
13:15:24.110,3.167675495147705,703.8956909179688,47.72705841064453,13.670463562011719,84.16226196289062,86.31564331054688,2
13:15:24.110,2.0791897773742676,713.3434448242188,47.25301742553711,15.4904146194458,85.74604034423828,14.240066528320312,2
13:15:24.110,0.7421427369117737,687.96240234375,48.52299118041992,91.01139068603516,65.76827239990234,8.974715232849121,2
13:15:24.110,5.955285549163818,705.16162109375,47.658966064453125,90.48346710205078,9.502639770507812,36.093360900878906,2
13:15:24.110,4.690782070159912,695.8916625976562,48.12196350097656,48.43012237548828,8.321756362915039,91.66435241699219,2
13:15:24.110,3.5102474689483643,696.4655151367188,48.09294891357422,8.835787773132324,61.128089904785156,91.15032196044922,2
13:15:24.110,2.3271732330322266,694.62255859375,48.186309814453125,10.016671180725098,89.96943664550781,29.27202033996582,2
13:15:24.222,1.0483474731445312,702.9852905273438,47.77180480957031,85.74604034423828,85.84329223632812,14.142817497253418,2
13:15:24.222,6.183430194854736,701.85986328125,47.83014678955078,87.74659729003906,12.239511489868164,20.491802215576172,2
13:15:24.222,4.961822032928467,696.8955078125,48.080665588378906,67.79661560058594,9.64156723022461,90.34454345703125,2
13:15:24.222,3.7261781692504883,699.0963745117188,47.9737548828125,8.530147552490234,45.60988998413086,91.45596313476562,2
13:15:24.222,2.5526013374328613,695.3660888671875,48.16179275512695,8.377326965332031,91.60877990722656,45.276466369628906,2
13:15:24.222,1.3507672548294067,712.195556640625,47.32142639160156,65.49040985107422,89.98332977294922,10.002778053283691,2
13:15:24.222,0.19180741906166077,688.1907958984375,48.51972961425781,89.71936798095703,26.285079956054688,10.266740798950195,2
13:15:24.222,5.2593231201171875,705.93896484375,47.62937927246094,86.19061279296875,13.79549789428711,84.25951385498047,2
13:15:24.222,4.094422340393066,703.7841186523438,47.73582077026367,12.406224250793457,20.200056076049805,87.57987976074219,2
13:15:24.222,2.86454701423645,695.5400390625,48.1465950012207,9.558210372924805,90.42790222167969,67.61600494384766,2
13:15:24.222,1.74720299243927,711.4171142578125,47.35242462158203,37.52431106567383,90.35842895507812,9.627674102783203,2
13:15:24.222,0.4526106119155884,686.6536254882812,48.59027862548828,91.9699935913086,44.8180046081543,8.016115188598633,2
13:15:24.334,5.635589122772217,703.4855346679688,47.74568557739258,91.02528381347656,8.960822105407715,58.84968185424805,2
13:15:24.334,4.429266452789307,699.0327758789062,47.966163635253906,29.89719581604004,10.100028038024902,89.88607788085938,2
13:15:24.334,3.246212959289551,701.6270141601562,47.834285736083984,12.15615463256836,79.18865966796875,87.8299560546875,2
13:15:24.334,2.1359500885009766,716.2560424804688,47.09954071044922,13.851070404052734,86.1350326538086,17.24090003967285,2
13:15:24.334,0.8369275331497192,691.2054443359375,48.351016998291016,89.83050537109375,72.35343170166016,10.155598640441895,2
13:15:24.334,6.0022807121276855,705.8795166015625,47.61550521850586,90.02500915527344,9.961100578308105,32.82856369018555,2
13:15:24.334,4.759636402130127,699.4893798828125,47.93576431274414,53.389827728271484,8.530147552490234,91.45596313476562,2
13:15:24.334,3.53171443939209,703.2843627929688,47.74714660644531,9.016392707824707,59.530426025390625,90.96971130371094,2
13:15:24.334,2.35299015045166,695.3480834960938,48.14484405517578,9.75270938873291,90.2333984375,31.078075408935547,2
13:15:24.334,1.0676017999649048,710.4271850585938,47.39604949951172,84.27340698242188,85.95443725585938,14.031675338745117,2
13:15:24.334,6.213224411010742,699.6470947265625,47.93560791015625,87.30203247070312,12.684078216552734,18.477354049682617,2
13:15:24.443,4.966802597045898,696.2696533203125,48.10606002807617,68.15782165527344,9.669352531433105,90.31675720214844,2
13:15:24.443,3.7857937812805176,699.0759887695312,47.965946197509766,8.75243091583252,41.33092498779297,91.23367309570312,2
13:15:24.443,2.592073440551758,698.5663452148438,47.99040222167969,8.44679069519043,91.53931427001953,48.124481201171875,2
13:15:24.444,1.41916024684906,710.7893676757812,47.3771858215332,60.72520065307617,90.55293273925781,9.433176040649414,2
13:15:24.444,0.21137426793575287,690.4020385742188,48.39596939086914,89.87218475341797,27.688247680664062,10.113920211791992,2
13:15:24.444,5.301516056060791,700.87353515625,47.8731575012207,87.17699432373047,12.809114456176758,81.74492645263672,2
13:15:24.444,4.097663879394531,705.157958984375,47.658470153808594,12.517365455627441,20.033342361450195,87.46874237060547,2
13:15:24.444,2.882984161376953,696.6087036132812,48.08536911010742,9.808279991149902,90.17782592773438,68.88024139404297,2
13:15:24.444,1.7239803075790405,709.394287109375,47.446983337402344,39.13587188720703,90.60850524902344,9.377604484558105,2
13:15:24.444,0.46268582344055176,685.9215087890625,48.621376037597656,92.02555847167969,45.5543212890625,7.960544586181641,2
13:15:24.444,5.610965251922607,705.3031005859375,47.64937210083008,90.8030014038086,9.183106422424316,60.57238006591797,2
13:15:24.553,4.405559062957764,698.9325561523438,47.96485900878906,28.257850646972656,10.391775131225586,89.5943374633789,2
13:15:24.553,3.2139127254486084,698.8761596679688,47.96491622924805,12.614615440368652,81.36981964111328,87.37149047851562,2
13:15:24.553,2.11020565032959,718.9229736328125,46.96075439453125,14.462349891662598,85.53765106201172,15.740484237670898,2
13:15:24.554,0.7690902352333069,690.05322265625,48.4014778137207,90.65018463134766,67.64379119873047,9.33592700958252,2
13:15:24.554,5.948722839355469,704.7174682617188,47.66731643676758,90.5390396118164,9.44706916809082,36.551822662353516,2
13:15:24.554,4.718468189239502,698.6946411132812,47.967445373535156,50.43067169189453,8.44679069519043,91.53931427001953,2
13:15:24.554,3.5049455165863037,702.1517333984375,47.79641342163086,9.127535820007324,61.43373107910156,90.85857391357422,2
13:15:24.554,2.3485500812530518,694.0643310546875,48.20039749145508,9.75270938873291,90.2333984375,30.744651794433594,2
13:15:24.554,1.0936908721923828,709.1845092773438,47.44626998901367,82.67574310302734,86.49625396728516,13.489858627319336,2
13:15:24.554,6.212505340576172,701.5487060546875,47.82834243774414,87.2325668334961,12.75354290008545,18.602388381958008,2
13:15:24.554,4.990832805633545,699.7593383789062,47.917720794677734,69.75548553466797,10.100028038024902,89.88607788085938,2
13:15:24.787,3.7799410820007324,700.9468383789062,47.858272552490234,8.821894645690918,41.77549362182617,91.16421508789062,2
13:15:24.787,2.601184844970703,696.6583251953125,48.07192611694336,8.363433837890625,91.62267303466797,48.777435302734375,2
13:15:24.787,1.406793475151062,711.7838134765625,47.315773010253906,61.586551666259766,90.41400909423828,9.572103500366211,2
13:15:24.787,0.21535860002040863,689.8837890625,48.409393310546875,89.941650390625,27.966102600097656,10.04445743560791,2
13:15:24.787,5.318661212921143,706.5565795898438,47.57450866699219,87.2464599609375,12.739649772644043,80.4529037475586,2
13:15:24.787,4.148870468139648,700.1238403320312,47.89455032348633,13.267573356628418,16.587942123413086,86.71853637695312,2
13:15:24.787,2.9168686866760254,694.0700073242188,48.19670104980469,10.100028038024902,89.88607788085938,71.28369140625,2
13:15:24.787,1.832663655281067,715.9557495117188,47.10029983520508,31.703250885009766,89.38594055175781,10.600166320800781,2
13:15:24.787,0.5492417216300964,691.5507202148438,48.31859588623047,91.83106231689453,51.84773635864258,8.155043601989746,2
13:15:24.787,5.660170078277588,702.1990356445312,47.78616714477539,91.17810821533203,8.808001518249512,57.11308670043945,2
13:15:24.787,4.441374778747559,695.8078002929688,48.107234954833984,30.675188064575195,9.849958419799805,90.13614654541016,2
13:15:24.901,3.1995580196380615,703.6455078125,47.716773986816406,13.073076248168945,82.13392639160156,86.91303253173828,2
13:15:24.901,2.0744693279266357,708.10498046875,47.49506378173828,15.601555824279785,86.02389526367188,13.962212562561035,2
13:15:24.901,0.7053698301315308,683.4588623046875,48.73168182373047,91.49763488769531,63.21200180053711,8.488469123840332,2
13:15:24.901,5.876832962036133,699.3477783203125,47.936866760253906,91.21977996826172,8.766324043273926,41.580997467041016,2
13:15:24.901,4.656167030334473,697.6642456054688,48.02132034301758,45.94331741333008,8.474576950073242,91.51152801513672,2
13:15:24.901,3.4602317810058594,696.9774169921875,48.056068420410156,9.252570152282715,64.67073822021484,90.7335433959961,2
13:15:24.901,2.310450315475464,698.228515625,47.992835998535156,10.37788200378418,89.60822296142578,28.20227813720703,2
13:15:24.901,1.061677098274231,710.4381713867188,47.38236999511719,84.6346206665039,85.82939147949219,14.156709671020508,2
13:15:24.901,6.21563196182251,705.89306640625,47.60818099975586,87.01028442382812,12.97582721710205,18.546817779541016,2
13:15:24.901,4.989407539367676,698.2007446289062,47.9929084777832,69.68602752685547,10.016671180725098,89.96943664550781,2
13:15:24.901,3.77622652053833,703.5989379882812,47.72321319580078,8.919144630432129,42.06724166870117,91.06696319580078,2
13:15:24.901,2.6176087856292725,699.7010498046875,47.915863037109375,8.502362251281738,91.48374938964844,49.97221374511719,2
13:15:24.902,1.4403977394104004,715.0596313476562,47.14701461791992,59.183109283447266,90.48346710205078,9.502639770507812,2
13:15:24.902,0.23114264011383057,685.906494140625,48.60167694091797,90.30286407470703,28.98027229309082,9.683245658874512,2
13:15:24.902,5.3089141845703125,704.574462890625,47.66740036010742,87.14920806884766,12.836898803710938,81.1336441040039,2
13:15:24.902,4.127717018127441,700.3905639648438,47.87384033203125,12.89246940612793,17.949430465698242,87.09364318847656,2
13:15:24.902,2.911612033843994,698.9742431640625,47.94300079345703,10.252848625183105,89.73326110839844,70.81134033203125,2
13:15:24.902,1.7743723392486572,714.3638305664062,47.17380905151367,35.690467834472656,89.99722290039062,9.988885879516602,2
13:15:24.902,0.47748568654060364,688.8314208984375,48.45012283325195,91.91442108154297,46.63795471191406,8.071686744689941,2
13:15:24.902,5.59505033493042,701.721435546875,47.808223724365234,90.8307876586914,9.15532112121582,61.73937225341797,2
13:15:24.902,4.392783164978027,697.7595825195312,48.007747650146484,27.36871337890625,10.516810417175293,89.46929931640625,2
13:15:24.902,3.136650800704956,698.0194702148438,47.99753189086914,13.89274787902832,86.0933609008789,85.67657470703125,2
13:15:24.902,2.020123243331909,710.390869140625,47.38125991821289,19.11642074584961,86.95470428466797,13.031397819519043,2
13:15:24.902,0.7166905999183655,687.11865234375,48.54658889770508,91.24757385253906,63.96220779418945,8.73853874206543,2
13:15:25.013,5.873063564300537,702.6800537109375,47.767513275146484,91.0947494506836,8.891359329223633,41.886634826660156,2
13:15:25.013,4.658510208129883,700.1044921875,47.89533996582031,46.12392044067383,8.57182502746582,91.4142837524414,2
13:15:25.014,3.4618022441864014,702.095947265625,47.79522705078125,9.46096134185791,64.47624206542969,90.525146484375,2
13:15:25.014,2.3081483840942383,696.1743774414062,48.09184265136719,10.322311401367188,89.6637954711914,27.993886947631836,2
13:15:25.014,1.0116901397705078,710.5401611328125,47.37675476074219,86.23228454589844,83.31481170654297,13.75382137298584,2
13:15:25.014,6.217932224273682,702.5018310546875,47.77588653564453,87.09364318847656,12.89246940612793,18.282855987548828,2
13:15:25.014,4.9663567543029785,695.2638549804688,48.13759994506836,68.13003540039062,9.64156723022461,90.34454345703125,2
13:15:25.014,3.811527967453003,699.713134765625,47.91462326049805,8.946929931640625,39.5109748840332,91.03917694091797,2
13:15:25.014,2.6109156608581543,694.6089477539062,48.169097900390625,8.280077934265137,91.7060317993164,49.48596954345703,2
13:15:25.014,1.4374622106552124,711.6243286132812,47.31915283203125,59.43317413330078,90.60850524902344,9.377604484558105,2
13:15:25.014,0.23082998394966125,687.816162109375,48.50782775878906,90.2195053100586,28.994163513183594,9.7666015625,2
13:15:25.234,5.305580139160156,702.5305786132812,47.77300262451172,87.17699432373047,12.809114456176758,81.42539978027344,2
13:15:25.234,4.070267200469971,698.5098876953125,47.97384262084961,11.808835983276367,21.63100814819336,88.1772689819336,2
13:15:25.234,2.8547046184539795,693.9196166992188,48.20566940307617,9.405389785766602,90.58071899414062,66.94915008544922,2
13:15:25.234,1.69199538230896,710.9297485351562,47.35690689086914,41.400386810302734,90.70574951171875,9.280356407165527,2
13:15:25.234,0.4037112593650818,684.3430786132812,48.68815612792969,91.85884857177734,41.2614631652832,8.127257347106934,2
13:15:25.234,5.524402141571045,702.5830078125,47.777130126953125,90.2333984375,9.75270938873291,66.69908142089844,2
13:15:25.234,4.34251594543457,694.8262329101562,48.164825439453125,23.881633758544922,11.100305557250977,88.88580322265625,2
13:15:25.234,3.0829508304595947,694.1707763671875,48.19867706298828,12.684078216552734,87.30203247070312,82.41178131103516,2
13:15:25.235,1.9974859952926636,715.1887817382812,47.14739227294922,20.72797966003418,87.16310119628906,12.823006629943848,2
13:15:25.235,0.6855190992355347,692.376708984375,48.287715911865234,91.26146697998047,61.6699104309082,8.724645614624023,2
13:15:25.235,5.846129417419434,702.2579345703125,47.79388427734375,91.23367309570312,8.75243091583252,43.789939880371094,2
13:15:25.235,4.630444526672363,698.9722900390625,47.95969772338867,44.109474182128906,8.599611282348633,91.3864974975586,2
13:15:25.235,3.437000036239624,702.1071166992188,47.803619384765625,9.669352531433105,66.21283721923828,90.31675720214844,2
13:15:25.235,2.2890844345092773,699.11181640625,47.95280075073242,10.697416305541992,89.2886962890625,26.757434844970703,2
13:15:25.235,1.0450232028961182,713.7850952148438,47.2197380065918,85.45429229736328,85.27368927001953,14.531814575195312,2
13:15:25.235,6.191819667816162,702.0303955078125,47.80495071411133,87.57987976074219,12.406224250793457,19.94998550415039,2
13:15:25.235,4.993161201477051,700.9927978515625,47.85493850708008,69.88052368164062,10.169490814208984,89.81661987304688,2
13:15:25.235,3.7882866859436035,701.4986572265625,47.8276252746582,8.891359329223633,41.178104400634766,91.0947494506836,2
13:15:25.236,2.598991632461548,694.4314575195312,48.180206298828125,8.280077934265137,91.7060317993164,48.62461853027344,2
13:15:25.236,1.369080901145935,713.11181640625,47.25002670288086,64.1983871459961,90.08057403564453,9.905529022216797,2
13:15:25.236,0.18984954059123993,688.8302612304688,48.4626579284668,89.64990234375,26.17393684387207,10.336204528808594,2
13:15:25.236,5.193891525268555,698.642578125,47.97634506225586,83.31481170654297,13.170326232910156,86.81578063964844,2
13:15:25.344,4.038690090179443,699.0762939453125,47.958580017089844,11.322589874267578,23.742706298828125,88.66352081298828,2
13:15:25.345,2.7757997512817383,690.357666015625,48.39775466918945,8.599611282348633,91.3864974975586,61.40594482421875,2
13:15:25.345,1.635195016860962,710.3640747070312,47.39992141723633,45.4153938293457,90.95582580566406,9.030285835266113,2
13:15:25.345,0.3755502700805664,686.3746337890625,48.598777770996094,91.62267303466797,39.23311996459961,8.363433837890625,2
13:15:25.345,5.5138678550720215,705.4527587890625,47.645263671875,90.01111602783203,9.974992752075195,67.37982940673828,2
13:15:25.345,4.302047252655029,698.0650024414062,48.01068878173828,21.26979637145996,11.86440658569336,88.1217041015625,2
13:15:25.345,3.0806562900543213,694.9962158203125,48.16416549682617,12.670186042785645,87.31592559814453,82.24507141113281,2
13:15:25.345,1.9418429136276245,706.1510620117188,47.60683059692383,24.103918075561523,88.41344451904297,11.57265853881836,2
13:15:25.345,0.6421039700508118,683.4239501953125,48.7465934753418,91.91442108154297,58.64128875732422,8.071686744689941,2
13:15:25.345,5.808631420135498,699.9935302734375,47.915992736816406,91.44207000732422,8.544039726257324,46.47124099731445,2
13:15:25.345,4.601362228393555,693.8419799804688,48.22465896606445,41.983882904052734,8.488469123840332,91.49763488769531,2
13:15:25.454,3.4128003120422363,698.64501953125,47.98357009887695,9.75270938873291,67.96332550048828,90.2333984375,2
13:15:25.454,2.2872962951660156,696.3855590820312,48.09619140625,10.600166320800781,89.38594055175781,26.56293487548828,2
13:15:25.454,0.9639834761619568,715.1220703125,47.16122817993164,86.9408187866211,80.14726257324219,13.045289993286133,2
13:15:25.454,6.190638065338135,706.9148559570312,47.56707763671875,87.41316986083984,12.57293701171875,20.1861629486084,2
13:15:25.454,4.911519527435303,697.0557250976562,48.059783935546875,64.25395965576172,9.196998596191406,90.78910827636719,2
13:15:25.454,3.709052085876465,699.422607421875,47.94200134277344,8.516254425048828,46.846343994140625,91.46985626220703,2
13:15:25.454,2.4778013229370117,689.8405151367188,48.42274856567383,8.474576950073242,91.51152801513672,39.84440231323242,2
13:15:25.454,1.268053412437439,706.2869262695312,47.60602951049805,71.28369140625,89.3442611694336,10.641845703125,2
13:15:25.454,0.05431732162833214,694.7546997070312,48.18510437011719,87.20478057861328,17.31036376953125,12.781328201293945,2
13:15:25.454,5.117187976837158,695.4310302734375,48.1546516418457,78.4384536743164,11.656015396118164,88.33009338378906,2
13:15:25.455,3.9114701747894287,700.9267578125,47.8813591003418,9.780494689941406,32.48124313354492,90.20561218261719,2
13:15:25.565,2.7095935344696045,695.7100830078125,48.14405059814453,8.474576950073242,91.51152801513672,56.599056243896484,2
13:15:25.565,1.523531198501587,711.531005859375,47.35579299926758,53.34815216064453,90.95582580566406,9.030285835266113,2
13:15:25.565,0.29594194889068604,687.4967041015625,48.55727005004883,90.95582580566406,33.550987243652344,9.030285835266113,2
13:15:25.565,5.388419151306152,702.7020263671875,47.79926300048828,88.56626892089844,11.419838905334473,75.99333190917969,2
13:15:25.565,4.226247310638428,700.4596557617188,47.910484313964844,16.421228408813477,13.30925178527832,86.6768569946289,2
13:15:25.565,2.9668610095977783,695.6128540039062,48.15266799926758,10.808558464050293,89.17755126953125,74.68741607666016,2
13:15:25.565,1.8880219459533691,713.2009887695312,47.2706298828125,27.868852615356445,88.88580322265625,11.100305557250977,2
13:15:25.565,0.594886064529419,690.5764770507812,48.40179443359375,91.80327606201172,55.16810607910156,8.182828903198242,2
13:15:25.565,5.796213626861572,705.9713745117188,47.62904739379883,91.21977996826172,8.766324043273926,47.374267578125,2
13:15:25.565,4.571130752563477,700.8411254882812,47.88196563720703,39.886077880859375,8.933036804199219,91.05307006835938,2
13:15:25.565,3.3893697261810303,705.9230346679688,47.623435974121094,10.308419227600098,69.44984436035156,89.67768859863281,2
13:15:25.787,2.2475786209106445,699.328857421875,47.949153900146484,11.280911445617676,88.70519256591797,23.95109748840332,2
13:15:25.787,0.8964802622795105,715.3972778320312,47.14789581298828,88.02445220947266,75.75714874267578,11.961655616760254,2
13:15:25.787,6.114778518676758,702.8250732421875,47.7720832824707,88.7885513305664,11.197555541992188,25.0764102935791,2
13:15:25.787,4.844677448272705,693.9503784179688,48.21803665161133,59.530426025390625,8.599611282348633,91.3864974975586,2
13:15:25.787,3.6758413314819336,701.94189453125,47.81869888305664,8.585718154907227,49.235897064208984,91.400390625,2
13:15:25.787,2.450941562652588,692.1738891601562,48.308799743652344,8.73853874206543,91.24757385253906,37.94109344482422,2
13:15:25.787,1.2485990524291992,715.5413208007812,47.14304733276367,72.38121795654297,88.71908569335938,11.26701831817627,2
13:15:25.787,0.09045713394880295,703.9954833984375,47.717010498046875,87.49652862548828,19.94998550415039,12.489580154418945,2
13:15:25.787,5.113848686218262,695.7673950195312,48.131134033203125,78.20227813720703,11.628230094909668,88.35787963867188,2
13:15:25.787,3.9172544479370117,700.40771484375,47.898643493652344,9.822173118591309,32.07835388183594,90.16393280029297,2
13:15:25.787,2.70723557472229,693.4583129882812,48.24728775024414,8.377326965332031,91.60877990722656,56.44623565673828,2
13:15:25.788,1.5357950925827026,705.5928955078125,47.641963958740234,52.500694274902344,91.23367309570312,8.75243091583252,2
13:15:25.788,0.30910617113113403,683.94873046875,48.72581481933594,91.21977996826172,34.440120697021484,8.766324043273926,2
13:15:25.788,5.4361982345581055,702.5438842773438,47.794803619384766,89.23311614990234,10.752986907958984,72.77021789550781,2
13:15:25.788,4.250288486480713,695.9935913085938,48.12135314941406,17.810503005981445,12.684078216552734,87.30203247070312,2
13:15:25.788,3.0342233180999756,697.5799560546875,48.041725158691406,11.933870315551758,88.05223846435547,79.13309478759766,2
13:15:25.788,1.9132810831069946,711.4025268554688,47.35124206542969,26.14615249633789,88.62183380126953,11.364267349243164,2
13:15:25.788,0.6012604832649231,687.582275390625,48.5427131652832,91.90052795410156,55.64045333862305,8.085579872131348,2
13:15:25.788,5.7960734367370605,704.2943115234375,47.70450973510742,91.27535247802734,8.710753440856934,47.38816452026367,2
13:15:25.788,4.527700424194336,696.099365234375,48.11481475830078,36.732425689697266,9.030285835266113,90.95582580566406,2
13:15:25.788,3.350808620452881,702.5264282226562,47.79258346557617,10.627952575683594,72.158935546875,89.358154296875,2
13:15:25.788,2.1749937534332275,694.0819091796875,48.214073181152344,12.26729679107666,87.71881103515625,18.99138641357422,2
13:15:25.898,0.8545742034912109,686.916748046875,48.5760383605957,89.77493286132812,73.6732406616211,10.211170196533203,2
13:15:25.898,6.0321455001831055,698.9495849609375,47.97468185424805,90.01111602783203,9.974992752075195,30.61961555480957,2
13:15:25.898,4.780929088592529,696.2852172851562,48.11138916015625,54.93192672729492,8.419005393981934,91.56710052490234,2
13:15:25.898,3.598029136657715,702.8640747070312,47.78378677368164,8.710753440856934,54.806888580322266,91.27535247802734,2
13:15:25.898,2.392171859741211,693.5142211914062,48.25166702270508,9.266463279724121,90.71964263916016,33.78716278076172,2
13:15:25.898,1.1575688123703003,714.8174438476562,47.18986129760742,78.424560546875,87.42706298828125,12.559043884277344,2
13:15:25.898,0.0113484226167202,703.7156372070312,47.741600036621094,86.03778839111328,14.893025398254395,13.948318481445312,2
13:15:25.898,5.068183898925781,696.2188110351562,48.11700439453125,75.1319808959961,10.933592796325684,89.0525131225586,2
13:15:25.898,3.885399580001831,701.2373657226562,47.86530685424805,9.544318199157715,34.31509017944336,90.44178771972656,2
13:15:25.898,2.6943037509918213,695.4166259765625,48.155738830566406,8.405112266540527,91.58099365234375,55.50152587890625,2
13:15:25.898,1.553540825843811,713.6196899414062,47.24449920654297,51.222564697265625,90.9002456665039,9.085857391357422,2
13:15:26.007,0.31378668546676636,688.6168823242188,48.49283218383789,91.06696319580078,34.843013763427734,8.919144630432129,2
13:15:26.007,5.477492332458496,707.2392578125,47.55803298950195,89.55265045166016,10.433454513549805,69.85273742675781,2
13:15:26.007,4.277194023132324,700.6824951171875,47.88273620605469,19.713809967041016,12.39233112335205,87.5937728881836,2
13:15:26.007,3.090134382247925,701.0827026367188,47.85995864868164,13.073076248168945,86.91303253173828,82.64795684814453,2
13:15:26.007,1.943704605102539,713.3546752929688,47.24488067626953,24.173381805419922,88.09391021728516,11.892191886901855,2
13:15:26.007,0.6047228574752808,682.9713134765625,48.766056060791016,92.08113861083984,55.918312072753906,7.90497350692749,2
13:15:26.007,5.768061637878418,703.248291015625,47.75093460083008,91.34481811523438,8.641288757324219,49.38871765136719,2
13:15:26.007,4.524962425231934,690.9871215820312,48.36653137207031,36.46846389770508,8.835787773132324,91.15032196044922,2
13:15:26.007,3.2975289821624756,700.5226440429688,47.89360809326172,11.294803619384766,75.81272888183594,88.6913070678711,2
13:15:26.007,2.178985595703125,707.0328979492188,47.5702018737793,12.697972297668457,87.28813171386719,19.65823745727539,2
13:15:26.007,0.8074177503585815,684.06201171875,48.72444534301758,90.49736022949219,70.4640121459961,9.488746643066406,2
13:15:26.120,6.003446578979492,702.900634765625,47.7539176940918,90.12226104736328,9.863851547241211,32.703529357910156,2
13:15:26.120,4.763140678405762,695.684814453125,48.0156364440918,53.63990020751953,8.460683822631836,91.52542114257812,2
13:15:26.120,3.580545425415039,701.70361328125,47.61037063598633,8.905251502990723,56.029449462890625,91.08085632324219,2
13:15:26.120,2.418200969696045,693.0665283203125,47.93635940551758,9.308141708374023,90.67796325683594,35.718257904052734,2
13:15:26.120,1.1878597736358643,709.08349609375,47.029998779296875,76.35454559326172,87.77438354492188,12.211725234985352,2
13:15:26.120,0.014190372079610825,699.83935546875,47.38164138793945,85.81550598144531,15.337594032287598,14.17060375213623,2
13:15:26.120,5.0663652420043945,698.1563720703125,47.356143951416016,74.61795043945312,11.530980110168457,88.45513153076172,2
13:15:26.120,3.8587021827697754,697.8253173828125,47.26130294799805,9.822173118591309,36.357322692871094,90.16393280029297,2
13:15:26.120,2.6360623836517334,694.925048828125,47.29462432861328,9.04417896270752,90.94193267822266,51.278133392333984,2
13:15:26.120,1.4367707967758179,708.127685546875,46.521507263183594,59.32203674316406,89.91386413574219,10.072242736816406,2
13:15:26.120,0.1881045699119568,679.8112182617188,47.821754455566406,89.09419250488281,26.382328033447266,10.891914367675781,2
13:15:26.347,5.1606011390686035,687.9430541992188,47.300846099853516,80.7446517944336,13.073076248168945,86.91303253173828,2
13:15:26.348,3.8825783729553223,687.0064697265625,47.23223876953125,10.058349609375,34.71797561645508,89.9277572631836,2
13:15:26.348,2.6236777305603027,687.7600708007812,47.07786178588867,9.224784851074219,90.76132202148438,50.38899612426758,2
13:15:26.348,1.3343528509140015,694.9340209960938,46.602088928222656,66.36566162109375,89.23311614990234,10.752986907958984,2
13:15:26.348,0.0676177367568016,689.9107666015625,46.73647689819336,86.32953643798828,19.11642074584961,13.656571388244629,2
13:15:26.348,5.0039238929748535,683.2498779296875,46.952232360839844,70.24172973632812,11.044734954833984,88.94136810302734,2
13:15:26.348,3.6851155757904053,688.4017333984375,46.57597732543945,9.669352531433105,48.596832275390625,90.31675720214844,2
13:15:26.348,2.417652130126953,681.0248413085938,46.822811126708984,10.252848625183105,89.73326110839844,36.01000213623047,2
13:15:26.348,1.067563772201538,692.1993408203125,46.142086029052734,83.3703842163086,84.9958267211914,14.990274429321289,2
13:15:26.348,6.089393138885498,685.9889526367188,46.32924270629883,87.95498657226562,12.031120300292969,27.479854583740234,2
13:15:26.348,4.730006217956543,682.4390869140625,46.379600524902344,51.222564697265625,9.836065292358398,90.15003967285156,2
13:15:26.348,3.402606964111328,684.1998291015625,46.164520263671875,11.37816047668457,67.96332550048828,88.60794830322266,2
13:15:26.457,2.187662363052368,692.0015869140625,45.6444091796875,14.07335376739502,85.91275024414062,21.43651008605957,2
13:15:26.457,0.6996398568153381,667.7598266601562,46.72983169555664,89.83050537109375,62.267295837402344,10.155598640441895,2
13:15:26.457,5.76239013671875,685.016357421875,45.73289108276367,89.5943374633789,10.391775131225586,49.80550003051758,2
13:15:26.457,4.432802200317383,678.9478149414062,45.90154266357422,30.994718551635742,11.781050682067871,88.2050552368164,2
13:15:26.457,3.1086089611053467,680.7533569335938,45.675498962402344,15.10141658782959,84.88468933105469,82.2728500366211,2
13:15:26.457,1.813744306564331,692.0667114257812,44.973838806152344,33.759376525878906,87.80216217041016,12.183939933776855,2
13:15:26.457,0.3636147379875183,665.7367553710938,46.153263092041016,89.45539855957031,38.96915817260742,10.530702590942383,2
13:15:26.457,5.326004505157471,680.7245483398438,45.26621627807617,85.56543731689453,14.420671463012695,78.52181243896484,2
13:15:26.457,3.9142189025878906,671.5428466796875,45.58711624145508,11.725479125976562,33.13420486450195,88.26062774658203,2
13:15:26.457,2.5342791080474854,672.8534545898438,45.38351821899414,10.822450637817383,89.16365814208984,44.30397415161133,2
13:15:26.457,1.09006929397583,676.9329833984375,45.04111862182617,81.23089599609375,84.57904815673828,15.40705680847168,2
13:15:26.567,6.019889831542969,672.9385986328125,45.10236740112305,87.73270416259766,12.253403663635254,32.578495025634766,2
13:15:26.567,4.5615668296813965,667.0487060546875,45.2596435546875,39.7888298034668,11.239233016967773,88.74687194824219,2
13:15:26.567,3.0879149436950684,662.75830078125,45.33525466918945,14.990274429321289,84.9958267211914,80.78633117675781,2
13:15:26.567,1.7177048921585083,677.1641845703125,44.47474670410156,40.2333984375,88.09391021728516,11.892191886901855,2
13:15:26.567,0.26060950756073,655.6302490234375,45.40760803222656,87.96887969970703,32.286746978759766,12.017227172851562,2
13:15:26.567,5.0747175216674805,662.801513671875,44.90555953979492,73.86773681640625,13.628785133361816,86.3573226928711,2
13:15:26.567,3.6311135292053223,666.3602294921875,44.58185577392578,11.405946731567383,52.278411865234375,88.58016204833984,2
13:15:26.567,2.2400290966033936,660.055908203125,44.749637603759766,13.976104736328125,86.01000213623047,25.215335845947266,2
13:15:26.567,0.7022309303283691,654.691650390625,44.87123489379883,88.23284149169922,61.94776153564453,11.753264427185059,2
13:15:26.567,5.58053731918335,663.6007690429688,44.276100158691406,87.71881103515625,12.26729679107666,61.822731018066406,2
13:15:26.567,4.092254161834717,665.68408203125,44.02131652832031,15.295915603637695,22.645179748535156,84.690185546875,2
13:15:26.678,2.6329095363616943,661.7103271484375,44.0662841796875,11.836621284484863,88.14949035644531,50.97249221801758,2
13:15:26.678,1.1151632070541382,670.3412475585938,43.4831657409668,78.68852233886719,83.81494903564453,16.171159744262695,2
13:15:26.678,5.988844394683838,662.58544921875,43.71509552001953,86.85746002197266,13.128646850585938,35.093082427978516,2
13:15:26.678,4.455245494842529,656.5765991210938,43.86043930053711,33.259239196777344,13.253681182861328,86.732421875,2
13:15:26.678,2.929701566696167,654.4492797851562,43.810699462890625,13.878854751586914,86.10725402832031,70.14448547363281,2
13:15:26.678,1.4378321170806885,668.3284301757812,42.96144104003906,58.530147552490234,86.87135314941406,13.114753723144531,2
13:15:26.678,6.2270188331604,659.5462646484375,43.242027282714844,83.42594909667969,16.560155868530273,20.7696590423584,2
13:15:26.678,4.610679626464844,651.0191040039062,43.511348724365234,43.3731575012207,12.503473281860352,87.48262786865234,2
13:15:26.679,3.0102407932281494,643.6723022460938,43.72175216674805,15.004168510437012,84.98194122314453,75.0625228881836,2
13:15:26.679,1.4952625036239624,656.50341796875,42.92406463623047,54.848567962646484,87.06584930419922,12.920255661010742,2
13:15:26.679,6.216019153594971,646.8721313476562,43.24665451049805,83.60655975341797,16.37955093383789,21.394832611083984,2
13:15:26.796,4.617150783538818,647.6302490234375,43.050514221191406,43.84551239013672,12.87857723236084,87.10752868652344,2
13:15:26.796,3.00932240486145,643.5138549804688,43.09581756591797,15.4904146194458,84.49569702148438,74.64573669433594,2
13:15:26.796,1.4392809867858887,653.2238159179688,42.44940948486328,58.349544525146484,86.440673828125,13.545429229736328,2
13:15:26.796,6.1626081466674805,648.4057006835938,42.52737045288086,83.87052154541016,16.11558723449707,24.97916030883789,2
13:15:26.796,4.506560802459717,643.28759765625,42.618526458740234,36.92692565917969,13.864962577819824,86.12113952636719,2
13:15:26.796,2.861818313598633,637.3310546875,42.75239562988281,14.05946159362793,85.92664337158203,65.47651672363281,2
13:15:26.796,1.275924563407898,651.4083251953125,41.883384704589844,68.25507354736328,84.70408630371094,15.282022476196289,2
13:15:26.796,5.96982479095459,642.36767578125,42.166324615478516,85.70436096191406,14.281744956970215,36.787994384765625,2
13:15:26.796,4.297515869140625,641.203369140625,42.057525634765625,24.5623779296875,16.65740394592285,83.32869720458984,2
13:15:26.796,2.6767895221710205,638.8230590820312,42.00701141357422,13.670463562011719,86.31564331054688,53.69546890258789,2
13:15:26.796,0.9285618662834167,646.2644653320312,41.46767807006836,82.99527740478516,74.49291229248047,16.99083137512207,2
13:15:26.912,5.651908874511719,636.7704467773438,41.77006912231445,85.95443725585938,14.031675338745117,56.724090576171875,2
13:15:26.912,3.95847749710083,634.933349609375,41.690425872802734,15.434843063354492,31.91164207458496,84.55126190185547,2
13:15:26.912,2.3121209144592285,632.385498046875,41.645347595214844,15.601555824279785,84.38455200195312,31.189218521118164,2
13:15:26.912,0.5373672246932983,623.5779418945312,41.91495132446289,86.28785705566406,50.861351013183594,13.698249816894531,2
13:15:26.912,5.137844085693359,625.9536743164062,41.62354278564453,75.75714874267578,17.15754508972168,82.82855987548828,2
13:15:26.912,3.411146879196167,629.828857421875,41.257102966308594,15.40705680847168,65.54598236083984,84.57904815673828,2
13:15:26.912,1.7072550058364868,630.77392578125,41.037078857421875,41.62267303466797,85.2042236328125,14.781883239746094,2
13:15:26.912,6.224192142486572,626.7007446289062,41.07018280029297,81.78660583496094,18.199501037597656,22.395111083984375,2
13:15:26.912,4.456923007965088,621.50146484375,41.15719985961914,34.39844512939453,15.50430679321289,84.48179626464844,2
13:15:26.912,2.6762235164642334,617.079345703125,41.20438766479492,14.365100860595703,85.62100219726562,53.58433151245117,2
13:15:26.912,0.8114086985588074,608.3753051757812,41.46794891357422,84.42623138427734,67.64379119873047,15.559877395629883,2
13:15:26.912,5.432044506072998,622.1475219726562,40.600364685058594,83.28702545166016,16.69908332824707,69.58877563476562,2
13:15:27.030,3.631639003753662,619.9398803710938,40.53453063964844,14.906919479370117,52.02833938598633,85.07918548583984,2
13:15:27.030,1.911130428314209,630.0626831054688,39.84992599487305,30.036121368408203,82.5229263305664,17.463184356689453,2
13:15:27.030,0.07253286987543106,619.6939697265625,40.188106536865234,81.31425476074219,23.714920043945312,18.67185401916504,2
13:15:27.031,4.523174285888672,613.004150390625,40.34257507324219,38.60794448852539,15.68491268157959,84.30120086669922,2
13:15:27.031,2.7193944454193115,612.6788330078125,40.177207946777344,15.3792724609375,84.6068344116211,56.098915100097656,2
13:15:27.031,0.818528413772583,601.9711303710938,40.53273010253906,83.57877349853516,67.67156982421875,16.40733528137207,2
13:15:27.031,5.342757225036621,612.7792358398438,39.809242248535156,81.52264404296875,18.463462829589844,74.17337799072266,2
13:15:27.031,3.5000481605529785,610.9107666015625,39.720218658447266,16.060016632080078,59.79439163208008,83.92608642578125,2
13:15:27.031,1.7042319774627686,619.8596801757812,39.089603424072266,42.19227600097656,83.55098724365234,16.435121536254883,2
13:15:27.031,6.088045597076416,609.2357788085938,39.436275482177734,82.31452941894531,17.67157554626465,30.911365509033203,2
13:15:27.031,4.166370391845703,606.3382568359375,39.39701461791992,20.07501983642578,21.60322380065918,79.91108703613281,2
13:15:27.031,2.3162999153137207,602.32177734375,39.412353515625,17.407611846923828,82.5784912109375,32.42567443847656,2
13:15:27.149,0.37177810072898865,593.9962768554688,39.643001556396484,83.92608642578125,40.99749755859375,16.060016632080078,2
13:15:27.149,4.740200042724609,600.4205322265625,39.13602828979492,51.62545394897461,16.11558723449707,83.87052154541016,2
13:15:27.149,2.7984025478363037,598.0457763671875,39.068359375,16.712974548339844,83.27313232421875,60.5029182434082,2
13:15:27.149,0.8057597279548645,590.1696166992188,39.276588439941406,82.66184997558594,66.39344024658203,17.324256896972656,2
13:15:27.149,5.177211761474609,592.1625366210938,38.99038314819336,76.21561431884766,19.811058044433594,80.175048828125,2
13:15:27.149,3.21726131439209,594.1060180664062,38.70779037475586,19.783273696899414,75.1458740234375,80.20283508300781,2
13:15:27.149,1.247827172279358,601.2034301757812,38.16783142089844,68.15782165527344,81.342041015625,18.644067764282227,2
13:15:27.149,5.561301231384277,591.2022094726562,38.47966384887695,82.66184997558594,17.324256896972656,61.3642692565918,2
13:15:27.149,3.57236647605896,592.0211791992188,38.25018310546875,17.004724502563477,55.307029724121094,82.98138427734375,2
13:15:27.149,1.5918463468551636,595.97802734375,37.86362838745117,48.79133224487305,82.77299499511719,17.213115692138672,2
13:15:27.149,5.85757303237915,591.7225341796875,37.887290954589844,82.64795684814453,17.338150024414062,44.42900848388672,2
13:15:27.149,3.810551643371582,589.6605224609375,37.79829788208008,17.60211181640625,41.77549362182617,82.38399505615234,2
13:15:27.266,1.7974172830581665,589.5073852539062,37.61450958251953,37.315921783447266,81.73104095458984,18.25507164001465,2
13:15:27.266,6.052481174468994,585.7958374023438,37.6083984375,81.17532348632812,18.810779571533203,33.70380783081055,2
13:15:27.266,3.975743532180786,582.3649291992188,37.58845901489258,18.99138641357422,32.75910186767578,80.99472045898438,2
13:15:27.266,1.9698147773742676,590.3048706054688,36.99873352050781,28.424560546875,79.5220947265625,20.464017868041992,2
13:15:27.266,6.157670497894287,580.7164916992188,37.283206939697266,79.75827026367188,20.227840423583984,28.313419342041016,2
13:15:27.266,4.079428672790527,580.4232177734375,37.10263442993164,20.575159072875977,27.59099578857422,79.41094970703125,2
13:15:27.266,2.030538320541382,584.505859375,36.70310592651367,25.56265640258789,78.48013305664062,21.50597381591797,2
13:15:27.266,6.194313049316406,578.8500366210938,36.790401458740234,78.89691925048828,21.089191436767578,26.757434844970703,2
13:15:27.266,4.071869850158691,576.1036376953125,36.730224609375,20.783550262451172,28.20227813720703,79.20256042480469,2
13:15:27.266,2.003077983856201,582.5634155273438,36.20933151245117,27.24367904663086,78.46623992919922,21.519866943359375,2
13:15:27.266,6.122736930847168,574.6866455078125,36.404876708984375,79.46651458740234,20.519588470458984,30.59183120727539,2
13:15:27.381,3.8949625492095947,565.5390014648438,36.66542053222656,19.074743270874023,37.4687385559082,80.91136169433594,2
13:15:27.381,1.7918952703475952,576.4137573242188,35.92518997192383,38.17727279663086,80.34175872802734,19.644346237182617,2
13:15:27.381,5.879659652709961,567.324462890625,36.18088912963867,81.10586547851562,18.880245208740234,43.49819564819336,2
13:15:27.381,3.6534740924835205,563.5083618164062,36.17560577392578,18.67185401916504,50.62517547607422,81.31425476074219,2
13:15:27.381,1.450852870941162,567.7667236328125,35.766910552978516,56.41844940185547,80.7446517944336,19.241456985473633,2
13:15:27.381,5.514866828918457,557.1507568359375,36.09883117675781,80.32786560058594,19.65823745727539,63.1147575378418,2
13:15:27.381,3.251096248626709,556.044189453125,35.95758056640625,21.478187561035156,71.70046997070312,78.50791931152344,2
13:15:27.381,0.992160975933075,566.48828125,35.23883819580078,77.21588897705078,73.86773681640625,22.770214080810547,2
13:15:27.381,5.073917388916016,554.008056640625,35.660804748535156,68.90802764892578,21.103084564208984,78.88301849365234,2
13:15:27.381,2.801525831222534,551.2437744140625,35.59837341308594,19.686023712158203,80.30007934570312,59.73881530761719,2
13:15:27.381,0.516028106212616,543.8251953125,35.768463134765625,80.96693420410156,49.58321762084961,19.0191707611084,2
13:15:27.381,4.564854621887207,550.2230834960938,35.24543762207031,42.220062255859375,19.797164916992188,80.1889419555664,2
13:15:27.498,2.30316424369812,546.6135864257812,35.2240104675293,20.991941452026367,78.9941635131836,33.634342193603516,2
13:15:27.498,0.05077217146754265,552.4560546875,34.729373931884766,76.77132415771484,26.27118492126465,23.214780807495117,2
13:15:27.498,3.9643898010253906,546.3758544921875,34.831565856933594,21.17254638671875,34.59294128417969,78.81356048583984,2
13:15:27.498,1.6778464317321777,552.0068359375,34.34784698486328,44.484580993652344,79.56376647949219,20.422340393066406,2
13:15:27.498,5.6036224365234375,544.0365600585938,34.54212188720703,79.54987335205078,20.43623161315918,58.04390335083008,2
13:15:27.498,3.2369322776794434,541.5509033203125,34.462310791015625,22.839677810668945,71.46429443359375,77.14643096923828,2
13:15:27.498,0.8379719853401184,532.7024536132812,34.701515197753906,78.57738494873047,66.08779907226562,21.40872573852539,2
13:15:27.498,4.804111480712891,537.3282470703125,34.26518249511719,54.69574737548828,20.450124740600586,79.5359878540039,2
13:15:27.498,2.439138174057007,533.2329711914062,34.26409912109375,20.797443389892578,79.18865966796875,40.84468078613281,2
13:15:27.498,0.06261205673217773,537.2474975585938,33.858219146728516,76.25729370117188,27.396499633789062,23.72881317138672,2
13:15:27.498,3.908759832382202,532.4843139648438,33.889495849609375,21.50597381591797,37.732704162597656,78.48013305664062,2
13:15:27.498,1.515799641609192,537.4462890625,33.435855865478516,52.75076675415039,78.91081237792969,21.075300216674805,2
13:15:27.615,5.314090251922607,532.5467529296875,33.4766960144043,76.16004180908203,23.82606315612793,71.63101196289062,2
13:15:27.615,2.845405101776123,526.333984375,33.58017349243164,21.658794403076172,78.32731628417969,61.35037612915039,2
13:15:27.615,0.3850212097167969,519.5099487304688,33.713748931884766,78.91081237792969,43.01194763183594,21.075300216674805,2
13:15:27.615,4.2213640213012695,525.5025634765625,33.208892822265625,26.507362365722656,24.6318416595459,75.35426330566406,2
13:15:27.615,1.7530786991119385,529.3284912109375,32.8122444152832,41.06696319580078,77.93831634521484,22.04779052734375,2
13:15:27.615,5.5076751708984375,519.9607543945312,33.0726203918457,77.72991943359375,22.256181716918945,62.36454772949219,2
13:15:27.615,2.940577268600464,514.6300048828125,33.132694244384766,22.784107208251953,77.20199584960938,65.75437927246094,2
13:15:27.615,0.4055625796318054,510.349365234375,33.14024353027344,78.49402618408203,44.13726043701172,21.492080688476562,2
13:15:27.615,4.222976207733154,513.5597534179688,32.769309997558594,26.88246726989746,24.95137596130371,75.03472900390625,2
13:15:27.615,1.6815006732940674,520.736083984375,32.20378112792969,44.65129089355469,77.71603393554688,22.27007484436035,2
13:15:27.615,5.376963138580322,515.2388305664062,32.26982879638672,75.92386627197266,24.062240600585938,68.0605697631836,2
13:15:27.741,2.7860641479492188,509.302734375,32.35639572143555,22.367324829101562,77.61878204345703,58.113365173339844,2
13:15:27.741,0.20248189568519592,502.7451477050781,32.47450637817383,76.674072265625,34.6207275390625,23.312030792236328,2
13:15:27.741,3.885741710662842,506.7792663574219,32.06446838378906,22.895248413085938,39.469295501708984,77.09085845947266,2
13:15:27.741,1.274071216583252,508.48675537109375,31.770204544067383,63.9205322265625,76.2989730834961,23.6871337890625,2
13:15:27.741,4.951669692993164,504.5130920410156,31.759361267089844,61.28091049194336,23.27035140991211,76.71575927734375,2
13:15:27.741,2.3262827396392822,498.1698913574219,31.866165161132812,23.562101364135742,76.42401123046875,36.24618148803711,2
13:15:27.741,5.942933559417725,501.3733825683594,31.495264053344727,76.81300354003906,23.17310333251953,41.386497497558594,2
13:15:27.741,3.2675745487213135,497.08489990234375,31.498266220092773,24.840232849121094,68.28285217285156,75.1458740234375,2
13:15:27.741,0.5322970747947693,489.041259765625,31.690805435180664,77.43817901611328,50.40289306640625,22.547929763793945,2
13:15:27.741,4.182053565979004,495.1963806152344,31.1705379486084,26.521257400512695,26.88246726989746,73.46485137939453,2
13:15:27.741,1.5161200761795044,499.40191650390625,30.748985290527344,52.51458740234375,76.57682800292969,23.40928077697754,2
13:15:27.741,5.0783915519714355,491.5902404785156,30.926372528076172,66.60183715820312,24.97916030883789,75.00694274902344,2
13:15:27.877,2.354508399963379,488.7718811035156,30.855714797973633,24.187274932861328,75.79883575439453,37.94109344482422,2
13:15:27.877,5.9215497970581055,490.8185119628906,30.540321350097656,76.09058380126953,23.895526885986328,42.60905838012695,2
13:15:27.877,3.116464376449585,484.6252136230469,30.637306213378906,26.68796730041504,73.29814147949219,71.96443939208984,2
13:15:27.877,0.30036461353302,474.77386474609375,30.919586181640625,76.10447692871094,39.71936798095703,23.881633758544922,2
13:15:27.877,3.833379030227661,482.4441833496094,30.32368278503418,24.103918075561523,42.37288284301758,75.88218688964844,2
13:15:27.877,0.9752498269081116,482.00482177734375,30.134113311767578,73.47874450683594,69.72769927978516,26.507362365722656,2
13:15:27.877,4.4792256355285645,475.0533142089844,30.26996421813965,39.4970817565918,24.4929141998291,75.49319458007812,2
13:15:27.877,1.7084808349609375,481.0054626464844,29.760299682617188,43.859405517578125,75.52098083496094,24.46512794494629,2
13:15:27.877,5.117730617523193,474.2018127441406,29.88791275024414,67.67156982421875,26.20172119140625,73.78438568115234,2
13:15:27.877,2.2908999919891357,467.9928894042969,29.98518180847168,25.395944595336914,74.59016418457031,35.53764724731445,2
13:15:27.877,5.693563461303711,470.6998596191406,29.63763999938965,75.60433959960938,24.381772994995117,52.93136978149414,2
13:15:27.877,2.795553207397461,467.5679016113281,29.580322265625,24.7846622467041,75.20144653320312,57.835506439208984,2
13:15:27.877,6.24349308013916,469.83062744140625,29.252073287963867,72.42289733886719,27.56321144104004,29.577659606933594,2
13:15:27.995,3.2770607471466064,463.7339782714844,29.344247817993164,26.46568489074707,66.65740966796875,73.52042388916016,2
13:15:27.995,0.34377747774124146,456.6639404296875,29.484458923339844,75.11808776855469,42.08113098144531,24.868019104003906,2
13:15:27.995,3.751735210418701,462.8536071777344,28.959369659423828,25.006946563720703,46.23506546020508,74.97916412353516,2
13:15:27.995,0.7314366698265076,454.50274658203125,29.16476821899414,74.70130157470703,59.016395568847656,25.284799575805664,2
13:15:27.995,4.121112823486328,458.44000244140625,28.753498077392578,27.632675170898438,31.00861358642578,72.35343170166016,2
13:15:27.995,1.1267975568771362,460.2169494628906,28.45073699951172,68.32453918457031,72.2422866821289,27.743816375732422,2
13:15:27.995,4.462446212768555,456.0278015136719,28.444547653198242,39.44150924682617,26.118364334106445,73.86773681640625,2
13:15:27.995,1.441451907157898,455.85919189453125,28.240184783935547,55.4598503112793,74.24285125732422,25.743261337280273,2
13:15:27.995,4.735831260681152,451.96514892578125,28.21890640258789,50.986385345458984,25.56265640258789,74.42344665527344,2
13:15:27.995,1.686341404914856,450.308837890625,28.088788986206055,45.13753890991211,74.15949249267578,25.826618194580078,2
13:15:27.995,4.8963623046875,442.9969177246094,28.23959732055664,57.73826217651367,25.9516544342041,74.03445434570312,2
13:15:27.995,1.9031609296798706,449.18499755859375,27.716398239135742,36.42678451538086,72.68685913085938,27.29924964904785,2
13:15:27.995,5.0863165855407715,442.1020202636719,27.854585647583008,65.25423431396484,27.53542709350586,72.45067596435547,2
13:15:27.996,2.028639793395996,445.0639953613281,27.49311637878418,31.758821487426758,71.35315704345703,28.632953643798828,2
13:15:28.109,5.176174163818359,438.4993591308594,27.606159210205078,68.51903533935547,28.60516929626465,71.38093566894531,2
13:15:28.109,2.104858160018921,442.1529541015625,27.208492279052734,29.46651840209961,70.51959228515625,29.9527645111084,2
13:15:28.109,5.199277400970459,436.7710876464844,27.262096405029297,69.13031005859375,29.133092880249023,70.85301208496094,2
13:15:28.109,2.1100809574127197,437.146484375,27.027921676635742,29.535982131958008,70.45012664794922,30.27229881286621,2
13:15:28.109,5.170001029968262,428.916259765625,27.22521209716797,68.03279113769531,28.84134292602539,71.14476013183594,2
13:15:28.109,2.0525970458984375,433.9576110839844,26.758773803710938,31.397611618041992,70.53348541259766,29.452625274658203,2
13:15:28.110,5.101883888244629,426.2715148925781,26.927419662475586,65.32369995117188,28.424560546875,71.5615463256836,2
13:15:28.110,1.9095544815063477,426.3652648925781,26.70866584777832,36.67685317993164,71.81161499023438,28.17449188232422,2
13:15:28.110,4.954105377197266,420.9654541015625,26.76364517211914,59.59988784790039,27.49374771118164,72.49236297607422,2
13:15:28.110,1.7776219844818115,425.84490966796875,26.305221557617188,41.886634826660156,72.28396606445312,27.70214080810547,2
13:15:28.110,4.812084197998047,419.92657470703125,26.383140563964844,53.93164825439453,27.257570266723633,72.7285385131836,2
13:15:28.220,1.5930088758468628,423.17584228515625,26.005592346191406,49.124755859375,72.5062484741211,27.479854583740234,2
13:15:28.220,4.556369304656982,416.0932922363281,26.178586959838867,43.88719177246094,27.59099578857422,72.39511108398438,2
13:15:28.220,1.2652020454406738,418.6485595703125,25.937698364257812,61.69769287109375,71.40872192382812,28.577381134033203,2
13:15:28.220,4.277743816375732,410.9577941894531,26.20753288269043,33.43984603881836,29.410945892333984,70.57515716552734,2
13:15:28.220,0.8845239281654358,405.26617431640625,26.382837295532227,71.36705017089844,63.96220779418945,28.619060516357422,2
13:15:28.220,3.910187005996704,407.5552978515625,26.15865707397461,28.02167320251465,40.469573974609375,71.96443939208984,2
13:15:28.220,0.535533607006073,401.6219787597656,26.34821891784668,72.8118896484375,50.45846176147461,27.174217224121094,2
13:15:28.220,3.5559606552124023,407.4117736816406,25.950817108154297,27.646568298339844,54.23728942871094,72.33953857421875,2
13:15:28.220,0.2085908055305481,401.9258728027344,26.118934631347656,71.50597381591797,37.85773849487305,28.480133056640625,2
13:15:28.220,3.139543294906616,404.8190002441406,25.870222091674805,30.564044952392578,69.42205810546875,69.32481384277344,2
13:15:28.220,6.130368232727051,404.9721374511719,25.75840950012207,70.7835464477539,29.202556610107422,35.99610900878906,2
13:15:28.220,2.736218214035034,400.10540771484375,25.899211883544922,27.716032028198242,72.27008056640625,54.570716857910156,2
13:15:28.336,5.6875739097595215,400.7476501464844,25.76504898071289,72.2422866821289,27.743816375732422,52.77854919433594,2
13:15:28.337,2.3197903633117676,397.9148864746094,25.806262969970703,28.632953643798828,71.35315704345703,38.62184143066406,2
13:15:28.337,5.25526237487793,400.448486328125,25.5790958404541,69.38038635253906,30.605724334716797,68.53292846679688,2
13:15:28.337,1.868251919746399,400.5684814453125,25.474334716796875,38.788551330566406,71.08918762207031,28.896915435791016,2
13:15:28.337,4.718108654022217,395.8251953125,25.614360809326172,50.20838928222656,27.813282012939453,72.1728286743164,2
13:15:28.337,1.3425216674804688,399.5743408203125,25.331254959106445,58.585716247558594,71.36705017089844,28.619060516357422,2
13:15:28.337,4.222729682922363,395.7303771972656,25.42696762084961,32.05057144165039,30.564044952392578,69.42205810546875,2
13:15:28.337,0.7527481317520142,389.75830078125,25.631013870239258,71.60321807861328,58.724647521972656,28.382884979248047,2
13:15:28.337,3.6766066551208496,393.6868591308594,25.33956527709961,28.049457550048828,49.5554313659668,71.9366455078125,2
13:15:28.337,0.23464711010456085,387.6886901855469,25.546173095703125,71.20033264160156,39.080299377441406,28.78577423095703,2
13:15:28.337,3.1080925464630127,391.775390625,25.24893569946289,30.702972412109375,69.28313446044922,67.82439422607422,2
13:15:28.470,5.987618446350098,392.9241638183594,25.099740982055664,71.17254638671875,28.81355857849121,41.48374557495117,2
13:15:28.470,2.5138323307037354,388.5494689941406,25.22759246826172,28.257850646972656,71.72825622558594,46.05445861816406,2
13:15:28.470,5.364557266235352,391.4541931152344,24.993528366088867,69.97777557373047,30.008337020874023,64.42066955566406,2
13:15:28.470,1.9713191986083984,394.57049560546875,24.747617721557617,35.52375793457031,69.72769927978516,30.258405685424805,2
13:15:28.470,4.7354021072387695,388.3030700683594,24.971969604492188,50.861351013183594,28.36899185180664,71.61711120605469,2
13:15:28.470,1.268748164176941,388.5768737792969,24.870485305786133,61.08641052246094,70.56126403808594,29.424840927124023,2
13:15:28.470,4.098778247833252,387.55792236328125,24.834915161132812,30.480688095092773,34.342872619628906,69.50541687011719,2
13:15:28.470,0.5869871377944946,382.48388671875,25.002466201782227,71.60321807861328,52.37566375732422,28.382884979248047,2
13:15:28.470,3.4329802989959717,386.40045166015625,24.720685958862305,29.160877227783203,58.530147552490234,70.82523345947266,2
13:15:28.470,6.240086555480957,383.66741943359375,24.77168083190918,69.01917266845703,30.966934204101562,32.81467056274414,2
13:15:28.470,2.7249226570129395,381.7021789550781,24.78582191467285,28.646846771240234,71.33926391601562,53.959434509277344,2
13:15:28.607,5.577242374420166,384.4861145019531,24.562414169311523,70.90858459472656,29.0775203704834,56.66851806640625,2
13:15:28.607,2.1122841835021973,386.9316101074219,24.356874465942383,31.536537170410156,68.44956970214844,32.30064010620117,2
13:15:28.607,4.837687969207764,380.92218017578125,24.575180053710938,54.5984992980957,28.88302230834961,71.10308074951172,2
13:15:28.607,1.3025895357131958,381.9508056640625,24.443763732910156,59.71103286743164,70.408447265625,29.577659606933594,2
13:15:28.607,4.0798163414001465,379.3276062011719,24.494998931884766,30.577939987182617,35.190330505371094,69.40816497802734,2
13:15:28.607,0.4834405779838562,373.0909729003906,24.72883415222168,71.39482879638672,48.49958419799805,28.59127426147461,2
13:15:28.607,3.2859578132629395,378.08245849609375,24.400388717651367,30.36954689025879,63.54542922973633,69.61656188964844,2
13:15:28.607,6.042134761810303,376.8997802734375,24.38207244873047,70.26951599121094,29.71658706665039,39.8027229309082,2
13:15:28.607,2.4816017150878906,373.8330993652344,24.459335327148438,29.008058547973633,70.9780502319336,44.99861145019531,2
13:15:28.607,5.214384078979492,376.89849853515625,24.231218338012695,67.4770736694336,31.59210968017578,68.39399719238281,2
13:15:28.607,1.7223057746887207,377.8504943847656,24.108036041259766,44.5401496887207,70.63072967529297,29.355377197265625,2
13:15:28.607,4.413726329803467,375.50335693359375,24.151641845703125,39.33036804199219,30.008337020874023,69.97777557373047,2
13:15:28.607,0.7766053080558777,368.3393859863281,24.437381744384766,70.4779052734375,59.16921615600586,29.508197784423828,2
13:15:28.607,3.5497121810913086,372.3143615722656,24.16571617126465,29.202556610107422,54.167823791503906,70.7835464477539,2
13:15:28.747,0.010702308267354965,372.93505859375,24.061595916748047,68.14392852783203,32.286746978759766,31.842178344726562,2
13:15:28.747,2.658696174621582,369.43707275390625,24.166627883911133,29.0775203704834,70.90858459472656,51.472633361816406,2
13:15:28.747,5.372297286987305,370.3718566894531,24.049938201904297,69.28313446044922,30.702972412109375,63.614891052246094,2
13:15:28.747,1.8240097761154175,373.4050598144531,23.82908821105957,41.03917694091797,69.97777557373047,30.008337020874023,2
13:15:28.747,4.456153869628906,368.8689270019531,23.987058639526367,40.87246322631836,29.89719581604004,70.08891296386719,2
13:15:28.747,0.8070158362388611,363.91119384765625,24.167633056640625,70.08891296386719,60.127811431884766,29.89719581604004,2
13:15:28.747,3.528059720993042,368.0263977050781,23.893617630004883,29.49430274963379,54.89024353027344,70.49180603027344,2
13:15:28.747,6.238527774810791,367.5998840332031,23.84654998779297,68.32453918457031,31.66157341003418,33.509307861328125,2
13:15:28.747,2.587559223175049,365.73284912109375,23.874408721923828,29.327592849731445,70.65851593017578,48.90247344970703,2
13:15:28.747,5.260793209075928,367.2386474609375,23.733474731445312,68.04667663574219,31.939428329467773,67.01861572265625,2
13:15:28.747,1.6610102653503418,368.41748046875,23.609697341918945,46.804664611816406,70.35287475585938,29.633230209350586,2
13:15:28.747,4.262890815734863,364.4674377441406,23.7431583404541,34.52347946166992,31.467073440551758,68.51903533935547,2
13:15:28.747,0.5798021554946899,358.82025146484375,23.961837768554688,70.7140884399414,52.01444625854492,29.27202033996582,2
13:15:28.895,3.2957143783569336,364.2090148925781,23.627111434936523,30.911365509033203,62.795223236083984,69.07474517822266,2
13:15:28.895,5.974689960479736,364.6960144042969,23.538700103759766,69.90830993652344,30.077800750732422,42.45623779296875,2
13:15:28.895,2.288888931274414,359.7393798828125,23.724746704101562,30.550151824951172,69.43595123291016,38.496803283691406,2
13:15:28.895,4.936700344085693,361.4219665527344,23.579050064086914,57.86329650878906,30.077800750732422,69.90830993652344,2
13:15:28.895,1.3173906803131104,364.64581298828125,23.355709075927734,58.780216217041016,69.57488250732422,30.411226272583008,2
13:15:28.895,3.9575300216674805,362.3959045410156,23.405838012695312,30.577939987182617,39.872188568115234,69.40816497802734,2
13:15:28.895,0.2641775906085968,357.2144470214844,23.603981018066406,69.75548553466797,40.91414260864258,30.230621337890625,2
13:15:28.896,2.8787875175476074,357.7793273925781,23.515380859375,30.313974380493164,69.67213439941406,59.08585739135742,2
13:15:28.896,5.555698394775391,360.0660095214844,23.341083526611328,69.78327178955078,30.20283317565918,57.08530044555664,2
13:15:28.896,1.9093992710113525,362.2120361328125,23.17496681213379,38.44123458862305,68.92192077636719,31.064186096191406,2
13:15:28.896,4.487255573272705,357.38720703125,23.357208251953125,42.178382873535156,30.27229881286621,69.71380615234375,2
13:15:28.896,0.7322637438774109,352.7879333496094,23.530868530273438,69.93608856201172,57.30758285522461,30.050012588500977,2
13:15:28.896,3.373178005218506,355.6878967285156,23.32940101623535,30.647403717041016,60.072242736816406,69.33869934082031,2
13:15:28.896,5.998133659362793,356.6724548339844,23.224143981933594,69.533203125,30.452903747558594,41.761600494384766,2
13:15:29.039,2.299311399459839,354.1173095703125,23.296401977539062,30.8280086517334,69.1581039428711,39.03862380981445,2
13:15:29.039,4.870150566101074,354.6433410644531,23.215293884277344,55.4598503112793,30.13336944580078,69.85273742675781,2
13:15:29.039,1.1730812788009644,356.30645751953125,23.078073501586914,63.40650177001953,68.42178344726562,31.564321517944336,2
13:15:29.039,3.739497423171997,353.2842102050781,23.17551040649414,29.980548858642578,47.41594696044922,70.00556182861328,2
13:15:29.039,0.084050253033638,350.5294494628906,23.25921058654785,68.22728729248047,35.14865493774414,31.758821487426758,2
13:15:29.039,2.5951995849609375,350.2037658691406,23.223079681396484,29.88330078125,70.1028060913086,49.19422149658203,2
13:15:29.039,5.204811096191406,353.1662902832031,23.02306365966797,66.323974609375,32.42567443847656,67.56043243408203,2
13:15:29.039,1.4593040943145752,354.1473388671875,22.924406051635742,53.82050323486328,69.72769927978516,30.258405685424805,2
13:15:29.039,4.009151458740234,351.1600036621094,23.022464752197266,31.21700668334961,38.3439826965332,68.76910400390625,2
13:15:29.039,0.24189212918281555,346.33245849609375,23.213092803955078,69.29702758789062,40.31675338745117,30.6890811920166,2
13:15:29.039,2.8315179347991943,349.8946838378906,22.985389709472656,30.5362606048584,69.44984436035156,57.29369354248047,2
13:15:29.039,5.359580039978027,349.8067321777344,22.941377639770508,68.29674530029297,31.68935775756836,63.392608642578125,2
13:15:29.039,1.6603070497512817,351.7712707519531,22.794696807861328,46.92970275878906,69.65824127197266,30.327869415283203,2
13:15:29.039,4.1560773849487305,347.7426452636719,22.94759178161621,32.46735382080078,33.77326965332031,67.51875305175781,2
13:15:29.039,0.38534635305404663,343.9715270996094,23.08815574645996,69.79716491699219,45.22089385986328,30.188941955566406,2
13:15:29.191,2.912824869155884,345.2458190917969,22.97724151611328,30.95304298400879,69.03306579589844,60.00278091430664,2
13:15:29.191,5.489655494689941,347.8314514160156,22.800718307495117,69.01917266845703,30.966934204101562,59.1136474609375,2
13:15:29.191,1.761932611465454,350.22882080078125,22.63448715209961,43.53987121582031,69.241455078125,30.744651794433594,2
13:15:29.191,4.2525715827941895,345.8851318359375,22.804655075073242,34.815223693847656,32.30064010620117,67.68547058105469,2
13:15:29.191,0.44279977679252625,341.67584228515625,22.969249725341797,69.824951171875,47.207557678222656,30.161157608032227,2
13:15:29.191,2.9859890937805176,344.51776123046875,22.78151512145996,31.578216552734375,68.40789031982422,62.281192779541016,2
13:15:29.192,5.5209269523620605,346.319091796875,22.64752197265625,69.04695892333984,30.939149856567383,58.03001022338867,2
13:15:29.192,1.7844328880310059,348.2449035644531,22.506372451782227,42.83134460449219,69.04695892333984,30.939149856567383,2
13:15:29.192,4.248684883117676,344.61602783203125,22.64319610595703,34.801334381103516,32.453460693359375,67.53264617919922,2
13:15:29.192,0.4529637396335602,340.7840576171875,22.789997100830078,69.68602752685547,47.58266067504883,30.30008316040039,2
13:15:29.192,2.952864170074463,341.66119384765625,22.703763961791992,31.425395965576172,68.56071472167969,61.18366241455078,2
13:15:29.192,5.515561580657959,345.7840270996094,22.453506469726562,68.8663558959961,31.119754791259766,58.12725830078125,2
13:15:29.192,1.76897394657135,346.1331481933594,22.391801834106445,43.38705062866211,69.00527954101562,30.9808292388916,2
13:15:29.192,4.258411884307861,343.7888488769531,22.46513557434082,35.218116760253906,32.509029388427734,67.4770736694336,2
13:15:29.192,0.4293813109397888,340.04681396484375,22.610031127929688,69.49152374267578,46.804664611816406,30.494583129882812,2
13:15:29.357,2.9132909774780273,339.7813415527344,22.580554962158203,31.286468505859375,68.69963836669922,59.84996032714844,2
13:15:29.357,5.464015483856201,342.31304931640625,22.411893844604492,68.56071472167969,31.425395965576172,59.780494689941406,2
13:15:29.357,1.686794400215149,344.4176940917969,22.26556396484375,46.12392044067383,69.14421081542969,30.841901779174805,2
13:15:29.357,4.14867639541626,340.96453857421875,22.3966121673584,32.81467056274414,34.37065887451172,67.17144012451172,2
13:15:29.357,0.2978542745113373,336.134765625,22.59807777404785,69.06085205078125,42.400665283203125,30.925256729125977,2
13:15:29.357,2.7832064628601074,337.8853454589844,22.471521377563477,30.80022430419922,69.18588256835938,55.543209075927734,2
13:15:29.357,5.267764091491699,339.8454895019531,22.335308074951172,67.04640197753906,32.93970489501953,65.80994415283203,2
13:15:29.357,1.4980052709579468,342.6785888671875,22.15510368347168,52.4034423828125,69.13031005859375,30.855792999267578,2
13:15:29.357,3.928976535797119,338.98760986328125,22.300559997558594,31.342039108276367,41.27535629272461,68.64407348632812,2
13:15:29.357,0.11115425825119019,335.9908142089844,22.4119930267334,67.7688217163086,36.52403259277344,32.217281341552734,2
13:15:29.357,2.5614335536956787,335.71807861328125,22.3880558013916,30.633508682250977,69.35260009765625,48.0966911315918,2
13:15:29.357,5.0337395668029785,336.7231750488281,22.301021575927734,60.55848693847656,31.66157341003418,68.32453918457031,2
13:15:29.357,1.2225401401519775,339.25244140625,22.13725471496582,61.32258605957031,68.0188980102539,31.967214584350586,2
13:15:29.357,3.6596572399139404,335.8394470214844,22.27129364013672,30.702972412109375,50.180606842041016,69.28313446044922,2
13:15:29.358,6.114678859710693,335.29412841796875,22.262226104736328,68.074462890625,31.91164207458496,38.38566207885742,2
13:15:29.518,2.2861008644104004,333.8949890136719,22.297039031982422,31.731037139892578,68.25507354736328,39.09419250488281,2
13:15:29.518,4.73310661315918,336.54156494140625,22.129695892333984,50.68074417114258,30.8280086517334,69.1581039428711,2
13:15:29.518,0.8053165078163147,330.5412902832031,22.396230697631836,68.63018035888672,59.33592987060547,31.355932235717773,2
13:15:29.518,3.2950682640075684,332.9261779785156,22.242399215698242,32.036678314208984,62.05890655517578,67.94943237304688,2
13:15:29.518,5.737557888031006,334.0303955078125,22.15436553955078,69.1719970703125,30.81411361694336,50.72241973876953,2
13:15:29.518,1.9363378286361694,336.6832580566406,21.988004684448242,38.20505905151367,67.78271484375,32.203392028808594,2
13:15:29.518,4.315272331237793,333.3282775878906,22.122493743896484,37.16310119628906,32.32842254638672,67.65768432617188,2
13:15:29.518,0.41206094622612,328.97064208984375,22.3079776763916,69.18588256835938,46.26285171508789,30.80022430419922,2
13:15:29.518,2.866941213607788,331.1149597167969,22.16798210144043,31.383716583251953,68.60238647460938,58.182830810546875,2
13:15:29.518,5.324172496795654,333.54315185546875,22.014301300048828,67.28257751464844,32.703529357910156,63.9205322265625,2
13:15:29.518,1.476657748222351,334.630859375,21.928205490112305,53.084190368652344,68.89413452148438,31.091970443725586,2
13:15:29.518,3.8766396045684814,331.7569580078125,22.039270401000977,31.328147888183594,43.053627014160156,68.657958984375,2
13:15:29.518,0.042632684111595154,332.42535400390625,21.9739990234375,66.86579895019531,34.74576187133789,33.12031173706055,2
13:15:29.518,2.4373481273651123,330.8784484863281,22.01999855041504,31.23089599609375,68.75521087646484,44.05390167236328,2
13:15:29.518,4.832457065582275,330.0837707519531,22.030170440673828,53.94554138183594,31.050291061401367,68.9358139038086,2
13:15:29.518,0.9048035144805908,326.8470458984375,22.161840438842773,67.81050872802734,62.36454772949219,32.175601959228516,2
13:15:29.688,3.3861494064331055,330.4200134277344,21.95060157775879,31.71714210510254,59.05807113647461,68.26895904541016,2
13:15:29.688,5.835165023803711,331.9505310058594,21.842910766601562,68.85246276855469,31.133647918701172,47.51319885253906,2
13:15:29.688,1.945923089981079,330.7497253417969,21.873172760009766,37.96887969970703,67.61600494384766,32.37010192871094,2
13:15:29.688,4.343986511230469,328.6061706542969,21.95060157775879,38.13559341430664,32.25896072387695,67.7271499633789,2
13:15:29.688,0.4441487789154053,327.881591796875,21.956987380981445,68.94970703125,47.374267578125,31.03639793395996,2
13:15:29.688,2.887228012084961,329.66461181640625,21.83700942993164,31.758821487426758,68.22728729248047,58.71075439453125,2
13:15:29.688,5.314651966094971,328.3882141113281,21.87017822265625,67.08808135986328,32.89802551269531,64.11502838134766,2
13:15:29.688,1.4624027013778687,332.7248840332031,21.62467384338379,53.500972747802734,68.61627960205078,31.36982536315918,2
13:15:29.688,3.8204989433288574,329.29840087890625,21.76667594909668,31.36982536315918,44.94303894042969,68.61627960205078,2
13:15:29.688,6.2424821853637695,329.0898742675781,21.747516632080078,66.67130279541016,33.3148078918457,34.843013763427734,2
13:15:29.688,2.36226749420166,328.1451721191406,21.765790939331055,31.758821487426758,68.22728729248047,41.73381805419922,2
13:15:29.688,4.734775543212891,327.61676025390625,21.763872146606445,50.72241973876953,31.147539138793945,68.83856964111328,2
13:15:29.688,0.7649648189544678,323.3929138183594,21.94877052307129,68.44956970214844,57.86329650878906,31.536537170410156,2
13:15:29.688,3.19942569732666,325.4784851074219,21.816917419433594,33.10641860961914,64.68463897705078,66.87969207763672,2
13:15:29.689,5.606067657470703,327.63885498046875,21.682861328125,68.54682159423828,31.439289093017578,54.95970916748047,2
13:15:29.689,1.7326635122299194,329.4960021972656,21.563594818115234,44.77632522583008,68.42178344726562,31.564321517944336,2
13:15:29.864,4.068617820739746,326.1767272949219,21.703275680541992,32.703529357910156,37.21867370605469,67.28257751464844,2
13:15:29.864,0.1723761111497879,324.3625183105469,21.767528533935547,67.6993637084961,38.760765075683594,32.286746978759766,2
13:15:29.865,2.532501459121704,323.4997253417969,21.785249710083008,31.189218521118164,68.79689025878906,47.207557678222656,2
13:15:29.865,4.919758319854736,324.68035888671875,21.701562881469727,56.6963005065918,31.606000900268555,68.3801040649414,2
13:15:29.865,0.9893718957901001,323.4824523925781,21.73665428161621,66.81022644042969,64.64295196533203,33.17588424682617,2
13:15:29.865,3.3731534481048584,324.2331237792969,21.674537658691406,32.02278137207031,59.349815368652344,67.96332550048828,2
13:15:29.865,5.7543535232543945,323.6697998046875,21.67757225036621,68.76910400390625,31.21700668334961,50.16671371459961,2
13:15:29.865,1.8741635084152222,327.3461608886719,21.47054672241211,40.3723258972168,67.74103546142578,32.24506759643555,2
13:15:29.865,4.197567462921143,325.4369201660156,21.541994094848633,34.07891082763672,33.759376525878906,66.22673034667969,2
13:15:29.865,0.25801706314086914,320.739990234375,21.752235412597656,68.17171478271484,41.42817687988281,31.814393997192383,2
13:15:29.865,2.645099401473999,323.1961364746094,21.606260299682617,31.286468505859375,68.69963836669922,50.875240325927734,2
13:15:29.865,4.984994411468506,321.9807434082031,21.64450454711914,58.7385368347168,31.939428329467773,68.04667663574219,2
13:15:29.865,1.0160942077636719,324.6611328125,21.489137649536133,66.39344024658203,65.24034881591797,33.59266662597656,2
13:15:29.865,3.409799575805664,321.1701354980469,21.640199661254883,31.85607147216797,58.19672393798828,68.13003540039062,2
13:15:29.865,5.782171249389648,322.7250671386719,21.54057502746582,68.64407348632812,31.342039108276367,49.2636833190918,2
13:15:29.865,1.867356777191162,324.4592590332031,21.43252182006836,40.59461212158203,67.74103546142578,32.24506759643555,2
13:15:29.865,4.175237655639648,321.969970703125,21.535587310791016,33.71770095825195,34.217838287353516,66.2684097290039,2
13:15:30.051,0.22264039516448975,317.2691650390625,21.748489379882812,67.97721099853516,40.31675338745117,32.00889205932617,2
13:15:30.051,2.5997607707977295,321.6856994628906,21.505582809448242,31.36982536315918,68.61627960205078,49.402610778808594,2
13:15:30.051,4.948287010192871,321.7510070800781,21.480749130249023,57.52986526489258,31.91164207458496,68.074462890625,2
13:15:30.051,0.9373716115951538,317.75079345703125,21.660375595092773,67.17144012451172,63.059181213378906,32.81467056274414,2
13:15:30.051,3.3198792934417725,318.6788330078125,21.591949462890625,32.39788818359375,60.96137619018555,67.58821868896484,2
13:15:30.051,5.706832408905029,322.68060302734375,21.37196922302246,68.47735595703125,31.508752822875977,51.68102264404297,2
13:15:30.051,1.7950297594070435,324.7962951660156,21.245046615600586,42.90080642700195,67.93553924560547,32.05057144165039,2
13:15:30.051,4.076637268066406,320.6274108886719,21.432567596435547,32.98138427734375,37.13531494140625,67.00472259521484,2
13:15:30.051,0.16000352799892426,319.0538330078125,21.489425659179688,67.39372253417969,38.52458953857422,32.60628128051758,2
13:15:30.051,2.4876794815063477,319.52362060546875,21.445802688598633,31.578216552734375,68.40789031982422,45.81828308105469,2
13:15:30.051,4.8277788162231445,319.3672790527344,21.433027267456055,53.69546890258789,31.550430297851562,68.43567657470703,2
13:15:30.051,0.8697491884231567,318.7248840332031,21.44489097595215,67.46318054199219,60.90580749511719,32.52292251586914,2
13:15:30.051,3.2485873699188232,321.0385437011719,21.307804107666016,33.12031173706055,62.92025375366211,66.86579895019531,2
13:15:30.051,5.57166051864624,318.6269836425781,21.407968521118164,68.21339416503906,31.772714614868164,55.98777389526367,2
13:15:30.051,1.69694185256958,323.9322204589844,21.12318992614746,46.012779235839844,68.14392852783203,31.842178344726562,2
13:15:30.051,3.954265594482422,319.3630676269531,21.332111358642578,32.286746978759766,40.87246322631836,67.6993637084961,2
13:15:30.051,0.037685759365558624,319.9177551269531,21.283885955810547,66.29619598388672,35.07918930053711,33.68991470336914,2
13:15:30.051,2.373936414718628,319.1233215332031,21.303699493408203,32.092247009277344,67.89385986328125,42.275630950927734,2
13:15:30.265,4.695699691772461,319.3714294433594,21.271881103515625,49.45818328857422,31.578216552734375,68.40789031982422,2
13:15:30.265,0.6648672223091125,315.0643615722656,21.469337463378906,68.39399719238281,54.52903366088867,31.59210968017578,2
13:15:30.265,3.0320181846618652,317.4469299316406,21.331756591796875,33.07863235473633,66.907470703125,62.86468505859375,2
13:15:30.265,5.362191677093506,318.9792175292969,21.23813819885254,66.94915008544922,33.036956787109375,62.32286834716797,2
13:15:30.265,1.4313044548034668,321.51641845703125,21.093795776367188,54.39011001586914,68.0883560180664,31.897750854492188,2
13:15:30.265,3.7149062156677246,318.3192443847656,21.23527717590332,31.61989402770996,48.41622543334961,68.3662109375,2
13:15:30.265,6.056739807128906,318.1405944824219,21.22603416442871,67.57432556152344,32.411781311035156,40.6640739440918,2
13:15:30.265,2.0882315635681152,318.2401123046875,21.20389175415039,34.259517669677734,65.9488754272461,34.0372314453125,2
13:15:30.265,4.382572174072266,315.8626708984375,21.30638885498047,39.636009216308594,32.53681564331055,67.44928741455078,2
13:15:30.266,0.39174529910087585,314.6116027832031,21.352449417114258,68.32453918457031,45.77660369873047,31.66157341003418,2
13:15:30.266,2.702493906021118,314.6549072265625,21.333858489990234,31.578216552734375,68.40789031982422,52.6951904296875,2
13:15:30.266,5.054312229156494,317.33428955078125,21.183961868286133,60.641841888427734,32.703529357910156,67.28257751464844,2
13:15:30.266,0.9965932965278625,318.5578308105469,21.108869552612305,66.2684097290039,64.42066955566406,33.71770095825195,2
13:15:30.266,3.3420872688293457,316.1584167480469,21.212350845336914,32.578495025634766,60.10002517700195,67.4076156616211,2
13:15:30.266,5.684896469116211,315.8945007324219,21.20820426940918,68.31063842773438,31.675466537475586,52.36176681518555,2
13:15:30.266,1.7085374593734741,317.5766296386719,21.10935401916504,45.65156936645508,68.10224914550781,31.88385581970215,2
13:15:30.266,3.9906911849975586,314.9382629394531,21.225618362426758,32.578495025634766,39.81661605834961,67.4076156616211,2
13:15:30.266,0.023246802389621735,315.73651123046875,21.170879364013672,66.07391357421875,34.7596549987793,33.91219711303711,2
13:15:30.266,2.3408331871032715,315.8280029296875,21.150848388671875,32.37010192871094,67.61600494384766,41.31703186035156,2
13:15:30.472,4.627923965454102,315.7244873046875,21.141002655029297,47.31869888305664,31.744930267333984,68.24118041992188,2
13:15:30.472,0.5784836411476135,311.50274658203125,21.337650299072266,68.44956970214844,51.75048828125,31.536537170410156,2
13:15:30.472,2.9049994945526123,313.11181640625,21.24234390258789,32.34231948852539,67.64379119873047,59.016395568847656,2
13:15:30.472,5.235777854919434,315.7227783203125,21.097501754760742,65.80994415283203,34.162269592285156,65.82383728027344,2
13:15:30.472,1.2483060359954834,317.3018493652344,21.004606246948242,59.97499084472656,67.24089813232422,32.74520492553711,2
13:15:30.472,3.537358045578003,314.1898498535156,21.144699096679688,31.828285217285156,54.04279327392578,68.15782165527344,2
13:15:30.472,5.850625514984131,315.0259704589844,21.088565826416016,68.18560791015625,31.800498962402344,47.11030578613281,2
13:15:30.473,1.896310567855835,316.8839111328125,20.981464385986328,39.927757263183594,67.2131118774414,32.77299118041992,2
13:15:30.473,4.083626747131348,310.9790954589844,21.2640438079834,33.1619873046875,37.03806686401367,66.8241195678711,2
13:15:30.473,0.14916342496871948,310.27508544921875,21.284942626953125,67.14364624023438,38.316200256347656,32.84245681762695,2
13:15:30.473,2.4425783157348633,313.8055725097656,21.09440803527832,32.00889205932617,67.97721099853516,44.47068405151367,2
13:15:30.473,4.75764799118042,315.2132263183594,21.00965118408203,51.417057037353516,31.814393997192383,68.17171478271484,2
13:15:30.473,0.7255783677101135,311.647705078125,21.173616409301758,67.96332550048828,56.36288070678711,32.02278137207031,2
13:15:30.473,3.0294270515441895,312.7469787597656,21.10521125793457,33.24534606933594,66.74076080322266,62.65629577636719,2
13:15:30.473,5.340254783630371,315.1512451171875,20.97107696533203,66.58794403076172,33.39816665649414,62.795223236083984,2
13:15:30.473,1.3817800283432007,316.1862487792969,20.90545654296875,55.890525817871094,67.7688217163086,32.217281341552734,2
13:15:30.473,3.6740002632141113,315.1678466796875,20.94172477722168,31.85607147216797,49.722145080566406,68.13003540039062,2
13:15:30.473,5.965016841888428,313.5163269042969,21.009740829467773,67.81050872802734,32.175601959228516,43.567657470703125,2
13:15:30.473,2.040048122406006,318.1714782714844,20.762489318847656,35.912750244140625,66.03223419189453,33.95387649536133,2
13:15:30.473,4.271794319152832,314.89703369140625,20.912824630737305,36.62128448486328,33.6065559387207,66.37954711914062,2
13:15:30.473,0.2335030436515808,309.80853271484375,21.153329849243164,67.54653930664062,40.91414260864258,32.43956756591797,2
13:15:30.686,2.5534231662750244,312.89630126953125,20.984970092773438,31.85607147216797,68.13003540039062,47.957767486572266,2
13:15:30.686,4.811026096343994,311.50579833984375,21.041872024536133,53.09808349609375,31.85607147216797,68.13003540039062,2
13:15:30.686,0.7769972085952759,309.3941345214844,21.136024475097656,67.7132568359375,57.946651458740234,32.27285385131836,2
13:15:30.686,3.0692152976989746,310.61053466796875,21.06305694580078,33.57876968383789,66.40733337402344,63.7677116394043,2
13:15:30.686,5.386417388916016,313.0194396972656,20.931392669677734,66.86579895019531,33.12031173706055,61.43373107910156,2
13:15:30.686,1.3864184617996216,315.0987243652344,20.81609344482422,55.72380828857422,67.7132568359375,32.27285385131836,2
13:15:30.686,3.6469380855560303,312.03076171875,20.95672607421875,31.842178344726562,50.56959915161133,68.14392852783203,2
13:15:30.686,5.938300609588623,312.27459716796875,20.9322509765625,67.83828735351562,32.14781951904297,44.41511535644531,2
13:15:30.686,1.9428199529647827,312.6776428222656,20.900768280029297,38.59405517578125,66.85189819335938,33.13420486450195,2
13:15:30.686,4.187065124511719,311.1021423339844,20.968957901000977,34.24562454223633,34.31509017944336,65.74048614501953,2
13:15:30.686,0.1920911818742752,309.00244140625,21.062122344970703,67.24089813232422,39.705474853515625,32.74520492553711,2
13:15:30.686,2.436335325241089,309.1612854003906,21.04363441467285,32.06446075439453,67.92164611816406,44.29008102416992,2
13:15:30.686,4.750391960144043,311.8227233886719,20.900257110595703,51.18088150024414,31.91164207458496,68.074462890625,2
13:15:30.686,0.635355532169342,306.1846923828125,21.172805786132812,68.21339416503906,53.52875518798828,31.772714614868164,2
13:15:30.686,2.9517457485198975,309.30340576171875,21.006004333496094,32.800777435302734,67.18533325195312,60.30842208862305,2
13:15:30.686,5.2802581787109375,311.0123291015625,20.908977508544922,66.06002044677734,33.926090240478516,64.46234893798828,2
13:15:30.686,1.226186990737915,311.8966064453125,20.855304718017578,60.55848693847656,66.99082946777344,32.995277404785156,2
13:15:30.686,3.48776912689209,309.39654541015625,20.96945571899414,32.120033264160156,55.543209075927734,67.86607360839844,2
13:15:30.686,5.760228633880615,310.1581115722656,20.922075271606445,68.11614990234375,31.869962692260742,49.97221374511719,2
13:15:30.686,1.7800986766815186,312.92059326171875,20.774417877197266,43.512088775634766,67.58821868896484,32.39788818359375,2
13:15:30.686,3.999203681945801,309.5767822265625,20.931108474731445,32.870243072509766,39.705474853515625,67.1158676147461,2
13:15:30.905,0.0036608537193387747,310.10308837890625,20.894855499267578,65.69879913330078,34.426231384277344,34.28730010986328,2
13:15:30.905,2.261997699737549,308.36480712890625,20.971954345703125,32.967491149902344,67.01861572265625,39.02472686767578,2
13:15:30.905,4.504486560821533,310.0267639160156,20.880130767822266,43.525978088378906,32.30064010620117,67.68547058105469,2
13:15:30.905,0.4300512969493866,305.3962097167969,21.102245330810547,68.18560791015625,47.04084396362305,31.800498962402344,2
13:15:30.905,2.7478179931640625,309.4014587402344,20.8919620513916,32.05057144165039,67.93553924560547,54.056678771972656,2
13:15:30.905,5.010706901550293,309.3461608886719,20.885263442993164,59.196998596191406,32.703529357910156,67.28257751464844,2
13:15:30.905,0.9388446807861328,306.8111267089844,21.002931594848633,66.6296157836914,62.69797134399414,33.35648727416992,2
13:15:30.905,3.225224494934082,307.0225830078125,20.982276916503906,33.550987243652344,63.392608642578125,66.43511962890625,2
13:15:30.905,5.513510704040527,310.5101318359375,20.799762725830078,67.46318054199219,32.52292251586914,57.599334716796875,2
13:15:30.905,1.5182100534439087,313.0277404785156,20.66480255126953,51.62545394897461,67.86607360839844,32.120033264160156,2
13:15:30.905,3.7350943088531494,309.535888671875,20.829174041748047,31.994998931884766,47.80494689941406,67.99110412597656,2
13:15:30.905,6.050528049468994,311.1512145996094,20.73764419555664,67.19922637939453,32.78688430786133,41.06696319580078,2
13:15:30.905,2.005033016204834,310.4076232910156,20.765840530395508,36.88524627685547,66.3100814819336,33.676021575927734,2
13:15:30.905,4.290801048278809,309.4957580566406,20.801326751708984,37.21867370605469,33.550987243652344,66.43511962890625,2
13:15:30.905,0.23787522315979004,307.4546203613281,20.893373489379883,67.35204315185547,41.164215087890625,32.634063720703125,2
13:15:30.905,2.535264253616333,310.0361022949219,20.753856658935547,32.07835388183594,67.90775299072266,47.41594696044922,2
13:15:30.905,4.795548439025879,309.6648864746094,20.762065887451172,52.58405303955078,32.07835388183594,67.90775299072266,2
13:15:30.905,0.7236670255661011,306.776123046875,20.898540496826172,67.7271499633789,56.22395324707031,32.25896072387695,2
13:15:30.905,2.9802541732788086,307.1803894042969,20.868310928344727,33.092525482177734,66.89358520507812,61.08641052246094,2
13:15:30.905,5.293960094451904,308.7558288574219,20.779844284057617,66.07391357421875,33.91219711303711,63.98999786376953,2
13:15:30.905,1.2657113075256348,312.75469970703125,20.57209014892578,59.26646041870117,66.99082946777344,32.995277404785156,2
13:15:31.124,3.5164546966552734,309.3706970214844,20.730859756469727,32.23117446899414,54.5984992980957,67.75492858886719,2
13:15:31.124,5.782144546508789,309.61474609375,20.70970916748047,67.92164611816406,32.06446075439453,49.29146957397461,2
13:15:31.124,1.7505311965942383,309.77008056640625,20.694133758544922,44.442901611328125,67.62989807128906,32.3562126159668,2
13:15:31.124,3.945399284362793,306.5993347167969,20.845487594604492,32.64795684814453,41.344818115234375,67.33815002441406,2
13:15:31.124,6.237354278564453,308.9490661621094,20.72003936767578,65.92108917236328,34.06501770019531,35.70436096191406,2
13:15:31.124,2.2130963802337646,307.0461730957031,20.807266235351562,33.42594909667969,66.5601577758789,37.704917907714844,2
13:15:31.124,4.427064418792725,307.8846435546875,20.757720947265625,41.23367691040039,32.74520492553711,67.24089813232422,2
13:15:31.124,0.3890364468097687,306.5670166015625,20.815702438354492,67.85218048095703,45.80438995361328,32.13392639160156,2
13:15:31.124,2.6415090560913086,306.4559326171875,20.813304901123047,31.967214584350586,68.0188980102539,50.72241973876953,2
13:15:31.124,4.903595447540283,307.3982238769531,20.75868797302246,55.9044189453125,32.34231948852539,67.64379119873047,2
13:15:31.124,0.8342127799987793,305.5381774902344,20.84390640258789,67.18533325195312,59.54431915283203,32.800777435302734,2
13:15:31.124,3.0741143226623535,305.042236328125,20.861835479736328,33.77326965332031,66.21283721923828,63.78160858154297,2
13:15:31.124,5.356790065765381,306.0911560058594,20.802444458007812,66.5601577758789,33.42594909667969,62.225616455078125,2
13:15:31.124,1.3024194240570068,309.3883361816406,20.63265609741211,58.19672393798828,67.22700500488281,32.75910186767578,2
13:15:31.124,3.5344910621643066,306.7480773925781,20.75755500793457,32.175601959228516,54.056678771972656,67.81050872802734,2
13:15:31.124,5.7930707931518555,306.7922058105469,20.747629165649414,67.94943237304688,32.036678314208984,48.958045959472656,2
13:15:31.124,1.77047860622406,308.7059020996094,20.645959854125977,43.84551239013672,67.51875305175781,32.46735382080078,2
13:15:31.124,3.9660332202911377,305.7648010253906,20.786340713500977,32.800777435302734,40.747432708740234,67.18533325195312,2
13:15:31.124,6.219438552856445,306.6623229980469,20.735458374023438,66.08779907226562,33.89830780029297,36.190608978271484,2
13:15:31.124,2.2023937702178955,306.82635498046875,20.72075080871582,33.57876968383789,66.40733337402344,37.440956115722656,2
13:15:31.124,4.408743381500244,306.8469543457031,20.71343231201172,40.705753326416016,32.870243072509766,67.1158676147461,2
13:15:31.124,0.3283940255641937,302.9334716796875,20.902812957763672,67.75492858886719,43.91497802734375,32.23117446899414,2
13:15:31.338,2.575554132461548,304.1888732910156,20.833703994750977,31.967214584350586,68.0188980102539,48.66629409790039,2
13:15:31.338,4.844439506530762,306.5867004394531,20.708099365234375,54.084468841552734,32.217281341552734,67.7688217163086,2
13:15:31.338,0.7156211137771606,302.1982116699219,20.922008514404297,67.78271484375,55.98777389526367,32.203392028808594,2
13:15:31.338,3.033891201019287,306.5889587402344,20.695125579833984,33.59266662597656,66.39344024658203,62.53125762939453,2
13:15:31.338,5.26253080368042,306.3212890625,20.70259666442871,65.75437927246094,34.23173141479492,64.7957763671875,2
13:15:31.338,1.2186431884765625,308.42822265625,20.592082977294922,60.641841888427734,66.72686767578125,33.259239196777344,2
13:15:31.338,3.417017936706543,303.9806213378906,20.808155059814453,32.52292251586914,57.6549072265625,67.46318054199219,2
13:15:31.338,5.708495616912842,307.9133605957031,20.606029510498047,67.81050872802734,32.175601959228516,51.56987762451172,2
13:15:31.338,1.6910560131072998,309.9761962890625,20.496580123901367,46.30453109741211,67.61600494384766,32.37010192871094,2
13:15:31.338,3.90039324760437,306.9041442871094,20.642911911010742,32.60628128051758,42.77577209472656,67.37982940673828,2
13:15:31.338,6.165860652923584,307.7672424316406,20.59222984313965,66.37954711914062,33.6065559387207,37.78827667236328,2
13:15:31.338,2.107253313064575,306.8465576171875,20.63238525390625,34.39844512939453,65.58766174316406,34.87079620361328,2
13:15:31.338,4.351568222045898,306.09002685546875,20.66359519958496,39.052513122558594,33.24534606933594,66.74076080322266,2
13:15:31.338,0.27591341733932495,304.1615295410156,20.75344467163086,67.4215087890625,42.35898971557617,32.56460189819336,2
13:15:31.338,2.541227340698242,305.9349670410156,20.657798767089844,32.161712646484375,67.82439422607422,47.61044692993164,2
13:15:31.338,4.801029682159424,307.05859375,20.594541549682617,52.72297668457031,32.23117446899414,67.75492858886719,2
13:15:31.338,0.7059922814369202,303.9736328125,20.743566513061523,67.65768432617188,55.64045333862305,32.32842254638672,2
13:15:31.338,2.950840711593628,304.7693176269531,20.696500778198242,33.050846099853516,66.93525695800781,60.14170837402344,2
13:15:31.338,5.254441261291504,306.4062805175781,20.60774803161621,65.61544799804688,34.37065887451172,64.94859313964844,2
13:15:31.338,1.183932900428772,309.93402099609375,20.426233291625977,61.55876541137695,66.37954711914062,33.6065559387207,2
13:15:31.338,3.4348371028900146,306.8718566894531,20.571443557739258,32.64795684814453,57.04362487792969,67.33815002441406,2
13:15:31.338,5.674654960632324,306.8166198730469,20.567913055419922,67.74103546142578,32.24506759643555,52.61183547973633,2
13:15:31.556,1.618046760559082,306.7795715332031,20.564769744873047,48.541263580322266,67.78271484375,32.203392028808594,2
13:15:31.556,3.804154396057129,304.0441589355469,20.69660758972168,32.24506759643555,45.6932487487793,67.74103546142578,2
13:15:31.556,6.070818901062012,306.0894775390625,20.589290618896484,66.96304321289062,33.02306365966797,40.539039611816406,2
13:15:31.556,2.0564589500427246,308.8537902832031,20.445707321166992,35.676578521728516,65.6571273803711,34.3289794921875,2
13:15:31.556,4.212203025817871,305.3385314941406,20.61672019958496,35.16254425048828,34.3289794921875,65.6571273803711,2
13:15:31.556,0.16690123081207275,303.07830810546875,20.724376678466797,66.81022644042969,39.13587188720703,33.17588424682617,2
13:15:31.556,2.3879451751708984,303.0228271484375,20.722612380981445,32.52292251586914,67.46318054199219,42.90080642700195,2
13:15:31.556,4.618027687072754,303.88909912109375,20.675037384033203,47.06863021850586,32.161712646484375,67.82439422607422,2
13:15:31.556,0.5620103478431702,303.9200744628906,20.668607711791992,67.87996673583984,51.18088150024414,32.10614013671875,2
13:15:31.556,2.7785236835479736,302.9686279296875,20.711488723754883,32.286746978759766,67.6993637084961,54.95970916748047,2
13:15:31.556,5.057562828063965,306.1051940917969,20.550100326538086,60.419559478759766,33.24534606933594,66.74076080322266,2
13:15:31.556,0.8970503807067871,300.45648193359375,20.829931259155273,66.78244018554688,61.392051696777344,33.20366668701172,2
13:15:31.556,3.1769564151763916,304.96539306640625,20.59894561767578,34.23173141479492,64.4901351928711,65.75437927246094,2
13:15:31.556,5.442636966705322,304.52142333984375,20.615345001220703,66.96304321289062,33.02306365966797,59.62767791748047,2
13:15:31.556,1.369325876235962,306.478515625,20.513978958129883,56.15448760986328,67.39372253417969,32.592384338378906,2
13:15:31.556,3.5811502933502197,303.5640869140625,20.65456771850586,32.175601959228516,52.59794616699219,67.81050872802734,2
13:15:31.556,5.81830358505249,304.70068359375,20.59419822692871,67.79661560058594,32.18949890136719,48.180049896240234,2
13:15:31.556,1.7884420156478882,306.6166687011719,20.49452018737793,43.35926818847656,67.32425689697266,32.66184997558594,2
13:15:31.556,3.9465994834899902,302.6268310546875,20.6900634765625,32.77299118041992,41.37260437011719,67.2131118774414,2
13:15:31.556,6.200923919677734,304.3970031738281,20.597368240356445,66.11558532714844,33.87051773071289,36.8018913269043,2
13:15:31.556,2.1695749759674072,302.2236022949219,20.702333450317383,33.842735290527344,66.14337921142578,36.52403259277344,2
13:15:31.781,4.344205379486084,304.0418395996094,20.608295440673828,38.871910095214844,33.342594146728516,66.64350891113281,2
13:15:31.781,0.2609613537788391,300.5783386230469,20.777088165283203,67.36593627929688,41.90052795410156,32.620174407958984,2
13:15:31.781,2.516716241836548,304.4022216796875,20.581268310546875,32.25896072387695,67.7271499633789,46.8741340637207,2
13:15:31.781,4.738454818725586,303.7343444824219,20.6104679107666,50.79188919067383,32.14781951904297,67.83828735351562,2
13:15:31.781,0.6125633120536804,300.396240234375,20.774171829223633,67.90775299072266,52.76465606689453,32.07835388183594,2
13:15:31.781,2.8786838054656982,303.0904235839844,20.63532829284668,32.73131561279297,67.25479125976562,57.97444152832031,2
13:15:31.781,5.081985950469971,302.77606201171875,20.648876190185547,61.18366241455078,33.3148078918457,66.67130279541016,2
13:15:31.781,1.0023999214172363,307.9708557128906,20.385746002197266,65.6571273803711,64.08724975585938,34.3289794921875,2
13:15:31.781,3.2643539905548096,304.4963684082031,20.553504943847656,33.6065559387207,62.01722717285156,66.37954711914062,2
13:15:31.781,5.538815498352051,306.1554260253906,20.465248107910156,67.28257751464844,32.703529357910156,56.71019744873047,2
13:15:31.781,1.4457255601882935,304.6687316894531,20.53537368774414,53.83439636230469,67.64379119873047,32.34231948852539,2
13:15:31.781,3.7031500339508057,305.8595275878906,20.47148895263672,32.27285385131836,48.8330078125,67.7132568359375,2
13:15:31.781,5.933767318725586,305.7192077636719,20.47351837158203,67.44928741455078,32.53681564331055,44.665184020996094,2
13:15:31.781,1.9038630723953247,307.24542236328125,20.392412185668945,39.99721908569336,66.68518829345703,33.30091857910156,2
13:15:31.781,4.099144458770752,305.1707458496094,20.491180419921875,33.89830780029297,37.065853118896484,66.08779907226562,2
13:15:31.781,0.02654765546321869,303.5379943847656,20.5682373046875,65.6571273803711,35.28757858276367,34.3289794921875,2
13:15:31.781,2.2661521434783936,302.0897216796875,20.636056900024414,33.217559814453125,66.76854705810547,39.33036804199219,2
13:15:31.781,4.478325366973877,305.14453125,20.479652404785156,42.87302017211914,32.74520492553711,67.24089813232422,2
13:15:31.782,0.37717387080192566,301.2273254394531,20.67108726501465,67.6993637084961,45.47096633911133,32.286746978759766,2
13:15:31.782,2.650123119354248,304.284912109375,20.512718200683594,32.23117446899414,67.75492858886719,50.986385345458984,2
13:15:31.782,4.873825550079346,304.236572265625,20.5106143951416,54.93192672729492,32.46735382080078,67.51875305175781,2
13:15:31.782,0.7328232526779175,300.1695556640625,20.71082305908203,67.53264617919922,56.44623565673828,32.453460693359375,2
13:15:32.001,2.9872958660125732,302.2586975097656,20.602821350097656,33.35648727416992,66.6296157836914,61.14198684692383,2
13:15:32.001,5.22095251083374,304.9300231933594,20.466781616210938,64.94859313964844,34.509586334228516,65.47651672363281,2
13:15:32.002,1.1469398736953735,306.1424255371094,20.403268814086914,62.586830139160156,66.10169219970703,33.8844108581543,2
13:15:32.002,3.3583478927612305,303.49169921875,20.531784057617188,33.036956787109375,59.294246673583984,66.94915008544922,2
13:15:32.002,5.604752063751221,303.8009338378906,20.512832641601562,67.54653930664062,32.43956756591797,54.7374267578125,2
13:15:32.002,1.535188913345337,304.3518371582031,20.48244285583496,51.08363723754883,67.7132568359375,32.27285385131836,2
13:15:32.002,3.7443604469299316,303.4690856933594,20.523820877075195,32.27285385131836,47.55487823486328,67.7132568359375,2
13:15:32.002,5.987700462341309,304.69384765625,20.45896339416504,67.25479125976562,32.73131561279297,43.053627014160156,2
13:15:32.002,1.9316444396972656,304.8816833496094,20.44588279724121,39.163658142089844,66.5601577758789,33.42594909667969,2
13:15:32.002,4.102411270141602,302.7098083496094,20.552309036254883,33.87051773071289,36.94081497192383,66.11558532714844,2
13:15:32.002,0.03199316933751106,301.9281311035156,20.588363647460938,65.71269989013672,35.41261672973633,34.27341079711914,2
13:15:32.002,2.2598397731781006,301.6651916503906,20.599246978759766,33.287025451660156,66.69908142089844,39.163658142089844,2
13:15:32.002,4.485350608825684,304.50042724609375,20.455018997192383,43.08141326904297,32.73131561279297,67.25479125976562,2
13:15:32.002,0.34215793013572693,299.4260559082031,20.705970764160156,67.62989807128906,44.3873291015625,32.3562126159668,2
13:15:32.002,2.6109654903411865,303.0751037597656,20.520816802978516,32.217281341552734,67.7688217163086,49.77771759033203,2
13:15:32.002,4.789849281311035,301.2911071777344,20.608057022094727,52.389549255371094,32.203392028808594,67.78271484375,2
13:15:32.002,0.6984739899635315,299.93548583984375,20.67372703552246,67.62989807128906,55.39038848876953,32.3562126159668,2
13:15:32.002,2.9665908813476562,302.8194885253906,20.526065826416016,33.287025451660156,66.69908142089844,60.51681137084961,2
13:15:32.002,5.1837358474731445,302.8802185058594,20.520383834838867,63.976104736328125,34.162269592285156,65.82383728027344,2
13:15:32.002,1.0678561925888062,304.8254699707031,20.42167854309082,64.75409698486328,65.49040985107422,34.49569320678711,2
13:15:32.002,3.291382312774658,301.950927734375,20.562463760375977,33.41205978393555,61.25312423706055,66.57405090332031,2
13:15:32.002,5.527507305145264,302.7229919433594,20.521326065063477,67.28257751464844,32.703529357910156,57.0714111328125,2
13:15:32.002,1.470816969871521,305.47235107421875,20.382606506347656,53.04251480102539,67.56043243408203,32.42567443847656,2
13:15:32.221,3.6561191082000732,302.6978454589844,20.517736434936523,32.23117446899414,50.277854919433594,67.75492858886719,2
13:15:32.221,5.895203590393066,303.4789733886719,20.475963592529297,67.56043243408203,32.42567443847656,45.8460693359375,2
13:15:32.221,1.8419710397720337,305.3621520996094,20.37920379638672,41.803279876708984,66.99082946777344,32.995277404785156,2
13:15:32.221,3.9613523483276367,299.79534912109375,20.65621566772461,32.88413619995117,40.9558219909668,67.10197448730469,2
13:15:32.221,6.242978572845459,303.7957763671875,20.453258514404297,65.6710205078125,34.31509017944336,35.732147216796875,2
13:15:32.221,2.1913585662841797,302.7981262207031,20.500288009643555,33.82884216308594,66.15726470947266,37.27424240112305,2
13:15:32.221,4.372620582580566,304.0953369140625,20.432464599609375,39.77493667602539,33.3148078918457,66.67130279541016,2
13:15:32.221,0.29392704367637634,301.2211608886719,20.572145462036133,67.33815002441406,42.97026824951172,32.64795684814453,2
13:15:32.221,2.5216104984283447,302.5257873535156,20.504192352294922,32.31453323364258,67.67156982421875,47.026954650878906,2
13:15:32.221,4.738827228546143,302.3749084472656,20.508073806762695,50.80577850341797,32.24506759643555,67.74103546142578,2
13:15:32.221,0.6465127468109131,301.16748046875,20.565378189086914,67.67156982421875,53.77882766723633,32.31453323364258,2
13:15:32.221,2.9003610610961914,302.90533447265625,20.474218368530273,32.967491149902344,67.01861572265625,58.54404067993164,2
13:15:32.221,5.155047416687012,304.5174255371094,20.38921546936035,63.08696746826172,34.0372314453125,65.9488754272461,2
13:15:32.221,1.0648034811019897,307.1374816894531,20.255935668945312,64.72631072998047,65.33759307861328,34.64851379394531,2
13:15:32.221,3.2704813480377197,303.4821472167969,20.434350967407227,33.66212844848633,61.78104782104492,66.323974609375,2
13:15:32.221,5.521728038787842,303.57330322265625,20.425661087036133,67.18533325195312,32.800777435302734,57.2103385925293,2
13:15:32.221,1.4608144760131836,306.52117919921875,20.27588653564453,53.334259033203125,67.44928741455078,32.53681564331055,2
13:15:32.221,3.656026601791382,303.46502685546875,20.42453956604004,32.30064010620117,50.277854919433594,67.68547058105469,2
13:15:32.221,5.860820770263672,302.84564208984375,20.452802658081055,67.61600494384766,32.37010192871094,46.888023376464844,2
13:15:32.221,1.792650818824768,303.5008239746094,20.418474197387695,43.24812698364258,67.24089813232422,32.74520492553711,2
13:15:32.221,3.952437400817871,300.78125,20.55312156677246,32.925811767578125,41.2614631652832,67.06029510498047,2
13:15:32.221,6.219626426696777,303.487060546875,20.41553497314453,65.83773803710938,34.148372650146484,36.39900207519531,2
13:15:32.430,2.154341220855713,301.7096252441406,20.50203514099121,34.10669708251953,65.87940979003906,36.24618148803711,2
13:15:32.430,4.335580825805664,302.5135803222656,20.459558486938477,38.705196380615234,33.52320098876953,66.46290588378906,2
13:15:32.430,0.23658037185668945,300.2606201171875,20.56979751586914,67.07418823242188,41.2614631652832,32.91191864013672,2
13:15:32.431,2.4374890327453613,300.09930419921875,20.57621955871582,32.46735382080078,67.51875305175781,44.45679473876953,2
13:15:32.431,4.657261371612549,301.4432678222656,20.507606506347656,48.29119110107422,32.25896072387695,67.7271499633789,2
13:15:32.431,0.5564834475517273,299.4844970703125,20.603557586669922,67.82439422607422,51.0141716003418,32.161712646484375,2
13:15:32.431,2.7611429691314697,300.1523132324219,20.568540573120117,32.3562126159668,67.62989807128906,54.39011001586914,2
13:15:32.431,5.0390801429748535,303.51617431640625,20.398330688476562,59.80827713012695,33.259239196777344,66.72686767578125,2
13:15:32.431,0.8456023931503296,297.7431640625,20.68695068359375,66.99082946777344,59.80827713012695,32.995277404785156,2
13:15:32.431,3.1052324771881104,300.8266296386719,20.530029296875,34.28730010986328,65.69879913330078,64.40678405761719,2
13:15:32.431,5.3529253005981445,301.92938232421875,20.472448348999023,66.28230285644531,33.70380783081055,62.14225769042969,2
13:15:32.431,1.2528036832809448,303.90289306640625,20.373321533203125,59.54431915283203,66.75465393066406,33.23145294189453,2
13:15:32.431,3.443815231323242,301.052490234375,20.513517379760742,32.66184997558594,56.75187683105469,67.32425689697266,2
13:15:32.431,5.666861534118652,301.943603515625,20.468019485473633,67.64379119873047,32.34231948852539,52.83412170410156,2
13:15:32.431,1.5997092723846436,303.656005859375,20.381362915039062,49.11086654663086,67.62989807128906,32.3562126159668,2
13:15:32.431,3.763758897781372,300.13006591796875,20.55586814880371,32.27285385131836,46.95748519897461,67.7132568359375,2
13:15:32.431,5.991832733154297,301.595947265625,20.48133087158203,67.25479125976562,32.73131561279297,42.928592681884766,2
13:15:32.431,1.9391363859176636,303.72198486328125,20.374073028564453,38.98305130004883,66.44901275634766,33.53709411621094,2
13:15:32.431,4.097842216491699,301.2921142578125,20.494543075561523,33.8844108581543,37.10752868652344,66.10169219970703,2
13:15:32.431,0.05613620579242706,302.3464050292969,20.439573287963867,65.79605102539062,36.17671585083008,34.1900520324707,2
13:15:32.431,2.274212121963501,302.346435546875,20.437580108642578,33.328704833984375,66.65740966796875,39.663795471191406,2
13:15:32.431,4.456654071807861,301.9663391113281,20.45454216003418,42.233951568603516,32.85634994506836,67.1297607421875,2
13:15:32.640,0.33599531650543213,298.7077941894531,20.615455627441406,67.53264617919922,44.220619201660156,32.453460693359375,2
13:15:32.640,2.5667808055877686,300.7723693847656,20.510316848754883,32.25896072387695,67.7271499633789,48.41622543334961,2
13:15:32.640,4.752639293670654,300.8056640625,20.508771896362305,51.23645782470703,32.24506759643555,67.74103546142578,2
13:15:32.641,0.6298692226409912,297.90130615234375,20.653139114379883,67.78271484375,53.278690338134766,32.203392028808594,2
13:15:32.641,2.898463726043701,302.1041259765625,20.43962860107422,32.98138427734375,67.00472259521484,58.47457504272461,2
13:15:32.641,5.1388397216796875,303.03662109375,20.39056968688965,62.64240264892578,33.91219711303711,66.07391357421875,2
13:15:32.641,1.0227349996566772,302.90802001953125,20.394424438476562,65.50430297851562,64.64295196533203,34.4818000793457,2
13:15:32.641,3.263995409011841,303.7630920410156,20.349607467651367,33.77326965332031,61.91997528076172,66.21283721923828,2
13:15:32.641,5.492526054382324,304.041259765625,20.33306884765625,66.97694396972656,33.0091667175293,58.04390335083008,2
13:15:32.641,1.4416508674621582,304.74224853515625,20.295124053955078,53.917755126953125,67.4215087890625,32.56460189819336,2
13:15:32.641,3.631284475326538,303.0654296875,20.37616539001465,32.3562126159668,51.02806091308594,67.62989807128906,2
13:15:32.641,5.8273820877075195,300.961669921875,20.47844886779785,67.68547058105469,32.30064010620117,47.91608810424805,2
13:15:32.641,1.8208410739898682,306.24945068359375,20.21199607849121,42.48402404785156,66.94915008544922,33.036956787109375,2
13:15:32.641,3.9796347618103027,302.84210205078125,20.37991714477539,33.20366668701172,40.539039611816406,66.78244018554688,2
13:15:32.641,6.208800315856934,303.3270568847656,20.35211753845215,65.86551666259766,34.12059020996094,36.732425689697266,2
13:15:32.641,2.1626718044281006,301.7442321777344,20.428401947021484,34.10669708251953,65.87940979003906,36.52403259277344,2
13:15:32.641,4.317914962768555,301.4371337890625,20.441707611083984,38.20505905151367,33.64823532104492,66.33787536621094,2
13:15:32.641,0.21247436106204987,298.4071350097656,20.591772079467773,66.96304321289062,40.539039611816406,33.02306365966797,2
13:15:32.641,2.42509388923645,300.6493835449219,20.478586196899414,32.592384338378906,67.39372253417969,44.109474182128906,2
13:15:32.641,4.6200151443481445,300.9210205078125,20.464601516723633,47.16587829589844,32.34231948852539,67.64379119873047,2
13:15:32.641,0.5020900964736938,297.8988037109375,20.61467742919922,67.83828735351562,49.33314895629883,32.14781951904297,2
13:15:32.842,2.7418372631073,300.9143371582031,20.46164321899414,32.411781311035156,67.57432556152344,53.77882766723633,2
13:15:32.842,4.95603609085083,301.4308166503906,20.434432983398438,57.39094161987305,32.81467056274414,67.17144012451172,2
13:15:32.842,0.8501267433166504,299.4412841796875,20.53294563293457,66.83800506591797,59.877742767333984,33.14809799194336,2
13:15:32.842,3.045185089111328,299.5030822753906,20.529115676879883,33.81494903564453,66.17115783691406,62.7535400390625,2
13:15:32.842,5.2765278816223145,302.7567138671875,20.36563491821289,65.61544799804688,34.37065887451172,64.18449401855469,2
13:15:32.842,1.2243837118148804,303.79058837890625,20.312355041503906,60.33620071411133,66.53236389160156,33.4537353515625,2
13:15:32.842,3.402937412261963,300.8843994140625,20.456195831298828,32.88413619995117,57.946651458740234,67.10197448730469,2
13:15:32.842,5.6192851066589355,300.7592468261719,20.460771560668945,67.53264617919922,32.453460693359375,54.27896499633789,2
13:15:32.842,1.5392529964447021,303.4407653808594,20.32712745666504,50.95859909057617,67.58821868896484,32.39788818359375,2
13:15:32.842,3.7062015533447266,300.5784606933594,20.469463348388672,32.286746978759766,48.73575973510742,67.6993637084961,2
13:15:32.842,5.913669109344482,300.4925537109375,20.47220230102539,67.51875305175781,32.46735382080078,45.276466369628906,2
13:15:32.842,1.8455545902252197,302.2605895996094,20.384233474731445,41.692138671875,66.99082946777344,32.995277404785156,2
13:15:32.842,4.005350589752197,299.8691101074219,20.503173828125,33.259239196777344,39.73325729370117,66.72686767578125,2
13:15:32.842,6.248176574707031,301.8768310546875,20.402257919311523,65.58766174316406,34.39844512939453,35.6348991394043,2
13:15:32.842,2.163776159286499,301.01995849609375,20.44403076171875,34.07891082763672,65.90719604492188,36.537925720214844,2
13:15:32.842,4.3359599113464355,300.7364807128906,20.45780372619629,38.71908950805664,33.52320098876953,66.46290588378906,2
13:15:32.842,0.2308751940727234,297.9490661621094,20.596302032470703,67.07418823242188,41.08085632324219,32.91191864013672,2
13:15:32.842,2.438868999481201,299.178466796875,20.53426742553711,32.49513626098633,67.49097442626953,44.498470306396484,2
13:15:32.843,4.6534504890441895,301.109619140625,20.437702178955078,48.19394302368164,32.32842254638672,67.65768432617188,2
13:15:32.843,0.5214593410491943,297.61090087890625,20.61212730407715,67.83828735351562,49.930538177490234,32.14781951904297,2
13:15:32.843,2.7744734287261963,301.2642822265625,20.427675247192383,32.52292251586914,67.46318054199219,54.76521301269531,2
13:15:33.040,4.988931655883789,301.27874755859375,20.42580795288086,58.36343002319336,32.98138427734375,67.00472259521484,2
13:15:33.040,0.8472297787666321,298.27044677734375,20.57550621032715,66.89358520507812,59.80827713012695,33.092525482177734,2
13:15:33.040,3.106187582015991,301.0652770996094,20.43305015563965,34.37065887451172,65.61544799804688,64.36509704589844,2
13:15:33.040,5.306869029998779,303.2990417480469,20.32134437561035,65.82383728027344,34.162269592285156,63.32314682006836,2
13:15:33.040,1.2330529689788818,304.97967529296875,20.236164093017578,60.044456481933594,66.53236389160156,33.4537353515625,2
13:15:33.040,3.4191994667053223,301.4223937988281,20.411346435546875,32.84245681762695,57.44651412963867,67.14364624023438,2
13:15:33.040,5.659517288208008,303.0241394042969,20.328916549682617,67.50486755371094,32.48124313354492,53.04251480102539,2
13:15:33.040,1.5534358024597168,301.73028564453125,20.392745971679688,50.527923583984375,67.65768432617188,32.32842254638672,2
13:15:33.040,3.800295114517212,303.4805908203125,20.303558349609375,32.56460189819336,45.88774871826172,67.4215087890625,2
13:15:33.040,6.006059169769287,303.1961669921875,20.315547943115234,67.06029510498047,32.925811767578125,42.55348587036133,2
13:15:33.040,1.9523268938064575,304.2026672363281,20.26289939880371,38.67741012573242,66.28230285644531,33.70380783081055,2
13:15:33.040,4.135925769805908,302.72894287109375,20.33451271057129,34.30119323730469,36.16282272338867,65.6849136352539,2
13:15:33.040,0.02459038607776165,299.4484558105469,20.496816635131836,65.57376861572266,35.273685455322266,34.41233825683594,2
13:15:33.040,2.268606185913086,300.21075439453125,20.456117630004883,33.342594146728516,66.64350891113281,39.48318862915039,2
13:15:33.040,4.474846839904785,303.41265869140625,20.294355392456055,42.83134460449219,32.91191864013672,67.07418823242188,2
13:15:33.040,0.334660142660141,297.9908142089844,20.56340217590332,67.49097442626953,44.206722259521484,32.49513626098633,2
13:15:33.040,2.589939594268799,301.5819091796875,20.381576538085938,32.34231948852539,67.64379119873047,49.138648986816406,2
13:15:33.040,4.77814245223999,300.6913146972656,20.42461395263672,52.00055694580078,32.34231948852539,67.64379119873047,2
13:15:33.040,0.639323353767395,297.9415283203125,20.56175422668457,67.68547058105469,53.55654525756836,32.30064010620117,2
13:15:33.040,2.881848096847534,300.2541198730469,20.444961547851562,32.89802551269531,67.08808135986328,57.98832702636719,2
13:15:33.227,5.087302207946777,300.7796325683594,20.418506622314453,61.211448669433594,33.53709411621094,66.44901275634766,2
13:15:33.227,0.9546377062797546,304.84503173828125,20.21524429321289,65.89330291748047,62.65629577636719,34.092803955078125,2
13:15:33.227,3.2055139541625977,300.90789794921875,20.409278869628906,34.148372650146484,63.573219299316406,65.83773803710938,2
13:15:33.227,5.424540996551514,301.5321960449219,20.376876831054688,66.65740966796875,33.328704833984375,60.044456481933594,2
13:15:33.227,1.3361690044403076,301.7257385253906,20.36684226989746,57.09919357299805,67.14364624023438,32.84245681762695,2
13:15:33.227,3.5254805088043213,301.13494873046875,20.395856857299805,32.49513626098633,54.251182556152344,67.49097442626953,2
13:15:33.227,5.745121002197266,302.15936279296875,20.34392738342285,67.61600494384766,32.37010192871094,50.43067169189453,2
13:15:33.227,1.6669691801071167,302.1211242675781,20.344772338867188,47.06863021850586,67.53264617919922,32.453460693359375,2
13:15:33.227,3.827893018722534,300.22747802734375,20.43938446044922,32.52292251586914,45.026397705078125,67.46318054199219,2
13:15:33.227,6.045163154602051,300.2573547363281,20.436586380004883,66.97694396972656,33.0091667175293,41.35871124267578,2
13:15:33.227,1.981721043586731,303.09649658203125,20.294919967651367,37.829952239990234,66.10169219970703,33.8844108581543,2
13:15:33.227,4.13981294631958,300.4099426269531,20.429195404052734,34.259517669677734,35.98221969604492,65.72659301757812,2
13:15:33.227,0.056706029921770096,297.14044189453125,20.59137725830078,65.92108917236328,36.093360900878906,34.06501770019531,2
13:15:33.227,2.2747631072998047,300.9259338378906,20.402061462402344,33.35648727416992,66.6296157836914,39.69158172607422,2
13:15:33.227,4.425317764282227,298.81402587890625,20.507658004760742,41.28924560546875,32.95359802246094,67.03250885009766,2
13:15:33.227,0.31274646520614624,297.218017578125,20.587650299072266,67.4215087890625,43.525978088378906,32.56460189819336,2
13:15:33.227,2.5638136863708496,300.9610595703125,20.399751663208008,32.3562126159668,67.62989807128906,48.33287048339844,2
13:15:33.227,4.729770660400391,299.60748291015625,20.467578887939453,50.527923583984375,32.27285385131836,67.7132568359375,2
13:15:33.227,0.6053063869476318,297.2289123535156,20.58714485168457,67.7688217163086,52.51458740234375,32.217281341552734,2
13:15:33.227,2.812624216079712,298.1922607421875,20.538471221923828,32.53681564331055,67.44928741455078,55.94609451293945,2
13:15:33.416,5.054786682128906,301.1163635253906,20.392423629760742,60.26673889160156,33.35648727416992,66.6296157836914,2
13:15:33.416,0.8879426717758179,297.0829772949219,20.594484329223633,66.65740966796875,61.00305938720703,33.328704833984375,2
13:15:33.416,3.1595542430877686,300.4053649902344,20.4263858795166,34.52347946166992,64.83745574951172,65.46263122558594,2
13:15:33.416,5.367691993713379,302.0537109375,20.343482971191406,66.28230285644531,33.71770095825195,61.642120361328125,2
13:15:33.416,1.27980637550354,302.822021484375,20.304920196533203,58.724647521972656,66.83800506591797,33.14809799194336,2
13:15:33.416,3.4337332248687744,298.2158508300781,20.534664154052734,32.68963623046875,57.057518005371094,67.29647064208984,2
13:15:33.416,5.688729286193848,302.384521484375,20.326372146606445,67.54653930664062,32.43956756591797,52.153377532958984,2
13:15:33.416,1.6345216035842896,304.8670959472656,20.20134735107422,48.06890869140625,67.44928741455078,32.53681564331055,2
13:15:33.416,3.7866709232330322,301.3590393066406,20.3746395111084,32.48124313354492,46.29063415527344,67.50486755371094,2
13:15:33.416,6.0288166999816895,303.04779052734375,20.287607192993164,66.93525695800781,33.050846099853516,41.90052795410156,2
13:15:33.416,1.922366976737976,301.7119140625,20.353822708129883,39.48318862915039,66.5462646484375,33.43984603881836,2
13:15:33.416,4.159220218658447,303.00091552734375,20.287805557250977,34.52347946166992,35.56543731689453,65.46263122558594,2
13:15:33.416,0.07272835075855255,299.1329040527344,20.47925567626953,65.9627685546875,36.607391357421875,34.023338317871094,2
13:15:33.416,2.2775020599365234,301.0927734375,20.37923812866211,33.35648727416992,66.6296157836914,39.7888298034668,2
13:15:33.416,4.479410171508789,302.2391357421875,20.320091247558594,42.95637512207031,32.870243072509766,67.1158676147461,2
13:15:33.416,0.3440438508987427,299.2425842285156,20.469234466552734,67.4354019165039,44.51236343383789,32.55070877075195,2
13:15:33.416,2.5594749450683594,299.3860168457031,20.459875106811523,32.30064010620117,67.68547058105469,48.19394302368164,2
13:15:33.416,4.813492298126221,302.9541931152344,20.280080795288086,53.07029342651367,32.52292251586914,67.46318054199219,2
13:15:33.599,0.6620900630950928,298.3642578125,20.508502960205078,67.58821868896484,54.23728942871094,32.39788818359375,2
13:15:33.599,2.9181294441223145,301.2007141113281,20.364179611206055,33.14809799194336,66.83800506591797,59.03028869628906,2
13:15:33.599,5.109259605407715,300.5908508300781,20.39369773864746,61.822731018066406,33.70380783081055,66.28230285644531,2
13:15:33.599,0.9659004807472229,297.8735656738281,20.52997398376465,66.06002044677734,63.170326232910156,33.926090240478516,2
13:15:33.599,3.21138858795166,299.89556884765625,20.427946090698242,34.092803955078125,63.4203987121582,65.89330291748047,2
13:15:33.599,5.430479049682617,301.5380554199219,20.345321655273438,66.67130279541016,33.3148078918457,59.84996032714844,2
13:15:33.599,1.3592842817306519,304.333251953125,20.20566177368164,56.36288070678711,67.10197448730469,32.88413619995117,2
13:15:33.599,3.515841484069824,300.79559326171875,20.381113052368164,32.53681564331055,54.542930603027344,67.44928741455078,2
13:15:33.599,5.7241387367248535,300.8919982910156,20.37553596496582,67.62989807128906,32.3562126159668,51.06974411010742,2
13:15:33.599,1.6546398401260376,301.6767883300781,20.3361873626709,47.4437370300293,67.54653930664062,32.43956756591797,2
13:15:33.600,3.8395519256591797,300.4415283203125,20.397857666015625,32.592384338378906,44.6790771484375,67.39372253417969,2
13:15:33.600,6.057906150817871,301.5569763183594,20.34145164489746,66.83800506591797,33.14809799194336,41.02528381347656,2
13:15:33.600,2.0044188499450684,303.10791015625,20.262907028198242,37.21867370605469,65.92108917236328,34.06501770019531,2
13:15:33.600,4.1517558097839355,300.669189453125,20.38479995727539,34.384552001953125,35.690467834472656,65.60155487060547,2
13:15:33.600,0.05840322747826576,300.0401611328125,20.415321350097656,65.79605102539062,36.26007080078125,34.1900520324707,2
13:15:33.600,2.260321617126465,299.3226013183594,20.45137596130371,33.39816665649414,66.58794403076172,39.247013092041016,2
13:15:33.600,4.460323333740234,301.8848571777344,20.323144912719727,42.38677215576172,32.95359802246094,67.03250885009766,2
13:15:33.600,0.3166980445384979,297.2398681640625,20.555288314819336,67.4215087890625,43.6649055480957,32.56460189819336,2
13:15:33.600,2.563237190246582,300.435546875,20.395105361938477,32.3562126159668,67.62989807128906,48.31897735595703,2
13:15:33.784,4.718519687652588,298.4951477050781,20.49276351928711,50.180606842041016,32.24506759643555,67.74103546142578,2
13:15:33.784,0.5940317511558533,297.0042419433594,20.568286895751953,67.75492858886719,52.167266845703125,32.23117446899414,2
13:15:33.784,2.861311197280884,300.8667297363281,20.374094009399414,32.870243072509766,67.1158676147461,57.349266052246094,2
13:15:33.784,5.041255950927734,300.2112731933594,20.407146453857422,59.877742767333984,33.27313232421875,66.71297454833984,2
13:15:33.784,0.8854838013648987,296.51531982421875,20.593128204345703,66.67130279541016,60.933589935302734,33.3148078918457,2
13:15:33.784,3.10951828956604,298.7943115234375,20.47865867614746,34.35676574707031,65.62934112548828,64.4901351928711,2
13:15:33.784,5.3619537353515625,301.64862060546875,20.33566665649414,66.22673034667969,33.759376525878906,61.808837890625,2
13:15:33.784,1.2468703985214233,303.16259765625,20.260581970214844,59.669349670410156,66.6296157836914,33.35648727416992,2
13:15:33.784,3.441866397857666,300.1021423339844,20.412256240844727,32.75910186767578,56.779659271240234,67.22700500488281,2
13:15:33.784,5.654393196105957,301.3487854003906,20.349802017211914,67.51875305175781,32.46735382080078,53.195335388183594,2
13:15:33.784,1.5741182565689087,302.367431640625,20.29901123046875,49.888858795166016,67.57432556152344,32.411781311035156,2
13:15:33.784,3.693747043609619,297.74957275390625,20.530109405517578,32.217281341552734,49.11086654663086,67.7688217163086,2
13:15:33.785,5.970306396484375,301.938720703125,20.32029914855957,67.19922637939453,32.78688430786133,43.62322998046875,2
13:15:33.785,1.9070554971694946,304.5647277832031,20.18817138671875,39.99721908569336,66.49069213867188,33.49541473388672,2
13:15:33.785,4.053038597106934,301.07061767578125,20.361549377441406,33.676021575927734,38.44123458862305,66.3100814819336,2
13:15:33.785,0.022998549044132233,302.6003112792969,20.282466888427734,65.40705871582031,35.38482666015625,34.57905197143555,2
13:15:33.785,2.1902081966400146,299.9225158691406,20.416093826293945,33.91219711303711,66.07391357421875,37.28813552856445,2
13:15:33.785,4.390775680541992,300.1409912109375,20.404245376586914,40.31675338745117,33.23145294189453,66.75465393066406,2
13:15:33.785,0.2931845784187317,299.1632080078125,20.451705932617188,67.24089813232422,42.984161376953125,32.74520492553711,2
13:15:33.966,2.5123071670532227,300.4601745605469,20.385135650634766,32.43956756591797,67.54653930664062,46.76299285888672,2
13:15:33.966,4.7348246574401855,301.8275451660156,20.315288543701172,50.68074417114258,32.39788818359375,67.58821868896484,2
13:15:33.966,0.5947770476341248,298.396484375,20.48699378967285,67.68547058105469,52.18115997314453,32.30064010620117,2
13:15:33.966,2.8056793212890625,299.5495300292969,20.426950454711914,32.620174407958984,67.36593627929688,55.709922790527344,2
13:15:33.966,5.058809280395508,302.4223327636719,20.281932830810547,60.32231521606445,33.467628479003906,66.51847839355469,2
13:15:33.967,0.9128015041351318,298.3813781738281,20.48348617553711,66.40733337402344,61.6560173034668,33.57876968383789,2
13:15:33.967,3.162691593170166,301.5624084472656,20.321779251098633,34.565155029296875,64.67073822021484,65.42095184326172,2
13:15:33.967,5.373325824737549,301.6202087402344,20.317729949951172,66.29619598388672,33.68991470336914,61.475406646728516,2
13:15:33.967,1.2703561782836914,302.20819091796875,20.28842544555664,59.00250244140625,66.78244018554688,33.20366668701172,2
13:15:33.967,3.4426186084747314,298.8354187011719,20.456544876098633,32.71742248535156,56.765769958496094,67.26868438720703,2
13:15:33.967,5.666554927825928,300.90325927734375,20.353374481201172,67.54653930664062,32.43956756591797,52.83412170410156,2
13:15:33.967,1.6089681386947632,303.5791015625,20.219768524169922,48.8330078125,67.49097442626953,32.49513626098633,2
13:15:33.967,3.762220621109009,300.7220764160156,20.361745834350586,32.43956756591797,47.04084396362305,67.54653930664062,2
13:15:33.967,5.979145050048828,300.8984069824219,20.352169036865234,67.19922637939453,32.78688430786133,43.345375061035156,2
13:15:33.967,1.8986624479293823,301.1156311035156,20.34109878540039,40.16393280029297,66.67130279541016,33.3148078918457,2
13:15:33.967,4.0592942237854,299.6088562011719,20.4173641204834,33.66212844848633,38.23284149169922,66.323974609375,2
13:15:33.967,6.278486728668213,301.04083251953125,20.345592498779297,65.29591369628906,34.69019317626953,34.856903076171875,2
13:15:33.967,2.1850333213806152,298.07830810546875,20.49367904663086,33.8844108581543,66.10169219970703,37.09363555908203,2
13:15:34.144,4.3736162185668945,301.75421142578125,20.31089210510254,39.872188568115234,33.39816665649414,66.58794403076172,2
13:15:34.144,0.23602914810180664,295.936767578125,20.60125160217285,67.10197448730469,41.23367691040039,32.88413619995117,2
13:15:34.144,2.4589293003082275,299.09967041015625,20.443288803100586,32.509029388427734,67.4770736694336,45.13753890991211,2
13:15:34.144,4.6993865966796875,302.2005615234375,20.28758430480957,49.597110748291016,32.42567443847656,67.56043243408203,2
13:15:34.144,0.5080918073654175,296.3359680175781,20.581132888793945,67.81050872802734,49.513755798339844,32.175601959228516,2
13:15:34.144,2.7716405391693115,300.39453125,20.377748489379883,32.55070877075195,67.4354019165039,54.66796112060547,2
13:15:34.144,4.914787769317627,297.8599548339844,20.50554847717285,56.18227005004883,32.592384338378906,67.39372253417969,2
13:15:34.144,0.7987549304962158,296.6494140625,20.567827224731445,67.1297607421875,58.37732696533203,32.85634994506836,2
13:15:34.144,3.058013677597046,300.0642395019531,20.396190643310547,34.00944900512695,65.9766616821289,63.03139877319336,2
13:15:34.144,5.25272798538208,300.5205993652344,20.373899459838867,65.42095184326172,34.565155029296875,64.82356262207031,2
13:15:34.145,1.1315042972564697,302.5783386230469,20.27214241027832,62.92025375366211,65.87940979003906,34.10669708251953,2
13:15:34.145,3.337409257888794,299.8279724121094,20.40886688232422,33.259239196777344,59.84996032714844,66.72686767578125,2
13:15:34.145,5.566674709320068,301.53863525390625,20.322744369506836,67.26868438720703,32.71742248535156,55.83495330810547,2
13:15:34.145,1.4808361530303955,302.73236083984375,20.263458251953125,52.72297668457031,67.4770736694336,32.509029388427734,2
13:15:34.145,3.6403191089630127,299.8431701660156,20.407150268554688,32.32842254638672,50.750205993652344,67.65768432617188,2
13:15:34.145,5.8677239418029785,300.99249267578125,20.349353790283203,67.51875305175781,32.46735382080078,46.69352340698242,2
13:15:34.145,1.7901643514633179,302.8668212890625,20.255680084228516,43.38705062866211,67.1158676147461,32.870243072509766,2
13:15:34.145,3.9126136302948,298.0208435058594,20.498191833496094,32.78688430786133,42.45623779296875,67.19922637939453,2
13:15:34.322,6.181745529174805,302.1657409667969,20.290342330932617,66.0183334350586,33.967769622802734,37.52431106567383,2
13:15:34.322,2.1330628395080566,304.700439453125,20.162315368652344,34.55126190185547,65.43484497070312,35.898860931396484,2
13:15:34.322,4.274025917053223,302.3109436035156,20.281089782714844,37.07974624633789,34.092803955078125,65.89330291748047,2
13:15:34.322,0.19486203789710999,298.9673156738281,20.446073532104492,66.75465393066406,40.0944709777832,33.23145294189453,2
13:15:34.322,2.377699613571167,299.892578125,20.39950180053711,32.82856369018555,67.15753936767578,42.70630645751953,2
13:15:34.322,4.60425329208374,300.6288146972656,20.361249923706055,46.69352340698242,32.46735382080078,67.51875305175781,2
13:15:34.322,0.49094486236572266,298.939208984375,20.44445037841797,67.68547058105469,48.9858283996582,32.30064010620117,2
13:15:34.322,2.7294750213623047,300.9371643066406,20.342897415161133,32.48124313354492,67.50486755371094,53.389827728271484,2
13:15:34.322,4.957977771759033,302.1260986328125,20.281442642211914,57.39094161987305,32.95359802246094,67.03250885009766,2
13:15:34.322,0.8142552971839905,298.585205078125,20.4587459564209,66.96304321289062,58.79410934448242,33.02306365966797,2
13:15:34.322,3.011570930480957,299.0342102050781,20.434505462646484,33.64823532104492,66.33787536621094,61.753265380859375,2
13:15:34.322,5.267829895019531,300.88568115234375,20.340518951416016,65.51820373535156,34.4679069519043,64.39289093017578,2
13:15:34.322,1.1700159311294556,304.3789978027344,20.16609764099121,61.79494094848633,66.07391357421875,33.91219711303711,2
13:15:34.322,3.3737432956695557,301.0672302246094,20.329301834106445,33.13420486450195,58.7524299621582,66.85189819335938,2
13:15:34.322,5.5774407386779785,301.262451171875,20.318761825561523,67.29647064208984,32.68963623046875,55.515419006347656,2
13:15:34.322,1.4942518472671509,302.0323791503906,20.280488967895508,52.32008743286133,67.50486755371094,32.48124313354492,2
13:15:34.322,3.6388936042785645,298.7391357421875,20.445058822631836,32.286746978759766,50.80577850341797,67.6993637084961,2
13:15:34.322,5.87965202331543,301.5057678222656,20.306724548339844,67.44928741455078,32.53681564331055,46.34620666503906,2
13:15:34.502,1.8140625953674316,303.5190124511719,20.20600700378418,42.692413330078125,66.97694396972656,33.0091667175293,2
13:15:34.502,3.9614670276641846,300.2620544433594,20.36870574951172,33.12031173706055,41.06696319580078,66.86579895019531,2
13:15:34.502,6.179166793823242,301.2458801269531,20.318809509277344,66.06002044677734,33.926090240478516,37.57988357543945,2
13:15:34.502,2.1006035804748535,301.7869873046875,20.2916202545166,34.71797561645508,65.26812744140625,34.94026184082031,2
13:15:34.502,4.268035411834717,299.6783142089844,20.397197723388672,36.84356689453125,34.0372314453125,65.9488754272461,2
13:15:34.502,0.16756616532802582,298.3396911621094,20.463830947875977,66.60183715820312,39.288692474365234,33.384273529052734,2
13:15:34.502,2.3618593215942383,298.744140625,20.44357681274414,32.870243072509766,67.1158676147461,42.220062255859375,2
13:15:34.502,4.57275390625,300.98748779296875,20.33195686340332,45.748817443847656,32.55070877075195,67.4354019165039,2
13:15:34.502,0.40333718061447144,295.4703369140625,20.608509063720703,67.7132568359375,46.29063415527344,32.27285385131836,2
13:15:34.502,2.6404550075531006,298.82421875,20.44066619873047,32.30064010620117,67.68547058105469,50.68074417114258,2
13:15:34.502,4.877370834350586,301.5589294433594,20.303699493408203,55.00138854980469,32.64795684814453,67.33815002441406,2
13:15:34.502,0.6903098225593567,296.4138488769531,20.561800003051758,67.54653930664062,55.11252975463867,32.43956756591797,2
13:15:34.502,2.959129571914673,300.419677734375,20.361047744750977,33.37038040161133,66.61572265625,60.2111701965332,2
13:15:34.502,5.113747596740723,298.4477233886719,20.460628509521484,61.989437103271484,33.676021575927734,66.3100814819336,2
13:15:34.502,1.0122568607330322,302.2626953125,20.27104377746582,65.49040985107422,64.26785278320312,34.49569320678711,2
13:15:34.502,3.2473349571228027,298.8010559082031,20.44292449951172,33.81494903564453,62.43401336669922,66.17115783691406,2
13:15:34.502,5.448448657989502,300.0475769042969,20.380895614624023,66.79633331298828,33.18977355957031,59.349815368652344,2
13:15:34.502,1.3596140146255493,303.03656005859375,20.23261260986328,56.34898376464844,67.1297607421875,32.85634994506836,2
13:15:34.673,3.527148485183716,299.7035827636719,20.39862823486328,32.49513626098633,54.20949935913086,67.49097442626953,2
13:15:34.673,5.745161533355713,300.9091796875,20.338279724121094,67.60211181640625,32.383995056152344,50.43067169189453,2
13:15:34.673,1.6645474433898926,302.3777160644531,20.265649795532227,47.15198516845703,67.46318054199219,32.52292251586914,2
13:15:34.674,3.816249370574951,299.5964050292969,20.404539108276367,32.52292251586914,45.38760757446289,67.46318054199219,2
13:15:34.674,6.045144081115723,300.8634033203125,20.341144561767578,66.89358520507812,33.092525482177734,41.400386810302734,2
13:15:34.674,1.9698642492294312,302.7831726074219,20.245424270629883,38.191162109375,66.14337921142578,33.842735290527344,2
13:15:34.674,4.088709831237793,297.9642028808594,20.487009048461914,33.81494903564453,37.35759735107422,66.17115783691406,2
13:15:34.674,0.0774664655327797,302.1893310546875,20.274810791015625,65.83773803710938,36.87135314941406,34.148372650146484,2
13:15:34.674,2.2634048461914062,300.3534240722656,20.365928649902344,33.4537353515625,66.53236389160156,39.38594055175781,2
13:15:34.674,4.440182685852051,301.3632507324219,20.314922332763672,41.803279876708984,33.050846099853516,66.93525695800781,2
13:15:34.674,0.3362114131450653,298.8074951171875,20.440828323364258,67.37982940673828,44.276187896728516,32.60628128051758,2
13:15:34.674,2.5292675495147705,299.11138916015625,20.42557716369629,32.37010192871094,67.61600494384766,47.27702331542969,2
13:15:34.852,4.745044231414795,300.1730041503906,20.371580123901367,50.986385345458984,32.3562126159668,67.62989807128906,2
13:15:34.853,0.6525748372077942,299.20623779296875,20.41901206970215,67.53264617919922,53.93164825439453,32.453460693359375,2
13:15:34.853,2.882788896560669,300.5208435058594,20.351760864257812,32.98138427734375,67.00472259521484,57.98832702636719,2
13:15:34.853,5.100159645080566,301.2305603027344,20.314855575561523,61.51708984375,33.70380783081055,66.28230285644531,2
13:15:34.853,0.9495455026626587,304.5709533691406,20.1489200592041,65.87940979003906,62.47568893432617,34.10669708251953,2
13:15:34.853,3.1708688735961914,300.41790771484375,20.354595184326172,34.4818000793457,64.47624206542969,65.50430297851562,2
13:15:34.853,5.41953706741333,301.692138671875,20.28950309753418,66.5601577758789,33.42594909667969,60.14170837402344,2
13:15:34.853,1.3500865697860718,304.5421447753906,20.14649772644043,56.61294937133789,67.01861572265625,32.967491149902344,2
13:15:34.853,3.5403943061828613,301.8063049316406,20.280818939208984,32.56460189819336,53.77882766723633,67.4215087890625,2
13:15:34.853,5.746683597564697,301.7829895019531,20.28062629699707,67.56043243408203,32.42567443847656,50.38899612426758,2
13:15:34.853,1.6535180807113647,301.9062805175781,20.274599075317383,47.48541259765625,67.49097442626953,32.49513626098633,2
13:15:34.853,3.7930939197540283,298.70703125,20.43468475341797,32.43956756591797,46.082244873046875,67.54653930664062,2
13:15:34.853,6.022825241088867,300.80938720703125,20.329662322998047,66.99082946777344,32.995277404785156,42.053348541259766,2
13:15:34.853,1.9596689939498901,303.35845947265625,20.20261001586914,38.496803283691406,66.18505096435547,33.801055908203125,2
13:15:34.853,4.094438552856445,300.1669921875,20.36240005493164,33.95387649536133,37.28813552856445,66.03223419189453,2
13:15:34.853,0.0270664244890213,300.4875183105469,20.3461856842041,65.49040985107422,35.45429229736328,34.49569320678711,2
13:15:34.853,2.21040678024292,297.80621337890625,20.480642318725586,33.70380783081055,66.28230285644531,37.81605911254883,2
13:15:34.853,4.389226913452148,299.4931640625,20.397476196289062,40.27507781982422,33.24534606933594,66.74076080322266,2
13:15:34.853,0.29907599091529846,298.7750244140625,20.43292236328125,67.24089813232422,43.16476821899414,32.74520492553711,2
13:15:34.853,2.480551242828369,297.9454345703125,20.474136352539062,32.42567443847656,67.56043243408203,45.790496826171875,2
13:15:34.853,4.7203474044799805,301.48870849609375,20.297321319580078,50.236175537109375,32.411781311035156,67.57432556152344,2
13:15:34.853,0.5282458066940308,295.2983093261719,20.607789993286133,67.83828735351562,50.1389274597168,32.14781951904297,2
13:15:34.853,2.7466471195220947,298.0701599121094,20.46965980529785,32.411781311035156,67.57432556152344,53.93164825439453,2
13:15:35.032,4.998370170593262,300.79010009765625,20.3338680267334,58.599609375,33.092525482177734,66.89358520507812,2
13:15:35.032,0.8200623989105225,296.48614501953125,20.55047607421875,67.01861572265625,59.00250244140625,32.967491149902344,2
13:15:35.032,3.0795934200286865,299.9761657714844,20.375446319580078,34.1900520324707,65.79605102539062,63.60099792480469,2
13:15:35.032,5.240756988525391,300.23846435546875,20.363750457763672,65.309814453125,34.676300048828125,65.14309692382812,2
13:15:35.032,1.1724863052368164,302.84136962890625,20.234533309936523,61.767154693603516,66.14337921142578,33.842735290527344,2
13:15:35.032,3.350188732147217,298.65460205078125,20.442909240722656,33.1619873046875,59.48875045776367,66.8241195678711,2
13:15:35.032,5.55551815032959,300.1109313964844,20.370838165283203,67.26868438720703,32.71742248535156,56.18227005004883,2
13:15:35.032,1.4809929132461548,301.9340515136719,20.28080177307129,52.72297668457031,67.49097442626953,32.49513626098633,2
13:15:35.033,3.648198366165161,299.69244384765625,20.39311408996582,32.32842254638672,50.51403045654297,67.65768432617188,2
13:15:35.033,5.8560967445373535,300.1642150878906,20.36943244934082,67.54653930664062,32.43956756591797,47.05473709106445,2
13:15:35.033,1.802157998085022,303.4499816894531,20.20574188232422,43.03973388671875,67.01861572265625,32.967491149902344,2
13:15:35.033,3.9385714530944824,299.8279724121094,20.386322021484375,32.995277404785156,41.73381805419922,66.99082946777344,2
13:15:35.206,6.156398296356201,301.0295104980469,20.32576560974121,66.22673034667969,33.759376525878906,38.20505905151367,2
13:15:35.206,2.0797946453094482,302.0203857421875,20.276735305786133,35.17643737792969,65.32369995117188,34.66240692138672,2
13:15:35.206,4.189455509185791,299.1112060546875,20.42377281188965,34.69019317626953,34.66240692138672,65.32369995117188,2
13:15:35.206,0.140977144241333,296.8477783203125,20.536643981933594,66.49069213867188,38.496803283691406,33.49541473388672,2
13:15:35.206,2.370374917984009,300.8822021484375,20.33350372314453,32.925811767578125,67.06029510498047,42.511810302734375,2
13:15:35.206,4.575375080108643,302.3612976074219,20.258516311645508,45.8460693359375,32.60628128051758,67.37982940673828,2
13:15:35.206,0.4484885334968567,298.9490966796875,20.4273681640625,67.62989807128906,47.69380569458008,32.3562126159668,2
13:15:35.206,2.649242877960205,299.24237060546875,20.412439346313477,32.32842254638672,67.65768432617188,50.94470977783203,2
13:15:35.206,4.854092597961426,299.6549377441406,20.39095687866211,54.3067512512207,32.509029388427734,67.4770736694336,2
13:15:35.206,0.7615137100219727,298.8738708496094,20.429523468017578,67.18533325195312,57.2103385925293,32.800777435302734,2
13:15:35.206,2.9942069053649902,300.8568420410156,20.32848358154297,33.62044906616211,66.36566162109375,61.19755554199219,2
13:15:35.206,5.237096309661865,302.1741638183594,20.260778427124023,65.19866943359375,34.78744125366211,65.15699005126953,2
13:15:35.206,1.1084840297698975,304.96856689453125,20.121936798095703,63.462074279785156,65.58766174316406,34.39844512939453,2
13:15:35.206,3.2944419384002686,300.936767578125,20.32172393798828,33.59266662597656,61.03084182739258,66.39344024658203,2
13:15:35.206,5.525117874145508,301.60308837890625,20.287189483642578,67.08808135986328,32.89802551269531,57.057518005371094,2
13:15:35.206,1.4592199325561523,303.7059631347656,20.18157196044922,53.3620491027832,67.36593627929688,32.620174407958984,2
13:15:35.206,3.629293441772461,301.2902526855469,20.30077362060547,32.42567443847656,51.08363723754883,67.56043243408203,2
13:15:35.206,5.8341851234436035,300.9311218261719,20.31822395324707,67.54653930664062,32.43956756591797,47.721588134765625,2
13:15:35.207,1.7311383485794067,301.3746643066406,20.2967472076416,45.13753890991211,67.33815002441406,32.64795684814453,2
13:15:35.207,3.904284954071045,299.5442199707031,20.388671875,32.84245681762695,42.74798583984375,67.14364624023438,2
13:15:35.207,6.135299205780029,301.4589538574219,20.292531967163086,66.33787536621094,33.64823532104492,38.830230712890625,2
13:15:35.207,2.0734663009643555,303.5019836425781,20.190105438232422,35.398719787597656,65.309814453125,34.676300048828125,2
13:15:35.207,4.205734729766846,300.37237548828125,20.34663200378418,35.17643737792969,34.57905197143555,65.40705871582031,2
13:15:35.207,0.12150368839502335,298.3367919921875,20.44812774658203,66.29619598388672,37.98277282714844,33.68991470336914,2
13:15:35.376,2.29461932182312,298.3422546386719,20.448436737060547,33.20366668701172,66.78244018554688,40.247291564941406,2
13:15:35.377,4.4986677169799805,299.225830078125,20.405305862426758,43.49819564819336,32.71742248535156,67.26868438720703,2
13:15:35.377,0.39390313625335693,298.0447692871094,20.46417808532715,67.56043243408203,46.02667236328125,32.42567443847656,2
13:15:35.377,2.585432291030884,298.09124755859375,20.461637496948242,32.286746978759766,67.6993637084961,48.99972152709961,2
13:15:35.377,4.83279275894165,301.6092224121094,20.28573989868164,53.65379333496094,32.55070877075195,67.4354019165039,2
13:15:35.377,0.6229227781295776,294.9150085449219,20.62217140197754,67.7688217163086,53.0564079284668,32.217281341552734,2
13:15:35.377,2.8682796955108643,298.9565124511719,20.41984748840332,32.85634994506836,67.1297607421875,57.58544158935547,2
13:15:35.377,5.1100754737854,300.97509765625,20.318565368652344,61.79494094848633,33.77326965332031,66.21283721923828,2
13:15:35.377,0.9290004372596741,296.5819396972656,20.53982162475586,66.33787536621094,62.14225769042969,33.64823532104492,2
13:15:35.377,3.1875247955322266,299.1246643066406,20.412002563476562,34.30119323730469,64.07335662841797,65.6849136352539,2
13:15:35.377,5.356489658355713,299.5670471191406,20.391149520874023,66.2406234741211,33.745487213134766,61.989437103271484,2
13:15:35.377,1.290615200996399,302.1368713378906,20.263879776000977,58.405113220214844,66.85189819335938,33.13420486450195,2
13:15:35.377,3.4562771320343018,298.7029113769531,20.434730529785156,32.675743103027344,56.34898376464844,67.31036376953125,2
13:15:35.377,5.678093433380127,300.16412353515625,20.362220764160156,67.57432556152344,32.411781311035156,52.47290802001953,2
13:15:35.377,1.5961819887161255,302.0542907714844,20.268659591674805,49.222007751464844,67.54653930664062,32.43956756591797,2
13:15:35.377,3.7480523586273193,299.0923767089844,20.417213439941406,32.37010192871094,47.45762634277344,67.61600494384766,2
13:15:35.377,5.966757297515869,300.39459228515625,20.35211753845215,67.24089813232422,32.74520492553711,43.72047805786133,2
13:15:35.551,1.9014750719070435,302.4775085449219,20.2485294342041,40.13615036010742,66.57405090332031,33.41205978393555,2
13:15:35.552,4.061718940734863,300.303466796875,20.356800079345703,33.731590270996094,38.20505905151367,66.2545166015625,2
13:15:35.552,6.27771520614624,300.8268737792969,20.33042335510254,65.28202056884766,34.70408248901367,34.88468933105469,2
13:15:35.552,2.188873291015625,299.1679382324219,20.413522720336914,33.91219711303711,66.07391357421875,37.246456146240234,2
13:15:35.552,4.315023422241211,299.64739990234375,20.391157150268555,38.14948654174805,33.70380783081055,66.28230285644531,2
13:15:35.552,0.23320342600345612,296.5641784667969,20.544809341430664,67.04640197753906,41.164215087890625,32.93970489501953,2
13:15:35.552,2.4730722904205322,300.74493408203125,20.334474563598633,32.56460189819336,67.4215087890625,45.58210754394531,2
13:15:35.552,4.6883344650268555,302.2654113769531,20.257343292236328,49.2636833190918,32.453460693359375,67.53264617919922,2
13:15:35.552,0.544330894947052,298.3553161621094,20.451337814331055,67.6993637084961,50.62517547607422,32.286746978759766,2
13:15:35.552,2.7458057403564453,298.8751525878906,20.426013946533203,32.453460693359375,67.53264617919922,53.90385818481445,2
13:15:35.552,4.951989650726318,299.3741455078125,20.400569915771484,57.25201416015625,32.82856369018555,67.15753936767578,2
13:15:35.552,0.859032928943634,298.7355041503906,20.432279586791992,66.69908142089844,60.08613586425781,33.287025451660156,2
13:15:35.552,3.091942548751831,300.2501525878906,20.354726791381836,34.31509017944336,65.6710205078125,63.93442916870117,2
13:15:35.552,5.324979782104492,299.7381591796875,20.378503799438477,66.00444030761719,33.98166275024414,62.86468505859375,2
13:15:35.552,1.2326000928878784,304.96905517578125,20.11758804321289,60.00278091430664,66.43511962890625,33.550987243652344,2
13:15:35.552,3.399352550506592,300.9211730957031,20.31836700439453,33.0091667175293,58.002220153808594,66.97694396972656,2
13:15:35.552,5.625212669372559,301.595947265625,20.283374786376953,67.39372253417969,32.592384338378906,54.07057571411133,2
13:15:35.740,1.5644398927688599,303.72113037109375,20.176538467407227,50.180606842041016,67.46318054199219,32.52292251586914,2
13:15:35.740,3.7181687355041504,300.6260070800781,20.32993507385254,32.411781311035156,48.374549865722656,67.57432556152344,2
13:15:35.741,5.934479713439941,300.8106689453125,20.32012176513672,67.32425689697266,32.66184997558594,44.692970275878906,2
13:15:35.741,1.8443313837051392,302.0266418457031,20.259994506835938,41.78938674926758,66.87969207763672,33.10641860961914,2
13:15:35.741,4.0039753913879395,299.2713623046875,20.398178100585938,33.328704833984375,39.830509185791016,66.65740966796875,2
13:15:35.741,6.234617710113525,301.2393493652344,20.299667358398438,65.62934112548828,34.35676574707031,36.06557083129883,2
13:15:35.741,2.1661062240600586,299.657470703125,20.378459930419922,34.12059020996094,65.86551666259766,36.649070739746094,2
13:15:35.741,4.302057266235352,299.6278381347656,20.380138397216797,37.80216979980469,33.81494903564453,66.17115783691406,2
13:15:35.741,0.19626891613006592,298.47528076171875,20.43806266784668,66.75465393066406,40.13615036010742,33.23145294189453,2
13:15:35.741,2.3918590545654297,298.2809753417969,20.448217391967773,32.73131561279297,67.25479125976562,43.109195709228516,2
13:15:35.741,4.598877906799316,299.7938232421875,20.37327003479004,46.52681350708008,32.46735382080078,67.51875305175781,2
13:15:35.741,0.5004258751869202,298.38824462890625,20.44304656982422,67.6993637084961,49.2775764465332,32.286746978759766,2
13:15:35.741,2.6922590732574463,298.3055114746094,20.447179794311523,32.32842254638672,67.65768432617188,52.26451873779297,2
13:15:35.741,4.932381629943848,301.22821044921875,20.301124572753906,56.64073181152344,32.82856369018555,67.15753936767578,2
13:15:35.741,0.7322718501091003,295.6952209472656,20.57942008972168,67.4354019165039,56.39066696166992,32.55070877075195,2
13:15:35.741,2.9649791717529297,298.2293395996094,20.45271110534668,33.342594146728516,66.64350891113281,60.419559478759766,2
13:15:35.741,5.223572254180908,301.6300964355469,20.282072067260742,64.87913513183594,34.676300048828125,65.309814453125,2
13:15:35.741,1.05287504196167,301.41217041015625,20.2949275970459,65.05973815917969,65.26812744140625,34.71797561645508,2
13:15:35.917,3.270535945892334,298.87109375,20.421545028686523,33.66212844848633,61.767154693603516,66.323974609375,2
13:15:35.917,5.469733238220215,300.452880859375,20.343591690063477,66.87969207763672,33.10641860961914,58.71075439453125,2
13:15:35.917,1.3992369174957275,302.1475830078125,20.259660720825195,55.18199157714844,67.28257751464844,32.703529357910156,2
13:15:35.917,3.564201593399048,298.72314453125,20.43019676208496,32.383995056152344,53.084190368652344,67.60211181640625,2
13:15:35.917,5.777920722961426,300.1408996582031,20.359800338745117,67.61600494384766,32.37010192871094,49.430397033691406,2
13:15:35.917,1.6975924968719482,301.888427734375,20.273683547973633,46.151710510253906,67.4076156616211,32.578495025634766,2
13:15:35.917,3.8364098072052,298.99066162109375,20.419448852539062,32.56460189819336,44.77632522583008,67.4215087890625,2
13:15:35.917,6.055169105529785,300.4899597167969,20.34486961364746,66.85189819335938,33.13420486450195,41.108642578125,2
13:15:35.917,1.9919712543487549,302.8189697265625,20.229021072387695,37.59377670288086,65.9766616821289,34.00944900512695,2
13:15:35.917,4.138298034667969,299.8887023925781,20.375364303588867,34.28730010986328,36.06557083129883,65.69879913330078,2
13:15:35.917,0.07934927940368652,296.48443603515625,20.545204162597656,66.06002044677734,36.74631881713867,33.926090240478516,2
13:15:35.917,2.249934673309326,298.7408142089844,20.43279457092285,33.48152160644531,66.50458526611328,38.96915817260742,2
13:15:35.917,4.412855625152588,299.2462463378906,20.409154891967773,40.9558219909668,33.10641860961914,66.87969207763672,2
13:15:35.917,0.2981148660182953,296.39093017578125,20.551851272583008,67.33815002441406,43.095306396484375,32.64795684814453,2
13:15:35.917,2.546505928039551,300.61181640625,20.33945083618164,32.42567443847656,67.56043243408203,47.81884002685547,2
13:15:35.917,4.7550764083862305,301.4823913574219,20.294967651367188,51.29202651977539,32.43956756591797,67.54653930664062,2
13:15:35.917,0.6298454403877258,298.437744140625,20.446374893188477,67.60211181640625,53.25090408325195,32.383995056152344,2
13:15:35.917,2.8234355449676514,299.0343017578125,20.41700553894043,32.68963623046875,67.29647064208984,56.23784637451172,2
13:15:35.917,5.040098667144775,299.46966552734375,20.39458465576172,59.83606719970703,33.27313232421875,66.71297454833984,2
13:15:35.918,0.9361000657081604,298.78204345703125,20.4283390045166,66.19894409179688,62.281192779541016,33.78716278076172,2
13:15:35.918,3.1864383220672607,301.69830322265625,20.28045654296875,34.39844512939453,64.00389099121094,65.58766174316406,2
13:15:35.918,5.38499116897583,299.669677734375,20.3804931640625,66.42122650146484,33.56488037109375,61.18366241455078,2
13:15:35.918,1.3379724025726318,304.6518859863281,20.13170051574707,56.96026611328125,66.96304321289062,33.02306365966797,2
13:15:35.918,3.4793455600738525,300.7831726074219,20.32383918762207,32.68963623046875,55.626564025878906,67.29647064208984,2
13:15:35.918,5.704392433166504,301.29290771484375,20.296966552734375,67.54653930664062,32.43956756591797,51.66712951660156,2
13:15:35.918,1.6563303470611572,303.8751525878906,20.16728973388672,47.40205764770508,67.39372253417969,32.592384338378906,2
13:15:35.918,3.818998336791992,300.75775146484375,20.321916580200195,32.60628128051758,45.318145751953125,67.37982940673828,2
13:15:35.918,6.023590087890625,301.0903015136719,20.30474853515625,66.96304321289062,33.02306365966797,42.03945541381836,2
13:15:35.918,1.945381999015808,302.1408386230469,20.252458572387695,38.871910095214844,66.3100814819336,33.676021575927734,2
13:15:35.918,4.080105781555176,299.00640869140625,20.409835815429688,33.81494903564453,37.649349212646484,66.17115783691406,2
13:15:35.918,0.02858312986791134,301.0029602050781,20.309490203857422,65.47651672363281,35.52375793457031,34.509586334228516,2
13:15:35.919,2.232553720474243,299.2666320800781,20.39590072631836,33.62044906616211,66.36566162109375,38.496803283691406,2
13:15:35.919,4.390311241149902,299.8959045410156,20.364578247070312,40.330650329589844,33.259239196777344,66.72686767578125,2
13:15:35.919,0.29508063197135925,298.5230407714844,20.433053970336914,67.22700500488281,43.053627014160156,32.75910186767578,2
13:15:35.919,2.476855993270874,298.3775939941406,20.44051742553711,32.46735382080078,67.51875305175781,45.67935562133789,2
13:15:35.919,4.675847053527832,299.0194091796875,20.409130096435547,48.87468719482422,32.32842254638672,67.65768432617188,2
13:15:36.091,0.5735434293746948,297.87677001953125,20.466949462890625,67.6993637084961,51.528202056884766,32.286746978759766,2
13:15:36.091,2.7565557956695557,297.9305114746094,20.464696884155273,32.43956756591797,67.54653930664062,54.23728942871094,2
13:15:36.091,5.0110602378845215,301.52984619140625,20.284992218017578,58.946929931640625,33.20366668701172,66.78244018554688,2
13:15:36.091,0.8061728477478027,295.3016662597656,20.5985164642334,67.1297607421875,58.613502502441406,32.85634994506836,2
13:15:36.091,3.0426275730133057,298.63580322265625,20.431367874145508,33.87051773071289,66.11558532714844,62.6146125793457,2
13:15:36.091,5.2963151931762695,299.52264404296875,20.38631820678711,65.78215789794922,34.20394515991211,63.65657043457031,2
13:15:36.091,1.1551727056503296,301.2723083496094,20.300466537475586,62.281192779541016,66.07391357421875,33.91219711303711,2
13:15:36.091,3.3634119033813477,299.3972473144531,20.394004821777344,33.13420486450195,59.08585739135742,66.85189819335938,2
13:15:36.091,5.561697483062744,300.41241455078125,20.344175338745117,67.26868438720703,32.71742248535156,55.98777389526367,2
13:15:36.091,1.4703108072280884,301.4252624511719,20.29445457458496,53.04251480102539,67.4770736694336,32.509029388427734,2
13:15:36.091,3.6388676166534424,298.78582763671875,20.426433563232422,32.31453323364258,50.80577850341797,67.67156982421875,2
13:15:36.092,5.843740940093994,299.5857849121094,20.386993408203125,67.58821868896484,32.39788818359375,47.41594696044922,2
13:15:36.092,1.7764244079589844,301.9436950683594,20.27037239074707,43.789939880371094,67.17144012451172,32.81467056274414,2
13:15:36.092,3.9265878200531006,299.7140197753906,20.38238525390625,32.93970489501953,42.095027923583984,67.04640197753906,2
13:15:36.092,6.156181812286377,300.9271240234375,20.32145118713379,66.22673034667969,33.759376525878906,38.21894836425781,2
13:15:36.092,2.0696802139282227,302.370361328125,20.24980926513672,35.45429229736328,65.3931655883789,34.59294128417969,2
13:15:36.092,4.236841678619385,299.7007141113281,20.38306999206543,35.99610900878906,34.30119323730469,65.6849136352539,2
13:15:36.092,0.13206911087036133,296.7381896972656,20.53132438659668,66.43511962890625,38.246734619140625,33.56488037109375,2
13:15:36.264,2.33630633354187,298.98699951171875,20.41901206970215,33.0091667175293,66.97694396972656,41.48374557495117,2
13:15:36.264,4.501806259155273,299.67474365234375,20.3863468170166,43.59544372558594,32.73131561279297,67.25479125976562,2
13:15:36.264,0.3875519633293152,296.65203857421875,20.53721809387207,67.61600494384766,45.81828308105469,32.37010192871094,2
13:15:36.264,2.620479106903076,300.0829162597656,20.3646297454834,32.3562126159668,67.62989807128906,50.069461822509766,2
13:15:36.264,4.8559417724609375,301.6512756347656,20.28539276123047,54.34843444824219,32.60628128051758,67.37982940673828,2
13:15:36.264,0.7168067693710327,298.54144287109375,20.43999481201172,67.36593627929688,55.87662887573242,32.620174407958984,2
13:15:36.264,2.934918165206909,299.5713806152344,20.388282775878906,33.217559814453125,66.76854705810547,59.530426025390625,2
13:15:36.264,5.140753269195557,299.9341735839844,20.369247436523438,62.684078216552734,33.93998336791992,66.04612731933594,2
13:15:36.264,1.0528589487075806,302.7286071777344,20.229116439819336,65.01805877685547,65.21256256103516,34.7735481262207,2
13:15:36.264,3.2793164253234863,301.60382080078125,20.283674240112305,33.71770095825195,61.447628021240234,66.2684097290039,2
13:15:36.264,5.490025043487549,300.0891418457031,20.35787582397461,66.99082946777344,32.995277404785156,58.12725830078125,2
13:15:36.264,1.4347997903823853,304.3944091796875,20.142749786376953,54.084468841552734,67.28257751464844,32.703529357910156,2
13:15:36.264,3.5934526920318604,301.04620361328125,20.308774948120117,32.453460693359375,52.18115997314453,67.53264617919922,2
13:15:36.264,5.80281400680542,301.0348205566406,20.308029174804688,67.56043243408203,32.42567443847656,48.68019104003906,2
13:15:36.264,1.758694052696228,304.0869445800781,20.154930114746094,44.34565353393555,67.14364624023438,32.84245681762695,2
13:15:36.264,3.9080100059509277,300.8951110839844,20.31317710876465,32.91191864013672,42.66463088989258,67.07418823242188,2
13:15:36.264,6.123709678649902,301.15264892578125,20.299739837646484,66.42122650146484,33.56488037109375,39.14976501464844,2
13:15:36.432,2.035102605819702,302.20025634765625,20.247556686401367,36.39900207519531,65.6710205078125,34.31509017944336,2
13:15:36.432,4.179358959197998,299.40020751953125,20.388185501098633,34.6207275390625,34.95415496826172,65.3653793334961,2
13:15:36.432,0.1077176183462143,297.0075378417969,20.50787353515625,66.2406234741211,37.56599044799805,33.745487213134766,2
13:15:36.432,2.313040256500244,299.20556640625,20.397531509399414,33.14809799194336,66.83800506591797,40.803001403808594,2
13:15:36.432,4.488887786865234,299.83380126953125,20.36640739440918,43.2203369140625,32.800777435302734,67.18533325195312,2
13:15:36.432,0.38865533471107483,298.63525390625,20.426610946655273,67.51875305175781,45.87385177612305,32.46735382080078,2
13:15:36.432,2.5623345375061035,297.8587951660156,20.465774536132812,32.30064010620117,67.68547058105469,48.29119110107422,2
13:15:36.432,4.78568172454834,299.49884033203125,20.384624481201172,52.23672866821289,32.383995056152344,67.60211181640625,2
13:15:36.432,0.6725185513496399,298.2311706542969,20.447715759277344,67.50486755371094,54.542930603027344,32.48124313354492,2
13:15:36.432,2.866244316101074,298.2275695800781,20.448078155517578,32.82856369018555,67.15753936767578,57.52986526489258,2
13:15:36.432,5.110650539398193,301.17431640625,20.300823211669922,61.808837890625,33.78716278076172,66.19894409179688,2
13:15:36.432,0.9153462648391724,295.6656799316406,20.57834815979004,66.46290588378906,61.78104782104492,33.52320098876953,2
13:15:36.432,3.1440505981445312,299.6925964355469,20.3765869140625,34.69019317626953,65.21256256103516,65.29591369628906,2
13:15:36.433,5.389318466186523,299.9909362792969,20.361291885375977,66.43511962890625,33.550987243652344,61.044734954833984,2
13:15:36.433,1.268214225769043,301.19488525390625,20.302490234375,59.071964263916016,66.78244018554688,33.20366668701172,2
13:15:36.433,3.453218698501587,298.72637939453125,20.425838470458984,32.703529357910156,56.432342529296875,67.28257751464844,2
13:15:36.433,5.663921356201172,300.4740905761719,20.339460372924805,67.53264617919922,32.453460693359375,52.903587341308594,2
13:15:36.599,1.5846331119537354,301.4732666015625,20.290361404418945,49.5693244934082,67.56043243408203,32.42567443847656,2
13:15:36.599,3.7271504402160645,298.2921447753906,20.44975471496582,32.31453323364258,48.0966911315918,67.67156982421875,2
13:15:36.599,5.942194938659668,299.2486572265625,20.402912139892578,67.36593627929688,32.620174407958984,44.42900848388672,2
13:15:36.599,1.8651089668273926,301.41778564453125,20.295866012573242,41.164215087890625,66.81022644042969,33.17588424682617,2
13:15:36.599,4.025221824645996,299.33551025390625,20.401159286499023,33.4537353515625,39.2053337097168,66.53236389160156,2
13:15:36.599,6.243540287017822,300.58319091796875,20.33829116821289,65.58766174316406,34.39844512939453,35.80160903930664,2
13:15:36.599,2.1720967292785645,300.48516845703125,20.3433837890625,34.092803955078125,65.89330291748047,36.829673767089844,2
13:15:36.599,4.3362579345703125,300.1429138183594,20.360143661499023,38.774662017822266,33.59266662597656,66.39344024658203,2
13:15:36.599,0.2185707986354828,296.4721984863281,20.543596267700195,66.96304321289062,40.73353576660156,33.02306365966797,2
13:15:36.599,2.4272100925445557,298.8300476074219,20.425922393798828,32.620174407958984,67.36593627929688,44.17893981933594,2
13:15:36.599,4.6039628982543945,299.53228759765625,20.392498016357422,46.67963409423828,32.43956756591797,67.54653930664062,2
13:15:36.599,0.4693818986415863,296.5994567871094,20.53899574279785,67.75492858886719,48.31897735595703,32.23117446899414,2
13:15:36.599,2.7294492721557617,300.62139892578125,20.336517333984375,32.49513626098633,67.49097442626953,53.389827728271484,2
13:15:36.599,4.944495677947998,301.48150634765625,20.29249382019043,56.98805618286133,32.88413619995117,67.10197448730469,2
13:15:36.599,0.8148468732833862,298.38604736328125,20.446313858032227,66.94915008544922,58.79410934448242,33.036956787109375,2
13:15:36.599,3.0100595951080322,298.8868103027344,20.421321868896484,33.64823532104492,66.33787536621094,61.69769287109375,2
13:15:36.763,5.235326290130615,301.8504333496094,20.272552490234375,65.18476867675781,34.78744125366211,65.19866943359375,2
13:15:36.763,1.1592856645584106,302.769775390625,20.226165771484375,62.12837219238281,66.04612731933594,33.93998336791992,2
13:15:36.763,3.381878137588501,301.60113525390625,20.2829532623291,33.13420486450195,58.50236511230469,66.85189819335938,2
13:15:36.763,5.566200256347656,299.55865478515625,20.383663177490234,67.31036376953125,32.675743103027344,55.862735748291016,2
13:15:36.763,1.541434407234192,304.5810241699219,20.1324405670166,50.875240325927734,67.4215087890625,32.56460189819336,2
13:15:36.763,3.671823740005493,300.73614501953125,20.323711395263672,32.39788818359375,49.79161071777344,67.58821868896484,2
13:15:36.763,5.90317440032959,301.3562316894531,20.291170120239258,67.37982940673828,32.60628128051758,45.63767623901367,2
13:15:36.763,1.8507460355758667,304.6520080566406,20.125537872314453,41.65045928955078,66.74076080322266,33.24534606933594,2
13:15:36.763,3.9962706565856934,300.6984558105469,20.32210922241211,33.342594146728516,40.0805778503418,66.64350891113281,2
13:15:36.763,6.2011284828186035,301.07586669921875,20.302671432495117,65.89330291748047,34.092803955078125,36.98249435424805,2
13:15:36.763,2.1104137897491455,301.4496765136719,20.284523010253906,34.634620666503906,65.35148620605469,35.2042236328125,2
13:15:36.763,4.259946346282959,299.5633239746094,20.37974739074707,36.63517379760742,34.12059020996094,65.86551666259766,2
13:15:36.763,0.17413483560085297,296.6172180175781,20.52685546875,66.69908142089844,39.455406188964844,33.287025451660156,2
13:15:36.763,2.38016939163208,298.970947265625,20.409029006958008,32.81467056274414,67.17144012451172,42.77577209472656,2
13:15:36.763,4.575823783874512,300.3056640625,20.342615127563477,45.832176208496094,32.53681564331055,67.44928741455078,2
13:15:36.763,0.4545440971851349,298.3367004394531,20.441085815429688,67.65768432617188,47.87440872192383,32.32842254638672,2
13:15:36.763,2.647883176803589,298.29345703125,20.443689346313477,32.30064010620117,67.68547058105469,50.90302658081055,2
13:15:36.930,4.851719379425049,299.1817321777344,20.3998966217041,54.23728942871094,32.49513626098633,67.49097442626953,2
13:15:36.930,0.7605361938476562,298.5888977050781,20.429433822631836,67.18533325195312,57.18254852294922,32.800777435302734,2
13:15:36.930,2.9416308403015137,297.8278503417969,20.46796989440918,33.18977355957031,66.79633331298828,59.752708435058594,2
13:15:36.930,5.187741756439209,300.9249267578125,20.313295364379883,63.93442916870117,34.35676574707031,65.62934112548828,2
13:15:36.930,1.0064176321029663,302.5578308105469,20.23410415649414,65.51820373535156,64.08724975585938,34.4679069519043,2
13:15:36.930,3.232813596725464,300.22613525390625,20.350257873535156,33.99555206298828,62.78132629394531,65.99055480957031,2
13:15:36.930,5.465150833129883,300.398681640625,20.3407039642334,66.85189819335938,33.13420486450195,58.84968185424805,2
13:15:36.930,1.3627228736877441,301.7579040527344,20.27381134033203,56.27952194213867,67.17144012451172,32.81467056274414,2
13:15:36.930,3.531158447265625,298.46734619140625,20.4379825592041,32.453460693359375,54.084468841552734,67.53264617919922,2
13:15:36.930,5.730118274688721,299.82025146484375,20.371849060058594,67.62989807128906,32.3562126159668,50.88913345336914,2
13:15:36.930,1.663894534111023,301.82537841796875,20.27256202697754,47.16587829589844,67.4770736694336,32.509029388427734,2
13:15:36.930,3.8040671348571777,298.5215759277344,20.437833786010742,32.46735382080078,45.748817443847656,67.51875305175781,2
13:15:36.930,6.008598327636719,299.4170837402344,20.393756866455078,67.1158676147461,32.870243072509766,42.45623779296875,2
13:15:36.930,1.9567583799362183,302.2450866699219,20.253175735473633,38.55237579345703,66.2406234741211,33.745487213134766,2
13:15:36.930,4.0920844078063965,299.4399108886719,20.394277572631836,33.91219711303711,37.32981491088867,66.07391357421875,2
13:15:36.930,0.05166947841644287,301.1828918457031,20.30657196044922,65.6571273803711,36.148929595947266,34.3289794921875,2
13:15:36.930,2.2387020587921143,300.173095703125,20.35723304748535,33.62044906616211,66.36566162109375,38.69130325317383,2
13:15:37.274,4.4003167152404785,299.4240417480469,20.394941329956055,40.59461212158203,33.18977355957031,66.79633331298828,2
13:15:37.274,0.2713744640350342,296.5586242675781,20.538711547851562,67.2131118774414,42.30341720581055,32.77299118041992,2
13:15:37.274,2.490224599838257,298.8328552246094,20.425148010253906,32.453460693359375,67.53264617919922,46.082244873046875,2
13:15:37.274,4.6713995933532715,299.5548095703125,20.390714645385742,48.73575973510742,32.34231948852539,67.64379119873047,2
13:15:37.274,0.5425711870193481,296.5716552734375,20.539838790893555,67.78271484375,50.583492279052734,32.203392028808594,2
13:15:37.274,2.784238576889038,300.1303405761719,20.36018180847168,32.60628128051758,67.37982940673828,55.04306411743164,2
13:15:37.274,5.022895336151123,301.5986633300781,20.285829544067383,59.294246673583984,33.259239196777344,66.72686767578125,2
13:15:37.274,0.8930190801620483,299.0394287109375,20.412799835205078,66.47679901123047,61.044734954833984,33.509307861328125,2
13:15:37.274,3.1019680500030518,301.89862060546875,20.269865036010742,34.45401382446289,65.53209686279297,64.14281463623047,2
13:15:37.274,5.331801891326904,301.9571228027344,20.265748977661133,65.9627685546875,34.023338317871094,62.6007194519043,2
13:15:37.274,1.269089937210083,303.64044189453125,20.180805206298828,58.98860549926758,66.68518829345703,33.30091857910156,2
13:15:37.274,3.4709107875823975,302.35711669921875,20.242830276489258,32.78688430786133,55.84885025024414,67.19922637939453,2
13:15:37.274,5.650392532348633,300.10931396484375,20.35356903076172,67.51875305175781,32.46735382080078,53.32036590576172,2
13:15:37.274,1.6226496696472168,304.0439147949219,20.156391143798828,48.43012237548828,67.4215087890625,32.56460189819336,2
13:15:37.274,3.76092529296875,300.1636962890625,20.34990119934082,32.453460693359375,47.06863021850586,67.53264617919922,2
13:15:37.274,5.98008918762207,300.9853210449219,20.307703018188477,67.15753936767578,32.82856369018555,43.33148193359375,2
13:15:37.274,1.9530410766601562,304.79425048828125,20.116174697875977,38.73298263549805,66.15726470947266,33.82884216308594,2
13:15:37.275,4.098778247833252,301.5265808105469,20.278085708618164,34.051124572753906,37.21867370605469,65.93498229980469,2
13:15:37.275,0.006347354035824537,301.0793151855469,20.299827575683594,65.26812744140625,34.94026184082031,34.71797561645508,2
13:15:37.275,2.1959316730499268,299.0379638671875,20.40215492248535,33.87051773071289,66.11558532714844,37.45484924316406,2
13:15:37.275,4.344371795654297,299.5260925292969,20.379175186157227,38.996944427490234,33.52320098876953,66.46290588378906,2
13:15:37.275,0.24085071682929993,295.98797607421875,20.556058883666992,67.08808135986328,41.386497497558594,32.89802551269531,2
13:15:37.275,2.451202630996704,299.0932312011719,20.400554656982422,32.56460189819336,67.4215087890625,44.915252685546875,2
13:15:37.275,4.653557300567627,300.24334716796875,20.34320640563965,48.19394302368164,32.411781311035156,67.57432556152344,2
13:15:37.275,0.5518858432769775,298.76812744140625,20.416976928710938,67.67156982421875,50.861351013183594,32.31453323364258,2
13:15:37.275,2.7355165481567383,298.5337829589844,20.428810119628906,32.42567443847656,67.56043243408203,53.58433151245117,2
13:15:37.275,4.952176094055176,299.72027587890625,20.3695011138916,57.25201416015625,32.85634994506836,67.1297607421875,2
13:15:37.275,0.859428882598877,298.87109375,20.411893844604492,66.68518829345703,60.08613586425781,33.30091857910156,2
13:15:37.275,3.042358636856079,298.5224609375,20.429100036621094,33.87051773071289,66.11558532714844,62.6146125793457,2
13:15:37.275,5.294680118560791,299.11712646484375,20.399206161499023,65.78215789794922,34.20394515991211,63.71214294433594,2
13:15:37.275,1.1379677057266235,302.4467468261719,20.234909057617188,62.72575759887695,65.90719604492188,34.07891082763672,2
13:15:37.275,3.331541061401367,299.5227966308594,20.381027221679688,33.3148078918457,60.00278091430664,66.67130279541016,2
13:15:37.276,5.5501532554626465,299.89031982421875,20.362241744995117,67.24089813232422,32.74520492553711,56.34898376464844,2
13:15:37.276,1.457942008972168,301.15850830078125,20.30013656616211,53.41761779785156,67.46318054199219,32.52292251586914,2
13:15:37.613,3.6169121265411377,298.66522216796875,20.425168991088867,32.32842254638672,51.472633361816406,67.65768432617188,2
13:15:37.613,5.820520401000977,299.7470703125,20.37228012084961,67.60211181640625,32.383995056152344,48.138370513916016,2
13:15:37.613,1.7667138576507568,302.4925231933594,20.235870361328125,44.081687927246094,67.18533325195312,32.800777435302734,2
13:15:37.613,3.904047727584839,298.9039306640625,20.415098190307617,32.81467056274414,42.74798583984375,67.17144012451172,2
13:15:37.613,6.131926536560059,300.19512939453125,20.35069465637207,66.40733337402344,33.57876968383789,38.88580322265625,2
13:15:37.613,2.057694435119629,302.33538818359375,20.244251251220703,35.7877197265625,65.49040985107422,34.49569320678711,2
13:15:37.613,4.203859806060791,299.87896728515625,20.368207931518555,35.12086486816406,34.57905197143555,65.40705871582031,2
13:15:37.613,0.11602512001991272,295.75653076171875,20.57404136657715,66.35176849365234,37.76049041748047,33.634342193603516,2
13:15:37.613,2.312839984893799,299.54742431640625,20.384918212890625,33.14809799194336,66.83800506591797,40.803001403808594,2
13:15:37.613,4.488437652587891,299.5638122558594,20.38429832458496,43.20644760131836,32.78688430786133,67.19922637939453,2
13:15:37.613,0.3712475597858429,297.15301513671875,20.5052433013916,67.54653930664062,45.332035064697266,32.43956756591797,2
13:15:37.613,2.5848121643066406,299.15411376953125,20.405210494995117,32.32842254638672,67.65768432617188,48.9719352722168,2
13:15:37.613,4.783531188964844,299.96356201171875,20.366331100463867,52.167266845703125,32.39788818359375,67.58821868896484,2
13:15:37.614,0.6276560425758362,296.33734130859375,20.547557830810547,67.68547058105469,53.195335388183594,32.30064010620117,2
13:15:37.614,2.882385730743408,299.9683837890625,20.364198684692383,32.967491149902344,67.01861572265625,57.97444152832031,2
13:15:37.614,5.11212682723999,301.5841369628906,20.28241539001465,61.83662414550781,33.81494903564453,66.17115783691406,2
13:15:37.614,0.9662054181098938,297.93182373046875,20.464841842651367,66.00444030761719,63.142539978027344,33.98166275024414,2
13:15:37.614,3.205226182937622,302.20062255859375,20.251314163208008,34.27341079711914,63.47596740722656,65.71269989013672,2
13:15:37.614,5.422117710113525,302.3951416015625,20.240360260009766,66.53236389160156,33.4537353515625,60.044456481933594,2
13:15:37.614,1.3564279079437256,303.1523742675781,20.201467514038086,56.432342529296875,67.08808135986328,32.89802551269531,2
13:15:37.614,3.5614914894104004,302.0761413574219,20.253686904907227,32.55070877075195,53.1397590637207,67.4354019165039,2
13:15:37.614,5.7266035079956055,299.27105712890625,20.392833709716797,67.64379119873047,32.34231948852539,51.00027847290039,2
13:15:37.615,1.7139687538146973,304.3548278808594,20.138545989990234,45.67935562133789,67.25479125976562,32.73131561279297,2
13:15:37.615,3.8393661975860596,300.56719970703125,20.32761001586914,32.66184997558594,44.70686340332031,67.32425689697266,2
13:15:37.615,6.057983875274658,301.3597106933594,20.286813735961914,66.78244018554688,33.20366668701172,41.053070068359375,2
13:15:37.615,2.019310712814331,304.2914733886719,20.139171600341797,36.899139404296875,65.71269989013672,34.27341079711914,2
13:15:37.615,4.164392471313477,301.1598205566406,20.294958114624023,34.565155029296875,35.41261672973633,65.42095184326172,2
13:15:37.615,0.08804883062839508,296.795654296875,20.51222801208496,66.10169219970703,37.01028060913086,33.8844108581543,2
13:15:37.615,2.262516498565674,299.0039367675781,20.402267456054688,33.42594909667969,66.5601577758789,39.344261169433594,2
13:15:37.615,4.4286675453186035,299.28350830078125,20.389558792114258,41.42817687988281,33.036956787109375,66.94915008544922,2
13:15:37.615,0.3043789565563202,296.4482116699219,20.53166389465332,67.35204315185547,43.28980255126953,32.634063720703125,2
13:15:37.615,2.523301601409912,298.8106689453125,20.413246154785156,32.39788818359375,67.58821868896484,47.09641647338867,2
13:15:37.615,4.719677448272705,299.5439147949219,20.377168655395508,50.22228240966797,32.34231948852539,67.64379119873047,2
13:15:37.615,0.6173015832901001,298.363037109375,20.436546325683594,67.61600494384766,52.86190414428711,32.37010192871094,2
13:15:37.951,2.811518907546997,298.32025146484375,20.438886642456055,32.620174407958984,67.36593627929688,55.890525817871094,2
13:15:37.951,5.029345989227295,299.7697448730469,20.366762161254883,59.51653289794922,33.23145294189453,66.75465393066406,2
13:15:37.951,0.9128945469856262,298.4102478027344,20.434450149536133,66.36566162109375,61.62822723388672,33.62044906616211,2
13:15:37.951,3.1211726665496826,300.1092224121094,20.349328994750977,34.55126190185547,65.43484497070312,64.7124252319336,2
13:15:37.951,5.351404666900635,299.0447082519531,20.401857376098633,66.21283721923828,33.77326965332031,62.14225769042969,2
13:15:37.951,1.2319421768188477,302.33953857421875,20.239383697509766,60.08613586425781,66.51847839355469,33.467628479003906,2
13:15:37.951,3.3999996185302734,299.51123046875,20.380815505981445,32.95359802246094,58.002220153808594,67.03250885009766,2
13:15:37.951,5.6175007820129395,299.828369140625,20.364343643188477,67.44928741455078,32.53681564331055,54.32064437866211,2
13:15:37.951,1.5266849994659424,301.03070068359375,20.305503845214844,51.333702087402344,67.56043243408203,32.42567443847656,2
13:15:37.951,3.69499135017395,298.50592041015625,20.43183708190918,32.30064010620117,49.08307647705078,67.68547058105469,2
13:15:37.951,5.89769172668457,299.5600280761719,20.380474090576172,67.4770736694336,32.509029388427734,45.790496826171875,2
13:15:37.951,1.8447566032409668,302.1239318847656,20.252859115600586,41.77549362182617,66.87969207763672,33.10641860961914,2
13:15:37.951,3.9679017066955566,298.2292175292969,20.448217391967773,33.092525482177734,40.84468078613281,66.89358520507812,2
13:15:37.951,6.199223518371582,300.3783874511719,20.34074592590332,65.93498229980469,34.051124572753906,37.01028060913086,2
13:15:37.951,2.123317003250122,301.9921569824219,20.260921478271484,34.55126190185547,65.43484497070312,35.56543731689453,2
13:15:37.951,4.272961139678955,300.1358642578125,20.35460090637207,37.01028060913086,34.0372314453125,65.9488754272461,2
13:15:37.951,0.1634301245212555,295.8945617675781,20.566722869873047,66.65740966796875,39.121978759765625,33.328704833984375,2
13:15:37.952,2.392836093902588,300.2394714355469,20.349674224853516,32.81467056274414,67.17144012451172,43.17866134643555,2
13:15:37.952,4.565131187438965,299.4784240722656,20.387845993041992,45.51264190673828,32.52292251586914,67.46318054199219,2
13:15:37.952,0.4243629574775696,296.5808410644531,20.533313751220703,67.68547058105469,46.94359588623047,32.30064010620117,2
13:15:37.952,2.649832010269165,298.751220703125,20.424776077270508,32.31453323364258,67.67156982421875,50.97249221801758,2
13:15:37.952,4.83914852142334,299.5054931640625,20.388669967651367,53.8621826171875,32.48124313354492,67.50486755371094,2
13:15:37.952,0.6903840899467468,296.03765869140625,20.56275749206543,67.56043243408203,55.11252975463867,32.42567443847656,2
13:15:37.952,2.9601099491119385,300.3846740722656,20.343549728393555,33.39816665649414,66.58794403076172,60.22506332397461,2
13:15:37.952,5.178284645080566,301.35321044921875,20.29422950744629,63.67046356201172,34.28730010986328,65.69879913330078,2
13:15:37.952,1.052762746810913,300.9272155761719,20.31468963623047,65.0875244140625,65.28202056884766,34.70408248901367,2
13:15:37.952,3.2777271270751953,301.6868896484375,20.27657699584961,33.731590270996094,61.48930358886719,66.2545166015625,2
13:15:37.952,5.495773792266846,301.83294677734375,20.26841163635254,66.93525695800781,33.050846099853516,57.91886520385742,2
13:15:37.952,1.4264475107192993,302.8591613769531,20.216352462768555,54.34843444824219,67.32425689697266,32.66184997558594,2
13:15:37.952,3.629420757293701,302.55615234375,20.229780197143555,32.48124313354492,51.08363723754883,67.50486755371094,2
13:15:37.952,5.802677154541016,299.58087158203125,20.377046585083008,67.62989807128906,32.3562126159668,48.68019104003906,2
13:15:37.952,1.782787561416626,304.5718078613281,20.126873016357422,43.63711929321289,67.03250885009766,32.95359802246094,2
13:15:37.952,3.9175031185150146,300.4455261230469,20.33259391784668,32.93970489501953,42.37288284301758,67.04640197753906,2
13:15:37.952,6.135024070739746,301.14617919921875,20.296144485473633,66.35176849365234,33.634342193603516,38.830230712890625,2
13:15:38.118,2.097525119781494,304.19293212890625,20.14269256591797,34.856903076171875,65.12920379638672,34.96804428100586,2
13:15:38.118,4.24971866607666,300.325927734375,20.33485221862793,36.385108947753906,34.23173141479492,65.75437927246094,2
13:15:38.118,0.14057886600494385,296.5618896484375,20.522457122802734,66.47679901123047,38.482913970947266,33.509307861328125,2
13:15:38.118,2.3216333389282227,298.8341064453125,20.409564971923828,33.092525482177734,66.89358520507812,41.053070068359375,2
13:15:38.118,4.505120277404785,299.8150329589844,20.361661911010742,43.70658493041992,32.73131561279297,67.25479125976562,2
13:15:38.118,0.3763463497161865,296.1421203613281,20.545368194580078,67.58821868896484,45.47096633911133,32.39788818359375,2
13:15:38.118,2.6198387145996094,299.77301025390625,20.363178253173828,32.3562126159668,67.62989807128906,50.05556869506836,2
13:15:38.118,4.820419788360596,300.2152099609375,20.340681076049805,53.278690338134766,32.48124313354492,67.50486755371094,2
13:15:38.118,0.6932005286216736,298.22296142578125,20.440649032592773,67.4354019165039,55.16810607910156,32.55070877075195,2
13:15:38.118,2.887697458267212,298.1712646484375,20.443811416625977,32.925811767578125,67.06029510498047,58.16893768310547,2
13:15:38.118,5.094532012939453,299.2011413574219,20.393192291259766,61.40594482421875,33.6065559387207,66.37954711914062,2
13:15:38.118,0.9912797808647156,301.6452941894531,20.271493911743164,65.6571273803711,63.69824981689453,34.3289794921875,2
13:15:38.118,3.1791622638702393,299.470458984375,20.380374908447266,34.384552001953125,64.26785278320312,65.60155487060547,2
13:15:38.118,5.414670467376709,299.22900390625,20.392303466796875,66.61572265625,33.37038040161133,60.33620071411133,2
13:15:38.118,1.3090375661849976,302.4777526855469,20.231801986694336,57.84939956665039,66.9213638305664,33.06473922729492,2
13:15:38.118,3.481961250305176,299.39892578125,20.385425567626953,32.634063720703125,55.57099151611328,67.35204315185547,2
13:15:38.453,5.6915812492370605,299.8422546386719,20.363121032714844,67.58821868896484,32.39788818359375,52.07002258300781,2
13:15:38.453,1.6067781448364258,301.13201904296875,20.29986572265625,48.90247344970703,67.56043243408203,32.42567443847656,2
13:15:38.453,3.7713003158569336,299.2591247558594,20.393835067749023,32.42567443847656,46.74909591674805,67.56043243408203,2
13:15:38.453,5.987847805023193,300.3099670410156,20.34218406677246,67.15753936767578,32.82856369018555,43.095306396484375,2
13:15:38.453,1.9122636318206787,302.1517639160156,20.25047492980957,39.81661605834961,66.51847839355469,33.467628479003906,2
13:15:38.453,4.056911468505859,298.4944152832031,20.43341064453125,33.634342193603516,38.288414001464844,66.35176849365234,2
13:15:38.453,6.274829864501953,300.0247497558594,20.35714340209961,65.33759307861328,34.64851379394531,34.94026184082031,2
13:15:38.453,2.1952083110809326,297.95928955078125,20.46101188659668,33.82884216308594,66.15726470947266,37.39927673339844,2
13:15:38.453,4.357974529266357,300.2738037109375,20.346452713012695,39.39983367919922,33.467628479003906,66.51847839355469,2
13:15:38.453,0.2216491997241974,295.4830322265625,20.586061477661133,67.01861572265625,40.81689453125,32.967491149902344,2
13:15:38.453,2.4552764892578125,299.7862548828125,20.371597290039062,32.578495025634766,67.4076156616211,45.040287017822266,2
13:15:38.453,4.6309051513671875,299.190185546875,20.40203857421875,47.499305725097656,32.383995056152344,67.60211181640625,2
13:15:38.453,0.5082066059112549,296.96441650390625,20.514244079589844,67.75492858886719,49.513755798339844,32.23117446899414,2
13:15:38.453,2.7266952991485596,299.08544921875,20.40769386291504,32.42567443847656,67.56043243408203,53.32036590576172,2
13:15:38.453,4.9169487953186035,299.59234619140625,20.383859634399414,56.210060119628906,32.703529357910156,67.28257751464844,2
13:15:38.453,0.7776715755462646,296.48992919921875,20.539478302001953,67.2131118774414,57.73826217651367,32.77299118041992,2
13:15:38.453,3.0487940311431885,300.63714599609375,20.330127716064453,33.99555206298828,65.99055480957031,62.72575759887695,2
13:15:38.454,4.924036502838135,301.0276794433594,0.0,0.0,0.0,0.0,0
13:15:38.454,4.924036502838135,301.0276794433594,0.0,0.0,0.0,0.0,0
13:15:38.454,4.924036502838135,301.0276794433594,0.0,0.0,0.0,0.0,0
13:15:38.454,4.924036502838135,301.0276794433594,0.0,0.0,0.0,0.0,0
13:15:38.454,4.924036502838135,301.0276794433594,0.0,0.0,0.0,0.0,0
13:15:38.454,4.924036502838135,301.0276794433594,0.0,0.0,0.0,0.0,0
13:15:38.454,4.924036502838135,301.0276794433594,0.0,0.0,0.0,0.0,0
13:15:38.454,4.924036502838135,301.0276794433594,0.0,0.0,0.0,0.0,0
13:15:38.454,4.924036502838135,301.0276794433594,0.0,0.0,0.0,0.0,0
13:15:38.454,4.924036502838135,301.0276794433594,0.0,0.0,0.0,0.0,0
13:15:38.454,4.924036502838135,301.0276794433594,0.0,0.0,0.0,0.0,0
13:15:38.684,4.924036502838135,301.0276794433594,0.0,0.0,0.0,0.0,0
13:15:38.684,4.924036502838135,301.0276794433594,0.0,0.0,0.0,0.0,0
13:15:38.684,4.924036502838135,301.0276794433594,0.0,0.0,0.0,0.0,0
13:15:38.684,4.924036502838135,301.0276794433594,0.0,0.0,0.0,0.0,0
13:15:38.684,4.924036502838135,301.0276794433594,0.0,0.0,0.0,0.0,0
13:15:38.684,4.924036502838135,301.0276794433594,0.0,0.0,0.0,0.0,0
13:15:38.684,4.924036502838135,301.0276794433594,0.0,0.0,0.0,0.0,0
13:15:38.684,4.924036502838135,301.0276794433594,0.0,0.0,0.0,0.0,0
13:15:38.684,4.924036502838135,301.0276794433594,0.0,0.0,0.0,0.0,0
13:15:38.684,4.924036502838135,301.0276794433594,0.0,0.0,0.0,0.0,0
13:15:38.684,4.924036502838135,301.0276794433594,0.0,0.0,0.0,0.0,0
13:15:38.684,4.924036502838135,301.0276794433594,0.0,0.0,0.0,0.0,0
13:15:38.684,4.924036502838135,301.0276794433594,0.0,0.0,0.0,0.0,0
13:15:38.684,4.924036502838135,301.0276794433594,0.0,0.0,0.0,0.0,0
13:15:38.684,4.924036502838135,301.0276794433594,0.0,0.0,0.0,0.0,0
13:15:38.684,4.924036502838135,301.0276794433594,0.0,0.0,0.0,0.0,0
13:15:38.684,4.924036502838135,301.0276794433594,0.0,0.0,0.0,0.0,0
13:15:38.684,4.924036502838135,301.0276794433594,0.0,0.0,0.0,0.0,0
13:15:38.684,4.924036502838135,301.0276794433594,0.0,0.0,0.0,0.0,0
13:15:38.684,4.924036502838135,301.0276794433594,0.0,0.0,0.0,0.0,0
13:15:38.684,4.924036502838135,301.0276794433594,0.0,0.0,0.0,0.0,0
13:15:38.684,4.924036502838135,301.0276794433594,0.0,0.0,0.0,0.0,0
13:15:38.684,4.924036502838135,301.0276794433594,0.0,0.0,0.0,0.0,0
13:15:38.743,4.924036502838135,301.0276794433594,0.0,0.0,0.0,0.0,0
13:15:38.743,4.924036502838135,301.0276794433594,0.0,0.0,0.0,0.0,0
13:15:38.743,4.924036502838135,301.0276794433594,0.0,0.0,0.0,0.0,0
13:15:38.743,4.924036502838135,301.0276794433594,0.0,0.0,0.0,0.0,0
13:15:38.743,4.924036502838135,301.0276794433594,0.0,0.0,0.0,0.0,0
13:15:38.743,4.924036502838135,301.0276794433594,0.0,0.0,0.0,0.0,0
13:15:38.744,4.924036502838135,301.0276794433594,0.0,0.0,0.0,0.0,0
13:15:38.744,4.924036502838135,301.0276794433594,0.0,0.0,0.0,0.0,0
13:15:38.744,4.924036502838135,301.0276794433594,0.0,0.0,0.0,0.0,0
13:15:38.744,4.924036502838135,301.0276794433594,0.0,0.0,0.0,0.0,0
13:15:38.744,4.924036502838135,301.0276794433594,0.0,0.0,0.0,0.0,0
13:15:38.744,4.924036502838135,301.0276794433594,0.0,0.0,0.0,0.0,0
13:15:38.805,4.924036502838135,301.0276794433594,0.0,0.0,0.0,0.0,0
13:15:38.805,4.924036502838135,301.0276794433594,0.0,0.0,0.0,0.0,0
13:15:38.805,4.924036502838135,301.0276794433594,0.0,0.0,0.0,0.0,0
13:15:38.805,4.924036502838135,301.0276794433594,0.0,0.0,0.0,0.0,0
13:15:38.805,4.924036502838135,301.0276794433594,0.0,0.0,0.0,0.0,0
13:15:38.805,4.924036502838135,301.0276794433594,0.0,0.0,0.0,0.0,0
13:15:38.879,4.924036502838135,301.0276794433594,0.0,0.0,0.0,0.0,0
13:15:38.879,4.924036502838135,301.0276794433594,0.0,0.0,0.0,0.0,0
13:15:38.879,4.924036502838135,301.0276794433594,0.0,0.0,0.0,0.0,0
13:15:38.879,4.924036502838135,301.0276794433594,0.0,0.0,0.0,0.0,0
13:15:38.879,4.924036502838135,301.0276794433594,0.0,0.0,0.0,0.0,0
13:15:38.879,4.924036502838135,301.0276794433594,0.0,0.0,0.0,0.0,0
13:15:38.879,4.924036502838135,301.0276794433594,0.0,0.0,0.0,0.0,0
13:15:38.941,4.924036502838135,301.0276794433594,0.0,0.0,0.0,0.0,0
13:15:38.941,4.924036502838135,301.0276794433594,0.0,0.0,0.0,0.0,0
13:15:38.941,4.924036502838135,301.0276794433594,0.0,0.0,0.0,0.0,0
13:15:38.941,4.924036502838135,301.0276794433594,0.0,0.0,0.0,0.0,0
13:15:38.941,4.924036502838135,301.0276794433594,0.0,0.0,0.0,0.0,0
13:15:38.941,4.924036502838135,301.0276794433594,0.0,0.0,0.0,0.0,0
13:15:38.941,4.924036502838135,301.0276794433594,0.0,0.0,0.0,0.0,0
13:15:39.000,4.924036502838135,301.0276794433594,0.0,0.0,0.0,0.0,0
13:15:39.000,4.924036502838135,301.0276794433594,0.0,0.0,0.0,0.0,0
13:15:39.000,4.924036502838135,301.0276794433594,0.0,0.0,0.0,0.0,0
13:15:39.000,4.924036502838135,301.0276794433594,0.0,0.0,0.0,0.0,0
13:15:39.000,4.924036502838135,301.0276794433594,0.0,0.0,0.0,0.0,0
13:15:39.000,4.924036502838135,301.0276794433594,0.0,0.0,0.0,0.0,0
13:15:39.056,4.924036502838135,301.0276794433594,0.0,0.0,0.0,0.0,0
13:15:39.056,4.924036502838135,301.0276794433594,0.0,0.0,0.0,0.0,0
13:15:39.056,4.924036502838135,301.0276794433594,0.0,0.0,0.0,0.0,0
13:15:39.056,4.924036502838135,301.0276794433594,0.0,0.0,0.0,0.0,0
13:15:39.056,4.924036502838135,301.0276794433594,0.0,0.0,0.0,0.0,0
13:15:39.161,4.924036502838135,301.0276794433594,0.0,0.0,0.0,0.0,0
13:15:39.161,4.924036502838135,301.0276794433594,0.0,0.0,0.0,0.0,0
13:15:39.161,4.924036502838135,301.0276794433594,0.0,0.0,0.0,0.0,0
13:15:39.161,4.924036502838135,301.0276794433594,0.0,0.0,0.0,0.0,0
13:15:39.161,4.924036502838135,301.0276794433594,0.0,0.0,0.0,0.0,0
13:15:39.161,4.924036502838135,301.0276794433594,0.0,0.0,0.0,0.0,0
13:15:39.162,4.924036502838135,301.0276794433594,0.0,0.0,0.0,0.0,0
13:15:39.162,4.924036502838135,301.0276794433594,0.0,0.0,0.0,0.0,0
13:15:39.162,4.924036502838135,301.0276794433594,0.0,0.0,0.0,0.0,0
13:15:39.162,4.924036502838135,301.0276794433594,0.0,0.0,0.0,0.0,0
13:15:39.162,4.924036502838135,301.0276794433594,0.0,0.0,0.0,0.0,0
13:15:39.258,4.924036502838135,301.0276794433594,0.0,0.0,0.0,0.0,0
13:15:39.258,4.924036502838135,301.0276794433594,0.0,0.0,0.0,0.0,0
13:15:39.258,4.924036502838135,301.0276794433594,0.0,0.0,0.0,0.0,0
13:15:39.258,4.924036502838135,301.0276794433594,0.0,0.0,0.0,0.0,0
13:15:39.258,4.924036502838135,301.0276794433594,0.0,0.0,0.0,0.0,0
13:15:39.258,4.924036502838135,301.0276794433594,0.0,0.0,0.0,0.0,0
13:15:39.258,4.924036502838135,301.0276794433594,0.0,0.0,0.0,0.0,0
13:15:39.259,4.924036502838135,301.0276794433594,0.0,0.0,0.0,0.0,0
13:15:39.267,4.924036502838135,301.0276794433594,0.0,0.0,0.0,0.0,0
13:15:39.267,4.924036502838135,301.0276794433594,0.0,0.0,0.0,0.0,0
13:15:39.314,4.924036502838135,301.0276794433594,0.0,0.0,0.0,0.0,0
13:15:39.314,4.924036502838135,301.0276794433594,0.0,0.0,0.0,0.0,0
13:15:39.314,4.924036502838135,301.0276794433594,0.0,0.0,0.0,0.0,0
13:15:39.314,4.924036502838135,301.0276794433594,0.0,0.0,0.0,0.0,0
13:15:39.314,4.924036502838135,301.0276794433594,0.0,0.0,0.0,0.0,0
13:15:39.329,4.924036502838135,301.0276794433594,0.0,0.0,0.0,0.0,0
13:15:39.372,4.924036502838135,301.0276794433594,0.0,0.0,0.0,0.0,0
13:15:39.372,4.924036502838135,301.0276794433594,0.0,0.0,0.0,0.0,0
13:15:39.372,4.924036502838135,301.0276794433594,0.0,0.0,0.0,0.0,0
13:15:39.372,4.924036502838135,301.0276794433594,0.0,0.0,0.0,0.0,0
13:15:39.374,4.924036502838135,301.0276794433594,0.0,0.0,0.0,0.0,0
13:15:39.392,4.924036502838135,301.0276794433594,0.0,0.0,0.0,0.0,0
13:15:39.439,4.924036502838135,301.0276794433594,0.0,0.0,0.0,0.0,0
13:15:39.439,4.924036502838135,301.0276794433594,0.0,0.0,0.0,0.0,0
13:15:39.439,4.924036502838135,301.0276794433594,0.0,0.0,0.0,0.0,0
13:15:39.439,4.924036502838135,301.0276794433594,0.0,0.0,0.0,0.0,0
13:15:39.439,4.924036502838135,301.0276794433594,0.0,0.0,0.0,0.0,0
13:15:39.439,4.924036502838135,301.0276794433594,0.0,0.0,0.0,0.0,0
13:15:39.454,4.924036502838135,301.0276794433594,0.0,0.0,0.0,0.0,0
13:15:39.491,4.924036502838135,301.0276794433594,0.0,0.0,0.0,0.0,0
13:15:39.491,4.924036502838135,301.0276794433594,0.0,0.0,0.0,0.0,0
13:15:39.491,4.924036502838135,301.0276794433594,0.0,0.0,0.0,0.0,0
13:15:39.491,4.924036502838135,301.0276794433594,0.0,0.0,0.0,0.0,0
13:15:39.526,4.924036502838135,301.0276794433594,0.0,0.0,0.0,0.0,0
13:15:39.526,4.924036502838135,301.0276794433594,0.0,0.0,0.0,0.0,0
13:15:39.562,4.924036502838135,301.0276794433594,0.0,0.0,0.0,0.0,0
13:15:39.563,4.924036502838135,301.0276794433594,0.0,0.0,0.0,0.0,0
13:15:39.563,4.924036502838135,301.0276794433594,0.0,0.0,0.0,0.0,0
13:15:39.563,4.924036502838135,301.0276794433594,0.0,0.0,0.0,0.0,0
13:15:39.563,4.924036502838135,301.0276794433594,0.0,0.0,0.0,0.0,0
13:15:39.571,4.924036502838135,301.0276794433594,0.0,0.0,0.0,0.0,0
13:15:39.588,4.924036502838135,301.0276794433594,0.0,0.0,0.0,0.0,0
13:15:39.611,4.924036502838135,301.0276794433594,0.0,0.0,0.0,0.0,0
13:15:39.611,4.924036502838135,301.0276794433594,0.0,0.0,0.0,0.0,0
13:15:39.611,4.924036502838135,301.0276794433594,0.0,0.0,0.0,0.0,0
13:15:39.634,4.924036502838135,301.0276794433594,0.0,0.0,0.0,0.0,0
13:15:39.634,4.924036502838135,301.0276794433594,0.0,0.0,0.0,0.0,0
13:15:39.650,4.924036502838135,301.0276794433594,0.0,0.0,0.0,0.0,0
13:15:39.669,4.924036502838135,301.0276794433594,0.0,0.0,0.0,0.0,0
13:15:39.674,4.924036502838135,301.0276794433594,0.0,0.0,0.0,0.0,0
13:15:39.674,4.924036502838135,301.0276794433594,0.0,0.0,0.0,0.0,0
13:15:39.692,4.924036502838135,301.0276794433594,0.0,0.0,0.0,0.0,0
13:15:39.693,4.924036502838135,301.0276794433594,0.0,0.0,0.0,0.0,0
13:15:39.709,4.924036502838135,301.0276794433594,0.0,0.0,0.0,0.0,0
13:15:39.710,4.924036502838135,301.0276794433594,0.0,0.0,0.0,0.0,0
13:15:39.727,4.924036502838135,301.0276794433594,0.0,0.0,0.0,0.0,0
13:15:39.739,4.924036502838135,301.0276794433594,0.0,0.0,0.0,0.0,0
13:15:39.740,4.924036502838135,301.0276794433594,0.0,0.0,0.0,0.0,0
13:15:39.756,4.924036502838135,301.0276794433594,0.0,0.0,0.0,0.0,0
13:15:39.772,4.924036502838135,301.0276794433594,0.0,0.0,0.0,0.0,0
13:15:39.788,4.924036502838135,301.0276794433594,0.0,0.0,0.0,0.0,0
13:15:39.788,4.924036502838135,301.0276794433594,0.0,0.0,0.0,0.0,0
13:15:39.802,4.924036502838135,301.0276794433594,0.0,0.0,0.0,0.0,0
13:15:39.802,4.924036502838135,301.0276794433594,0.0,0.0,0.0,0.0,0
13:15:39.817,4.924036502838135,301.0276794433594,0.0,0.0,0.0,0.0,0
13:15:39.834,4.924036502838135,301.0276794433594,0.0,0.0,0.0,0.0,0
13:15:39.850,4.924036502838135,301.0276794433594,0.0,0.0,0.0,0.0,0
13:15:39.850,4.924036502838135,301.0276794433594,0.0,0.0,0.0,0.0,0
13:15:39.850,4.924036502838135,301.0276794433594,0.0,0.0,0.0,0.0,0
13:15:39.865,4.924036502838135,301.0276794433594,0.0,0.0,0.0,0.0,0
13:15:39.881,4.924036502838135,301.0276794433594,0.0,0.0,0.0,0.0,0
13:15:39.881,4.924036502838135,301.0276794433594,0.0,0.0,0.0,0.0,0
13:15:39.898,4.924036502838135,301.0276794433594,0.0,0.0,0.0,0.0,0
13:15:39.914,4.924036502838135,301.0276794433594,0.0,0.0,0.0,0.0,0
13:15:39.914,4.924036502838135,301.0276794433594,0.0,0.0,0.0,0.0,0
13:15:39.929,4.924036502838135,301.0276794433594,0.0,0.0,0.0,0.0,0
13:15:39.929,4.924036502838135,301.0276794433594,0.0,0.0,0.0,0.0,0
13:15:39.944,4.924036502838135,301.0276794433594,0.0,0.0,0.0,0.0,0
13:15:39.961,4.924036502838135,301.0276794433594,0.0,0.0,0.0,0.0,0
13:15:39.961,4.924036502838135,301.0276794433594,0.0,0.0,0.0,0.0,0
13:15:39.977,4.924036502838135,301.0276794433594,0.0,0.0,0.0,0.0,0
13:15:39.991,4.924036502838135,301.0276794433594,0.0,0.0,0.0,0.0,0
13:15:39.991,4.924036502838135,301.0276794433594,0.0,0.0,0.0,0.0,0
13:15:40.006,4.924036502838135,301.0276794433594,0.0,0.0,0.0,0.0,0
13:15:40.022,4.924036502838135,301.0276794433594,0.0,0.0,0.0,0.0,0
13:15:40.033,4.924036502838135,301.0276794433594,0.0,0.0,0.0,0.0,0
13:15:40.050,4.924036502838135,301.0276794433594,0.0,0.0,0.0,0.0,0
13:15:40.050,4.924036502838135,301.0276794433594,0.0,0.0,0.0,0.0,0
13:15:40.050,4.924036502838135,301.0276794433594,0.0,0.0,0.0,0.0,0
13:15:40.066,4.924036502838135,301.0276794433594,0.0,0.0,0.0,0.0,0
13:15:40.083,4.924036502838135,301.0276794433594,0.0,0.0,0.0,0.0,0
13:15:40.093,4.924036502838135,301.0276794433594,0.0,0.0,0.0,0.0,0
13:15:40.098,4.924036502838135,301.0276794433594,0.0,0.0,0.0,0.0,0
13:15:40.098,4.924036502838135,301.0276794433594,0.0,0.0,0.0,0.0,0
13:15:40.114,4.924036502838135,301.0276794433594,0.0,0.0,0.0,0.0,0
13:15:40.130,4.924036502838135,301.0276794433594,0.0,0.0,0.0,0.0,0
13:15:40.130,4.924036502838135,301.0276794433594,0.0,0.0,0.0,0.0,0
13:15:40.147,4.924036502838135,301.0276794433594,0.0,0.0,0.0,0.0,0
13:15:40.165,4.924036502838135,301.0276794433594,0.0,0.0,0.0,0.0,0
13:15:40.165,4.924036502838135,301.0276794433594,0.0,0.0,0.0,0.0,0
13:15:40.177,4.924036502838135,301.0276794433594,0.0,0.0,0.0,0.0,0
13:15:40.192,4.924036502838135,301.0276794433594,0.0,0.0,0.0,0.0,0
13:15:40.192,4.924036502838135,301.0276794433594,0.0,0.0,0.0,0.0,0
13:15:40.210,4.924036502838135,301.0276794433594,0.0,0.0,0.0,0.0,0
13:15:40.219,4.924036502838135,301.0276794433594,0.0,0.0,0.0,0.0,0
13:15:40.224,4.924036502838135,301.0276794433594,0.0,0.0,0.0,0.0,0
13:15:40.240,4.924036502838135,301.0276794433594,0.0,0.0,0.0,0.0,0
13:15:40.240,4.924036502838135,301.0276794433594,0.0,0.0,0.0,0.0,0
13:15:40.256,4.924036502838135,301.0276794433594,0.0,0.0,0.0,0.0,0
13:15:40.273,4.924036502838135,301.0276794433594,0.0,0.0,0.0,0.0,0
13:15:40.286,4.924036502838135,301.0276794433594,0.0,0.0,0.0,0.0,0
13:15:40.292,4.924036502838135,301.0276794433594,0.0,0.0,0.0,0.0,0
13:15:40.292,4.924036502838135,301.0276794433594,0.0,0.0,0.0,0.0,0
13:15:40.304,4.924036502838135,301.0276794433594,0.0,0.0,0.0,0.0,0
13:15:40.319,4.924036502838135,301.0276794433594,0.0,0.0,0.0,0.0,0
13:15:40.319,4.924036502838135,301.0276794433594,0.0,0.0,0.0,0.0,0
13:15:40.336,4.924036502838135,301.0276794433594,0.0,0.0,0.0,0.0,0
13:15:40.356,4.924036502838135,301.0276794433594,0.0,0.0,0.0,0.0,0
13:15:40.356,4.924036502838135,301.0276794433594,0.0,0.0,0.0,0.0,0
13:15:40.365,4.924036502838135,301.0276794433594,0.0,0.0,0.0,0.0,0
13:15:40.381,4.924036502838135,301.0276794433594,0.0,0.0,0.0,0.0,0
13:15:40.381,4.924036502838135,301.0276794433594,0.0,0.0,0.0,0.0,0
13:15:40.398,4.924036502838135,301.0276794433594,0.0,0.0,0.0,0.0,0
13:15:40.412,4.924036502838135,301.0276794433594,0.0,0.0,0.0,0.0,0
13:15:40.412,4.924036502838135,301.0276794433594,0.0,0.0,0.0,0.0,0
13:15:40.427,4.924036502838135,301.0276794433594,0.0,0.0,0.0,0.0,0
13:15:40.443,4.924036502838135,301.0276794433594,0.0,0.0,0.0,0.0,0
13:15:40.443,4.924036502838135,301.0276794433594,0.0,0.0,0.0,0.0,0
13:15:40.461,4.924036502838135,301.0276794433594,0.0,0.0,0.0,0.0,0
13:15:40.469,4.924036502838135,301.0276794433594,0.0,0.0,0.0,0.0,0
13:15:40.475,4.924036502838135,301.0276794433594,0.0,0.0,0.0,0.0,0
13:15:40.490,4.924036502838135,301.0276794433594,0.0,0.0,0.0,0.0,0
13:15:40.490,4.924036502838135,301.0276794433594,0.0,0.0,0.0,0.0,0
13:15:40.506,4.924036502838135,301.0276794433594,0.0,0.0,0.0,0.0,0
13:15:40.523,4.924036502838135,301.0276794433594,0.0,0.0,0.0,0.0,0
13:15:40.534,4.924036502838135,301.0276794433594,0.0,0.0,0.0,0.0,0
13:15:40.537,4.924036502838135,301.0276794433594,0.0,0.0,0.0,0.0,0
13:15:40.552,4.924036502838135,301.0276794433594,0.0,0.0,0.0,0.0,0
13:15:40.552,4.924036502838135,301.0276794433594,0.0,0.0,0.0,0.0,0
13:15:40.569,4.924036502838135,301.0276794433594,0.0,0.0,0.0,0.0,0
13:15:40.569,4.924036502838135,301.0276794433594,0.0,0.0,0.0,0.0,0
13:15:40.587,4.924036502838135,301.0276794433594,0.0,0.0,0.0,0.0,0
13:15:40.603,4.924036502838135,301.0276794433594,0.0,0.0,0.0,0.0,0
13:15:40.603,4.924036502838135,301.0276794433594,0.0,0.0,0.0,0.0,0
13:15:40.615,4.924036502838135,301.0276794433594,0.0,0.0,0.0,0.0,0
13:15:40.631,4.924036502838135,301.0276794433594,0.0,0.0,0.0,0.0,0
13:15:40.631,4.924036502838135,301.0276794433594,0.0,0.0,0.0,0.0,0
13:15:40.649,4.924036502838135,301.0276794433594,0.0,0.0,0.0,0.0,0
13:15:40.662,4.924036502838135,301.0276794433594,0.0,0.0,0.0,0.0,0
13:15:40.662,4.924036502838135,301.0276794433594,0.0,0.0,0.0,0.0,0
13:15:40.679,4.924036502838135,301.0276794433594,0.0,0.0,0.0,0.0,0
13:15:40.679,4.924036502838135,301.0276794433594,0.0,0.0,0.0,0.0,0
13:15:40.693,4.924036502838135,301.0276794433594,0.0,0.0,0.0,0.0,0
13:15:40.711,4.924036502838135,301.0276794433594,0.0,0.0,0.0,0.0,0
13:15:40.720,4.924036502838135,301.0276794433594,0.0,0.0,0.0,0.0,0
13:15:40.725,4.924036502838135,301.0276794433594,0.0,0.0,0.0,0.0,0
13:15:40.740,4.924036502838135,301.0276794433594,0.0,0.0,0.0,0.0,0
13:15:40.740,4.924036502838135,301.0276794433594,0.0,0.0,0.0,0.0,0
13:15:40.756,4.924036502838135,301.0276794433594,0.0,0.0,0.0,0.0,0
13:15:40.773,4.924036502838135,301.0276794433594,0.0,0.0,0.0,0.0,0
13:15:40.773,4.924036502838135,301.0276794433594,0.0,0.0,0.0,0.0,0
13:15:40.800,4.924036502838135,301.0276794433594,0.0,0.0,0.0,0.0,0
13:15:40.800,4.924036502838135,301.0276794433594,0.0,0.0,0.0,0.0,0
13:15:40.800,4.924036502838135,301.0276794433594,0.0,0.0,0.0,0.0,0
13:15:40.825,4.924036502838135,301.0276794433594,0.0,0.0,0.0,0.0,0
13:15:40.825,4.924036502838135,301.0276794433594,0.0,0.0,0.0,0.0,0
13:15:40.841,4.924036502838135,301.0276794433594,0.0,0.0,0.0,0.0,0
13:15:40.841,4.924036502838135,301.0276794433594,0.0,0.0,0.0,0.0,0
13:15:40.856,4.924036502838135,301.0276794433594,0.0,0.0,0.0,0.0,0
13:15:40.872,4.924036502838135,301.0276794433594,0.0,0.0,0.0,0.0,0
13:15:40.872,4.924036502838135,301.0276794433594,0.0,0.0,0.0,0.0,0
13:15:40.888,4.924036502838135,301.0276794433594,0.0,0.0,0.0,0.0,0
13:15:40.905,4.924036502838135,301.0276794433594,0.0,0.0,0.0,0.0,0
13:15:40.905,4.924036502838135,301.0276794433594,0.0,0.0,0.0,0.0,0
13:15:40.919,4.924036502838135,301.0276794433594,0.0,0.0,0.0,0.0,0
13:15:40.919,4.924036502838135,301.0276794433594,0.0,0.0,0.0,0.0,0
13:15:40.935,4.924036502838135,301.0276794433594,0.0,0.0,0.0,0.0,0
13:15:40.952,4.924036502838135,301.0276794433594,0.0,0.0,0.0,0.0,0
13:15:40.952,4.924036502838135,301.0276794433594,0.0,0.0,0.0,0.0,0
13:15:40.967,4.924036502838135,301.0276794433594,0.0,0.0,0.0,0.0,0
13:15:40.983,4.924036502838135,301.0276794433594,0.0,0.0,0.0,0.0,0
13:15:40.983,4.924036502838135,301.0276794433594,0.0,0.0,0.0,0.0,0
13:15:40.998,4.924036502838135,301.0276794433594,0.0,0.0,0.0,0.0,0
13:15:40.998,4.924036502838135,301.0276794433594,0.0,0.0,0.0,0.0,0
13:15:41.016,4.924036502838135,301.0276794433594,0.0,0.0,0.0,0.0,0
13:15:41.031,4.924036502838135,301.0276794433594,0.0,0.0,0.0,0.0,0
13:15:41.031,4.924036502838135,301.0276794433594,0.0,0.0,0.0,0.0,0
13:15:41.046,4.924036502838135,301.0276794433594,0.0,0.0,0.0,0.0,0
13:15:41.062,4.924036502838135,301.0276794433594,0.0,0.0,0.0,0.0,0
13:15:41.062,4.924036502838135,301.0276794433594,0.0,0.0,0.0,0.0,0
13:15:41.079,4.924036502838135,301.0276794433594,0.0,0.0,0.0,0.0,0
13:15:41.085,4.924036502838135,301.0276794433594,0.0,0.0,0.0,0.0,0
13:15:41.093,4.924036502838135,301.0276794433594,0.0,0.0,0.0,0.0,0
13:15:41.109,4.924036502838135,301.0276794433594,0.0,0.0,0.0,0.0,0
13:15:41.109,4.924036502838135,301.0276794433594,0.0,0.0,0.0,0.0,0
13:15:41.125,4.924036502838135,301.0276794433594,0.0,0.0,0.0,0.0,0
13:15:41.142,4.924036502838135,301.0276794433594,0.0,0.0,0.0,0.0,0
13:15:41.150,4.924036502838135,301.0276794433594,0.0,0.0,0.0,0.0,0
13:15:41.156,4.924036502838135,301.0276794433594,0.0,0.0,0.0,0.0,0
13:15:41.171,4.924036502838135,301.0276794433594,0.0,0.0,0.0,0.0,0
13:15:41.172,4.924036502838135,301.0276794433594,0.0,0.0,0.0,0.0,0
13:15:41.187,4.924036502838135,301.0276794433594,0.0,0.0,0.0,0.0,0
13:15:41.204,4.924036502838135,301.0276794433594,0.0,0.0,0.0,0.0,0
13:15:41.214,4.924036502838135,301.0276794433594,0.0,0.0,0.0,0.0,0
13:15:41.218,4.924036502838135,301.0276794433594,0.0,0.0,0.0,0.0,0
13:15:41.233,4.924036502838135,301.0276794433594,0.0,0.0,0.0,0.0,0
13:15:41.233,4.924036502838135,301.0276794433594,0.0,0.0,0.0,0.0,0
13:15:41.250,4.924036502838135,301.0276794433594,0.0,0.0,0.0,0.0,0
13:15:41.250,4.924036502838135,301.0276794433594,0.0,0.0,0.0,0.0,0
13:15:41.267,4.924036502838135,301.0276794433594,0.0,0.0,0.0,0.0,0
13:15:41.281,4.924036502838135,301.0276794433594,0.0,0.0,0.0,0.0,0
13:15:41.281,4.924036502838135,301.0276794433594,0.0,0.0,0.0,0.0,0
13:15:41.298,4.924036502838135,301.0276794433594,0.0,0.0,0.0,0.0,0
13:15:41.313,4.924036502838135,301.0276794433594,0.0,0.0,0.0,0.0,0
13:15:41.313,4.924036502838135,301.0276794433594,0.0,0.0,0.0,0.0,0
13:15:41.331,4.924036502838135,301.0276794433594,0.0,0.0,0.0,0.0,0
13:15:41.337,4.924036502838135,301.0276794433594,0.0,0.0,0.0,0.0,0
13:15:41.345,4.924036502838135,301.0276794433594,0.0,0.0,0.0,0.0,0
13:15:41.361,4.924036502838135,301.0276794433594,0.0,0.0,0.0,0.0,0
13:15:41.361,4.924036502838135,301.0276794433594,0.0,0.0,0.0,0.0,0
13:15:41.376,4.924036502838135,301.0276794433594,0.0,0.0,0.0,0.0,0
13:15:41.394,4.924036502838135,301.0276794433594,0.0,0.0,0.0,0.0,0
13:15:41.403,4.924036502838135,301.0276794433594,0.0,0.0,0.0,0.0,0
13:15:41.409,4.924036502838135,301.0276794433594,0.0,0.0,0.0,0.0,0
13:15:41.409,4.924036502838135,301.0276794433594,0.0,0.0,0.0,0.0,0
13:15:41.424,4.924036502838135,301.0276794433594,0.0,0.0,0.0,0.0,0
13:15:41.439,4.924036502838135,301.0276794433594,0.0,0.0,0.0,0.0,0
13:15:41.439,4.924036502838135,301.0276794433594,0.0,0.0,0.0,0.0,0
13:15:41.456,4.924036502838135,301.0276794433594,0.0,0.0,0.0,0.0,0
13:15:41.471,4.924036502838135,301.0276794433594,0.0,0.0,0.0,0.0,0
13:15:41.471,4.924036502838135,301.0276794433594,0.0,0.0,0.0,0.0,0
13:15:41.486,4.924036502838135,301.0276794433594,0.0,0.0,0.0,0.0,0
13:15:41.502,4.924036502838135,301.0276794433594,0.0,0.0,0.0,0.0,0
13:15:41.502,4.924036502838135,301.0276794433594,0.0,0.0,0.0,0.0,0
13:15:41.519,4.924036502838135,301.0276794433594,0.0,0.0,0.0,0.0,0
13:15:41.527,4.924036502838135,301.0276794433594,0.0,0.0,0.0,0.0,0
13:15:41.534,4.924036502838135,301.0276794433594,0.0,0.0,0.0,0.0,0
13:15:41.549,4.924036502838135,301.0276794433594,0.0,0.0,0.0,0.0,0
13:15:41.549,4.924036502838135,301.0276794433594,0.0,0.0,0.0,0.0,0
13:15:41.564,4.924036502838135,301.0276794433594,0.0,0.0,0.0,0.0,0
13:15:41.583,4.924036502838135,301.0276794433594,0.0,0.0,0.0,0.0,0
13:15:41.584,4.924036502838135,301.0276794433594,0.0,0.0,0.0,0.0,0
13:15:41.599,4.924036502838135,301.0276794433594,0.0,0.0,0.0,0.0,0
13:15:41.611,4.924036502838135,301.0276794433594,0.0,0.0,0.0,0.0,0
13:15:41.611,4.924036502838135,301.0276794433594,0.0,0.0,0.0,0.0,0
13:15:41.626,4.924036502838135,301.0276794433594,0.0,0.0,0.0,0.0,0
13:15:41.644,4.924036502838135,301.0276794433594,0.0,0.0,0.0,0.0,0
13:15:41.644,4.924036502838135,301.0276794433594,0.0,0.0,0.0,0.0,0
13:15:41.658,4.924036502838135,301.0276794433594,0.0,0.0,0.0,0.0,0
13:15:41.658,4.924036502838135,301.0276794433594,0.0,0.0,0.0,0.0,0
13:15:41.674,4.924036502838135,301.0276794433594,0.0,0.0,0.0,0.0,0
13:15:41.689,4.924036502838135,301.0276794433594,0.0,0.0,0.0,0.0,0
13:15:41.689,4.924036502838135,301.0276794433594,0.0,0.0,0.0,0.0,0
13:15:41.706,4.924036502838135,301.0276794433594,0.0,0.0,0.0,0.0,0
13:15:41.721,4.924036502838135,301.0276794433594,0.0,0.0,0.0,0.0,0
13:15:41.721,4.924036502838135,301.0276794433594,0.0,0.0,0.0,0.0,0
13:15:41.737,4.924036502838135,301.0276794433594,0.0,0.0,0.0,0.0,0
13:15:41.752,4.924036502838135,301.0276794433594,0.0,0.0,0.0,0.0,0
13:15:41.752,4.924036502838135,301.0276794433594,0.0,0.0,0.0,0.0,0
13:15:41.778,4.924036502838135,301.0276794433594,0.0,0.0,0.0,0.0,0
13:15:41.778,4.924036502838135,301.0276794433594,0.0,0.0,0.0,0.0,0
13:15:41.794,4.924036502838135,301.0276794433594,0.0,0.0,0.0,0.0,0
13:15:41.794,4.924036502838135,301.0276794433594,0.0,0.0,0.0,0.0,0
13:15:41.807,4.924036502838135,301.0276794433594,0.0,0.0,0.0,0.0,0
13:15:41.822,4.924036502838135,301.0276794433594,0.0,0.0,0.0,0.0,0
13:15:41.822,4.924036502838135,301.0276794433594,0.0,0.0,0.0,0.0,0
13:15:41.840,4.924036502838135,301.0276794433594,0.0,0.0,0.0,0.0,0
13:15:41.853,4.924036502838135,301.0276794433594,0.0,0.0,0.0,0.0,0
13:15:41.853,4.924036502838135,301.0276794433594,0.0,0.0,0.0,0.0,0
13:15:41.869,4.924036502838135,301.0276794433594,0.0,0.0,0.0,0.0,0
13:15:41.869,4.924036502838135,301.0276794433594,0.0,0.0,0.0,0.0,0
13:15:41.884,4.924036502838135,301.0276794433594,0.0,0.0,0.0,0.0,0
13:15:41.901,4.924036502838135,301.0276794433594,0.0,0.0,0.0,0.0,0
13:15:41.908,4.924036502838135,301.0276794433594,0.0,0.0,0.0,0.0,0
13:15:41.916,4.924036502838135,301.0276794433594,0.0,0.0,0.0,0.0,0
13:15:41.931,4.924036502838135,301.0276794433594,0.0,0.0,0.0,0.0,0
13:15:41.931,4.924036502838135,301.0276794433594,0.0,0.0,0.0,0.0,0
13:15:41.947,4.924036502838135,301.0276794433594,0.0,0.0,0.0,0.0,0
13:15:41.964,4.924036502838135,301.0276794433594,0.0,0.0,0.0,0.0,0
13:15:41.964,4.924036502838135,301.0276794433594,0.0,0.0,0.0,0.0,0
13:15:41.979,4.924036502838135,301.0276794433594,0.0,0.0,0.0,0.0,0
13:15:41.979,4.924036502838135,301.0276794433594,0.0,0.0,0.0,0.0,0
13:15:41.994,4.924036502838135,301.0276794433594,0.0,0.0,0.0,0.0,0
13:15:42.010,4.924036502838135,301.0276794433594,0.0,0.0,0.0,0.0,0
13:15:42.010,4.924036502838135,301.0276794433594,0.0,0.0,0.0,0.0,0
13:15:42.028,4.924036502838135,301.0276794433594,0.0,0.0,0.0,0.0,0
13:15:42.042,4.924036502838135,301.0276794433594,0.0,0.0,0.0,0.0,0
13:15:42.042,4.924036502838135,301.0276794433594,0.0,0.0,0.0,0.0,0
13:15:42.057,4.924036502838135,301.0276794433594,0.0,0.0,0.0,0.0,0
13:15:42.072,4.924036502838135,301.0276794433594,0.0,0.0,0.0,0.0,0
13:15:42.072,4.924036502838135,301.0276794433594,0.0,0.0,0.0,0.0,0
13:15:42.101,4.924036502838135,301.0276794433594,0.0,0.0,0.0,0.0,0
13:15:42.101,4.924036502838135,301.0276794433594,0.0,0.0,0.0,0.0,0
13:15:42.111,4.924036502838135,301.0276794433594,0.0,0.0,0.0,0.0,0
13:15:42.115,4.924036502838135,301.0276794433594,0.0,0.0,0.0,0.0,0
13:15:42.131,4.924036502838135,301.0276794433594,0.0,0.0,0.0,0.0,0
13:15:42.131,4.924036502838135,301.0276794433594,0.0,0.0,0.0,0.0,0
13:15:42.147,4.924036502838135,301.0276794433594,0.0,0.0,0.0,0.0,0
13:15:42.166,4.924036502838135,301.0276794433594,0.0,0.0,0.0,0.0,0
13:15:42.174,4.924036502838135,301.0276794433594,0.0,0.0,0.0,0.0,0
13:15:42.179,4.924036502838135,301.0276794433594,0.0,0.0,0.0,0.0,0
13:15:42.179,4.924036502838135,301.0276794433594,0.0,0.0,0.0,0.0,0
13:15:42.195,4.924036502838135,301.0276794433594,0.0,0.0,0.0,0.0,0
13:15:42.211,4.924036502838135,301.0276794433594,0.0,0.0,0.0,0.0,0
13:15:42.211,4.924036502838135,301.0276794433594,0.0,0.0,0.0,0.0,0
13:15:42.229,4.924036502838135,301.0276794433594,0.0,0.0,0.0,0.0,0
13:15:42.243,4.924036502838135,301.0276794433594,0.0,0.0,0.0,0.0,0
13:15:42.243,4.924036502838135,301.0276794433594,0.0,0.0,0.0,0.0,0
13:15:42.259,4.924036502838135,301.0276794433594,0.0,0.0,0.0,0.0,0
13:15:42.259,4.924036502838135,301.0276794433594,0.0,0.0,0.0,0.0,0
13:15:42.274,4.924036502838135,301.0276794433594,0.0,0.0,0.0,0.0,0
13:15:42.293,4.924036502838135,301.0276794433594,0.0,0.0,0.0,0.0,0
13:15:42.293,4.924036502838135,301.0276794433594,0.0,0.0,0.0,0.0,0
13:15:42.307,4.924036502838135,301.0276794433594,0.0,0.0,0.0,0.0,0
13:15:42.323,4.924036502838135,301.0276794433594,0.0,0.0,0.0,0.0,0
13:15:42.323,4.924036502838135,301.0276794433594,0.0,0.0,0.0,0.0,0
13:15:42.339,4.924036502838135,301.0276794433594,0.0,0.0,0.0,0.0,0
13:15:42.339,4.924036502838135,301.0276794433594,0.0,0.0,0.0,0.0,0
13:15:42.356,4.924036502838135,301.0276794433594,0.0,0.0,0.0,0.0,0
13:15:42.369,4.924036502838135,301.0276794433594,0.0,0.0,0.0,0.0,0
13:15:42.369,4.924036502838135,301.0276794433594,0.0,0.0,0.0,0.0,0
13:15:42.385,4.924036502838135,301.0276794433594,0.0,0.0,0.0,0.0,0
13:15:42.401,4.924036502838135,301.0276794433594,0.0,0.0,0.0,0.0,0
13:15:42.401,4.924036502838135,301.0276794433594,0.0,0.0,0.0,0.0,0
13:15:42.418,4.924036502838135,301.0276794433594,0.0,0.0,0.0,0.0,0
13:15:42.433,4.924036502838135,301.0276794433594,0.0,0.0,0.0,0.0,0
13:15:42.433,4.924036502838135,301.0276794433594,0.0,0.0,0.0,0.0,0
13:15:42.448,4.924036502838135,301.0276794433594,0.0,0.0,0.0,0.0,0
13:15:42.464,4.924036502838135,301.0276794433594,0.0,0.0,0.0,0.0,0
13:15:42.464,4.924036502838135,301.0276794433594,0.0,0.0,0.0,0.0,0
13:15:42.482,4.924036502838135,301.0276794433594,0.0,0.0,0.0,0.0,0
13:15:42.496,4.924036502838135,301.0276794433594,0.0,0.0,0.0,0.0,0
13:15:42.496,4.924036502838135,301.0276794433594,0.0,0.0,0.0,0.0,0
13:15:42.511,4.924036502838135,301.0276794433594,0.0,0.0,0.0,0.0,0
13:15:42.511,4.924036502838135,301.0276794433594,0.0,0.0,0.0,0.0,0
13:15:42.528,4.924036502838135,301.0276794433594,0.0,0.0,0.0,0.0,0
13:15:42.551,4.924036502838135,301.0276794433594,0.0,0.0,0.0,0.0,0
13:15:42.552,4.924036502838135,301.0276794433594,0.0,0.0,0.0,0.0,0
13:15:42.552,4.924036502838135,301.0276794433594,0.0,0.0,0.0,0.0,0
13:15:42.565,4.924036502838135,301.0276794433594,0.0,0.0,0.0,0.0,0
13:15:42.582,4.924036502838135,301.0276794433594,0.0,0.0,0.0,0.0,0
13:15:42.582,4.924036502838135,301.0276794433594,0.0,0.0,0.0,0.0,0
13:15:42.598,4.924036502838135,301.0276794433594,0.0,0.0,0.0,0.0,0
13:15:42.615,4.924036502838135,301.0276794433594,0.0,0.0,0.0,0.0,0
13:15:42.623,4.924036502838135,301.0276794433594,0.0,0.0,0.0,0.0,0
13:15:42.629,4.924036502838135,301.0276794433594,0.0,0.0,0.0,0.0,0
13:15:42.629,4.924036502838135,301.0276794433594,0.0,0.0,0.0,0.0,0
13:15:42.645,4.924036502838135,301.0276794433594,0.0,0.0,0.0,0.0,0
13:15:42.661,4.924036502838135,301.0276794433594,0.0,0.0,0.0,0.0,0
13:15:42.661,4.924036502838135,301.0276794433594,0.0,0.0,0.0,0.0,0
13:15:42.678,4.924036502838135,301.0276794433594,0.0,0.0,0.0,0.0,0
13:15:42.699,4.924036502838135,301.0276794433594,0.0,0.0,0.0,0.0,0
13:15:42.699,4.924036502838135,301.0276794433594,0.0,0.0,0.0,0.0,0
13:15:42.699,4.924036502838135,301.0276794433594,0.0,0.0,0.0,0.0,0
13:15:42.715,4.924036502838135,301.0276794433594,0.0,0.0,0.0,0.0,0
13:15:42.731,4.924036502838135,301.0276794433594,0.0,0.0,0.0,0.0,0
13:15:42.731,4.924036502838135,301.0276794433594,0.0,0.0,0.0,0.0,0
13:15:42.750,4.924036502838135,301.0276794433594,0.0,0.0,0.0,0.0,0
13:15:42.757,4.924036502838135,301.0276794433594,0.0,0.0,0.0,0.0,0
13:15:42.762,4.924036502838135,301.0276794433594,0.0,0.0,0.0,0.0,0
13:15:42.777,4.924036502838135,301.0276794433594,0.0,0.0,0.0,0.0,0
13:15:42.793,4.924036502838135,301.0276794433594,0.0,0.0,0.0,0.0,0
13:15:42.793,4.924036502838135,301.0276794433594,0.0,0.0,0.0,0.0,0
13:15:42.826,4.924036502838135,301.0276794433594,0.0,0.0,0.0,0.0,0
13:15:42.834,4.924036502838135,301.0276794433594,0.0,0.0,0.0,0.0,0
13:15:42.835,4.924036502838135,301.0276794433594,0.0,0.0,0.0,0.0,0
13:15:42.839,4.924036502838135,301.0276794433594,0.0,0.0,0.0,0.0,0
13:15:42.839,4.924036502838135,301.0276794433594,0.0,0.0,0.0,0.0,0
13:15:42.855,4.924036502838135,301.0276794433594,0.0,0.0,0.0,0.0,0
13:15:42.875,4.924036502838135,301.0276794433594,0.0,0.0,0.0,0.0,0
13:15:42.881,4.924036502838135,301.0276794433594,0.0,0.0,0.0,0.0,0
13:15:42.890,4.924036502838135,301.0276794433594,0.0,0.0,0.0,0.0,0
13:15:42.890,4.924036502838135,301.0276794433594,0.0,0.0,0.0,0.0,0
13:15:42.906,4.924036502838135,301.0276794433594,0.0,0.0,0.0,0.0,0
13:15:42.922,4.924036502838135,301.0276794433594,0.0,0.0,0.0,0.0,0
13:15:42.922,4.924036502838135,301.0276794433594,0.0,0.0,0.0,0.0,0
13:15:42.939,4.924036502838135,301.0276794433594,0.0,0.0,0.0,0.0,0
13:15:42.946,4.924036502838135,301.0276794433594,0.0,0.0,0.0,0.0,0
13:15:42.954,4.924036502838135,301.0276794433594,0.0,0.0,0.0,0.0,0
13:15:42.969,4.924036502838135,301.0276794433594,0.0,0.0,0.0,0.0,0
13:15:42.969,4.924036502838135,301.0276794433594,0.0,0.0,0.0,0.0,0
13:15:42.985,4.924036502838135,301.0276794433594,0.0,0.0,0.0,0.0,0
13:15:43.001,4.924036502838135,301.0276794433594,0.0,0.0,0.0,0.0,0
13:15:43.001,4.924036502838135,301.0276794433594,0.0,0.0,0.0,0.0,0
13:15:43.016,4.924036502838135,301.0276794433594,0.0,0.0,0.0,0.0,0
13:15:43.032,4.924036502838135,301.0276794433594,0.0,0.0,0.0,0.0,0
13:15:43.032,4.924036502838135,301.0276794433594,0.0,0.0,0.0,0.0,0
13:15:43.048,4.924036502838135,301.0276794433594,0.0,0.0,0.0,0.0,0
13:15:43.065,4.924036502838135,301.0276794433594,0.0,0.0,0.0,0.0,0
13:15:43.065,4.924036502838135,301.0276794433594,0.0,0.0,0.0,0.0,0
13:15:43.079,4.924036502838135,301.0276794433594,0.0,0.0,0.0,0.0,0
13:15:43.079,4.924036502838135,301.0276794433594,0.0,0.0,0.0,0.0,0
13:15:43.094,4.924036502838135,301.0276794433594,0.0,0.0,0.0,0.0,0
13:15:43.127,4.924036502838135,301.0276794433594,0.0,0.0,0.0,0.0,0
13:15:43.138,4.924036502838135,301.0276794433594,0.0,0.0,0.0,0.0,0
13:15:43.138,4.924036502838135,301.0276794433594,0.0,0.0,0.0,0.0,0
13:15:43.140,4.924036502838135,301.0276794433594,0.0,0.0,0.0,0.0,0
13:15:43.140,4.924036502838135,301.0276794433594,0.0,0.0,0.0,0.0,0
13:15:43.156,4.924036502838135,301.0276794433594,0.0,0.0,0.0,0.0,0
13:15:43.172,4.924036502838135,301.0276794433594,0.0,0.0,0.0,0.0,0
13:15:43.172,4.924036502838135,301.0276794433594,0.0,0.0,0.0,0.0,0
13:15:43.189,4.924036502838135,301.0276794433594,0.0,0.0,0.0,0.0,0
13:15:43.196,4.924036502838135,301.0276794433594,0.0,0.0,0.0,0.0,0
13:15:43.204,4.924036502838135,301.0276794433594,0.0,0.0,0.0,0.0,0
13:15:43.219,4.924036502838135,301.0276794433594,0.0,0.0,0.0,0.0,0
13:15:43.219,4.924036502838135,301.0276794433594,0.0,0.0,0.0,0.0,0
13:15:43.252,4.924036502838135,301.0276794433594,0.0,0.0,0.0,0.0,0
13:15:43.252,4.924036502838135,301.0276794433594,0.0,0.0,0.0,0.0,0
13:15:43.252,4.924036502838135,301.0276794433594,0.0,0.0,0.0,0.0,0
13:15:43.268,4.924036502838135,301.0276794433594,0.0,0.0,0.0,0.0,0
13:15:43.283,4.924036502838135,301.0276794433594,0.0,0.0,0.0,0.0,0
13:15:43.283,4.924036502838135,301.0276794433594,0.0,0.0,0.0,0.0,0
13:15:43.299,4.924036502838135,301.0276794433594,0.0,0.0,0.0,0.0,0
13:15:43.299,4.924036502838135,301.0276794433594,0.0,0.0,0.0,0.0,0
13:15:43.328,4.924036502838135,301.0276794433594,0.0,0.0,0.0,0.0,0
13:15:43.328,4.924036502838135,301.0276794433594,0.0,0.0,0.0,0.0,0
13:15:43.344,4.924036502838135,301.0276794433594,0.0,0.0,0.0,0.0,0
13:15:43.344,4.924036502838135,301.0276794433594,0.0,0.0,0.0,0.0,0
13:15:43.355,4.924036502838135,301.0276794433594,0.0,0.0,0.0,0.0,0
13:15:43.371,4.924036502838135,301.0276794433594,0.0,0.0,0.0,0.0,0
13:15:43.371,4.924036502838135,301.0276794433594,0.0,0.0,0.0,0.0,0
13:15:43.402,4.924036502838135,301.0276794433594,0.0,0.0,0.0,0.0,0
13:15:43.402,4.924036502838135,301.0276794433594,0.0,0.0,0.0,0.0,0
13:15:43.402,4.924036502838135,301.0276794433594,0.0,0.0,0.0,0.0,0
13:15:43.414,4.924036502838135,301.0276794433594,0.0,0.0,0.0,0.0,0
13:15:43.430,4.924036502838135,301.0276794433594,0.0,0.0,0.0,0.0,0
13:15:43.430,4.924036502838135,301.0276794433594,0.0,0.0,0.0,0.0,0
13:15:43.446,4.924036502838135,301.0276794433594,0.0,0.0,0.0,0.0,0
13:15:43.463,4.924036502838135,301.0276794433594,0.0,0.0,0.0,0.0,0
13:15:43.470,4.924036502838135,301.0276794433594,0.0,0.0,0.0,0.0,0
13:15:43.478,4.924036502838135,301.0276794433594,0.0,0.0,0.0,0.0,0
13:15:43.493,4.924036502838135,301.0276794433594,0.0,0.0,0.0,0.0,0
13:15:43.493,4.924036502838135,301.0276794433594,0.0,0.0,0.0,0.0,0
13:15:43.509,4.924036502838135,301.0276794433594,0.0,0.0,0.0,0.0,0
13:15:43.509,4.924036502838135,301.0276794433594,0.0,0.0,0.0,0.0,0
13:15:43.526,4.924036502838135,301.0276794433594,0.0,0.0,0.0,0.0,0
13:15:43.540,4.924036502838135,301.0276794433594,0.0,0.0,0.0,0.0,0
13:15:43.540,4.924036502838135,301.0276794433594,0.0,0.0,0.0,0.0,0
13:15:43.557,4.924036502838135,301.0276794433594,0.0,0.0,0.0,0.0,0
13:15:43.573,4.924036502838135,301.0276794433594,0.0,0.0,0.0,0.0,0
13:15:43.573,4.924036502838135,301.0276794433594,0.0,0.0,0.0,0.0,0
13:15:43.590,4.924036502838135,301.0276794433594,0.0,0.0,0.0,0.0,0
13:15:43.590,4.924036502838135,301.0276794433594,0.0,0.0,0.0,0.0,0
13:15:43.605,4.924036502838135,301.0276794433594,0.0,0.0,0.0,0.0,0
13:15:43.620,4.924036502838135,301.0276794433594,0.0,0.0,0.0,0.0,0
13:15:43.620,4.924036502838135,301.0276794433594,0.0,0.0,0.0,0.0,0
13:15:43.652,4.924036502838135,301.0276794433594,0.0,0.0,0.0,0.0,0
13:15:43.659,4.924036502838135,301.0276794433594,0.0,0.0,0.0,0.0,0
13:15:43.660,4.924036502838135,301.0276794433594,0.0,0.0,0.0,0.0,0
13:15:43.665,4.924036502838135,301.0276794433594,0.0,0.0,0.0,0.0,0
13:15:43.680,4.924036502838135,301.0276794433594,0.0,0.0,0.0,0.0,0
13:15:43.680,4.924036502838135,301.0276794433594,0.0,0.0,0.0,0.0,0
13:15:43.696,4.924036502838135,301.0276794433594,0.0,0.0,0.0,0.0,0
13:15:43.713,4.924036502838135,301.0276794433594,0.0,0.0,0.0,0.0,0
13:15:43.713,4.924036502838135,301.0276794433594,0.0,0.0,0.0,0.0,0
13:15:43.727,4.924036502838135,301.0276794433594,0.0,0.0,0.0,0.0,0
13:15:43.743,4.924036502838135,301.0276794433594,0.0,0.0,0.0,0.0,0
13:15:43.743,4.924036502838135,301.0276794433594,0.0,0.0,0.0,0.0,0
13:15:43.759,4.924036502838135,301.0276794433594,0.0,0.0,0.0,0.0,0
13:15:43.759,4.924036502838135,301.0276794433594,0.0,0.0,0.0,0.0,0
13:15:43.775,4.924036502838135,301.0276794433594,0.0,0.0,0.0,0.0,0
13:15:43.790,4.924036502838135,301.0276794433594,0.0,0.0,0.0,0.0,0
13:15:43.790,4.924036502838135,301.0276794433594,0.0,0.0,0.0,0.0,0
13:15:43.806,4.924036502838135,301.0276794433594,0.0,0.0,0.0,0.0,0
13:15:43.822,4.924036502838135,301.0276794433594,0.0,0.0,0.0,0.0,0
13:15:43.822,4.924036502838135,301.0276794433594,0.0,0.0,0.0,0.0,0
13:15:43.841,4.924036502838135,301.0276794433594,0.0,0.0,0.0,0.0,0
13:15:43.854,4.924036502838135,301.0276794433594,0.0,0.0,0.0,0.0,0
13:15:43.854,4.924036502838135,301.0276794433594,0.0,0.0,0.0,0.0,0
13:15:43.870,4.924036502838135,301.0276794433594,0.0,0.0,0.0,0.0,0
13:15:43.870,4.924036502838135,301.0276794433594,0.0,0.0,0.0,0.0,0
13:15:43.886,4.924036502838135,301.0276794433594,0.0,0.0,0.0,0.0,0
13:15:43.903,4.924036502838135,301.0276794433594,0.0,0.0,0.0,0.0,0
13:15:43.903,4.924036502838135,301.0276794433594,0.0,0.0,0.0,0.0,0
13:15:43.917,4.924036502838135,301.0276794433594,0.0,0.0,0.0,0.0,0
13:15:43.933,4.924036502838135,301.0276794433594,0.0,0.0,0.0,0.0,0
13:15:43.933,4.924036502838135,301.0276794433594,0.0,0.0,0.0,0.0,0
13:15:43.949,4.924036502838135,301.0276794433594,0.0,0.0,0.0,0.0,0
13:15:43.949,4.924036502838135,301.0276794433594,0.0,0.0,0.0,0.0,0
13:15:43.965,4.924036502838135,301.0276794433594,0.0,0.0,0.0,0.0,0
13:15:43.980,4.924036502838135,301.0276794433594,0.0,0.0,0.0,0.0,0
13:15:43.980,4.924036502838135,301.0276794433594,0.0,0.0,0.0,0.0,0
13:15:43.996,4.924036502838135,301.0276794433594,0.0,0.0,0.0,0.0,0
13:15:44.012,4.924036502838135,301.0276794433594,0.0,0.0,0.0,0.0,0
13:15:44.012,4.924036502838135,301.0276794433594,0.0,0.0,0.0,0.0,0
13:15:44.030,4.924036502838135,301.0276794433594,0.0,0.0,0.0,0.0,0
13:15:44.044,4.924036502838135,301.0276794433594,0.0,0.0,0.0,0.0,0
13:15:44.044,4.924036502838135,301.0276794433594,0.0,0.0,0.0,0.0,0
13:15:44.060,4.924036502838135,301.0276794433594,0.0,0.0,0.0,0.0,0
13:15:44.060,4.924036502838135,301.0276794433594,0.0,0.0,0.0,0.0,0
13:15:44.075,4.924036502838135,301.0276794433594,0.0,0.0,0.0,0.0,0
13:15:44.103,4.924036502838135,301.0276794433594,0.0,0.0,0.0,0.0,0
13:15:44.103,4.924036502838135,301.0276794433594,0.0,0.0,0.0,0.0,0
13:15:44.103,4.924036502838135,301.0276794433594,0.0,0.0,0.0,0.0,0
13:15:44.115,4.924036502838135,301.0276794433594,0.0,0.0,0.0,0.0,0
13:15:44.131,4.924036502838135,301.0276794433594,0.0,0.0,0.0,0.0,0
13:15:44.131,4.924036502838135,301.0276794433594,0.0,0.0,0.0,0.0,0
13:15:44.146,4.924036502838135,301.0276794433594,0.0,0.0,0.0,0.0,0
13:15:44.163,4.924036502838135,301.0276794433594,0.0,0.0,0.0,0.0,0
13:15:44.163,4.924036502838135,301.0276794433594,0.0,0.0,0.0,0.0,0
13:15:44.170,4.924036502838135,301.0276794433594,0.0,0.0,0.0,0.0,0
13:15:44.189,4.924036502838135,301.0276794433594,0.0,0.0,0.0,0.0,0
13:15:44.189,4.924036502838135,301.0276794433594,0.0,0.0,0.0,0.0,0
13:15:44.206,4.924036502838135,301.0276794433594,0.0,0.0,0.0,0.0,0
13:15:44.223,4.924036502838135,301.0276794433594,0.0,0.0,0.0,0.0,0
13:15:44.234,4.924036502838135,301.0276794433594,0.0,0.0,0.0,0.0,0
13:15:44.238,4.924036502838135,301.0276794433594,0.0,0.0,0.0,0.0,0
13:15:44.253,4.924036502838135,301.0276794433594,0.0,0.0,0.0,0.0,0
13:15:44.254,4.924036502838135,301.0276794433594,0.0,0.0,0.0,0.0,0
13:15:44.269,4.924036502838135,301.0276794433594,0.0,0.0,0.0,0.0,0
13:15:44.269,4.924036502838135,301.0276794433594,0.0,0.0,0.0,0.0,0
13:15:44.286,4.924036502838135,301.0276794433594,0.0,0.0,0.0,0.0,0
13:15:44.300,4.924036502838135,301.0276794433594,0.0,0.0,0.0,0.0,0
13:15:44.300,4.924036502838135,301.0276794433594,0.0,0.0,0.0,0.0,0
13:15:44.316,4.924036502838135,301.0276794433594,0.0,0.0,0.0,0.0,0
13:15:44.331,4.924036502838135,301.0276794433594,0.0,0.0,0.0,0.0,0
13:15:44.331,4.924036502838135,301.0276794433594,0.0,0.0,0.0,0.0,0
13:15:44.348,4.924036502838135,301.0276794433594,0.0,0.0,0.0,0.0,0
13:15:44.363,4.924036502838135,301.0276794433594,0.0,0.0,0.0,0.0,0
13:15:44.363,4.924036502838135,301.0276794433594,0.0,0.0,0.0,0.0,0
13:15:44.378,4.924036502838135,301.0276794433594,0.0,0.0,0.0,0.0,0
13:15:44.378,4.924036502838135,301.0276794433594,0.0,0.0,0.0,0.0,0
13:15:44.394,4.924036502838135,301.0276794433594,0.0,0.0,0.0,0.0,0
13:15:44.414,4.924036502838135,301.0276794433594,0.0,0.0,0.0,0.0,0
13:15:44.414,4.924036502838135,301.0276794433594,0.0,0.0,0.0,0.0,0
13:15:44.429,4.924036502838135,301.0276794433594,0.0,0.0,0.0,0.0,0
13:15:44.430,4.924036502838135,301.0276794433594,0.0,0.0,0.0,0.0,0
13:15:44.442,4.924036502838135,301.0276794433594,0.0,0.0,0.0,0.0,0
13:15:44.457,4.924036502838135,301.0276794433594,0.0,0.0,0.0,0.0,0
13:15:44.475,4.924036502838135,301.0276794433594,0.0,0.0,0.0,0.0,0
13:15:44.475,4.924036502838135,301.0276794433594,0.0,0.0,0.0,0.0,0
13:15:44.489,4.924036502838135,301.0276794433594,0.0,0.0,0.0,0.0,0
13:15:44.489,4.924036502838135,301.0276794433594,0.0,0.0,0.0,0.0,0
13:15:44.504,4.924036502838135,301.0276794433594,0.0,0.0,0.0,0.0,0
13:15:44.521,4.924036502838135,301.0276794433594,0.0,0.0,0.0,0.0,0
13:15:44.521,4.924036502838135,301.0276794433594,0.0,0.0,0.0,0.0,0
13:15:44.539,4.924036502838135,301.0276794433594,0.0,0.0,0.0,0.0,0
13:15:44.546,4.924036502838135,301.0276794433594,0.0,0.0,0.0,0.0,0
13:15:44.551,4.924036502838135,301.0276794433594,0.0,0.0,0.0,0.0,0
13:15:44.567,4.924036502838135,301.0276794433594,0.0,0.0,0.0,0.0,0
13:15:44.583,4.924036502838135,301.0276794433594,0.0,0.0,0.0,0.0,0
13:15:44.583,4.924036502838135,301.0276794433594,0.0,0.0,0.0,0.0,0
13:15:44.601,4.924036502838135,301.0276794433594,0.0,0.0,0.0,0.0,0
13:15:44.610,4.924036502838135,301.0276794433594,0.0,0.0,0.0,0.0,0
13:15:44.624,4.924036502838135,301.0276794433594,0.0,0.0,0.0,0.0,0
13:15:44.624,4.924036502838135,301.0276794433594,0.0,0.0,0.0,0.0,0
13:15:44.640,4.924036502838135,301.0276794433594,0.0,0.0,0.0,0.0,0
13:15:44.640,4.924036502838135,301.0276794433594,0.0,0.0,0.0,0.0,0
13:15:44.656,4.924036502838135,301.0276794433594,0.0,0.0,0.0,0.0,0
13:15:44.674,4.924036502838135,301.0276794433594,0.0,0.0,0.0,0.0,0
13:15:44.674,4.924036502838135,301.0276794433594,0.0,0.0,0.0,0.0,0
13:15:44.690,4.924036502838135,301.0276794433594,0.0,0.0,0.0,0.0,0
13:15:44.690,4.924036502838135,301.0276794433594,0.0,0.0,0.0,0.0,0
13:15:44.707,4.924036502838135,301.0276794433594,0.0,0.0,0.0,0.0,0
13:15:44.727,4.924036502838135,301.0276794433594,0.0,0.0,0.0,0.0,0
13:15:44.727,4.924036502838135,301.0276794433594,0.0,0.0,0.0,0.0,0
13:15:44.743,4.924036502838135,301.0276794433594,0.0,0.0,0.0,0.0,0
13:15:44.743,4.924036502838135,301.0276794433594,0.0,0.0,0.0,0.0,0
13:15:44.753,4.924036502838135,301.0276794433594,0.0,0.0,0.0,0.0,0
13:15:44.769,4.924036502838135,301.0276794433594,0.0,0.0,0.0,0.0,0
13:15:44.769,4.924036502838135,301.0276794433594,0.0,0.0,0.0,0.0,0
13:15:44.786,4.924036502838135,301.0276794433594,0.0,0.0,0.0,0.0,0
13:15:44.801,4.924036502838135,301.0276794433594,0.0,0.0,0.0,0.0,0
13:15:44.801,4.924036502838135,301.0276794433594,0.0,0.0,0.0,0.0,0
13:15:44.816,4.924036502838135,301.0276794433594,0.0,0.0,0.0,0.0,0
13:15:44.832,4.924036502838135,301.0276794433594,0.0,0.0,0.0,0.0,0
13:15:44.832,4.924036502838135,301.0276794433594,0.0,0.0,0.0,0.0,0
13:15:44.852,4.924036502838135,301.0276794433594,0.0,0.0,0.0,0.0,0
13:15:44.852,4.924036502838135,301.0276794433594,0.0,0.0,0.0,0.0,0
13:15:44.865,4.924036502838135,301.0276794433594,0.0,0.0,0.0,0.0,0
13:15:44.881,4.924036502838135,301.0276794433594,0.0,0.0,0.0,0.0,0
13:15:44.881,4.924036502838135,301.0276794433594,0.0,0.0,0.0,0.0,0
13:15:44.897,4.924036502838135,301.0276794433594,0.0,0.0,0.0,0.0,0
13:15:44.913,4.924036502838135,301.0276794433594,0.0,0.0,0.0,0.0,0
13:15:44.918,4.924036502838135,301.0276794433594,0.0,0.0,0.0,0.0,0
13:15:44.927,4.924036502838135,301.0276794433594,0.0,0.0,0.0,0.0,0
13:15:44.945,4.924036502838135,301.0276794433594,0.0,0.0,0.0,0.0,0
13:15:44.945,4.924036502838135,301.0276794433594,0.0,0.0,0.0,0.0,0
13:15:44.960,4.924036502838135,301.0276794433594,0.0,0.0,0.0,0.0,0
13:15:44.960,4.924036502838135,301.0276794433594,0.0,0.0,0.0,0.0,0
13:15:44.978,4.924036502838135,301.0276794433594,0.0,0.0,0.0,0.0,0
13:15:44.992,4.924036502838135,301.0276794433594,0.0,0.0,0.0,0.0,0
13:15:44.992,4.924036502838135,301.0276794433594,0.0,0.0,0.0,0.0,0
13:15:45.007,4.924036502838135,301.0276794433594,0.0,0.0,0.0,0.0,0
13:15:45.023,4.924036502838135,301.0276794433594,0.0,0.0,0.0,0.0,0
13:15:45.023,4.924036502838135,301.0276794433594,0.0,0.0,0.0,0.0,0
13:15:45.042,4.924036502838135,301.0276794433594,0.0,0.0,0.0,0.0,0
13:15:45.049,4.924036502838135,301.0276794433594,0.0,0.0,0.0,0.0,0
13:15:45.055,4.924036502838135,301.0276794433594,0.0,0.0,0.0,0.0,0
13:15:45.071,4.924036502838135,301.0276794433594,0.0,0.0,0.0,0.0,0
13:15:45.071,4.924036502838135,301.0276794433594,0.0,0.0,0.0,0.0,0
13:15:45.087,4.924036502838135,301.0276794433594,0.0,0.0,0.0,0.0,0
13:15:45.104,4.924036502838135,301.0276794433594,0.0,0.0,0.0,0.0,0
13:15:45.104,4.924036502838135,301.0276794433594,0.0,0.0,0.0,0.0,0
13:15:45.119,4.924036502838135,301.0276794433594,0.0,0.0,0.0,0.0,0
13:15:45.119,4.924036502838135,301.0276794433594,0.0,0.0,0.0,0.0,0
13:15:45.135,4.924036502838135,301.0276794433594,0.0,0.0,0.0,0.0,0
13:15:45.150,4.924036502838135,301.0276794433594,0.0,0.0,0.0,0.0,0
13:15:45.150,4.924036502838135,301.0276794433594,0.0,0.0,0.0,0.0,0
13:15:45.168,4.924036502838135,301.0276794433594,0.0,0.0,0.0,0.0,0
13:15:45.181,4.924036502838135,301.0276794433594,0.0,0.0,0.0,0.0,0
13:15:45.181,4.924036502838135,301.0276794433594,0.0,0.0,0.0,0.0,0
13:15:45.199,4.924036502838135,301.0276794433594,0.0,0.0,0.0,0.0,0
13:15:45.200,4.924036502838135,301.0276794433594,0.0,0.0,0.0,0.0,0
13:15:45.215,4.924036502838135,301.0276794433594,0.0,0.0,0.0,0.0,0
13:15:45.233,4.924036502838135,301.0276794433594,0.0,0.0,0.0,0.0,0
13:15:45.233,4.924036502838135,301.0276794433594,0.0,0.0,0.0,0.0,0
13:15:45.246,4.924036502838135,301.0276794433594,0.0,0.0,0.0,0.0,0
13:15:45.262,4.924036502838135,301.0276794433594,0.0,0.0,0.0,0.0,0
13:15:45.262,4.924036502838135,301.0276794433594,0.0,0.0,0.0,0.0,0
13:15:45.277,4.924036502838135,301.0276794433594,0.0,0.0,0.0,0.0,0
13:15:45.295,4.924036502838135,301.0276794433594,0.0,0.0,0.0,0.0,0
13:15:45.295,4.924036502838135,301.0276794433594,0.0,0.0,0.0,0.0,0
13:15:45.309,4.924036502838135,301.0276794433594,0.0,0.0,0.0,0.0,0
13:15:45.309,4.924036502838135,301.0276794433594,0.0,0.0,0.0,0.0,0
13:15:45.325,4.924036502838135,301.0276794433594,0.0,0.0,0.0,0.0,0
13:15:45.340,4.924036502838135,301.0276794433594,0.0,0.0,0.0,0.0,0
13:15:45.340,4.924036502838135,301.0276794433594,0.0,0.0,0.0,0.0,0
13:15:45.358,4.924036502838135,301.0276794433594,0.0,0.0,0.0,0.0,0
13:15:45.372,4.924036502838135,301.0276794433594,0.0,0.0,0.0,0.0,0
13:15:45.372,4.924036502838135,301.0276794433594,0.0,0.0,0.0,0.0,0
13:15:45.399,4.924036502838135,301.0276794433594,0.0,0.0,0.0,0.0,0
13:15:45.399,4.924036502838135,301.0276794433594,0.0,0.0,0.0,0.0,0
13:15:45.399,4.924036502838135,301.0276794433594,0.0,0.0,0.0,0.0,0
13:15:45.416,4.924036502838135,301.0276794433594,0.0,0.0,0.0,0.0,0
13:15:45.430,4.924036502838135,301.0276794433594,0.0,0.0,0.0,0.0,0
13:15:45.430,4.924036502838135,301.0276794433594,0.0,0.0,0.0,0.0,0
13:15:45.446,4.924036502838135,301.0276794433594,0.0,0.0,0.0,0.0,0
13:15:45.461,4.924036502838135,301.0276794433594,0.0,0.0,0.0,0.0,0
13:15:45.461,4.924036502838135,301.0276794433594,0.0,0.0,0.0,0.0,0
13:15:45.479,4.924036502838135,301.0276794433594,0.0,0.0,0.0,0.0,0
13:15:45.489,4.924036502838135,301.0276794433594,0.0,0.0,0.0,0.0,0
13:15:45.492,4.924036502838135,301.0276794433594,0.0,0.0,0.0,0.0,0
13:15:45.508,4.924036502838135,301.0276794433594,0.0,0.0,0.0,0.0,0
13:15:45.508,4.924036502838135,301.0276794433594,0.0,0.0,0.0,0.0,0
13:15:45.524,4.924036502838135,301.0276794433594,0.0,0.0,0.0,0.0,0
13:15:45.543,4.924036502838135,301.0276794433594,0.0,0.0,0.0,0.0,0
13:15:45.543,4.924036502838135,301.0276794433594,0.0,0.0,0.0,0.0,0
13:15:45.559,4.924036502838135,301.0276794433594,0.0,0.0,0.0,0.0,0
13:15:45.559,4.924036502838135,301.0276794433594,0.0,0.0,0.0,0.0,0
13:15:45.570,4.924036502838135,301.0276794433594,0.0,0.0,0.0,0.0,0
13:15:45.586,4.924036502838135,301.0276794433594,0.0,0.0,0.0,0.0,0
13:15:45.604,4.924036502838135,301.0276794433594,0.0,0.0,0.0,0.0,0
13:15:45.614,4.924036502838135,301.0276794433594,0.0,0.0,0.0,0.0,0
13:15:45.618,4.924036502838135,301.0276794433594,0.0,0.0,0.0,0.0,0
13:15:45.634,4.924036502838135,301.0276794433594,0.0,0.0,0.0,0.0,0
13:15:45.634,4.924036502838135,301.0276794433594,0.0,0.0,0.0,0.0,0
13:15:45.649,4.924036502838135,301.0276794433594,0.0,0.0,0.0,0.0,0
13:15:45.649,4.924036502838135,301.0276794433594,0.0,0.0,0.0,0.0,0
13:15:45.666,4.924036502838135,301.0276794433594,0.0,0.0,0.0,0.0,0
13:15:45.681,4.924036502838135,301.0276794433594,0.0,0.0,0.0,0.0,0
13:15:45.681,4.924036502838135,301.0276794433594,0.0,0.0,0.0,0.0,0
13:15:45.698,4.924036502838135,301.0276794433594,0.0,0.0,0.0,0.0,0
13:15:45.726,4.924036502838135,301.0276794433594,0.0,0.0,0.0,0.0,0
13:15:45.726,4.924036502838135,301.0276794433594,0.0,0.0,0.0,0.0,0
13:15:45.726,4.924036502838135,301.0276794433594,0.0,0.0,0.0,0.0,0
13:15:45.741,4.924036502838135,301.0276794433594,0.0,0.0,0.0,0.0,0
13:15:45.741,4.924036502838135,301.0276794433594,0.0,0.0,0.0,0.0,0
13:15:45.756,4.924036502838135,301.0276794433594,0.0,0.0,0.0,0.0,0
13:15:45.771,4.924036502838135,301.0276794433594,0.0,0.0,0.0,0.0,0
13:15:45.771,4.924036502838135,301.0276794433594,0.0,0.0,0.0,0.0,0
13:15:45.789,4.924036502838135,301.0276794433594,0.0,0.0,0.0,0.0,0
13:15:45.797,4.924036502838135,301.0276794433594,0.0,0.0,0.0,0.0,0
13:15:45.803,4.924036502838135,301.0276794433594,0.0,0.0,0.0,0.0,0
13:15:45.819,4.924036502838135,301.0276794433594,0.0,0.0,0.0,0.0,0
13:15:45.819,4.924036502838135,301.0276794433594,0.0,0.0,0.0,0.0,0
13:15:45.835,4.924036502838135,301.0276794433594,0.0,0.0,0.0,0.0,0
13:15:45.851,4.924036502838135,301.0276794433594,0.0,0.0,0.0,0.0,0
13:15:45.860,4.924036502838135,301.0276794433594,0.0,0.0,0.0,0.0,0
13:15:45.866,4.924036502838135,301.0276794433594,0.0,0.0,0.0,0.0,0
13:15:45.881,4.924036502838135,301.0276794433594,0.0,0.0,0.0,0.0,0
13:15:45.881,4.924036502838135,301.0276794433594,0.0,0.0,0.0,0.0,0
13:15:45.897,4.924036502838135,301.0276794433594,0.0,0.0,0.0,0.0,0
13:15:45.914,4.924036502838135,301.0276794433594,0.0,0.0,0.0,0.0,0
13:15:45.923,4.924036502838135,301.0276794433594,0.0,0.0,0.0,0.0,0
13:15:45.928,4.924036502838135,301.0276794433594,0.0,0.0,0.0,0.0,0
13:15:45.928,4.924036502838135,301.0276794433594,0.0,0.0,0.0,0.0,0
13:15:45.944,4.924036502838135,301.0276794433594,0.0,0.0,0.0,0.0,0
13:15:45.976,4.924036502838135,301.0276794433594,0.0,0.0,0.0,0.0,0
13:15:45.983,4.924036502838135,301.0276794433594,0.0,0.0,0.0,0.0,0
13:15:45.983,4.924036502838135,301.0276794433594,0.0,0.0,0.0,0.0,0
13:15:45.990,4.924036502838135,301.0276794433594,0.0,0.0,0.0,0.0,0
13:15:45.990,4.924036502838135,301.0276794433594,0.0,0.0,0.0,0.0,0
13:15:46.006,4.924036502838135,301.0276794433594,0.0,0.0,0.0,0.0,0
13:15:46.021,4.924036502838135,301.0276794433594,0.0,0.0,0.0,0.0,0
13:15:46.021,4.924036502838135,301.0276794433594,0.0,0.0,0.0,0.0,0
13:15:46.039,4.924036502838135,301.0276794433594,0.0,0.0,0.0,0.0,0
13:15:46.053,4.924036502838135,301.0276794433594,0.0,0.0,0.0,0.0,0
13:15:46.053,4.924036502838135,301.0276794433594,0.0,0.0,0.0,0.0,0
13:15:46.069,4.924036502838135,301.0276794433594,0.0,0.0,0.0,0.0,0
13:15:46.069,4.924036502838135,301.0276794433594,0.0,0.0,0.0,0.0,0
13:15:46.084,4.924036502838135,301.0276794433594,0.0,0.0,0.0,0.0,0
13:15:46.102,4.924036502838135,301.0276794433594,0.0,0.0,0.0,0.0,0
13:15:46.112,4.924036502838135,301.0276794433594,0.0,0.0,0.0,0.0,0
13:15:46.116,4.924036502838135,301.0276794433594,0.0,0.0,0.0,0.0,0
13:15:46.132,4.924036502838135,301.0276794433594,0.0,0.0,0.0,0.0,0
13:15:46.132,4.924036502838135,301.0276794433594,0.0,0.0,0.0,0.0,0
13:15:46.149,4.924036502838135,301.0276794433594,0.0,0.0,0.0,0.0,0
13:15:46.149,4.924036502838135,301.0276794433594,0.0,0.0,0.0,0.0,0
13:15:46.178,4.924036502838135,301.0276794433594,0.0,0.0,0.0,0.0,0
13:15:46.188,4.924036502838135,301.0276794433594,0.0,0.0,0.0,0.0,0
13:15:46.188,4.924036502838135,301.0276794433594,0.0,0.0,0.0,0.0,0
13:15:46.190,4.924036502838135,301.0276794433594,0.0,0.0,0.0,0.0,0
13:15:46.207,4.924036502838135,301.0276794433594,0.0,0.0,0.0,0.0,0
13:15:46.223,4.924036502838135,301.0276794433594,0.0,0.0,0.0,0.0,0
13:15:46.223,4.924036502838135,301.0276794433594,0.0,0.0,0.0,0.0,0
13:15:46.240,4.924036502838135,301.0276794433594,0.0,0.0,0.0,0.0,0
13:15:46.248,4.924036502838135,301.0276794433594,0.0,0.0,0.0,0.0,0
13:15:46.254,4.924036502838135,301.0276794433594,0.0,0.0,0.0,0.0,0
13:15:46.269,4.924036502838135,301.0276794433594,0.0,0.0,0.0,0.0,0
13:15:46.269,4.924036502838135,301.0276794433594,0.0,0.0,0.0,0.0,0
13:15:46.285,4.924036502838135,301.0276794433594,0.0,0.0,0.0,0.0,0
13:15:46.303,4.924036502838135,301.0276794433594,0.0,0.0,0.0,0.0,0
13:15:46.312,4.924036502838135,301.0276794433594,0.0,0.0,0.0,0.0,0
13:15:46.317,4.924036502838135,301.0276794433594,0.0,0.0,0.0,0.0,0
13:15:46.333,4.924036502838135,301.0276794433594,0.0,0.0,0.0,0.0,0
13:15:46.333,4.924036502838135,301.0276794433594,0.0,0.0,0.0,0.0,0
13:15:46.349,4.924036502838135,301.0276794433594,0.0,0.0,0.0,0.0,0
13:15:46.349,4.924036502838135,301.0276794433594,0.0,0.0,0.0,0.0,0
13:15:46.366,4.924036502838135,301.0276794433594,0.0,0.0,0.0,0.0,0
13:15:46.380,4.924036502838135,301.0276794433594,0.0,0.0,0.0,0.0,0
13:15:46.380,4.924036502838135,301.0276794433594,0.0,0.0,0.0,0.0,0
13:15:46.395,4.924036502838135,301.0276794433594,0.0,0.0,0.0,0.0,0
13:15:46.410,4.924036502838135,301.0276794433594,0.0,0.0,0.0,0.0,0
13:15:46.411,4.924036502838135,301.0276794433594,0.0,0.0,0.0,0.0,0
13:15:46.429,4.924036502838135,301.0276794433594,0.0,0.0,0.0,0.0,0
13:15:46.439,4.924036502838135,301.0276794433594,0.0,0.0,0.0,0.0,0
13:15:46.442,4.924036502838135,301.0276794433594,0.0,0.0,0.0,0.0,0
13:15:46.458,4.924036502838135,301.0276794433594,0.0,0.0,0.0,0.0,0
13:15:46.474,4.924036502838135,301.0276794433594,0.0,0.0,0.0,0.0,0
13:15:46.474,4.924036502838135,301.0276794433594,0.0,0.0,0.0,0.0,0
13:15:46.491,4.924036502838135,301.0276794433594,0.0,0.0,0.0,0.0,0
13:15:46.491,4.924036502838135,301.0276794433594,0.0,0.0,0.0,0.0,0
13:15:46.506,4.924036502838135,301.0276794433594,0.0,0.0,0.0,0.0,0
13:15:46.522,4.924036502838135,301.0276794433594,0.0,0.0,0.0,0.0,0
13:15:46.522,4.924036502838135,301.0276794433594,0.0,0.0,0.0,0.0,0
13:15:46.538,4.924036502838135,301.0276794433594,0.0,0.0,0.0,0.0,0
13:15:46.557,4.924036502838135,301.0276794433594,0.0,0.0,0.0,0.0,0
13:15:46.566,4.924036502838135,301.0276794433594,0.0,0.0,0.0,0.0,0
13:15:46.569,4.924036502838135,301.0276794433594,0.0,0.0,0.0,0.0,0
13:15:46.569,4.924036502838135,301.0276794433594,0.0,0.0,0.0,0.0,0
13:15:46.584,4.924036502838135,301.0276794433594,0.0,0.0,0.0,0.0,0
13:15:46.600,4.924036502838135,301.0276794433594,0.0,0.0,0.0,0.0,0
13:15:46.600,4.924036502838135,301.0276794433594,0.0,0.0,0.0,0.0,0
13:15:46.617,4.924036502838135,301.0276794433594,0.0,0.0,0.0,0.0,0
13:15:46.632,4.924036502838135,301.0276794433594,0.0,0.0,0.0,0.0,0
13:15:46.632,4.924036502838135,301.0276794433594,0.0,0.0,0.0,0.0,0
13:15:46.647,4.924036502838135,301.0276794433594,0.0,0.0,0.0,0.0,0
13:15:46.663,4.924036502838135,301.0276794433594,0.0,0.0,0.0,0.0,0
13:15:46.663,4.924036502838135,301.0276794433594,0.0,0.0,0.0,0.0,0
13:15:46.680,4.924036502838135,301.0276794433594,0.0,0.0,0.0,0.0,0
13:15:46.687,4.924036502838135,301.0276794433594,0.0,0.0,0.0,0.0,0
13:15:46.699,4.924036502838135,301.0276794433594,0.0,0.0,0.0,0.0,0
13:15:46.699,4.924036502838135,301.0276794433594,0.0,0.0,0.0,0.0,0
13:15:46.715,4.924036502838135,301.0276794433594,0.0,0.0,0.0,0.0,0
13:15:46.730,4.924036502838135,301.0276794433594,0.0,0.0,0.0,0.0,0
13:15:46.730,4.924036502838135,301.0276794433594,0.0,0.0,0.0,0.0,0
13:15:46.750,4.924036502838135,301.0276794433594,0.0,0.0,0.0,0.0,0
13:15:46.750,4.924036502838135,301.0276794433594,0.0,0.0,0.0,0.0,0
13:15:46.765,4.924036502838135,301.0276794433594,0.0,0.0,0.0,0.0,0
13:15:46.780,4.924036502838135,301.0276794433594,0.0,0.0,0.0,0.0,0
13:15:46.780,4.924036502838135,301.0276794433594,0.0,0.0,0.0,0.0,0
13:15:46.796,4.924036502838135,301.0276794433594,0.0,0.0,0.0,0.0,0
13:15:46.815,4.924036502838135,301.0276794433594,0.0,0.0,0.0,0.0,0
13:15:46.830,4.924036502838135,301.0276794433594,0.0,0.0,0.0,0.0,0
13:15:46.830,4.924036502838135,301.0276794433594,0.0,0.0,0.0,0.0,0
13:15:46.830,4.924036502838135,301.0276794433594,0.0,0.0,0.0,0.0,0
13:15:46.844,4.924036502838135,301.0276794433594,0.0,0.0,0.0,0.0,0
13:15:46.886,4.924036502838135,301.0276794433594,0.0,0.0,0.0,0.0,0
13:15:46.886,4.924036502838135,301.0276794433594,0.0,0.0,0.0,0.0,0
13:15:46.886,4.924036502838135,301.0276794433594,0.0,0.0,0.0,0.0,0
13:15:46.890,4.924036502838135,301.0276794433594,0.0,0.0,0.0,0.0,0
13:15:46.890,4.924036502838135,301.0276794433594,0.0,0.0,0.0,0.0,0
13:15:46.907,4.924036502838135,301.0276794433594,0.0,0.0,0.0,0.0,0
13:15:46.922,4.924036502838135,301.0276794433594,0.0,0.0,0.0,0.0,0
13:15:46.922,4.924036502838135,301.0276794433594,0.0,0.0,0.0,0.0,0
13:15:46.939,4.924036502838135,301.0276794433594,0.0,0.0,0.0,0.0,0
13:15:46.953,4.924036502838135,301.0276794433594,0.0,0.0,0.0,0.0,0
13:15:46.953,4.924036502838135,301.0276794433594,0.0,0.0,0.0,0.0,0
13:15:46.969,4.924036502838135,301.0276794433594,0.0,0.0,0.0,0.0,0
13:15:46.969,4.924036502838135,301.0276794433594,0.0,0.0,0.0,0.0,0
13:15:46.984,4.924036502838135,301.0276794433594,0.0,0.0,0.0,0.0,0
13:15:47.001,4.924036502838135,301.0276794433594,0.0,0.0,0.0,0.0,0
13:15:47.001,4.924036502838135,301.0276794433594,0.0,0.0,0.0,0.0,0
13:15:47.015,4.924036502838135,301.0276794433594,0.0,0.0,0.0,0.0,0
13:15:47.032,4.924036502838135,301.0276794433594,0.0,0.0,0.0,0.0,0
13:15:47.032,4.924036502838135,301.0276794433594,0.0,0.0,0.0,0.0,0
13:15:47.048,4.924036502838135,301.0276794433594,0.0,0.0,0.0,0.0,0
13:15:47.066,4.924036502838135,301.0276794433594,0.0,0.0,0.0,0.0,0
13:15:47.077,4.924036502838135,301.0276794433594,0.0,0.0,0.0,0.0,0
13:15:47.079,4.924036502838135,301.0276794433594,0.0,0.0,0.0,0.0,0
13:15:47.079,4.924036502838135,301.0276794433594,0.0,0.0,0.0,0.0,0
13:15:47.095,4.924036502838135,301.0276794433594,0.0,0.0,0.0,0.0,0
13:15:47.111,4.924036502838135,301.0276794433594,0.0,0.0,0.0,0.0,0
13:15:47.111,4.924036502838135,301.0276794433594,0.0,0.0,0.0,0.0,0
13:15:47.128,4.924036502838135,301.0276794433594,0.0,0.0,0.0,0.0,0
13:15:47.142,4.924036502838135,301.0276794433594,0.0,0.0,0.0,0.0,0
13:15:47.142,4.924036502838135,301.0276794433594,0.0,0.0,0.0,0.0,0
13:15:47.157,4.924036502838135,301.0276794433594,0.0,0.0,0.0,0.0,0
13:15:47.173,4.924036502838135,301.0276794433594,0.0,0.0,0.0,0.0,0
13:15:47.173,4.924036502838135,301.0276794433594,0.0,0.0,0.0,0.0,0
13:15:47.190,4.924036502838135,301.0276794433594,0.0,0.0,0.0,0.0,0
13:15:47.197,4.924036502838135,301.0276794433594,0.0,0.0,0.0,0.0,0
13:15:47.204,4.924036502838135,301.0276794433594,0.0,0.0,0.0,0.0,0
13:15:47.220,4.924036502838135,301.0276794433594,0.0,0.0,0.0,0.0,0
13:15:47.220,4.924036502838135,301.0276794433594,0.0,0.0,0.0,0.0,0
13:15:47.236,4.924036502838135,301.0276794433594,0.0,0.0,0.0,0.0,0
13:15:47.254,4.924036502838135,301.0276794433594,0.0,0.0,0.0,0.0,0
13:15:47.254,4.924036502838135,301.0276794433594,0.0,0.0,0.0,0.0,0
13:15:47.267,4.924036502838135,301.0276794433594,0.0,0.0,0.0,0.0,0
13:15:47.283,4.924036502838135,301.0276794433594,0.0,0.0,0.0,0.0,0
13:15:47.283,4.924036502838135,301.0276794433594,0.0,0.0,0.0,0.0,0
13:15:47.299,4.924036502838135,301.0276794433594,0.0,0.0,0.0,0.0,0
13:15:47.299,4.924036502838135,301.0276794433594,0.0,0.0,0.0,0.0,0
13:15:47.316,4.924036502838135,301.0276794433594,0.0,0.0,0.0,0.0,0
13:15:47.330,4.924036502838135,301.0276794433594,0.0,0.0,0.0,0.0,0
13:15:47.330,4.924036502838135,301.0276794433594,0.0,0.0,0.0,0.0,0
13:15:47.346,4.924036502838135,301.0276794433594,0.0,0.0,0.0,0.0,0
13:15:47.362,4.924036502838135,301.0276794433594,0.0,0.0,0.0,0.0,0
13:15:47.362,4.924036502838135,301.0276794433594,0.0,0.0,0.0,0.0,0
13:15:47.380,4.924036502838135,301.0276794433594,0.0,0.0,0.0,0.0,0
13:15:47.395,4.924036502838135,301.0276794433594,0.0,0.0,0.0,0.0,0
13:15:47.396,4.924036502838135,301.0276794433594,0.0,0.0,0.0,0.0,0
13:15:47.410,4.924036502838135,301.0276794433594,0.0,0.0,0.0,0.0,0
13:15:47.410,4.924036502838135,301.0276794433594,0.0,0.0,0.0,0.0,0
13:15:47.426,4.924036502838135,301.0276794433594,0.0,0.0,0.0,0.0,0
13:15:47.444,4.924036502838135,301.0276794433594,0.0,0.0,0.0,0.0,0
13:15:47.444,4.924036502838135,301.0276794433594,0.0,0.0,0.0,0.0,0
13:15:47.459,4.924036502838135,301.0276794433594,0.0,0.0,0.0,0.0,0
13:15:47.459,4.924036502838135,301.0276794433594,0.0,0.0,0.0,0.0,0
13:15:47.474,4.924036502838135,301.0276794433594,0.0,0.0,0.0,0.0,0
13:15:47.490,4.924036502838135,301.0276794433594,0.0,0.0,0.0,0.0,0
13:15:47.490,4.924036502838135,301.0276794433594,0.0,0.0,0.0,0.0,0
13:15:47.508,4.924036502838135,301.0276794433594,0.0,0.0,0.0,0.0,0
13:15:47.521,4.924036502838135,301.0276794433594,0.0,0.0,0.0,0.0,0
13:15:47.522,4.924036502838135,301.0276794433594,0.0,0.0,0.0,0.0,0
13:15:47.538,4.924036502838135,301.0276794433594,0.0,0.0,0.0,0.0,0
13:15:47.553,4.924036502838135,301.0276794433594,0.0,0.0,0.0,0.0,0
13:15:47.553,4.924036502838135,301.0276794433594,0.0,0.0,0.0,0.0,0
13:15:47.570,4.924036502838135,301.0276794433594,0.0,0.0,0.0,0.0,0
13:15:47.576,4.924036502838135,301.0276794433594,0.0,0.0,0.0,0.0,0
13:15:47.585,4.924036502838135,301.0276794433594,0.0,0.0,0.0,0.0,0
13:15:47.601,4.924036502838135,301.0276794433594,0.0,0.0,0.0,0.0,0
13:15:47.601,4.924036502838135,301.0276794433594,0.0,0.0,0.0,0.0,0
13:15:47.617,4.924036502838135,301.0276794433594,0.0,0.0,0.0,0.0,0
13:15:47.635,4.924036502838135,301.0276794433594,0.0,0.0,0.0,0.0,0
13:15:47.635,4.924036502838135,301.0276794433594,0.0,0.0,0.0,0.0,0
13:15:47.648,4.924036502838135,301.0276794433594,0.0,0.0,0.0,0.0,0
13:15:47.648,4.924036502838135,301.0276794433594,0.0,0.0,0.0,0.0,0
13:15:47.663,4.924036502838135,301.0276794433594,0.0,0.0,0.0,0.0,0
13:15:47.679,4.924036502838135,301.0276794433594,0.0,0.0,0.0,0.0,0
13:15:47.679,4.924036502838135,301.0276794433594,0.0,0.0,0.0,0.0,0
13:15:47.697,4.924036502838135,301.0276794433594,0.0,0.0,0.0,0.0,0
13:15:47.712,4.924036502838135,301.0276794433594,0.0,0.0,0.0,0.0,0
13:15:47.712,4.924036502838135,301.0276794433594,0.0,0.0,0.0,0.0,0
13:15:47.727,4.924036502838135,301.0276794433594,0.0,0.0,0.0,0.0,0
13:15:47.743,4.924036502838135,301.0276794433594,0.0,0.0,0.0,0.0,0
13:15:47.743,4.924036502838135,301.0276794433594,0.0,0.0,0.0,0.0,0
13:15:47.760,4.924036502838135,301.0276794433594,0.0,0.0,0.0,0.0,0
13:15:47.772,4.924036502838135,301.0276794433594,0.0,0.0,0.0,0.0,0
13:15:47.774,4.924036502838135,301.0276794433594,0.0,0.0,0.0,0.0,0
13:15:47.789,4.924036502838135,301.0276794433594,0.0,0.0,0.0,0.0,0
13:15:47.789,4.924036502838135,301.0276794433594,0.0,0.0,0.0,0.0,0
13:15:47.804,4.924036502838135,301.0276794433594,0.0,0.0,0.0,0.0,0
13:15:47.821,4.924036502838135,301.0276794433594,0.0,0.0,0.0,0.0,0
13:15:47.828,4.924036502838135,301.0276794433594,0.0,0.0,0.0,0.0,0
13:15:47.835,4.924036502838135,301.0276794433594,0.0,0.0,0.0,0.0,0
13:15:47.851,4.924036502838135,301.0276794433594,0.0,0.0,0.0,0.0,0
13:15:47.851,4.924036502838135,301.0276794433594,0.0,0.0,0.0,0.0,0
13:15:47.866,4.924036502838135,301.0276794433594,0.0,0.0,0.0,0.0,0
13:15:47.883,4.924036502838135,301.0276794433594,0.0,0.0,0.0,0.0,0
13:15:47.884,4.924036502838135,301.0276794433594,0.0,0.0,0.0,0.0,0
13:15:47.897,4.924036502838135,301.0276794433594,0.0,0.0,0.0,0.0,0
13:15:47.913,4.924036502838135,301.0276794433594,0.0,0.0,0.0,0.0,0
13:15:47.913,4.924036502838135,301.0276794433594,0.0,0.0,0.0,0.0,0
13:15:47.929,4.924036502838135,301.0276794433594,0.0,0.0,0.0,0.0,0
13:15:47.929,4.924036502838135,301.0276794433594,0.0,0.0,0.0,0.0,0
13:15:47.945,4.924036502838135,301.0276794433594,0.0,0.0,0.0,0.0,0
13:15:47.975,4.924036502838135,301.0276794433594,0.0,0.0,0.0,0.0,0
13:15:47.975,4.924036502838135,301.0276794433594,0.0,0.0,0.0,0.0,0
13:15:47.975,4.924036502838135,301.0276794433594,0.0,0.0,0.0,0.0,0
13:15:47.991,4.924036502838135,301.0276794433594,0.0,0.0,0.0,0.0,0
13:15:47.991,4.924036502838135,301.0276794433594,0.0,0.0,0.0,0.0,0
13:15:48.008,4.924036502838135,301.0276794433594,0.0,0.0,0.0,0.0,0
13:15:48.024,4.924036502838135,301.0276794433594,0.0,0.0,0.0,0.0,0
13:15:48.024,4.924036502838135,301.0276794433594,0.0,0.0,0.0,0.0,0
13:15:48.040,4.924036502838135,301.0276794433594,0.0,0.0,0.0,0.0,0
13:15:48.040,4.924036502838135,301.0276794433594,0.0,0.0,0.0,0.0,0
13:15:48.057,4.924036502838135,301.0276794433594,0.0,0.0,0.0,0.0,0
13:15:48.076,4.924036502838135,301.0276794433594,0.0,0.0,0.0,0.0,0
13:15:48.082,4.924036502838135,301.0276794433594,0.0,0.0,0.0,0.0,0
13:15:48.088,4.924036502838135,301.0276794433594,0.0,0.0,0.0,0.0,0
13:15:48.103,4.924036502838135,301.0276794433594,0.0,0.0,0.0,0.0,0
13:15:48.103,4.924036502838135,301.0276794433594,0.0,0.0,0.0,0.0,0
13:15:48.119,4.924036502838135,301.0276794433594,0.0,0.0,0.0,0.0,0
13:15:48.119,4.924036502838135,301.0276794433594,0.0,0.0,0.0,0.0,0
13:15:48.136,4.924036502838135,301.0276794433594,0.0,0.0,0.0,0.0,0
13:15:48.150,4.924036502838135,301.0276794433594,0.0,0.0,0.0,0.0,0
13:15:48.150,4.924036502838135,301.0276794433594,0.0,0.0,0.0,0.0,0
13:15:48.167,4.924036502838135,301.0276794433594,0.0,0.0,0.0,0.0,0
13:15:48.182,4.924036502838135,301.0276794433594,0.0,0.0,0.0,0.0,0
13:15:48.182,4.924036502838135,301.0276794433594,0.0,0.0,0.0,0.0,0
13:15:48.201,4.924036502838135,301.0276794433594,0.0,0.0,0.0,0.0,0
13:15:48.217,4.924036502838135,301.0276794433594,0.0,0.0,0.0,0.0,0
13:15:48.217,4.924036502838135,301.0276794433594,0.0,0.0,0.0,0.0,0
13:15:48.228,4.924036502838135,301.0276794433594,0.0,0.0,0.0,0.0,0
13:15:48.229,4.924036502838135,301.0276794433594,0.0,0.0,0.0,0.0,0
13:15:48.244,4.924036502838135,301.0276794433594,0.0,0.0,0.0,0.0,0
13:15:48.261,4.924036502838135,301.0276794433594,0.0,0.0,0.0,0.0,0
13:15:48.269,4.924036502838135,301.0276794433594,0.0,0.0,0.0,0.0,0
13:15:48.275,4.924036502838135,301.0276794433594,0.0,0.0,0.0,0.0,0
13:15:48.291,4.924036502838135,301.0276794433594,0.0,0.0,0.0,0.0,0
13:15:48.291,4.924036502838135,301.0276794433594,0.0,0.0,0.0,0.0,0
13:15:48.307,4.924036502838135,301.0276794433594,0.0,0.0,0.0,0.0,0
13:15:48.324,4.924036502838135,301.0276794433594,0.0,0.0,0.0,0.0,0
13:15:48.324,4.924036502838135,301.0276794433594,0.0,0.0,0.0,0.0,0
13:15:48.339,4.924036502838135,301.0276794433594,0.0,0.0,0.0,0.0,0
13:15:48.339,4.924036502838135,301.0276794433594,0.0,0.0,0.0,0.0,0
13:15:48.354,4.924036502838135,301.0276794433594,0.0,0.0,0.0,0.0,0
13:15:48.370,4.924036502838135,301.0276794433594,0.0,0.0,0.0,0.0,0
13:15:48.370,4.924036502838135,301.0276794433594,0.0,0.0,0.0,0.0,0
13:15:48.387,4.924036502838135,301.0276794433594,0.0,0.0,0.0,0.0,0
13:15:48.402,4.924036502838135,301.0276794433594,0.0,0.0,0.0,0.0,0
13:15:48.402,4.924036502838135,301.0276794433594,0.0,0.0,0.0,0.0,0
13:15:48.417,4.924036502838135,301.0276794433594,0.0,0.0,0.0,0.0,0
13:15:48.433,4.924036502838135,301.0276794433594,0.0,0.0,0.0,0.0,0
13:15:48.433,4.924036502838135,301.0276794433594,0.0,0.0,0.0,0.0,0
13:15:48.450,4.924036502838135,301.0276794433594,0.0,0.0,0.0,0.0,0
13:15:48.460,4.924036502838135,301.0276794433594,0.0,0.0,0.0,0.0,0
13:15:48.464,4.924036502838135,301.0276794433594,0.0,0.0,0.0,0.0,0
13:15:48.480,4.924036502838135,301.0276794433594,0.0,0.0,0.0,0.0,0
13:15:48.480,4.924036502838135,301.0276794433594,0.0,0.0,0.0,0.0,0
13:15:48.495,4.924036502838135,301.0276794433594,0.0,0.0,0.0,0.0,0
13:15:48.514,4.924036502838135,301.0276794433594,0.0,0.0,0.0,0.0,0
13:15:48.521,4.924036502838135,301.0276794433594,0.0,0.0,0.0,0.0,0
13:15:48.526,4.924036502838135,301.0276794433594,0.0,0.0,0.0,0.0,0
13:15:48.547,4.924036502838135,301.0276794433594,0.0,0.0,0.0,0.0,0
13:15:48.547,4.924036502838135,301.0276794433594,0.0,0.0,0.0,0.0,0
13:15:48.563,4.924036502838135,301.0276794433594,0.0,0.0,0.0,0.0,0
13:15:48.570,4.924036502838135,301.0276794433594,0.0,0.0,0.0,0.0,0
13:15:48.577,4.924036502838135,301.0276794433594,0.0,0.0,0.0,0.0,0
13:15:48.594,4.924036502838135,301.0276794433594,0.0,0.0,0.0,0.0,0
13:15:48.594,4.924036502838135,301.0276794433594,0.0,0.0,0.0,0.0,0
13:15:48.610,4.924036502838135,301.0276794433594,0.0,0.0,0.0,0.0,0
13:15:48.610,4.924036502838135,301.0276794433594,0.0,0.0,0.0,0.0,0
13:15:48.628,4.924036502838135,301.0276794433594,0.0,0.0,0.0,0.0,0
13:15:48.642,4.924036502838135,301.0276794433594,0.0,0.0,0.0,0.0,0
13:15:48.642,4.924036502838135,301.0276794433594,0.0,0.0,0.0,0.0,0
13:15:48.657,4.924036502838135,301.0276794433594,0.0,0.0,0.0,0.0,0
13:15:48.673,4.924036502838135,301.0276794433594,0.0,0.0,0.0,0.0,0
13:15:48.673,4.924036502838135,301.0276794433594,0.0,0.0,0.0,0.0,0
13:15:48.690,4.924036502838135,301.0276794433594,0.0,0.0,0.0,0.0,0
13:15:48.690,4.924036502838135,301.0276794433594,0.0,0.0,0.0,0.0,0
13:15:48.704,4.924036502838135,301.0276794433594,0.0,0.0,0.0,0.0,0
13:15:48.720,4.924036502838135,301.0276794433594,0.0,0.0,0.0,0.0,0
13:15:48.720,4.924036502838135,301.0276794433594,0.0,0.0,0.0,0.0,0
13:15:48.736,4.924036502838135,301.0276794433594,0.0,0.0,0.0,0.0,0
13:15:48.753,4.924036502838135,301.0276794433594,0.0,0.0,0.0,0.0,0
13:15:48.761,4.924036502838135,301.0276794433594,0.0,0.0,0.0,0.0,0
13:15:48.767,4.924036502838135,301.0276794433594,0.0,0.0,0.0,0.0,0
13:15:48.783,4.924036502838135,301.0276794433594,0.0,0.0,0.0,0.0,0
13:15:48.783,4.924036502838135,301.0276794433594,0.0,0.0,0.0,0.0,0
13:15:48.798,4.924036502838135,301.0276794433594,0.0,0.0,0.0,0.0,0
13:15:48.798,4.924036502838135,301.0276794433594,0.0,0.0,0.0,0.0,0
13:15:48.816,4.924036502838135,301.0276794433594,0.0,0.0,0.0,0.0,0
13:15:48.830,4.924036502838135,301.0276794433594,0.0,0.0,0.0,0.0,0
13:15:48.830,4.924036502838135,301.0276794433594,0.0,0.0,0.0,0.0,0
13:15:48.846,4.924036502838135,301.0276794433594,0.0,0.0,0.0,0.0,0
13:15:48.862,4.924036502838135,301.0276794433594,0.0,0.0,0.0,0.0,0
13:15:48.862,4.924036502838135,301.0276794433594,0.0,0.0,0.0,0.0,0
13:15:48.879,4.924036502838135,301.0276794433594,0.0,0.0,0.0,0.0,0
13:15:48.889,4.924036502838135,301.0276794433594,0.0,0.0,0.0,0.0,0
13:15:48.900,4.924036502838135,301.0276794433594,0.0,0.0,0.0,0.0,0
13:15:48.900,4.924036502838135,301.0276794433594,0.0,0.0,0.0,0.0,0
13:15:48.915,4.924036502838135,301.0276794433594,0.0,0.0,0.0,0.0,0
13:15:48.930,4.924036502838135,301.0276794433594,0.0,0.0,0.0,0.0,0
13:15:48.930,4.924036502838135,301.0276794433594,0.0,0.0,0.0,0.0,0
13:15:48.947,4.924036502838135,301.0276794433594,0.0,0.0,0.0,0.0,0
13:15:48.962,4.924036502838135,301.0276794433594,0.0,0.0,0.0,0.0,0
13:15:48.962,4.924036502838135,301.0276794433594,0.0,0.0,0.0,0.0,0
13:15:48.977,4.924036502838135,301.0276794433594,0.0,0.0,0.0,0.0,0
13:15:49.000,4.924036502838135,301.0276794433594,0.0,0.0,0.0,0.0,0
13:15:49.006,4.924036502838135,301.0276794433594,0.0,0.0,0.0,0.0,0
13:15:49.006,4.924036502838135,301.0276794433594,0.0,0.0,0.0,0.0,0
13:15:49.015,4.924036502838135,301.0276794433594,0.0,0.0,0.0,0.0,0
13:15:49.030,4.924036502838135,301.0276794433594,0.0,0.0,0.0,0.0,0
13:15:49.030,4.924036502838135,301.0276794433594,0.0,0.0,0.0,0.0,0
13:15:49.050,4.924036502838135,301.0276794433594,0.0,0.0,0.0,0.0,0
13:15:49.050,4.924036502838135,301.0276794433594,0.0,0.0,0.0,0.0,0
13:15:49.080,4.924036502838135,301.0276794433594,0.0,0.0,0.0,0.0,0
13:15:49.081,4.924036502838135,301.0276794433594,0.0,0.0,0.0,0.0,0
13:15:49.081,4.924036502838135,301.0276794433594,0.0,0.0,0.0,0.0,0
13:15:49.091,4.924036502838135,301.0276794433594,0.0,0.0,0.0,0.0,0
13:15:49.106,4.924036502838135,301.0276794433594,0.0,0.0,0.0,0.0,0
13:15:49.122,4.924036502838135,301.0276794433594,0.0,0.0,0.0,0.0,0
13:15:49.122,4.924036502838135,301.0276794433594,0.0,0.0,0.0,0.0,0
13:15:49.139,4.924036502838135,301.0276794433594,0.0,0.0,0.0,0.0,0
13:15:49.154,4.924036502838135,301.0276794433594,0.0,0.0,0.0,0.0,0
13:15:49.154,4.924036502838135,301.0276794433594,0.0,0.0,0.0,0.0,0
13:15:49.171,4.924036502838135,301.0276794433594,0.0,0.0,0.0,0.0,0
13:15:49.171,4.924036502838135,301.0276794433594,0.0,0.0,0.0,0.0,0
13:15:49.188,4.924036502838135,301.0276794433594,0.0,0.0,0.0,0.0,0
13:15:49.195,4.924036502838135,301.0276794433594,0.0,0.0,0.0,0.0,0
13:15:49.211,4.924036502838135,301.0276794433594,0.0,0.0,0.0,0.0,0
13:15:49.211,4.924036502838135,301.0276794433594,0.0,0.0,0.0,0.0,0
13:15:49.226,4.924036502838135,301.0276794433594,0.0,0.0,0.0,0.0,0
13:15:49.242,4.924036502838135,301.0276794433594,0.0,0.0,0.0,0.0,0
13:15:49.242,4.924036502838135,301.0276794433594,0.0,0.0,0.0,0.0,0
13:15:49.259,4.924036502838135,301.0276794433594,0.0,0.0,0.0,0.0,0
13:15:49.267,4.924036502838135,301.0276794433594,0.0,0.0,0.0,0.0,0
13:15:49.273,4.924036502838135,301.0276794433594,0.0,0.0,0.0,0.0,0
13:15:49.289,4.924036502838135,301.0276794433594,0.0,0.0,0.0,0.0,0
13:15:49.289,4.924036502838135,301.0276794433594,0.0,0.0,0.0,0.0,0
13:15:49.304,4.924036502838135,301.0276794433594,0.0,0.0,0.0,0.0,0
13:15:49.322,4.924036502838135,301.0276794433594,0.0,0.0,0.0,0.0,0
13:15:49.322,4.924036502838135,301.0276794433594,0.0,0.0,0.0,0.0,0
