Timestamp_ms,Velocity(RPM),TargetIq,ActualIq,PhaseU,PhaseV,PhaseW,Vbus(V)
1789438646524,0.0000,0.0000,0.2658,0.1857,0.0705,0.2143,29.33
1789438646524,0.0000,0.0000,0.2502,0.0025,-0.0821,0.0312,29.33
1789438646524,0.0000,0.0000,0.2281,0.0636,0.0094,-0.0299,29.32
1789438646524,0.0000,0.0000,0.2086,0.0330,-0.1127,0.0006,29.32
1789438646524,0.0000,0.0000,0.1792,0.1246,0.0094,0.1533,29.32
1789438646524,0.0000,0.0000,0.1717,0.1246,-0.0211,0.1227,29.33
1789438646524,0.0000,0.0000,0.2126,0.2467,0.1315,0.2448,29.33
1789438646534,0.0000,0.0000,0.2533,0.3993,0.4063,0.3059,29.32
1789438646546,0.0000,0.0000,0.2733,0.3383,0.4063,0.1227,29.33
1789438646621,0.0000,0.0000,0.2659,0.1246,0.3147,0.0617,29.33
1789438646621,0.0000,0.0000,0.2647,0.0025,0.0400,-0.0909,29.32
1789438646621,0.0000,0.0000,0.2533,-0.0280,0.0400,0.0312,29.32
1789438646621,0.0000,0.0000,0.2010,-0.1196,-0.0821,0.0006,29.33
1789438646621,0.0000,0.0000,0.1965,0.0330,-0.0516,-0.0604,29.32
1789438646621,0.0000,0.0000,0.1670,0.1857,-0.0211,0.0617,29.31
1789438646623,0.0000,0.0000,0.1613,0.2162,0.1315,0.2448,29.32
1789438646628,0.0000,0.0000,0.2424,0.2772,0.1621,0.2754,29.33
1789438646634,0.0000,0.0000,0.2319,0.3993,0.2842,0.4280,29.33
1789438646644,0.0000,0.0000,0.2751,0.3688,0.4368,0.2754,29.33
1789438646720,0.0000,0.0000,0.2839,0.1857,0.2536,0.1227,29.32
1789438646720,0.0000,0.0000,0.2510,-0.0280,0.1010,-0.0299,29.32
1789438646720,0.0000,0.0000,0.2229,0.0025,-0.1432,-0.0604,29.32
1789438646721,0.0000,0.0000,0.2078,-0.0585,-0.1432,-0.0299,29.32
1789438646721,0.0000,0.0000,0.2037,0.0636,-0.0211,0.0312,29.33
1789438646721,0.0000,0.0000,0.1940,-0.0585,-0.0211,0.1227,29.32
1789438646730,0.0000,0.0000,0.1914,0.0330,-0.0211,0.1533,29.31
1789438646730,0.0000,0.0000,0.1828,0.1857,0.1926,0.2448,29.32
1789438646736,0.0000,0.0000,0.2526,0.3688,0.2842,0.3669,29.33
1789438646749,0.0000,0.0000,0.2540,0.4604,0.3147,0.3669,29.33
1789438646755,0.0000,0.0000,0.2527,0.3688,0.3757,0.1838,29.32
1789438646765,0.0000,0.0000,0.2481,0.1857,0.3452,-0.0299,29.31
1789438646851,0.0000,0.0000,0.2074,-0.0585,0.0094,-0.1520,29.33
1789438646851,0.0000,0.0000,0.2441,0.1551,-0.1432,0.1533,29.34
1789438646851,0.0000,0.0000,0.2119,-0.0280,0.0705,-0.0604,29.32
1789438646851,0.0000,0.0000,0.1908,0.0025,-0.0211,-0.0909,29.32
1789438646851,0.0000,0.0000,0.1909,0.0941,-0.0211,0.0312,29.34
1789438646851,0.0000,0.0000,0.1653,0.1246,0.1010,0.2448,29.32
1789438646856,0.0000,0.0000,0.2348,0.2162,0.2536,0.2143,29.32
1789438646856,0.0000,0.0000,0.1989,0.3383,0.2231,0.3669,29.33
1789438646856,0.0000,0.0000,0.2720,0.3383,0.3452,0.3059,29.32
1789438646868,0.0000,0.0000,0.2645,0.1857,0.3452,-0.0299,29.32
1789438646952,0.0000,0.0000,0.2343,-0.0585,0.0094,-0.0909,29.32
1789438646952,0.0000,0.0000,0.1936,0.0330,-0.0821,0.0312,29.32
1789438646952,0.0000,0.0000,0.2301,-0.0891,-0.0516,-0.0909,29.32
1789438646952,0.0000,0.0000,0.1880,-0.0585,0.0094,-0.0299,29.33
1789438646952,0.0000,0.0000,0.1857,0.0941,0.0094,0.0312,29.32
1789438646952,0.0000,0.0000,0.1781,0.1551,0.2231,0.2143,29.31
1789438646959,0.0000,0.0000,0.1986,0.2162,0.3147,0.2448,29.31
1789438646959,0.0000,0.0000,0.2692,0.4604,0.4063,0.3364,29.33
1789438646959,0.0000,0.0000,0.2617,0.4299,0.3452,0.3059,29.32
1789438647032,0.0000,0.0000,0.2634,0.3383,0.2536,0.2143,29.32
1789438647032,0.0000,0.0000,0.2509,0.2467,-0.0211,0.0617,29.32
1789438647032,0.0000,0.0000,0.2537,0.1551,0.0400,0.0617,29.32
1789438647032,0.0000,0.0000,0.2564,-0.0891,0.0705,-0.0909,29.33
1789438647032,0.0000,0.0000,0.2380,-0.0280,0.0400,0.0312,29.31
1789438647032,0.0000,0.0000,0.1917,-0.0585,0.0705,-0.0299,29.33
1789438647034,0.0000,0.0000,0.1918,-0.0585,-0.0516,0.0922,29.32
1789438647037,0.0000,0.0000,0.1736,0.0025,0.0705,0.0617,29.32
1789438647044,0.0000,0.0000,0.1858,0.1246,0.1926,0.1533,29.32
1789438647055,0.0000,0.0000,0.2066,0.1857,0.3147,0.2143,29.32
1789438647124,0.0000,0.0000,0.2407,0.3078,0.3757,0.3364,29.33
1789438647124,0.0000,0.0000,0.2106,0.3993,0.3147,0.2754,29.32
1789438647124,0.0000,0.0000,0.2562,0.3688,0.1010,0.2754,29.31
1789438647124,0.0000,0.0000,0.2465,0.0025,0.0094,0.0617,29.32
1789438647125,0.0000,0.0000,0.2580,-0.0585,0.0094,0.0617,29.33
1789438647125,0.0000,0.0000,0.2357,0.1246,-0.0516,0.1533,29.33
1789438647125,0.0000,0.0000,0.1873,-0.0891,-0.0516,0.0006,29.33
1789438647134,0.0000,0.0000,0.1821,-0.0585,0.0705,-0.0604,29.32
1789438647146,0.0000,0.0000,0.1776,0.1246,0.1315,0.1533,29.32
1789438647221,0.0000,0.0000,0.1813,0.1246,0.2231,0.2143,29.32
1789438647221,0.0000,0.0000,0.2324,0.2772,0.4673,0.3669,29.32
1789438647221,0.0000,0.0000,0.2599,0.4604,0.4063,0.3669,29.33
1789438647221,0.0000,0.0000,0.2770,0.4604,0.2231,0.3669,29.33
1789438647221,0.0000,0.0000,0.2490,0.3078,0.2231,0.2448,29.32
1789438647221,0.0000,0.0000,0.2478,0.0636,-0.1737,-0.0604,29.32
1789438647223,0.0000,0.0000,0.2638,-0.0585,0.0705,-0.0604,29.33
1789438647227,0.0000,0.0000,0.2395,0.0636,0.0705,0.0617,29.33
1789438647234,0.0000,0.0000,0.2060,0.0636,-0.1432,-0.1215,29.32
1789438647244,0.0000,0.0000,0.1870,0.0025,-0.1127,0.0617,29.31
1789438647319,0.0000,0.0000,0.1921,0.2162,0.1010,0.0006,29.32
1789438647319,0.0000,0.0000,0.1950,0.0941,0.0705,0.1533,29.33
1789438647319,0.0000,0.0000,0.2031,0.2772,0.1621,0.3669,29.33
1789438647319,0.0000,0.0000,0.2139,0.3688,0.3452,0.3364,29.32
1789438647319,0.0000,0.0000,0.2430,0.3383,0.3757,0.2754,29.33
1789438647319,0.0000,0.0000,0.2540,0.3688,0.3452,0.3059,29.32
1789438647321,0.0000,0.0000,0.2750,0.0636,0.2231,0.0617,29.32
1789438647324,0.0000,0.0000,0.2353,0.0025,-0.1127,0.0312,29.32
1789438647334,0.0000,0.0000,0.2139,-0.0891,-0.0211,0.0006,29.31
1789438647344,0.0000,0.0000,0.2021,-0.0280,0.0094,-0.0299,29.32
1789438647357,0.0000,0.0000,0.1867,0.0025,-0.0516,-0.0299,29.32
1789438647430,0.0000,0.0000,0.1910,0.0941,-0.0211,0.0922,29.31
1789438647430,0.0000,0.0000,0.2124,0.0636,0.0400,0.1838,29.32
1789438647430,0.0000,0.0000,0.1906,0.1857,0.0705,0.2143,29.33
1789438647430,0.0000,0.0000,0.1899,0.3688,0.2842,0.3364,29.33
1789438647430,0.0000,0.0000,0.1803,0.3078,0.2231,0.3059,29.31
1789438647430,0.0000,0.0000,0.2442,0.3383,0.3452,0.2143,29.31
1789438647435,0.0000,0.0000,0.2808,0.0941,0.3147,0.0617,29.32
1789438647435,0.0000,0.0000,0.2561,0.0025,0.1010,0.0006,29.32
1789438647444,0.0000,0.0000,0.2404,-0.0280,-0.0821,-0.0299,29.32
1789438647521,0.0000,0.0000,0.2413,0.0330,-0.0211,0.0312,29.32
1789438647521,0.0000,0.0000,0.2170,-0.0585,0.0094,-0.0909,29.32
1789438647521,0.0000,0.0000,0.2144,0.0941,-0.0821,-0.0604,29.33
1789438647521,0.0000,0.0000,0.1873,0.0330,-0.1127,0.0312,29.32
1789438647521,0.0000,0.0000,0.1713,0.0636,0.0094,0.0922,29.33
1789438647521,0.0000,0.0000,0.1868,0.2162,0.1315,0.1227,29.32
1789438647523,0.0000,0.0000,0.2125,0.3078,0.1926,0.2448,29.32
1789438647524,0.0000,0.0000,0.1856,0.3078,0.2231,0.2448,29.32
1789438647534,0.0000,0.0000,0.2628,0.3993,0.3757,0.3669,29.33
1789438647545,0.0000,0.0000,0.2384,0.3383,0.2842,0.3669,29.33
1789438647624,0.0000,0.0000,0.2361,0.3688,0.3757,0.3364,29.32
1789438647624,0.0000,0.0000,0.2663,0.1246,0.3452,0.0617,29.31
1789438647624,0.0000,0.0000,0.2036,0.0025,-0.0516,-0.0299,29.31
1789438647624,0.0000,0.0000,0.2450,0.1246,-0.0211,0.1533,29.32
1789438647624,0.0000,0.0000,0.2145,-0.0280,-0.0516,-0.0604,29.33
1789438647624,0.0000,0.0000,0.2110,0.0330,0.0094,-0.1520,29.33
1789438647626,0.0000,0.0000,0.2155,0.0941,-0.0516,0.0312,29.33
1789438647626,0.0000,0.0000,0.1698,0.1246,-0.1127,0.0617,29.33
1789438647634,0.0000,0.0000,0.1739,0.0636,0.2231,0.0617,29.32
1789438647644,0.0000,0.0000,0.2187,0.2162,0.3452,0.2143,29.33
1789438647722,0.0000,0.0000,0.2015,0.2772,0.4368,0.3059,29.32
1789438647722,0.0000,0.0000,0.2639,0.3078,0.2842,0.2448,29.32
1789438647722,0.0000,0.0000,0.2529,0.2467,0.2231,0.3059,29.32
1789438647722,0.0000,0.0000,0.2910,0.1551,-0.1127,-0.0299,29.31
1789438647722,0.0000,0.0000,0.2648,0.0330,0.0094,-0.0604,29.33
1789438647722,0.0000,0.0000,0.2347,-0.1196,-0.0211,0.0006,29.33
1789438647722,0.0000,0.0000,0.2079,0.0636,0.0705,0.0922,29.32
1789438647724,0.0000,0.0000,0.1987,-0.0280,-0.0516,-0.2130,29.31
1789438647734,0.0000,0.0000,0.2006,-0.0585,0.0705,-0.0909,29.31
1789438647745,0.0000,0.0000,0.1946,0.1246,0.1010,0.0922,29.32
1789438647822,0.0000,0.0000,0.2131,0.1246,0.1315,0.1533,29.33
1789438647822,0.0000,0.0000,0.1985,0.1246,0.1926,0.1838,29.33
1789438647822,0.0000,0.0000,0.2245,0.3383,0.3147,0.3364,29.32
1789438647822,0.0000,0.0000,0.2694,0.3993,0.4063,0.3364,29.32
1789438647822,0.0000,0.0000,0.2717,0.3993,0.2536,0.2143,29.33
1789438647822,0.0000,0.0000,0.3124,0.2467,0.1010,0.0922,29.32
1789438647823,0.0000,0.0000,0.2267,0.0330,-0.1127,0.0312,29.32
1789438647824,0.0000,0.0000,0.2276,-0.1196,0.0705,-0.0909,29.32
1789438647834,0.0000,0.0000,0.1873,-0.0280,-0.0516,0.0006,29.32
1789438647844,0.0000,0.0000,0.1733,-0.1501,0.0094,0.0617,29.33
1789438647855,0.0000,0.0000,0.2279,0.0025,0.0094,0.0312,29.33
1789438647924,0.0000,0.0000,0.2128,0.0025,0.2536,0.0006,29.33
1789438647924,0.0000,0.0000,0.2064,0.2162,0.1315,0.0922,29.33
1789438647924,0.0000,0.0000,0.1767,0.1857,0.2231,0.1838,29.32
1789438647924,0.0000,0.0000,0.1881,0.2467,0.2842,0.3059,29.32
1789438647924,0.0000,0.0000,0.2373,0.3078,0.3452,0.2448,29.33
1789438647924,0.0000,0.0000,0.2414,0.2162,0.3757,0.3059,29.33
1789438647924,0.0000,0.0000,0.2812,0.2772,0.1926,0.2754,29.32
1789438647934,0.0000,0.0000,0.2581,0.1551,0.0094,0.1227,29.33
1789438647944,0.0000,0.0000,0.2501,-0.0280,-0.0516,-0.0299,29.32
1789438647954,0.0000,0.0000,0.2041,0.0636,0.0400,-0.0604,29.32
1789438648021,0.0000,0.0000,0.2271,0.1551,-0.0821,0.0006,29.32
1789438648021,0.0000,0.0000,0.1952,-0.0585,-0.0211,0.0617,29.32
1789438648021,0.0000,0.0000,0.1789,-0.0280,0.1315,0.0922,29.32
1789438648021,0.0000,0.0000,0.2116,0.1246,0.1621,0.0617,29.32
1789438648021,0.0000,0.0000,0.2050,0.1246,0.1010,0.2448,29.32
1789438648021,0.0000,0.0000,0.2462,0.3688,0.2842,0.2754,29.32
1789438648025,0.0000,0.0000,0.2493,0.3993,0.3757,0.2754,29.31
1789438648034,0.0000,0.0000,0.2576,0.2467,0.3452,0.1533,29.32
1789438648044,0.0000,0.0000,0.2264,0.0941,0.1926,0.0922,29.32
1789438648054,0.0000,0.0000,0.2105,-0.0891,0.1010,-0.1215,29.31
1789438648120,0.0000,0.0000,0.2417,0.1551,-0.0821,0.1227,29.32
1789438648120,0.0000,0.0000,0.2407,-0.0280,0.0705,-0.1520,29.33
1789438648120,0.0000,0.0000,0.1984,0.0636,-0.0211,-0.0604,29.32
1789438648120,0.0000,0.0000,0.1977,-0.0585,-0.0211,0.0312,29.32
1789438648120,0.0000,0.0000,0.1904,0.1246,-0.0516,0.0312,29.32
1789438648120,0.0000,0.0000,0.1790,0.1246,0.0094,0.0006,29.32
1789438648124,0.0000,0.0000,0.1911,0.0636,0.0094,0.1533,29.32
1789438648134,0.0000,0.0000,0.2044,0.4299,0.1926,0.3059,29.32
1789438648144,0.0000,0.0000,0.2036,0.3688,0.2231,0.2754,29.32
1789438648154,0.0000,0.0000,0.2431,0.3078,0.4063,0.2448,29.32
1789438648220,0.0000,0.0000,0.2530,0.3383,0.3757,0.3059,29.32
1789438648220,0.0000,0.0000,0.3160,0.1246,0.3757,0.1838,29.32
1789438648220,0.0000,0.0000,0.2801,0.0330,0.1010,-0.0604,29.32
1789438648220,0.0000,0.0000,0.2677,0.0025,-0.1127,0.0312,29.33
1789438648220,0.0000,0.0000,0.2224,0.0025,0.0400,-0.0604,29.33
1789438648220,0.0000,0.0000,0.1625,-0.0891,-0.0516,0.0006,29.31
1789438648225,0.0000,0.0000,0.2109,-0.0280,0.0094,0.1533,29.32
1789438648234,0.0000,0.0000,0.2144,0.1246,0.0400,0.1227,29.33
1789438648245,0.0000,0.0000,0.2074,0.3078,0.2231,0.2754,29.32
1789438648320,0.0000,0.0000,0.2097,0.3078,0.1621,0.3669,29.32
1789438648320,0.0000,0.0000,0.2311,0.4299,0.3757,0.3669,29.32
1789438648320,0.0000,0.0000,0.2313,0.3993,0.3452,0.3364,29.32
1789438648320,0.0000,0.0000,0.2972,0.3688,0.3452,0.3669,29.32
1789438648320,0.0000,0.0000,0.2746,0.1857,0.1621,0.0312,29.32
1789438648320,0.0000,0.0000,0.2365,-0.0891,-0.0516,-0.1215,29.33
1789438648322,0.0000,0.0000,0.2125,-0.0585,-0.0821,0.0617,29.32
1789438648324,0.0000,0.0000,0.2194,-0.0891,0.0400,0.0006,29.32
1789438648334,0.0000,0.0000,0.2259,-0.0280,-0.0211,-0.0909,29.32
1789438648344,0.0000,0.0000,0.2126,-0.0585,-0.1432,0.0617,29.33
1789438648418,0.0000,0.0000,0.1848,0.1551,-0.0821,0.1227,29.32
1789438648418,0.0000,0.0000,0.1511,0.1551,0.0400,0.0922,29.31
1789438648418,0.0000,0.0000,0.1360,0.2467,0.1010,0.2143,29.31
1789438648418,0.0000,0.0000,0.1944,0.3688,0.1926,0.3669,29.32
1789438648418,0.0000,0.0000,0.2695,0.4299,0.4978,0.3669,29.32
1789438648418,0.0000,0.0000,0.2666,0.3688,0.3757,0.3364,29.33
1789438648420,0.0000,0.0000,0.2666,0.2772,0.2536,0.3669,29.32
1789438648424,0.0000,0.0000,0.2726,0.1551,0.0400,0.1838,29.32
1789438648434,0.0000,0.0000,0.2629,0.0636,-0.0821,0.0617,29.33
1789438648444,0.0000,0.0000,0.2171,-0.0280,-0.0211,0.0312,29.32
1789438648518,0.0000,0.0000,0.1991,0.0025,-0.0211,-0.0604,29.32
1789438648518,0.0000,0.0000,0.2064,0.0636,-0.0516,0.0006,29.32
1789438648518,0.0000,0.0000,0.1876,0.0636,0.0094,0.0006,29.32
1789438648518,0.0000,0.0000,0.1648,0.0941,0.1621,0.0617,29.29
1789438648518,0.0000,0.0000,0.1891,0.2162,0.1926,0.3364,29.32
1789438648518,0.0000,0.0000,0.2270,0.2772,0.3452,0.3059,29.33
1789438648519,0.0000,0.0000,0.2530,0.3688,0.4063,0.4280,29.32
1789438648524,0.0000,0.0000,0.2221,0.3993,0.2842,0.3364,29.32
1789438648534,0.0000,0.0000,0.2590,0.2467,0.0705,0.3059,29.30
1789438648544,0.0000,0.0000,0.2592,0.1551,-0.1127,0.0006,29.32
1789438648554,0.0000,0.0000,0.2372,-0.0891,0.0094,-0.0604,29.32
1789438648621,0.0000,0.0000,0.2256,-0.0585,0.0705,-0.0299,29.32
1789438648621,0.0000,0.0000,0.2073,-0.0585,-0.0211,0.0617,29.32
1789438648621,0.0000,0.0000,0.2080,0.0636,0.0094,-0.0299,29.32
1789438648621,0.0000,0.0000,0.2002,0.0025,-0.0211,-0.0604,29.32
1789438648621,0.0000,0.0000,0.2059,0.0636,0.0705,0.1227,29.33
1789438648621,0.0000,0.0000,0.2149,0.1551,0.1926,0.1227,29.32
1789438648625,0.0000,0.0000,0.2066,0.2772,0.2842,0.3669,29.33
1789438648634,0.0000,0.0000,0.2173,0.3383,0.2842,0.3059,29.32
1789438648645,0.0000,0.0000,0.2241,0.2467,0.4978,0.1838,29.32
1789438648728,0.0000,0.0000,0.2518,0.3993,0.3452,0.2754,29.32
1789438648728,0.0000,0.0000,0.2375,0.3078,0.2231,0.3059,29.33
1789438648728,0.0000,0.0000,0.2922,0.2467,0.1010,0.2143,29.33
1789438648728,0.0000,0.0000,0.2442,0.1857,-0.0211,0.0617,29.32
1789438648728,0.0000,0.0000,0.1978,-0.0280,-0.1127,-0.0604,29.30
1789438648728,0.0000,0.0000,0.2542,0.0025,0.0094,0.0312,29.32
1789438648728,0.0000,0.0000,0.2375,0.0330,0.0705,0.1533,29.34
1789438648728,0.0000,0.0000,0.2202,0.0025,-0.1127,-0.0299,29.33
1789438648734,0.0000,0.0000,0.1997,0.0025,0.0094,0.0617,29.32
1789438648745,0.0000,0.0000,0.2234,0.0636,0.1010,-0.0299,29.32
1789438648820,0.0000,0.0000,0.1886,0.0025,0.1315,0.1227,29.33
1789438648820,0.0000,0.0000,0.1927,0.1857,0.1010,0.2448,29.32
1789438648820,0.0000,0.0000,0.2172,0.2772,0.2231,0.3059,29.33
1789438648820,0.0000,0.0000,0.2451,0.3993,0.2842,0.3975,29.32
1789438648820,0.0000,0.0000,0.2369,0.3688,0.4063,0.3059,29.32
1789438648820,0.0000,0.0000,0.2646,0.3688,0.4063,0.3059,29.32
1789438648822,0.0000,0.0000,0.2722,0.2162,0.3147,0.1533,29.33
1789438648826,0.0000,0.0000,0.2641,-0.0280,0.1926,0.0006,29.32
1789438648834,0.0000,0.0000,0.2649,-0.0585,0.0094,-0.0604,29.33
1789438648844,0.0000,0.0000,0.2360,-0.0585,-0.0821,0.0312,29.32
1789438648920,0.0000,0.0000,0.2244,-0.0585,-0.0211,-0.0299,29.31
1789438648920,0.0000,0.0000,0.2318,0.0636,-0.0211,-0.0604,29.32
1789438648920,0.0000,0.0000,0.1933,0.0636,-0.0516,0.0922,29.33
1789438648920,0.0000,0.0000,0.2199,0.1551,-0.0211,0.1227,29.33
1789438648920,0.0000,0.0000,0.1789,0.1551,0.0094,0.1227,29.32
1789438648920,0.0000,0.0000,0.1941,0.3078,0.1010,0.2448,29.32
1789438648921,0.0000,0.0000,0.1823,0.3078,0.2231,0.3669,29.32
1789438648924,0.0000,0.0000,0.2244,0.3993,0.3452,0.3364,29.33
1789438648934,0.0000,0.0000,0.2792,0.3993,0.4063,0.3059,29.33
1789438648944,0.0000,0.0000,0.2876,0.2162,0.3757,0.0922,29.32
1789438648954,0.0000,0.0000,0.2544,0.0330,0.1010,0.0312,29.34
1789438649020,0.0000,0.0000,0.2418,-0.0585,0.0705,-0.0604,29.32
1789438649020,0.0000,0.0000,0.2442,0.0025,0.0094,-0.0909,29.32
1789438649020,0.0000,0.0000,0.2377,-0.0585,-0.1127,-0.0299,29.33
1789438649020,0.0000,0.0000,0.2172,-0.0585,0.0094,-0.0299,29.33
1789438649020,0.0000,0.0000,0.1886,-0.0585,-0.0821,-0.0604,29.32
1789438649020,0.0000,0.0000,0.1493,0.0330,-0.1432,0.0312,29.31
1789438649025,0.0000,0.0000,0.2091,0.0636,0.0094,0.1227,29.32
1789438649034,0.0000,0.0000,0.2042,0.1551,0.0705,0.0617,29.33
1789438649045,0.0000,0.0000,0.1792,0.1857,0.1621,0.2754,29.33
1789438649119,0.0000,0.0000,0.2253,0.3383,0.2842,0.3059,29.32
1789438649119,0.0000,0.0000,0.2213,0.4299,0.3452,0.4585,29.32
1789438649119,0.0000,0.0000,0.2072,0.2772,0.3147,0.3364,29.32
1789438649119,0.0000,0.0000,0.2261,0.2772,0.2842,0.3059,29.33
1789438649119,0.0000,0.0000,0.2733,0.3688,0.4063,0.2448,29.32
1789438649120,0.0000,0.0000,0.2348,0.1246,0.1621,0.1838,29.31
1789438649121,0.0000,0.0000,0.2702,0.0025,0.1315,-0.0299,29.32
1789438649124,0.0000,0.0000,0.2683,0.0636,0.0094,-0.0909,29.32
1789438649134,0.0000,0.0000,0.2320,-0.0280,0.0094,0.0312,29.32
1789438649145,0.0000,0.0000,0.2022,-0.0891,-0.1127,-0.0299,29.33
1789438649219,0.0000,0.0000,0.2248,-0.0280,0.0400,-0.0299,29.33
1789438649219,0.0000,0.0000,0.1755,-0.0585,-0.0211,-0.0604,29.32
1789438649219,0.0000,0.0000,0.1550,0.1246,0.0400,0.0312,29.32
1789438649219,0.0000,0.0000,0.1877,0.0025,0.2231,0.1227,29.32
1789438649219,0.0000,0.0000,0.2020,0.1551,0.2842,0.1533,29.33
1789438649219,0.0000,0.0000,0.2275,0.3383,0.4368,0.2448,29.32
1789438649220,0.0000,0.0000,0.2700,0.4299,0.3452,0.3669,29.32
1789438649224,0.0000,0.0000,0.2597,0.4299,0.3147,0.3364,29.34
1789438649234,0.0000,0.0000,0.2845,0.3688,0.3147,0.3059,29.33
1789438649245,0.0000,0.0000,0.3012,0.0636,-0.0211,0.1533,29.34
1789438649316,0.0000,0.0000,0.2520,0.0636,0.0094,-0.0299,29.32
1789438649316,0.0000,0.0000,0.2259,0.0941,0.0400,-0.1520,29.32
1789438649316,0.0000,0.0000,0.2135,0.1246,0.0094,-0.0604,29.32
1789438649316,0.0000,0.0000,0.1954,-0.0585,0.0400,-0.0299,29.34
1789438649316,0.0000,0.0000,0.1823,0.0025,0.0705,0.0312,29.32
1789438649316,0.0000,0.0000,0.1813,0.0025,0.0705,0.0006,29.33
1789438649317,0.0000,0.0000,0.1994,0.0330,0.1621,0.0312,29.33
1789438649324,0.0000,0.0000,0.1653,0.1551,0.1621,0.1533,29.33
1789438649335,0.0000,0.0000,0.1507,0.2467,0.2231,0.2448,29.30
1789438649344,0.0000,0.0000,0.2163,0.2467,0.3452,0.1838,29.32
1789438649354,0.0000,0.0000,0.2549,0.3078,0.3452,0.2448,29.33
1789438649421,0.0000,0.0000,0.2704,0.3688,0.3757,0.4585,29.32
1789438649421,0.0000,0.0000,0.2813,0.4909,0.4978,0.3364,29.33
1789438649421,0.0000,0.0000,0.2758,0.2772,0.2231,0.2754,29.32
1789438649421,0.0000,0.0000,0.2777,0.2467,0.0094,0.1838,29.32
1789438649421,0.0000,0.0000,0.2571,0.1551,-0.0516,0.1838,29.32
1789438649421,0.0000,0.0000,0.2755,0.0330,-0.0211,0.0006,29.33
1789438649425,0.0000,0.0000,0.2689,0.0330,0.0400,-0.0909,29.33
1789438649434,0.0000,0.0000,0.2362,0.0330,-0.0821,0.0006,29.32
1789438649445,0.0000,0.0000,0.1888,-0.0585,-0.0821,-0.0604,29.32
1789438649518,0.0000,0.0000,0.1988,-0.0585,0.1315,0.0922,29.32
1789438649518,0.0000,0.0000,0.1565,0.0330,0.0094,-0.0299,29.33
1789438649518,0.0000,0.0000,0.1828,0.0330,0.0705,0.0006,29.34
1789438649518,0.0000,0.0000,0.1593,0.0330,0.0400,0.0922,29.32
1789438649518,0.0000,0.0000,0.1680,0.1551,0.1621,0.2143,29.32
1789438649518,0.0000,0.0000,0.1610,0.1246,0.2536,0.2448,29.32
1789438649520,0.0000,0.0000,0.2241,0.1857,0.3147,0.1838,29.33
1789438649524,0.0000,0.0000,0.2347,0.3078,0.3452,0.3364,29.33
1789438649534,0.0000,0.0000,0.2604,0.1246,0.3147,0.1533,29.32
1789438649545,0.0000,0.0000,0.2817,0.0636,0.2842,0.0617,29.33
1789438649555,0.0000,0.0000,0.2295,-0.0891,-0.0516,-0.0909,29.33
1789438649620,0.0000,0.0000,0.2427,0.0941,-0.0211,0.1227,29.33
1789438649620,0.0000,0.0000,0.2281,-0.0891,-0.0516,-0.0299,29.32
1789438649620,0.0000,0.0000,0.2097,0.0636,-0.0211,0.0617,29.32
1789438649620,0.0000,0.0000,0.2171,0.0330,-0.0516,-0.0604,29.32
1789438649620,0.0000,0.0000,0.1654,0.0636,-0.1127,0.0006,29.31
1789438649620,0.0000,0.0000,0.1931,0.0941,0.0705,0.0617,29.32
1789438649625,0.0000,0.0000,0.1731,0.1246,0.0094,0.1838,29.32
1789438649634,0.0000,0.0000,0.1911,0.0636,0.1315,0.2143,29.32
1789438649645,0.0000,0.0000,0.1948,0.2772,0.1621,0.2754,29.32
1789438649720,0.0000,0.0000,0.1806,0.3688,0.2536,0.3364,29.31
1789438649720,0.0000,0.0000,0.1770,0.4299,0.2536,0.3364,29.31
1789438649720,0.0000,0.0000,0.2861,0.3993,0.4063,0.3059,29.33
1789438649720,0.0000,0.0000,0.2777,0.4299,0.4673,0.3059,29.33
1789438649720,0.0000,0.0000,0.2775,0.2772,0.2842,0.0617,29.34
1789438649720,0.0000,0.0000,0.2609,0.1246,0.1926,0.0312,29.33
1789438649722,0.0000,0.0000,0.2713,-0.0585,-0.0821,-0.1520,29.32
1789438649724,0.0000,0.0000,0.2265,-0.0280,-0.0821,0.0312,29.32
1789438649734,0.0000,0.0000,0.2383,0.0330,-0.1432,0.0312,29.34
1789438649745,0.0000,0.0000,0.2455,-0.0585,0.0705,0.0312,29.32
1789438649818,0.0000,0.0000,0.2072,0.0636,0.0094,-0.1520,29.32
1789438649818,0.0000,0.0000,0.2024,-0.0585,-0.0211,-0.0299,29.32
1789438649818,0.0000,0.0000,0.2140,0.0025,0.0094,0.0312,29.32
1789438649818,0.0000,0.0000,0.1739,-0.0280,-0.0821,-0.0604,29.32
1789438649818,0.0000,0.0000,0.1968,0.0636,0.0400,0.1227,29.33
1789438649818,0.0000,0.0000,0.1559,0.1246,0.0094,0.1533,29.32
1789438649820,0.0000,0.0000,0.1469,0.2162,0.1010,0.2448,29.31
1789438649824,0.0000,0.0000,0.1846,0.2467,0.2842,0.2754,29.31
1789438649834,0.0000,0.0000,0.2730,0.4299,0.4673,0.3364,29.33
1789438649845,0.0000,0.0000,0.2833,0.3383,0.3757,0.2754,29.33
1789438649915,0.0000,0.0000,0.2498,0.2162,0.3757,0.0922,29.32
1789438649915,0.0000,0.0000,0.2880,0.0636,0.2536,0.0617,29.33
1789438649915,0.0000,0.0000,0.2457,-0.0891,0.0094,-0.0909,29.32
1789438649915,0.0000,0.0000,0.2101,0.0330,-0.1432,0.0922,29.33
1789438649915,0.0000,0.0000,0.2344,0.1246,-0.1127,-0.0604,29.31
1789438649915,0.0000,0.0000,0.2327,-0.0585,-0.0516,-0.1520,29.32
1789438649917,0.0000,0.0000,0.1892,-0.0280,-0.0211,0.0312,29.33
1789438649924,0.0000,0.0000,0.1970,0.0025,-0.0211,-0.0299,29.33
1789438649935,0.0000,0.0000,0.1794,0.0330,0.0400,0.0312,29.32
1789438649945,0.0000,0.0000,0.1664,0.0941,0.0400,0.0312,29.32
1789438650020,0.0000,0.0000,0.2435,0.1551,0.1926,0.0922,29.33
1789438650020,0.0000,0.0000,0.1916,0.0636,0.3147,0.2143,29.33
1789438650020,0.0000,0.0000,0.1782,0.3078,0.1926,0.2448,29.31
1789438650020,0.0000,0.0000,0.2020,0.3078,0.3452,0.3059,29.30
1789438650020,0.0000,0.0000,0.2600,0.4299,0.4673,0.3059,29.32
1789438650020,0.0000,0.0000,0.2772,0.3993,0.3757,0.4585,29.32
1789438650020,0.0000,0.0000,0.2973,0.3688,0.2536,0.3975,29.32
1789438650024,0.0000,0.0000,0.3098,0.2467,0.2536,0.2448,29.32
1789438650034,0.0000,0.0000,0.2501,0.0636,0.0094,0.1533,29.32
1789438650045,0.0000,0.0000,0.2585,-0.0585,0.0400,-0.0909,29.32
1789438650119,0.0000,0.0000,0.2185,-0.0280,-0.0211,-0.0299,29.32
1789438650119,0.0000,0.0000,0.2101,0.0025,-0.0821,0.0312,29.32
1789438650119,0.0000,0.0000,0.2230,0.0025,0.0400,-0.0909,29.32
1789438650119,0.0000,0.0000,0.1799,-0.0585,0.0094,0.0617,29.32
1789438650119,0.0000,0.0000,0.2198,0.0330,0.0400,0.0312,29.31
1789438650119,0.0000,0.0000,0.2018,0.0636,0.0705,0.0312,29.32
1789438650120,0.0000,0.0000,0.2263,0.1246,0.1621,0.0617,29.32
1789438650124,0.0000,0.0000,0.2053,0.1246,0.3147,0.1227,29.32
1789438650134,0.0000,0.0000,0.1965,0.1857,0.3147,0.2143,29.30
1789438650144,0.0000,0.0000,0.1830,0.3078,0.3757,0.3975,29.31
1789438650217,0.0000,0.0000,0.2641,0.3688,0.3147,0.3059,29.32
1789438650217,0.0000,0.0000,0.2489,0.4604,0.1621,0.3364,29.33
1789438650217,0.0000,0.0000,0.2491,0.3078,0.0094,0.0617,29.32
1789438650217,0.0000,0.0000,0.2417,0.0025,0.0094,-0.0299,29.32
1789438650217,0.0000,0.0000,0.1969,0.0636,0.0400,0.0617,29.32
1789438650217,0.0000,0.0000,0.2389,0.0330,0.0094,0.0006,29.31
1789438650218,0.0000,0.0000,0.1853,0.0025,-0.0516,-0.1215,29.32
1789438650224,0.0000,0.0000,0.2092,0.1246,-0.0516,0.0617,29.33
1789438650234,0.0000,0.0000,0.1927,-0.0280,-0.0516,0.0312,29.32
1789438650245,0.0000,0.0000,0.1768,0.0025,0.0094,0.0312,29.32
1789438650255,0.0000,0.0000,0.1621,-0.0280,-0.0516,-0.0604,29.32
1789438650324,0.0000,0.0000,0.1479,0.0330,0.1010,0.1227,29.31
1789438650324,0.0000,0.0000,0.2145,0.1551,0.1926,0.3059,29.33
1789438650324,0.0000,0.0000,0.2106,0.1857,0.2231,0.2754,29.31
1789438650324,0.0000,0.0000,0.1923,0.3688,0.2842,0.3059,29.31
1789438650324,0.0000,0.0000,0.2113,0.3993,0.4368,0.3059,29.31
1789438650324,0.0000,0.0000,0.2575,0.3993,0.4063,0.3059,29.33
1789438650324,0.0000,0.0000,0.3075,0.3078,0.4368,0.3669,29.32
1789438650334,0.0000,0.0000,0.2929,0.1857,0.3757,0.1227,29.32
1789438650345,0.0000,0.0000,0.2684,0.0941,0.1926,0.0922,29.32
1789438650419,0.0000,0.0000,0.2839,-0.0891,0.1010,-0.0299,29.32
1789438650419,0.0000,0.0000,0.2509,0.0636,-0.0821,0.0617,29.33
1789438650419,0.0000,0.0000,0.2414,0.0025,0.0094,0.1227,29.33
1789438650419,0.0000,0.0000,0.2393,0.1246,-0.0211,0.0312,29.33
1789438650419,0.0000,0.0000,0.2149,0.0330,-0.0516,0.1227,29.34
1789438650419,0.0000,0.0000,0.1966,0.0025,-0.0821,0.0617,29.32
1789438650421,0.0000,0.0000,0.1940,0.0330,0.0400,0.0922,29.32
1789438650425,0.0000,0.0000,0.1674,0.1551,0.0094,0.1227,29.33
1789438650434,0.0000,0.0000,0.2144,0.2772,0.0705,0.2448,29.33
1789438650445,0.0000,0.0000,0.2086,0.3078,0.2231,0.2754,29.32
1789438650520,0.0000,0.0000,0.1805,0.3383,0.1926,0.2754,29.31
1789438650520,0.0000,0.0000,0.2232,0.3383,0.2842,0.3364,29.31
1789438650520,0.0000,0.0000,0.2384,0.3688,0.2842,0.3364,29.33
1789438650520,0.0000,0.0000,0.2512,0.3993,0.3757,0.3059,29.33
1789438650520,0.0000,0.0000,0.2559,0.3993,0.4673,0.2754,29.32
1789438650520,0.0000,0.0000,0.2903,0.2772,0.3452,0.1838,29.33
1789438650521,0.0000,0.0000,0.2931,0.1246,0.3147,0.0617,29.32
1789438650524,0.0000,0.0000,0.2630,-0.0585,0.0400,-0.0909,29.32
1789438650534,0.0000,0.0000,0.2432,0.0941,-0.0211,0.0617,29.33
1789438650545,0.0000,0.0000,0.2405,-0.0585,-0.0211,0.0006,29.33
1789438650620,0.0000,0.0000,0.2255,-0.0280,-0.0211,0.0617,29.33
1789438650620,0.0000,0.0000,0.2066,0.0636,0.0094,-0.0299,29.32
1789438650620,0.0000,0.0000,0.1616,0.0330,-0.0821,0.0312,29.32
1789438650620,0.0000,0.0000,0.1553,0.0941,-0.0821,0.0006,29.32
1789438650620,0.0000,0.0000,0.2192,0.1246,0.0400,0.1838,29.33
1789438650620,0.0000,0.0000,0.1814,0.1551,0.1315,0.1838,29.32
1789438650622,0.0000,0.0000,0.1299,0.2467,0.1315,0.1533,29.33
1789438650624,0.0000,0.0000,0.2111,0.3078,0.4368,0.1227,29.32
1789438650634,0.0000,0.0000,0.2018,0.3993,0.1621,0.3059,29.32
1789438650644,0.0000,0.0000,0.2197,0.3078,0.3452,0.3364,29.33
1789438650745,0.0000,0.0000,0.2243,0.3688,0.2842,0.3059,29.32
1789438650745,0.0000,0.0000,0.2856,0.3688,0.2231,0.3669,29.31
1789438650745,0.0000,0.0000,0.2727,0.2772,0.1315,0.1838,29.32
1789438650745,0.0000,0.0000,0.2815,0.2162,0.0705,0.1533,29.32
1789438650745,0.0000,0.0000,0.2441,0.1246,-0.0516,0.0922,29.32
1789438650745,0.0000,0.0000,0.2657,0.0025,0.0094,-0.0299,29.32
1789438650745,0.0000,0.0000,0.2332,0.0025,0.0400,0.0312,29.33
1789438650745,0.0000,0.0000,0.1917,0.0330,-0.0516,-0.0299,29.32
1789438650745,0.0000,0.0000,0.2314,0.0330,-0.0211,0.0006,29.32
1789438650745,0.0000,0.0000,0.2126,-0.0585,-0.0516,0.0006,29.32
1789438650820,0.0000,0.0000,0.2304,-0.0585,-0.0211,0.0312,29.33
1789438650820,0.0000,0.0000,0.2017,0.0636,0.0400,0.0312,29.33
1789438650820,0.0000,0.0000,0.1594,0.0636,0.0705,0.0617,29.31
1789438650820,0.0000,0.0000,0.1477,0.1551,0.2231,0.1533,29.31
1789438650820,0.0000,0.0000,0.2030,0.1857,0.3757,0.2448,29.32
1789438650820,0.0000,0.0000,0.2421,0.3383,0.2536,0.2448,29.33
1789438650821,0.0000,0.0000,0.2131,0.3383,0.4368,0.4280,29.32
1789438650933,0.0000,10.5927,3.2139,0.0636,4.4356,-4.4255,29.32
1789438650944,0.0000,10.6438,5.0187,-0.0585,5.5039,-4.6086,29.29
1789438651020,0.0000,10.6952,3.1244,-2.7447,3.9472,-0.6099,29.32
1789438651020,41.4142,8.6741,0.7919,-0.7606,0.1621,0.7943,29.32
1789438651020,41.4142,8.7217,2.7979,-3.0195,-0.0516,3.0531,29.30
1789438651020,41.2874,8.7755,1.1587,-0.5164,-1.2421,1.8016,29.32
1789438651020,41.1611,8.8292,1.2855,0.9793,-0.1737,0.3669,29.34
1789438651020,41.1611,8.8769,2.6423,3.3603,-2.5241,0.3059,29.33
1789438651021,41.9089,8.8874,1.2051,1.4677,0.0400,-0.5488,29.33
1789438651023,41.9089,8.9352,4.7539,4.8255,-0.8453,-4.0287,29.32
1789438651033,41.3713,9.0099,2.0866,0.0636,2.2072,-2.1972,29.33
1789438651043,41.7844,9.0374,1.3015,-0.3638,1.2304,0.3059,29.33
1789438651054,41.7844,9.0854,4.0572,-2.8668,4.7103,-0.5793,29.33
1789438651119,41.5341,9.1462,0.8803,-0.9132,0.3452,1.8016,29.33
1789438651119,41.6941,9.1867,2.1945,-0.3027,-0.4790,1.6795,29.32
1789438651119,41.6941,9.2352,3.0440,-0.8827,-2.7378,3.7857,29.32
1789438651119,41.5869,9.2891,0.4378,0.7046,-0.6621,0.0617,29.33
1789438651119,42.2494,9.3046,4.1399,2.6582,-1.7915,-0.4267,29.31
1789438651119,42.2494,9.3532,3.1437,3.4518,-1.0895,-2.1056,29.33
1789438651125,42.2933,9.3998,0.6594,0.1246,0.6199,-0.3046,29.34
1789438651133,42.8754,9.4196,5.1102,-0.4554,3.5503,-3.1434,29.33
1789438651144,42.8754,9.4685,2.9422,-1.8595,3.4893,-1.4340,29.32
1789438651215,42.8760,9.5175,0.2898,-0.3943,0.1315,0.4280,29.34
1789438651215,43.3140,9.5447,4.8173,-4.2405,0.0705,4.5489,29.32
1789438651215,43.3140,11.1376,0.1828,1.1319,-1.3337,0.1227,29.32
1789438651215,45.3588,11.0847,0.0698,1.4067,0.0094,-1.3425,29.32
1789438651215,48.9614,10.9532,0.4076,0.1246,0.7115,-0.8235,29.33
1789438651215,52.5991,10.8201,0.8679,0.3993,1.1083,-0.5793,29.32
1789438651217,57.0628,10.6454,0.2795,0.0025,0.3757,0.2754,29.32
1789438651223,63.3390,10.3794,-0.1121,0.1857,0.2231,0.2448,29.40
1789438651234,65.5707,10.3153,-0.0818,0.2772,0.1621,0.3364,29.33
1789438651243,67.1107,10.2862,0.0980,0.2467,0.1926,0.0006,29.33
1789438651254,67.5794,10.3103,0.2766,-0.1806,0.1010,-0.1520,29.32
1789438651322,67.7406,10.3499,0.1278,-0.1501,-0.0516,0.0312,29.33
1789438651322,68.2296,10.3730,-0.1624,0.2162,-0.1127,0.0922,29.32
1789438651322,68.1620,10.4243,-0.2823,0.3383,-0.0821,0.2143,29.33
1789438651322,67.7330,10.4935,-0.2840,0.3383,0.4368,-0.0604,29.33
1789438651322,67.4828,10.5542,0.1234,0.2772,0.5589,-0.0909,29.33
1789438651322,67.7531,10.5888,0.2091,-0.3943,0.0705,0.0617,29.33
1789438651326,67.2964,10.6599,0.0276,-0.2722,0.0094,0.1533,29.33
1789438651333,68.1310,10.6665,-0.2288,0.5520,-0.0211,0.5501,29.33
1789438651344,68.1121,10.7156,-0.2960,0.2467,-0.1127,0.0922,29.35
1789438651419,67.8640,10.7768,-0.2077,0.1857,0.1621,-0.3657,29.35
1789438651419,68.3280,10.8022,0.1966,0.2772,0.6199,-0.0604,29.33
1789438651419,68.4558,10.8444,0.1886,-0.0891,0.2231,0.0922,29.33
1789438651419,68.1519,10.9083,0.0532,0.0025,0.0094,0.2448,29.33
1789438651419,69.3038,10.8994,-0.2418,0.0025,-0.2958,0.2143,29.33
1789438651419,69.0101,10.9630,-0.1390,0.2467,-0.2348,-0.0299,29.31
1789438651419,69.3945,10.9930,-0.1042,-0.0891,0.1010,-0.1215,29.33
1789438651423,69.6709,11.0282,0.3354,0.3688,0.3147,0.2143,29.33
1789438651433,70.1855,11.0516,0.2497,0.3993,0.1926,0.3975,29.32
1789438651444,70.9121,11.0645,0.1204,0.1551,0.2842,0.3669,29.31
1789438651520,71.0236,11.1080,-0.2057,0.2162,-0.0516,0.0617,29.35
1789438651520,71.0497,11.1560,-0.2486,0.3383,0.1926,-0.0909,29.33
1789438651520,71.1787,11.1992,0.0616,0.0636,0.2536,-0.2436,29.31
1789438651520,71.7938,11.2180,0.2395,-0.0585,0.1621,0.1227,29.34
1789438651520,71.3262,11.2909,0.1251,-0.1501,-0.0516,0.3669,29.32
1789438651520,72.4404,11.2846,-0.1777,0.1551,-0.2042,0.2754,29.32
1789438651520,72.3233,11.3401,-0.2481,0.5825,0.1010,0.3059,29.32
1789438651524,72.1976,11.3963,-0.1160,0.4909,0.2842,0.1533,29.33
1789438651533,72.6575,11.4233,0.2810,0.0941,0.1315,-0.2436,29.32
1789438651544,73.4541,11.4330,0.1974,-0.0891,-0.1127,-0.0299,29.32
1789438651554,74.4201,11.4347,0.1477,-0.0891,0.0400,0.0617,29.33
1789438651620,74.0306,11.5042,-0.2522,0.0941,-0.0821,0.0617,29.34
1789438651620,74.2927,11.5415,-0.2193,0.1857,0.0705,-0.2741,29.34
1789438651620,74.5525,11.5784,0.1911,0.3383,0.4368,-0.0299,29.32
1789438651620,75.0061,11.6059,0.1801,-0.1501,0.3757,0.0922,29.33
1789438651620,74.6262,11.6755,0.0475,0.0636,0.1926,0.3364,29.34
1789438651620,75.1538,11.6995,-0.1508,0.1246,-0.1432,0.1227,29.32
1789438651623,75.9507,11.7103,-0.0196,0.3078,-0.1737,0.1227,29.33
1789438651633,75.6941,11.7735,0.0738,0.1551,0.0705,-0.2130,29.33
1789438651644,76.7196,11.7728,0.2594,0.2772,0.4978,0.0922,29.33
1789438651654,76.3248,11.8430,0.0600,0.1857,0.3147,0.5196,29.33
1789438651719,77.1703,11.8514,-0.1691,0.0025,-0.2042,0.0922,29.32
1789438651719,77.1485,11.9033,-0.1029,0.2467,0.1315,0.2754,29.32
1789438651719,77.5598,11.9336,0.0373,0.4604,0.1621,0.3059,29.34
1789438651719,77.5130,11.9872,0.2932,-0.1196,0.2536,-0.0604,29.32
1789438651719,77.7395,12.0268,0.1332,0.0636,0.0705,0.3059,29.32
1789438651719,78.9028,12.0196,-0.2166,0.1857,-0.2042,0.1533,29.32
1789438651724,78.2413,12.1037,-0.1815,0.5520,0.1926,0.3669,29.35
1789438651733,78.9548,12.1195,-0.0194,0.3688,0.4673,0.2448,29.33
1789438651743,79.4260,12.1471,0.2686,-0.1806,0.1010,-0.0909,29.33
1789438651819,79.1374,12.2130,0.1154,-0.3027,-0.0211,0.1838,29.33
1789438651819,80.3167,12.2053,-0.2184,0.4299,0.0705,0.4585,29.32
1789438651819,80.1122,12.2670,-0.2159,0.4909,0.0094,0.2448,29.33
1789438651819,80.3175,12.3085,0.0142,0.3688,0.1926,0.1533,29.32
1789438651819,80.9230,12.3297,0.2335,-0.0891,0.0094,-0.1215,29.32
1789438651819,80.4823,12.4037,0.1064,-0.2722,-0.0211,0.1838,29.33
1789438651820,81.4818,12.4053,-0.2193,0.0025,-0.2958,0.0617,29.33
1789438651823,81.3890,12.4619,-0.1893,0.0636,-0.1432,-0.1215,29.33
1789438651833,81.7232,12.4972,0.1102,0.0025,-0.0516,-0.1520,29.30
1789438651843,82.3776,12.5163,0.2413,0.0330,0.4063,0.0006,29.33
1789438651917,81.6734,12.6038,0.0941,-0.0280,0.2842,0.3975,29.31
1789438651917,83.3589,12.5717,-0.2414,0.3688,-0.0821,0.2143,29.33
1789438651917,83.2251,12.6305,-0.1961,0.5825,0.3452,0.0617,29.31
1789438651917,83.1868,12.6848,0.2092,0.1551,0.1315,-0.3351,29.32
1789438651917,83.6460,12.7141,0.2989,0.1857,0.4063,0.3669,29.29
1789438651917,84.0617,12.7459,0.0195,0.0636,-0.0211,-0.0909,29.33
1789438651918,84.0844,12.7972,-0.2487,0.2772,0.2842,0.1533,29.36
1789438651923,84.5189,12.8283,-0.1940,0.1551,0.1315,-0.3962,29.32
1789438651933,84.2841,12.8924,0.3088,0.0941,0.0705,-0.2741,29.31
1789438651944,85.0270,12.9082,0.0457,-0.3638,-0.0516,0.2143,29.31
1789438652015,85.6842,12.9281,-0.2123,0.5214,0.1315,0.3669,29.33
1789438652015,85.5350,12.9884,-0.1870,0.1857,-0.1432,0.0312,29.35
1789438652015,86.1195,13.0122,0.0106,-0.0585,0.0400,0.0006,29.35
1789438652015,86.2142,13.0603,0.2347,-0.0280,0.1926,0.0617,29.32
1789438652015,85.8087,13.1336,0.0658,-0.0585,0.0400,0.4890,29.32
1789438652015,87.1678,13.1190,-0.2337,0.2467,0.0400,0.0922,29.32
1789438652017,87.4685,13.1571,-0.1571,0.3688,0.0400,-0.1215,29.34
1789438652023,87.7553,13.1961,0.2510,0.3383,0.3757,-0.0604,29.34
1789438652035,87.8669,13.2436,0.2100,0.2772,0.2536,0.3975,29.31
1789438652044,88.3709,13.2720,-0.1083,-0.0891,-0.0516,-0.0299,29.33
1789438652116,88.4771,13.3202,-0.2284,0.3993,0.2231,0.2448,29.33
1789438652116,88.5154,13.3717,-0.0210,0.2162,0.1621,0.0312,29.33
1789438652116,89.2299,13.3897,0.2938,0.2162,0.5589,0.3975,29.29
1789438652116,88.5912,13.4754,0.1021,0.0941,0.3452,0.4890,29.33
1789438652116,90.1171,13.4528,-0.2980,0.4604,0.2536,0.4280,29.30
1789438652116,89.8274,13.5211,-0.2613,0.6435,0.3147,-0.1215,29.34
1789438652117,90.1786,13.5575,0.3142,0.1246,0.2231,-0.2741,29.33
1789438652123,89.8160,13.6296,0.1801,-0.1501,0.0705,0.1227,29.33
1789438652133,91.3765,13.6055,-0.1865,0.3993,0.0400,0.2143,29.33
1789438652144,90.8811,13.6844,-0.2035,0.1857,-0.1432,0.1533,29.33
1789438652154,91.3518,13.7151,0.1560,0.5520,0.3147,0.0922,29.32
1789438652222,92.2147,13.7259,0.2715,-0.3027,0.1010,0.1227,29.33
1789438652222,92.7764,13.7524,0.1453,-0.0585,-0.0211,0.0006,29.32
1789438652222,92.7419,13.8082,-0.2375,0.0025,-0.1737,-0.0299,29.33
1789438652222,92.8445,13.8578,-0.0531,-0.0280,0.1010,-0.2130,29.31
1789438652222,93.5014,13.8795,0.2838,-0.1501,0.1926,-0.1215,29.32
1789438652222,92.7749,13.9703,0.0862,-0.2722,-0.1127,0.1838,29.32
1789438652223,93.7474,13.9763,-0.2251,0.0636,-0.1432,0.0006,29.32
1789438652233,93.5187,14.0424,-0.1268,0.2772,-0.0821,-0.3351,29.32
1789438652243,93.8657,14.0798,0.3542,0.1551,0.3147,-0.1825,29.32
1789438652253,93.7765,14.1394,0.1050,-0.0891,0.2536,0.2754,29.31
1789438652320,95.9571,14.0854,-0.2193,0.1551,-0.0211,0.2143,29.30
1789438652321,95.7004,14.1529,-0.1840,0.3078,0.2842,-0.0909,29.32
1789438652321,95.8871,14.1987,0.3242,0.2162,0.3147,-0.0604,29.32
1789438652321,95.7724,14.2595,0.1716,0.1857,0.3147,0.5196,29.32
1789438652321,96.2849,14.2890,-0.1316,0.1551,-0.1737,0.3059,29.32
1789438652321,97.0774,14.3049,-0.1540,0.4299,0.1926,0.3059,29.32
1789438652325,96.3640,14.3956,0.2718,0.0941,0.1010,-0.3962,29.32
1789438652333,97.0735,14.4156,0.2600,-0.1196,0.0400,0.1227,29.32
1789438652344,98.0781,14.4208,-0.1544,0.3078,0.0705,0.1838,29.33
1789438652354,98.5112,14.4546,-0.1958,0.3383,-0.0211,0.1533,29.31
1789438652419,98.3644,14.5178,0.1772,0.0941,0.2536,-0.1825,29.33
1789438652419,98.3579,14.5736,0.3431,-0.1196,0.1315,-0.0604,29.33
1789438652419,99.6899,14.5629,-0.1618,0.3688,0.1926,0.2754,29.31
1789438652419,98.6800,14.6691,-0.0802,0.2162,-0.3263,0.0617,29.31
1789438652419,99.5862,14.6795,0.2604,0.5214,0.3452,0.0922,29.33
1789438652419,100.0315,14.7132,0.2069,-0.1501,0.0400,0.0312,29.31
1789438652423,101.1366,14.7142,-0.2192,0.0941,-0.2348,-0.0299,29.32
1789438652433,101.0905,14.7725,-0.1180,0.0636,-0.1432,0.0922,29.33
1789438652443,100.5724,14.8547,0.2829,0.3688,0.6810,0.0006,29.32
1789438652454,100.5471,14.9120,0.1889,-0.0585,0.1315,0.1227,29.33
1789438652525,101.9454,14.8983,-0.1976,0.0941,-0.2042,0.0922,29.32
1789438652525,101.8027,14.9618,-0.1459,0.4299,0.1621,0.1838,29.34
1789438652525,101.8012,15.0185,0.3338,0.2162,0.5589,-0.2741,29.34
1789438652525,101.4953,15.0902,0.1975,0.0941,0.3452,0.4585,29.32
1789438652525,103.7969,15.0314,-0.1637,-0.2112,-0.0211,-0.3351,29.31
1789438652525,103.3360,15.1109,-0.1838,0.4909,0.4063,0.0617,29.32
1789438652525,103.0874,15.1800,0.3933,0.3383,0.5894,-0.0909,29.33
1789438652533,103.4018,15.2213,0.1535,0.0941,0.3757,0.6111,29.32
1789438652544,103.9210,15.2519,-0.2596,0.4299,0.2231,0.4585,29.31
1789438652620,104.4732,15.2811,-0.1557,0.5214,0.3757,-0.0299,29.32
1789438652620,105.4899,15.2875,0.4960,0.1857,0.2842,0.0617,29.32
1789438652620,104.7523,15.3812,0.0598,-0.0585,-0.0516,0.3669,29.32
1789438652620,105.1238,15.4198,-0.2208,0.1551,-0.2042,0.2143,29.33
1789438652620,105.8217,15.4531,-0.0139,0.0330,0.0705,-0.3046,29.33
1789438652620,105.8251,15.4990,0.3207,-0.2722,0.2842,-0.2130,29.34
1789438652621,106.9780,15.4989,0.1878,-0.0585,0.1315,0.2448,29.32
1789438652623,106.2571,15.5923,-0.1758,0.1246,-0.1127,-0.0909,29.32
1789438652633,107.3214,15.5967,0.1900,0.4299,0.3757,0.2143,29.32
1789438652644,106.7215,15.6842,0.2147,-0.2112,0.0400,0.0617,29.33
1789438652653,107.9786,15.6787,-0.2003,-0.0280,-0.1432,0.0617,29.33
1789438652719,107.8970,15.7403,-0.2035,0.1551,0.1315,-0.0909,29.32
1789438652719,107.5476,15.8156,0.3375,0.1551,0.4978,-0.2130,29.30
1789438652719,107.6836,15.8665,0.1072,-0.2722,0.1010,0.4280,29.33
1789438652719,109.5615,15.8307,-0.2612,0.5520,0.1010,0.3364,29.31
1789438652719,108.9856,15.9173,-0.0619,0.4909,0.1926,0.1227,29.32
1789438652719,109.9145,15.9287,0.2569,-0.0280,0.4978,0.3364,29.31
1789438652724,110.6156,15.9517,0.1865,-0.0891,0.3757,0.1838,29.33
1789438652733,110.0667,16.0374,-0.1592,0.4604,0.3147,0.4585,29.31
1789438652744,110.2449,16.0866,0.2596,0.1551,0.2536,-0.3962,29.34
1789438652819,109.8860,16.1628,0.1760,0.1551,0.5284,0.4280,29.31
1789438652819,111.9339,16.1187,-0.2449,0.4909,0.2231,0.4585,29.35
1789438652819,111.6999,16.1888,-0.1757,0.1857,0.0400,-0.1215,29.33
1789438652819,112.6453,16.1997,0.4379,0.1857,0.6199,0.0617,29.33
1789438652819,111.3462,16.3232,0.1837,-0.3333,0.3147,0.5501,29.32
1789438652819,112.7087,16.3138,-0.2375,0.1551,-0.0821,0.0617,29.33
1789438652819,112.4866,16.3835,0.2433,0.6130,0.2231,0.0922,29.34
1789438652823,114.1012,16.3310,0.2567,-0.2112,0.0400,0.0922,29.34
1789438652833,115.1363,16.2879,-0.2595,0.1246,0.0400,-0.1520,29.32
1789438652844,114.2903,16.3388,-0.1693,0.0330,-0.1127,-0.1215,29.33
1789438652853,115.1839,16.3026,0.3337,-0.1196,0.1315,-0.1215,29.32
1789438652920,113.9060,16.3751,0.1550,-0.3333,-0.0211,0.1533,29.32
1789438652920,114.4717,16.3553,-0.1202,0.0941,-0.1432,0.0617,29.31
1789438652920,113.8395,16.3955,0.2104,0.3383,0.0705,0.0006,29.34
1789438652920,114.1150,16.3902,0.1853,-0.1196,0.1315,0.2754,29.32
1789438652920,115.3189,16.3386,-0.2510,0.0941,-0.2042,-0.0604,29.32
1789438652921,114.9782,16.3641,-0.1560,0.1551,0.1315,-0.0604,29.32
1789438652926,114.9008,16.3764,0.3246,0.0025,0.1621,-0.1215,29.33
1789438652933,114.2156,16.4192,0.1752,-0.2112,0.0705,0.3669,29.33
1789438652944,114.5349,16.4117,-0.0413,0.1551,-0.0516,0.2143,29.30
1789438652954,114.9792,16.3980,0.2518,0.2772,0.1621,-0.1825,29.33
1789438653022,114.1616,16.4474,0.2145,0.0330,0.1621,0.2143,29.32
1789438653022,116.2556,16.3512,-0.2488,0.3078,0.1621,0.2143,29.34
1789438653022,115.5246,16.3961,-0.1431,0.3383,0.4978,0.0922,29.31
1789438653022,115.8121,16.3903,0.3132,0.0636,0.4978,0.1227,29.33
1789438653022,115.7629,16.4012,0.1854,0.1551,0.4673,0.4585,29.32
1789438653022,115.4788,16.4239,-0.2577,0.3383,0.4368,0.2448,29.31
1789438653023,114.9795,16.4573,0.2398,0.1551,-0.1737,-0.1825,29.32
1789438653033,114.2547,16.5020,0.1659,0.1857,0.3452,0.5806,29.34
1789438653044,116.4142,16.4025,-0.2937,0.0636,0.0705,0.0617,29.32
1789438653116,115.4271,16.4603,-0.1830,0.2772,0.1315,-0.0604,29.32
1789438653116,115.9019,16.4450,0.4004,0.2467,0.4673,0.2143,29.32
1789438653116,115.5373,16.4717,0.0490,-0.0585,-0.0211,0.1227,29.31
1789438653116,115.2984,16.4921,-0.1772,0.2162,-0.1737,0.1533,29.34
1789438653116,114.7322,16.5289,0.2490,0.0636,0.2231,-0.2741,29.32
1789438653116,115.1603,16.5159,0.1788,-0.0891,0.1926,0.3364,29.34
1789438653117,115.4257,16.5111,-0.2370,0.0941,-0.1127,0.1533,29.37
1789438653123,115.5326,16.5142,-0.1233,0.0025,0.1621,-0.1825,29.34
1789438653133,115.6858,16.5150,0.3100,-0.3333,0.1926,-0.1520,29.33
1789438653143,116.4532,16.4851,0.0112,0.3383,0.0400,0.3059,29.32
1789438653153,115.9131,16.5467,-0.0888,-0.0280,-0.1737,0.0922,29.32
1789438653220,116.1251,16.5183,0.2056,0.1246,0.1621,-0.1520,29.32
1789438653220,115.0114,16.5824,0.1464,-0.2417,-0.0821,0.3059,29.32
1789438653220,116.2600,16.5284,-0.1793,0.2772,-0.1737,0.0922,29.30
1789438653220,115.7319,16.5632,-0.0600,0.1246,0.0094,0.0006,29.31
1789438653220,116.4524,16.5355,0.2946,-0.3027,0.2536,0.0922,29.33
1789438653220,116.7455,16.5293,-0.0921,0.3078,-0.0211,0.0922,29.33
1789438653223,115.8724,16.5813,-0.2494,0.4299,0.1926,0.2143,29.32
1789438653233,115.8890,16.5889,0.2788,0.2772,0.3147,0.0006,29.33
1789438653244,115.0149,16.6410,0.0884,-0.3027,-0.0516,0.3669,29.32
1789438653317,116.0352,16.5984,-0.1974,0.4604,0.0705,0.4280,29.32
1789438653317,115.7737,16.6198,0.0455,0.3078,0.0400,0.0312,29.35
1789438653317,116.8644,16.5737,0.2442,0.1857,0.4063,0.4890,29.33
1789438653317,117.0722,16.5717,-0.1469,0.3688,-0.1127,0.2143,29.32
1789438653317,116.5323,16.6070,-0.2284,0.0636,0.1926,-0.2436,29.33
1789438653317,117.2015,16.5819,0.3864,0.0636,0.3452,-0.2130,29.32
1789438653319,115.6231,16.6692,0.1609,-0.1501,0.0400,0.3364,29.33
1789438653323,116.6211,16.6276,-0.2098,0.1857,-0.1737,0.0006,29.32
1789438653333,116.0625,16.6639,0.1783,0.5520,0.1621,0.2448,29.31
1789438653343,115.4375,16.7034,0.2352,-0.2112,0.0094,0.0922,29.32
1789438653420,118.3061,16.5683,-0.2238,0.0330,-0.1432,-0.0909,29.31
1789438653420,117.0047,16.6416,-0.1099,0.0330,0.0094,-0.1825,29.32
1789438653420,117.9819,16.6010,0.3433,-0.1806,0.1315,0.0006,29.33
1789438653420,116.9685,16.6600,0.1392,-0.1806,-0.0516,0.1227,29.31
1789438653420,116.9740,16.6680,-0.1152,0.0636,-0.1127,-0.0299,29.30
1789438653420,116.3074,16.7096,0.2960,0.4604,0.2842,-0.0909,29.32
1789438653420,116.6760,16.6995,0.1510,-0.2417,0.0400,0.2448,29.35
1789438653423,117.4847,16.6673,-0.1947,0.1551,-0.0211,0.1533,29.33
1789438653433,117.6667,16.6664,-0.0598,0.0941,0.1010,-0.0604,29.33
1789438653444,117.0959,16.7032,0.3397,-0.2722,0.3147,-0.1520,29.33
1789438653520,118.3386,16.6494,-0.1020,0.2162,-0.2653,0.0006,29.32
1789438653520,117.5429,16.6974,-0.0010,0.2162,-0.1127,0.0922,29.31
1789438653520,117.4289,16.7114,0.2706,-0.1196,0.2536,-0.3046,29.33
1789438653520,116.6702,16.7576,0.1183,-0.2417,-0.0516,0.3669,29.32
1789438653520,117.9049,16.7040,-0.2238,0.4299,0.1621,0.2448,29.34
1789438653520,117.3045,16.7422,0.1180,0.0330,-0.0516,-0.2130,29.34
1789438653521,118.4540,16.6930,0.1762,0.0025,0.3147,0.3669,29.32
1789438653525,118.2234,16.7127,-0.2228,0.1857,0.1621,0.0922,29.32
1789438653533,117.5707,16.7536,-0.1812,0.4299,0.2842,0.1533,29.32
1789438653544,118.5721,16.7118,0.3573,0.1857,0.7420,0.2754,29.33
1789438653618,118.9294,16.7021,0.2271,-0.1196,0.1926,0.4890,29.32
1789438653618,117.9434,16.7596,-0.1993,0.4604,0.1926,0.3975,29.31
1789438653618,117.5534,16.7873,0.3099,0.1551,0.1926,-0.2741,29.32
1789438653618,117.4968,16.7983,0.1741,0.0941,0.3147,0.5806,29.33
1789438653618,117.7294,16.7949,-0.2138,0.4299,0.1315,0.4585,29.33
1789438653618,117.9969,16.7898,-0.0572,0.3993,0.2842,0.0617,29.33
1789438653620,118.9142,16.7521,0.2895,0.1857,0.4673,0.4585,29.30
1789438653623,118.4583,16.7831,-0.1072,0.0941,-0.1432,0.1533,29.32
1789438653633,118.0184,16.8133,-0.1391,0.1551,0.0705,0.0617,29.32
1789438653644,118.2272,16.8110,0.3308,0.1857,0.2536,0.0312,29.31
1789438653718,116.7801,16.8916,0.1412,-0.0585,0.1010,0.4585,29.32
1789438653718,117.8546,16.8460,-0.1982,0.0941,-0.3263,0.0617,29.32
1789438653718,118.6365,16.8151,0.1538,0.4299,0.3147,0.1838,29.32
1789438653718,117.4618,16.8820,0.2999,-0.1196,0.3147,0.1838,29.33
1789438653718,118.8070,16.8229,-0.3000,0.1857,0.1010,-0.0299,29.30
1789438653718,118.2388,16.8595,-0.1712,0.0941,0.0705,-0.0909,29.33
1789438653719,118.9641,16.8314,0.3163,-0.2722,0.3147,-0.2436,29.32
1789438653723,119.1654,16.8295,0.1839,-0.1501,0.1621,0.1838,29.33
1789438653733,119.1457,16.8386,-0.2443,0.1246,-0.0516,-0.1825,29.33
1789438653743,118.2676,16.8907,0.2307,0.2162,0.4978,-0.1520,29.31
1789438653817,117.4259,16.9409,0.1565,-0.3943,-0.0516,0.2143,29.33
1789438653817,118.5424,16.8932,-0.1630,0.0941,-0.1737,0.2754,29.34
1789438653817,118.3126,16.9128,-0.0063,0.0941,0.0705,-0.1825,29.34
1789438653817,119.3446,16.8693,0.2128,-0.1806,0.2536,0.1533,29.32
1789438653817,119.4496,16.8722,-0.1950,0.1246,-0.2348,0.0922,29.31
1789438653817,118.9315,16.9063,-0.1671,0.2772,0.3147,0.0312,29.32
1789438653818,119.5951,16.8812,0.3238,-0.0585,0.2231,-0.1825,29.31
1789438653823,117.9718,16.9705,0.1687,-0.2722,0.2231,0.3669,29.31
1789438653833,119.1431,16.9200,-0.1810,0.4909,0.1010,0.3669,29.34
1789438653843,118.5888,16.9558,0.2899,0.1857,0.0400,-0.1520,29.34
1789438653920,117.7772,17.0045,0.1782,-0.1501,0.2536,0.3364,29.32
1789438653920,119.8979,16.9065,-0.2027,0.3993,0.1315,0.3364,29.32
1789438653920,119.5209,16.9334,-0.0482,0.5520,0.4368,0.2754,29.32
1789438653920,120.4686,16.8940,0.2727,0.1246,0.5284,0.3059,29.33
1789438653920,119.5930,16.9459,-0.0119,0.0941,-0.1127,0.0617,29.33
1789438653920,119.8986,16.9386,-0.1684,0.0941,0.1621,-0.1215,29.30
1789438653920,120.6159,16.9108,0.5521,0.3688,0.7115,-0.2436,29.32
1789438653924,119.0254,16.9983,0.1412,0.0330,0.2536,0.6722,29.34
1789438653933,119.9837,16.9584,-0.2142,0.1551,-0.1432,0.0922,29.33
1789438653943,119.6137,16.9850,0.1745,0.1551,0.1010,-0.1520,29.31
1789438653953,118.8659,17.0304,0.2901,-0.1806,0.2842,0.2448,29.32
1789438654020,119.5074,17.0063,-0.2520,0.0636,-0.2348,0.1227,29.30
1789438654020,120.2062,16.9794,-0.0926,-0.0280,0.1010,-0.1520,29.33
1789438654020,120.5135,16.9720,0.3709,-0.3027,0.3147,-0.0604,29.32
1789438654020,121.0674,16.9523,-0.0296,0.2162,0.0705,0.0922,29.32
1789438654020,120.3924,16.9940,-0.2291,-0.0280,0.1315,-0.0909,29.32
1789438654020,120.7705,16.9831,0.2492,-0.0280,0.2536,-0.3046,29.35
1789438654023,119.1449,17.0724,0.1466,-0.2417,-0.0211,0.3364,29.33
1789438654033,120.3989,17.0176,-0.1789,0.1551,-0.1432,0.0312,29.31
1789438654043,119.6001,17.0656,0.2125,0.5214,0.1926,0.1227,29.33
1789438654053,119.0202,17.1025,0.1809,-0.2417,-0.0211,0.3059,29.33
1789438654119,120.3601,17.0435,-0.2364,0.0330,-0.1737,0.0312,29.31
1789438654119,120.5296,17.0429,-0.1192,0.0636,0.1010,-0.2130,29.33
1789438654119,120.7810,17.0384,0.3398,-0.3333,0.1621,-0.1825,29.33
1789438654119,120.4641,17.0622,-0.0756,0.3383,0.3147,0.3669,29.33
1789438654119,120.4738,17.0697,-0.1465,0.1551,0.1315,-0.0909,29.31
1789438654119,121.2106,17.0408,0.4072,0.0636,0.3452,-0.3962,29.32
1789438654125,119.9614,17.1112,0.0717,-0.2722,-0.1432,0.2143,29.32
1789438654133,120.1861,17.1079,-0.1185,0.2162,-0.1432,0.0922,29.31
1789438654144,120.3434,17.1080,0.2328,0.3383,0.5589,0.0617,29.32
1789438654153,119.0910,17.1786,0.1854,-0.3333,0.0705,0.0617,29.31
1789438654220,120.2507,17.1286,-0.1610,0.2467,-0.0821,0.2448,29.32
1789438654220,120.6685,17.1157,-0.0537,0.3383,0.0705,0.0922,29.32
1789438654220,121.0988,17.1021,0.2434,-0.3333,0.1621,0.1533,29.33
1789438654220,121.0824,17.1109,-0.0909,-0.0585,0.0094,-0.1825,29.33
1789438654220,120.6252,17.1416,-0.2254,0.3078,0.1621,-0.0604,29.33
1789438654220,121.3759,17.1120,0.3124,0.0636,0.2536,-0.1825,29.33
1789438654223,119.7031,17.2037,0.1646,-0.0891,0.0400,0.4280,29.36
1789438654233,121.3588,17.1287,-0.1685,0.3078,0.0705,0.3059,29.32
1789438654244,120.5971,17.1747,0.2821,0.1857,0.5284,-0.1215,29.33
1789438654253,119.6579,17.2296,0.1646,-0.1806,0.1926,0.3364,29.32
1789438654319,120.7654,17.1822,-0.1657,0.4299,0.1926,0.3364,29.33
1789438654319,120.9987,17.1784,-0.0123,0.2467,0.1621,0.0617,29.33
1789438654319,121.7125,17.1506,0.2345,0.0941,0.2842,0.3059,29.32
1789438654319,121.9168,17.1483,-0.1082,0.1551,-0.2653,0.0617,29.33
1789438654319,121.1258,17.1957,-0.2019,0.3993,0.3452,0.0922,29.33
1789438654319,121.9716,17.1613,0.3803,0.2162,0.4063,0.0617,29.31
1789438654325,122.1583,17.1599,0.1918,0.0025,0.1315,0.5806,29.32
1789438654333,121.6187,17.1946,-0.1565,0.3993,0.3147,0.4280,29.32
1789438654344,121.6187,17.2025,0.3391,0.1246,-0.0821,-0.2130,29.35
1789438654353,120.5106,17.2657,0.1353,-0.0280,0.3147,0.5806,29.32
1789438654419,122.4909,17.1744,-0.3065,0.2162,0.1621,0.1533,29.32
1789438654419,121.7070,17.2214,0.0979,0.5520,0.3452,0.0617,29.35
1789438654419,122.7657,17.1762,0.2812,-0.0891,0.3452,0.3364,29.33
1789438654419,121.9893,17.2229,-0.1960,0.2162,0.1926,0.3059,29.32
1789438654419,122.2303,17.2186,-0.1688,0.1246,0.1621,-0.3046,29.34
1789438654419,122.9321,17.1914,0.4146,-0.1196,0.1621,-0.0604,29.33
1789438654423,122.7118,17.2102,0.1179,0.0025,0.1010,0.0922,29.33
1789438654433,122.4524,17.2309,-0.1341,0.0636,-0.0516,0.0006,29.32
1789438654444,121.9898,17.2618,0.3212,-1.0964,0.1315,-0.3962,29.32
1789438654515,121.1511,17.3116,0.1504,-0.3943,-0.0211,0.3669,29.31
1789438654515,121.7724,17.2883,-0.0608,0.0636,-0.2042,0.1227,29.34
1789438654515,122.1208,17.2786,0.2388,0.5214,0.1315,0.1227,29.33
1789438654515,121.1627,17.3343,0.2190,-0.3027,0.0400,0.3059,29.33
1789438654515,122.6143,17.2695,-0.1831,0.0330,-0.2042,0.0312,29.30
1789438654515,122.7859,17.2686,-0.0856,-0.0280,0.1315,0.0006,29.32
1789438654516,123.1094,17.2602,0.2013,-0.3333,0.1010,0.0617,29.31
1789438654523,122.9198,17.2775,-0.1300,0.0636,-0.1737,-0.1520,29.31
1789438654533,122.3105,17.3157,-0.1685,0.1551,0.0094,-0.1215,29.32
1789438654543,123.3194,17.2730,0.4114,0.1857,0.6505,0.0617,29.32
1789438654615,123.7180,17.2609,0.2731,-0.3638,-0.0211,0.2448,29.33
1789438654615,122.7877,17.3151,-0.2121,0.0941,-0.2348,0.0617,29.33
1789438654615,122.1854,17.3529,0.3463,0.0330,0.1621,-0.2436,29.32
1789438654615,121.9973,17.3701,0.1289,-0.2112,-0.1737,0.3364,29.33
1789438654615,122.3628,17.3595,-0.1211,0.0941,-0.2348,0.1838,29.32
1789438654615,121.8810,17.3914,0.1807,0.4909,0.3757,0.1533,29.34
1789438654616,122.2436,17.3810,0.2318,-0.1501,0.0094,0.1227,29.33
1789438654623,123.0411,17.3488,-0.1926,0.0330,-0.2348,0.0922,29.33
1789438654634,122.6634,17.3754,-0.1228,0.0025,0.0705,-0.2436,29.34
1789438654643,122.7743,17.3777,0.3107,-0.3638,0.2536,0.0312,29.32
1789438654653,123.5012,17.3491,-0.1015,0.1857,0.2536,0.1533,29.32
1789438654720,122.9100,17.3864,-0.1192,0.1857,0.0705,-0.0299,29.32
1789438654720,123.3441,17.3723,0.2807,-0.1196,0.2536,-0.2741,29.32
1789438654720,123.3312,17.3808,0.1569,-0.3638,0.0094,0.1227,29.31
1789438654720,123.3594,17.3870,-0.1431,0.0330,-0.1127,-0.0299,29.32
1789438654720,122.1993,17.4528,0.2883,0.3078,0.4063,-0.0909,29.33
1789438654720,121.9144,17.4747,0.1195,-0.3638,-0.0516,0.3364,29.33
1789438654724,123.6385,17.3961,-0.1829,0.2162,-0.1127,0.0312,29.32
1789438654733,122.8371,17.4439,0.1124,0.0941,-0.0821,-0.2130,29.35
1789438654744,121.8615,17.5004,0.1856,-0.1806,0.1010,0.2448,29.32
1789438654753,123.8930,17.4065,-0.1554,0.1246,0.0094,0.1533,29.39
1789438654819,123.0989,17.4539,-0.1137,0.2162,0.2231,-0.1825,29.33
1789438654819,123.9814,17.4175,0.2786,-0.0280,0.1926,0.2754,29.31
1789438654819,124.1202,17.4182,0.0258,-0.0280,-0.0516,-0.1215,29.32
1789438654819,123.4356,17.4601,-0.2276,0.4909,0.4978,0.2448,29.33
1789438654819,124.2885,17.4251,0.3630,0.1857,0.3452,0.0006,29.32
1789438654819,124.3067,17.4318,0.2019,-0.1806,0.3757,0.4585,29.33
1789438654823,123.6907,17.4703,-0.1344,0.4909,0.2231,0.4585,29.32
1789438654833,122.9908,17.5129,0.3742,0.4604,0.4978,0.0617,29.33
1789438654844,122.2460,17.5578,0.1160,-0.2722,0.1621,0.4585,29.31
1789438654920,124.4758,17.4539,-0.1959,0.4909,0.1621,0.5196,29.33
1789438654920,123.7724,17.4966,0.1235,0.1857,0.0094,-0.1520,29.32
1789438654920,123.3245,17.5266,0.2082,0.0330,0.3452,0.4585,29.33
1789438654920,124.0597,17.4975,-0.2469,0.4909,0.1315,0.3059,29.29
1789438654920,124.5547,17.4803,-0.0853,0.4604,0.5284,0.0922,29.33
1789438654920,125.1694,17.4571,0.3156,0.1551,0.4978,0.3975,29.31
1789438654921,124.8345,17.4815,-0.1108,0.1857,-0.0821,0.2143,29.32
1789438654925,124.5934,17.5010,-0.2100,0.1246,0.1621,-0.1825,29.33
1789438654933,124.1566,17.5305,0.4253,0.1857,0.6199,0.0617,29.32
1789438654943,125.3757,17.4771,0.1753,-0.0891,-0.0211,0.2143,29.32
1789438655048,124.3483,17.5360,-0.1499,0.1857,0.1315,0.1838,29.32
1789438655048,124.1701,17.5525,0.4009,0.3688,0.5894,-0.2130,29.34
1789438655048,123.4568,17.5958,0.1756,-0.1196,0.3757,0.4890,29.33
1789438655048,124.9547,17.5284,-0.2268,0.0330,-0.1432,0.1533,29.34
1789438655048,123.9390,17.5867,0.1835,0.1551,-0.1737,-0.1215,29.33
1789438655048,123.4308,17.6197,0.2018,-0.0585,0.4063,0.3975,29.32
1789438655048,124.8229,17.5576,-0.2401,0.0636,-0.1127,0.0617,29.30
1789438655048,123.9297,17.6098,0.0672,0.4909,0.2842,0.0312,29.31
1789438655048,125.5499,17.5363,0.2789,-0.2417,0.2231,0.0617,29.33
1789438655048,125.9016,17.5263,-0.2241,-0.1196,-0.1737,-0.1825,29.34
1789438655053,124.9844,17.5796,-0.1923,0.1551,-0.0211,-0.1825,29.33
1789438655120,125.2808,17.5723,0.3901,-0.3027,0.2536,-0.1520,29.32
1789438655120,124.9561,17.5961,-0.0304,0.3078,0.0094,0.2143,29.32
1789438655120,124.7732,17.6128,-0.1440,0.0636,0.0400,-0.1520,29.33
1789438655120,125.6585,17.5761,0.4670,-0.1196,0.2536,-0.4572,29.32
1789438655120,125.3026,17.6013,0.1154,-0.2417,0.0705,0.1533,29.31
1789438655120,124.5730,17.6453,-0.1481,0.0636,-0.0821,0.0006,29.32
1789438655125,124.7770,17.6426,0.2360,-0.0280,0.2842,-0.2436,29.33
1789438655133,123.3812,17.7200,0.1629,-0.2112,-0.1127,0.3059,29.33
1789438655144,124.7621,17.6584,-0.0750,0.1857,-0.2958,0.0617,29.30
1789438655153,125.2908,17.6395,0.1967,0.5214,0.3452,0.2143,29.30
1789438655219,124.2442,17.6993,0.2063,-0.2722,0.0094,0.1227,29.31
1789438655219,125.4643,17.6458,-0.2004,0.0636,-0.1432,0.0312,29.31
1789438655219,124.8393,17.6845,-0.0032,0.0941,0.2231,-0.0909,29.29
1789438655219,125.7009,17.6489,0.2639,-0.2417,0.0400,0.1533,29.31
1789438655219,125.7701,17.6530,-0.2249,0.1246,-0.2042,0.0312,29.32
1789438655219,125.0094,17.6985,-0.1642,0.2162,0.1315,-0.2130,29.32
1789438655223,125.7211,17.6704,0.3215,-0.2417,0.2231,-0.0604,29.33
1789438655233,126.0188,17.6630,0.0182,0.2162,0.1010,0.2143,29.32
1789438655244,125.2741,17.7077,-0.1399,0.3078,0.2842,-0.0299,29.32
1789438655254,126.0794,17.6749,0.3909,-0.0280,0.1621,-0.1825,29.30
1789438655320,126.4309,17.6648,0.3044,-0.4554,0.2536,0.5806,29.31
1789438655320,126.1562,17.6859,-0.1576,0.2772,0.1010,0.1533,29.32
1789438655320,124.9634,17.7530,0.3676,0.4299,0.7115,0.0617,29.34
1789438655320,124.6327,17.7770,0.1255,-0.2722,0.0705,0.2143,29.33
1789438655320,125.8728,17.7224,-0.1838,0.4909,0.1315,0.2448,29.32
1789438655320,125.0582,17.7706,0.2571,0.1551,-0.2653,-0.3657,29.33
1789438655323,124.3658,17.8126,0.1612,-0.3027,0.0705,0.2754,29.31
1789438655333,126.5191,17.7123,-0.1952,0.3688,0.0400,0.3364,29.30
1789438655343,126.0696,17.7422,0.0618,0.2467,0.1010,0.0312,29.31
1789438655353,127.0086,17.7026,0.2355,0.0941,0.3147,0.3669,29.35
1789438655420,126.1345,17.7537,-0.1161,0.3383,0.1926,0.3669,29.37
1789438655420,126.5694,17.7393,-0.1295,0.5520,0.5284,0.1838,29.33
1789438655420,127.3398,17.7081,0.3206,-0.0585,0.4673,0.2448,29.33
1789438655420,127.0752,17.7287,-0.0986,0.1551,-0.0821,-0.0299,29.32
1789438655420,126.6685,17.7564,-0.2170,0.2467,0.4063,0.0922,29.33
1789438655420,126.4090,17.7767,0.4402,0.3078,0.5894,0.2448,29.33
1789438655425,127.5127,17.7289,0.1516,-0.1196,0.0094,0.1227,29.33
1789438655433,126.6337,17.7802,-0.1255,0.4604,0.2231,0.3669,29.32
1789438655444,127.2012,17.7592,0.4308,0.3078,0.8031,0.1227,29.31
1789438655453,125.4409,17.8545,0.1949,-0.1196,0.3452,0.4585,29.32
1789438655519,127.1203,17.7778,-0.1751,0.4909,0.2231,0.4280,29.31
1789438655519,125.9235,17.8450,0.3455,0.2467,0.1926,-0.1825,29.32
1789438655519,125.5289,17.8721,0.1211,-0.0891,0.3147,0.4585,29.31
1789438655519,126.8269,17.8145,-0.1924,0.2162,-0.0516,0.1533,29.30
1789438655519,126.2195,17.8522,0.2038,0.2772,0.0400,-0.1215,29.32
1789438655519,125.4395,17.8985,0.1911,0.0330,0.4063,0.5806,29.32
1789438655523,127.0529,17.8251,-0.3000,0.0636,-0.1127,0.0922,29.33
1789438655533,126.3293,17.8686,0.0526,0.4604,0.4368,0.1838,29.33
1789438655544,126.2358,17.8806,0.2924,-0.0585,0.4063,0.1838,29.31
1789438655554,127.0440,17.8476,-0.2211,-0.1806,-0.0211,-0.1520,29.24
1789438655620,126.8724,17.8634,-0.0859,0.2772,0.0705,-0.0299,29.31
1789438655620,127.7781,17.8255,0.3655,-0.1196,0.4978,0.0922,29.32
1789438655620,127.4069,17.8514,-0.1975,0.5520,0.1926,0.3364,29.33
1789438655620,126.6600,17.8960,-0.1561,0.1246,-0.0211,-0.1215,29.33
1789438655620,127.0269,17.8850,0.4287,-0.0585,0.7115,0.0312,29.32
1789438655620,127.7402,17.8567,0.1392,-0.0891,-0.0516,-0.0299,29.32
1789438655625,127.2882,17.8866,-0.1139,0.1246,-0.0211,-0.0299,29.33
1789438655633,127.5015,17.8832,0.3591,-0.2112,0.3757,-0.1825,29.33
1789438655644,127.3838,17.8964,0.1776,-0.3333,-0.0211,0.2448,29.33
1789438655654,127.5514,17.8952,-0.2381,0.0025,0.1315,-0.1825,29.32
1789438655719,126.0561,17.9774,0.3874,0.0636,0.2536,-0.2741,29.32
1789438655719,126.1789,17.9785,0.1610,-0.2112,0.0400,0.5196,29.33
1789438655719,127.7929,17.9051,-0.2120,0.0330,-0.0821,0.0006,29.32
1789438655719,127.7929,17.9123,0.2392,0.1551,0.2842,-0.0604,29.34
1789438655719,126.4433,17.9870,0.1948,-0.1806,0.2231,0.3669,29.32
1789438655719,127.4692,17.9429,-0.1256,-0.0891,-0.2348,0.0617,29.31
1789438655723,127.0607,17.9706,0.1620,0.6130,0.2536,0.1533,29.33
1789438655733,125.9750,18.0321,0.2529,-0.2417,0.1926,0.1838,29.33
1789438655744,128.1012,17.9331,-0.2494,0.1551,-0.2042,0.0006,29.32
1789438655819,127.6425,17.9632,-0.0140,-0.3943,-0.0211,-0.6099,29.32
1789438655819,128.3195,17.9366,0.2826,-0.3333,0.1926,0.0617,29.32
1789438655819,128.3790,17.9409,-0.2674,0.0941,-0.0821,0.0922,29.32
1789438655819,126.9854,18.0178,-0.0664,0.1551,-0.0821,-0.3351,29.31
1789438655819,128.8066,17.9340,0.3589,-0.4248,0.1621,0.0922,29.35
1789438655819,129.2021,17.9214,-0.1001,0.3383,0.2536,0.0922,29.31
1789438655820,128.2884,17.9743,-0.1322,0.1246,-0.0516,-0.0909,29.32
1789438655824,129.1727,17.9372,0.3876,-0.2112,0.1926,-0.1215,29.34
1789438655833,128.1728,17.9944,0.2019,0.1551,0.4673,0.5196,29.34
1789438655843,128.7324,17.9736,-0.1058,0.0941,0.0094,0.0312,29.33
1789438655854,129.3486,17.9500,0.5636,0.0330,0.4673,-0.5183,29.31
1789438655920,129.1790,17.9656,0.2315,-0.3638,0.0705,0.3364,29.33
1789438655920,128.8892,17.9872,-0.0824,0.0941,-0.1127,0.0312,29.32
1789438655920,128.2718,18.0252,0.3277,-0.0280,0.2231,-0.2436,29.31
1789438655920,127.3701,18.0775,0.1989,-0.3943,0.0400,0.2754,29.31
1789438655920,128.1250,18.0469,-0.0559,0.2162,-0.1127,0.1838,29.32
1789438655920,128.3180,18.0444,0.2916,0.2162,0.2842,0.0006,29.32
1789438655923,127.4945,18.0927,0.1414,-0.3333,0.0400,0.1838,29.32
1789438655933,128.9851,18.0253,-0.1403,0.3078,-0.2348,0.1838,29.32
1789438655944,127.9605,18.0836,0.3016,0.5520,0.3757,0.0617,29.32
1789438656018,127.4769,18.1149,0.1867,-0.3027,-0.0211,0.2754,29.35
1789438656018,128.7746,18.0572,-0.1593,0.2772,-0.0211,0.3059,29.33
1789438656018,128.1282,18.0966,0.1645,0.2467,-0.0516,-0.1825,29.33
1789438656018,127.5128,18.1345,0.1754,-0.2112,0.2536,0.2754,29.33
1789438656018,129.0749,18.0635,-0.1724,0.3078,0.0400,0.1533,29.34
1789438656018,128.2848,18.1101,0.0104,0.1551,0.1315,-0.0909,29.33
1789438656019,129.2981,18.0666,0.2170,-0.1196,0.2842,0.2448,29.32
1789438656024,129.0510,18.0861,-0.2384,0.3383,0.3147,0.2754,29.34
1789438656033,128.8769,18.1019,-0.0688,0.3688,0.4368,0.0617,29.32
1789438656043,129.8150,18.0621,0.2610,-0.0585,0.1926,0.2754,29.32
1789438656053,129.3266,18.0937,-0.1624,0.0941,-0.1127,0.0617,29.32
1789438656119,128.7703,18.1286,-0.1666,0.4604,0.4368,0.0922,29.33
1789438656119,128.9660,18.1259,0.3486,-0.1196,0.6810,0.0617,29.34
1789438656119,129.6655,18.0981,-0.0154,-0.0585,-0.0821,-0.1520,29.33
1789438656119,129.2394,18.1265,-0.1786,0.1551,0.4063,-0.0299,29.33
1789438656119,129.4473,18.1232,0.3499,0.0636,0.4978,0.0006,29.32
1789438656119,129.3615,18.1346,-0.0081,0.0025,0.0094,0.0006,29.34
1789438656123,128.9062,18.1645,-0.3021,0.3993,0.4368,0.0006,29.32
1789438656133,129.6816,18.1328,0.4074,0.1857,0.4978,-0.1825,29.30
1789438656143,129.8040,18.1338,0.2134,0.0330,0.4673,0.6111,29.31
1789438656154,128.8667,18.1877,-0.2971,0.4909,0.4673,0.1533,29.32
1789438656220,129.7309,18.1516,0.3828,0.4909,0.5894,0.0922,29.30
1789438656220,127.8126,18.2546,0.2209,-0.1806,0.2231,0.7332,29.31
1789438656220,129.1859,18.1930,-0.1963,0.4909,0.1315,0.4585,29.31
1789438656220,128.7938,18.2197,0.3997,0.0636,0.4978,-0.3351,29.32
1789438656220,127.8759,18.2727,0.1774,-0.1806,0.3452,0.6111,29.33
1789438656220,130.0977,18.1686,-0.2745,0.2772,0.1621,0.1838,29.31
1789438656225,128.9396,18.2335,0.3205,0.1551,0.1315,-0.1825,29.33
1789438656233,128.5445,18.2603,0.1743,0.0330,0.4978,0.6111,29.32
1789438656243,129.8940,18.1998,-0.2744,0.1246,-0.1127,-0.0604,29.35
1789438656319,129.0590,18.2486,0.2518,0.2772,-0.1127,-0.2741,29.32
1789438656319,128.2836,18.2944,0.2294,0.0025,0.4368,0.5196,29.33
1789438656319,130.6009,18.1855,-0.2333,0.0941,-0.0821,0.1533,29.33
1789438656319,129.8148,18.2318,0.1411,0.2467,0.1315,-0.0299,29.34
1789438656320,129.4052,18.2592,0.2072,0.0636,0.3757,0.4585,29.31
1789438656320,129.9761,18.2377,-0.1776,0.0636,-0.2348,0.1533,29.31
1789438656321,129.2107,18.2830,0.0503,0.5214,0.3452,0.1533,29.31
1789438656323,129.6231,18.2693,0.2527,0.1246,0.2231,0.3364,29.32
1789438656333,130.6071,18.2271,-0.2413,-0.0280,-0.0516,0.0922,29.33
1789438656343,130.6330,18.2327,-0.0233,0.1551,0.1621,-0.0299,29.31
1789438656353,130.4339,18.2497,0.3355,-0.0891,0.1315,0.1227,29.33
1789438656419,131.4521,18.2057,-0.2349,-0.0280,-0.0821,-0.1520,29.32
1789438656419,130.5716,18.2567,-0.0948,0.0330,0.0400,-0.1520,29.33
1789438656419,130.9639,18.2440,0.3267,-0.1501,0.1926,0.0617,29.33
1789438656419,131.6034,18.2190,-0.2174,0.0941,-0.1127,0.0006,29.33
1789438656419,130.9824,18.2569,-0.1336,0.1551,0.1315,-0.1825,29.33
1789438656419,131.3507,18.2454,0.3260,-0.4248,0.1621,0.0922,29.32
1789438656424,131.0588,18.2670,-0.1196,0.3688,0.0094,0.2143,29.32
1789438656433,130.4857,18.3026,-0.1423,0.2772,0.1010,-0.1825,29.33
1789438656443,131.5216,18.2577,0.3523,-0.2722,0.2231,-0.0299,29.30
1789438656518,131.8781,18.2469,-0.0562,0.0941,0.2536,0.0312,29.31
1789438656518,130.7471,18.3103,-0.1559,0.1551,0.3147,-0.0909,29.32
1789438656518,131.1346,18.2979,0.4286,-0.2112,0.2536,-0.2436,29.32
1789438656518,130.8966,18.3167,0.0158,0.3993,0.2231,0.5196,29.33
1789438656518,130.7668,18.3302,-0.1401,0.2467,0.1926,-0.0299,29.34
1789438656518,131.7868,18.2861,0.5477,-0.0585,0.2842,-0.2741,29.33
1789438656519,131.2811,18.3183,0.0916,0.1551,0.1621,0.4280,29.33
1789438656523,130.6835,18.3551,-0.0777,0.1551,-0.1127,0.0006,29.32
1789438656533,130.9995,18.3463,0.4159,-0.1806,0.2536,-0.1825,29.33
1789438656543,131.5199,18.3272,0.2730,-0.2112,0.0400,0.4585,29.32
1789438656619,130.9701,18.3616,-0.0805,0.3383,0.1315,0.2143,29.33
1789438656619,131.4090,18.3465,0.3353,0.0941,0.2536,-0.2741,29.33
1789438656619,131.3161,18.3581,0.1930,-0.3027,-0.1127,0.4280,29.33
1789438656619,131.3665,18.3624,-0.1897,0.2467,-0.0516,0.0006,29.33
1789438656619,129.8360,18.4459,0.3160,0.1551,0.4673,-0.2436,29.32
1789438656619,129.9349,18.4479,0.1744,-0.4859,0.1926,0.5196,29.32
1789438656620,131.6215,18.3704,-0.1853,0.3383,0.1315,0.1838,29.34
1789438656625,130.6673,18.4250,0.3246,0.2162,0.5284,-0.0909,29.32
1789438656633,129.6478,18.4830,0.1640,-0.4248,0.1315,0.4280,29.32
1789438656644,131.0738,18.4185,-0.1801,0.4909,0.0094,0.4280,29.33
1789438656716,130.6926,18.4445,0.3059,0.5214,0.4368,0.1227,29.32
1789438656716,129.7465,18.4986,0.1212,-0.3333,-0.0821,0.3669,29.32
1789438656716,132.0428,18.3907,-0.1148,0.3383,0.1926,0.4280,29.30
1789438656716,130.8665,18.4563,0.3453,0.5520,0.4978,0.0617,29.32
1789438656716,130.3069,18.4912,0.1638,-0.4248,-0.0211,0.3059,29.33
1789438656716,131.9054,18.4180,-0.2247,0.4299,0.1926,0.3975,29.33
1789438656718,130.8868,18.4759,0.3094,0.2467,-0.0516,-0.2130,29.32
1789438656723,130.0323,18.5254,0.1635,-0.3638,0.3757,0.3059,29.32
1789438656733,132.3115,18.4182,-0.1677,0.4299,0.2231,0.4280,29.32
1789438656743,131.7399,18.4536,0.2651,0.1246,-0.0821,-0.3046,29.33
1789438656816,131.2361,18.4856,0.2001,-0.2112,0.1621,0.3364,29.33
1789438656816,131.9485,18.4568,-0.1655,0.4909,0.0705,0.5196,29.32
1789438656816,131.1593,18.5030,0.2245,0.1857,-0.0211,-0.3351,29.34
1789438656816,131.4194,18.4968,0.1452,-0.1196,0.0705,0.2754,29.32
1789438656816,132.3876,18.4551,-0.1805,0.3688,0.0705,0.3669,29.30
1789438656816,131.9529,18.4837,0.1518,0.2162,-0.1737,-0.2130,29.32
1789438656817,131.1873,18.5287,0.2198,-0.0891,0.4063,0.3059,29.32
1789438656823,131.8239,18.5036,-0.1903,0.3078,0.1010,0.4890,29.33
1789438656833,132.0385,18.4997,0.1507,0.3383,0.0094,-0.0604,29.31
1789438656843,131.2800,18.5444,0.2098,-0.1501,0.3452,0.3364,29.33
1789438656916,132.9285,18.4687,-0.2641,0.5520,0.2842,0.4280,29.32
1789438656916,131.6740,18.5381,0.0851,0.1857,-0.0211,-0.1215,29.34
1789438656916,131.2817,18.5645,0.1902,-0.2417,0.1621,0.3669,29.32
1789438656916,132.5400,18.5083,-0.1995,0.3993,0.2536,0.6111,29.32
1789438656916,131.8605,18.5491,0.0888,0.3688,0.0094,0.0006,29.34
1789438656916,131.1714,18.5903,0.2162,-0.0891,0.2536,0.3669,29.33
1789438656918,132.8554,18.5128,-0.2878,0.3078,0.3147,0.2448,29.32
1789438656923,132.1205,18.5563,0.0595,0.4299,0.1621,0.1838,29.34
1789438656933,131.9534,18.5713,0.1785,-0.0891,0.3452,0.3364,29.31
1789438656943,132.3692,18.5573,-0.2705,0.3688,0.0705,0.4890,29.29
1789438657016,131.6978,18.5976,0.0181,0.4299,0.4978,0.1227,29.32
1789438657016,131.9954,18.5895,0.2594,0.1551,0.4063,0.3975,29.33
1789438657016,132.5117,18.5704,-0.2763,0.1246,0.0705,0.1533,29.35
1789438657016,132.6017,18.5727,0.0222,0.4909,0.3452,0.2448,29.33
1789438657016,132.7517,18.5719,0.2134,0.0330,0.4673,0.4890,29.33
1789438657016,130.9805,18.6673,-0.2198,0.2772,0.1926,0.2754,29.34
1789438657017,132.0676,18.6198,0.0065,0.3078,0.3757,0.2754,29.33
1789438657023,132.5950,18.6002,0.2441,-0.0585,0.4978,0.3975,29.33
1789438657033,132.9352,18.5900,-0.2354,0.1857,-0.1127,0.1838,29.29
1789438657043,132.7346,18.6068,-0.0332,0.3688,0.4368,0.1838,29.32
1789438657120,133.4351,18.5785,0.2857,0.1857,0.4368,0.4890,29.32
1789438657120,133.7438,18.5698,-0.2663,0.1246,0.2231,0.1533,29.33
1789438657120,132.6900,18.6292,-0.0386,0.4299,0.3757,0.0312,29.32
1789438657120,133.4414,18.5983,0.2663,0.1551,0.4368,0.4585,29.33
1789438657120,133.9013,18.5820,-0.2697,0.2162,0.2536,0.2448,29.32
1789438657120,133.1066,18.6284,-0.0479,0.3383,0.4063,0.0922,29.32
1789438657120,133.8878,18.5960,0.3027,0.2772,0.4978,0.5196,29.31
1789438657123,134.1874,18.5878,-0.2622,0.1246,-0.2042,0.1227,29.31
1789438657133,133.4869,18.6295,-0.0838,0.2467,0.2536,0.0617,29.33
1789438657143,134.2205,18.5994,0.3040,0.1857,0.4673,0.4585,29.33
1789438657216,134.2241,18.6059,-0.2820,0.2467,0.2842,0.1227,29.33
1789438657216,132.5398,18.6968,0.0184,0.4299,0.2536,-0.0299,29.33
1789438657216,134.5701,18.6019,0.2740,0.1551,0.4368,0.5196,29.33
1789438657216,134.9831,18.5879,-0.2257,0.4604,0.2842,0.3059,29.34
1789438657217,133.7873,18.6543,-0.0254,0.4299,0.4368,0.0922,29.33
1789438657217,134.8230,18.6091,0.2385,0.1551,0.4063,0.3364,29.32
1789438657218,133.9116,18.6613,-0.1635,0.3993,0.1621,0.4280,29.31
1789438657223,134.2543,18.6508,-0.0360,0.5520,0.5284,0.1838,29.33
1789438657233,135.2327,18.6085,0.2626,0.0941,0.2842,0.2754,29.33
1789438657243,134.8206,18.6357,-0.1840,0.4299,0.2842,0.3975,29.36
1789438657319,134.3557,18.6655,-0.0182,0.3688,0.3757,0.1838,29.33
1789438657319,134.0477,18.6875,0.2622,0.0941,0.2842,0.3364,29.31
1789438657319,135.2536,18.6338,-0.2753,0.4604,0.2536,0.3975,29.33
1789438657319,134.2741,18.6894,-0.0016,0.6741,0.3452,0.2754,29.32
1789438657319,134.9167,18.6637,0.2196,0.0330,0.1621,0.2754,29.33
1789438657319,134.5862,18.6869,-0.2377,0.3383,0.2536,0.3975,29.33
1789438657319,134.6087,18.6923,-0.0161,0.2772,0.1315,0.0922,29.34
1789438657323,135.1289,18.6728,0.2111,0.0941,0.2231,0.4280,29.32
1789438657333,134.3687,18.7174,-0.1945,0.3993,0.2536,0.5196,29.30
1789438657343,133.7348,18.7557,0.0319,0.3078,0.1315,0.1227,29.32
1789438657353,135.1755,18.6902,0.2182,-0.0280,0.3757,0.3364,29.33
1789438657421,134.4816,18.7315,-0.2106,0.4299,0.2231,0.3975,29.31
1789438657421,133.7673,18.7738,0.0095,0.3383,0.3452,0.0617,29.32
1789438657421,133.8109,18.7781,0.2265,0.0636,0.1926,0.3669,29.35
1789438657421,134.1985,18.7653,-0.1826,0.4909,0.0400,0.4585,29.34
1789438657421,133.5844,18.8026,0.0528,0.1246,-0.0211,-0.0909,29.31
1789438657421,133.7513,18.8008,0.1125,-0.3027,0.1621,0.1227,29.31
1789438657425,134.3130,18.7792,-0.2158,0.3688,0.0094,0.3669,29.33
1789438657433,134.2002,18.7915,0.0482,0.0636,-0.0211,-0.0909,29.32
1789438657443,132.6713,18.8745,0.2165,-0.1806,0.3757,0.2448,29.33
1789438657453,134.3207,18.7986,-0.2025,0.3688,0.2536,0.4280,29.36
1789438657525,134.5328,18.7945,0.0680,0.2162,-0.0821,-0.0909,29.33
1789438657525,133.3535,18.8600,0.1861,-0.2417,0.0705,0.4280,29.33
1789438657525,134.8966,18.7894,-0.1222,0.3688,0.1926,0.4280,29.32
1789438657525,133.3531,18.8732,0.0995,0.0941,-0.1432,-0.2436,29.33
1789438657525,133.3636,18.8792,0.1852,-0.3333,0.0094,0.1533,29.33
1789438657525,135.2339,18.7922,-0.1969,0.3383,0.1010,0.2754,29.34
1789438657525,134.2318,18.8489,0.1561,0.1551,-0.1737,-0.1825,29.33
1789438657534,133.1442,18.9098,0.1748,-0.3027,0.0400,0.2754,29.32
1789438657544,134.6245,18.8423,-0.1871,0.5520,0.0400,0.5501,29.32
1789438657616,134.1944,18.8704,0.1897,0.1551,0.0094,-0.1825,29.34
1789438657616,133.1992,18.9266,0.1574,-0.3943,0.0094,0.1838,29.32
1789438657616,135.6317,18.8115,-0.1853,0.4909,0.1010,0.4890,29.36
1789438657616,134.4103,18.8791,0.2204,0.1246,-0.0211,-0.3962,29.33
1789438657616,133.7305,18.9196,0.2012,-0.4248,0.0094,0.1533,29.32
1789438657616,135.3509,18.8450,-0.1748,0.3993,0.0705,0.3669,29.34
1789438657617,134.3797,18.9001,0.2867,0.2467,-0.0516,-0.1520,29.33
1789438657623,133.5890,18.9461,0.1871,-0.3943,0.1315,0.2448,29.33
1789438657633,136.0432,18.8298,-0.1078,0.4299,0.1315,0.3364,29.32
1789438657643,135.2409,18.8764,0.3244,0.4604,0.3452,0.0006,29.33
1789438657653,134.6606,18.9118,0.1685,-0.4248,-0.0211,0.3364,29.33
1789438657721,135.4355,18.8795,-0.0455,0.2162,-0.0821,0.2143,29.33
1789438657721,134.5433,18.9306,0.3907,0.6741,0.5284,0.0617,29.35
1789438657721,135.0430,18.9120,0.1484,-0.3638,-0.0211,0.1838,29.33
1789438657721,135.9566,18.8727,-0.0674,0.1246,-0.0211,0.1533,29.33
1789438657721,135.6737,18.8932,0.2680,0.1857,0.4063,-0.2436,29.32
1789438657721,134.5885,18.9540,0.1918,-0.4554,0.1010,0.3059,29.32
1789438657723,135.5502,18.9123,-0.0205,0.2772,-0.1737,0.1533,29.32
1789438657733,135.4986,18.9213,0.2998,0.2162,0.1621,-0.1520,29.33
1789438657744,134.8213,18.9615,0.1865,-0.4248,0.0400,0.0922,29.30
1789438657753,136.4026,18.8888,-0.1059,0.3688,-0.0211,0.2143,29.30
1789438657820,135.2167,18.9546,0.3552,0.0025,0.2231,-0.2436,29.33
1789438657820,136.5909,18.9897,0.2635,-0.5775,0.1315,0.5196,29.32
1789438657820,135.7702,18.9396,-0.1209,0.2162,0.0094,0.1227,29.32
1789438657820,136.9072,18.8893,0.3596,-0.0585,0.2842,-0.3962,29.35
1789438657820,137.4745,18.8673,0.3375,-0.5164,0.1621,0.5196,29.33
1789438657820,136.3233,18.9311,-0.1381,0.3383,0.1010,0.0312,29.32
1789438657825,136.7448,18.9165,0.4616,-0.0280,0.2231,-0.4267,29.33
1789438657833,136.5682,18.9317,0.2043,-0.1196,0.3147,0.3364,29.32
1789438657843,136.2352,18.9547,-0.1033,0.1551,0.1621,0.1533,29.33
1789438657853,137.3021,18.9078,0.5694,-0.1501,0.3757,-0.3657,29.33
1789438657919,136.8317,18.9377,0.0631,0.1857,0.1621,0.2754,29.33
1789438657919,136.0495,18.9831,-0.1265,0.2162,0.0400,0.0312,29.33
1789438657919,136.2839,18.9778,0.4183,-0.2417,0.3452,-0.0604,29.33
1789438657919,136.9510,18.9509,0.0842,0.2467,0.3452,0.2143,29.31
1789438657919,136.3694,18.9863,-0.1231,0.1551,0.0094,0.0006,29.33
1789438657919,136.5497,18.9837,0.3542,-0.2417,0.2536,0.1533,29.32
1789438657923,136.5425,18.9905,-0.0895,0.2162,0.2536,0.0617,29.32
1789438657933,136.0034,19.0238,-0.1853,0.1857,0.1010,-0.0299,29.34
1789438657943,136.9104,18.9848,0.4004,-0.3333,0.2536,0.0006,29.34
1789438658016,137.0440,18.9846,-0.1356,0.0330,-0.1127,0.0312,29.33
1789438658016,135.8942,19.0484,-0.0866,0.1857,0.1621,-0.1825,29.31
1789438658016,136.8902,19.0050,0.3125,-0.1501,0.1926,0.0617,29.32
1789438658016,137.2439,18.9937,-0.1700,0.0941,-0.2958,0.0006,29.32
1789438658016,136.4526,19.0396,-0.0544,0.0941,0.2231,-0.2130,29.32
1789438658016,137.2745,19.0048,0.2393,-0.3333,0.1926,0.0006,29.32
1789438658018,137.5796,18.9959,-0.1613,0.0330,0.0400,0.0617,29.33
1789438658023,136.8417,19.0392,-0.0603,-0.0585,-0.0211,-0.0604,29.32
1789438658033,137.5998,19.0076,0.2919,-0.2722,0.1315,0.1838,29.33
1789438658043,137.0902,19.0394,-0.1843,0.1551,-0.0821,0.1533,29.31
1789438658116,135.8024,19.1101,0.1193,0.0636,0.0400,-0.2130,29.33
1789438658116,135.2061,19.1462,0.2325,-0.2112,0.1315,0.0006,29.32
1789438658116,137.5459,19.0355,-0.1741,0.2162,-0.1737,0.1227,29.32
1789438658116,137.0108,19.0685,0.1774,0.2467,0.3452,-0.0909,29.31
1789438658116,136.3639,19.1071,0.2362,-0.3638,0.1926,0.2448,29.32
1789438658116,137.1122,19.0760,-0.0555,0.1246,-0.1737,0.1533,29.33
1789438658118,136.3595,19.1199,0.2451,0.4909,0.3147,0.0617,29.33
1789438658123,136.6164,19.1133,0.1938,-0.4859,0.0400,0.1838,29.32
1789438658133,137.5800,19.0713,-0.1189,0.1246,-0.3263,0.2448,29.32
1789438658143,137.2111,19.0960,0.2840,0.2772,0.2231,-0.2741,29.33
1789438658153,136.2815,19.1488,0.1738,-0.2722,0.0705,0.3364,29.33
1789438658221,136.9791,19.1202,0.0122,0.1246,-0.2348,0.1533,29.33
1789438658221,137.3407,19.1083,0.3294,0.0636,0.2231,-0.2130,29.34
1789438658221,136.3309,19.1651,0.1784,-0.4248,0.1010,0.2143,29.33
1789438658221,137.9752,19.0890,-0.1592,-0.0280,-0.1432,-0.0604,29.34
1789438658221,138.4182,19.1548,0.4229,0.0025,0.2536,-0.3046,29.32
1789438658221,138.1700,19.0918,0.2819,-0.6080,-0.0516,0.4280,29.31
1789438658225,137.4152,19.1357,-0.1194,0.0330,-0.0516,-0.0299,29.32
1789438658233,138.6914,19.0782,0.4764,0.0636,0.2231,-0.3046,29.33
1789438658243,139.1452,19.0617,0.3500,-0.3638,0.0705,0.3364,29.33
1789438658253,137.9853,19.1259,-0.2115,0.0330,0.0400,-0.1215,29.33
1789438658321,137.3279,19.1650,0.4803,-0.0891,0.1926,-0.3046,29.31
1789438658321,138.2352,19.1259,0.0552,0.2467,0.3147,0.1533,29.32
1789438658321,138.0240,19.1427,-0.0965,0.0330,-0.0211,-0.0299,29.31
1789438658322,139.0944,19.0954,0.4215,-0.3027,0.2536,-0.0604,29.33
1789438658322,138.4132,19.1356,-0.1183,0.4604,0.3147,0.3364,29.32
1789438658322,137.6315,19.1810,-0.1053,0.0025,0.1010,-0.1215,29.33
1789438658323,137.9718,19.1702,0.4008,-0.4859,0.4673,0.0617,29.33
1789438658333,138.5421,19.1479,-0.1723,0.0330,-0.0821,0.0006,29.33
1789438658343,138.0501,19.1787,-0.0964,0.0025,0.0705,-0.2130,29.33
1789438658416,138.2763,19.1736,0.2835,-0.3638,0.1315,0.0006,29.33
1789438658416,138.3648,19.1755,-0.1614,0.0330,-0.0516,0.0312,29.32
1789438658416,137.5693,19.2215,-0.0311,0.1246,0.0705,-0.0909,29.32
1789438658416,136.4309,19.2846,0.2462,-0.1806,-0.0516,0.2448,29.31
1789438658416,138.4239,19.1912,-0.1816,0.0025,-0.2042,0.1533,29.34
1789438658416,137.3794,19.2497,0.1371,0.5825,0.2536,0.1533,29.31
1789438658417,136.3523,19.3072,0.2102,0.0025,0.3757,0.5501,29.32
1789438658423,137.8129,19.2404,-0.1961,0.2162,-0.2042,0.2448,29.34
1789438658433,137.6403,19.2553,0.2161,0.5214,0.1010,0.0006,29.32
1789438658443,136.4375,19.3216,0.1896,0.0025,0.1010,0.6722,29.32
1789438658453,138.7889,19.2102,-0.1655,0.1551,-0.2348,0.0617,29.32
1789438658520,137.5364,19.2791,0.3044,0.2467,0.0094,-0.1825,29.33
1789438658520,136.9575,19.3142,0.1793,-0.2722,0.2231,0.3669,29.33
1789438658520,138.7490,19.2308,-0.1513,0.2162,-0.1127,0.0617,29.31
1789438658520,137.5242,19.2983,0.4275,0.1246,0.3757,-0.3962,29.33
1789438658520,136.8067,19.3403,0.3061,-0.6690,0.1315,0.6111,29.32
1789438658520,139.1948,19.2269,-0.1386,-0.0585,-0.1432,0.0312,29.32
1789438658523,139.8307,19.2013,0.4589,-0.0280,0.3452,-0.4267,29.32
1789438658533,138.9188,19.2531,0.2936,-0.3333,0.0400,0.4585,29.31
1789438658543,139.2755,19.2414,-0.0568,0.0941,-0.2348,-0.0604,29.32
1789438658619,140.2284,19.1998,0.6250,0.2772,0.5589,0.0617,29.32
1789438658619,139.9339,19.2206,0.1090,0.2772,0.1010,0.2448,29.33
1789438658619,139.4829,19.2492,-0.1317,0.0330,0.0705,-0.1520,29.32
1789438658619,139.1150,19.2737,0.4954,0.2162,0.7115,0.2448,29.33
1789438658619,140.2973,19.2207,-0.1752,0.4909,0.2536,0.1838,29.34
1789438658619,139.2572,19.2788,-0.0511,0.0025,0.0094,-0.1215,29.33
1789438658621,139.8542,19.2551,0.3372,-0.1501,0.3452,0.2448,29.33
1789438658625,140.4286,19.2324,-0.2409,0.1857,-0.1737,0.1227,29.32
1789438658633,139.5071,19.2845,-0.0267,0.1551,-0.0821,-0.0604,29.33
1789438658643,137.7569,19.2644,0.2575,-0.2417,0.1926,0.0312,29.32
1789438658719,139.3747,19.3034,-0.1338,0.0941,-0.1737,0.1533,29.32
1789438658719,138.4107,19.3577,0.1616,0.5214,0.2842,0.0312,29.33
1789438658719,137.6756,19.4005,0.2383,0.0025,0.4063,0.5196,29.32
1789438658719,139.5743,19.3116,-0.1942,0.0330,-0.2958,0.0617,29.33
1789438658719,138.7676,19.3580,0.2179,0.2467,-0.0516,-0.2741,29.32
1789438658719,138.5038,19.3773,0.1671,0.0636,0.3757,0.5501,29.31
1789438658720,138.9647,19.3603,-0.1171,0.1551,-0.2348,0.1533,29.31
1789438658723,138.3312,19.3981,0.3794,0.1246,0.1926,-0.4267,29.31
1789438658733,138.6530,19.3881,0.1440,0.0025,0.4063,0.5501,29.33
1789438658744,139.1506,19.3693,-0.1690,-0.0280,-0.1737,-0.0909,29.33
1789438658815,139.2922,19.3682,0.3214,0.3688,0.5894,0.1227,29.33
1789438658815,140.1357,19.3322,0.2899,-0.3943,0.2842,0.3975,29.32
1789438658815,139.5849,19.3658,-0.0572,0.0941,-0.2348,0.0006,29.33
1789438658815,139.8200,19.3601,0.4184,0.2772,0.6810,0.1227,29.35
1789438658815,139.8528,19.3645,0.2431,-0.1501,0.1010,0.0922,29.33
1789438658815,139.0361,19.4114,-0.1545,0.1246,-0.0821,-0.0604,29.32
1789438658817,140.1622,19.3612,0.4381,0.0941,0.6505,0.1838,29.30
1789438658823,140.3376,19.3585,-0.0691,0.3688,0.2536,0.2143,29.31
1789438658833,139.1601,19.4234,-0.1343,0.1551,0.1315,-0.1825,29.33
1789438658843,140.1274,19.3811,0.3484,0.1246,0.4978,0.4890,29.31
1789438658915,140.6743,19.3598,-0.2288,0.3078,-0.0821,0.2754,29.33
1789438658915,139.4427,19.4274,-0.0246,0.2467,0.3147,-0.0299,29.33
1789438658915,140.5480,19.3782,0.2368,0.2772,0.3147,0.5196,29.32
1789438658915,140.4781,19.3877,-0.2571,0.1857,-0.2958,0.2448,29.32
1789438658915,139.1169,19.4617,0.1005,0.2467,0.1621,-0.0299,29.36
1789438658915,138.6355,19.4918,0.1593,-0.0585,0.1621,0.5806,29.32
1789438658917,140.1957,19.4197,-0.1546,0.0941,-0.0211,0.0312,29.32
1789438658923,139.2413,19.4735,0.2885,0.1551,0.0094,-0.3657,29.33
1789438658933,138.3206,19.5256,0.2036,-0.1196,0.4063,0.5501,29.32
1789438658943,140.8306,19.4060,-0.1686,0.2467,-0.0821,0.2754,29.34
1789438658953,139.8522,19.4608,0.4106,0.3078,0.2536,-0.1825,29.33
1789438659022,139.4514,19.4868,0.2065,-0.3027,0.3452,0.4890,29.33
1789438659022,140.7125,19.4441,-0.0838,0.4299,0.1621,0.3975,29.31
1789438659022,141.9245,19.3751,0.5847,0.2162,0.5894,-0.5183,29.34
1789438659022,141.4554,19.4045,0.2176,0.0636,0.4673,0.6417,29.33
1789438659022,140.8744,19.4394,-0.1863,0.4909,0.4673,0.1838,29.31
1789438659022,140.7240,19.4528,0.4369,-0.1196,0.3147,-0.1215,29.33
1789438659027,141.8842,19.4007,-0.0260,-0.0891,-0.1127,-0.0604,29.32
1789438659033,140.7875,19.4615,-0.0591,0.4604,0.4368,0.1533,29.33
1789438659043,141.3759,19.4380,0.3052,-0.3027,0.3452,0.1227,29.33
1789438659125,141.9528,19.4151,-0.1839,0.1551,-0.1127,0.1533,29.32
1789438659125,141.0001,19.4686,-0.0659,0.2467,0.2231,0.0312,29.33
1789438659125,139.2998,19.5595,0.1970,-0.2417,0.0400,0.1533,29.32
1789438659125,140.8183,19.4895,-0.1450,0.3993,0.0400,0.4585,29.31
1789438659125,139.8392,19.5444,0.1731,0.1857,-0.0821,-0.2436,29.31
1789438659125,139.2032,19.5821,0.1850,-0.3027,0.1010,0.2448,29.33
1789438659125,141.2963,19.4833,-0.1650,0.3688,-0.0211,0.2754,29.32
1789438659125,140.3841,19.5348,0.3123,0.6435,0.4673,0.0922,29.32
1789438659133,140.0637,19.5568,0.1624,-0.3638,-0.0211,0.1838,29.30
1789438659143,140.4967,19.5411,-0.0650,0.2467,-0.0211,0.2143,29.31
1789438659215,139.8267,19.5805,0.4307,0.0636,0.4368,-0.4878,29.32
1789438659215,141.4206,19.5067,0.1517,-0.3027,-0.0211,0.3059,29.33
1789438659215,140.7740,19.5449,-0.0598,0.2467,-0.0211,0.0922,29.31
1789438659215,141.0793,19.5355,0.3938,-0.2112,0.3757,-0.3657,29.31
1789438659215,141.6902,19.5110,0.1983,0.1246,0.3757,0.3059,29.32
1789438659215,141.1033,19.5462,-0.1030,0.1857,0.1315,-0.0909,29.32
1789438659217,141.2969,19.5424,0.3813,-0.4248,0.2536,-0.0909,29.34
1789438659223,141.3560,19.5454,-0.1704,0.2772,-0.1127,0.1838,29.33
1789438659233,140.5575,19.5912,-0.1000,0.0025,0.0705,-0.1825,29.32
1789438659243,141.6553,19.5423,0.3188,-0.2722,0.0094,0.1533,29.32
1789438659256,141.5431,19.5538,-0.2116,0.0941,-0.0821,0.0006,29.32
1789438659333,140.3866,19.6175,0.0690,0.3078,-0.0211,0.0006,29.33
1789438659333,139.2784,19.6789,0.2778,0.0636,0.2842,0.4280,29.32
1789438659333,141.0573,19.5958,-0.1398,0.0025,-0.3263,0.0312,29.31
1789438659333,140.5177,19.6287,0.2401,0.4604,0.1621,0.0312,29.31
1789438659333,139.3714,19.6919,0.2067,0.0025,0.0705,0.4890,29.32
1789438659333,141.9798,19.5673,-0.1430,0.1551,-0.2348,0.0922,29.35
1789438659334,140.5877,19.6428,0.3766,0.0636,0.2231,-0.4878,29.33
1789438659335,140.0974,19.6732,0.1991,-0.1196,0.3147,0.7027,29.33
1789438659343,141.6902,19.5994,-0.1006,-0.0280,-0.2042,0.0617,29.32
1789438659353,142.6707,19.5563,0.6122,0.5214,0.7115,-0.3962,29.33
1789438659419,143.1385,19.5387,0.4033,-0.3943,0.0094,0.3364,29.33
1789438659419,141.9072,19.6060,-0.1699,-0.0585,0.0705,-0.2130,29.32
1789438659419,143.0131,19.5566,0.4171,0.1246,0.5894,0.1533,29.33
1789438659419,141.9218,19.6170,0.0867,0.3688,0.2231,0.3364,29.33
1789438659419,142.2063,19.6086,-0.0668,-0.0280,0.0094,-0.2130,29.33
1789438659419,143.4503,19.5522,0.3206,0.2467,0.4978,0.4280,29.31
1789438659423,142.4534,19.6078,-0.2205,0.0025,-0.0211,0.0922,29.28
1789438659433,141.9427,19.6391,0.0677,0.4299,0.2231,0.1227,29.32
1789438659443,140.8327,19.7005,0.2122,-0.0585,0.4063,0.4585,29.32
1789438659453,141.7714,19.6593,-0.1400,0.0636,-0.2958,0.1533,29.32
1789438659523,141.7209,19.6677,0.2650,0.0941,-0.2042,-0.3046,29.33
1789438659523,140.8181,19.7186,0.1884,-0.3027,0.3147,0.3975,29.33
1789438659523,142.7165,19.6295,-0.2271,0.3383,-0.0516,0.1838,29.33
1789438659523,142.7165,19.6351,0.3789,0.4604,0.5589,0.0617,29.32
1789438659523,143.5680,19.5982,0.2683,-0.1806,0.4673,0.7943,29.32
1789438659523,142.5004,19.6573,-0.2055,0.3078,0.3757,0.0922,29.32
1789438659523,143.3913,19.6185,0.4011,-0.0891,0.4673,-0.1215,29.32
1789438659533,143.8030,19.6037,0.0756,-0.0280,-0.1432,-0.1215,29.32
1789438659544,142.4030,19.6794,-0.1625,0.3993,0.4368,0.1227,29.32
1789438659619,142.8093,19.6649,0.3463,-0.2112,0.2842,0.2143,29.31
1789438659619,142.4562,19.6884,-0.1243,0.1857,-0.0821,0.1533,29.33
1789438659619,142.0363,19.7152,-0.0405,0.2467,0.1315,-0.0299,29.32
1789438659619,141.5881,19.7434,0.1773,-0.1806,0.0094,0.2143,29.32
1789438659619,142.0172,19.7277,-0.1815,0.3383,0.1010,0.3975,29.30
1789438659619,141.9022,19.7393,0.1714,0.1857,-0.1127,-0.2130,29.32
1789438659620,140.5099,19.8148,0.1786,-0.4554,-0.0516,0.1533,29.32
1789438659623,142.1281,19.7397,-0.0798,0.6435,0.0400,0.5501,29.35
1789438659633,142.2438,19.7396,0.2084,0.2467,0.3452,0.0922,29.33
1789438659643,140.9933,19.8079,0.1980,-0.5164,0.0094,0.2754,29.33
1789438659653,142.7680,19.7249,-0.1484,0.1551,0.2231,0.0312,29.33
1789438659725,143.1814,19.7101,0.3785,-0.0585,0.3452,-0.4572,29.31
1789438659725,143.2940,19.7103,0.3687,-0.3333,0.2842,0.4585,29.32
1789438659725,141.9858,19.7813,-0.1982,0.1551,0.1010,0.0617,29.32
1789438659725,143.0896,19.7320,0.4286,-0.2417,0.2842,-0.1825,29.34
1789438659725,143.4001,19.7222,-0.0482,0.0025,-0.1127,-0.0604,29.33
1789438659725,142.5302,19.7715,-0.0724,0.1551,0.0094,-0.0909,29.31
1789438659725,143.4914,19.7292,0.2581,-0.2722,0.0400,0.1227,29.32
1789438659733,143.3464,19.7422,-0.1283,0.1246,-0.0516,0.1533,29.30
1789438659744,141.9817,19.8161,0.0674,0.1551,-0.1127,-0.0604,29.33
1789438659753,141.4326,19.8493,0.2211,-0.3333,0.0094,0.3364,29.32
1789438659821,143.2164,19.7658,-0.1318,0.2162,-0.1432,0.3059,29.32
1789438659821,141.9153,19.8367,0.2821,0.3688,0.3757,-0.0299,29.32
1789438659821,141.1768,19.8794,0.2857,-0.6080,0.0705,0.3975,29.32
1789438659821,143.7199,19.7578,-0.0978,0.0330,-0.2042,0.0617,29.33
1789438659821,144.4085,19.7290,0.4256,-0.0891,0.3452,-0.3351,29.33
1789438659821,143.3513,19.7875,0.2887,-0.5775,0.1010,0.3364,29.33
1789438659824,143.6770,19.7769,-0.0666,0.0025,-0.1127,-0.0604,29.32
1789438659833,144.7425,19.7293,0.5619,0.0330,0.3452,-0.1215,29.31
1789438659843,144.4538,19.7493,-0.0499,0.4909,0.2536,0.2754,29.32
1789438659920,143.9819,19.7785,-0.0769,-0.0280,0.0400,-0.0604,29.32
1789438659920,143.5975,19.8034,0.4013,0.0636,0.2231,0.2754,29.33
1789438659920,143.2098,19.8284,-0.2156,-0.0280,-0.1432,-0.0909,29.33
1789438659920,143.1891,19.8351,0.1589,0.5520,0.2842,0.1227,29.32
1789438659920,142.2869,19.8858,0.2089,-0.1196,0.4063,0.5806,29.32
1789438659920,144.2394,19.7938,-0.2428,0.1857,-0.2042,0.0006,29.32
1789438659921,142.7509,19.8738,0.2853,0.1246,0.0094,-0.4267,29.33
1789438659923,142.2773,19.9031,0.1640,-0.1501,0.3757,0.6722,29.33
1789438659933,143.9631,19.8244,-0.1615,0.0330,-0.0516,0.0312,29.34
1789438659943,145.0577,19.7753,0.4914,0.4299,0.7420,-0.0909,29.30
1789438659953,145.3835,19.7646,0.3378,-0.3943,0.0400,0.2754,29.33
1789438660020,144.1786,19.8304,-0.1700,0.0025,0.0705,-0.1520,29.32
1789438660020,144.5830,19.8158,0.3781,-0.0585,0.4978,-0.0909,29.32
1789438660020,144.2340,19.8389,-0.1289,0.3688,0.0705,0.3364,29.32
1789438660020,143.8395,19.8642,-0.0729,0.6130,0.4368,0.2143,29.32
1789438660020,145.0709,19.8082,0.2153,-0.0891,0.2842,0.2754,29.33
1789438660020,143.5358,19.8906,-0.2535,0.4299,0.2842,0.4585,29.33
1789438660023,143.4221,19.9019,0.1702,0.2467,0.0094,-0.1825,29.33
1789438660033,141.9072,19.9833,0.1868,-0.3638,0.0400,0.3364,29.33
1789438660043,143.4124,19.9136,-0.0213,0.3383,-0.0516,0.4585,29.32
1789438660053,143.6183,19.9090,0.2542,0.2467,0.5589,-0.0299,29.32
1789438660120,142.3978,19.9757,0.1926,-0.3943,-0.0821,0.4585,29.33
1789438660120,143.4729,19.9275,-0.2196,0.3078,0.4063,0.0312,29.33
1789438660120,144.5809,19.8777,0.4942,-0.0280,0.2536,-0.4572,29.31
1789438660120,144.6513,19.8798,0.2384,0.2467,0.4063,0.5501,29.32
1789438660120,143.5880,19.9386,-0.1646,0.1551,0.2231,0.0312,29.32
1789438660120,144.5617,19.8955,0.3699,-0.3027,0.1621,0.1227,29.31
1789438660125,144.8379,19.8873,-0.1321,0.0025,-0.1432,0.0922,29.33
1789438660133,143.8856,19.9405,-0.0166,0.1246,0.0094,-0.1825,29.32
1789438660144,142.1856,20.0311,0.2102,-0.2112,0.1010,0.1533,29.32
1789438660153,144.9857,19.8967,-0.0848,0.2467,-0.2653,0.3364,29.33
1789438660220,143.3244,19.9853,0.2661,0.6435,0.4673,0.1838,29.33
1789438660220,142.7520,20.0195,0.1873,-0.3027,0.0094,0.3669,29.33
1789438660220,144.6319,19.9311,-0.1359,0.1246,-0.2348,0.0006,29.32
1789438660220,143.5114,19.9927,0.4556,0.1246,0.3452,-0.4267,29.33
1789438660220,145.8560,19.8810,0.4222,-0.5775,-0.0211,0.4890,29.33
1789438660220,144.7199,19.9433,-0.0399,0.0941,-0.0516,0.0312,29.31
1789438660223,145.6774,19.9010,0.4943,0.1857,0.6199,0.2754,29.31
1789438660233,144.8977,19.9455,0.1403,0.3993,0.2842,0.2448,29.33
1789438660243,145.0712,19.9424,-0.0879,-0.0280,0.1010,-0.2436,29.33
1789438660318,146.2193,19.8905,0.2758,-0.3027,0.1926,-0.1215,29.33
1789438660318,145.0167,19.9561,-0.1613,0.0025,-0.2348,0.2143,29.31
1789438660318,144.6732,19.9788,0.1868,0.5214,0.2231,0.0922,29.34
1789438660318,143.5424,20.0409,0.2348,-0.0585,0.3452,0.6417,29.34
1789438660318,144.4610,20.0005,-0.0539,0.1246,-0.4484,0.2143,29.32
1789438660318,144.5493,20.0016,0.3668,0.0025,0.1926,-0.3046,29.33
1789438660320,143.5209,20.0586,0.2311,-0.2112,0.4673,0.6722,29.31
1789438660325,145.4071,19.9697,-0.1519,0.0330,0.0400,-0.1215,29.32
1789438660333,145.9421,19.9485,0.5052,0.3383,0.5589,0.0922,29.33
1789438660344,145.5328,19.9745,0.1815,-0.0891,-0.0211,-0.0909,29.33
1789438660354,144.5473,20.0293,-0.0906,0.1857,-0.1127,-0.0604,29.32
1789438660420,146.2170,19.9513,0.2865,0.0636,0.4063,0.4890,29.33
1789438660420,146.6434,19.9355,-0.1812,0.3383,0.2842,0.2754,29.33
1789438660420,144.3807,20.0540,0.0451,0.3383,0.1315,0.0617,29.32
1789438660420,144.2449,20.0663,0.1822,-0.2417,0.2231,0.4585,29.32
1789438660420,144.8556,20.0413,-0.1578,0.3688,-0.2348,0.4585,29.34
1789438660420,143.9303,20.0931,0.3706,0.3078,0.1010,-0.1825,29.34
1789438660423,144.4320,20.0735,0.1304,-0.1806,0.1926,0.4585,29.32
1789438660433,145.0642,20.0474,-0.0775,0.3688,0.1315,0.5501,29.32
1789438660443,145.4029,20.0360,0.3800,0.0330,0.4063,-0.2741,29.31
1789438660453,145.8597,20.0187,0.2594,0.0636,0.4368,0.5196,29.33
1789438660519,145.1988,20.0572,-0.0984,0.5520,0.3452,0.1838,29.32
1789438660519,145.4461,20.0503,0.2517,-0.4248,0.1621,-0.0299,29.31
1789438660519,145.4612,20.0551,-0.1368,0.1857,-0.1127,-0.0299,29.33
1789438660519,144.9593,20.0857,-0.0372,0.1246,0.1010,-0.0299,29.33
1789438660519,143.5676,20.1608,0.2067,-0.2112,0.1010,0.1838,29.32
1789438660519,145.8705,20.0511,-0.1507,0.1857,-0.0516,0.1227,29.33
1789438660525,144.5175,20.1243,0.2644,0.5214,0.1621,0.0617,29.32
1789438660533,143.5016,20.1806,0.1670,-0.4554,-0.1737,0.2143,29.33
1789438660543,145.2084,20.1007,-0.1084,0.0636,-0.2042,-0.0604,29.33
1789438660553,146.2593,20.0537,0.4934,0.1551,0.4063,-0.3962,29.32
1789438660619,146.4208,20.0512,0.4143,-0.5164,0.0094,0.5196,29.30
1789438660619,145.5792,20.0986,-0.1788,0.0025,-0.0211,-0.1215,29.31
1789438660619,146.6496,20.0506,0.4533,0.1246,0.5284,0.3364,29.34
1789438660619,146.6528,20.0559,-0.1606,0.4299,0.0400,0.2143,29.33
1789438660619,144.7132,20.1583,0.0532,0.2467,-0.1127,-0.3046,29.33
1789438660619,143.9912,20.1999,0.2618,0.1551,0.4978,0.6417,29.33
1789438660623,146.4319,20.0832,-0.1790,0.0025,-0.2042,0.1227,29.32
1789438660633,145.5863,20.1309,0.2482,0.3078,0.0400,-0.0909,29.31
1789438660643,145.0126,20.1650,0.1527,-0.0585,0.3757,0.6111,29.32
1789438660653,145.9535,20.1233,-0.0482,0.1551,-0.2653,-0.0299,29.35
1789438660719,144.8934,20.1818,0.3828,0.6130,0.8336,-0.3046,29.34
1789438660719,147.0351,20.0802,0.3256,-0.5164,0.1010,0.3059,29.34
1789438660719,146.4375,20.1154,-0.1405,0.0025,0.0705,-0.2741,29.33
1789438660719,146.5133,20.1170,0.4298,-0.0585,0.4673,0.0006,29.33
1789438660719,147.5424,20.0709,-0.2170,0.4909,0.2842,0.3059,29.33
1789438660719,146.6112,20.1228,0.0307,0.3993,0.2842,0.3059,29.33
1789438660725,144.9016,20.2136,0.2010,-0.3027,0.1926,0.3364,29.33
1789438660733,147.0137,20.1133,-0.2063,0.4299,0.0400,0.4280,29.33
1789438660743,145.6086,20.1889,0.3656,0.3688,0.3452,-0.2436,29.32
1789438660753,145.0352,20.2229,0.1587,-0.5469,0.0400,0.3059,29.32
1789438660819,146.5056,20.1547,-0.0779,0.3383,-0.0211,0.1533,29.33
1789438660819,147.5343,20.1087,0.4663,0.0025,0.2842,-0.3046,29.30
1789438660819,147.8920,20.0962,0.3350,-0.0280,0.4673,0.5196,29.32
1789438660819,146.6576,20.1632,-0.0876,0.2162,0.0094,0.0006,29.32
1789438660819,147.2137,20.1407,0.2969,-0.3638,0.1926,-0.0299,29.32
1789438660819,146.7105,20.1712,-0.1660,-0.0280,-0.1737,0.0006,29.33
1789438660823,145.1902,20.2526,0.0387,0.0941,-0.0211,-0.1825,29.33
1789438660833,145.6206,20.2365,0.2233,-0.3333,0.0400,0.2143,29.31
1789438660843,146.3003,20.2078,-0.0106,0.1551,-0.2653,0.3059,29.32
1789438660853,146.0891,20.2237,0.2483,0.2162,0.1315,-0.0909,29.33
1789438660921,144.4178,20.3127,0.1889,-0.4554,-0.0211,0.3669,29.32
1789438660921,146.4833,20.2147,-0.0858,0.1551,-0.2653,-0.0299,29.33
1789438660921,146.8045,20.2040,0.4011,0.2467,0.4978,0.0312,29.32
1789438660921,146.8195,20.2087,0.1703,0.0025,0.0705,0.0617,29.33
1789438660921,146.0881,20.2506,-0.1224,0.0636,0.0400,-0.1520,29.34
1789438660921,147.3333,20.1937,0.3411,0.0941,0.4978,0.4280,29.32
1789438660925,147.3107,20.2002,-0.1645,0.0941,-0.1432,0.0922,29.33
1789438660933,145.9925,20.2715,0.1276,0.5214,0.1926,0.1838,29.33
1789438660943,144.7170,20.3406,0.1507,0.0636,0.2536,0.6722,29.32
1789438661017,146.5907,20.2523,-0.1024,0.0941,-0.2958,0.1533,29.32
1789438661017,145.6862,20.3028,0.3990,0.5825,0.5894,0.0312,29.31
1789438661017,144.8153,20.3518,0.2573,-0.5775,0.2842,0.6722,29.32
1789438661017,147.0595,20.2448,-0.1883,0.4299,0.3452,0.1533,29.33
1789438661017,147.8371,20.2112,0.4364,-0.0891,0.3452,0.0006,29.32
1789438661017,147.8650,20.2152,0.0492,0.0025,-0.1127,0.0006,29.32
1789438661018,146.0923,20.3091,-0.0046,0.6435,0.3147,0.3059,29.32
1789438661023,148.2510,20.2064,0.2287,-0.2417,0.1010,0.1227,29.31
1789438661033,147.6168,20.2435,-0.1534,0.3993,0.1315,0.4280,29.31
1789438661043,146.8927,20.2849,0.2280,0.1551,-0.1737,-0.3046,29.32
1789438661053,146.3167,20.3189,0.1328,-0.4859,-0.0516,0.2754,29.32
1789438661121,147.4908,20.2655,0.0072,0.2467,-0.1737,0.3059,29.33
1789438661121,148.9385,20.3365,0.4690,0.1551,0.3757,-0.5793,29.34
1789438661121,148.4970,20.2256,0.2792,-0.2112,0.1926,0.5806,29.32
1789438661121,147.8623,20.2626,-0.1023,0.3383,0.3147,0.0922,29.33
1789438661121,147.7897,20.2715,0.4613,-0.3027,0.3452,-0.1825,29.34
1789438661121,148.7576,20.2283,-0.1461,0.0941,-0.2653,0.0006,29.31
1789438661126,147.1322,20.3149,0.0280,0.0636,0.0094,-0.0604,29.33
1789438661133,146.2847,20.3624,0.2752,-0.4554,0.1010,0.0922,29.33
1789438661143,148.2107,20.2714,-0.1646,0.1246,-0.1737,0.2143,29.33
1789438661153,146.6720,20.3536,0.2903,0.1551,0.2231,-0.3351,29.34
1789438661220,146.2846,20.3781,0.2077,-0.5469,0.0705,0.2754,29.32
1789438661220,147.3330,20.3309,-0.0439,-0.0280,-0.2653,-0.0909,29.31
1789438661220,148.8609,20.2598,0.5485,0.0330,0.6199,-0.2436,29.32
1789438661220,149.3485,20.2406,0.0004,0.4299,0.2842,0.3975,29.32
1789438661220,147.8324,20.3216,-0.0879,-0.0280,0.0400,-0.2130,29.33
1789438661220,148.5678,20.2901,0.2801,-0.1196,0.1010,0.0617,29.33
1789438661223,147.6222,20.3426,-0.1470,-0.0585,-0.2653,0.0922,29.32
1789438661233,146.5572,20.4011,0.1816,0.4909,0.3452,0.0922,29.35
1789438661243,146.7927,20.3945,0.1699,0.0330,0.2842,0.7027,29.32
1789438661316,147.6450,20.3571,-0.0874,0.0636,-0.2042,0.2143,29.33
1789438661316,147.2479,20.3822,0.3191,0.3078,0.6199,-0.0604,29.32
1789438661316,148.5112,20.3243,0.3294,-0.5164,0.1926,0.4280,29.31
1789438661316,147.7952,20.3654,-0.0550,0.0636,-0.0516,-0.1825,29.33
1789438661316,148.3433,20.3432,0.2964,-0.0280,0.3452,0.2754,29.32
1789438661316,148.1379,20.3587,-0.1434,0.5825,0.2536,0.2754,29.32
1789438661318,147.2839,20.4066,-0.0129,0.4299,0.4368,-0.0909,29.35
1789438661323,146.2744,20.4623,0.1577,-0.1196,0.1621,0.4280,29.32
1789438661333,148.5434,20.3541,-0.2132,0.3383,-0.0516,0.4280,29.30
1789438661343,147.0235,20.4354,0.3476,0.2772,0.2842,-0.0909,29.32
1789438661353,145.9366,20.4949,0.1812,-0.4859,0.0705,0.5501,29.32
1789438661420,147.7739,20.4083,-0.0735,0.4604,0.3147,0.3364,29.32
1789438661420,149.0172,20.3513,0.3970,-0.0585,0.2842,-0.3351,29.33
1789438661420,149.1092,20.3519,0.2050,-0.1196,0.0705,-0.1520,29.30
1789438661421,148.2722,20.3990,-0.1203,0.3688,0.3757,0.1533,29.31
1789438661421,149.2142,20.3570,0.2623,-0.2112,0.0400,0.2143,29.32
1789438661421,148.4684,20.3995,-0.1809,0.4909,0.1010,0.5501,29.33
1789438661423,147.2312,20.4666,0.3050,0.1857,-0.0821,-0.3962,29.34
1789438661433,146.5025,20.5082,0.2078,-0.5775,-0.0516,0.1838,29.34
1789438661443,148.9796,20.3894,-0.0588,0.3993,-0.0211,0.3059,29.33
1789438661454,149.8581,20.3507,0.4295,0.0025,0.4063,-0.3351,29.33
1789438661519,148.7489,20.4113,0.3925,-0.3333,0.1315,0.5501,29.35
1789438661519,148.9732,20.4052,-0.0702,0.1246,0.1010,-0.1520,29.31
1789438661519,150.1668,20.3507,0.3983,-0.2417,0.0705,0.0617,29.32
1789438661519,149.8019,20.3740,-0.1443,0.0330,-0.0821,-0.0909,29.31
1789438661519,148.4194,20.4482,0.1062,0.5214,0.2842,0.0312,29.33
1789438661519,147.4117,20.5037,0.2492,0.0636,0.4368,0.5806,29.32
1789438661524,148.3281,20.4630,-0.0365,0.0330,-0.3263,0.1533,29.33
1789438661533,148.4492,20.4621,0.4448,0.3688,0.4063,-0.1215,29.32
1789438661544,150.5763,20.3608,0.3080,-0.4859,0.4063,0.4280,29.33
1789438661616,149.2814,20.4305,-0.1795,0.1857,-0.1127,-0.1215,29.32
1789438661616,149.9044,20.4045,0.4182,-0.0585,0.6810,0.0617,29.33
1789438661616,149.6049,20.4246,-0.0688,0.2467,0.2842,0.2448,29.33
1789438661616,148.7628,20.4718,-0.0140,0.4604,0.3757,0.1838,29.33
1789438661616,147.2434,20.5529,0.1595,-0.0585,0.2231,0.3669,29.33
1789438661616,149.3510,20.4526,-0.2070,0.4909,0.1621,0.4585,29.34
1789438661617,148.2817,20.5111,0.3815,0.6130,0.4063,0.0617,29.32
1789438661623,148.0825,20.5262,0.1800,-0.3333,0.0400,0.2754,29.34
1789438661633,148.7604,20.4974,-0.1495,0.4909,0.3452,0.3364,29.30
1789438661643,150.2778,20.4267,0.5432,-0.1806,0.2536,-0.1825,29.32
1789438661721,149.6084,20.4653,-0.0395,0.0025,-0.1127,0.0617,29.32
1789438661721,148.9950,20.5010,-0.0758,0.3688,0.4063,0.0922,29.33
1789438661721,149.1097,20.5004,0.2308,-0.3027,0.0705,0.0312,29.32
1789438661721,148.5996,20.5311,-0.1045,0.3383,-0.1127,0.3669,29.32
1789438661721,148.9764,20.5173,0.2603,0.5520,0.4368,0.1838,29.33
1789438661721,147.4748,20.5975,0.1651,-0.5469,0.0094,0.2754,29.32
1789438661721,149.3132,20.5107,-0.0966,0.1246,-0.0821,-0.1215,29.31
1789438661726,149.7679,20.4931,0.5590,0.0941,0.2536,-0.3962,29.31
1789438661733,149.9267,20.4903,0.2838,0.0025,0.3452,0.2448,29.32
1789438661744,148.4344,20.5699,-0.1124,0.1857,0.0094,-0.1825,29.33
1789438661753,149.7133,20.5111,0.3232,0.0330,0.3452,0.3975,29.32
1789438661822,149.0328,20.5502,-0.1004,-0.0891,-0.1432,0.1227,29.32
1789438661822,148.3957,20.5872,0.1663,0.4909,0.1621,0.2448,29.34
1789438661822,147.2887,20.6477,0.2275,-0.0891,0.4978,0.6722,29.34
1789438661822,149.9244,20.5209,-0.1542,0.0025,-0.1127,0.0312,29.34
1789438661822,150.4600,20.4992,0.4167,0.3993,0.6505,-0.0299,29.33
1789438661823,150.3758,20.5085,0.2937,-0.3638,0.1621,0.1533,29.32
1789438661823,149.6033,20.5521,-0.0502,0.2162,-0.0821,0.0312,29.33
1789438661833,151.8147,20.4464,0.3259,-0.0585,0.4063,0.2754,29.32
1789438661843,151.8433,20.4500,-0.2759,0.4299,0.0400,0.3059,29.31
1789438661917,149.3810,20.5781,0.1429,0.3993,0.1315,0.0006,29.32
1789438661917,148.7865,20.6127,0.1732,-0.2722,0.1926,0.3059,29.32
1789438661917,150.0164,20.5563,-0.0815,0.4299,-0.1127,0.5196,29.32
1789438661917,148.3566,20.6443,0.4657,0.4604,0.6810,-0.2436,29.32
1789438661917,150.9496,20.5197,0.3239,-0.1501,0.4673,0.7332,29.33
1789438661917,150.4469,20.5498,-0.1389,0.3993,0.4063,0.1227,29.33
1789438661918,150.0405,20.5751,0.3778,-0.2417,0.1621,-0.0909,29.32
1789438661923,151.2023,20.5220,-0.1285,0.4909,0.2536,0.4585,29.30
1789438661933,149.6139,20.6064,0.0962,0.2467,-0.1127,-0.0604,29.33
1789438661943,148.7387,20.6552,0.2250,-0.3333,0.1315,0.2754,29.33
1789438662017,150.7287,20.5606,-0.1412,0.3078,0.0400,0.3364,29.36
1789438662017,149.1181,20.6462,0.3742,0.1246,0.3147,-0.3046,29.33
1789438662017,150.8506,20.5645,0.3537,-0.3027,0.2231,0.7943,29.32
1789438662017,149.7296,20.6255,-0.0907,0.3688,0.2842,0.0617,29.32
1789438662017,151.4701,20.5434,0.4306,-0.2722,0.3147,-0.0299,29.34
1789438662017,151.7772,20.5331,-0.1107,0.1551,-0.1432,0.0922,29.33
1789438662018,149.4706,20.6533,0.0355,0.0941,0.0400,-0.2436,29.33
1789438662023,149.2425,20.6698,0.2328,-0.3943,0.1926,0.1838,29.32
1789438662033,150.1466,20.6295,-0.0528,0.1246,-0.2653,0.0922,29.33
1789438662043,149.0573,20.6890,0.4503,0.1551,0.3147,-0.4572,29.32
1789438662053,150.9166,20.6010,0.2566,-0.3943,-0.0211,0.2754,29.31
1789438662121,150.1707,20.6432,-0.0689,0.0330,-0.0821,-0.0604,29.32
1789438662121,150.3526,20.6391,0.3894,0.1246,0.5894,0.3059,29.31
1789438662121,151.0545,20.6091,-0.0864,-0.6690,-0.2042,0.0922,29.30
1789438662121,150.0679,20.6634,0.0806,0.5214,0.1926,0.1838,29.30
1789438662121,148.6426,20.7396,0.2061,0.0941,0.3452,0.5806,29.32
1789438662121,150.4993,20.6518,-0.1768,0.1551,-0.2653,0.0006,29.34
1789438662125,148.7547,20.7441,0.4338,0.3688,0.5284,-0.0604,29.31
1789438662133,151.1858,20.6276,0.3293,-0.2722,0.3452,0.9469,29.32
1789438662144,149.7310,20.7053,-0.2439,0.4909,0.2231,0.1838,29.31
1789438662153,150.8470,20.6544,0.4058,-0.1196,0.4368,0.1227,29.31
1789438662220,151.1528,20.6442,-0.1288,0.4299,0.2536,0.3059,29.31
1789438662220,149.5676,20.7284,0.0274,0.2162,0.2536,-0.0299,29.33
1789438662220,148.4271,20.7904,0.1898,-0.2722,0.1315,0.2448,29.32
1789438662220,151.1959,20.6570,-0.1675,0.4909,0.0705,0.4585,29.33
1789438662220,149.4613,20.7486,0.3149,0.2772,0.3757,-0.1520,29.33
1789438662220,151.8067,20.6363,0.3310,-0.5164,0.1621,0.5806,29.33
1789438662223,149.6814,20.7475,-0.0576,0.2162,0.1621,0.2448,29.34
1789438662233,151.9463,20.6392,0.4492,-0.3027,0.2842,-0.0299,29.34
1789438662243,152.5052,20.6161,-0.1189,0.0636,0.0094,-0.0299,29.32
1789438662320,150.5233,20.7201,0.0851,0.0941,-0.0821,-0.2130,29.31
1789438662320,149.7303,20.7647,0.2277,-0.1806,0.0094,0.3364,29.33
1789438662320,151.1031,20.7010,0.0111,0.1551,-0.2653,0.2754,29.33
1789438662320,149.6026,20.7809,0.4901,0.2162,0.3147,-0.5183,29.34
1789438662320,152.2103,20.6554,0.3050,-0.4859,0.0094,0.3059,29.33
1789438662320,151.4470,20.6983,-0.1604,-0.0280,-0.0211,-0.1520,29.33
1789438662321,151.2748,20.7119,0.5250,-0.0585,0.6505,0.0922,29.32
1789438662326,152.4523,20.6579,-0.2124,0.1857,-0.1127,0.1838,29.31
1789438662333,150.9348,20.7387,0.1433,0.4909,0.3147,0.1227,29.33
1789438662343,149.8774,20.7964,0.2125,-0.0280,0.3452,0.6111,29.32
1789438662447,151.7826,20.7059,-0.1898,0.2467,-0.1432,0.1838,29.32
1789438662447,152.4352,20.6782,0.4390,0.3993,0.7420,-0.1825,29.32
1789438662447,152.1175,20.6989,0.3763,-0.4248,0.0094,0.2143,29.34
1789438662447,151.1185,20.7537,-0.1152,0.0941,0.1010,-0.1215,29.33
1789438662447,152.5557,20.6868,0.2983,0.0636,0.3452,0.2754,29.33
1789438662447,151.6836,20.7352,-0.2465,0.3078,0.2842,0.1533,29.31
1789438662447,150.6321,20.7926,0.1678,0.3383,-0.1737,-0.1520,29.32
1789438662447,150.4864,20.8048,0.2116,-0.3333,0.2842,0.2754,29.33
1789438662447,151.0586,20.7811,-0.0975,0.4909,0.1926,0.3364,29.34
1789438662447,152.8559,20.6961,0.5185,0.0025,0.6199,-0.5793,29.34
1789438662521,151.9037,20.7486,0.1210,0.3078,0.4063,0.4585,29.33
1789438662521,151.2322,20.7871,-0.0869,0.3993,0.3452,0.0617,29.32
1789438662521,151.4514,20.7810,0.3036,-0.2112,0.1010,0.0312,29.32
1789438662521,151.0952,20.8037,-0.1668,0.1857,-0.0211,0.2754,29.30
1789438662521,151.2123,20.8027,0.2324,0.3688,0.3757,0.0312,29.32
1789438662521,149.7714,20.8796,0.1949,-0.3027,-0.0516,0.4280,29.32
1789438662522,151.7601,20.7851,-0.1366,0.0636,-0.0821,0.0006,29.33
1789438662523,152.0452,20.7757,0.6514,0.0941,0.6199,-0.4267,29.35
1789438662533,152.2887,20.7684,0.2535,0.0330,0.1315,0.1533,29.33
1789438662543,150.9111,20.8421,-0.1187,0.0636,0.0705,-0.1825,29.33
1789438662553,152.1297,20.7861,0.3028,-0.0891,0.4063,0.2448,29.33
1789438662620,151.2731,20.8338,-0.1083,0.0941,-0.3263,0.1533,29.32
1789438662620,150.6936,20.8677,0.2569,0.2162,0.0094,-0.2130,29.32
1789438662620,149.4527,20.9346,0.2276,-0.2722,0.4063,0.7638,29.33
1789438662620,151.6438,20.8298,-0.1926,-0.0280,0.0705,-0.1215,29.35
1789438662620,152.8875,20.7725,0.5235,0.1551,0.6199,0.0312,29.32
1789438662620,152.8837,20.7775,0.0646,0.1551,-0.0211,0.0617,29.32
1789438662623,150.6401,20.8945,0.0369,0.4604,0.0705,0.0922,29.32
1789438662633,150.0712,20.9278,0.2081,-0.1806,0.0400,0.3364,29.32
1789438662643,152.6870,20.8018,-0.2017,0.4604,-0.1432,0.3364,29.33
1789438662719,151.6605,20.8578,0.3756,0.5520,0.5284,0.0006,29.33
1789438662719,150.9479,20.8983,0.2704,-0.4859,0.2842,0.6417,29.34
1789438662719,152.7743,20.8117,-0.0665,0.3993,0.1621,0.3364,29.31
1789438662719,153.9138,20.7595,0.4108,-0.2112,0.2842,-0.0604,29.33
1789438662719,153.3813,20.7909,-0.0989,0.1246,0.1621,0.0922,29.32
1789438662719,151.9432,20.8675,0.0280,0.1857,-0.0516,-0.0604,29.33
1789438662721,151.0422,20.9173,0.2343,-0.4248,0.1315,0.2754,29.31
1789438662723,151.6889,20.8898,0.0227,0.2772,-0.0516,0.3364,29.32
1789438662733,152.1571,20.8711,0.3847,-0.0280,0.2536,-0.3351,29.33
1789438662743,153.8813,20.7897,0.3404,-0.2722,0.2231,0.4890,29.36
1789438662819,152.9368,20.8415,-0.1355,0.0636,0.2231,-0.0604,29.33
1789438662819,153.4583,20.8202,0.3226,-0.3333,0.1315,0.0312,29.33
1789438662819,152.5394,20.8710,-0.1034,0.0025,-0.2348,0.0617,29.32
1789438662819,151.5601,20.9247,0.2320,0.4909,0.2842,0.0617,29.32
1789438662819,150.6015,20.9774,0.2119,-0.1501,0.1315,0.6111,29.33
1789438662819,152.9099,20.8666,-0.1497,0.0330,-0.2348,0.0922,29.33
1789438662821,153.1806,20.8578,0.5515,0.3383,0.7726,-0.2436,29.32
1789438662825,152.7827,20.8825,0.1614,0.0330,0.0094,0.2143,29.32
1789438662833,152.5021,20.9013,-0.0841,0.0025,0.1621,-0.0604,29.32
1789438662843,153.6250,20.8499,0.2848,0.2162,0.4368,0.4890,29.32
1789438662916,152.0255,20.9347,-0.1801,0.1857,-0.3263,0.1838,29.32
1789438662916,152.1212,20.9346,0.3050,0.0636,0.2536,-0.3046,29.33
1789438662916,150.3447,21.0283,0.2159,-0.3638,0.3452,0.4890,29.33
1789438662916,152.5567,20.9224,-0.0430,0.0941,0.0094,0.0922,29.33
1789438662916,152.9885,20.9055,0.3379,-0.1501,0.4063,-0.0604,29.32
1789438662916,152.9480,20.9123,-0.0329,0.0636,0.1010,-0.0604,29.32
1789438662917,152.1934,20.9548,-0.0238,0.3688,0.3452,0.1838,29.33
1789438662923,150.7676,21.0309,0.1603,-0.3333,0.0094,0.2143,29.30
1789438662933,153.1468,20.9167,-0.1793,0.5214,0.1621,0.3975,29.31
1789438662943,151.7135,20.9931,0.3682,0.2772,0.3147,-0.2130,29.32
1789438662953,150.5718,21.0550,0.3616,-0.6080,0.1621,0.5501,29.34
1789438663021,151.3472,21.0212,-0.0214,0.3383,0.1926,0.2754,29.32
1789438663021,152.9214,20.9473,0.4761,-0.2417,0.1621,-0.1215,29.32
1789438663021,153.3763,20.9294,-0.1048,0.1551,-0.1127,0.1838,29.36
1789438663021,151.7524,21.0153,0.1571,0.2162,-0.0821,-0.1825,29.33
1789438663021,151.5268,21.0313,0.1996,-0.3638,-0.1127,0.4280,29.31
1789438663021,153.2805,20.9483,-0.0578,0.0330,-0.1737,0.0312,29.32
1789438663026,154.6161,20.8862,0.6709,0.0941,0.6810,-0.7625,29.32
1789438663033,155.0034,20.8715,0.3860,0.1246,0.2842,0.3975,29.31
1789438663043,153.3093,20.9609,-0.0352,0.0636,-0.0516,-0.1215,29.32
1789438663053,154.7498,20.8935,0.2768,0.0941,0.3452,0.4585,29.31
1789438663121,153.6016,20.9556,-0.1090,0.1246,-0.2653,0.3975,29.32
1789438663121,151.7932,21.0507,0.3539,0.3078,0.1010,-0.4572,29.32
1789438663121,152.6329,21.0133,0.2139,-0.1806,0.4368,0.4280,29.32
1789438663121,153.7780,20.9606,-0.0515,0.0330,-0.2653,-0.0299,29.31
1789438663121,153.6449,20.9719,0.4223,0.0025,0.5589,-0.0909,29.32
1789438663121,154.7510,20.9213,-0.1422,0.2772,0.2536,0.1533,29.32
1789438663123,153.2635,21.0003,0.0631,0.4299,0.1621,0.1227,29.33
1789438663133,151.9675,21.0698,0.2176,-0.4248,0.1621,0.3975,29.33
1789438663143,154.1159,20.9670,-0.2014,0.3688,0.1621,0.0617,29.33
1789438663220,154.6251,20.9462,0.3612,-0.2722,0.3147,-0.3351,29.31
1789438663220,154.3694,20.9637,0.3519,-0.0891,0.2536,0.5806,29.31
1789438663220,153.0850,21.0325,-0.1285,0.2467,0.3452,0.0006,29.33
1789438663220,154.7441,20.9542,0.3020,-0.2112,0.2536,0.1533,29.33
1789438663220,153.8167,21.0052,-0.2256,0.3993,0.0705,0.4585,29.31
1789438663220,152.9270,21.0543,0.2934,0.3688,0.1315,-0.3046,29.33
1789438663221,152.6797,21.0713,0.1491,-0.3638,-0.1127,0.2754,29.33
1789438663225,153.6460,21.0277,-0.0646,0.3383,-0.1127,0.3059,29.32
1789438663233,154.9753,20.9658,0.6918,0.0025,0.3757,-0.4572,29.32
1789438663243,154.2132,21.0085,-0.1067,0.1246,-0.0516,-0.1825,29.32
1789438663318,153.4176,21.0530,-0.0222,0.1551,-0.0516,-0.1520,29.32
1789438663318,151.3528,21.1609,0.2639,-0.0280,0.2231,0.2143,29.32
1789438663318,153.1696,21.0748,-0.0392,0.2467,-0.2348,0.2754,29.33
1789438663318,153.4542,21.0652,0.3277,0.0025,0.3147,-0.2130,29.32
1789438663318,154.1183,21.0367,0.3067,-0.5164,0.0705,0.3059,29.30
1789438663318,153.1265,21.0909,-0.1669,0.0025,-0.1127,-0.1520,29.32
1789438663320,154.2393,21.0399,0.3796,0.1857,0.5589,0.3364,29.32
1789438663323,154.0686,21.0531,-0.1814,0.0636,-0.2348,0.0922,29.31
1789438663333,152.8793,21.1172,0.1886,0.4909,0.1926,0.0617,29.32
1789438663343,151.6167,21.1851,0.2042,-0.0585,0.1926,0.6111,29.33
1789438663353,153.3380,21.1036,-0.1402,0.3078,-0.0516,0.2448,29.33
1789438663419,154.6519,21.0426,0.5206,0.1857,0.5589,-0.4878,29.30
1789438663419,155.0215,21.0288,0.2829,-0.0280,-0.0516,-0.0604,29.31
1789438663419,153.8596,21.0915,-0.0890,0.4299,0.4063,0.2754,29.32
1789438663420,152.3477,21.1717,0.2164,-0.2722,0.0094,0.2448,29.33
1789438663420,154.3655,21.0754,-0.1226,0.5214,-0.0516,0.4890,29.33
1789438663420,152.8551,21.1556,0.3943,0.3993,0.4673,-0.1825,29.32
1789438663425,155.9319,21.0064,0.5628,-0.9438,0.2536,0.4890,29.28
1789438663433,154.2540,21.0947,-0.0797,0.3993,0.1010,0.2448,29.33
1789438663443,155.7563,21.0242,0.4177,-0.2417,0.1926,0.0617,29.33
1789438663518,154.4214,21.0955,-0.0464,0.1246,0.1315,0.2754,29.28
1789438663518,152.8495,21.1786,0.1585,0.1857,-0.1737,-0.3351,29.32
1789438663518,153.6283,21.1442,0.2308,-0.5164,0.2231,0.3059,29.32
1789438663518,154.8655,21.0869,-0.0729,0.0941,-0.2042,0.0617,29.32
1789438663518,154.7562,21.0969,0.6007,0.0941,0.3757,-0.4267,29.32
1789438663518,155.7810,21.0502,0.0918,0.4604,0.3147,0.3364,29.33
1789438663519,154.7677,21.1054,-0.0163,0.0636,-0.0821,-0.1825,29.32
1789438663523,153.0954,21.1936,0.2889,-0.0280,0.1926,0.3669,29.32
1789438663533,155.2979,21.0880,-0.1178,0.0330,-0.2348,0.0922,29.33
1789438663543,153.5497,21.1799,0.4011,0.0941,0.3147,-0.4267,29.33
1789438663554,155.5265,21.0856,0.3652,-0.5775,0.1010,0.6111,29.33
1789438663621,154.2361,21.1546,-0.0563,0.0636,-0.0821,-0.0909,29.31
1789438663621,155.8829,21.0769,0.4082,-0.0585,0.5894,0.2754,29.32
1789438663621,155.0273,21.1241,-0.1892,0.0330,-0.1737,0.0312,29.34
1789438663621,153.9948,21.1802,0.1854,0.2772,0.1010,-0.0299,29.32
1789438663621,153.6762,21.2007,0.1613,-0.0891,0.2231,0.5501,29.32
1789438663621,154.5810,21.1600,-0.1368,0.4299,-0.0516,0.3364,29.32
1789438663625,156.0454,21.0914,0.6209,0.0636,0.4978,-0.3962,29.32
1789438663633,155.4487,21.1257,-0.0154,0.0636,0.0400,0.0922,29.33
1789438663644,154.5637,21.1745,-0.0414,0.3993,0.4063,0.1533,29.33
1789438663718,152.5352,21.2805,0.2508,-0.3027,0.1010,0.1227,29.31
1789438663718,154.2622,21.1987,-0.0670,0.3688,0.0094,0.5501,29.34
1789438663718,154.5045,21.1912,0.2945,0.0025,0.2231,-0.2130,29.32
1789438663718,155.2413,21.1589,0.3345,-0.4859,0.2536,0.4280,29.30
1789438663718,154.1317,21.2189,-0.1910,0.2467,0.1926,0.0312,29.32
1789438663718,155.5473,21.1527,0.3687,-0.3027,0.1010,0.1533,29.32
1789438663719,155.1521,21.1770,-0.1665,0.0636,-0.0516,0.1533,29.32
1789438663723,153.8451,21.2469,0.2431,0.5825,0.2231,0.1227,29.32
1789438663733,152.6432,21.3116,0.1912,-0.3333,-0.0211,0.4280,29.32
1789438663743,154.6524,21.2157,-0.0244,0.0941,-0.1432,-0.0604,29.31
1789438663817,155.8768,21.1590,0.6720,0.3383,0.4063,0.0312,29.30
1789438663817,155.9816,21.1583,0.0171,0.3688,0.1010,0.2754,29.31
1789438663817,154.9448,21.2146,-0.0224,0.0330,0.0400,0.0006,29.33
1789438663817,153.3291,21.2999,0.2238,-0.0280,0.3757,0.5806,29.33
1789438663817,155.3292,21.2044,-0.0723,0.2162,-0.2958,0.1227,29.32
1789438663817,153.9910,21.2759,0.5269,0.4604,0.7726,-0.1825,29.32
1789438663819,157.0530,21.1272,0.5927,-0.6385,0.1315,0.4280,29.33
1789438663823,155.4162,21.2134,-0.0916,0.0330,0.1315,-0.1825,29.32
1789438663833,156.5440,21.1615,0.3261,0.1857,0.4673,0.4585,29.31
1789438663843,155.4982,21.2183,-0.1301,0.0941,-0.2653,0.1838,29.32
1789438663853,153.9293,21.3012,0.3183,0.2467,-0.1127,-0.3962,29.32
1789438663921,154.5123,21.2765,0.2181,-0.2112,0.2842,0.4890,29.33
1789438663921,156.0850,21.2022,-0.1286,0.1857,0.0705,-0.0299,29.33
1789438663921,155.6070,21.2305,0.4945,0.0330,0.2842,0.0312,29.33
1789438663921,156.9363,21.1685,-0.1806,0.2772,0.2536,0.3364,29.32
1789438663921,155.0730,21.2661,0.1414,0.3993,0.0094,-0.1825,29.31
1789438663921,154.0498,21.3217,0.1850,-0.3943,0.0705,0.3059,29.32
1789438663923,156.1336,21.2218,-0.1182,0.4604,0.1010,0.3975,29.32
1789438663933,156.9360,21.1862,0.5533,0.0330,0.2842,-0.4572,29.32
1789438663943,156.4990,21.2124,0.1848,-0.0585,0.0400,-0.1215,29.32
1789438664019,155.3376,21.2749,0.0005,0.2772,0.1621,-0.0299,29.32
1789438664019,153.9730,21.3476,0.2236,-0.2417,-0.0516,0.2448,29.31
1789438664019,156.2042,21.2404,-0.1071,0.3078,-0.1737,0.2143,29.34
1789438664019,154.7479,21.3177,0.4138,0.0636,0.3147,-0.4267,29.32
1789438664019,156.2285,21.2481,0.2634,-0.4248,-0.0211,0.4585,29.32
1789438664019,155.7645,21.2757,-0.0801,0.0025,0.1315,-0.1215,29.32
1789438664021,157.2439,21.2062,0.3581,-0.1806,0.4063,0.2448,29.30
1789438664025,155.6781,21.2889,-0.1645,0.0025,-0.2653,0.0617,29.30
1789438664033,155.4555,21.3044,0.2156,0.1857,0.1315,-0.2741,29.33
1789438664043,153.5691,21.4032,0.2292,-0.2112,0.3452,0.7638,29.34
1789438664054,155.8582,21.2931,-0.0174,0.0636,-0.1127,-0.0299,29.34
1789438664122,155.3412,21.3234,0.3994,0.0636,0.5894,0.0617,29.33
1789438664122,157.2003,21.2349,-0.1407,0.4299,0.2842,0.4280,29.33
1789438664122,154.5464,21.3719,0.0674,0.5825,0.3452,0.1227,29.33
1789438664122,154.2514,21.3912,0.1978,-0.2722,0.1315,0.4890,29.32
1789438664122,156.4031,21.2879,-0.2163,0.4299,0.1315,0.3669,29.32
1789438664122,156.3062,21.2972,0.3211,0.1246,0.5589,-0.3962,29.36
1789438664123,156.5938,21.2873,0.3532,-0.2722,0.3452,0.1838,29.34
1789438664133,155.6627,21.3382,-0.0591,0.2772,0.2842,0.0617,29.32
1789438664143,156.7958,21.2860,0.2656,-0.3638,-0.0211,0.1838,29.33
1789438664216,156.5632,21.3020,-0.0569,0.2467,0.0094,0.3669,29.36
1789438664216,155.0268,21.3833,0.3172,0.2467,0.3757,-0.2741,29.32
1789438664216,157.3819,21.2700,0.3386,-0.6690,0.1621,0.3975,29.32
1789438664216,155.0299,21.3919,-0.0214,0.0941,-0.0516,0.0617,29.33
1789438664216,157.4536,21.2751,0.4645,-0.1806,0.4673,0.0617,29.32
1789438664216,156.8801,21.3082,-0.1169,0.0025,-0.1432,0.1533,29.33
1789438664217,155.8695,21.3630,0.2209,0.5214,0.2536,0.0617,29.32
1789438664223,155.2001,21.4009,0.1866,-0.1196,0.3147,0.5806,29.31
1789438664233,156.9177,21.3193,-0.0735,0.1551,-0.2348,0.0312,29.33
1789438664243,158.1542,21.2618,0.6257,0.3383,0.5894,-0.0604,29.32
1789438664253,157.6082,21.2934,-0.1051,0.4604,0.2231,0.3669,29.32
1789438664321,156.1475,21.3708,0.0669,0.5520,0.2842,0.2754,29.33
1789438664321,155.0826,21.4284,0.2161,-0.2112,0.1010,0.3975,29.33
1789438664321,156.1143,21.3811,-0.0211,0.5214,0.0705,0.4280,29.32
1789438664321,157.5863,21.3119,0.4425,0.1246,0.4368,-0.3657,29.31
1789438664321,158.2391,21.2836,0.1252,-0.0585,-0.0211,-0.0604,29.31
1789438664321,157.1743,21.3412,-0.0847,0.5214,0.4978,0.3059,29.31
1789438664323,155.1060,21.4489,0.1879,-0.3333,0.1926,0.2143,29.31
1789438664333,156.8281,21.3671,-0.0672,0.4299,0.0400,0.4585,29.32
1789438664343,155.5392,21.4360,0.3862,0.1246,0.3147,-0.3657,29.32
1789438664416,158.5786,21.2883,0.4735,-0.5164,0.1315,0.5196,29.33
1789438664416,157.1124,21.3659,-0.1020,0.2467,0.1315,0.0922,29.32
1789438664416,157.5887,21.3464,0.3178,-0.2417,0.1315,0.1533,29.32
1789438664416,156.4697,21.4067,-0.0805,0.1551,-0.1737,0.1838,29.33
1789438664416,155.5482,21.4571,0.2662,0.2772,0.2536,-0.2741,29.33
1789438664416,155.8667,21.4455,0.1967,-0.1196,0.4368,0.6417,29.32
1789438664417,156.5057,21.4179,-0.0549,0.0330,-0.1127,0.0312,29.32
1789438664423,156.7434,21.4103,0.3926,-0.0280,0.6505,0.2448,29.33
1789438664433,157.5407,21.3748,-0.1573,0.0636,-0.1737,0.0312,29.33
1789438664443,156.2462,21.4439,0.1294,0.2467,0.1621,-0.0299,29.33
1789438664453,155.0114,21.5100,0.1668,-0.2722,0.1621,0.5196,29.33
1789438664521,156.9239,21.4187,-0.1778,0.3688,0.2231,0.3059,29.33
1789438664521,157.6442,21.3871,0.5684,0.0636,0.3757,-0.2130,29.30
1789438664521,157.8179,21.3828,0.0475,0.1857,0.0094,0.1533,29.32
1789438664521,156.2178,21.4671,-0.0043,0.4299,0.1315,0.1838,29.33
1789438664521,154.6348,21.5506,0.2293,-0.3943,-0.0211,0.3059,29.32
1789438664521,156.5097,21.4612,-0.0201,0.5214,0.0400,0.4280,29.33
1789438664523,157.9354,21.3943,0.4937,0.0025,0.4673,-0.5793,29.32
1789438664533,158.1848,21.3861,0.4984,-0.0585,0.5284,0.7027,29.32
1789438664543,157.0569,21.4468,-0.0693,0.2162,0.1926,0.0312,29.30
1789438664553,155.2650,21.5406,0.2540,-0.2722,0.0400,0.3059,29.31
1789438664621,157.6163,21.4274,-0.0936,-0.0280,-0.2958,0.2143,29.32
1789438664621,155.7299,21.5261,0.4704,0.1857,0.1621,-0.4878,29.33
1789438664621,159.0084,21.3665,0.6131,-0.7606,0.0705,0.7332,29.33
1789438664621,157.3973,21.4512,-0.1616,0.0636,0.0094,-0.1215,29.32
1789438664621,158.8815,21.3812,0.2856,-0.0585,0.4368,0.3975,29.34
1789438664621,157.5954,21.4498,-0.1397,-0.0280,-0.2042,0.1533,29.33
1789438664626,155.8948,21.5392,0.3195,0.2772,0.0705,-0.3657,29.32
1789438664633,156.5664,21.5098,0.2268,-0.4248,0.1621,0.3669,29.35
1789438664644,157.8689,21.4489,-0.1100,0.2772,0.2842,0.2448,29.33
1789438664718,157.7223,21.4605,0.4679,-0.2417,0.1926,-0.1825,29.33
1789438664718,159.0307,21.3993,-0.1215,0.0636,0.2231,0.2448,29.33
1789438664718,157.3402,21.4881,0.2284,0.3383,0.0094,-0.1520,29.33
1789438664718,156.1345,21.5526,0.2128,-0.4554,0.0094,0.3059,29.33
1789438664718,158.2835,21.4493,-0.0277,0.0941,-0.0211,0.3364,29.31
1789438664718,159.0343,21.4160,0.5601,-0.0891,0.2536,-0.3351,29.32
1789438664719,158.7057,21.4367,-0.0362,0.0636,-0.1127,0.0312,29.32
1789438664723,156.6484,21.5438,0.0951,0.1857,-0.0211,-0.1825,29.34
1789438664733,155.9418,21.5833,0.2710,-0.3027,0.2536,0.4585,29.32
1789438664743,158.1680,21.4763,-0.1026,0.1551,-0.1432,0.0617,29.31
1789438664753,158.5146,21.4632,0.5858,0.4604,0.6810,-0.1825,29.35
1789438664821,158.2136,21.4824,0.0149,0.4299,0.3452,0.3364,29.33
1789438664821,157.6251,21.5161,-0.0101,0.0941,0.0094,-0.1825,29.33
1789438664821,156.7548,21.5639,0.1667,-0.0585,0.2231,0.3669,29.33
1789438664821,157.3197,21.5399,-0.1182,0.1551,-0.1127,0.1533,29.34
1789438664821,157.8630,21.5520,0.2593,0.1551,0.4978,-0.3351,29.32
1789438664821,158.6445,21.4822,0.3252,-0.4248,0.1315,0.0617,29.32
1789438664825,157.8756,21.5249,-0.0668,0.4604,0.3147,0.1533,29.33
1789438664833,155.8813,21.6289,0.2434,-0.2722,0.1010,0.0922,29.33
1789438664843,158.0451,21.5250,-0.1426,0.5825,0.1010,0.5196,29.28
1789438664918,155.9249,21.6353,0.3991,0.3993,0.5894,-0.0909,29.31
1789438664918,158.6163,21.5050,0.4188,-0.5775,0.2536,0.8553,29.31
1789438664918,157.0612,21.5869,-0.1793,0.4299,0.4368,0.1533,29.33
1789438664918,158.4197,21.5232,0.3183,-0.3333,0.0705,0.1533,29.33
1789438664918,157.4916,21.5739,-0.1358,0.1246,-0.2653,0.3059,29.29
1789438664918,156.8503,21.6103,0.2650,0.2772,0.3452,-0.2130,29.32
1789438664919,155.5305,21.6806,0.3700,-0.5775,0.5894,0.6722,29.33
1789438664923,158.1061,21.5559,-0.1594,0.0025,0.0400,-0.1825,29.33
1789438664933,159.1933,21.5058,0.4488,0.1246,0.4063,0.3669,29.33
1789438664943,158.4310,21.5481,-0.1700,0.1246,-0.2348,0.1533,29.31
1789438665021,156.7326,21.6372,0.3270,0.5520,0.2536,-0.3046,29.32
1789438665021,156.1378,21.6712,0.3624,-0.4248,0.7420,0.5806,29.31
1789438665021,158.4921,21.5575,-0.1257,0.1246,-0.2042,0.0922,29.31
1789438665021,159.6831,21.5021,0.4437,-0.1196,0.5589,-0.0909,29.32
1789438665021,158.4579,21.5675,0.0332,0.3993,0.1315,0.3669,29.32
1789438665021,156.7982,21.6546,0.1131,0.2467,-0.0516,-0.1215,29.33
1789438665025,157.4795,21.6248,0.1820,-0.4248,-0.2042,0.3669,29.32
1789438665025,159.0568,21.5500,-0.0782,0.4909,0.1621,0.3669,29.32
1789438665033,158.8056,21.5667,0.6230,0.0025,0.4063,-0.4267,29.32
1789438665043,160.0360,21.5092,-0.0539,0.0636,-0.1127,-0.1825,29.32
1789438665118,158.2737,21.6015,0.0487,0.1246,0.0094,0.0006,29.32
1789438665118,156.9440,21.6721,0.2243,-0.4248,0.0094,0.2448,29.33
1789438665118,159.1657,21.5650,-0.0870,0.2467,0.0400,0.1838,29.33
1789438665118,159.8190,21.5365,0.5954,0.0330,0.4673,-0.4572,29.31
1789438665118,159.4610,21.5586,0.1019,0.3078,0.0705,0.1533,29.32
1789438665118,158.2686,21.6223,0.0009,0.0941,-0.1127,-0.1215,29.35
1789438665119,156.6732,21.7062,0.2560,0.0025,0.3757,0.6111,29.32
1789438665123,159.2405,21.5819,-0.1012,0.0636,-0.2348,0.0312,29.32
1789438665133,159.4958,21.5733,0.5164,0.5825,0.7726,-0.2741,29.31
1789438665143,159.1883,21.5928,0.2409,-0.1806,0.1315,0.1838,29.31
1789438665216,158.4840,21.6321,-0.0389,0.1857,-0.0821,-0.1520,29.33
1789438665216,158.4191,21.6394,0.1587,-0.0891,0.3147,0.3059,29.31
1789438665216,158.7413,21.6274,-0.0927,0.2772,-0.3263,0.2448,29.28
1789438665216,158.3716,21.6499,0.3199,0.0941,0.4978,-0.1825,29.32
1789438665216,159.5843,21.5935,0.3630,-0.1501,0.4368,0.6417,29.30
1789438665216,158.6037,21.6466,-0.0767,0.3688,0.3147,0.1533,29.33
1789438665218,159.1324,21.6243,0.2798,0.1857,0.4978,0.4585,29.32
1789438665223,158.9460,21.6377,-0.1202,0.1246,-0.2958,0.2448,29.32
1789438665233,156.8433,21.7471,0.4063,0.1551,0.2231,-0.3962,29.31
1789438665243,159.4888,21.6190,0.3861,-0.3943,0.3147,0.8248,29.32
1789438665317,157.8998,21.7025,-0.1415,0.1246,-0.0516,-0.1520,29.33
1789438665317,159.3944,21.6320,0.2901,-0.1501,0.3757,0.3059,29.33
1789438665317,158.4758,21.6821,-0.1881,0.4604,-0.0821,0.5196,29.33
1789438665317,157.8365,21.7182,0.3745,0.5520,0.2842,0.0312,29.33
1789438665317,159.9748,21.6154,0.4100,-0.6385,0.2536,0.6417,29.31
1789438665317,158.9591,21.6702,-0.1593,0.4604,0.3452,0.0922,29.33
1789438665318,160.0464,21.6200,0.4010,-0.1806,0.0705,0.0617,29.32
1789438665323,159.4179,21.6555,-0.1872,0.4604,-0.0211,0.4280,29.33
1789438665333,157.5172,21.7547,0.4154,0.7962,0.1926,-0.0604,29.32
1789438665343,157.0914,21.7801,0.4752,-0.9132,0.4368,0.3669,29.32
1789438665421,159.2716,21.6751,-0.0088,0.1551,-0.0821,0.0312,29.33
1789438665421,160.6532,21.6101,0.4346,-0.2112,0.2231,-0.0299,29.32
1789438665421,159.1418,21.6897,-0.0345,0.1857,-0.2042,0.1227,29.23
1789438665421,157.8299,21.7594,0.2275,0.4909,0.2536,-0.0604,29.30
1789438665421,158.3562,21.7372,0.2029,-0.0585,0.3757,0.8553,29.31
1789438665421,159.8186,21.6681,-0.0788,0.0636,-0.1432,-0.0604,29.32
1789438665421,159.6198,21.6821,0.5582,0.0941,0.6810,0.0617,29.33
1789438665425,161.0397,21.6151,-0.1876,0.2772,-0.1432,0.1533,29.36
1789438665433,158.9318,21.7246,0.2082,0.3383,0.1315,-0.1520,29.34
1789438665443,158.0203,21.7743,0.1988,-0.0891,0.2842,0.6417,29.33
1789438665453,159.9267,21.6829,-0.0908,0.0330,-0.0821,0.0006,29.32
1789438665521,160.6606,21.6502,0.4293,-0.0891,0.3757,-0.0909,29.29
1789438665521,160.3877,21.6679,-0.1283,0.3993,0.3452,0.2754,29.32
1789438665521,158.6242,21.7601,0.1827,0.2162,-0.0516,-0.2741,29.33
1789438665521,157.6446,21.8132,0.2155,-0.4248,0.1010,0.3669,29.32
1789438665521,159.6443,21.7172,-0.0331,0.4909,0.1621,0.4280,29.31
1789438665521,160.5947,21.6737,0.5736,-0.1806,0.3147,-0.2130,29.32
1789438665523,159.9975,21.7076,-0.0596,0.1857,-0.0821,0.1533,29.32
1789438665533,158.1348,21.8048,0.1491,0.0941,-0.0821,-0.3046,29.32
1789438665543,158.6609,21.7825,0.1554,-0.4248,0.0094,0.2448,29.32
1789438665618,159.4562,21.7468,-0.0578,-0.0280,-0.2348,0.0922,29.33
1789438665618,159.7559,21.7358,0.4985,0.2467,0.7420,0.1533,29.31
1789438665618,160.4129,21.7071,-0.0854,0.0941,0.1621,-0.0604,29.31
1789438665618,159.0627,21.7787,0.0843,0.3688,0.1010,0.0617,29.32
1789438665618,157.7769,21.8470,0.1768,0.0636,0.2536,0.6417,29.32
1789438665618,159.7439,21.7527,-0.1494,0.0941,-0.2042,0.0312,29.30
1789438665620,160.3035,21.7289,0.5173,0.1551,0.5894,-0.2741,29.30
1789438665624,160.6152,21.7174,0.0070,0.3688,0.3452,0.1838,29.32
1789438665633,158.4555,21.8294,0.0479,0.6741,0.3147,0.1838,29.34
1789438665643,157.5096,21.8808,0.2285,-0.2417,0.0705,0.4585,29.31
1789438665653,159.4066,21.7899,-0.0891,0.3383,-0.0821,0.2754,29.35
1789438665720,160.9372,21.7175,0.5814,0.0330,0.5284,-0.5488,29.30
1789438665720,161.1231,21.7122,0.2116,-0.1196,-0.1127,-0.0604,29.33
1789438665720,159.7900,21.7828,-0.0148,0.2467,0.1010,0.0617,29.32
1789438665720,158.1109,21.8708,0.2047,-0.3333,0.1621,0.3669,29.32
1789438665720,160.5198,21.7543,-0.0619,0.1857,-0.1127,0.2448,29.30
1789438665720,161.4498,21.7119,0.6981,0.1551,0.6505,-0.6709,29.31
1789438665723,161.9138,21.6926,0.2768,0.1857,0.1315,0.0922,29.32
1789438665733,160.1786,21.7833,0.0163,0.1551,-0.0821,-0.1520,29.33
1789438665743,158.8649,21.8530,0.2514,-0.1501,0.4673,0.3975,29.33
1789438665818,160.3639,21.7821,0.0034,0.1857,-0.3263,0.0922,29.31
1789438665818,162.0013,21.7042,0.8173,0.4604,0.9862,-0.4878,29.31
1789438665818,161.8088,21.7177,0.1767,0.3688,0.2536,0.2448,29.32
1789438665818,160.8923,21.7675,-0.0418,0.0025,0.0094,-0.0909,29.32
1789438665818,158.9041,21.8709,0.2682,-0.1501,0.4978,0.4890,29.32
1789438665818,159.9478,21.8227,-0.0749,0.1246,-0.2042,0.2754,29.34
1789438665819,161.4485,21.7517,0.4637,0.1551,0.7115,-0.2130,29.32
1789438665823,161.9739,21.7294,0.1208,0.0636,0.0400,-0.0299,29.32
1789438665833,160.9962,21.7821,-0.0247,0.3383,0.2536,-0.0909,29.32
1789438665843,158.7034,21.9007,0.1789,-0.2112,0.0400,0.3669,29.33
1789438665921,160.6745,21.8061,-0.0780,0.5214,0.2231,0.3975,29.32
1789438665921,161.9263,21.7475,0.5393,0.0330,0.4063,-0.5488,29.37
1789438665921,162.3127,21.7322,0.2007,-0.0585,0.0400,-0.1215,29.33
1789438665921,160.5363,21.8249,-0.0204,0.3688,0.1926,0.1533,29.33
1789438665921,159.4759,21.8819,0.2434,-0.3333,-0.0211,0.3059,29.31
1789438665921,160.3439,21.8425,-0.0155,0.3078,0.0705,0.2448,29.31
1789438665921,162.1253,21.7574,0.6589,-0.1196,0.7115,-0.7625,29.32
1789438665923,161.1204,21.8116,0.0194,0.3078,0.1926,0.2754,29.32
1789438665933,160.0691,21.8681,-0.0292,0.1551,0.0400,-0.0299,29.31
1789438665943,158.0345,21.9738,0.2528,-0.0585,0.1926,0.4585,29.31
1789438665953,160.1121,21.8740,-0.0004,0.0941,-0.3263,0.1838,29.33
1789438666019,161.1154,21.8278,0.4727,0.3993,0.6199,0.0312,29.32
1789438666019,160.9616,21.8395,0.2029,0.1857,0.3757,0.2143,29.33
1789438666019,160.0945,21.8868,-0.0356,0.1857,-0.0821,-0.0604,29.32
1789438666019,158.6881,21.9611,0.2349,-0.2417,0.2842,0.4890,29.33
1789438666019,161.2815,21.8354,-0.2357,0.0636,-0.0211,-0.0299,29.31
1789438666019,161.3547,21.8357,0.4727,0.0636,0.5589,-0.4267,29.34
1789438666025,161.6524,21.8248,0.2529,0.0636,-0.0821,-0.0299,29.33
1789438666033,160.2094,21.9009,-0.0009,0.6130,0.4063,0.2448,29.33
1789438666043,158.2408,22.0033,0.1765,-0.3943,0.1315,0.2143,29.32
1789438666116,161.3559,21.8515,-0.0869,0.4909,0.1315,0.3975,29.30
1789438666116,161.9647,21.8251,0.5019,-0.0891,0.4368,-0.5793,29.32
1789438666116,161.9762,21.8284,0.1692,-0.1501,0.1010,-0.0604,29.35
1789438666116,159.5422,21.9541,0.0608,0.4299,-0.0211,-0.1520,29.32
1789438666116,158.8576,21.9922,0.2458,-0.3638,0.3757,0.2754,29.31
1789438666116,161.7433,21.8518,-0.1019,0.0941,-0.2042,-0.0299,29.33
1789438666118,162.4840,21.8187,0.5586,0.4604,0.7726,-0.1215,29.31
1789438666123,161.1294,21.8903,0.3664,-0.1501,0.1621,0.4280,29.34
1789438666133,161.4632,21.8774,0.0324,0.4299,0.1926,0.1838,29.32
1789438666143,160.2426,21.9423,0.1808,-0.2112,0.0705,0.3669,29.33
1789438666219,161.9008,21.8632,-0.1552,0.4299,0.1621,0.3669,29.29
1789438666219,161.4864,21.8878,0.4789,-0.0585,0.4063,-0.6404,29.32
1789438666219,162.9346,21.8192,0.0918,-0.0280,-0.2042,-0.0604,29.32
1789438666219,160.9807,21.8930,0.0368,0.1551,0.0094,-0.1825,29.32
1789438666219,159.7798,21.9847,0.2452,-0.4859,0.0705,0.3669,29.31
1789438666219,161.9541,21.8797,-0.0612,0.3078,-0.1432,0.2143,29.31
1789438666224,162.6548,21.8486,0.6611,0.0025,0.3757,-0.5793,29.31
1789438666224,159.8622,21.9921,0.0787,0.0330,-0.1432,-0.0604,29.30
1789438666233,159.3200,22.0232,0.1419,0.2162,-0.0516,-0.3657,29.32
1789438666243,158.8689,22.0498,0.2674,-0.1501,0.3757,0.6722,29.31
1789438666322,161.3891,21.9276,-0.0520,0.0941,-0.2042,0.1227,29.31
1789438666322,162.4562,21.8781,0.5353,0.0330,0.5894,-0.3351,29.32
1789438666322,161.9283,21.9084,-0.0649,0.2772,0.3452,0.3975,29.33
1789438666322,160.2569,21.9958,0.0818,0.2772,0.1010,0.1838,29.32
1789438666322,160.5967,21.9826,0.1377,-0.3333,-0.0821,0.3975,29.32
1789438666322,161.0735,21.9575,-0.0614,0.5214,0.2536,0.4585,29.31
1789438666322,161.7214,21.9341,0.4363,-0.2417,0.2536,-0.2741,29.32
1789438666323,162.3018,21.9090,-0.0393,0.2467,-0.0516,0.0617,29.33
1789438666333,160.9492,21.9805,0.1377,0.1857,-0.1432,-0.2436,29.33
1789438666343,159.4287,22.0604,0.1937,-0.3638,-0.0821,0.4280,29.32
1789438666445,160.7914,21.9961,-0.1735,0.3078,0.3147,0.0006,29.33
1789438666445,162.0743,21.9360,0.6147,-0.1196,0.2536,-0.2436,29.31
1789438666445,162.4581,21.9207,-0.0947,-0.0585,-0.0821,0.0006,29.29
1789438666445,160.3044,22.0322,0.1923,0.4604,0.1315,0.1227,29.31
1789438666445,159.2365,22.0896,0.2224,-0.0891,0.4063,0.7027,29.32
1789438666445,161.2238,21.9940,-0.0814,0.0941,-0.0516,0.0006,29.32
1789438666445,162.4838,21.9349,0.4503,0.0025,0.4978,0.0617,29.32
1789438666451,162.8265,21.9217,-0.1318,0.0636,0.1315,0.0006,29.31
1789438666451,160.2608,22.0538,0.2013,0.3078,0.0094,-0.2130,29.33
1789438666451,159.9105,22.0752,0.1772,-0.3027,-0.0211,0.4585,29.33
1789438666518,160.3979,22.0546,-0.1189,0.3993,0.0094,0.2448,29.31
1789438666518,163.0677,21.9251,0.5710,-0.1501,0.3757,-0.0604,29.32
1789438666518,162.5640,21.9540,-0.1058,0.3993,0.0400,0.4890,29.33
1789438666518,161.1858,22.0267,0.3132,0.3688,0.2842,-0.1520,29.32
1789438666518,160.8349,22.0480,0.2338,-0.4554,0.0094,0.3975,29.32
1789438666518,162.4978,21.9687,-0.0010,0.3688,0.1621,0.1533,29.34
1789438666519,163.7391,21.9105,0.5221,-0.2417,0.2842,0.0312,29.33
1789438666523,162.6472,21.9688,-0.1415,0.0330,-0.2958,0.1838,29.33
1789438666533,161.4924,22.0303,0.2695,0.1857,0.1926,-0.3046,29.32
1789438666543,163.7642,21.9205,0.3992,-0.3027,0.5589,0.8553,29.28
1789438666553,162.5317,21.9858,0.0063,0.1857,-0.3569,0.1533,29.33
1789438666619,163.2822,21.9521,0.3603,-0.0585,0.5284,0.3364,29.31
1789438666619,162.9782,21.9710,-0.2314,0.2467,-0.2958,0.3364,29.31
1789438666619,161.0248,22.0725,0.4191,0.5825,0.4978,-0.0604,29.31
1789438666619,163.3463,21.9602,0.4837,-0.6690,0.2231,0.8248,29.33
1789438666619,161.9982,22.0313,-0.1156,0.4299,0.3757,0.1838,29.33
1789438666619,163.7179,21.9490,0.2755,-0.1806,0.1010,0.1227,29.32
1789438666624,162.7835,21.9995,-0.1017,0.2467,-0.0516,0.3059,29.31
1789438666633,161.2660,22.0791,0.4074,0.0636,0.2231,-0.4267,29.31
1789438666643,162.6930,22.0116,0.3500,-0.2722,0.0705,0.4890,29.32
1789438666653,162.1483,22.0426,-0.0627,0.2467,0.0400,0.0617,29.33
1789438666720,161.2498,22.0913,0.2836,0.0330,0.2842,0.5501,29.34
1789438666720,161.9381,22.0607,-0.0702,0.1246,-0.4179,0.2448,29.32
1789438666720,161.7930,22.0717,0.4025,0.4909,0.5284,0.0617,29.33
1789438666720,163.1095,22.0097,0.4399,-0.4859,0.0705,0.2448,29.34
1789438666720,162.2845,22.0547,-0.0505,0.1246,0.1010,-0.2130,29.34
1789438666720,160.2413,22.1607,0.1959,-0.1196,0.3452,0.3975,29.32
1789438666723,162.6673,22.0432,-0.1768,0.1857,-0.0516,0.0922,29.32
1789438666733,163.0534,22.0277,0.4643,0.1857,0.4978,-0.4572,29.32
1789438666743,163.0964,22.0294,0.3275,-0.2112,-0.0516,0.1227,29.32
1789438666817,161.4366,22.1161,-0.0438,0.4299,0.4978,0.2143,29.32
1789438666817,159.9555,22.1939,0.2630,-0.3638,0.1010,0.3669,29.33
1789438666817,162.0682,22.0920,0.0194,0.4604,-0.1127,0.3975,29.32
1789438666817,163.4322,22.0276,0.6364,0.0330,0.4063,-0.6709,29.34
1789438666817,163.5219,22.0269,0.2055,-0.0891,0.0400,-0.0909,29.32
1789438666817,161.2303,22.0909,-0.0070,0.1246,-0.1127,-0.2741,29.33
1789438666818,160.6421,22.1784,0.2252,-0.1196,0.3147,0.5806,29.32
1789438666823,162.8842,22.0700,-0.1313,0.0025,-0.1737,-0.0299,29.33
1789438666833,163.9457,22.0207,0.7177,0.3078,0.9557,-0.1825,29.33
1789438666843,164.4922,21.9971,0.0165,0.1246,0.2536,0.0617,29.32
1789438666916,162.0760,22.1216,0.1226,0.5214,0.3147,0.0922,29.32
1789438666916,161.5286,22.1527,0.1864,-0.3027,0.1926,0.4585,29.33
1789438666916,163.1492,22.0754,-0.0538,0.1857,0.0400,0.0312,29.32
1789438666916,164.5845,22.0073,0.6504,-0.0280,0.4063,-0.0604,29.32
1789438666916,164.1859,22.0309,-0.1623,0.3688,0.3757,0.3975,29.32
1789438666916,162.1088,22.1385,0.2091,0.1857,-0.0211,-0.3046,29.31
1789438666918,161.4261,22.1764,0.2743,-0.6690,0.1621,0.3669,29.31
1789438666923,163.1248,22.0951,-0.0230,0.5520,0.3452,0.4280,29.33
1789438666933,164.1005,22.0500,0.4746,-0.2722,0.2536,0.0312,29.32
1789438666943,163.7186,22.0728,-0.1040,0.2162,-0.1432,0.1838,29.32
1789438666953,162.1757,22.1536,0.2560,0.3078,0.1926,-0.1825,29.32
1789438667022,164.1156,22.0603,0.3422,-0.6996,0.2842,0.4280,29.26
1789438667022,162.5945,22.1400,-0.0846,0.0636,-0.0211,-0.0604,29.32
1789438667022,164.4560,22.0506,0.3460,0.1857,0.3757,0.3975,29.33
1789438667022,163.4919,22.1025,-0.1670,0.1551,-0.2348,0.0617,29.32
1789438667022,162.0315,22.1793,0.4661,0.2162,0.3757,-0.3657,29.32
1789438667022,163.5108,22.1090,0.3253,-0.3333,0.4063,0.4890,29.32
1789438667027,162.8783,22.1443,-0.0857,0.1857,0.2536,0.0006,29.33
1789438667033,161.9746,22.1932,0.2157,-0.2112,0.0094,0.1533,29.32
1789438667043,162.6568,22.1628,-0.0917,0.3688,-0.0821,0.4280,29.34
1789438667120,162.6396,22.1674,0.3091,0.0636,0.3147,-0.2130,29.34
1789438667120,163.9661,22.1048,0.4548,-0.2112,0.3757,0.4890,29.31
1789438667120,163.0303,22.1553,-0.0417,0.3993,0.2536,0.1533,29.32
1789438667120,161.0952,22.2558,0.2692,-0.3943,0.1926,0.2754,29.33
1789438667120,163.3354,22.1474,-0.0589,0.2162,-0.2653,0.1533,29.32
1789438667120,163.8506,22.1255,0.6211,0.4604,0.8947,-0.2741,29.32
1789438667121,164.1748,22.1130,0.2289,0.3993,0.2231,0.3975,29.32
1789438667123,162.2650,22.2121,-0.0190,0.2162,-0.1432,-0.1215,29.33
1789438667133,160.9619,22.2810,0.1910,-0.1501,0.2536,0.4890,29.33
1789438667143,162.8388,22.1909,-0.0610,0.0330,-0.2653,0.0312,29.32
1789438667153,164.2277,22.1252,0.5705,0.0941,0.5894,-0.4878,29.32
1789438667224,164.3573,22.1224,0.0320,0.3383,0.1315,0.3364,29.29
1789438667224,161.8817,22.2498,0.0733,0.3078,0.1010,0.0922,29.32
1789438667224,161.4221,22.2765,0.1626,-0.3943,0.0094,0.3669,29.31
1789438667224,162.0543,22.1630,-0.1364,0.2467,0.1315,0.1533,29.32
1789438667224,164.8533,22.1123,0.6062,-0.2112,0.2231,-0.2130,29.33
1789438667224,165.3232,22.0925,-0.0667,0.2467,0.2536,0.1533,29.31
1789438667224,162.8869,22.2179,0.2530,0.3383,-0.0516,-0.1215,29.32
1789438667233,162.2643,22.2527,0.2062,-0.5775,0.1926,0.3364,29.31
1789438667243,163.9043,22.1743,0.0424,0.2772,-0.2042,0.1533,29.31
1789438667253,165.3977,22.1033,0.5788,-0.0585,0.5894,0.0312,29.32
1789438667324,164.0904,22.1723,-0.0185,0.0025,-0.3569,0.0617,29.36
1789438667324,163.1092,22.2250,0.3152,0.0636,0.1315,-0.4572,29.32
1789438667324,165.8899,22.0896,0.3346,-0.2722,0.3147,0.7943,29.35
1789438667324,164.3145,22.1719,-0.0104,0.0330,-0.0516,-0.1215,29.33
1789438667324,165.0609,22.1382,0.3255,0.1246,0.4673,0.4585,29.33
1789438667324,164.4889,22.1704,-0.1939,0.3993,-0.1127,0.3975,29.32
1789438667324,162.6633,22.2653,0.3714,0.3383,0.4978,-0.3046,29.32
1789438667333,164.7450,22.1648,0.4529,-0.2112,0.4368,0.7027,29.31
1789438667344,163.2422,22.2435,-0.0483,0.3688,0.3147,0.1838,29.33
1789438667354,162.3164,22.2934,0.2107,-0.2112,-0.0211,0.3975,29.31
1789438667421,164.3450,22.1956,-0.1030,0.2467,-0.0821,0.1838,29.33
1789438667421,164.9982,22.1665,0.4280,0.2162,0.6810,-0.6404,29.33
1789438667421,164.2723,22.2064,0.1699,0.3688,0.3757,0.3059,29.33
1789438667421,163.6735,22.2400,0.0166,0.2162,0.0094,-0.0299,29.33
1789438667421,162.9870,22.2780,0.0651,0.1246,0.1926,0.7027,29.32
1789438667421,163.4249,22.2597,-0.0434,0.0941,-0.2348,0.0006,29.33
1789438667426,164.2251,22.2233,0.4827,0.0025,0.6199,-0.1215,29.33
1789438667433,164.5704,22.2097,-0.0413,0.3688,0.3452,0.3669,29.30
1789438667443,163.4034,22.2718,0.1222,0.2467,0.0705,-0.1825,29.32
1789438667515,161.6685,22.3622,0.2015,-0.5469,0.0094,0.2143,29.32
1789438667515,163.2267,22.2879,-0.2160,0.4604,0.4368,0.2143,29.33
1789438667515,164.5078,22.2275,0.4835,-0.2417,0.2536,-0.1520,29.31
1789438667515,164.3985,22.2366,-0.1106,0.3078,0.1621,0.3975,29.33
1789438667515,162.7480,22.3228,0.3140,0.6130,0.2231,-0.0909,29.33
1789438667515,161.4796,22.3899,0.2656,-0.6996,0.1926,0.4585,29.33
1789438667517,163.3678,22.2991,-0.0229,0.1246,-0.0516,0.0617,29.33
1789438667523,165.0511,22.2186,0.4631,0.0025,0.3757,0.3975,29.35
1789438667533,164.8290,22.2333,-0.1186,0.0330,-0.2653,0.1533,29.30
1789438667543,162.5751,22.3497,0.3795,0.0636,0.1315,-0.5793,29.32
1789438667553,165.5013,22.2070,0.4158,-0.7301,0.2536,0.3669,29.27
1789438667621,163.1077,22.3302,0.0069,0.1246,-0.0516,0.1533,29.32
1789438667621,165.5609,22.2112,0.2689,-0.2112,0.3147,0.2448,29.31
1789438667621,164.7406,22.2558,-0.0703,0.3383,-0.2958,0.1838,29.31
1789438667621,165.9366,22.1996,0.3914,0.2467,0.3452,-0.3046,29.32
1789438667621,164.5844,22.2707,0.4490,-0.4554,0.0094,0.4585,29.34
1789438667621,164.8769,22.2596,-0.0447,0.3688,0.3452,0.1838,29.33
1789438667625,163.3824,22.3379,0.2010,-0.4554,-0.0211,0.2448,29.33
1789438667633,165.0322,22.2589,-0.0356,0.3688,0.0094,0.3669,29.32
1789438667643,164.8923,22.2694,0.6126,-0.0585,0.4978,-0.6404,29.32
1789438667653,165.9951,22.2178,-0.0427,0.0025,-0.2348,0.0006,29.28
1789438667719,163.8930,22.3265,0.1538,0.1857,-0.1432,-0.2130,29.33
1789438667719,163.0249,22.3734,0.2114,-0.3943,0.3147,0.3364,29.34
1789438667719,165.0642,22.2749,-0.0913,0.0636,-0.2042,0.0617,29.33
1789438667719,165.8420,22.2395,0.5094,0.1551,0.5894,0.3364,29.32
1789438667719,164.9994,22.2852,-0.1314,0.0941,-0.1737,0.1838,29.31
1789438667719,163.4377,22.3669,0.3112,0.2467,0.1010,-0.3046,29.33
1789438667723,166.6034,22.2122,0.4004,-0.4248,0.3757,0.8248,29.32
1789438667733,164.9526,22.2981,-0.0930,0.1246,0.1315,-0.1215,29.33
1789438667743,165.6068,22.2689,0.3162,-0.2417,0.1621,0.0922,29.35
1789438667816,164.4789,22.3289,-0.0963,0.5214,0.0705,0.4890,29.26
1789438667816,162.9845,22.4072,0.4013,0.3078,0.4063,-0.3962,29.31
1789438667816,165.3214,22.2938,0.2811,-0.3027,0.3452,0.3975,29.33
1789438667816,164.0688,22.3600,-0.0320,0.2162,0.0705,0.0006,29.34
1789438667816,162.1486,22.4596,0.3051,-0.3027,0.4063,0.3059,29.32
1789438667817,164.2260,22.3594,0.0271,0.0025,-0.3569,0.2143,29.31
1789438667818,164.8687,22.3308,0.4290,0.4604,0.8031,-0.0909,29.31
1789438667823,164.9328,22.3312,0.1843,0.1246,0.2536,0.0617,29.33
1789438667833,164.1386,22.3744,0.0059,0.2467,0.1621,-0.0299,29.35
1789438667843,162.6427,22.4529,0.2075,-0.2417,0.2231,0.4585,29.33
1789438667919,165.4666,22.3152,-0.2526,0.3383,0.1315,0.0312,29.31
1789438667919,165.4296,22.3207,0.4543,-0.1196,0.1926,-0.2130,29.32
1789438667919,165.6595,22.3128,-0.1193,0.3078,0.2842,0.2448,29.32
1789438667919,163.3697,22.4309,0.1906,0.2162,-0.0211,-0.1825,29.32
1789438667919,162.3751,22.4842,0.2717,-0.5469,-0.0516,0.4280,29.33
1789438667919,164.5695,22.3779,-0.0480,0.2162,-0.1737,0.0617,29.32
1789438667919,166.1280,22.3036,0.4920,-0.2417,0.4978,0.1533,29.33
1789438667923,165.2195,22.3525,-0.0887,0.0025,-0.1737,0.1227,29.32
1789438667933,163.6119,22.4365,0.4973,0.3993,0.0705,-0.4878,29.33
1789438667943,167.1502,22.2631,0.7837,-0.8217,0.8336,0.8859,29.33
1789438667953,165.3094,22.3585,-0.0586,0.1246,-0.0211,0.0006,29.32
1789438668021,166.7578,22.2895,0.2714,-0.0891,0.2842,0.2143,29.33
1789438668021,165.2028,22.3708,-0.0590,0.3383,-0.3569,0.3975,29.33
1789438668021,167.2545,22.4645,0.7172,0.4604,0.5589,-0.7625,29.32
1789438668021,166.6287,22.3064,0.3161,-0.3333,0.1926,0.1227,29.32
1789438668021,165.7222,22.3550,-0.0220,0.1551,0.3452,0.0617,29.31
1789438668021,163.9048,22.4494,0.2894,-0.5469,0.1315,0.2448,29.32
1789438668026,164.9781,22.3992,0.0468,0.1857,-0.1432,0.2448,29.32
1789438668033,166.4315,22.3299,0.5953,0.2162,0.5894,-0.2130,29.31
1789438668043,167.0816,22.3008,-0.0984,0.1246,-0.1432,0.0312,29.32
1789438668053,164.1572,22.4505,0.1775,0.6435,0.2231,0.0617,29.33
1789438668120,163.5883,22.4824,0.2698,-0.2417,0.7115,0.7027,29.33
1789438668120,165.0111,22.4146,-0.0902,0.0025,-0.0821,-0.0909,29.33
1789438668120,167.0780,22.3147,0.3536,-0.2112,0.3452,0.1838,29.32
1789438668120,165.8280,22.3807,-0.2368,0.3993,0.0705,0.3975,29.33
1789438668120,164.5969,22.4457,0.3673,0.5214,0.5589,-0.0604,29.34
1789438668120,165.8355,22.3872,0.3373,-0.3638,0.4673,0.5806,29.33
1789438668123,165.3582,22.4145,-0.0410,0.3078,0.2536,0.1227,29.32
1789438668133,164.4276,22.4645,0.2738,-0.2112,0.0094,0.1838,29.32
1789438668143,164.9655,22.4411,-0.0098,0.3383,-0.3569,0.5501,29.32
1789438668220,165.5908,22.4133,0.2752,0.1857,0.4368,-0.2436,29.33
1789438668220,166.1954,22.3866,0.3846,-0.0585,0.4063,0.3975,29.32
1789438668220,165.2750,22.4360,-0.0211,0.0025,0.1010,-0.2130,29.32
1789438668220,163.2994,22.5383,0.1931,-0.3333,0.2536,0.4585,29.32
1789438668220,165.7722,22.4181,-0.2108,0.2162,-0.0516,0.1227,29.32
1789438668220,166.1018,22.4052,0.6397,0.0636,0.4978,-0.4267,29.32
1789438668222,166.3643,22.3955,-0.0525,0.3383,0.2536,0.3059,29.31
1789438668225,164.2943,22.5024,0.1554,0.2162,-0.1737,-0.2741,29.32
1789438668233,163.1650,22.5624,0.2107,-0.6080,-0.0211,0.3059,29.32
1789438668243,164.9487,22.4766,-0.0432,0.3688,0.1621,0.3364,29.31
1789438668319,166.6651,22.3943,0.5048,-0.3333,0.2842,0.0312,29.32
1789438668319,166.0692,22.4276,-0.1044,0.2162,-0.1432,0.3669,29.32
1789438668319,164.0465,22.5322,0.2868,0.2467,0.3757,-0.3351,29.32
1789438668319,166.9723,22.3893,0.3929,-0.6996,0.1926,0.5196,29.31
1789438668319,164.6326,22.5097,0.0027,0.0941,-0.2042,-0.0604,29.32
1789438668319,164.0879,22.5405,0.3093,-0.0280,0.5589,0.3975,29.32
1789438668320,166.7748,22.4095,-0.0818,0.0330,-0.2348,0.0617,29.33
1789438668323,167.7802,22.3627,0.4381,0.2772,0.6505,-0.3657,29.32
1789438668333,166.2124,22.4444,0.4959,-0.4859,0.0400,0.3975,29.32
1789438668343,166.3784,22.4395,0.0080,0.3688,0.3757,0.1838,29.32
1789438668416,164.8868,22.5174,0.2120,-0.4248,-0.0211,0.2448,29.32
1789438668416,166.7769,22.4263,-0.1076,0.3993,0.2536,0.3669,29.31
1789438668416,166.3603,22.4505,0.7742,0.0025,0.5589,-0.4878,29.33
1789438668416,167.8772,22.3781,-0.1212,0.2162,0.1010,0.1227,29.33
1789438668416,165.6646,22.4921,0.2842,0.5214,0.4063,0.0922,29.32
1789438668416,164.5083,22.5533,0.3477,-1.4932,0.3147,-0.8846,29.31
1789438668418,166.4509,22.4595,-0.1364,0.0636,0.0094,-0.1520,29.33
1789438668423,167.4894,22.4109,0.3690,0.1551,0.5894,0.3364,29.32
1789438668433,166.4586,22.4658,-0.1290,0.0330,-0.2653,0.1838,29.32
1789438668443,165.0784,22.5383,0.4400,0.4909,0.6810,-0.1215,29.35
1789438668453,168.1277,22.3892,0.5383,-0.4859,0.0094,0.3975,29.33
1789438668521,166.3352,22.4821,-0.0746,0.5520,0.5589,0.1533,29.32
1789438668521,165.0630,22.5491,0.2405,-0.3943,0.0094,0.2143,29.33
1789438668521,166.1554,22.4979,-0.0140,0.4909,0.0094,0.3669,29.33
1789438668521,167.6502,22.4265,0.7490,0.0330,0.5589,-0.5488,29.32
1789438668521,166.9549,22.4647,-0.0842,0.1246,-0.0821,0.0006,29.31
1789438668521,165.3843,22.5466,0.1408,0.3078,0.0705,-0.0909,29.35
1789438668523,163.6226,22.6381,0.2633,-0.1501,0.3757,0.6111,29.33
1789438668533,166.0676,22.5192,0.0107,0.1551,-0.3263,0.0617,29.34
1789438668543,166.5974,22.4962,0.3515,-0.1196,0.5589,0.2754,29.32
1789438668619,166.5960,22.4996,-0.1268,0.0330,-0.3874,0.1533,29.34
1789438668619,164.0196,22.6319,0.3731,0.2467,0.1315,-0.4267,29.31
1789438668619,167.2386,22.4744,0.3771,-0.2112,0.4368,0.9774,29.33
1789438668619,165.5056,22.5644,-0.1647,0.3383,0.3452,0.0006,29.33
1789438668619,166.8849,22.4988,0.2610,-0.2417,0.0705,0.2143,29.33
1789438668619,165.9969,22.5467,-0.0640,0.4299,0.0400,0.5806,29.32
1789438668621,167.3396,22.4830,0.5300,0.2772,0.3757,-0.6099,29.32
1789438668624,167.5233,22.4771,0.3821,0.0941,0.1010,0.3669,29.32
1789438668633,166.1372,22.5498,-0.0159,0.0330,0.0094,-0.1520,29.32
1789438668643,164.4643,22.6368,0.2755,-0.1196,0.5589,0.6722,29.33
1789438668720,166.8785,22.5194,-0.0643,0.0636,-0.2042,-0.0604,29.33
1789438668720,168.0413,22.4647,0.6420,0.1551,0.5284,0.0312,29.32
1789438668720,168.6482,22.4377,-0.1264,-0.0585,-0.0516,-0.0299,29.32
1789438668720,165.8604,22.5804,0.2531,0.2772,0.0705,-0.3351,29.32
1789438668720,165.3726,22.6081,0.2517,-0.2722,0.1621,0.6417,29.32
1789438668720,167.0344,22.5284,-0.0500,0.1857,0.2231,0.1227,29.34
1789438668721,168.6817,22.4494,0.3323,-0.2417,0.1315,0.1533,29.32
1789438668723,167.4437,22.5146,-0.1240,0.5214,0.0705,0.5501,29.34
1789438668733,165.9675,22.5917,0.4390,0.0636,0.3452,-0.4572,29.33
1789438668743,168.5947,22.4637,0.4157,0.1246,0.4063,0.3975,29.33
1789438668753,166.9609,22.5487,0.0059,0.1551,0.0705,-0.1215,29.32
1789438668820,165.1470,22.6427,0.2715,-0.0891,0.4673,0.6722,29.32
1789438668820,167.7141,22.5176,-0.1483,0.1246,-0.1737,-0.0604,29.32
1789438668820,168.2054,22.4964,0.5228,0.1857,0.5589,-0.0604,29.32
1789438668820,168.0312,22.5084,-0.0930,0.1551,-0.1737,0.1533,29.31
1789438668820,165.7937,22.6237,0.2240,0.2772,-0.0211,-0.2436,29.34
1789438668820,164.7731,22.6780,0.3972,-0.7606,0.4368,0.4890,29.33
1789438668825,166.9186,22.5740,-0.1282,0.4604,0.1315,0.1227,29.32
1789438668833,168.0893,22.5187,0.3012,-0.2722,0.0705,0.0617,29.32
1789438668844,166.7794,22.5876,-0.1530,0.4604,0.0400,0.6722,29.35
1789438668854,165.1595,22.6720,0.4239,0.2467,0.4673,-0.4878,29.33
1789438668921,167.6870,22.5489,0.2571,0.0330,0.4368,0.3975,29.32
1789438668921,166.4666,22.6133,-0.0177,0.2162,0.0705,0.0617,29.32
1789438668921,164.4309,22.7184,0.2657,-0.0585,0.3452,0.5806,29.33
1789438668921,166.4621,22.6202,-0.0346,0.1551,-0.3263,0.1227,29.33
1789438668921,167.3876,22.5773,0.4842,0.1857,0.6505,0.1227,29.32
1789438668921,167.1590,22.5921,-0.0617,0.3688,0.1315,0.3669,29.30
1789438668923,164.6825,22.7193,0.1525,0.4299,0.1621,-0.1215,29.33
1789438668933,164.8870,22.7125,0.2245,-0.4859,0.1010,0.4280,29.32
1789438668943,166.0558,22.6573,-0.2629,0.4604,0.1010,0.0922,29.35
1789438668953,167.5912,22.5838,0.3234,-0.2112,0.3147,0.0312,29.33
1789438669020,166.8954,22.6220,-0.1595,0.3688,0.0705,0.4585,29.35
1789438669020,165.6680,22.6868,0.3691,0.2467,0.4978,-0.3351,29.34
1789438669020,168.3493,22.5560,0.6948,-0.7301,0.2842,0.7638,29.33
1789438669020,167.1184,22.6208,-0.0755,0.2772,0.1621,0.0006,29.32
1789438669020,165.2331,22.7183,0.2638,-0.0585,0.3147,0.5501,29.31
1789438669020,167.5103,22.6078,-0.0958,0.0636,-0.2653,0.0922,29.32
1789438669025,169.0178,22.5357,0.8762,0.3688,1.0778,-0.6099,29.33
1789438669033,169.5318,22.5133,0.1238,0.3688,0.3757,0.3364,29.31
1789438669043,166.8848,22.6488,0.1504,0.3078,-0.0821,-0.1520,29.32
1789438669053,166.0267,22.6950,0.1924,-0.6385,0.0094,0.3059,29.32
1789438669120,167.8127,22.6089,-0.0225,0.3688,0.2231,0.3364,29.33
1789438669120,169.3755,22.5340,0.4771,-0.2417,0.2231,0.1227,29.32
1789438669120,168.1296,22.5995,-0.0953,0.1551,-0.2653,0.2448,29.32
1789438669120,166.7984,22.6693,0.3291,0.1246,0.2842,-0.3962,29.32
1789438669120,169.1537,22.5548,0.4992,-0.6690,0.0094,0.3975,29.32
1789438669120,167.7097,22.6302,-0.0210,0.0636,-0.1127,-0.1825,29.33
1789438669123,165.8532,22.7264,0.2794,-0.1196,0.4368,0.5196,29.32
1789438669133,168.2990,22.6073,-0.1153,0.1857,-0.1432,0.1838,29.33
1789438669143,168.7737,22.5868,0.4864,0.2467,0.5589,-0.1520,29.31
1789438669216,168.5806,22.5997,-0.0284,0.4909,0.3452,0.3059,29.31
1789438669216,166.2514,22.7195,0.1888,0.4299,0.0094,-0.0604,29.32
1789438669216,165.5427,22.7582,0.2690,-0.6385,0.1926,0.4585,29.33
1789438669217,167.8278,22.6471,-0.1131,0.4909,0.4368,0.1533,29.32
1789438669217,168.5221,22.6156,0.3852,-0.2417,0.1315,0.2143,29.33
1789438669217,167.4135,22.6743,-0.1205,0.4909,0.0705,0.6722,29.32
1789438669218,165.5653,22.7700,0.4651,0.3383,0.3452,-0.4878,29.32
1789438669223,168.3568,22.6336,0.3007,0.0025,0.3147,0.4585,29.33
1789438669233,167.1065,22.6994,-0.0247,0.1551,0.0400,-0.0604,29.32
1789438669243,165.0220,22.8070,0.3089,0.0025,0.5894,0.6111,29.32
1789438669253,167.2355,22.6996,0.0401,0.1246,-0.3263,0.1227,29.32
1789438669321,168.2103,22.6541,0.5367,0.2772,0.7726,0.0617,29.32
1789438669321,168.0254,22.6667,-0.0879,0.1857,0.2536,0.1533,29.32
1789438669321,165.4252,22.7999,0.1762,0.2467,0.1010,-0.1520,29.33
1789438669321,165.4787,22.8006,0.2305,-0.5469,0.1315,0.4890,29.33
1789438669321,166.8118,22.7372,-0.2800,0.1857,0.3147,0.0006,29.33
1789438669321,168.1934,22.6714,0.2941,-0.3333,0.1621,0.0922,29.31
1789438669323,165.2093,22.8241,-0.1249,0.4299,0.0094,0.5806,29.30
1789438669333,164.8847,22.8437,0.3981,0.3383,0.3452,-0.3962,29.32
1789438669343,168.5308,22.6648,0.7146,-0.6385,0.3147,0.6111,29.32
1789438669415,167.5669,22.7161,-0.0381,0.1551,0.0094,-0.0604,29.33
1789438669415,165.9688,22.7993,0.2854,-0.0585,0.5589,0.5806,29.31
1789438669415,168.6449,22.6686,-0.1427,0.0025,-0.1737,-0.0604,29.33
1789438669415,169.6870,22.6199,0.7720,0.3383,0.6199,-0.0604,29.32
1789438669415,170.1399,22.6004,-0.1189,0.0941,-0.1127,-0.0299,29.30
1789438669415,167.5231,22.7343,0.2297,0.0941,-0.0821,-0.3351,29.30
1789438669417,166.6754,22.7799,0.2931,-0.4859,0.1315,0.6111,29.31
1789438669423,168.2478,22.7045,-0.0620,0.3078,0.2536,0.1533,29.32
1789438669433,169.9497,22.6226,0.3034,-0.2417,0.1621,0.1533,29.32
1789438669443,168.8256,22.6819,-0.0886,0.5214,0.1315,0.6417,29.34
1789438669453,167.2436,22.7642,0.4371,0.0636,0.3757,-0.5183,29.33
1789438669521,169.6662,22.6463,0.2547,0.2162,0.1621,0.1838,29.37
1789438669521,168.0906,22.7281,0.0434,0.0330,-0.0821,-0.2436,29.33
1789438669521,166.5682,22.8075,0.2452,-0.1501,0.3452,0.6722,29.31
1789438669521,168.7664,22.7006,-0.0638,0.0636,-0.2042,0.0312,29.32
1789438669521,169.5985,22.6622,0.4961,0.1857,0.7420,0.2448,29.31
1789438669521,168.7002,22.7103,-0.1073,-0.1806,-0.2042,-0.0299,29.33
1789438669523,166.8343,22.8068,0.3319,0.1857,0.2536,-0.5488,29.31
1789438669533,170.2520,22.6391,0.5438,-0.5469,0.6199,0.9164,29.31
1789438669543,168.4948,22.7301,-0.1098,0.4604,0.3757,0.3059,29.33
1789438669553,167.2401,22.7960,0.2736,-0.3027,0.1010,0.2143,29.34
1789438669620,167.9101,22.7657,-0.0079,0.4909,0.1010,0.5501,29.33
1789438669620,169.8295,22.6730,0.6762,0.1246,0.6505,-0.6709,29.31
1789438669620,169.1345,22.7108,-0.0472,0.0025,-0.1737,-0.0909,29.31
1789438669620,167.4985,22.7958,0.1227,0.1857,-0.0211,-0.3046,29.31
1789438669620,165.6821,22.8898,0.3001,-0.2417,0.4673,0.6111,29.33
1789438669620,168.1789,22.7682,0.0275,0.1551,-0.2348,-0.0604,29.32
1789438669625,168.7418,22.7432,0.3623,-0.0585,0.4673,0.3975,29.33
1789438669633,168.7130,22.7479,-0.0813,0.0330,-0.2653,0.1838,29.32
1789438669643,166.0694,22.8833,0.4264,0.5520,0.5589,-0.1825,29.33
1789438669720,169.2780,22.7261,0.4954,-0.3943,0.1621,0.8248,29.32
1789438669720,167.6421,22.8111,-0.0911,0.1857,0.3147,-0.2130,29.33
1789438669720,165.9972,22.8965,0.2450,-0.4248,0.0705,0.2143,29.33
1789438669720,167.9894,22.8002,-0.0517,0.4604,0.1926,0.3669,29.30
1789438669720,169.4110,22.7323,0.7005,0.0025,0.5589,-0.5793,29.32
1789438669720,169.8026,22.7159,0.0334,0.0636,-0.1127,-0.0909,29.32
1789438669722,167.0257,22.8579,0.2216,0.1551,0.0705,-0.3046,29.32
1789438669723,166.5072,22.8870,0.3593,-0.3638,0.5894,0.6722,29.33
1789438669733,167.3315,22.8490,0.0262,0.2162,-0.1127,0.1838,29.31
1789438669743,170.3517,22.7011,0.3672,0.0330,0.2842,0.3975,29.33
1789438669819,169.3323,22.7552,-0.0563,0.0025,-0.3874,0.2143,29.31
1789438669819,167.9623,22.8268,0.4506,0.4299,0.7420,-0.1520,29.32
1789438669819,168.9087,22.7826,0.5198,-0.6996,0.1315,0.3975,29.31
1789438669819,169.1628,22.7730,0.0355,0.6130,0.4673,0.2448,29.32
1789438669819,167.6402,22.8522,0.1803,-0.5469,-0.0211,0.2143,29.30
1789438669819,169.3281,22.7709,-0.0980,0.2467,0.2842,0.2754,29.30
1789438669821,169.0327,22.7888,0.6571,-0.0585,0.3452,-0.2741,29.32
1789438669824,168.5818,22.8144,-0.1013,0.3688,0.2536,0.5806,29.31
1789438669833,168.1716,22.8381,0.3372,0.5520,0.3452,-0.0299,29.32
1789438669843,170.9876,22.7004,0.5471,-0.5775,0.2842,0.5806,29.31
1789438669853,169.2746,22.7890,-0.0777,0.2162,-0.0211,0.0617,29.33
1789438669922,167.0567,22.9030,0.2859,0.0025,0.4673,0.6722,29.32
1789438669922,169.3535,22.7912,-0.0468,0.0330,-0.2348,0.1227,29.32
1789438669922,170.6127,22.7314,0.6066,0.2467,0.8031,-0.3351,29.33
1789438669922,171.0986,22.7101,0.0274,0.3383,0.3147,0.3669,29.33
1789438669922,167.7825,22.8790,0.1592,0.3383,-0.1432,-0.3657,29.33
1789438669922,167.7129,22.8856,0.2183,-0.3943,0.0400,0.4890,29.32
1789438669923,168.9543,22.8266,-0.0608,0.4909,0.2536,0.2754,29.32
1789438669933,170.4367,22.7556,0.4049,-0.2112,0.1010,0.1533,29.33
1789438669943,168.6431,22.8483,-0.0287,0.2162,-0.2653,0.3059,29.33
1789438670018,168.2780,22.8697,0.4615,0.2162,0.4063,-0.3351,29.33
1789438670018,170.0121,22.7862,0.4556,-0.3333,0.3452,0.3364,29.32
1789438670018,168.6971,22.8550,-0.0012,0.1246,-0.0821,-0.1215,29.32
1789438670018,166.9106,22.9475,0.2238,-0.1196,0.1621,0.6111,29.33
1789438670018,168.3568,22.8318,-0.1874,0.2162,0.2842,0.0312,29.32
1789438670018,169.8266,22.8080,0.5290,-0.1196,0.3452,-0.0604,29.34
1789438670020,169.5757,22.8236,-0.0834,0.3078,0.2231,0.5196,29.32
1789438670024,167.4746,22.9318,0.3329,0.7046,0.5284,-0.1215,29.33
1789438670033,169.8522,22.8161,0.4281,-0.7301,0.0705,0.5196,29.31
1789438670043,168.4832,22.8877,-0.0361,0.2772,0.1621,0.2143,29.32
1789438670118,166.6232,22.9838,0.2835,-0.0280,0.2842,0.6111,29.35
1789438670118,169.4858,22.8437,-0.0129,0.2162,-0.3569,0.1533,29.34
1789438670118,170.1674,22.8128,0.5907,0.2162,0.9557,-0.2741,29.33
1789438670118,170.2515,22.8116,0.0727,0.2772,0.3452,0.2754,29.33
1789438670118,167.3978,22.9574,0.2556,0.6741,0.0705,-0.1215,29.32
1789438670118,166.9470,22.9831,0.4559,-0.8217,0.6199,0.4890,29.32
1789438670119,169.4205,22.8624,-0.0747,0.1551,-0.2042,0.0006,29.32
1789438670123,170.9789,22.7875,0.2764,-0.3027,0.1010,0.1533,29.31
1789438670133,169.3334,22.8729,-0.0980,0.4604,-0.0211,0.5806,29.33
1789438670143,167.4638,22.9694,0.6839,0.5520,0.3147,-0.8541,29.33
1789438670216,170.8961,22.8008,0.3597,0.0330,0.4368,0.4890,29.34
1789438670216,169.9144,22.8529,0.0150,0.0330,-0.2348,-0.1520,29.31
1789438670216,167.9111,22.9561,0.2757,-0.0891,0.4063,0.6111,29.32
1789438670216,169.5728,22.8761,0.0403,0.0025,-0.3263,0.0312,29.32
1789438670216,170.6030,22.8276,0.5123,0.0941,0.5284,0.2143,29.32
1789438670216,170.1853,22.8515,-0.1333,0.0025,-0.2958,0.1838,29.31
1789438670217,168.4517,22.9412,0.3576,0.1551,0.2842,-0.4267,29.31
1789438670223,170.4959,22.8421,0.5302,-0.2722,0.4978,0.8859,29.33
1789438670233,169.2343,22.9082,-0.0574,0.3993,0.2231,0.1838,29.32
1789438670243,167.3703,23.0044,0.2136,-0.3638,0.1621,0.1838,29.33
1789438670253,169.9702,22.8774,-0.0310,0.3993,0.1010,0.3364,29.31
1789438670322,170.6917,22.8444,0.6875,-0.0280,0.5284,-0.4878,29.32
1789438670322,169.9963,22.8822,-0.0237,-0.0891,-0.1737,-0.0909,29.33
1789438670322,167.6034,23.0050,0.2334,0.5520,0.1926,0.0006,29.34
1789438670322,168.6616,22.9551,0.2080,-0.0891,0.3452,0.7638,29.32
1789438670322,169.2160,22.9304,-0.0547,0.0330,-0.0211,0.0617,29.33
1789438670322,170.0620,22.8912,0.2509,-0.1196,0.1926,0.2754,29.33
1789438670323,169.0867,22.9430,-0.0738,0.2467,-0.0821,0.3364,29.33
1789438670333,169.2747,22.9367,0.3329,0.0330,0.3452,-0.3351,29.33
1789438670343,171.3008,22.8385,0.1154,-0.0585,0.0705,0.0617,29.32
1789438670416,168.0848,23.0022,0.0171,0.1857,-0.1127,-0.1825,29.33
1789438670416,167.5742,23.0308,0.2366,-0.5469,-0.0211,0.4280,29.33
1789438670416,168.9300,22.9660,-0.1668,0.0025,0.1010,-0.0909,29.33
1789438670416,170.4975,22.8907,0.5046,-0.0585,0.5894,0.1533,29.34
1789438670416,169.4133,22.9479,-0.0943,0.0941,-0.2042,0.1533,29.32
1789438670416,167.9574,23.0239,0.3611,0.1246,0.3147,-0.4572,29.33
1789438670417,170.9235,22.8786,0.6969,-0.7301,0.0705,0.7638,29.34
1789438670423,169.5065,22.9524,-0.0580,0.0025,-0.0211,-0.2130,29.32
1789438670434,167.9625,23.0327,0.2100,-0.3027,0.1621,0.3975,29.31
1789438670443,170.3376,22.9169,-0.1392,0.4909,0.1621,0.3364,29.34
1789438670561,171.3760,22.8681,0.7900,-0.0891,0.4368,-0.4267,29.32
1789438670561,172.1253,22.8336,-0.0172,0.2162,0.1621,0.2754,29.30
1789438670561,169.0458,22.9905,0.2766,0.6130,0.4063,-0.0604,29.32
1789438670561,170.2434,22.9337,0.3842,-0.8217,0.1621,0.4890,29.35
1789438670561,170.5034,22.9236,-0.0426,0.1857,0.1010,-0.0604,29.32
1789438670561,169.0476,22.9994,0.2682,0.1551,0.3757,0.6417,29.31
1789438670561,170.7615,22.9166,-0.0139,0.2162,-0.3874,0.1227,29.31
1789438670561,170.3167,22.9418,0.5419,0.3383,0.6505,-0.3657,29.32
1789438670561,172.0140,22.8600,-0.0622,0.5214,0.1315,0.3364,29.32
1789438670561,169.3697,22.9952,0.1586,0.2772,-0.0211,-0.1825,29.33
1789438670561,168.3532,23.0490,0.3963,-0.4554,0.4368,0.5501,29.30
1789438670629,170.6292,22.9381,-0.1091,0.0941,0.3147,0.0312,29.31
1789438670629,171.7121,22.8869,0.2770,-0.1806,0.1010,0.1838,29.32
1789438670629,170.6795,22.9415,-0.0333,0.3993,-0.0516,0.4890,29.32
1789438670629,171.9397,22.8815,0.5058,0.0636,0.5284,-0.7014,29.33
1789438670629,172.2240,22.8703,0.2540,0.0941,0.1315,0.0922,29.32
1789438670629,169.1854,23.0251,0.0816,0.1246,-0.0211,-0.2436,29.31
1789438670636,168.9871,23.0381,0.2384,-0.0280,0.3757,0.7332,29.33
1789438670636,169.9977,22.9905,-0.1353,0.0025,0.0705,-0.1520,29.32
1789438670643,171.8334,22.9017,0.4697,0.0330,0.5284,0.3364,29.33
1789438670717,170.0814,22.9923,-0.0909,0.0330,-0.3263,0.2143,29.33
1789438670717,169.6205,23.0184,0.3787,0.4299,0.6199,-0.0909,29.33
1789438670717,171.3311,22.9359,0.4890,-0.3943,0.0094,0.4280,29.32
1789438670717,170.3772,22.9865,-0.0104,0.3688,0.4063,0.1838,29.32
1789438670717,168.1053,23.1031,0.2212,-0.4859,0.0400,0.2754,29.32
1789438670717,169.8293,22.9807,-0.0979,0.3993,0.0705,0.1533,29.35
1789438670718,170.9396,22.9674,0.6541,0.0330,0.5589,0.1838,29.34
1789438670723,171.0192,22.9664,-0.1324,0.0330,-0.2042,0.1533,29.32
1789438670733,168.8100,23.0799,0.2893,0.1246,0.2231,-0.3657,29.33
1789438670743,171.3418,22.9564,0.4838,-0.6080,0.0400,0.6722,29.28
1789438670753,169.7598,23.0385,-0.0308,0.0636,-0.0516,-0.0604,29.31
1789438670839,167.8741,23.1357,0.1725,-0.1806,0.2536,0.4890,29.31
1789438670839,170.8374,22.9906,-0.0853,0.1857,-0.2653,0.0617,29.33
1789438670839,171.6313,22.9538,0.5984,-0.0280,0.4368,-0.4267,29.32
1789438670839,171.7883,22.9490,-0.0274,0.3383,0.2231,0.2448,29.35
1789438670839,168.9144,23.0957,0.3885,0.4299,-0.0516,-0.3962,29.32
1789438670839,172.8206,23.1363,0.8062,-1.2185,0.7115,0.4890,29.33
1789438670839,170.8085,23.0067,-0.0257,0.4909,0.2536,0.4280,29.32
1789438670839,169.3959,23.0802,0.2564,-0.3638,-0.0516,0.1533,29.34
1789438670843,170.6467,23.0207,0.0953,0.1551,-0.1737,0.3059,29.32
1789438670853,172.6328,22.9243,0.8710,0.3383,1.0168,-0.6099,29.32
1789438670921,172.0536,22.9562,-0.0018,-0.0280,0.1621,-0.0909,29.31
1789438670921,169.7935,23.0721,0.1798,0.5520,0.1621,-0.0299,29.32
1789438670921,169.0044,23.1146,0.3948,-0.7301,0.4978,0.6417,29.32
1789438670921,170.9720,23.0190,-0.0063,0.0636,0.0705,0.0617,29.33
1789438670921,171.7856,22.9812,0.2787,-0.2112,0.2231,0.1533,29.33
1789438670921,171.7743,22.9847,-0.1321,0.5520,0.0705,0.5196,29.32
1789438670926,172.4474,22.9539,0.5467,0.0941,0.4673,-0.6709,29.32
1789438670933,171.9029,22.9841,0.1842,0.0025,-0.0821,-0.0299,29.32
1789438670943,169.5313,23.1056,0.1707,0.2162,-0.0821,-0.3046,29.32
1789438671016,168.9059,23.1398,0.2803,-0.3943,0.6810,0.6417,29.32
1789438671016,171.1406,23.0309,0.0086,0.0025,-0.0821,-0.0909,29.30
1789438671016,172.0237,22.9896,0.3718,0.1246,0.4063,0.4280,29.32
1789438671016,170.6484,23.0613,-0.0807,0.0330,-0.3263,0.2754,29.31
1789438671016,172.8133,23.1436,0.5559,0.3383,0.7420,-0.5183,29.32
1789438671016,171.8846,23.0054,0.1599,-0.0585,0.0094,-0.0604,29.32
1789438671017,170.2763,23.0887,0.0451,0.2162,0.1010,0.0312,29.34
1789438671023,168.1805,23.1964,0.2575,-0.5164,-0.0821,0.3669,29.31
1789438671033,170.8774,23.0645,0.0774,0.3078,-0.2042,0.3059,29.31
1789438671043,171.5743,23.0325,0.3890,-0.3333,0.4978,0.1838,29.30
1789438671053,171.3096,23.0488,-0.0789,0.0636,-0.2653,0.1533,29.32
1789438671121,168.4879,23.1929,0.4406,0.1551,0.3147,-0.6099,29.31
1789438671121,171.7486,23.0328,0.5231,-0.5469,0.1926,0.4585,29.33
1789438671121,170.1938,23.1134,-0.0649,0.1246,0.2842,-0.2130,29.33
1789438671121,168.5593,23.1982,0.1444,-0.3333,0.1315,0.3975,29.32
1789438671121,170.3130,23.1134,-0.0391,0.5214,0.2231,0.3364,29.32
1789438671121,171.9640,23.0339,0.6211,-0.1501,0.2536,-0.1825,29.32
1789438671125,171.8335,23.0433,-0.0564,0.2772,0.1315,0.3364,29.33
1789438671133,169.5702,23.1594,0.3122,0.4909,0.2536,-0.0299,29.32
1789438671143,172.5212,23.0148,0.4083,-0.3943,0.2231,0.3364,29.32
1789438671153,169.8983,23.1488,0.0846,0.0941,-0.0516,-0.0604,29.32
1789438671219,168.6767,23.2128,0.2647,-0.0585,0.4673,0.5806,29.32
1789438671219,172.0599,23.0465,-0.0871,0.1857,-0.2042,-0.0299,29.33
1789438671219,172.9576,23.0044,0.4757,0.0636,0.3452,-0.0299,29.31
1789438671219,171.2970,23.0904,0.0202,0.0941,-0.1432,0.2143,29.32
1789438671219,169.4309,23.1866,0.3644,0.2467,0.1621,-0.4267,29.33
1789438671219,172.6975,23.0261,0.3833,-0.4859,0.5589,0.8248,29.32
1789438671223,171.8387,23.0718,-0.0775,0.4299,0.2842,0.1227,29.32
1789438671233,169.6538,23.1840,0.2992,-0.5164,0.1621,0.1838,29.31
1789438671243,170.7594,23.1315,0.0636,0.3993,-0.0821,0.4890,29.31
1789438671253,172.6078,23.0419,0.6456,0.1551,0.3757,-0.1825,29.33
1789438671321,173.4174,23.0043,-0.0683,0.0330,-0.0516,0.0922,29.32
1789438671321,170.4934,23.1533,0.2415,0.3078,0.1926,-0.2436,29.33
1789438671321,172.6217,23.0498,0.5259,-0.4554,0.4063,0.8248,29.32
1789438671321,171.0553,23.1309,-0.1038,-0.0280,0.0094,-0.1215,29.31
1789438671321,169.3047,23.2213,0.1653,-0.4248,0.0400,0.2754,29.32
1789438671321,171.6544,23.1066,-0.0952,0.2162,0.0094,0.2754,29.31
1789438671326,172.4605,23.0692,0.6456,0.0025,0.4368,-0.4878,29.31
1789438671333,171.7426,23.1080,-0.0147,0.0941,-0.0821,-0.0604,29.33
1789438671343,171.1551,23.1402,0.2712,0.5520,0.3147,-0.0909,29.33
1789438671353,172.7203,23.1483,0.2222,-0.3943,0.0705,0.5196,29.32
1789438671420,171.4042,23.1333,-0.0150,-0.0585,-0.0516,-0.1825,29.32
1789438671420,168.8156,23.2656,0.2904,-0.0585,0.4368,0.3669,29.33
1789438671420,171.0159,23.1585,-0.0115,0.1857,-0.4179,0.2754,29.31
1789438671420,171.8480,23.1198,0.3591,0.0636,0.4063,-0.2130,29.31
1789438671420,171.8896,23.1206,0.0526,0.0025,0.1926,0.0617,29.29
1789438671420,169.1785,23.2591,0.2092,0.2467,-0.1127,-0.3046,29.33
1789438671423,169.0248,23.2697,0.3294,-0.6690,0.2231,0.4280,29.32
1789438671433,170.7573,23.1859,-0.1929,0.3383,0.3147,0.1227,29.32
1789438671443,171.9971,23.1268,0.2929,-0.1806,0.0705,0.2448,29.31
1789438671517,171.1154,23.1739,0.0645,0.2772,-0.4179,0.3669,29.32
1789438671517,172.4123,23.1120,0.5753,0.2162,0.8336,-0.6099,29.32
1789438671517,172.7929,23.0958,0.2340,0.4604,0.2536,0.3975,29.33
1789438671517,170.2659,23.2250,0.1607,0.6435,0.2842,0.0312,29.33
1789438671517,169.5756,23.2624,0.3030,-0.3333,0.3452,0.6111,29.33
1789438671517,170.4597,23.2209,-0.0456,0.0330,-0.1432,0.1227,29.32
1789438671518,173.2053,23.0865,0.3328,-0.2112,0.1621,0.1838,29.32
1789438671523,172.4823,23.1255,-0.1069,0.4604,-0.1432,0.5501,29.37
1789438671533,173.4633,23.0793,0.5083,0.0330,0.4673,-0.6404,29.32
1789438671543,172.0402,23.1532,0.3915,-0.1806,0.0705,0.3975,29.32
1789438671618,169.9111,23.2625,0.1487,0.2467,-0.0516,-0.1215,29.33
1789438671618,170.5614,23.2328,0.2322,-0.2417,0.4673,0.6722,29.32
1789438671618,172.2405,23.1515,-0.0464,0.0941,-0.0821,-0.0299,29.33
1789438671618,172.0099,23.1659,0.4694,-0.0280,0.4978,0.2143,29.31
1789438671618,171.4169,23.1983,-0.0476,0.1857,-0.6011,0.2448,29.32
1789438671618,173.1255,23.1157,0.3675,0.1551,0.4063,-0.4878,29.32
1789438671620,173.8457,23.0825,0.1894,-0.0280,-0.0516,-0.1215,29.34
1789438671623,170.7039,23.2423,0.1010,0.1551,0.0094,-0.1825,29.33
1789438671633,170.0138,23.2796,0.3434,-0.6996,0.2536,0.3364,29.34
1789438671643,171.7461,23.1957,-0.0044,0.3383,0.1010,0.2143,29.32
1789438671653,173.6304,23.1042,0.3582,-0.1196,0.4063,0.2143,29.32
1789438671722,172.4990,23.1636,-0.0641,0.1551,-0.3569,0.2754,29.34
1789438671722,173.0865,23.1370,0.4693,0.3993,0.7726,-0.3962,29.31
1789438671722,172.6756,23.1603,0.1241,0.2162,0.3757,0.2754,29.33
1789438671722,170.3856,23.2776,0.1416,0.4909,0.1315,-0.0604,29.31
1789438671722,170.8241,23.2585,0.1848,-0.4859,0.0094,0.4280,29.32
1789438671722,171.3963,23.2326,-0.0290,0.3383,0.2536,0.2143,29.31
1789438671726,172.3753,23.1865,0.3039,-0.3333,0.2231,0.0617,29.32
1789438671733,171.8025,23.2180,-0.0832,0.4909,0.0705,0.4890,29.33
1789438671743,172.7166,23.1751,0.4591,0.0025,0.4673,-0.5183,29.33
1789438671754,172.6115,23.1832,0.1508,0.0025,-0.0821,0.0006,29.33
1789438671821,169.7930,23.3270,0.1084,0.1857,-0.2348,-0.2130,29.32
1789438671821,169.7987,23.3296,0.2466,-0.2112,0.3757,0.8248,29.33
1789438671821,171.5665,23.2440,-0.1704,0.1246,-0.0211,-0.1520,29.33
1789438671821,172.5207,23.1991,0.3276,0.0025,0.5284,0.4890,29.33
1789438671821,171.7373,23.2411,-0.1234,0.2467,-0.4484,0.3059,29.32
1789438671821,173.0265,23.1795,0.4634,0.0941,0.3757,-0.5793,29.33
1789438671823,173.3885,23.1642,0.4326,-0.1806,0.0400,-0.0299,29.30
1789438671833,170.8128,23.2958,0.0868,0.2467,-0.0516,-0.3046,29.31
1789438671843,170.0691,23.3358,0.2652,-0.5469,0.0705,0.3975,29.32
1789438671916,170.9403,23.2949,0.0032,0.3383,-0.2042,0.2448,29.33
1789438671916,173.8553,23.1520,0.4363,-0.0585,0.1926,0.2754,29.32
1789438671916,173.2457,23.1852,-0.0293,0.0636,-0.3874,0.1227,29.32
1789438671916,173.8508,23.1577,0.4684,0.4299,0.7726,-0.3046,29.34
1789438671916,172.4911,23.2284,0.4740,-0.3333,0.1315,0.4280,29.32
1789438671916,170.5051,23.3305,0.1238,0.4909,0.1315,0.0006,29.32
1789438671917,171.0818,23.3044,0.2312,-0.5469,0.1621,0.3669,29.32
1789438671923,172.8337,23.2195,-0.0593,0.1857,0.1926,0.0617,29.31
1789438671933,172.7737,23.2253,0.4544,-0.2417,0.1010,0.0617,29.31
1789438671943,172.2137,23.2560,-0.0577,0.4604,-0.1432,0.6417,29.32
1789438671953,173.6979,23.1845,0.5065,0.2772,0.4063,-0.4878,29.33
1789438672021,174.5905,23.1426,0.1101,0.1246,0.2231,0.0006,29.33
1789438672021,171.2762,23.3110,0.1580,0.4604,0.3147,0.1227,29.32
1789438672021,170.7487,23.3401,0.3579,-0.3943,0.5589,0.6417,29.35
1789438672021,172.1337,23.2736,0.0105,0.0025,-0.2042,0.0312,29.33
1789438672021,174.3929,23.1633,0.2851,-0.0891,0.4063,0.3059,29.31
1789438672021,173.3268,23.2193,-0.1676,0.1857,-0.2958,0.0922,29.32
1789438672023,173.8315,23.1969,0.4617,0.1551,0.5284,-0.7014,29.33
1789438672033,173.1580,23.2332,0.0849,-0.0280,0.1315,-0.0299,29.33
1789438672043,170.9882,23.3445,0.1872,0.2772,-0.1432,-0.3046,29.32
1789438672116,171.6153,23.3159,0.1900,-0.4248,0.0400,0.3669,29.33
1789438672116,172.1357,23.2925,-0.0236,0.2162,0.1010,0.1838,29.33
1789438672116,172.6145,23.2714,0.3383,-0.1806,0.2231,0.2448,29.32
1789438672116,172.2138,23.2942,0.0892,0.1551,-0.3874,0.2754,29.31
1789438672116,173.2168,23.2468,0.4570,0.3078,0.8031,-0.2436,29.32
1789438672116,173.1352,23.2537,-0.0380,0.3688,0.0400,-0.0909,29.32
1789438672118,170.1528,23.4055,0.1769,0.2772,0.1315,-0.2130,29.32
1789438672123,170.4309,23.3945,0.3619,-0.7606,0.2231,0.5196,29.32
1789438672133,171.8831,23.3246,-0.2054,0.3383,0.3757,-0.0299,29.32
1789438672143,170.2060,23.4112,0.2845,-0.3638,0.1315,0.1838,29.33
1789438672153,172.3217,23.3081,0.0292,0.2467,-0.2042,0.3059,29.32
1789438672221,173.7187,23.2411,0.7180,0.0941,0.7420,-0.6709,29.33
1789438672221,174.0046,23.2295,0.1235,-0.0585,-0.1127,-0.0604,29.32
1789438672221,171.3190,23.3665,0.2108,0.4299,0.2536,-0.1520,29.32
1789438672221,170.7753,23.3965,0.3751,-0.2417,0.6505,0.7638,29.33
1789438672221,171.7118,23.3523,0.0630,0.1551,-0.2958,0.0006,29.32
1789438672221,170.3981,23.4207,0.2601,-0.2722,0.1621,0.2448,29.31
1789438672223,173.6194,23.2623,-0.0801,0.5214,0.0705,0.5196,29.33
1789438672233,174.8201,23.2050,0.5750,-0.0280,0.3452,-0.4267,29.33
1789438672243,173.1711,23.2901,0.2652,0.1246,0.0094,0.5806,29.32
1789438672253,171.1589,23.3935,0.3319,0.7351,0.4368,-0.0299,29.33
1789438672321,174.3931,23.2345,0.3700,-0.7911,0.2231,0.4280,29.32
1789438672321,173.6034,23.2766,-0.0478,0.1246,0.0400,0.0617,29.33
1789438672321,171.3250,23.3932,0.3429,0.0330,0.4978,0.5196,29.32
1789438672321,172.9129,23.3165,0.0496,0.0330,-0.3569,0.0922,29.31
1789438672321,174.3881,23.2455,0.5869,0.2162,0.4368,0.1227,29.33
1789438672321,173.9264,23.2712,-0.1444,0.0025,0.0705,0.0617,29.31
1789438672326,171.9492,23.3727,0.3428,0.3078,0.3452,-0.2130,29.32
1789438672333,171.4353,23.4011,0.5590,-0.5775,0.4673,0.9164,29.33
1789438672343,171.1947,23.4160,0.0141,0.4299,0.4063,0.1227,29.33
1789438672354,170.4065,23.4582,0.2748,-0.5469,0.2536,0.0617,29.32
1789438672420,173.3103,23.3157,-0.0252,0.0941,-0.2042,0.1838,29.34
1789438672420,174.1164,23.2781,0.6017,0.1857,0.6505,0.0617,29.31
1789438672420,173.3481,23.3192,-0.0652,0.0025,-0.2653,0.1838,29.30
1789438672420,171.5772,23.4105,0.4422,0.2772,0.4063,-0.4878,29.33
1789438672420,174.2916,23.2774,0.2913,-0.2722,0.0400,0.1838,29.33
1789438672420,172.9611,23.3466,-0.0265,0.3383,0.3452,0.1533,29.34
1789438672423,170.6393,23.4654,0.2579,-0.5469,0.1621,0.3059,29.32
1789438672433,173.0529,23.3475,0.0005,0.5214,0.1010,0.4280,29.32
1789438672443,173.7646,23.3146,0.4428,-0.3027,0.3452,0.0312,29.32
1789438672518,173.7675,23.3171,-0.0660,0.1551,-0.1737,0.3059,29.39
1789438672518,170.7443,23.4710,0.4592,0.0941,0.2231,-0.5183,29.34
1789438672518,174.2158,23.3001,0.5526,-0.4248,0.0094,0.3364,29.36
1789438672518,172.4263,23.3923,0.0051,0.4299,0.2842,-0.0299,29.32
1789438672518,170.6151,23.4856,0.2529,-0.5775,0.0400,0.3975,29.33
1789438672518,172.9324,23.3724,-0.0620,0.4299,0.0094,0.3059,29.32
1789438672519,174.3988,23.3018,0.4645,-0.3333,0.2231,-0.0299,29.33
1789438672523,174.1821,23.3153,-0.0743,0.3993,0.0400,0.5196,29.31
1789438672533,171.8200,23.4361,0.4600,0.0330,0.3757,-0.5183,29.32
1789438672543,174.9501,23.2822,0.3141,0.1551,0.4978,0.3669,29.34
1789438672616,171.6482,23.4500,0.1973,0.3993,-0.1737,-0.3351,29.32
1789438672616,171.1882,23.4757,0.3583,-0.7301,0.4368,0.5806,29.32
1789438672616,173.4765,23.3638,-0.0194,0.0330,-0.2348,0.2143,29.32
1789438672616,175.1788,23.2814,0.3121,-0.2722,0.1926,0.1533,29.32
1789438672616,173.6976,23.3581,-0.0255,0.4604,-0.0516,0.6111,29.32
1789438672616,175.5277,23.2692,0.8720,0.3078,0.5589,-0.9456,29.31
1789438672618,175.0564,23.2954,0.1885,0.0025,-0.0211,-0.0299,29.32
1789438672623,172.6509,23.4183,0.1912,0.4604,0.0400,-0.0909,29.32
1789438672633,171.9900,23.4540,0.4315,-0.4554,0.8031,0.6722,29.32
1789438672643,173.7628,23.3680,0.0654,0.0025,-0.2042,0.0617,29.32
1789438672653,171.9472,23.4614,0.3136,-0.1196,0.4063,0.3975,29.32
1789438672721,174.5768,23.3325,-0.1095,0.1551,-0.2348,0.0922,29.33
1789438672721,175.3239,23.2978,0.4974,-0.1806,0.4978,-0.4572,29.32
1789438672721,174.8938,23.3219,-0.0190,0.3383,0.3147,0.2754,29.31
1789438672721,172.4153,23.4485,0.3002,0.3383,-0.0211,-0.2741,29.32
1789438672721,175.6766,23.2881,0.6649,-1.1269,0.4368,0.6722,29.33
1789438672721,173.8470,23.3821,-0.0250,0.2467,0.3147,0.0922,29.33
1789438672725,172.6356,23.4453,0.3059,-0.0891,0.2842,0.5196,29.32
1789438672733,173.7895,23.3902,0.0548,0.1857,-0.1432,0.0617,29.32
1789438672743,175.4150,23.3116,0.7383,0.3078,0.6505,-0.0909,29.32
1789438672753,173.4462,23.4127,-0.1246,-0.0585,-0.2348,0.1227,29.33
1789438672820,172.9085,23.4423,0.3166,0.0636,0.2536,-0.4572,29.32
1789438672820,174.8919,23.3458,0.6512,-0.4554,0.4063,0.9469,29.34
1789438672820,173.5270,23.4167,-0.0498,0.3993,0.2842,0.1838,29.33
1789438672820,171.5538,23.5180,0.2553,-0.5164,0.1315,0.2448,29.33
1789438672820,173.0246,23.3944,-0.1177,0.4909,0.2842,0.3059,29.33
1789438672820,174.6397,23.3691,0.6304,-0.1501,0.3147,-0.0299,29.33
1789438672823,174.4232,23.3826,-0.0679,0.3688,-0.1432,0.4280,29.33
1789438672833,172.3989,23.4864,0.3870,0.2467,0.1926,-0.3962,29.34
1789438672843,174.9494,23.3616,0.6206,-0.5469,0.1926,0.5501,29.33
1789438672853,173.4977,23.4368,-0.0081,0.0636,0.0094,-0.3657,29.33
1789438672920,171.1795,23.5554,0.2294,-0.4859,0.3452,0.4280,29.32
1789438672920,173.5037,23.4418,-0.1304,0.1246,-0.1737,0.0617,29.31
1789438672920,175.2735,23.3559,0.3755,-0.2417,0.3147,0.0922,29.32
1789438672920,174.4301,23.4007,-0.1421,0.2772,-0.1127,0.4280,29.29
1789438672920,172.3457,23.5076,0.6482,0.2772,0.3757,-0.7625,29.31
1789438672920,176.1592,23.3195,0.6089,-0.3638,-0.0211,0.2448,29.35
1789438672925,173.0016,23.4799,0.0886,0.2162,-0.0821,-0.2130,29.33
1789438672933,172.6337,23.5010,0.2735,-0.4248,0.1926,0.5806,29.31
1789438672943,174.4839,23.4110,0.0365,0.2162,-0.0516,0.3059,29.32
1789438673019,176.1643,23.3296,0.4389,0.0330,0.4673,0.3669,29.33
1789438673019,174.7875,23.4010,0.0324,0.0330,-0.4790,0.1533,29.32
1789438673019,174.5515,23.4154,0.5966,0.3993,0.8031,-0.5183,29.33
1789438673019,176.0423,23.3434,0.0094,0.3688,0.3147,0.3364,29.38
1789438673019,173.6489,23.4656,0.2164,0.2162,0.0094,-0.3351,29.32
1789438673019,176.2612,23.3376,0.5174,-0.8827,0.3757,0.3669,29.31
1789438673020,174.7985,23.4131,-0.1084,0.4604,0.4368,0.0922,29.32
1789438673023,172.3419,23.5386,0.2755,-0.2722,0.1315,0.2143,29.32
1789438673033,174.8491,23.4158,0.0114,0.2772,-0.1127,0.1838,29.33
1789438673043,175.8770,23.3671,0.7028,0.2467,0.7420,-0.0299,29.32
1789438673118,174.6913,23.3376,-0.0365,-0.0891,-0.1737,0.0312,29.30
1789438673118,173.2648,23.5027,0.3018,0.0636,0.2231,-0.4267,29.32
1789438673118,174.8075,23.4282,0.3777,-0.2722,0.2536,0.7027,29.32
1789438673118,174.0128,23.4705,-0.0247,0.1246,-0.0211,0.0006,29.32
1789438673118,173.1393,23.5168,0.1905,-0.3333,0.0094,0.3364,29.33
1789438673118,173.8987,23.4814,0.0042,0.4909,0.0400,0.3059,29.32
1789438673120,174.6893,23.4445,0.5315,-0.3333,0.3452,-0.1825,29.32
1789438673123,173.9411,23.4845,-0.0487,0.2467,-0.1432,0.4585,29.32
1789438673133,173.6127,23.5035,0.3098,-0.0585,0.2231,-0.3657,29.32
1789438673143,174.6783,23.4529,0.5069,-0.3943,0.1315,0.4890,29.33
1789438673217,173.8041,23.4992,0.0114,0.0941,-0.0821,-0.0909,29.32
1789438673217,171.9854,23.5928,0.2212,-0.4554,0.1621,0.4585,29.31
1789438673217,173.8035,23.5044,-0.2438,0.0636,0.1926,-0.0909,29.33
1789438673217,174.7774,23.4583,0.3348,-0.3943,0.1621,0.1227,29.32
1789438673217,173.9843,23.5006,-0.1076,0.3993,-0.0211,0.4585,29.29
1789438673217,175.4816,23.4284,0.5379,0.0941,0.5589,-0.7320,29.32
1789438673218,175.6929,23.4204,0.4233,-0.1196,0.0400,0.0006,29.32
1789438673223,172.7184,23.5717,0.1504,0.2467,-0.0516,-0.2741,29.32
1789438673233,172.4679,23.5869,0.3333,-0.3333,0.6199,0.6417,29.32
1789438673243,173.2652,23.5495,-0.1561,0.1551,0.0094,-0.1825,29.32
1789438673321,176.3451,23.3981,0.3050,0.0025,0.2231,0.3059,29.32
1789438673321,175.2002,23.4579,-0.0096,0.0941,-0.3569,0.2143,29.32
1789438673321,176.2622,23.4072,0.5390,0.0636,0.4368,-0.4267,29.32
1789438673321,174.8882,23.4785,0.2692,0.1857,0.2842,0.4280,29.31
1789438673321,172.7838,23.5863,0.3493,0.5520,0.3757,-0.2436,29.32
1789438673321,176.0785,23.4241,0.4256,-0.8827,0.2536,0.5501,29.31
1789438673325,175.1014,23.4753,-0.0423,0.1551,0.0400,-0.0299,29.31
1789438673325,173.7797,23.5440,0.3215,-0.1196,0.3147,0.5196,29.31
1789438673333,175.0455,23.4831,0.0370,0.0330,-0.1432,0.0922,29.32
1789438673343,176.4791,23.4139,0.5421,0.0330,0.5894,0.2143,29.34
1789438673353,175.7302,23.4538,-0.1682,0.0330,-0.1432,0.0617,29.34
1789438673420,173.8799,23.5488,0.4184,0.4604,0.5894,-0.1215,29.34
1789438673420,176.0043,23.4451,0.5787,-0.5775,0.1315,0.2448,29.32
1789438673420,174.2414,23.5357,0.0573,0.4604,0.2842,0.1227,29.33
1789438673420,172.7882,23.6109,0.2548,-0.6080,0.0400,0.4890,29.33
1789438673420,175.0882,23.4984,-0.0472,0.3078,0.1621,0.2754,29.31
1789438673420,176.1203,23.4493,0.4910,-0.1501,0.4368,0.0922,29.30
1789438673422,174.8896,23.5134,-0.0112,0.1551,-0.3569,0.3975,29.28
1789438673433,176.6609,23.4274,0.7126,0.5520,0.9862,-0.4572,29.32
1789438673443,175.7952,23.4731,0.0029,0.3993,0.3452,0.2754,29.32
1789438673453,173.9910,23.5658,0.1561,0.3078,0.0705,-0.1520,29.31
1789438673520,172.0609,23.6649,0.5063,-0.7911,0.4368,0.4585,29.32
1789438673520,174.8183,23.5295,-0.0086,0.5825,0.1315,0.2754,29.33
1789438673520,172.6398,23.6409,0.2285,-0.3333,0.0094,0.2143,29.32
1789438673520,175.2169,23.5147,-0.0906,0.2772,-0.0516,0.1533,29.35
1789438673520,175.5111,23.5025,0.7669,0.3688,0.8031,-0.2130,29.33
1789438673520,175.7643,23.4925,-0.0161,0.0636,-0.0821,0.0617,29.31
1789438673525,173.1227,23.6271,0.2767,0.1857,0.0400,-0.3962,29.32
1789438673533,175.7695,23.4974,0.5277,-0.4554,0.5589,0.9774,29.32
1789438673543,174.4482,23.5659,-0.0474,0.5520,0.1010,0.0922,29.31
1789438673554,172.2866,23.6766,0.2207,-0.4248,0.1315,0.1838,29.32
1789438673621,175.6788,23.5095,-0.0985,0.5520,0.2231,0.4280,29.33
1789438673621,176.4026,23.4758,0.5426,-0.1806,0.2536,-0.1215,29.34
1789438673621,175.3111,23.5329,-0.1245,0.3688,-0.1127,0.4585,29.33
1789438673621,173.3512,23.6335,0.6819,0.4909,0.2842,-0.7930,29.33
1789438673621,177.0725,23.4499,0.8409,-0.5469,0.2842,0.5196,29.32
1789438673621,174.2559,23.5932,0.0979,0.2467,0.1010,-0.1825,29.32
1789438673623,173.4346,23.6367,0.2560,-0.5469,0.1621,0.4585,29.34
1789438673633,175.5471,23.5336,0.0171,0.4299,-0.1737,0.2754,29.34
1789438673643,177.3114,23.4479,0.3856,-0.3027,-0.0516,0.0312,29.32
1789438673719,175.8971,23.5210,-0.0638,0.3688,0.0094,0.6417,29.32
1789438673720,175.5695,23.5399,0.6036,0.1551,0.4368,-0.6709,29.33
1789438673720,177.2814,23.4568,0.0718,0.0330,-0.1432,-0.0299,29.32
1789438673720,174.8069,23.5830,0.2732,0.7046,0.2842,0.1838,29.32
1789438673720,177.3472,23.4584,0.5328,-0.5164,0.8031,0.7943,29.32
1789438673720,175.8304,23.5367,-0.0704,0.1246,0.0705,-0.2130,29.32
1789438673721,173.2882,23.6662,0.2329,-0.3943,0.3147,0.2448,29.33
1789438673725,175.8801,23.5391,-0.0587,0.4909,0.2231,0.3669,29.32
1789438673733,176.9231,23.4894,0.6074,-0.1501,0.3757,-0.1825,29.33
1789438673743,175.5959,23.5582,-0.0960,0.3993,0.0094,0.4280,29.34
1789438673818,174.2062,23.6302,0.3648,0.2162,0.2536,-0.3351,29.32
1789438673818,175.7750,23.5542,0.4163,-0.4554,0.1621,0.3975,29.33
1789438673818,175.2984,23.5805,0.0220,0.1551,-0.0821,0.0006,29.33
1789438673818,174.0962,23.6431,0.1668,-0.2112,0.1010,0.6111,29.34
1789438673818,174.8437,23.6081,-0.0861,0.0025,-0.0516,-0.0299,29.32
1789438673818,175.6515,23.5702,0.3079,-0.2112,0.1010,0.0922,29.32
1789438673820,174.8704,23.6118,-0.0881,0.5214,0.0094,0.4890,29.31
1789438673823,176.0386,23.5559,0.3207,-0.0280,0.3757,-0.5183,29.32
1789438673833,175.5107,23.5848,0.1376,-0.1196,0.0705,-0.2741,29.32
1789438673843,173.0131,23.7122,0.1817,0.2467,0.1010,-0.2436,29.32
1789438673853,172.9119,23.7199,0.3525,-0.4248,0.5894,0.8248,29.32
1789438673920,174.3955,23.6481,-0.1210,0.0636,-0.0821,-0.1215,29.32
1789438673920,172.6775,23.7366,0.2422,-0.1501,0.3757,0.3975,29.32
1789438673920,175.0478,23.6206,-0.0023,0.1857,-0.3874,0.1838,29.32
1789438673920,176.6712,23.5419,0.6730,-0.0891,0.3757,-0.5183,29.31
1789438673920,176.0386,23.5410,-0.0666,0.3688,0.1621,0.3669,29.32
1789438673920,173.7557,23.6926,0.4353,0.7351,0.5894,-0.1520,29.33
1789438673925,176.9478,23.5354,0.5316,-0.6385,0.1621,0.6722,29.32
1789438673933,174.1782,23.6763,0.0993,0.3383,0.1926,0.0617,29.33
1789438673943,173.0097,23.7372,0.3094,-0.3027,0.7115,0.5196,29.31
1789438674018,175.5036,23.6149,-0.0317,0.1246,-0.2348,-0.0299,29.32
1789438674018,177.5794,23.5135,0.4555,0.1246,0.4978,0.4280,29.32
1789438674018,175.8873,23.6005,-0.0128,0.1551,-0.4179,0.2448,29.27
1789438674018,177.8756,23.7200,0.8499,0.8572,0.5284,-0.8541,29.31
1789438674018,177.2104,23.5393,0.2857,-0.0891,0.0400,-0.0604,29.32
1789438674018,175.1661,23.6439,0.1342,0.2162,-0.0211,-0.2436,29.33
1789438674020,174.0059,23.7044,0.4035,-0.7606,0.3757,0.3669,29.32
1789438674023,175.7889,23.6176,0.0490,0.3383,0.0094,0.3059,29.34
1789438674033,173.8692,23.7160,0.3291,-0.2112,0.5589,0.3059,29.31
1789438674043,176.6910,23.5773,-0.0496,0.0330,-0.2653,0.0922,29.30
1789438674053,177.1962,23.5544,0.6100,0.3078,0.5894,0.1227,29.32
1789438674119,176.1106,23.6111,-0.0469,0.0025,-0.2042,0.1227,29.33
1789438674119,174.1728,23.7105,0.4018,0.3383,0.1010,-0.4267,29.32
1789438674119,177.9994,23.5215,0.6885,-0.6080,0.1010,0.7027,29.32
1789438674119,176.1308,23.6173,-0.0392,0.3078,0.4063,0.1533,29.33
1789438674119,174.4781,23.7024,0.2527,-0.4859,0.1010,0.3975,29.32
1789438674119,175.7477,23.6413,-0.0293,0.3383,0.2536,0.2448,29.32
1789438674125,177.4332,23.5595,0.5457,-0.1806,0.4673,0.0922,29.32
1789438674133,175.6689,23.6501,0.0228,0.0941,-0.2042,0.3059,29.32
1789438674143,176.1949,23.6263,0.5495,0.5520,0.6199,-0.2130,29.32
1789438674154,177.0207,23.5875,0.3400,0.1551,0.3452,0.3669,29.31
1789438674221,175.1357,23.6842,0.1326,0.3993,0.1926,-0.0299,29.32
1789438674221,173.5742,23.7647,0.2874,-0.5164,0.1926,0.3975,29.32
1789438674221,175.0790,23.6919,-0.1566,0.4299,0.2231,0.2143,29.32
1789438674221,173.7094,23.7628,0.3024,-0.3333,0.1315,0.2448,29.32
1789438674221,176.6075,23.6203,-0.0837,0.2162,-0.1737,0.2143,29.32
1789438674221,176.7075,23.6178,0.6599,0.3078,0.6199,-0.0909,29.36
1789438674222,176.9849,23.6063,-0.0371,0.0636,-0.2348,0.0312,29.32
1789438674233,174.1459,23.7508,0.3468,0.2162,0.0094,-0.4878,29.33
1789438674243,177.2123,23.5999,0.7881,-0.7606,0.5894,0.8859,29.32
1789438674320,175.6944,23.6781,-0.0078,0.3993,0.2231,0.1533,29.33
1789438674320,173.9049,23.7700,0.2417,-0.4859,0.0705,0.3364,29.32
1789438674320,174.7438,23.7304,-0.0637,0.4604,0.1315,0.3364,29.30
1789438674320,177.7996,23.5800,0.6264,-0.3027,0.3757,-0.1215,29.32
1789438674320,176.9886,23.6229,-0.0313,0.0941,-0.3263,0.2754,29.31
1789438674320,179.3411,23.5075,0.5350,0.5214,0.7115,-0.1520,29.32
1789438674321,177.1638,23.6186,0.3698,-0.0585,0.4673,0.5196,29.32
1789438674325,174.5419,23.7520,0.1848,0.4604,0.1926,-0.0909,29.32
1789438674333,175.1727,23.7228,0.2632,-0.6080,0.2536,0.5196,29.32
1789438674343,176.5459,23.6564,-0.0331,0.4604,0.2536,0.2754,29.33
1789438674419,174.1628,23.7780,0.3291,-0.3638,0.1926,0.2143,29.32
1789438674419,176.0092,23.6881,0.0524,0.5520,-0.1432,0.6417,29.32
1789438674419,177.2946,23.6262,0.7458,-0.0891,0.2842,-0.4267,29.34
1789438674419,177.1477,23.6359,-0.1123,0.0941,-0.0821,0.3059,29.31
1789438674419,174.8240,23.7544,0.4155,0.4299,0.2231,-0.3657,29.32
1789438674419,177.4948,23.6233,0.6631,-0.7606,0.1010,0.3059,29.32
1789438674420,175.7507,23.7128,0.0476,0.2772,0.0094,-0.0604,29.32
1789438674423,174.2352,23.7909,0.2701,-0.6080,0.1926,0.3975,29.31
1789438674433,176.6399,23.6730,-0.0944,0.3993,0.1621,0.1533,29.33
1789438674443,177.1696,23.6488,0.3847,-0.1501,-0.0516,0.1838,29.33
1789438674453,175.8560,23.7169,-0.0399,0.5214,-0.0821,0.6111,29.34
1789438674520,178.1227,23.6061,0.8045,0.2162,0.8031,-0.7930,29.32
1789438674520,177.3481,23.6471,-0.0851,0.0330,-0.1127,0.0006,29.32
1789438674520,175.5763,23.7381,0.2277,0.4604,0.2842,-0.0604,29.32
1789438674520,177.4250,23.6482,0.6268,-0.6385,0.8641,0.8859,29.33
1789438674520,176.2017,23.7118,-0.0070,0.1551,-0.1432,-0.0909,29.31
1789438674520,173.9605,23.8262,0.1989,-0.3333,0.1621,0.3975,29.33
1789438674523,176.7941,23.6869,-0.1465,0.3688,0.2536,0.3364,29.31
1789438674533,177.1824,23.6699,0.6684,-0.2722,0.4368,-0.0909,29.32
1789438674543,177.2375,23.6695,-0.1105,0.3078,-0.0211,0.4585,29.31
1789438674650,174.6333,23.8021,0.3886,0.1551,0.3757,-0.5488,29.32
1789438674651,177.5984,23.6562,0.6048,-0.0585,0.3452,0.6111,29.31
1789438674651,174.5560,23.8108,0.0734,0.0330,-0.0516,-0.1825,29.32
1789438674651,173.9472,23.8436,0.2987,-0.6080,0.3452,0.4280,29.32
1789438674651,176.0719,23.7397,-0.1247,0.0636,-0.0821,-0.0299,29.32
1789438674651,177.7094,23.6602,0.2728,-0.1501,0.1010,0.2754,29.31
1789438674651,176.9989,23.6980,-0.1108,0.6435,0.0094,0.4890,29.28
1789438674651,178.1942,23.6407,0.9583,0.1857,0.4368,-0.7930,29.31
1789438674721,178.6735,23.6190,0.0754,0.2467,0.0094,0.2143,29.31
1789438674721,175.6421,23.7729,0.3038,0.5520,0.3757,-0.0604,29.32
1789438674721,176.6438,23.7252,0.5287,-0.9438,0.2842,0.5806,29.29
1789438674721,176.9126,23.7140,0.0102,0.1551,0.0400,-0.0909,29.33
1789438674721,175.3485,23.7946,0.2019,-0.3027,0.1621,0.4280,29.32
1789438674721,177.3237,23.6981,-0.0690,0.1857,-0.2042,0.0617,29.30
1789438674727,176.8894,23.7221,0.5672,-0.1806,0.2536,0.0312,29.31
1789438674727,176.5819,23.7398,-0.0958,0.3688,-0.4484,0.5196,29.32
1789438674727,177.9205,23.6752,0.3833,0.0941,0.3757,-0.5488,29.31
1789438674727,178.7129,23.6379,0.2336,-0.1501,-0.0821,-0.1215,29.33
1789438674733,175.5018,23.8008,0.2371,0.4299,0.0705,-0.0909,29.33
1789438674743,174.6739,23.8445,0.5518,-0.7301,0.8641,0.7943,29.32
1789438674754,176.4100,23.7599,0.0327,0.0330,-0.1127,0.0006,29.32
1789438674820,174.5733,23.8541,0.2089,-0.1806,0.3452,0.3669,29.32
1789438674820,177.2191,23.7241,-0.0395,0.3078,-0.2348,0.1838,29.32
1789438674820,178.0460,23.6850,0.5841,-0.1501,0.2842,-0.2130,29.31
1789438674820,176.8799,23.7457,-0.1228,0.4299,0.1010,0.5196,29.33
1789438674820,175.0378,23.8401,0.4633,0.3078,0.3757,-0.5793,29.33
1789438674820,177.7074,23.7089,0.2259,0.2772,0.4368,0.3364,29.33
1789438674824,176.1268,23.7903,0.0715,0.1857,-0.1737,-0.1215,29.32
1789438674833,173.8117,23.9084,0.3341,-0.4554,0.3452,0.6111,29.32
1789438674843,176.4563,23.7785,0.0092,0.1246,-0.2348,0.0312,29.32
1789438674854,177.5103,23.7282,0.2125,-0.1806,0.1926,0.3059,29.32
1789438674920,177.4340,23.7343,-0.1947,0.3383,0.2231,0.1533,29.32
1789438674920,177.6814,23.7244,0.7800,-0.0585,0.5589,-0.7320,29.32
1789438674920,178.0753,23.7070,0.0378,0.3383,0.0094,0.1838,29.33
1789438674920,175.3692,23.8447,0.2878,0.4909,0.4978,-0.0909,29.35
1789438674920,178.0749,23.7118,0.5693,-0.8522,0.2231,0.7332,29.32
1789438674920,176.3002,23.8028,-0.0156,0.0025,-0.1127,-0.2436,29.33
1789438674923,174.0742,23.9165,0.2359,-0.3027,0.3757,0.4280,29.32
1789438674933,176.4050,23.8023,-0.1554,0.2162,-0.0821,0.0922,29.34
1789438674943,178.3328,23.7082,0.4009,-0.2417,0.1926,-0.0299,29.32
1789438674953,177.1296,23.7707,-0.1065,0.4604,0.1621,0.4890,29.34
1789438675019,178.6976,23.6947,0.8830,0.4299,0.4368,-0.8541,29.32
1789438675019,179.0825,23.6777,0.4055,-0.0280,0.0705,-0.0299,29.34
1789438675019,176.0906,23.8296,0.2642,0.5520,0.2231,-0.1215,29.32
1789438675019,175.4380,23.8645,0.4338,-0.4554,0.6505,0.8553,29.31
1789438675019,177.4899,23.7642,-0.0089,-0.0585,0.1010,-0.3657,29.32
1789438675019,175.7849,23.8517,0.1936,-0.4859,0.1010,0.1227,29.32
1789438675026,177.9359,23.7464,-0.0457,0.4604,0.2536,0.3364,29.32
1789438675033,177.2745,23.7817,0.7899,-0.1196,0.5284,-0.5183,29.35
1789438675043,176.7414,23.8107,-0.0698,0.3383,-0.0821,0.5196,29.32
1789438675120,176.5764,23.8212,0.4590,0.1857,0.3452,-0.5793,29.32
1789438675120,179.2740,23.6885,0.4397,-0.0585,0.4673,0.3059,29.31
1789438675120,176.1645,23.8462,0.1187,0.5520,0.1315,0.1838,29.33
1789438675120,175.0817,23.9027,0.3560,-0.7301,0.3147,0.3364,29.33
1789438675120,176.9825,23.8099,-0.0902,0.0330,0.0705,0.0312,29.32
1789438675120,174.8558,23.9185,0.2311,-0.3027,-0.0211,0.0617,29.31
1789438675122,177.7803,23.7745,-0.0405,0.5214,0.0094,0.4280,29.31
1789438675122,178.3657,23.7475,0.7432,0.2772,0.4978,-0.1825,29.32
1789438675133,176.9417,23.8210,-0.0403,0.0025,-0.1432,0.0312,29.32
1789438675142,175.4433,23.8982,0.4008,0.3078,0.3452,-0.5793,29.32
1789438675218,178.2999,23.7577,0.3493,-0.2417,0.1010,0.2754,29.31
1789438675218,176.6718,23.8413,0.0319,0.1551,0.2536,0.0312,29.34
1789438675218,174.4017,23.9572,0.2638,-0.6690,0.2231,0.3364,29.33
1789438675218,177.0403,23.8275,-0.0331,0.4299,0.3147,0.4280,29.32
1789438675218,177.7500,23.7943,0.3559,-0.3333,0.1926,0.0006,29.32
1789438675218,177.7780,23.7952,-0.0500,0.2162,-0.1127,0.4585,29.34
1789438675220,177.9607,23.7884,0.7273,0.1857,0.8336,-0.5488,29.32
1789438675224,178.3588,23.7708,0.0321,0.0330,-0.1127,-0.0299,29.36
1789438675233,175.5259,23.9148,0.2473,0.2467,0.1010,-0.4267,29.33
1789438675243,178.2612,23.7804,0.5641,-0.5469,0.6199,1.0385,29.33
1789438675253,176.6166,23.8649,-0.0054,0.4299,0.1010,0.0312,29.33
1789438675321,174.6136,23.9674,0.2203,-0.5469,0.1315,0.1533,29.31
1789438675321,174.6398,23.9686,0.0275,0.3688,0.1315,0.2754,29.31
1789438675321,177.1799,23.8441,0.6184,-0.2417,0.2842,-0.1520,29.33
1789438675321,177.3903,23.8359,-0.0272,0.3383,-0.1432,0.4280,29.34
1789438675321,179.2335,23.7461,1.0647,0.9183,0.6505,-0.9762,29.32
1789438675321,179.9114,23.7144,0.3615,0.3688,0.2536,-0.1215,29.38
1789438675322,176.9935,23.8625,0.1978,0.5520,0.2536,-0.0299,29.33
1789438675333,176.4092,23.8939,0.3533,-0.3943,0.5589,0.9469,29.36
1789438675343,178.2787,23.8027,-0.0440,0.1246,-0.0211,-0.1825,29.33
1789438675353,176.4850,23.8946,0.2260,-0.4248,0.1926,0.1533,29.33
1789438675420,178.2690,23.8018,-0.0638,0.4299,0.0400,0.3975,29.32
1789438675420,177.9890,23.8238,0.8021,-0.1806,0.3757,-0.4572,29.33
1789438675420,177.5364,23.8486,-0.0751,0.2772,-0.0821,0.4890,29.32
1789438675420,177.1136,23.8720,0.5467,0.2162,0.2842,-0.5183,29.33
1789438675420,179.9541,23.7321,0.2424,0.3078,0.4368,0.2143,29.33
1789438675420,176.6510,23.8995,0.1486,0.4299,0.2536,0.0006,29.33
1789438675425,175.7952,23.9445,0.4123,-0.7301,0.4978,0.4585,29.32
1789438675433,177.3563,23.8687,-0.0630,0.3078,0.2536,0.0617,29.33
1789438675443,175.4839,23.9645,0.2322,-0.2417,0.1010,0.2448,29.33
1789438675454,178.1885,23.8315,0.0160,0.2772,-0.1432,0.0922,29.32
1789438675520,178.7789,23.8043,0.7276,0.0330,0.6505,0.0312,29.32
1789438675520,177.4348,23.8737,-0.0526,0.1246,-0.1432,0.1838,29.32
1789438675520,175.7673,23.9594,0.6475,0.4909,0.3757,-0.7014,29.33
1789438675520,178.5827,23.8209,0.2644,-0.0280,-0.0211,0.0006,29.32
1789438675520,176.7670,23.9139,0.1202,0.4604,0.2536,0.0006,29.32
1789438675520,175.0166,24.0037,0.3464,-0.7301,0.2536,0.2448,29.33
1789438675523,177.8318,23.8651,-0.0186,0.4604,0.4063,0.4280,29.32
1789438675533,175.4603,23.9859,0.2697,-0.4248,0.2536,0.1533,29.33
1789438675543,177.9168,23.8654,-0.0134,0.2467,-0.0516,0.1227,29.32
1789438675553,178.7361,23.8267,0.7805,0.3383,0.8947,-0.0604,29.33
1789438675620,178.5690,23.8373,-0.1321,0.1857,-0.1737,0.0617,29.33
1789438675620,175.8314,23.9765,0.4285,0.3078,0.3147,-0.4878,29.32
1789438675620,178.9307,23.8238,0.6111,-0.5775,0.0705,0.4890,29.32
1789438675620,177.3087,23.9071,0.0536,0.4909,0.4063,0.3059,29.32
1789438675620,175.0178,24.0240,0.3406,-0.4859,0.6505,0.6111,29.34
1789438675620,177.6753,23.8933,-0.1407,0.1551,-0.0211,-0.1825,29.32
1789438675625,179.1749,23.8205,0.3068,-0.2112,0.2536,0.2754,29.30
1789438675633,178.2443,23.8693,-0.0653,0.3383,-0.2653,0.4280,29.32
1789438675643,179.6922,23.7992,0.9996,-0.0280,0.7115,-0.8541,29.32
1789438675652,180.0171,23.7851,0.0443,0.2772,0.2231,0.2448,29.33
1789438675728,177.0488,23.9357,0.3215,0.4299,0.3452,-0.2130,29.33
1789438675728,178.0403,23.8883,0.6057,-0.8827,0.2536,0.5806,29.35
1789438675728,178.3632,23.8744,0.0201,0.1246,-0.0211,-0.0909,29.32
1789438675728,176.6900,23.9603,0.2183,-0.4859,0.0400,0.3975,29.31
1789438675728,178.6870,23.8626,-0.0546,0.2772,-0.1737,0.1838,29.31
1789438675728,178.3676,23.8807,0.4664,-0.2722,0.1010,-0.0299,29.31
1789438675728,177.7302,23.9147,0.0716,0.4299,-0.2348,0.5806,29.32
1789438675733,179.5008,23.8284,0.6679,0.0636,0.4673,-0.5793,29.33
1789438675743,180.0414,23.8035,0.0058,0.0025,-0.0211,0.0312,29.35
1789438675752,176.6464,23.9754,0.3108,0.1857,0.0400,-0.3351,29.33
1789438675826,179.4611,23.8368,0.6693,-0.8522,0.3147,0.5196,29.32
1789438675826,178.0227,23.9109,0.0369,0.1857,-0.2042,-0.0909,29.33
1789438675826,176.0863,24.0099,0.2186,-0.6080,0.2536,0.2754,29.32
1789438675826,178.5391,23.8893,-0.0888,0.4909,0.1926,0.3669,29.33
1789438675826,179.1845,23.8592,0.3945,-0.2722,0.0705,0.0922,29.32
1789438675826,177.7362,23.9339,-0.0467,0.4909,0.0094,0.5501,29.31
1789438675826,180.1718,23.8144,1.0131,0.3383,0.7420,-0.7930,29.32
1789438675832,179.0415,23.8731,-0.0914,0.0636,-0.2042,0.0006,29.33
1789438675843,177.4043,23.9572,0.2591,0.3078,0.1010,-0.3046,29.32
1789438675922,179.1921,23.8700,0.6621,-0.4248,0.3147,0.7943,29.29
1789438675922,178.0389,23.9298,-0.0046,0.0941,-0.0211,-0.0604,29.32
1789438675922,175.8635,24.0408,0.2521,-0.4859,0.0705,0.3059,29.32
1789438675922,177.5213,23.9601,-0.1652,0.4909,0.3452,0.3059,29.34
1789438675922,178.7348,23.9018,0.4770,-0.3027,0.1010,0.1227,29.31
1789438675922,178.7352,23.9039,-0.0825,0.2772,-0.0516,0.3364,29.32
1789438675924,178.6054,23.9127,0.5109,0.4909,0.9557,-0.3962,29.30
1789438675924,179.2809,23.8811,0.0492,0.3688,0.2231,0.3364,29.32
1789438675933,176.4262,24.0261,0.2493,0.3383,-0.1127,-0.3046,29.32
1789438675943,179.4612,23.8766,0.7558,-1.0048,0.6810,0.7332,29.32
1789438676016,178.1398,23.9448,-0.0683,0.3688,0.3452,0.1227,29.33
1789438676016,175.8296,24.0625,0.2664,-0.5164,0.2536,0.2143,29.33
1789438676016,176.8488,24.0136,-0.0544,0.1857,-0.0211,0.2754,29.31
1789438676016,180.1626,23.8502,0.6457,-0.1196,0.4978,0.1227,29.32
1789438676016,179.3588,23.8925,-0.0521,0.1551,-0.2958,0.2754,29.31
1789438676016,180.1010,23.8575,0.5122,0.4299,0.6810,-0.3351,29.31
1789438676018,178.6147,23.9340,0.6032,-0.4248,0.3757,0.6417,29.32
1789438676023,176.4765,24.0431,0.2596,0.3078,-0.0211,-0.4572,29.33
1789438676033,179.9003,23.8740,0.4319,-0.7301,0.1621,0.5501,29.33
1789438676043,179.0968,23.9162,-0.0098,0.3078,0.3757,0.0312,29.34
1789438676053,176.7814,24.0342,0.3521,-0.4554,0.4368,0.2448,29.31
1789438676132,178.8796,23.9314,0.0959,0.2772,-0.3569,0.2143,29.32
1789438676132,179.8772,23.8837,0.5029,-0.0585,0.5284,0.2448,29.32
1789438676132,179.6348,23.8979,-0.0836,0.1246,-0.3569,0.0922,29.31
1789438676132,180.3915,23.8622,0.6192,0.4604,0.8031,-0.4267,29.32
1789438676132,179.9121,23.8883,0.1007,0.4604,0.3757,0.4280,29.31
1789438676132,177.0647,24.0328,0.2867,0.3383,0.0094,-0.3962,29.32
1789438676132,180.8195,23.8472,0.7744,-1.0964,0.4978,0.7332,29.33
1789438676132,178.9949,23.9405,-0.0546,0.4909,0.4978,0.1533,29.35
1789438676143,177.3427,24.0252,0.2863,-0.0891,0.3147,0.6111,29.31
1789438676153,178.4859,23.9701,-0.0161,0.1857,-0.1737,0.0617,29.33
1789438676220,180.4583,23.8737,0.5030,0.1551,0.4978,0.4280,29.32
1789438676220,178.5376,23.9718,-0.0690,0.0941,-0.3569,0.2448,29.33
1789438676220,178.8525,23.9583,0.4698,0.2467,0.6199,-0.2741,29.33
1789438676220,179.6253,23.9218,0.0977,0.4299,0.1621,0.3975,29.31
1789438676220,177.6772,24.0214,0.2792,0.0941,0.1621,-0.3046,29.32
1789438676220,178.9472,23.9602,0.4593,-0.7301,0.1926,0.5806,29.35
1789438676226,177.7422,24.0226,-0.0462,0.3688,0.2842,0.0617,29.33
1789438676233,175.9453,24.1149,0.2831,-0.1196,0.4978,0.6722,29.32
1789438676243,177.9057,24.0190,-0.1368,0.1551,-0.0211,-0.2436,29.31
1789438676253,179.1407,23.9594,0.3332,-0.0585,0.3147,0.1838,29.36
1789438676321,178.4844,23.9944,-0.0836,0.0636,-0.4179,0.2754,29.33
1789438676321,180.1500,23.9133,0.6501,0.0636,0.6199,-0.8541,29.32
1789438676321,180.2277,23.9115,0.0899,0.0636,0.0094,0.0922,29.32
1789438676321,177.0963,24.0702,0.3131,0.7046,0.3757,-0.0909,29.33
1789438676321,180.0081,23.9268,0.4390,-0.7301,0.1621,0.5196,29.32
1789438676321,177.4728,24.0556,0.1120,0.2162,-0.2042,0.0006,29.32
1789438676323,176.1985,24.1215,0.2500,-0.3638,0.4673,0.4890,29.33
1789438676333,178.7522,23.9959,-0.0606,0.1857,-0.2042,0.0312,29.33
1789438676343,180.6333,23.9039,0.3765,-0.2112,0.3147,0.1838,29.32
1789438676415,178.8581,23.9948,-0.0577,0.4909,-0.0516,0.4890,29.32
1789438676415,181.1185,23.8839,1.1824,0.6130,0.6199,-1.1288,29.31
1789438676415,180.3522,23.9243,0.0780,0.0941,0.0094,-0.0604,29.32
1789438676415,178.2674,24.0306,0.2630,0.4299,0.2842,-0.1215,29.33
1789438676415,180.8655,23.9029,0.8171,-1.2490,0.6199,0.6111,29.31
1789438676415,179.2487,23.9858,0.0299,0.0941,0.0094,-0.0909,29.33
1789438676417,177.1428,24.0932,0.2918,-0.3638,0.2842,0.4890,29.34
1789438676423,179.3269,23.9860,-0.0363,0.1246,-0.2958,0.0617,29.32
1789438676433,180.7676,23.9161,0.3531,-0.3027,0.1926,0.1227,29.32
1789438676443,179.5200,23.9806,-0.0769,0.4909,-0.0211,0.7027,29.31
1789438676518,180.7458,23.9214,0.7529,-0.0585,0.5589,-0.7930,29.33
1789438676518,181.1033,23.9056,0.0824,-0.0280,-0.1127,0.0006,29.32
1789438676518,177.5291,24.0864,0.3315,0.3383,0.2536,-0.3962,29.33
1789438676518,179.6293,23.9835,0.3902,-0.4859,0.0705,0.4585,29.33
1789438676518,178.7281,24.0306,0.0205,0.0941,0.0705,-0.1520,29.34
1789438676518,178.1008,24.0641,0.1797,-0.3638,-0.0516,0.4585,29.32
1789438676518,178.4987,24.0462,-0.0601,0.0941,-0.0211,0.0922,29.33
1789438676522,179.3957,24.0036,0.3638,-0.3027,0.1010,-0.0299,29.31
1789438676533,178.5469,24.0481,0.0116,0.3993,-0.1432,0.4890,29.32
1789438676543,179.7646,23.9894,0.5660,0.0025,0.7726,-0.2436,29.32
1789438676553,179.3720,24.0112,-0.0053,0.1857,-0.0516,0.0922,29.31
1789438676621,176.6394,24.1499,0.3014,0.1551,0.2231,-0.3351,29.32
1789438676621,179.9522,23.9864,0.5830,-0.7301,0.0094,0.5806,29.34
1789438676621,178.5155,24.0603,-0.0174,0.1857,-0.1127,-0.2741,29.31
1789438676621,176.4155,24.1675,0.2683,-0.6385,0.1621,0.3975,29.32
1789438676621,178.5790,24.0614,-0.0811,0.4909,0.1621,0.3669,29.33
1789438676621,180.2966,23.9777,0.3439,-0.1501,0.1010,0.1838,29.32
1789438676625,179.8135,24.0039,-0.0131,0.2467,-0.1432,0.3059,29.30
1789438676633,180.5394,23.9697,0.7721,0.4299,0.9252,-0.2436,29.31
1789438676643,179.6534,23.9638,-0.0771,0.0330,-0.1432,0.0617,29.37
1789438676653,177.2624,24.1378,0.5590,0.4604,0.2231,-0.6099,29.33
1789438676723,181.5870,23.9237,1.0107,-0.9438,0.2536,0.6111,29.33
1789438676723,179.1322,24.0484,0.0895,0.4909,0.1926,0.0922,29.32
1789438676723,177.7138,24.1214,0.2634,-0.6080,-0.0516,0.3059,29.32
1789438676723,179.7659,24.0208,0.0232,0.5214,0.3757,0.3364,29.32
1789438676723,177.9113,23.9494,0.3194,-0.2417,-0.0516,0.2754,29.31
1789438676723,179.7467,24.0259,0.0570,0.1246,-0.2348,0.1838,29.33
1789438676723,179.8400,24.0233,0.8098,0.3078,0.9252,-0.2741,29.34
1789438676733,178.9518,24.0697,-0.0243,0.0941,-0.2958,0.1838,29.37
1789438676742,178.8396,24.0774,0.4494,0.5520,0.6199,-0.0299,29.33
1789438676752,181.4854,23.9472,0.4247,-0.2417,0.0400,0.0006,29.34
1789438676822,178.1143,24.1177,0.0738,0.2467,0.0400,-0.1215,29.33
1789438676822,177.5683,24.1470,0.3293,-0.8217,0.2842,0.3364,29.32
1789438676822,179.0799,24.0734,0.0081,0.4299,0.0705,0.2448,29.33
1789438676822,177.0565,24.1767,0.2831,0.1246,0.5284,0.5196,29.32
1789438676822,180.1162,24.0257,-0.0919,0.0636,-0.2348,0.0617,29.30
1789438676822,180.8079,23.9932,0.6498,0.1551,0.3452,0.1227,29.32
1789438676825,179.5567,24.0578,-0.1406,0.1857,-0.3263,0.3364,29.30
1789438676832,177.5580,24.1599,0.5613,0.4299,0.4978,-0.5793,29.31
1789438676843,180.2458,24.0274,0.1038,0.0636,-0.0516,0.1227,29.31
1789438676919,178.2883,24.1274,0.2016,0.2467,-0.2348,-0.3046,29.32
1789438676919,176.6643,24.2108,0.5135,-1.0353,0.5589,0.3364,29.31
1789438676919,179.1517,24.0885,0.0129,0.1857,0.0705,0.0617,29.33
1789438676919,176.9856,24.1989,0.2475,0.0330,0.4673,0.7027,29.33
1789438676919,180.0742,24.0465,-0.1281,0.1857,-0.0211,-0.0604,29.30
1789438676919,180.3167,24.0365,0.5070,-0.1501,0.4063,0.1533,29.32
1789438676920,180.0204,24.0534,-0.1621,0.0330,-0.2348,0.0922,29.30
1789438676922,180.3205,24.0405,0.5807,0.1551,0.4368,-0.7014,29.32
1789438676933,180.8552,24.0158,0.3270,0.0636,-0.0821,0.0312,29.32
1789438676943,177.9416,24.1636,0.2654,0.1551,0.1010,-0.3046,29.32
1789438676953,180.9504,24.0153,0.6949,-1.0964,0.5894,0.7027,29.31
1789438677020,179.2347,24.1031,-0.0533,0.0636,0.2231,0.0006,29.32
1789438677020,177.5027,24.1917,0.2282,-0.2112,0.3147,0.5196,29.31
1789438677020,178.1325,24.1622,-0.0162,0.0636,-0.1737,0.0312,29.33
1789438677020,181.1686,24.0125,0.5106,0.0025,0.3147,0.2754,29.32
1789438677020,180.2785,24.0591,-0.1023,0.1857,-0.4790,0.2754,29.33
1789438677020,181.4249,24.0038,0.4964,0.1246,0.4978,-0.6709,29.32
1789438677026,179.9518,24.0794,0.4044,-0.2112,-0.1432,0.2754,29.35
1789438677033,177.4578,24.2062,0.3925,0.8572,0.5284,-0.1520,29.33
1789438677043,181.2735,24.0174,0.5345,-0.7301,0.2231,0.5196,29.32
1789438677119,180.5056,24.0577,-0.0184,0.0330,-0.0516,-0.1215,29.32
1789438677119,177.9805,24.1861,0.2569,-0.3333,0.2536,0.5196,29.32
1789438677119,179.9673,24.0887,0.0497,0.1551,-0.1737,0.1227,29.31
1789438677119,180.9426,24.0419,0.3256,-0.3027,0.1315,0.1533,29.30
1789438677119,180.5828,24.0619,-0.1227,0.4909,0.1010,0.5196,29.34
1789438677119,181.5304,24.0166,0.6613,-0.0891,0.4368,-0.4267,29.31
1789438677121,180.1724,24.0864,-0.0146,0.0330,-0.1127,0.0922,29.33
1789438677122,178.0206,24.1961,0.5140,0.3688,0.1315,-0.5488,29.32
1789438677133,182.0810,23.9951,0.8062,-0.6385,0.1010,0.5806,29.32
1789438677143,178.5643,24.1728,0.0831,0.4604,0.2536,0.0006,29.32
1789438677153,178.6625,24.1700,0.2279,-0.4554,0.1621,0.4280,29.33
1789438677220,179.7223,24.1190,-0.0094,0.4299,-0.0821,0.2448,29.32
1789438677220,178.7041,24.1719,0.2546,-0.2112,-0.0516,0.3364,29.34
1789438677220,179.4928,24.1345,0.0386,0.4909,0.0094,0.3364,29.32
1789438677220,180.6360,24.0794,0.6008,0.0330,0.4368,0.0617,29.34
1789438677220,179.5720,24.1346,-0.1158,0.1551,-0.2042,0.2143,29.32
1789438677220,179.2677,24.1519,0.4489,0.3078,0.6505,-0.0604,29.33
1789438677225,180.2354,24.1056,0.3924,-0.2722,0.2231,0.1533,29.33
1789438677233,177.2810,24.2553,0.1234,0.2772,0.0705,-0.2130,29.34
1789438677243,177.3239,24.2553,0.4231,-0.7911,0.1926,0.4280,29.33
1789438677254,178.9816,24.1743,-0.1325,0.3993,0.3452,0.0922,29.33
1789438677320,177.3667,24.2571,0.2999,-0.2112,0.5284,0.4890,29.32
1789438677320,179.3843,24.1583,0.0030,0.1551,-0.1127,0.0006,29.32
1789438677320,181.1133,24.0740,0.5438,0.1246,0.6505,0.2143,29.35
1789438677320,180.3185,24.1157,-0.0365,-0.0585,-0.3263,0.1533,29.32
1789438677320,181.3077,24.0684,0.5160,0.2772,0.4978,-0.4878,29.32
1789438677320,181.4870,24.0614,0.2830,0.0636,0.2536,0.1227,29.32
1789438677322,178.2237,24.2266,0.3969,0.4604,-0.1737,-0.4267,29.32
1789438677333,182.1821,24.0307,1.0033,-1.5543,0.8031,0.4890,29.37
1789438677343,180.2272,24.1304,-0.0152,0.3993,0.1621,0.1838,29.33
1789438677353,178.4353,24.2220,0.2702,-0.0585,0.4063,0.8248,29.31
1789438677422,180.6275,24.1143,0.0828,0.2162,-0.2958,0.1838,29.32
1789438677422,182.4169,24.0269,0.4799,0.1857,0.4978,0.4890,29.33
1789438677422,180.9528,24.1020,-0.0062,0.2467,-0.4484,0.2754,29.36
1789438677422,180.4729,24.1280,0.6964,0.0025,0.6199,-0.7625,29.32
1789438677422,182.2313,24.0420,-0.0085,0.4909,0.0705,0.4280,29.35
1789438677422,179.5282,24.1792,0.3303,0.3078,0.4063,-0.3657,29.34
1789438677426,182.3673,24.0391,0.5662,-0.6385,0.1010,0.5196,29.31
1789438677432,180.8291,24.1179,0.0163,0.1551,-0.1737,-0.1215,29.33
1789438677443,178.3307,24.2448,0.3170,-0.5164,0.4978,0.4890,29.33
1789438677517,180.0446,24.1611,0.0033,0.1246,-0.3263,0.0312,29.32
1789438677517,177.9849,24.2660,0.2774,-0.1806,-0.0211,0.1838,29.32
1789438677517,180.7202,24.1311,-0.0778,0.4604,0.1010,0.3975,29.31
1789438677517,181.6008,24.0891,0.8266,0.1551,0.2536,-0.3046,29.34
1789438677517,180.1995,24.1611,0.0068,0.0636,-0.1127,0.2448,29.34
1789438677517,178.3541,24.2554,0.6320,0.4299,0.2842,-0.7320,29.33
1789438677518,180.9996,24.1251,0.1946,0.0636,0.2536,-0.0299,29.31
1789438677522,179.5521,24.1995,0.1318,0.3688,0.1926,0.0006,29.33
1789438677533,177.1999,24.3192,0.5827,-0.8217,0.9252,0.5196,29.33
1789438677543,180.1669,24.1728,0.0437,0.0330,-0.0516,-0.1825,29.32
1789438677553,177.7900,24.2936,0.2234,-0.4248,0.3147,0.3364,29.32
1789438677622,180.6053,24.1548,-0.1395,0.1857,0.0400,-0.0604,29.32
1789438677622,181.1188,24.1312,0.5185,-0.2417,0.1926,0.0006,29.32
1789438677622,181.0755,24.1354,-0.1919,0.3993,0.1621,0.3059,29.30
1789438677622,180.7551,24.1534,0.5481,0.1246,0.4063,-0.6099,29.33
1789438677622,181.4517,24.1206,0.1715,-0.0585,-0.0211,-0.0909,29.31
1789438677622,178.5428,24.2681,0.2325,0.3383,0.1621,-0.3351,29.31
1789438677625,181.5649,24.1190,0.8794,-0.9132,0.9862,0.8859,29.28
1789438677633,179.8719,24.2056,-0.0338,0.0025,-0.0211,-0.2741,29.32
1789438677643,178.2663,24.2879,0.2736,-0.4554,0.0705,0.4280,29.33
1789438677654,178.9023,24.2580,-0.0711,0.4299,0.0400,0.3059,29.32
1789438677720,182.2409,24.0931,0.4495,-0.3333,0.2231,0.0312,29.32
1789438677720,181.2128,24.1464,0.0686,0.4299,-0.2653,0.4585,29.32
1789438677720,182.2667,24.0957,0.6581,0.2467,0.8641,-0.1520,29.32
1789438677720,180.6559,24.1782,0.2677,-0.1196,-0.1737,0.2143,29.33
1789438677720,178.3974,24.2931,0.5198,0.4299,0.1621,-0.7014,29.31
1789438677720,182.1366,24.1080,0.5473,-0.6080,0.0705,0.5806,29.32
1789438677722,179.5804,24.2377,0.0677,0.3688,0.2231,0.0312,29.33
1789438677733,178.4616,24.2957,0.4355,-0.9438,0.2842,0.3059,29.32
1789438677743,180.8220,24.1795,0.0579,0.3993,0.3147,0.3669,29.32
1789438677753,178.6697,24.2890,0.2757,-0.0585,0.4673,0.4890,29.32
1789438677820,181.6047,24.1441,-0.0576,0.2162,-0.0821,0.0617,29.32
1789438677820,182.2363,24.1145,0.5316,0.0330,0.6505,0.1533,29.32
1789438677820,181.1758,24.1695,-0.0963,0.0941,-0.3874,0.3059,29.31
1789438677820,183.0998,24.0752,0.7115,0.3993,0.4673,-0.7014,29.33
1789438677820,183.0095,24.0815,0.2396,-0.0280,0.0400,0.0006,29.32
1789438677820,179.2446,24.2717,0.2836,0.5825,0.1621,-0.1215,29.32
1789438677825,181.3869,24.1665,0.3354,-0.6996,0.1926,0.4585,29.32
1789438677833,180.4203,24.2168,0.0148,0.0941,-0.0516,-0.1215,29.32
1789438677843,179.3469,24.2725,0.1509,-0.3638,0.2231,0.4585,29.32
1789438677854,180.0900,24.2372,-0.0971,0.2772,0.0400,0.0006,29.31
1789438677921,181.1052,24.1885,0.3641,-0.3333,0.2842,0.1227,29.32
1789438677921,180.4904,24.2212,-0.0221,0.5825,0.0094,0.6417,29.39
1789438677921,181.4899,24.1732,0.5720,0.0330,0.2231,-0.4267,29.33
1789438677921,181.2509,24.1871,-0.0197,0.0941,-0.1432,0.0312,29.27
1789438677921,178.0325,24.3500,0.4106,0.3383,0.1010,-0.5183,29.32
1789438677921,181.9219,24.1575,0.6140,-0.6690,-0.0516,0.5806,29.32
1789438677923,180.2302,24.2440,0.0226,0.5214,0.3757,0.0312,29.32
1789438677933,177.9834,24.3584,0.3326,-0.7911,0.1621,0.4585,29.32
1789438677943,180.2293,24.2481,-0.0242,0.5214,0.2231,0.3364,29.32
1789438677954,178.0359,24.3597,0.3499,-0.3943,0.1621,0.0006,29.30
1789438678020,181.6794,24.1795,-0.0278,0.2467,-0.1127,0.1838,29.31
1789438678020,182.2290,24.1540,0.7288,0.2467,0.7115,0.1838,29.32
1789438678020,181.0654,24.2141,-0.0782,0.1551,-0.2348,0.1838,29.33
1789438678020,178.9891,24.3199,0.7607,0.9793,0.5589,-0.5488,29.32
1789438678020,182.9984,24.1213,0.6632,-0.2722,0.2536,0.0922,29.30
1789438678020,179.6885,24.2887,0.2310,0.3383,-0.1737,-0.2130,29.31
1789438678025,181.0974,24.3040,0.4846,-0.8522,0.2536,0.6722,29.31
1789438678033,181.3853,24.2076,0.0032,0.3688,0.3147,0.0312,29.32
1789438678043,179.6731,24.2951,0.2763,-0.1196,0.4063,0.7332,29.32
1789438678119,181.4723,24.2070,-0.0503,0.0025,-0.2653,-0.0299,29.32
1789438678119,181.2576,24.2196,0.5875,0.0330,0.6199,0.2448,29.32
1789438678119,180.8493,24.2419,-0.0284,0.1246,-0.5400,0.3669,29.31
1789438678119,182.5285,24.1598,0.6940,0.0941,0.6505,-0.8235,29.34
1789438678119,183.1776,24.1292,-0.1021,0.3993,0.2536,0.4585,29.32
1789438678119,179.4736,24.3163,0.3174,0.3078,0.3757,-0.3657,29.33
1789438678120,182.3710,24.1733,0.6902,-0.6080,0.3452,0.5196,29.32
1789438678122,179.3159,24.3279,0.0808,0.0941,-0.1737,-0.1825,29.33
1789438678133,179.3159,24.3300,0.4628,-0.6996,0.7420,0.6111,29.33
1789438678143,181.6702,24.2140,-0.0790,0.0941,0.0094,-0.1520,29.33
1789438678153,180.0040,24.2992,0.2410,-0.3027,0.1010,0.1533,29.31
1789438678220,181.1186,24.2454,-0.0854,0.5825,0.1315,0.3059,29.33
1789438678220,182.9587,24.1553,0.7639,-0.2417,0.2842,-0.1520,29.31
1789438678220,180.8634,24.2620,-0.0785,0.3078,0.0400,0.7027,29.32
1789438678220,181.2382,24.2452,0.4970,0.1551,0.5894,-0.3962,29.31
1789438678220,181.8697,24.2156,0.2826,0.2467,0.0400,0.1838,29.29
1789438678220,180.1647,24.3028,0.2067,0.3078,0.1926,-0.1520,29.32
1789438678225,181.4327,24.2414,0.4562,-0.2722,0.6199,0.8553,29.32
1789438678233,180.1730,24.3062,-0.0905,0.1551,0.2842,-0.0909,29.33
1789438678243,178.5805,24.3879,0.2517,-0.6690,0.2536,0.3364,29.33
1789438678254,180.3345,24.3021,-0.0736,0.3383,0.0705,0.0922,29.33
1789438678320,181.6922,24.2362,0.4344,-0.2417,0.2536,0.0922,29.32
1789438678320,180.9244,24.2764,0.0298,0.1857,-0.3263,0.2448,29.35
1789438678320,182.4493,24.2022,0.7581,0.3078,0.7726,-0.3657,29.34
1789438678320,182.6984,24.1915,-0.0071,0.0636,-0.1432,0.0617,29.31
1789438678320,179.4822,24.3543,0.3691,0.5520,0.6199,-0.0604,29.31
1789438678320,182.7199,24.1943,0.5579,-0.1806,0.3757,0.7332,29.32
1789438678322,179.0622,24.3791,0.1939,0.4299,-0.0211,-0.3351,29.32
1789438678333,178.7144,24.3984,0.6192,-0.9132,1.0778,0.4585,29.32
1789438678343,181.3268,24.2695,0.0493,0.1246,-0.1737,0.0617,29.32
1789438678418,179.7839,24.3485,0.2209,-0.2112,0.2842,0.4280,29.30
1789438678418,181.3423,24.2725,0.0027,0.0636,-0.2042,0.0617,29.33
1789438678418,183.1703,24.1830,0.7282,-0.2112,0.2842,0.0312,29.32
1789438678418,182.0668,24.2400,-0.1116,0.0636,-0.0516,0.3669,29.32
1789438678418,181.4122,24.2746,0.5677,0.1246,0.5589,-0.6709,29.33
1789438678418,183.1811,24.1880,0.1643,-0.0280,-0.1127,0.0312,29.32
1789438678419,180.2972,24.3341,0.2974,0.6130,0.4978,-0.0909,29.34
1789438678423,183.5115,24.1752,0.7220,-0.8522,0.1926,0.5501,29.32
1789438678433,182.0560,24.2498,-0.0466,0.0636,0.0400,-0.0909,29.32
1789438678443,179.5307,24.3779,0.2678,-0.3943,0.3452,0.5501,29.33
1789438678453,180.8398,24.3143,-0.0282,0.1246,-0.1737,0.0617,29.32
1789438678521,183.4243,24.1868,0.3103,-0.2722,0.1010,0.1838,29.32
1789438678521,181.7960,24.2701,-0.1126,0.4604,0.1926,0.5196,29.32
1789438678521,182.8649,24.2185,0.8516,-0.0585,0.5284,-0.4572,29.32
1789438678521,181.3271,24.2973,-0.0076,0.2467,-0.0211,0.3364,29.37
1789438678521,179.5179,24.3897,0.5097,0.2467,0.3757,-0.4878,29.32
1789438678521,182.5232,24.2412,0.1015,0.3078,0.3757,0.2143,29.33
1789438678522,180.4661,24.3459,0.1681,0.3383,0.1926,-0.2130,29.33
1789438678533,182.4011,24.2512,0.6301,-0.9743,0.5284,0.5196,29.21
1789438678543,181.3087,24.3076,-0.0352,0.3993,0.3452,0.2448,29.30
1789438678553,178.7870,24.4355,0.3001,-0.5164,0.2536,0.2754,29.33
1789438678620,180.9400,24.3298,-0.0916,0.2162,-0.0211,0.0922,29.31
1789438678620,182.4314,24.2572,0.5476,0.0330,0.6199,0.3059,29.32
1789438678620,181.9700,24.2821,-0.1403,0.0636,-0.2348,0.0312,29.33
1789438678620,181.8899,24.2881,0.6187,0.1551,0.5589,-0.7014,29.33
1789438678620,182.6138,24.2537,-0.0250,0.4909,0.1010,0.3364,29.31
1789438678620,179.7881,24.3969,0.3450,0.6435,0.4978,0.0006,29.33
1789438678625,182.7224,24.2521,0.8804,-0.5469,0.1926,0.9164,29.32
1789438678633,179.6052,24.4098,0.0311,0.1246,-0.1127,-0.1825,29.33
1789438678645,179.2496,24.4295,0.3095,-0.3333,0.6199,0.7027,29.31
1789438678757,179.9041,24.3985,-0.0184,0.1551,-0.2348,-0.0299,29.33
1789438678757,178.8550,24.4528,0.2829,-0.3027,0.1315,0.2143,29.34
1789438678757,182.2150,24.2867,-0.0263,0.4299,0.1315,0.3669,29.31
1789438678757,183.4933,24.2246,0.5651,-0.3027,0.2842,-0.1215,29.32
1789438678757,181.5714,24.3226,0.0243,0.2467,0.0705,0.6722,29.34
1789438678757,183.6878,24.2187,1.0043,0.9183,0.7115,-0.8235,29.32
1789438678757,183.0862,24.2505,0.1501,0.3688,0.3147,0.3364,29.32
1789438678757,180.9140,24.3609,0.2557,0.1857,0.1010,-0.3657,29.32
1789438678757,183.6087,24.2281,0.8196,-0.7911,0.4978,0.7943,29.34
1789438678757,181.9846,24.3111,0.0155,0.3993,0.4673,0.1838,29.32
1789438678757,179.6958,24.4273,0.3352,-0.5164,0.3757,0.5196,29.32
1789438678826,182.2318,24.3023,-0.1997,0.0636,0.0400,-0.2436,29.34
1789438678826,183.5582,24.2377,0.3226,-0.2112,0.1010,0.1533,29.34
1789438678826,182.4092,24.2970,-0.0060,0.3078,0.0400,0.3669,29.34
1789438678826,183.4477,24.2469,0.7133,0.1246,0.6199,-0.0299,29.33
1789438678826,182.1256,24.3148,-0.0892,0.0636,-0.2958,0.0922,29.30
1789438678826,180.4175,24.4021,0.5329,0.6741,0.6810,-0.2741,29.32
1789438678832,182.5298,24.2983,0.3321,0.1246,0.2231,0.2143,29.33
1789438678833,179.7724,24.4380,0.1825,0.2467,0.0705,-0.3657,29.33
1789438678843,183.0041,24.2782,0.3416,-0.6080,0.1926,0.5196,29.33
1789438678935,181.3554,24.3624,-0.0314,0.2162,0.4063,0.1838,29.32
1789438678935,178.8912,24.4875,0.3432,-0.0585,0.5284,0.6722,29.33
1789438678935,181.5251,24.3576,0.0375,0.2772,-0.1432,0.1838,29.32
1789438678935,182.3537,24.3180,0.3532,0.0636,0.4978,0.4890,29.32
1789438678935,182.0458,24.3353,-0.0960,0.1246,-0.3569,0.1533,29.33
1789438678935,182.5404,24.3125,0.7720,0.0025,0.5589,-0.6709,29.33
1789438678935,182.2081,24.3310,-0.0562,0.4299,0.1315,0.4585,29.36
1789438678935,179.7803,24.4542,0.3912,0.2467,0.2842,-0.3657,29.33
1789438678935,183.2569,24.2823,0.6358,-0.2112,0.5589,0.7027,29.34
1789438678942,179.9653,24.4487,0.1254,0.1246,0.0094,-0.3351,29.32
1789438678953,179.2060,24.4885,0.5298,-0.7606,0.9252,0.6111,29.32
1789438679021,181.4801,24.3765,-0.1061,0.1551,-0.0516,-0.0909,29.31
1789438679021,179.7722,24.4637,0.2394,-0.4248,0.1315,0.2143,29.33
1789438679021,182.3100,24.3387,-0.0397,0.5214,0.1926,0.2754,29.32
1789438679021,183.8527,24.2634,0.6964,-0.2417,0.1926,0.0617,29.32
1789438679021,182.9987,24.3079,-0.0305,0.3383,-0.1432,0.4585,29.31
1789438679021,183.6639,24.2764,0.6452,0.5520,0.8641,-0.3351,29.33
1789438679022,182.1845,24.3522,0.3982,-0.1501,-0.1432,0.3364,29.35
1789438679033,179.6507,24.4807,0.4632,0.5214,0.1621,-0.6709,29.32
1789438679043,183.5526,24.2874,0.6069,-0.7301,0.2536,0.5196,29.31
1789438679117,181.1524,24.4092,0.0338,0.1551,0.1010,-0.0604,29.32
1789438679117,180.3233,24.4525,0.4077,-0.5469,0.4368,0.4890,29.32
1789438679117,181.7449,24.3832,0.1003,0.1857,-0.1737,0.1227,29.31
1789438679117,180.2680,24.4588,0.2792,-0.1501,0.4368,0.4585,29.32
1789438679117,183.1032,24.3188,-0.1043,0.1246,-0.1737,0.1227,29.32
1789438679117,183.7531,24.2881,0.5369,-0.2112,0.3452,0.0312,29.31
1789438679118,182.5089,24.3521,-0.0778,0.4299,-0.0516,0.3975,29.32
1789438679123,183.8167,24.2885,0.6200,0.1246,0.4368,-0.7930,29.31
1789438679133,184.4033,24.2609,0.1377,-0.2112,0.0094,-0.0909,29.31
1789438679143,180.4359,24.4611,0.3068,0.3688,0.1926,-0.4267,29.31
1789438679152,182.8963,24.3399,0.4547,-0.6996,0.1315,0.4890,29.32
1789438679220,182.0031,24.3863,0.0326,0.2162,0.1926,0.0006,29.32
1789438679220,181.2265,24.4269,0.1957,-0.4554,-0.0516,0.3364,29.32
1789438679220,181.6605,24.4070,-0.0526,0.3993,0.3452,0.3669,29.31
1789438679220,179.2992,24.5269,0.3185,-0.2417,0.2231,0.2754,29.32
1789438679220,181.5537,24.4160,0.0859,0.3993,-0.3263,0.3059,29.32
1789438679220,183.0503,24.3429,0.5054,0.1857,0.7115,0.2143,29.29
1789438679223,182.7270,24.3609,-0.0409,0.0025,-0.2958,0.1227,29.31
1789438679232,183.2906,24.3346,0.6392,0.5520,0.9557,-0.4572,29.32
1789438679243,183.2871,24.3366,0.0283,0.2772,0.3757,0.2448,29.32
1789438679253,180.4789,24.4788,0.2642,0.3078,-0.0211,-0.3046,29.31
1789438679319,183.3843,24.3354,0.7995,-1.1880,0.4368,0.6417,29.34
1789438679319,181.6058,24.4261,0.0289,0.3078,0.1926,0.0617,29.32
1789438679319,179.4652,24.5350,0.2748,-0.2112,0.4063,0.6111,29.31
1789438679319,182.0191,24.4090,-0.1844,0.1551,0.2536,-0.1215,29.33
1789438679319,183.7884,24.3223,0.3034,0.0330,0.2536,0.4890,29.33
1789438679319,182.5782,24.3847,-0.0075,0.2162,-0.3874,0.0617,29.31
1789438679324,183.9540,24.3177,0.8256,-0.0891,0.4978,-0.3046,29.30
1789438679333,183.2205,24.3562,-0.0988,0.3993,0.1926,0.5196,29.29
1789438679343,181.1053,24.4637,0.5794,0.2467,0.3452,-0.5793,29.33
1789438679416,182.4752,24.3969,0.6979,-0.6080,0.5589,0.7332,29.32
1789438679416,180.1090,24.5171,0.2383,0.6435,0.4368,0.0006,29.32
1789438679416,183.8956,24.3295,0.4740,-0.5775,0.4063,0.8859,29.32
1789438679416,183.0620,24.3728,-0.0169,0.1551,-0.0821,-0.0299,29.33
1789438679416,180.1397,24.5207,0.3298,-0.5469,0.2536,0.3975,29.32
1789438679416,182.5567,24.4017,0.0582,0.6130,0.0400,0.4890,29.33
1789438679417,183.8809,24.3372,0.3958,-0.3333,0.1926,0.0617,29.32
1789438679422,183.6012,24.3529,-0.0659,0.3078,-0.1432,0.2448,29.30
1789438679433,184.1877,24.3253,0.7618,0.2772,0.7115,-0.0604,29.32
1789438679443,182.9743,24.3877,-0.0574,0.0941,-0.2042,0.2143,29.31
1789438679517,180.6423,24.5061,0.6840,0.8267,0.5589,-0.4572,29.32
1789438679517,184.7441,24.3027,0.4651,-0.0585,0.1315,0.1838,29.33
1789438679517,180.9069,24.4963,0.2456,0.3383,-0.0516,-0.3046,29.31
1789438679517,183.1812,24.3844,0.3452,-0.6385,0.1315,0.3975,29.33
1789438679517,182.1826,24.4360,0.0036,0.1551,0.1010,0.0312,29.33
1789438679517,181.4902,24.4724,0.1908,-0.0585,0.1926,0.7638,29.32
1789438679518,182.1215,24.4426,-0.0016,0.0941,-0.2348,0.0312,29.32
1789438679523,183.0541,24.3977,0.2900,-0.0891,0.2842,0.2143,29.30
1789438679533,182.2214,24.4412,-0.0544,0.3993,-0.2653,0.4890,29.31
1789438679543,183.0968,24.3992,0.5155,-0.1196,0.3757,-0.2130,29.32
1789438679553,182.9331,24.4092,-0.0445,0.0941,0.1315,0.3364,29.33
1789438679621,179.7188,24.5718,0.5702,0.3383,0.3147,-0.6709,29.32
1789438679621,183.7334,24.3728,0.4490,0.0941,0.4673,0.1838,29.34
1789438679621,180.5171,24.5354,0.1676,0.4909,0.3147,0.0922,29.32
1789438679621,183.8353,24.3713,0.6164,-0.8827,0.7420,0.7638,29.33
1789438679621,181.9902,24.4653,-0.0063,0.0636,0.0705,-0.2130,29.33
1789438679621,179.7382,24.5797,0.2616,-0.4859,0.0705,0.2754,29.33
1789438679622,182.1606,24.4603,-0.0916,0.4299,0.2842,0.2448,29.30
1789438679633,183.8867,24.3758,0.4252,-0.2722,0.1315,-0.0604,29.32
1789438679643,183.0329,24.4202,-0.0024,0.1246,-0.2348,0.2448,29.29
1789438679653,184.4041,24.3535,1.0116,0.2162,0.9862,-0.4267,29.33
1789438679720,183.3649,24.4072,-0.0487,0.0330,-0.2958,0.0617,29.32
1789438679720,181.2796,24.5132,0.5992,0.7046,0.7420,-0.2436,29.32
1789438679720,182.8779,24.4350,0.6698,-0.6996,0.0705,0.5501,29.26
1789438679720,180.5383,24.5537,0.1804,0.3078,-0.0516,-0.2741,29.32
1789438679720,184.3148,24.3666,0.4580,-0.8827,0.3147,0.5196,29.33
1789438679720,183.2057,24.4236,-0.0020,0.0941,0.0705,-0.0909,29.32
1789438679725,180.9364,24.5388,0.2965,-0.2417,0.2536,0.5501,29.33
1789438679733,182.7369,24.4505,0.0583,0.0941,-0.3263,0.0312,29.33
1789438679743,184.2271,24.3777,0.4014,-0.1501,0.3147,0.1533,29.33
1789438679754,183.7282,24.4043,-0.0798,0.2467,0.0094,0.2754,29.33
1789438679820,184.5677,24.3640,0.6835,-0.0891,0.4673,-0.3351,29.33
1789438679820,183.5882,24.4147,-0.0174,0.2162,0.0705,0.2143,29.29
1789438679820,181.3406,24.5288,0.4723,0.1246,0.1926,-0.5183,29.32
1789438679820,185.0312,24.3460,0.4218,0.2467,0.5284,0.3975,29.33
1789438679820,181.3210,24.5332,0.2050,0.3688,0.1315,-0.2741,29.31
1789438679820,183.3441,24.4338,0.3703,-0.6080,0.4063,0.6722,29.31
1789438679822,182.3604,24.4847,-0.0801,0.4299,0.3452,0.2448,29.34
1789438679833,181.6339,24.5227,0.2279,-0.2722,0.0094,0.4585,29.32
1789438679843,182.5635,24.4780,0.0150,0.3078,0.0094,0.2448,29.34
1789438679853,183.3583,24.4400,0.3766,0.0636,0.4673,0.4585,29.30
1789438679920,182.6242,24.4785,-0.0064,0.1857,-0.3263,0.2754,29.32
1789438679920,183.4658,24.4382,0.4777,-0.3333,0.4368,-0.2130,29.32
1789438679920,182.9037,24.4681,-0.1264,0.3993,0.1315,0.4890,29.32
1789438679920,180.1110,24.6096,0.5637,0.3078,0.2231,-0.7930,29.33
1789438679920,184.1647,24.4087,0.4582,-0.2417,0.2536,-0.0299,29.32
1789438679920,180.9972,24.5688,0.2097,0.7351,0.3757,0.0617,29.32
1789438679925,184.0799,24.4164,0.6609,-0.6690,0.7420,0.9469,29.31
1789438679933,182.2616,24.5091,-0.0260,0.0330,0.0094,-0.1520,29.33
1789438679943,180.1991,24.6140,0.2570,-0.4859,0.2231,0.3975,29.32
1789438679954,182.8735,24.4820,-0.0305,0.3688,0.0094,0.3059,29.32
1789438680022,184.5534,24.3997,0.3898,-0.2112,0.0400,0.1227,29.32
1789438680022,183.3789,24.4601,0.0600,0.3078,-0.3263,0.2754,29.31
1789438680022,184.8009,24.3908,1.0867,0.3688,0.8336,-0.1825,29.32
1789438680022,183.6925,24.4478,-0.0631,-0.0585,-0.3569,0.1533,29.32
1789438680022,181.9474,24.5368,0.5214,0.4909,0.6505,-0.3657,29.32
1789438680022,181.5964,24.5561,0.6950,-0.6996,0.2231,0.4890,29.32
1789438680024,179.7587,24.6498,0.3174,0.3993,-0.0211,-0.3962,29.31
1789438680033,184.2742,24.4258,0.5547,-0.9132,0.3452,0.6111,29.31
1789438680043,183.5143,24.4654,0.0074,0.1246,0.1315,0.0312,29.33
1789438680054,181.1854,24.5835,0.3320,-0.1196,0.3452,0.7943,29.33
1789438680120,183.3709,24.4759,0.0942,0.1551,-0.2042,-0.0299,29.31
1789438680120,181.3364,24.5793,0.3204,-0.1806,0.2536,0.2754,29.33
1789438680120,183.9534,24.4501,-0.0907,0.3993,0.0705,0.4280,29.32
1789438680120,184.8564,24.4066,0.5508,-0.2417,0.1621,-0.0909,29.30
1789438680120,183.8706,24.4575,-0.0158,0.3383,-0.2042,0.5501,29.32
1789438680120,185.1925,24.3932,0.8747,0.4604,0.4978,-0.9151,29.33
1789438680125,185.5885,24.3750,0.2339,-0.0585,0.0094,-0.0909,29.30
1789438680133,181.6884,24.5716,0.3067,0.2162,0.1315,-0.3657,29.32
1789438680143,183.8946,24.4630,0.4329,-0.3943,0.1926,0.7027,29.33
1789438680154,183.1827,24.5002,-0.0072,0.3688,0.3147,0.2754,29.33
1789438680220,182.0266,24.5597,0.1798,-0.5469,-0.0516,0.4280,29.33
1789438680220,182.4362,24.5409,0.0053,0.2772,0.0705,0.3059,29.32
1789438680220,180.3040,24.6493,0.3182,0.0025,0.5589,0.5501,29.31
1789438680220,182.6564,24.5335,0.0195,0.2467,-0.2348,0.0617,29.32
1789438680220,183.7936,24.4783,0.4549,-0.2417,0.4978,0.1533,29.32
1789438680221,183.2873,24.5054,-0.0474,0.1551,-0.4790,0.2143,29.33
1789438680222,184.2727,24.4579,0.7757,0.1857,0.6199,-0.9762,29.33
1789438680233,184.4104,24.4527,0.1174,0.0941,0.1010,0.1227,29.33
1789438680243,181.2399,24.6129,0.3023,0.4604,0.3757,-0.1520,29.32
1789438680253,184.3373,24.4598,0.7394,-0.9743,0.1621,0.7027,29.29
1789438680320,182.5611,24.5504,0.0656,0.2772,0.0094,-0.1215,29.34
1789438680320,180.4634,24.6571,0.3579,-0.7301,0.3757,0.4585,29.34
1789438680320,182.9258,24.5356,-0.1194,0.4299,0.0094,0.0312,29.31
1789438680320,180.9986,24.6337,0.2946,-0.4248,0.2842,0.1533,29.33
1789438680320,183.5708,24.5067,0.0105,0.2467,0.0094,0.1533,29.33
1789438680320,184.9730,24.4383,0.6426,0.1551,0.5894,0.3059,29.31
1789438680325,183.9798,24.4897,-0.0374,0.1551,-0.2958,0.3364,29.31
1789438680333,184.9418,24.4432,0.6143,0.2772,0.6505,-0.5793,29.32
1789438680343,183.6126,24.5114,0.4804,-0.1196,0.3147,0.4585,29.32
1789438680354,181.2254,24.6324,0.4673,0.8877,0.4673,-0.3351,29.32
1789438680420,184.8972,24.4504,0.5435,-0.2722,0.4673,0.6722,29.26
1789438680420,182.5214,24.5708,0.0979,0.1857,-0.1737,-0.1825,29.31
1789438680420,181.1971,24.6387,0.6226,-0.6080,1.0778,0.7638,29.32
1789438680420,183.4882,24.5257,0.0646,0.1246,-0.2653,-0.0299,29.31
1789438680420,181.6200,24.6208,0.2784,-0.5164,0.1315,0.3059,29.31
1789438680420,183.7842,24.5141,-0.1303,0.3383,0.2231,0.1838,29.34
1789438680422,185.3662,24.4366,0.4353,-0.1806,0.1315,0.2143,29.32
1789438680433,184.2843,24.4924,0.0751,0.3078,-0.2042,0.3975,29.30
1789438680443,185.3666,24.4400,0.8030,0.4299,0.8641,-0.2741,29.31
1789438680453,183.8217,24.5187,-0.0615,0.0025,-0.1432,0.1227,29.31
1789438680520,181.9584,24.6136,0.6135,0.7351,0.6810,-0.3351,29.32
1789438680520,184.2069,24.5028,0.4197,-0.3638,0.1315,0.1227,29.32
1789438680521,181.2435,24.6526,0.1706,0.3078,-0.1737,-0.3962,29.33
1789438680521,184.6809,24.4824,0.2824,-0.7301,0.1926,0.2754,29.32
1789438680521,183.0268,24.5667,-0.0009,0.1246,0.0094,-0.0604,29.33
1789438680521,180.6842,24.6855,0.2826,-0.3027,0.5589,0.5501,29.32
1789438680524,183.3221,24.5553,0.0625,0.0636,-0.2042,0.0312,29.32
1789438680533,184.3805,24.5040,0.2521,-0.1501,0.1621,0.2754,29.34
1789438680543,184.0812,24.5207,-0.1207,0.2162,0.0094,0.1227,29.31
1789438680553,184.5222,24.5004,0.8189,-0.0585,0.4063,-0.4267,29.32
1789438680622,184.1940,24.5185,-0.0724,0.3078,0.0705,0.5501,29.32
1789438680622,181.4240,24.6587,0.5695,0.2162,0.4978,-0.6404,29.32
1789438680622,184.8385,24.4897,0.4338,0.0636,0.3452,0.2143,29.31
1789438680622,181.6188,24.6523,0.2112,0.3688,0.0705,-0.1520,29.32
1789438680622,185.1906,24.4754,0.8577,-1.2185,0.8947,0.7027,29.33
1789438680622,183.5166,24.5607,-0.0370,0.4604,0.3757,0.2754,29.34
1789438680622,181.3006,24.6732,0.2796,-0.3638,0.1010,0.5196,29.32
1789438680633,182.0368,24.6380,-0.0394,0.3383,0.0094,0.3059,29.32
1789438680643,185.4108,24.4710,0.3471,-0.0585,0.4673,0.5806,29.32
1789438680653,184.4673,24.5197,-0.0267,0.0941,-0.2958,0.0617,29.31
1789438680720,185.5849,24.4655,0.5801,-0.1501,0.3452,-0.1825,29.33
1789438680720,183.8592,24.5534,-0.0027,0.2772,-0.0211,0.4280,29.32
1789438680720,186.0412,24.4460,1.1053,0.7656,0.5284,-1.2814,29.32
1789438680720,185.3842,24.4804,0.1562,-0.0891,-0.0211,-0.0299,29.33
1789438680720,182.8687,24.6077,0.2501,0.2467,0.1621,-0.3657,29.32
1789438680720,185.7031,24.4677,0.7671,-0.8217,0.1621,0.5501,29.33
1789438680725,182.8738,24.6107,0.1021,0.4604,0.2231,0.1227,29.32
1789438680733,181.8752,24.6622,0.3963,-0.7911,0.3452,0.3669,29.30
1789438680743,184.2265,24.5462,-0.0600,0.3993,0.4063,0.2143,29.33
1789438680818,181.6641,24.6759,0.2928,-0.4554,0.3452,0.2754,29.33
1789438680818,183.1786,24.6018,-0.0197,0.2772,0.0094,0.0922,29.32
1789438680818,185.6578,24.4795,0.4699,0.1246,0.5894,0.3975,29.32
1789438680818,184.3560,24.5462,-0.0530,0.1246,-0.3874,0.1838,29.33
1789438680818,185.0682,24.5122,0.7926,0.0636,0.5589,-0.7320,29.33
1789438680818,183.5599,24.5475,-0.0429,0.2467,0.3147,0.4280,29.32
1789438680820,181.7536,24.6812,0.5092,0.5520,0.4673,-0.5488,29.33
1789438680822,184.9267,24.5241,0.2315,0.2467,0.5589,0.2754,29.32
1789438680833,182.7100,24.6366,0.1884,0.5520,0.1621,0.0006,29.32
1789438680843,185.1237,24.5176,0.6804,-0.6996,0.9557,0.7943,29.34
1789438680853,183.6891,24.5909,-0.0228,0.0025,0.0094,-0.2130,29.33
1789438680921,181.4534,24.7043,0.2809,-0.4859,0.0705,0.3669,29.31
1789438680921,183.1378,24.6217,-0.1004,0.4909,0.1621,0.2448,29.33
1789438680921,184.8344,24.5386,0.3899,-0.3638,0.3147,0.1227,29.31
1789438680921,184.2908,24.5674,-0.0755,0.0941,-0.1432,0.1533,29.33
1789438680921,184.2912,24.5691,0.6691,0.2162,0.7726,-0.0299,29.33
1789438680921,183.4780,24.6114,-0.0480,-0.0280,-0.2958,0.2143,29.31
1789438680926,181.7470,24.6996,0.6441,0.6435,0.6199,-0.6404,29.31
1789438680932,185.2031,24.5284,0.5661,-0.2112,-0.0211,0.2143,29.33
1789438680943,182.1281,24.6838,0.2469,0.2772,0.1315,-0.3046,29.33
1789438680953,185.9225,24.4958,0.6915,-0.9132,0.3452,0.5806,29.31
1789438681021,182.6569,24.6607,0.1857,0.3993,-0.1432,-0.1520,29.33
1789438681021,181.9356,24.6984,0.3924,-0.6080,0.6810,0.6417,29.32
1789438681021,184.1719,24.5881,-0.0251,0.1551,-0.1127,-0.0299,29.32
1789438681021,182.6606,24.6652,0.2634,-0.2112,0.1621,0.2754,29.32
1789438681021,183.9093,24.6044,0.0335,0.5520,0.1621,0.3364,29.32
1789438681021,186.1638,24.4932,0.8555,-0.2417,0.3147,-0.0909,29.31
1789438681023,184.6642,24.5697,0.0027,0.2772,-0.1432,0.4280,29.32
1789438681033,184.4792,24.5806,0.7628,0.5520,1.1389,-0.5793,29.32
1789438681043,186.1710,24.4976,0.0272,0.0330,-0.1432,0.0617,29.33
1789438681119,183.2063,24.6474,0.4350,0.4299,0.3452,-0.2436,29.32
1789438681119,186.3072,24.4939,0.5700,-0.3333,0.4673,0.5196,29.31
1789438681120,182.8754,24.6670,0.0850,0.1246,-0.1737,-0.1825,29.32
1789438681120,181.9202,24.7164,0.5262,-0.6385,0.7115,0.7027,29.32
1789438681120,183.7631,24.6258,-0.0033,0.2162,0.0400,0.0006,29.34
1789438681120,181.7463,24.7282,0.2223,-0.3943,0.2536,0.4280,29.32
1789438681121,184.1698,24.6086,-0.0296,0.1857,-0.2958,0.0922,29.32
1789438681125,185.3477,24.5513,0.4170,-0.3027,0.1010,0.0617,29.31
1789438681133,183.9393,24.6234,-0.0501,0.6130,0.0705,0.5501,29.32
1789438681143,186.2121,24.5113,1.0058,0.2772,0.9252,-0.3351,29.32
1789438681154,184.0988,24.6186,-0.1050,0.0330,-0.2348,0.2143,29.31
1789438681221,183.1758,24.6663,0.5110,0.6130,0.7115,0.0006,29.32
1789438681221,185.1643,24.5685,0.4879,-0.1501,0.4063,0.3364,29.32
1789438681221,183.2628,24.6652,0.2251,0.3078,-0.0211,-0.1520,29.31
1789438681221,184.5505,24.6024,0.5517,-0.7911,0.3147,0.6417,29.33
1789438681221,183.6587,24.6486,-0.0509,0.3078,0.2231,-0.0909,29.33
1789438681221,181.5166,24.7574,0.2593,-0.1806,0.4673,0.7027,29.31
1789438681222,183.4699,24.6613,-0.1341,0.0025,-0.0821,-0.0909,29.31
1789438681232,181.2440,24.7743,0.3036,-0.1806,0.4673,0.3975,29.33
1789438681243,183.7349,24.6514,0.0111,0.1857,-0.3569,0.0922,29.29
1789438681316,185.4872,24.5654,0.6635,-0.2112,0.2231,-0.1215,29.31
1789438681316,184.9884,24.5919,-0.0764,0.4299,0.0705,0.5501,29.29
1789438681316,185.7164,24.5571,0.6727,0.1551,0.5589,-0.7014,29.32
1789438681316,185.7498,24.5570,0.1140,-0.0585,-0.0211,-0.0604,29.31
1789438681316,182.3401,24.7292,0.5707,0.6741,0.1315,-0.6404,29.31
1789438681316,186.3391,24.5308,1.0691,-0.9743,0.3757,0.6722,29.31
1789438681318,182.8659,24.7060,0.0796,0.5825,0.2231,0.1227,29.32
1789438681322,182.7739,24.7122,0.3356,-0.7301,0.2842,0.3975,29.32
1789438681333,184.4912,24.6279,-0.0421,0.4299,0.3452,0.3364,29.32
1789438681343,182.9556,24.7063,0.3425,-0.0891,0.3452,0.6111,29.33
1789438681353,184.5632,24.6274,-0.0311,0.1246,-0.0821,0.1227,29.32
1789438681421,184.6530,24.6245,0.6776,0.0330,0.5589,0.3059,29.31
1789438681421,184.1252,24.6524,0.0038,0.2162,-0.4790,0.2143,29.32
1789438681421,185.5328,24.5836,0.6784,0.0636,0.4673,-0.2741,29.33
1789438681421,185.3566,24.5939,-0.1308,0.1246,-0.2958,0.1227,29.32
1789438681421,182.9494,24.7159,0.4285,0.2467,0.3147,-0.5488,29.31
1789438681421,185.5428,24.5877,0.4196,-0.2112,0.1010,-0.0604,29.32
1789438681422,182.7743,24.7277,0.2831,0.5825,0.3757,-0.0909,29.32
1789438681433,186.7713,24.5294,0.9499,-0.9743,0.8031,0.6417,29.31
1789438681443,184.6343,24.6377,-0.0301,-0.0280,0.0705,-0.2436,29.33
1789438681453,183.1529,24.7134,0.2592,-0.5164,0.0094,0.3669,29.32
1789438681520,184.2706,24.6591,-0.0290,0.2772,0.2842,0.2448,29.32
1789438681520,183.0138,24.7235,0.3031,-0.3638,0.1010,0.2448,29.32
1789438681520,184.4012,24.6557,-0.0161,0.1551,-0.0821,0.1227,29.30
1789438681520,184.7959,24.6376,0.5721,0.0636,0.6810,0.2448,29.32
1789438681520,184.2577,24.6661,-0.0572,0.0330,-0.4790,0.3364,29.31
1789438681520,185.0011,24.6305,0.4973,0.1857,0.4368,-0.3962,29.32
1789438681525,184.7374,24.6453,-0.0128,0.3993,0.2231,0.4585,29.34
1789438681533,181.6590,24.8008,0.3830,0.5214,0.4978,-0.1520,29.33
1789438681543,185.5054,24.6101,0.6248,-0.3333,0.5284,0.7943,29.32
1789438681616,182.5905,24.7574,0.0592,0.2772,0.1621,-0.1825,29.32
1789438681616,181.5589,24.8107,0.4564,-0.6385,0.4673,0.7027,29.33
1789438681616,183.8014,24.7001,-0.0183,0.0330,-0.0516,-0.1520,29.33
1789438681616,181.6166,24.8110,0.2783,-0.4859,0.2231,0.2143,29.33
1789438681616,184.1198,24.6874,-0.0579,0.4604,0.2536,0.4585,29.32
1789438681616,186.0911,24.5903,0.4497,-0.2112,0.2842,0.1838,29.32
1789438681617,184.9853,24.6472,0.0085,0.1551,-0.3874,0.1838,29.33
1789438681622,186.4923,24.5735,1.0826,0.1857,0.8031,-0.4572,29.29
1789438681633,185.5959,24.6197,-0.0491,0.0025,-0.2958,0.3364,29.33
1789438681643,183.1754,24.7423,0.5816,0.4299,0.4368,-0.6404,29.32
1789438681653,185.0419,24.6505,0.6932,-0.5775,0.1315,0.5196,29.31
1789438681721,182.1736,24.7955,0.3456,0.5825,0.1926,-0.2436,29.32
1789438681721,186.4784,24.5818,0.6519,-0.8827,0.1926,0.5806,29.33
1789438681721,184.9910,24.6577,0.0262,0.0941,0.0094,-0.0909,29.33
1789438681721,182.7247,24.7726,0.4057,-0.6996,0.6505,0.3975,29.32
1789438681721,184.7973,24.6704,0.0211,0.1551,-0.1737,-0.0299,29.30
1789438681721,182.5219,24.7857,0.3041,-0.3638,0.1926,0.2448,29.32
1789438681725,185.4523,24.6407,0.0094,0.3688,0.2536,0.3364,29.30
1789438681733,186.5721,24.5861,0.5353,-0.2112,0.5284,0.0312,29.30
1789438681743,185.1673,24.6579,0.0280,0.1551,-0.4179,0.2143,29.32
1789438681753,186.7182,24.5819,0.8567,0.2772,0.8947,-0.4267,29.32
1789438681821,185.4796,24.6453,-0.0483,-0.0280,0.0400,0.0312,29.31
1789438681821,183.4964,24.7460,0.4328,0.4299,0.4673,-0.3657,29.32
1789438681821,185.3791,24.6533,0.4661,-0.3943,0.0705,0.1838,29.32
1789438681821,182.8024,24.7837,0.2392,0.3383,-0.0211,-0.1215,29.31
1789438681821,185.8545,24.6327,0.3404,-0.6080,0.2842,0.4280,29.31
1789438681821,184.0476,24.7245,-0.0052,0.1551,-0.0516,-0.0604,29.32
1789438681822,181.8551,24.8358,0.3329,-0.5164,0.5589,0.4585,29.34
1789438681833,184.4605,24.7070,0.0189,0.0941,-0.3569,0.0006,29.32
1789438681843,182.2024,24.8215,0.2607,-0.4248,0.2231,0.1838,29.31
1789438681918,184.8638,24.6900,-0.0297,0.3383,0.0094,0.1838,29.32
1789438681918,185.5885,24.6554,0.6939,0.1246,0.7726,0.1533,29.33
1789438681918,181.9400,24.8396,0.0617,0.2467,-0.3874,0.3975,29.32
1789438681918,183.8519,24.7459,0.8162,0.2772,0.8641,-0.6709,29.33
1789438681918,185.1851,24.6809,0.1417,0.2772,0.1926,0.3059,29.33
1789438681918,182.8829,24.7976,0.4006,0.6130,0.5589,-0.1215,29.33
1789438681920,186.3899,24.6238,0.7681,-0.6080,0.5284,0.4585,29.37
1789438681923,183.4991,24.7698,0.1060,0.2467,0.0094,-0.1520,29.34
1789438681933,182.7537,24.8086,0.4831,-0.3333,0.8031,0.9164,29.32
1789438681943,183.7018,24.7627,0.1436,0.2162,-0.2348,-0.0604,29.33
1789438681953,182.3770,24.8304,0.2701,-0.4859,0.2536,0.3669,29.32
1789438682020,185.0214,24.6996,-0.0824,0.4604,-0.0211,0.1838,29.32
1789438682020,186.8617,24.6091,0.3675,-0.3943,0.1010,0.1533,29.32
1789438682020,185.0802,24.6998,0.0992,0.4909,-0.1127,0.5806,29.31
1789438682020,187.1902,24.5958,1.0496,0.3383,0.7726,-0.0604,29.30
1789438682020,185.8301,24.6653,-0.0412,0.2162,-0.3263,0.3364,29.32
1789438682020,185.3999,24.6883,0.3340,0.2772,0.8336,-0.5793,29.33
1789438682022,186.9758,24.6110,0.0618,0.4299,0.0705,0.3364,29.31
1789438682033,184.2092,24.7509,0.3808,0.1857,0.1315,-0.3962,29.31
1789438682043,187.2195,24.6018,0.7742,-0.5775,0.4978,0.5196,29.37
1789438682118,183.4560,24.7914,0.0595,0.1551,-0.1737,-0.1825,29.33
1789438682118,183.0347,24.8139,0.4936,-0.6385,0.8031,0.7332,29.32
1789438682118,184.4664,24.7438,0.0239,0.0330,-0.0516,-0.0909,29.33
1789438682118,182.8669,24.8253,0.2515,-0.3943,0.3147,0.3975,29.30
1789438682118,185.2194,24.7091,-0.0702,0.4604,0.1315,0.3975,29.32
1789438682118,186.3492,24.6541,0.4356,-0.2722,0.1010,0.0922,29.32
1789438682120,185.2383,24.7111,0.0302,0.3383,-0.0821,0.5501,29.31
1789438682124,187.1342,24.6179,0.9941,0.2772,1.0473,-0.1825,29.31
1789438682133,184.7379,24.7392,-0.1328,0.0941,-0.2958,0.2143,29.30
1789438682143,185.6185,24.6967,0.4439,0.3383,0.6810,-0.3046,29.32
1789438682234,186.3157,24.6634,0.3514,0.2467,0.1926,0.3059,29.33
1789438682234,184.4163,24.7599,0.2752,0.5825,0.4978,0.0006,29.33
1789438682234,185.5627,24.7042,0.5625,-0.5775,0.1315,0.7027,29.31
1789438682234,184.3065,24.7684,-0.0048,0.1246,-0.1127,-0.1215,29.33
1789438682234,182.6211,24.8543,0.3465,-0.6385,0.4978,0.5806,29.32
1789438682234,184.1570,24.7790,-0.1443,0.0330,0.0094,-0.1520,29.33
1789438682234,182.2422,24.8763,0.2933,-0.4859,0.2231,0.2754,29.31
1789438682234,184.4166,24.7691,-0.0808,0.5825,0.2231,0.3975,29.33
1789438682234,186.2810,24.6774,0.5332,-0.2722,0.2231,0.0006,29.33
1789438682242,185.7448,24.7057,0.0385,0.3078,-0.2348,0.3975,29.33
1789438682253,186.8201,24.6534,0.7796,0.2162,0.9557,-0.3351,29.30
1789438682323,185.4500,24.7234,-0.0640,-0.0280,-0.1127,0.1533,29.32
1789438682323,183.0016,24.8474,0.8240,1.1014,0.6199,-0.6099,29.33
1789438682323,187.5111,24.6233,0.7532,-0.2722,0.1010,0.1838,29.32
1789438682323,184.0441,24.7981,0.2771,0.2162,0.1010,-0.3657,29.33
1789438682323,185.4724,24.7282,0.5952,-0.9743,0.1010,0.7332,29.32
1789438682323,185.6101,24.7228,0.0119,0.1246,0.0094,-0.0299,29.31
1789438682324,183.7508,24.8173,0.2541,-0.2417,0.2536,0.7943,29.31
1789438682332,185.6999,24.7213,-0.0502,-0.0280,-0.0516,-0.0299,29.32
1789438682342,183.0942,24.8531,0.3873,-0.3638,0.2842,0.2143,29.33
1789438682353,184.9386,24.7624,0.0629,0.5520,-0.0211,0.3975,29.32
1789438682421,186.7826,24.6716,0.5560,-0.1196,0.1315,0.1227,29.34
1789438682421,186.5273,24.6858,-0.0492,0.3383,-0.0821,0.4890,29.33
1789438682421,187.3678,24.6452,0.8654,0.4299,0.9862,-0.3351,29.32
1789438682421,186.0691,24.7116,-0.0258,0.0636,-0.1127,0.1533,29.28
1789438682421,183.4771,24.8427,0.6200,0.7046,0.4978,-0.4878,29.32
1789438682421,187.8652,24.6247,0.5246,-0.2112,0.1010,0.0312,29.28
1789438682422,183.8224,24.8283,0.2951,0.3993,-0.0516,-0.3046,29.31
1789438682433,185.9546,24.7231,0.4138,-0.7911,0.2231,0.5196,29.30
1789438682443,185.1247,24.7661,0.0170,0.0025,-0.0211,-0.1520,29.32
1789438682453,184.3142,24.8081,0.1876,-0.2722,0.0094,0.5806,29.32
1789438682520,184.5065,24.7999,0.0183,0.0330,-0.2348,0.0006,29.32
1789438682520,182.2205,24.9157,0.3071,-0.3943,0.2231,0.1838,29.36
1789438682520,184.8430,24.7862,0.0781,0.5520,-0.2042,0.3975,29.33
1789438682520,186.1835,24.7206,0.3652,-0.1196,0.2231,0.3975,29.30
1789438682520,185.7561,24.7435,0.0235,0.1246,-0.3263,0.3364,29.33
1789438682520,186.4680,24.7095,0.7845,0.1857,0.9557,-0.7320,29.37
1789438682525,186.1858,24.7250,-0.0623,0.1551,-0.1737,0.1838,29.40
1789438682532,183.6438,24.8536,0.3724,0.4299,0.3147,-0.2436,29.32
1789438682543,186.7355,24.7005,0.6817,-0.5775,0.0705,0.3669,29.31
1789438682553,183.5592,24.8609,0.2397,0.4299,0.1010,-0.1520,29.31
1789438682620,186.9656,24.6921,0.8633,-1.2795,0.6505,0.7638,29.31
1789438682620,185.0531,24.7891,-0.0499,0.0025,-0.0516,-0.1520,29.33
1789438682620,183.1265,24.8869,0.2557,-0.5469,0.0400,0.4280,29.33
1789438682620,183.9440,24.8474,-0.0528,0.4299,-0.0211,0.3059,29.30
1789438682620,182.5382,24.9192,0.3479,-0.4248,0.1315,0.1838,29.31
1789438682620,186.0794,24.7436,0.0428,0.2467,-0.0516,0.2143,29.32
1789438682622,187.2877,24.6846,0.5676,0.2467,0.5894,0.3975,29.32
1789438682632,185.3885,24.7810,0.0359,0.1551,-0.3874,0.2754,29.33
1789438682643,187.7903,24.6625,1.2970,0.4909,0.9252,-1.3119,29.31
1789438682653,186.9224,24.7073,-0.0024,0.0636,0.1621,0.2448,29.32
1789438682719,184.3814,24.8357,0.3760,0.4604,0.5284,-0.3046,29.32
1789438682719,187.4442,24.6841,0.6765,-0.2417,0.0094,0.4280,29.33
1789438682719,184.4825,24.8336,0.2450,0.4909,0.2842,-0.1215,29.31
1789438682719,187.7633,24.6710,0.7150,-0.6385,0.9557,0.8859,29.32
1789438682719,186.1662,24.7522,-0.0201,-0.0891,0.1010,-0.1825,29.33
1789438682719,183.5728,24.8833,0.3365,-0.6385,0.3147,0.4280,29.32
1789438682723,185.4895,24.7888,-0.0336,0.3993,0.2231,0.3975,29.32
1789438682732,183.5282,24.8883,0.3397,0.0330,0.2842,0.5806,29.32
1789438682742,186.1830,24.7570,-0.0608,0.1857,-0.2348,-0.0299,29.32
1789438682850,186.9361,24.7208,0.6054,0.0636,0.4978,0.3364,29.32
1789438682850,185.2684,24.8056,-0.0289,0.1551,-0.3569,0.2143,29.32
1789438682850,187.8621,24.6774,1.0880,0.0941,0.7726,-1.0067,29.35
1789438682850,185.2228,24.8107,-0.1251,0.3993,0.2842,0.5196,29.31
1789438682850,184.7387,24.8365,0.3627,0.0941,0.1315,-0.3962,29.33
1789438682850,188.2088,24.6645,0.4175,0.1551,0.4063,0.4890,29.33
1789438682850,185.4966,24.8014,0.1802,0.4909,0.2231,0.0312,29.33
1789438682850,186.2650,24.7645,0.4688,-0.3943,0.5894,0.9164,29.31
1789438682850,185.0140,24.8284,-0.0633,-0.0585,0.0094,-0.2436,29.32
1789438682850,182.9842,24.9315,0.3153,-0.5469,0.1010,0.3975,29.33
1789438682919,184.8221,24.8410,-0.1341,0.4299,0.3757,0.1533,29.33
1789438682919,182.5813,24.9545,0.3267,-0.3027,0.4063,0.2143,29.34
1789438682919,185.0739,24.8314,0.0267,0.1246,-0.3569,0.0922,29.34
1789438682919,186.7349,24.7499,0.5652,-0.1196,0.4063,0.0006,29.32
1789438682919,186.4694,24.7646,-0.0691,0.0330,-0.2653,0.1533,29.33
1789438682919,187.2076,24.7292,0.7732,0.2162,0.5284,-0.8541,29.32
1789438682926,187.1055,24.7357,-0.0030,0.2772,0.0705,0.3669,29.28
1789438682926,183.6818,24.9084,0.7123,0.6435,0.2842,-0.8541,29.32
1789438682932,188.0550,24.6911,0.9425,-0.3027,0.5589,0.5501,29.32
1789438682943,184.5145,24.8695,0.2282,0.6130,0.2842,-0.0604,29.32
1789438682953,186.0719,24.7931,0.5442,-0.6996,0.4673,0.9469,29.36
1789438683019,185.9957,24.7983,0.0109,0.3688,0.1315,0.1533,29.34
1789438683019,184.5274,24.8731,0.3033,-0.4248,0.1010,0.4280,29.32
1789438683019,186.2325,24.7891,-0.1516,0.4299,0.3452,0.1533,29.31
1789438683019,183.8120,24.9116,0.4362,0.0025,0.5894,0.4890,29.32
1789438683019,185.4167,24.8328,0.1032,0.2772,-0.3874,0.0922,29.31
1789438683019,187.3724,24.7364,0.5286,-0.1806,0.1926,0.0312,29.32
1789438683024,186.8347,24.7647,-0.1582,0.3078,-0.2348,0.4890,29.32
1789438683032,187.8130,24.7172,0.7694,-0.1196,0.5894,-0.6099,29.33
1789438683043,186.4920,24.7846,-0.0177,0.1551,-0.0516,0.3059,29.31
1789438683053,184.1991,24.9007,0.6471,0.3993,0.3757,-0.6709,29.32
1789438683120,188.3157,24.6963,0.4971,0.1857,0.3452,0.3975,29.34
1789438683120,184.4641,24.8902,0.2396,0.3383,0.0400,-0.3046,29.33
1789438683120,186.2869,24.8005,0.4306,-0.4859,0.2842,0.8248,29.32
1789438683120,185.4940,24.8415,0.0235,0.3078,0.1010,-0.0299,29.32
1789438683120,184.9088,24.8722,0.2327,-0.3333,0.2231,0.4890,29.32
1789438683120,185.1577,24.8612,0.0116,0.1551,-0.2042,0.0922,29.30
1789438683122,182.9949,24.9708,0.2813,-0.2722,0.2536,0.3669,29.31
1789438683132,185.6697,24.8385,0.0161,0.2772,-0.3569,0.0922,29.32
1789438683143,186.8336,24.7817,0.3376,-0.4248,0.2536,0.1533,29.32
1789438683216,186.0879,24.8205,-0.0342,0.5214,-0.0211,0.4585,29.33
1789438683216,187.2110,24.7659,1.0510,0.3993,0.8336,-0.4267,29.33
1789438683216,186.5720,24.7992,-0.0319,-0.0280,-0.2042,0.1533,29.33
1789438683216,184.2724,24.9157,0.4383,0.4909,0.7420,-0.1520,29.33
1789438683216,187.2937,24.7660,0.3907,0.1551,0.2536,0.1533,29.32
1789438683216,183.9608,24.9342,0.3136,0.3383,0.0094,-0.3657,29.33
1789438683218,187.2986,24.7687,1.0152,-1.2185,0.5589,0.7638,29.32
1789438683223,185.5417,24.8579,-0.0418,0.0330,-0.0821,-0.0604,29.32
1789438683232,183.5321,24.9599,0.3847,-0.4859,0.4978,0.6722,29.32
1789438683243,184.4425,24.9157,0.0082,0.1246,-0.2653,0.0922,29.33
1789438683253,183.2460,24.9770,0.3141,-0.4554,0.2231,0.2448,29.33
1789438683321,186.1416,24.8336,-0.1017,0.5520,0.1621,0.4280,29.32
1789438683321,187.7695,24.7536,0.4611,-0.3027,0.2842,0.0006,29.32
1789438683321,186.1064,24.8381,0.0904,0.3078,-0.2958,0.3975,29.37
1789438683321,188.2733,24.7312,1.0534,0.2467,0.7726,-0.3657,29.32
1789438683321,186.5734,24.8175,-0.1145,0.0330,-0.2653,0.1533,29.34
1789438683321,185.0533,24.8949,0.5525,0.0025,0.6199,-0.5793,29.31
1789438683322,187.9524,24.7513,0.1839,0.0330,0.1010,0.0922,29.31
1789438683333,185.3175,24.8844,0.3275,0.5214,0.4368,-0.2436,29.33
1789438683343,188.3710,24.7332,0.8667,-0.8217,0.2231,0.4890,29.32
1789438683353,184.6994,24.9181,0.1044,0.4909,0.3147,0.1533,29.33
1789438683420,183.9840,24.9553,0.6087,-1.0353,0.6199,0.3059,29.33
1789438683420,185.6340,24.8741,-0.0199,0.4299,0.1315,0.1838,29.32
1789438683420,183.8962,24.9625,0.3178,-0.6385,0.2231,0.3364,29.33
1789438683420,186.2313,24.8470,-0.0286,0.1857,0.1926,0.2448,29.33
1789438683420,187.5015,24.7849,0.4262,0.0941,0.4978,0.4280,29.32
1789438683420,186.2935,24.8467,-0.0115,0.1551,-0.3263,0.0922,29.33
1789438683425,188.2052,24.7525,0.7451,-0.1196,0.3147,-0.0909,29.31
1789438683432,185.9509,24.8665,-0.1194,0.0941,-0.2653,0.1838,29.33
1789438683443,186.3735,24.8469,0.5701,-0.0280,0.5894,-0.7014,29.31
1789438683454,187.1957,24.8072,0.1520,0.2772,0.0400,0.2143,29.28
1789438683520,185.0236,24.9173,0.3506,0.2467,0.1315,-0.4267,29.32
1789438683520,186.5577,24.8420,0.5640,-0.6385,0.2231,0.3364,29.30
1789438683520,183.5638,24.9931,0.1294,0.3383,0.1315,-0.1215,29.32
1789438683520,187.0585,24.8199,0.5800,-1.0048,0.3147,0.5501,29.33
1789438683520,185.5218,24.8981,-0.1002,0.4909,0.3147,0.2754,29.32
1789438683520,183.0598,25.0226,0.3446,-0.1806,0.6199,0.6111,29.32
1789438683522,185.7427,24.8899,-0.0036,0.1246,-0.0211,0.0617,29.32
1789438683533,183.2169,25.0176,0.3023,-0.2722,0.2536,0.3059,29.32
1789438683542,186.9665,24.8315,-0.1038,0.2162,0.1926,0.2754,29.31
1789438683553,187.7767,24.7924,0.6073,-0.2417,0.3757,-0.0604,29.31
1789438683620,186.8504,24.8401,-0.0697,0.3383,-0.0516,0.5806,29.40
1789438683620,188.0266,24.7828,1.3748,0.8572,1.1389,-1.0067,29.32
1789438683620,186.9109,24.7567,0.1035,-0.0280,-0.1127,0.1533,29.33
1789438683620,184.8804,24.9428,0.6399,0.7962,0.4978,-0.4267,29.33
1789438683620,186.7037,24.8530,0.7301,-0.7301,0.0705,0.5196,29.37
1789438683620,183.8238,24.9983,0.2299,0.3993,0.0400,-0.5183,29.32
1789438683625,188.1369,24.7841,0.5084,-0.8217,0.1926,0.6417,29.31
1789438683633,186.6331,24.8605,-0.0032,0.2162,-0.0211,0.0922,29.33
1789438683642,184.2750,24.9798,0.4495,-0.5775,0.8336,0.5196,29.32
1789438683653,186.5014,24.8698,0.0969,0.0636,-0.2042,0.0617,29.31
1789438683721,184.1434,24.9891,0.3131,-0.5469,0.1315,0.1533,29.32
1789438683721,187.0898,24.8431,-0.0846,0.3688,0.1621,0.3059,29.32
1789438683721,188.2207,24.7879,0.4489,-0.2722,0.1315,0.1533,29.30
1789438683721,186.7779,24.8614,0.0662,0.2467,-0.3569,0.3975,29.32
1789438683721,188.3360,24.7849,0.7603,0.3078,0.6810,-0.1520,29.33
1789438683721,187.0568,24.8502,-0.0730,0.0330,-0.2653,0.0922,29.32
1789438683722,189.2679,24.8515,0.3549,-1.0659,-0.3569,-1.1898,29.37
1789438683733,187.9967,24.8057,0.1175,0.2467,0.0094,0.2448,29.32
1789438683743,184.4637,24.9837,0.3311,0.7962,0.4673,-0.0604,29.32
1789438683753,187.4599,24.8352,0.3775,-0.3333,0.1621,0.3975,29.32
1789438683820,184.9035,24.9644,0.0691,0.0941,-0.0821,-0.2741,29.33
1789438683820,183.1554,25.0533,0.5969,-0.8827,0.6505,0.4890,29.32
1789438683820,186.1494,24.9049,-0.0260,0.2162,-0.1737,0.0006,29.32
1789438683820,183.9046,25.0186,0.2692,-0.4859,0.0094,0.4280,29.32
1789438683820,185.3807,24.9462,-0.0692,0.3993,0.3757,0.2143,29.31
1789438683820,187.5117,24.8411,0.4404,0.1551,0.4978,0.5501,29.32
1789438683825,186.9934,24.8684,-0.1747,0.1551,-0.2653,0.0617,29.31
1789438683833,186.8821,24.8754,0.6120,-0.0280,0.3452,0.0006,29.32
1789438683843,186.0791,24.9169,-0.1398,0.2162,-0.0516,0.4890,29.32
1789438683852,187.8382,24.8304,0.8400,0.1551,0.7726,-0.9762,29.32
1789438683920,187.9275,24.8274,0.2177,0.0636,-0.1127,0.1227,29.31
1789438683920,184.7106,24.9896,0.3609,0.2772,0.2231,-0.4572,29.33
1789438683920,188.2313,24.8149,0.7130,-0.5469,0.1621,0.3975,29.33
1789438683920,184.4663,25.0046,0.2891,0.7046,0.2231,-0.1215,29.33
1789438683920,188.8302,24.7878,1.1232,-1.7679,1.1999,0.5196,29.32
1789438683920,186.6897,24.8961,0.0019,0.4299,0.4063,0.3059,29.32
1789438683922,184.9350,24.9851,0.3310,-0.4248,0.1315,0.5806,29.33
1789438683933,186.7247,24.8970,0.0521,0.2162,-0.0821,0.1533,29.33
1789438683943,185.0651,24.9813,0.3026,-0.0585,0.2536,0.4890,29.32
1789438684018,187.1631,24.8777,-0.0553,0.2162,-0.0516,0.0922,29.34
1789438684018,187.1496,24.8798,0.8715,-0.1196,0.4673,-0.2436,29.33
1789438684018,186.5660,24.9103,0.0313,0.4299,0.0094,0.7027,29.33
1789438684018,188.2193,24.8290,0.8480,0.3383,0.7420,-0.4267,29.31
1789438684018,187.6129,24.8605,-0.0175,0.0025,-0.1127,0.0922,29.32
1789438684018,185.2655,24.9793,0.5245,0.5520,0.7726,-0.2741,29.31
1789438684019,187.9470,24.8465,0.4174,-0.0585,0.2231,0.0922,29.32
1789438684023,184.9777,24.9963,0.3889,0.4909,0.1926,-0.3657,29.34
1789438684033,189.0679,24.7931,0.8728,-0.8217,0.5589,0.7638,29.33
1789438684042,185.2596,24.9847,0.0368,0.1551,-0.1127,-0.2130,29.32
1789438684117,185.1920,24.9895,0.2454,-0.3027,0.3147,0.7638,29.32
1789438684117,186.4781,24.9265,-0.0160,-0.0585,-0.0211,-0.0909,29.32
1789438684117,185.4176,24.9809,0.2275,-0.4554,0.1926,0.1838,29.32
1789438684117,186.1508,24.9455,-0.0325,0.4909,0.1926,0.2754,29.32
1789438684117,187.1379,24.8976,0.3764,-0.2722,0.2842,0.0312,29.30
1789438684117,186.2221,24.9448,0.0508,0.3383,-0.2348,0.1533,29.33
1789438684118,187.4582,24.8843,0.4682,-0.0280,0.4063,0.1227,29.33
1789438684122,187.0814,24.9045,-0.1023,0.1246,-0.3874,0.1838,29.31
1789438684132,187.6522,24.8774,0.6960,0.2162,0.7115,-0.7625,29.31
1789438684142,187.8554,24.8686,0.0744,0.3688,0.3452,0.3669,29.31
1789438684153,184.8666,25.0194,0.3233,0.2467,0.3452,-0.3046,29.33
1789438684220,187.7147,24.8784,0.7391,-0.3027,0.4978,0.7027,29.32
1789438684220,184.8446,25.0233,0.2016,0.6130,0.1926,0.0312,29.32
1789438684220,188.1781,24.8580,0.8756,-1.3406,1.1083,0.7943,29.31
1789438684220,186.3081,24.9528,-0.0496,0.1857,0.2231,-0.0909,29.30
1789438684220,184.1856,25.0603,0.2901,-0.6080,0.0400,0.4280,29.32
1789438684220,185.5607,24.9929,0.0175,0.5520,-0.0821,0.3364,29.33
1789438684224,184.0488,25.0699,0.3270,0.1246,0.4368,0.6111,29.32
1789438684232,187.5311,24.8971,-0.0212,0.1246,-0.2042,-0.0604,29.32
1789438684243,188.5780,24.8460,0.4753,-0.0891,0.2842,0.1838,29.33
1789438684253,187.0484,24.9238,-0.0517,0.3078,-0.1432,0.4280,29.33
1789438684321,188.8770,24.8337,1.1207,0.2162,0.5894,-0.8846,29.34
1789438684321,187.3158,24.9131,-0.0075,0.0025,-0.1432,0.2754,29.32
1789438684321,185.9565,24.9824,0.5666,0.5825,0.8336,-0.2130,29.32
1789438684321,188.8084,24.8411,0.3087,0.4909,0.4368,0.4280,29.30
1789438684321,185.8714,24.9892,0.3174,0.2772,0.1926,-0.3351,29.30
1789438684321,189.2160,24.8233,0.8063,-0.4554,0.7115,0.8553,29.32
1789438684322,185.4544,25.0126,0.0641,0.1857,-0.1737,-0.0909,29.33
1789438684332,184.9131,25.0410,0.5525,-0.6690,0.8336,0.6722,29.32
1789438684343,186.5840,24.9587,-0.0113,0.2162,-0.0516,-0.1520,29.31
1789438684352,184.3930,25.0696,0.2360,-0.4859,0.1926,0.4585,29.32
1789438684421,186.8839,24.9463,-0.0642,0.3078,-0.1127,0.1838,29.32
1789438684421,185.5230,24.8705,0.3469,-0.3027,0.0094,0.0617,29.32
1789438684421,186.9754,24.9444,0.0345,0.5214,0.0400,0.4890,29.32
1789438684421,188.9164,24.8487,0.7476,0.1857,0.6199,0.3059,29.33
1789438684421,186.8046,24.9556,-0.0458,0.1551,-0.3263,0.3364,29.36
1789438684421,187.2548,24.9345,0.5374,0.0636,0.4978,-0.6099,29.32
1789438684423,188.2300,24.8871,-0.0196,0.1857,0.2536,0.3364,29.32
1789438684432,186.1467,24.9926,0.3288,0.2162,0.3757,-0.3046,29.33
1789438684442,187.3186,24.9353,0.4072,-0.0280,0.2842,0.3364,29.35
1789438684520,184.0662,25.0993,0.2482,0.7656,0.3757,0.0312,29.31
1789438684520,188.0028,24.9039,0.7812,-0.7301,0.7115,1.0385,29.32
1789438684520,186.1243,24.9991,-0.0456,0.0941,0.0705,-0.3657,29.33
1789438684520,184.1015,25.1016,0.3942,-0.7911,0.4368,0.3669,29.32
1789438684520,186.6332,24.9764,-0.0122,0.5214,0.1926,0.3669,29.33
1789438684520,184.2030,25.0992,0.2991,-0.2112,0.5284,0.3669,29.32
1789438684522,186.5866,24.9814,-0.0513,0.1551,0.0094,0.0922,29.32
1789438684522,188.6125,24.8814,0.4509,0.0636,0.3452,0.4280,29.32
1789438684533,187.5361,24.9366,-0.0270,0.1551,-0.2653,0.2754,29.31
1789438684543,188.6927,24.8801,1.1259,-0.0280,0.7115,-0.6709,29.32
1789438684617,187.6718,24.9324,-0.0679,0.5214,0.0400,0.5501,29.31
1789438684617,188.8486,24.8749,0.6581,0.1857,0.4368,-0.6709,29.32
1789438684617,187.1529,24.9610,0.5492,-0.4554,-0.0211,0.4585,29.33
1789438684617,184.4485,25.0975,0.4922,0.6130,0.2536,-0.6709,29.34
1789438684617,188.6255,24.8899,0.6066,-0.6690,0.0705,0.5501,29.32
1789438684617,186.1493,25.0150,0.1289,0.2162,-0.1737,-0.2436,29.32
1789438684619,189.1366,24.8669,0.8493,-1.3711,0.8641,0.4280,29.33
1789438684622,187.1774,24.9661,0.0413,0.1551,-0.0211,-0.0604,29.33
1789438684633,184.9438,25.0791,0.3307,-0.4554,0.3147,0.5196,29.32
1789438684643,185.5069,25.0524,0.0721,0.1246,-0.3569,0.0006,29.33
1789438684652,183.9615,25.1311,0.2910,-0.5469,0.1621,0.2143,29.33
1789438684719,187.4494,24.9581,-0.0484,0.4299,0.2231,0.4280,29.32
1789438684719,189.0286,24.8805,0.5759,-0.0891,0.4978,0.1227,29.33
1789438684719,188.0146,24.9324,-0.0637,0.1246,-0.2958,0.1533,29.32
1789438684719,188.8267,24.8931,0.8655,0.0941,0.7420,-0.4267,29.32
1789438684719,187.0616,24.9826,-0.0892,0.1551,-0.4179,0.2448,29.32
1789438684719,189.3030,24.8719,0.7476,0.3993,0.4063,-0.8846,29.32
1789438684722,188.4879,24.9139,0.0012,0.1246,0.0094,0.1227,29.32
1789438684733,186.3442,25.0223,0.2803,0.1857,0.3452,-0.2741,29.32
1789438684742,188.2986,24.9260,0.8391,-0.8217,0.1926,0.6722,29.32
1789438684819,186.3006,25.0272,0.0781,0.2772,0.2231,0.1838,29.32
1789438684819,184.4887,25.1191,0.5769,-1.0353,0.5284,0.4280,29.33
1789438684819,186.7962,25.0050,-0.0981,0.3383,0.4063,0.1533,29.31
1789438684819,184.3208,25.1301,0.3242,-0.2112,0.5894,0.7027,29.32
1789438684819,186.5924,25.0178,-0.1957,0.1246,-0.0211,-0.2130,29.33
1789438684819,184.1933,25.1391,0.2951,-0.1806,0.1926,0.3059,29.32
1789438684821,186.7515,25.0126,-0.0367,0.3078,0.1621,0.2754,29.31
1789438684824,188.5282,24.9251,0.6407,-0.2112,0.1926,0.0312,29.32
1789438684833,188.1663,24.9445,-0.0311,0.3993,-0.0211,0.4890,29.32
1789438684843,188.6369,24.9223,0.8522,0.3688,1.0168,-0.3351,29.32
1789438684853,187.4888,24.9810,-0.0937,0.1551,-0.1737,0.1838,29.32
1789438684922,185.2131,25.0962,0.7598,0.9793,0.5894,-0.6709,29.33
1789438684922,189.5453,24.8808,0.6656,-0.1806,0.1315,0.1533,29.32
1789438684922,185.8822,25.0652,0.2982,0.4604,0.1621,-0.2436,29.32
1789438684922,187.5401,24.9835,0.7210,-1.0048,0.2231,0.7332,29.33
1789438684922,187.5161,24.9860,0.0364,0.2467,-0.0516,-0.0604,29.32
1789438684922,185.7976,25.0732,0.3987,-0.6690,0.6199,0.5196,29.32
1789438684923,187.6731,24.9806,-0.1070,0.0941,0.0094,-0.1520,29.32
1789438684933,185.3126,25.0999,0.3821,-0.4859,0.1315,0.3059,29.33
1789438684942,187.4312,24.9952,0.0520,0.5214,0.1315,0.4585,29.32
1789438684953,185.5184,24.9189,0.4441,-0.2112,0.3452,0.1838,29.32
1789438685020,188.4372,24.9473,-0.0130,0.1857,-0.1737,0.0617,29.33
1789438685020,189.2391,24.9084,0.5058,-0.1501,0.4063,0.0617,29.32
1789438685020,187.8791,24.9777,-0.0584,0.3078,-0.3569,0.4280,29.32
1789438685020,189.6415,24.8908,0.9725,0.0330,0.7420,-0.7930,29.33
1789438685020,187.9846,24.9748,-0.0953,0.3688,0.0705,0.4890,29.33
1789438685020,185.9748,25.0766,0.6348,0.4299,0.3452,-0.5793,29.32
1789438685026,187.9257,24.9803,0.3381,0.0330,0.3757,0.4585,29.32
1789438685033,185.1180,25.1220,0.2307,0.2162,0.0705,-0.3351,29.32
1789438685043,188.3660,24.9609,0.3501,-0.0891,0.5284,0.6111,29.34
1789438685053,185.9952,25.0807,0.0375,0.3383,0.0400,0.0312,29.33
1789438685119,184.2980,25.1669,0.5432,-0.8827,0.8641,0.4890,29.31
1789438685119,187.1278,25.0267,-0.0275,0.0025,0.0705,0.0006,29.32
1789438685119,184.8549,25.1416,0.2759,-0.2417,0.2842,0.6111,29.33
1789438685119,186.6945,25.0509,-0.0939,0.2162,0.0094,0.1227,29.31
1789438685119,188.5922,24.9574,0.3657,-0.3027,0.1010,0.0922,29.32
1789438685119,187.9921,24.9887,-0.0938,0.2772,-0.0516,0.2754,29.31
1789438685122,188.3040,24.9744,0.6500,0.2467,0.7115,0.2448,29.32
1789438685132,187.3139,25.0252,-0.0889,0.0636,-0.3263,0.2143,29.31
1789438685143,188.6639,24.9590,0.7266,0.2467,0.6505,-0.6099,29.32
1789438685153,188.3197,24.9485,0.0093,0.4909,0.2536,0.4280,29.32
1789438685219,185.3140,25.1291,0.4813,0.4604,0.2842,-0.6404,29.32
1789438685219,188.9659,24.9477,0.4473,0.0025,0.4673,0.3669,29.30
1789438685219,185.5491,25.1198,0.4208,0.7962,0.2536,-0.2436,29.32
1789438685219,189.7121,24.9130,1.2815,-1.2185,1.2915,1.0690,29.32
1789438685219,187.3025,25.0346,0.0566,0.4604,0.4063,0.1227,29.32
1789438685219,186.1020,25.0959,0.3749,-0.6080,0.1926,0.5501,29.33
1789438685225,187.8880,25.0078,-0.0230,0.3078,0.3452,0.0617,29.32
1789438685232,186.3961,25.0836,0.2559,-0.1196,0.4368,0.6722,29.32
1789438685242,188.0907,25.0001,-0.0349,-0.0585,-0.1127,0.0617,29.33
1789438685316,188.0380,25.0039,0.5803,-0.2112,0.2231,0.0617,29.32
1789438685316,187.4597,25.0341,0.0191,0.4299,-0.1737,0.5196,29.32
1789438685316,189.2032,24.9481,0.8057,0.2467,0.6199,-0.0299,29.33
1789438685316,188.9735,24.9607,0.0081,0.1551,-0.2042,0.3364,29.32
1789438685316,189.5198,24.9346,0.7539,0.3688,0.7420,-0.5488,29.32
1789438685316,188.1325,25.0051,-0.0219,-0.0280,-0.0211,0.0922,29.32
1789438685317,186.0787,25.1091,0.4421,0.2467,0.4063,-0.3657,29.32
1789438685322,189.9447,24.9169,0.5329,-0.2417,0.1010,0.1227,29.32
1789438685333,185.7270,25.1290,0.3100,0.7046,0.4978,-0.0604,29.32
1789438685343,188.2492,25.0042,0.3753,-0.5164,-0.1432,0.3669,29.32
1789438685353,187.1633,25.0597,0.0446,0.4909,0.3452,0.2143,29.32
1789438685421,186.5377,25.0923,0.2342,-0.5164,0.1621,0.3364,29.34
1789438685421,186.8775,25.0766,0.0047,0.3993,0.2842,0.1838,29.33
1789438685421,184.6406,25.1897,0.3156,-0.1806,0.6199,0.6417,29.32
1789438685421,187.4364,25.0513,0.0644,0.1857,-0.2653,0.0617,29.33
1789438685421,188.5310,24.9978,0.2789,-0.2112,0.1621,0.3059,29.33
1789438685421,187.7564,25.0378,-0.0480,0.5214,0.0094,0.3975,29.32
1789438685425,188.7914,24.9874,0.7642,-0.3333,0.2842,-0.1825,29.31
1789438685432,188.2405,25.0162,-0.0552,0.3383,-0.2042,0.4585,29.33
1789438685443,188.2281,25.0182,0.6646,0.3993,0.8947,-0.3046,29.30
1789438685454,188.8497,24.9883,0.0841,0.0025,-0.2042,0.1227,29.31
1789438685520,185.7948,25.1424,0.5018,0.7046,0.6505,-0.2741,29.32
1789438685520,189.1575,24.9755,0.7180,-0.5775,0.0094,0.2754,29.33
1789438685520,185.9268,25.1383,0.3050,0.5520,0.4673,-0.1520,29.32
1789438685520,189.4450,24.9636,0.7804,-0.9438,0.3757,0.7332,29.32
1789438685520,186.1639,25.1288,0.0431,0.2162,-0.1127,-0.2130,29.32
1789438685520,184.9270,25.1919,0.6368,-1.1574,0.8336,0.3364,29.31
1789438685522,187.9143,25.0437,0.0029,0.2162,0.2231,0.1227,29.32
1789438685532,186.2582,25.1277,0.3130,-0.4859,0.2536,0.2448,29.32
1789438685543,188.1335,25.0352,0.0416,0.3993,0.0705,0.3364,29.32
1789438685616,185.6008,25.1632,0.4887,0.0941,0.4978,0.4280,29.29
1789438685616,187.9922,25.0448,0.0748,0.0636,-0.2958,0.1227,29.31
1789438685616,188.1714,25.0371,0.9231,-0.1196,0.5589,-0.4267,29.33
1789438685617,187.7800,25.0578,-0.0772,0.4299,-0.2653,0.5501,29.32
1789438685617,189.5933,24.9684,0.8757,0.1246,0.8947,-0.8235,29.32
1789438685617,188.8397,25.0072,-0.0571,0.1551,-0.0516,0.2143,29.33
1789438685618,186.4702,25.1269,0.6013,0.6435,0.6199,-0.3657,29.33
1789438685622,189.4746,24.9778,0.3322,0.2467,0.4673,0.2448,29.28
1789438685632,186.0888,25.1483,0.3732,0.3078,0.0094,-0.6404,29.32
1789438685642,190.5964,24.9240,0.8655,-0.4859,0.5894,0.9469,29.29
1789438685720,186.4198,25.1340,0.0816,0.2467,-0.1432,-0.3046,29.31
1789438685720,186.4073,25.1358,0.3451,-0.2112,0.6199,0.9164,29.32
1789438685720,187.6100,25.0769,-0.0274,0.1857,-0.0211,-0.1215,29.31
1789438685720,186.7129,25.1230,0.2404,-0.4859,0.1010,0.4585,29.33
1789438685720,187.3858,25.0905,-0.0529,0.2467,0.1926,0.1533,29.33
1789438685720,184.8836,25.2169,0.3043,-0.3333,0.1010,0.1838,29.33
1789438685720,187.5462,25.0850,0.1045,0.2162,-0.2653,0.2448,29.33
1789438685722,188.8670,25.0202,0.4704,0.0941,0.6199,0.3975,29.32
1789438685732,188.4100,25.0443,0.0342,0.1551,-0.3874,0.2143,29.32
1789438685743,188.9065,25.0208,0.7962,-0.0280,0.6199,-0.5793,29.33
1789438685753,188.8329,25.0257,-0.1208,0.4299,-0.0516,0.3975,29.33
1789438685821,186.0470,25.1662,0.5563,0.2467,0.3147,-0.5793,29.33
1789438685821,189.2434,25.0076,0.3519,-0.0891,-0.0516,0.0006,29.31
1789438685821,186.1684,25.1626,0.3046,0.5214,0.2231,-0.1825,29.31
1789438685821,189.2120,25.0117,1.0357,-0.9132,0.1621,0.7943,29.31
1789438685821,185.9301,25.1770,0.1131,0.6130,0.3147,0.0312,29.32
1789438685821,185.7150,25.1890,0.5219,-0.9132,0.4978,0.3975,29.33
1789438685825,186.4203,25.1549,0.1326,0.5520,0.1315,0.3364,29.32
1789438685833,185.3448,25.2098,0.4078,-0.4554,0.4978,0.7027,29.32
1789438685843,187.7620,25.0901,0.0219,0.3078,-0.1127,0.3059,29.31
1789438685854,186.9864,25.1300,0.3063,0.0025,0.4368,0.5806,29.33
1789438685920,188.5084,25.0578,-0.0208,0.1246,-0.0821,0.0312,29.34
1789438685920,190.4032,24.9616,0.6005,-0.2417,0.2231,0.0006,29.32
1789438685920,188.6633,25.0498,0.0458,0.2162,-0.1432,0.3669,29.31
1789438685920,188.6914,25.0496,0.9621,0.3688,1.1083,-0.3351,29.32
1789438685920,187.9418,25.0882,0.0083,0.1551,-0.4179,0.3669,29.32
1789438685920,189.7150,25.0008,0.6284,0.4909,0.7115,-0.6404,29.31
1789438685922,190.2641,24.9744,0.0332,0.3383,0.3147,0.3364,29.32
1789438685933,186.5062,25.1635,0.3596,0.5825,0.3452,-0.1825,29.32
1789438685942,189.5093,25.0145,0.6971,-0.2417,0.4978,0.7638,29.33
1789438685952,186.5789,25.1622,0.2594,0.7046,0.3452,-0.1215,29.32
1789438686019,190.8685,24.9488,0.7592,-0.9132,0.9252,0.9164,29.31
1789438686019,188.5441,25.0662,-0.0031,0.1551,0.4063,0.0922,29.32
1789438686019,186.6882,25.1602,0.2666,-0.4859,0.0094,0.5196,29.32
1789438686019,187.6523,25.1131,0.0039,0.3993,0.1621,0.2754,29.31
1789438686019,187.2682,25.1336,0.2569,-0.0280,0.4368,0.7027,29.33
1789438686019,187.6145,25.1174,-0.0005,0.0941,-0.2348,0.0006,29.32
1789438686025,188.6449,25.0671,0.3197,-0.2722,0.1621,0.2448,29.31
1789438686032,187.8315,25.1090,-0.0374,0.5520,-0.1127,0.5501,29.33
1789438686042,189.0666,25.0485,0.5474,0.0941,0.6505,0.2448,29.32
1789438686119,188.5285,25.0766,0.0261,0.1857,-0.3263,0.3059,29.31
1789438686119,188.9658,25.0561,0.7862,0.4604,0.9862,-0.4878,29.32
1789438686119,188.8556,25.0394,0.0166,-0.0280,-0.0821,0.0312,29.31
1789438686119,186.2345,25.1951,0.4560,0.5520,0.3757,-0.3046,29.33
1789438686119,189.4150,25.0373,0.3332,-0.0891,0.0400,-0.0299,29.33
1789438686119,186.2523,25.1967,0.2530,0.7351,0.3452,0.0312,29.33
1789438686120,189.5954,25.0307,1.0905,-1.2795,0.5589,0.8859,29.32
1789438686122,187.9205,25.1155,-0.0184,0.3993,0.4063,0.1533,29.33
1789438686133,185.6925,25.2282,0.4405,-0.9438,0.3452,0.3059,29.32
1789438686143,186.8122,25.1733,0.0598,0.5825,0.2231,0.3364,29.35
1789438686220,185.5509,25.2376,0.3226,-0.2417,0.6810,0.6722,29.32
1789438686220,188.3591,25.0983,-0.0220,0.1551,-0.1432,-0.0909,29.34
1789438686220,190.2209,25.0063,0.3211,-0.2112,0.1315,0.3975,29.33
1789438686220,188.2284,25.1072,-0.0016,0.3078,-0.2042,0.2448,29.36
1789438686220,190.5093,24.9943,0.7578,-0.2722,0.2536,-0.0299,29.32
1789438686220,188.7340,25.0842,0.0246,0.2467,-0.0211,0.5806,29.31
1789438686221,188.5517,25.0945,0.8593,0.4604,1.1389,-0.4572,29.34
1789438686225,188.3029,25.1081,0.0096,0.0330,-0.2348,0.0922,29.32
1789438686232,187.5926,25.1449,0.4643,0.3688,0.5284,-0.2741,29.32
1789438686243,190.4521,25.0030,0.2476,0.2162,0.1621,0.0922,29.33
1789438686316,186.4100,25.2062,0.3728,0.5825,0.4673,-0.1215,29.32
1789438686316,189.6592,25.0449,0.7764,-0.3333,0.6199,0.9469,29.32
1789438686316,186.3781,25.2101,0.1473,0.1551,-0.0516,-0.1520,29.32
1789438686316,190.7433,24.9930,0.8189,-1.0048,0.7420,0.7027,29.32
1789438686316,188.4341,25.1096,-0.0371,0.0636,0.1926,-0.1825,29.33
1789438686316,186.9037,25.1873,0.2558,-0.5469,-0.0211,0.3669,29.33
1789438686318,188.0907,25.1291,-0.0169,0.4909,0.1926,0.3975,29.33
1789438686322,187.1077,25.1794,0.2997,-0.0585,0.3452,0.4280,29.34
1789438686332,187.5696,25.1575,0.0159,0.1246,-0.1432,0.0922,29.32
1789438686342,188.8806,25.0932,0.4264,0.0025,0.5284,0.3364,29.30
1789438686417,187.9615,25.1403,0.0100,0.2162,-0.4484,0.3059,29.32
1789438686417,189.0858,25.0853,0.5728,-0.1806,0.3452,-0.3351,29.31
1789438686417,188.9059,25.0955,-0.1057,0.2467,0.1010,0.4585,29.32
1789438686417,189.4114,25.0715,0.9442,0.6130,0.6199,-0.9456,29.32
1789438686417,189.6109,25.0627,0.1676,-0.0280,-0.1737,-0.0299,29.33
1789438686417,186.2832,25.2302,0.4441,0.3383,0.1926,-0.3657,29.33
1789438686418,189.8093,25.0551,0.7808,-0.7301,0.0400,0.3059,29.31
1789438686422,186.2404,25.2347,0.1862,0.2467,-0.0516,-0.2741,29.32
1789438686432,190.0473,25.0456,1.0239,-1.4932,0.7726,0.6111,29.32
1789438686443,188.0828,25.1449,-0.0179,0.0636,0.0094,-0.1520,29.33
1789438686452,186.5067,25.2250,0.4247,-0.6385,0.5894,0.4585,29.32
1789438686520,187.2984,25.1865,0.0202,0.0330,-0.2348,-0.0299,29.32
1789438686520,185.8018,25.2625,0.2928,-0.4859,0.1621,0.4280,29.32
1789438686520,188.4856,25.1294,-0.0531,0.4299,0.2231,0.3669,29.32
1789438686520,190.2705,25.0413,0.4135,0.0636,0.3757,0.4890,29.34
1789438686520,188.4929,25.1314,0.1371,0.0330,-0.3263,0.2448,29.34
1789438686520,190.8522,25.0147,0.9159,0.0330,0.3757,-0.0604,29.31
1789438686522,189.5004,25.0833,-0.0654,0.1857,-0.4790,0.3364,29.32
1789438686532,188.9436,25.1123,0.7471,0.0025,0.6505,-0.6709,29.32
1789438686543,188.1751,25.1519,-0.0155,0.3688,0.0705,0.6111,29.32
1789438686616,187.4465,25.1896,0.6000,0.3993,0.4978,-0.3962,29.33
1789438686616,190.6376,25.0311,0.2923,0.3078,0.3757,0.3975,29.33
1789438686616,187.1786,25.2052,0.3151,0.3078,0.0705,-0.3657,29.32
1789438686616,189.8064,25.0749,0.8136,-0.4248,0.6199,0.9774,29.32
1789438686616,186.6647,25.2331,0.1000,0.1857,-0.1737,-0.1825,29.32
1789438686616,190.8704,25.2583,0.7339,-1.1880,1.0168,0.7027,29.32
1789438686617,188.6622,25.1355,-0.0276,0.0941,-0.0211,-0.2741,29.34
1789438686622,187.0827,25.2157,0.2710,-0.3638,0.1621,0.5806,29.32
1789438686632,188.3110,25.1554,-0.0428,-0.0585,-0.1432,-0.0299,29.31
1789438686643,187.2205,25.2111,0.3045,-0.3333,0.1315,0.2143,29.32
1789438686653,188.0104,25.1727,0.0028,0.3078,-0.0211,0.1838,29.32
1789438686721,189.0024,25.1243,0.4328,-0.0585,0.5589,0.4280,29.32
1789438686721,188.1116,25.1700,0.0409,0.1857,-0.4179,0.1838,29.34
1789438686721,189.3585,25.1089,0.5612,-0.2417,0.2842,-0.2741,29.32
1789438686721,188.8396,25.1360,-0.1382,0.2772,-0.0821,0.2754,29.31
1789438686721,189.7505,25.0917,0.8927,0.4604,0.5589,-1.0372,29.34
1789438686721,189.8279,25.0890,0.1343,0.1551,0.0094,0.1533,29.31
1789438686722,186.3943,25.2618,0.4737,0.4909,0.2536,-0.4878,29.32
1789438686733,189.8857,25.0884,0.6822,-0.3027,0.1926,0.5196,29.31
1789438686743,186.6131,25.2532,0.1932,0.3688,-0.1432,-0.2130,29.32
1789438686753,190.0195,25.0841,1.0407,-1.4627,0.8031,0.6722,29.32
1789438686820,188.2009,25.1760,0.0076,0.3688,0.1315,0.0006,29.33
1789438686820,186.1384,25.2803,0.4113,-0.4554,0.7726,0.6722,29.32
1789438686820,187.5204,25.2123,0.0549,0.1246,-0.1432,-0.0604,29.33
1789438686820,185.7811,25.3005,0.3023,-0.6080,0.2842,0.3975,29.33
1789438686820,188.7736,25.1519,-0.0789,0.1551,0.1621,0.1533,29.32
1789438686820,190.4522,25.0691,0.3862,-0.3333,0.0705,0.2143,29.32
1789438686825,188.7640,25.1547,0.1154,0.3993,-0.1737,0.3669,29.30
1789438686832,190.9988,25.0441,0.7793,0.1857,0.6199,0.3364,29.32
1789438686842,189.2287,25.1337,0.0225,0.0636,-0.3874,0.1533,29.32
1789438686957,188.8556,25.1535,0.8425,0.0025,0.6199,-0.7930,29.31
1789438686957,188.3128,25.1818,-0.0652,0.3993,0.1315,0.5196,29.32
1789438686957,187.5346,25.2219,0.6623,0.2467,0.4673,-0.7930,29.32
1789438686957,191.0122,25.0491,0.2447,0.0636,-0.0821,0.0617,29.32
1789438686957,187.4913,25.2263,0.3465,0.2467,0.1621,-0.3351,29.34
1789438686957,189.9782,25.1030,0.8266,-0.6690,0.2536,0.5806,29.28
1789438686957,186.7524,25.2654,0.2187,0.3078,-0.0516,-0.3046,29.30
1789438686957,191.4241,25.0330,0.8974,-1.3101,0.8336,0.5806,29.32
1789438686957,189.0267,25.1539,0.0199,0.2162,0.0094,-0.2130,29.33
1789438686957,187.4140,25.2357,0.2377,-0.2417,0.1010,0.7027,29.32
1789438686957,188.5466,25.1802,0.0211,0.1857,-0.2042,0.0617,29.31
1789438687026,187.5156,25.2329,0.2627,-0.3638,0.1315,0.3059,29.32
1789438687026,188.1593,25.2018,-0.0101,0.3688,0.2231,0.2143,29.32
1789438687026,189.2781,25.1471,0.4330,0.0330,0.3147,0.3364,29.31
1789438687026,188.5887,25.1827,0.0721,0.1551,-0.4484,0.2448,29.33
1789438687026,189.4289,25.1418,0.4178,-0.1196,0.3452,0.0312,29.33
1789438687026,188.9754,25.1657,-0.0727,0.0636,-0.1737,0.2754,29.30
1789438687034,190.0223,25.1146,0.9949,0.1857,0.7420,-1.0677,29.29
1789438687034,189.6507,25.1343,-0.0400,0.2772,0.2536,0.4280,29.33
1789438687042,186.6465,25.2856,0.5598,0.2772,0.3757,-0.6709,29.32
1789438687052,190.2527,25.1064,0.4443,0.1551,0.3452,0.4280,29.32
1789438687120,186.6645,25.2870,0.2850,0.3688,0.1315,-0.4572,29.32
1789438687120,190.2970,25.1066,0.9622,-0.6996,0.4063,1.0995,29.32
1789438687120,186.9145,25.2768,0.0396,0.2772,-0.0211,-0.0299,29.32
1789438687120,186.3428,25.3065,0.5453,-0.8827,0.8031,0.4890,29.32
1789438687120,187.6228,25.2436,0.1352,0.3993,-0.1127,0.1227,29.33
1789438687120,186.2220,25.3148,0.3773,-0.7911,0.3757,0.4585,29.33
1789438687124,188.9249,25.1807,-0.0113,0.1857,-0.1737,0.0312,29.33
1789438687132,186.9267,25.2817,0.2686,-0.3027,0.0705,0.3669,29.33
1789438687142,189.2161,25.1684,0.0740,0.5520,-0.1127,0.5501,29.32
1789438687217,191.0598,25.0773,0.6281,0.0636,0.3757,0.4890,29.33
1789438687217,189.7772,25.1426,0.0368,0.1246,-0.2348,0.3364,29.32
1789438687217,189.2694,25.1691,1.0026,-0.0280,0.8031,-0.7320,29.32
1789438687217,188.5558,25.2059,-0.0675,0.2467,-0.3569,0.3975,29.31
1789438687217,190.3275,25.1184,0.7114,0.0941,0.6199,-0.8541,29.31
1789438687217,189.9215,25.0705,0.0144,0.2772,0.1926,0.3364,29.28
1789438687219,187.6429,25.2548,0.4536,0.3383,0.3147,-0.4878,29.33
1789438687222,190.2502,25.1255,0.6597,-0.2417,0.3452,0.3975,29.32
1789438687232,187.1931,25.2795,0.3455,0.3688,0.0400,-0.5488,29.32
1789438687242,191.5816,25.0612,1.0670,-0.7606,0.7420,1.0385,29.31
1789438687252,187.4617,25.2682,0.0704,0.3078,-0.2348,-0.2436,29.30
1789438687320,187.5397,25.2654,0.3581,-0.3943,0.6199,0.7332,29.31
1789438687320,188.9820,25.1944,-0.0316,0.0941,-0.0211,-0.1520,29.32
1789438687320,187.9480,25.2472,0.2223,-0.5164,0.0705,0.3059,29.32
1789438687320,188.3462,25.2284,0.0251,0.4604,0.0094,0.3364,29.33
1789438687320,185.9477,25.3495,0.3337,-0.3638,0.1010,0.2754,29.33
1789438687320,188.9078,25.2026,0.0412,0.2162,-0.1127,0.2143,29.32
1789438687325,189.5729,25.1705,0.4046,-0.0585,0.5894,0.3669,29.32
1789438687332,189.5276,25.1739,-0.0138,-0.0280,-0.2958,0.1533,29.32
1789438687342,190.1038,25.1462,0.8684,-0.0585,0.4368,-0.3046,29.31
1789438687417,189.9618,25.1544,-0.1112,0.4909,0.1621,0.4585,29.34
1789438687417,192.1894,25.0440,0.5845,0.0025,0.5284,-0.5488,29.33
1789438687417,191.6976,25.0695,0.0275,0.0636,-0.1432,0.1227,29.31
1789438687417,187.5239,25.2793,0.3753,0.1551,0.1315,-0.3351,29.31
1789438687417,190.4608,25.1335,0.8221,-0.7301,0.1926,0.4280,29.33
1789438687417,186.8263,25.3163,0.2238,0.2467,-0.0821,-0.4267,29.33
1789438687418,190.5032,25.1336,0.6811,-1.0048,0.4368,0.6417,29.31
1789438687422,187.4515,25.2873,0.1290,0.2467,0.0400,-0.2436,29.32
1789438687432,186.1284,25.3546,0.6454,-1.0048,0.9862,0.4890,29.32
1789438687442,189.0169,25.2113,0.0034,0.0941,-0.1127,-0.0909,29.32
1789438687516,187.2787,25.2993,0.3062,-0.4859,0.1315,0.4585,29.32
1789438687516,189.4228,25.1932,-0.0034,0.5214,-0.0211,0.3669,29.32
1789438687516,187.7453,25.2782,0.4569,0.0636,0.2842,0.4280,29.31
1789438687516,190.0373,25.1646,-0.0504,0.0941,-0.1432,0.0617,29.29
1789438687516,189.5749,25.1888,0.8481,0.0636,0.6505,-0.0909,29.31
1789438687516,188.6235,25.2375,0.0422,0.1246,-0.5705,0.2143,29.30
1789438687518,190.7660,25.1315,0.8051,-0.0891,0.6199,-0.6099,29.32
1789438687522,190.0604,25.1678,-0.1114,0.5520,0.0400,0.6111,29.33
1789438687532,191.1147,25.1161,0.7373,0.5520,0.8947,-0.5793,29.32
1789438687543,190.6141,25.1423,0.1381,0.0025,-0.0821,0.1227,29.33
1789438687618,187.3833,25.3049,0.5958,0.6435,0.5894,-0.4267,29.33
1789438687618,191.7028,25.0900,0.4941,-0.1806,0.1010,0.0922,29.32
1789438687618,187.3788,25.3073,0.2634,0.3078,0.0705,-0.2130,29.32
1789438687618,190.0025,25.1772,0.4595,-0.7911,0.1621,0.5806,29.32
1789438687618,188.8079,25.2380,0.0511,0.0636,-0.0516,-0.1825,29.32
1789438687618,188.1621,25.2714,0.2252,-0.2722,0.2231,0.6722,29.32
1789438687619,188.4541,25.2579,-0.0136,0.0330,-0.1432,-0.0604,29.31
1789438687622,186.0024,25.3816,0.3087,-0.6080,0.1926,0.3975,29.32
1789438687632,188.9411,25.2358,0.0379,0.6130,-0.0821,0.5501,29.33
1789438687642,186.7001,25.3490,0.2867,0.0025,0.4978,0.5196,29.32
1789438687653,189.7476,25.1977,-0.1254,0.1857,-0.2348,0.0617,29.32
1789438687722,190.2179,25.1753,0.6661,-0.1501,0.1926,-0.0299,29.33
1789438687722,189.8556,25.1945,-0.1603,0.5520,0.0094,0.3975,29.32
1789438687722,190.0372,25.1866,0.8262,0.1246,0.6810,-0.4878,29.30
1789438687722,189.3000,25.2246,-0.0208,0.0330,-0.1737,0.2448,29.37
1789438687722,190.6866,25.1564,0.6883,0.7351,0.8031,-0.4878,29.33
1789438687722,190.6274,25.1605,0.2481,0.3078,-0.6621,0.3059,29.27
1789438687727,187.0114,25.3424,0.5545,0.7656,0.4978,-0.3046,29.31
1789438687732,190.9648,25.1458,0.6991,-0.6996,0.1926,0.4585,29.32
1789438687743,187.1818,25.3360,0.3851,0.5825,-0.0211,-0.3962,29.34
1789438687753,191.7150,25.1105,1.2292,-1.6458,1.1083,0.5501,29.32
1789438687819,189.2398,25.2353,0.0386,0.0025,0.0094,-0.2436,29.32
1789438687819,187.7354,25.3116,0.3583,-0.6690,0.2842,0.4280,29.33
1789438687819,189.6568,25.2165,0.0106,0.4604,0.1010,0.1227,29.32
1789438687819,187.7923,25.3108,0.3249,-0.4248,0.4673,0.3669,29.31
1789438687819,189.6534,25.2188,-0.0082,0.4909,0.0094,0.4890,29.33
1789438687819,187.3238,25.3363,0.4936,0.0025,0.4978,0.5196,29.31
1789438687822,189.2568,25.2408,0.0811,0.1551,-0.4179,0.2448,29.33
1789438687832,190.9207,25.1586,0.6197,-0.3027,0.2231,-0.0299,29.33
1789438687843,190.3147,25.1900,-0.0290,0.4909,0.0094,0.6417,29.32
1789438687853,191.3471,25.1394,0.8364,0.3078,0.7420,-0.0604,29.33
1789438687920,190.1635,25.1997,-0.0044,0.1857,-0.2653,0.3059,29.32
1789438687920,191.3293,25.1424,0.6720,0.3383,0.5589,-0.5488,29.32
1789438687920,191.7028,25.1248,0.0587,0.3078,0.0705,0.3059,29.32
1789438687920,187.6208,25.3300,0.5263,0.6435,0.4673,-0.5488,29.32
1789438687920,190.1851,25.2028,0.1840,0.0025,-0.0821,0.0922,29.32
1789438687920,187.1736,25.3545,0.2703,0.7046,0.4368,-0.1215,29.33
1789438687925,190.3994,25.1942,0.4351,-0.6385,0.1315,0.4585,29.32
1789438687932,188.3884,25.2959,0.0342,0.5214,0.2536,0.2448,29.32
1789438687943,186.2695,25.4030,0.5524,-0.9743,0.5894,0.4890,29.32
1789438688015,189.0750,25.2638,0.0213,0.4299,0.1315,0.2754,29.33
1789438688015,186.7685,25.3802,0.2426,-0.3943,0.3757,0.5806,29.31
1789438688015,188.3807,25.3007,-0.1543,0.0330,-0.0211,-0.2436,29.33
1789438688015,186.8557,25.3781,0.3186,-0.3638,0.1315,0.2143,29.35
1789438688015,189.8240,25.2308,-0.1131,0.4299,0.1926,0.4280,29.31
1789438688015,190.2103,25.2126,0.5638,-0.1806,0.0705,0.2143,29.31
1789438688017,189.0742,25.2705,0.0578,0.0941,-0.2653,0.3059,29.30
1789438688022,190.8719,25.1817,0.8092,0.2772,0.7420,-0.0299,29.31
1789438688032,190.3207,25.2104,-0.0056,0.1551,-0.3874,0.3975,29.31
1789438688043,191.0260,25.1762,0.7568,0.2772,0.6505,-0.9456,29.33
1789438688053,190.9877,25.1792,0.0434,0.3383,0.1010,0.3669,29.32
1789438688121,187.2964,25.3649,0.7696,0.7046,0.2842,-1.0372,29.33
1789438688121,192.0277,25.1293,0.7814,-0.0585,0.5589,0.7027,29.32
1789438688121,187.9668,25.3334,0.2982,0.3993,0.0705,-0.4572,29.30
1789438688121,189.7637,25.2446,0.7736,-0.6996,0.6810,1.0995,29.32
1789438688121,186.8773,25.3899,0.0854,0.2772,-0.0516,-0.0299,29.32
1789438688121,188.2747,25.3211,0.4321,-0.4859,0.6505,0.7027,29.32
1789438688125,190.1079,25.2304,0.0005,0.0636,0.0094,-0.0604,29.33
1789438688132,187.4378,25.3650,0.3370,-0.5469,0.2842,0.3975,29.32
1789438688143,189.8345,25.2462,0.1266,0.0941,-0.2653,-0.1215,29.31
1789438688154,187.3064,25.3737,0.3185,-0.3943,0.1926,0.2754,29.31
1789438688220,190.0553,25.2372,-0.0936,0.4604,0.0705,0.3975,29.32
1789438688220,191.3055,25.1757,0.4371,0.2162,0.4368,0.4890,29.32
1789438688220,190.2498,25.2296,0.0311,0.1246,-0.2653,0.1838,29.36
1789438688220,191.3262,25.1769,0.6009,-0.1806,0.3757,-0.1825,29.32
1789438688220,189.9740,25.2455,-0.1316,0.2772,0.0705,0.2143,29.32
1789438688220,190.7491,25.2078,1.0020,0.0636,0.8031,-0.9762,29.33
1789438688222,189.6806,25.2623,0.0376,0.0636,-0.2042,0.2754,29.33
1789438688232,187.0084,25.3970,0.7932,1.0404,0.5894,-0.6099,29.31
1789438688243,190.7047,25.2132,0.0465,0.2162,0.2536,0.2448,29.32
1789438688253,188.5213,25.3234,0.3798,0.4604,0.4978,-0.2741,29.31
1789438688320,186.3594,25.4327,0.9401,-0.5775,0.5284,1.0080,29.32
1789438688320,186.7923,25.4124,0.2006,0.2162,-0.0821,-0.2130,29.32
1789438688320,189.3475,25.2858,0.6157,-0.8217,0.8947,0.7943,29.32
1789438688320,188.6313,25.3227,-0.0091,0.0941,0.0094,-0.0909,29.32
1789438688320,187.0901,25.4009,0.3722,-0.6690,0.3147,0.4280,29.33
1789438688320,189.0489,25.3040,-0.1246,0.4604,0.2231,0.1533,29.32
1789438688325,186.7404,25.4205,0.2983,-0.1806,0.4673,0.5501,29.32
1789438688332,189.3561,25.2908,-0.0106,0.1246,-0.0516,0.1838,29.32
1789438688343,191.0181,25.2088,0.3154,-0.0891,0.2231,0.4280,29.32
1789438688353,190.4987,25.2358,-0.0603,0.3078,-0.2958,0.2143,29.32
1789438688421,191.3075,25.1964,0.7347,-0.2722,0.1926,-0.0299,29.32
1789438688421,190.0653,25.2596,0.0073,0.3078,-0.2348,0.4890,29.33
1789438688421,191.4674,25.1906,1.1737,0.3993,1.0168,-0.4572,29.31
1789438688421,190.5531,25.2373,0.0150,0.1246,-0.2042,0.1227,29.31
1789438688421,191.7305,25.1795,0.7838,0.4299,0.4673,-0.7320,29.32
1789438688421,190.2187,25.2561,0.6209,-0.0891,0.3757,0.8248,29.32
1789438688422,187.2752,25.4043,0.5387,0.8572,0.4063,-0.5793,29.32
1789438688432,191.5501,25.1914,0.5633,-0.1806,0.3452,0.6111,29.32
1789438688442,188.9168,25.3241,0.1961,0.4604,0.1621,-0.0909,29.32
1789438688520,191.9375,25.1741,1.0252,-0.8217,1.0778,1.0995,29.32
1789438688520,188.4706,25.2854,0.1028,0.5214,0.1926,0.0617,29.31
1789438688520,187.7276,25.3867,0.5529,-1.0048,0.4978,0.3059,29.31
1789438688520,190.2710,25.2603,-0.0436,0.2772,0.1621,-0.0299,29.32
1789438688520,187.6399,25.3929,0.2617,-0.3027,0.4368,0.5806,29.31
1789438688520,189.2989,25.3110,-0.0391,0.0636,-0.2042,0.1227,29.32
1789438688521,187.3436,25.4098,0.2420,-0.3638,0.0094,0.1838,29.32
1789438688525,189.7991,25.2880,-0.0340,0.4909,0.0094,0.4280,29.32
1789438688532,191.1398,25.2220,0.5694,-0.0280,0.1926,0.2143,29.32
1789438688543,189.7359,25.2932,0.0528,0.0941,-0.3569,0.2448,29.32
1789438688553,191.8708,25.1876,0.9057,0.0330,0.4978,-0.2130,29.30
1789438688620,189.7887,25.2926,-0.1384,0.2467,-0.0516,0.2754,29.32
1789438688620,190.0895,25.2787,0.6561,0.0025,0.6505,-0.7014,29.31
1789438688620,189.3617,25.3162,0.0875,0.0025,-0.0821,0.1227,29.31
1789438688620,188.7157,25.3495,0.5005,0.4909,0.6199,-0.1520,29.31
1789438688620,190.3268,25.2701,0.2420,0.2467,0.4368,0.3669,29.31
1789438688620,186.9202,25.4414,0.3515,0.3383,0.0094,-0.2436,29.32
1789438688622,191.0731,25.2349,0.7472,-0.4859,0.3452,0.9469,29.42
1789438688633,187.7375,25.4027,0.1179,0.1551,-0.2042,-0.2130,29.33
1789438688643,191.1283,25.2343,0.6997,-0.7301,0.8031,0.9774,29.30
1789438688717,189.3879,25.3224,-0.0315,0.0941,-0.1127,-0.1520,29.32
1789438688717,187.0508,25.4404,0.3507,-0.6996,0.2231,0.3669,29.32
1789438688717,189.5362,25.3171,-0.0546,0.5214,0.1621,0.1838,29.32
1789438688717,187.6160,25.4142,0.2886,-0.3943,0.0094,0.3059,29.32
1789438688717,188.4055,25.3757,-0.0047,0.3688,0.0094,0.2754,29.32
1789438688717,191.7685,25.2087,0.4402,-0.0585,0.3757,0.4280,29.31
1789438688718,190.9617,25.2500,-0.0355,0.1857,-0.2042,0.0006,29.32
1789438688722,191.9425,25.2020,0.6126,-0.3333,0.2231,-0.0909,29.33
1789438688733,189.6979,25.3152,0.0299,0.3078,-0.1432,0.6417,29.34
1789438688743,192.2776,25.1872,1.3729,0.4909,1.1389,-0.7625,29.33
1789438688816,190.4922,25.2775,0.0429,0.1246,-0.2348,0.2448,29.32
1789438688816,190.3736,25.2844,0.5180,0.2772,0.6810,-0.5793,29.32
1789438688816,191.9489,25.2066,0.1493,0.4299,0.2842,0.3975,29.32
1789438688816,188.9640,25.3569,0.4299,0.5520,0.4673,-0.3351,29.33
1789438688816,192.1901,25.1966,0.6866,-0.5164,0.3147,0.3669,29.32
1789438688816,188.6451,25.3747,0.1221,0.4604,0.4673,0.0922,29.32
1789438688817,191.1337,25.2514,0.8080,-0.8217,0.4673,0.8248,29.32
1789438688822,188.0688,25.4056,0.0959,0.5214,0.1621,0.0006,29.32
1789438688832,187.5394,25.4332,0.5875,-1.1574,0.6505,0.5501,29.33
1789438688842,190.1435,25.3038,-0.0299,0.4604,0.4063,0.2754,29.31
1789438688918,188.4032,25.3919,0.3087,-0.1806,0.3757,0.7027,29.32
1789438688918,189.5502,25.3355,0.0144,0.1551,-0.0516,0.1838,29.32
1789438688918,188.5619,25.3860,0.2391,-0.2112,0.0094,0.3669,29.32
1789438688918,189.4459,25.3427,-0.0582,0.2772,0.1926,0.1227,29.33
1789438688919,190.4205,25.2951,0.4723,-0.3027,0.1315,-0.0299,29.31
1789438688919,189.8753,25.3234,0.0574,0.4299,-0.1737,0.5806,29.32
1789438688919,190.6696,25.2847,0.5492,0.0941,0.7115,0.2143,29.32
1789438688923,190.3975,25.2994,-0.0731,0.0636,-0.4179,0.3059,29.33
1789438688932,190.8743,25.2766,0.8545,0.1857,0.7115,-0.9151,29.32
1789438688943,190.6380,25.2895,-0.0430,0.2772,0.1926,0.2754,29.33
1789438689015,187.7722,25.4339,0.6243,0.3993,0.2536,-0.7320,29.32
1789438689016,191.3941,25.2539,0.4656,-0.1501,0.0705,0.0006,29.32
1789438689016,187.9151,25.4289,0.3110,0.3078,0.0400,-0.5183,29.33
1789438689016,191.7278,25.2394,0.9976,-1.0048,0.1926,0.7027,29.31
1789438689016,188.2642,25.4135,0.1435,0.4299,-0.1737,-0.0909,29.32
1789438689016,191.5856,25.2485,0.7631,-1.0964,0.5589,0.5501,29.32
1789438689017,188.7080,25.3934,0.1104,0.3383,0.0705,-0.0909,29.32
1789438689022,187.1654,25.4717,0.5231,-0.9132,0.7726,0.5501,29.32
1789438689032,189.9010,25.3358,0.0304,0.0636,-0.2042,0.0312,29.32
1789438689042,188.5405,25.4048,0.2744,-0.5469,0.1315,0.3059,29.32
1789438689052,190.5578,25.3049,0.0422,0.5520,0.0400,0.3059,29.34
1789438689125,188.6202,25.4027,0.4192,-0.2722,0.1926,0.2448,29.35
1789438689125,191.1056,25.2794,0.0110,0.1246,-0.1127,0.0617,29.32
1789438689125,190.5143,25.3099,0.8293,0.0636,0.5284,-0.0604,29.31
1789438689125,190.0333,25.3349,-0.0368,0.1246,-0.3263,0.2448,29.30
1789438689125,191.7234,25.2514,0.8769,-0.0891,0.5284,-0.4878,29.32
1789438689125,191.1594,25.2805,-0.0592,0.2772,0.0705,0.3975,29.32
1789438689125,192.2139,25.2287,0.8332,0.5214,1.0473,-0.5183,29.32
1789438689132,191.6219,25.2592,0.0629,-0.0585,-0.1127,0.0922,29.32
1789438689142,188.5462,25.4141,0.6209,0.7656,0.6505,-0.5183,29.34
1789438689218,192.4183,25.2214,0.6130,-0.3027,-0.0516,0.0617,29.32
1789438689218,188.5357,25.4164,0.3159,0.7656,0.4368,-0.0604,29.33
1789438689218,191.0486,25.2919,0.6302,-0.6996,0.1315,0.4585,29.31
1789438689218,188.0441,25.4431,0.1286,0.6435,0.2536,0.0922,29.32
1789438689218,191.4472,25.2739,0.3897,-0.6080,0.3757,0.5806,29.30
1789438689218,189.7250,25.3609,0.0232,0.4909,0.3757,0.3364,29.32
1789438689219,187.1948,25.4885,0.4363,-0.5164,0.4368,0.5501,29.34
1789438689222,190.2220,25.3382,0.1070,0.2467,-0.0211,0.0617,29.32
1789438689232,187.6725,25.4666,0.2622,-0.3027,0.4978,0.5196,29.31
1789438689242,189.4601,25.3783,-0.0982,0.2772,-0.2348,0.0006,29.32
1789438689252,191.3737,25.2837,0.3940,-0.3027,0.1010,0.2143,29.31
1789438689321,191.0663,25.3001,-0.0809,0.2162,-0.1737,0.0617,29.32
1789438689321,191.0378,25.3025,0.6191,0.0025,0.7115,0.2143,29.32
1789438689321,189.7731,25.3669,-0.0306,0.2467,-0.4179,0.4280,29.32
1789438689321,191.6221,25.2755,1.0286,0.0941,0.8031,-0.7014,29.32
1789438689321,191.3350,25.2908,0.0030,0.4909,0.0094,0.5806,29.24
1789438689321,192.1753,25.2498,0.8315,0.4299,0.6199,-0.8541,29.31
1789438689325,191.9292,25.2630,0.1081,0.0330,-0.1127,0.1227,29.33
1789438689332,188.1005,25.4555,0.7555,0.7046,0.1010,-0.8846,29.32
1789438689342,192.9026,25.2163,1.0506,-0.6080,0.0705,0.5196,29.30
1789438689420,188.9765,25.4135,0.2774,0.3078,-0.0516,-0.3657,29.32
1789438689420,190.6444,25.3311,0.8350,-1.1269,0.3452,0.8553,29.32
1789438689420,187.9282,25.3412,0.0887,0.1246,-0.0211,-0.2130,29.33
1789438689420,188.7520,25.4276,0.5192,-0.7606,0.8031,0.5196,29.31
1789438689420,190.5555,25.3383,-0.0362,0.2772,0.0094,-0.0299,29.32
1789438689420,188.0095,25.4667,0.3730,-0.6080,0.4063,0.4280,29.32
1789438689422,190.5279,25.3416,0.0952,0.3688,-0.3874,0.1838,29.32
1789438689422,188.0002,25.4690,0.3430,-0.4859,0.2842,0.2143,29.34
1789438689432,190.8447,25.3276,-0.0163,0.3078,0.1010,0.3669,29.30
1789438689443,192.4399,25.2488,0.3679,0.1857,0.3757,0.5501,29.33
1789438689453,190.8255,25.3305,-0.0185,0.2162,-0.2348,0.1227,29.34
1789438689520,192.2160,25.2619,0.6089,-0.3027,0.3452,-0.1215,29.32
1789438689520,191.0473,25.3212,-0.1328,0.4604,0.1315,0.4585,29.32
1789438689520,191.7334,25.2879,1.0664,0.3688,1.1083,-0.3657,29.31
1789438689520,190.3282,25.3591,-0.0197,-0.0280,-0.3569,0.3364,29.32
1789438689520,192.6381,25.2446,0.9464,0.7046,0.4978,-1.2509,29.32
1789438689520,191.7677,25.2890,-0.0494,0.3688,0.3147,0.4890,29.34
1789438689525,189.5061,25.4031,0.3159,0.1551,0.1926,-0.2436,29.32
1789438689533,191.5217,25.3034,0.7088,-0.1806,0.4368,0.7332,29.31
1789438689543,189.3108,25.4149,0.2308,0.3688,0.2231,-0.2130,29.32
1789438689616,190.8680,25.3380,0.7079,-0.7911,0.4063,0.5501,29.28
1789438689616,187.4128,25.5117,0.0631,0.4604,0.0400,0.0922,29.32
1789438689616,187.5880,25.5041,0.5706,-1.0659,0.4978,0.6111,29.31
1789438689616,189.6028,25.4044,-0.0772,0.2467,-0.0516,-0.1215,29.32
1789438689616,187.3212,25.5196,0.3473,-0.4248,0.3757,0.6722,29.33
1789438689616,189.7765,25.3978,-0.0250,0.2467,-0.1432,0.1533,29.33
1789438689618,187.2437,25.5255,0.3260,-0.3638,0.1315,0.2143,29.32
1789438689622,189.9312,25.3921,-0.0483,0.3993,0.1926,0.1227,29.33
1789438689632,192.0125,25.2891,0.4520,-0.1196,0.6810,0.3975,29.32
1789438689643,190.9318,25.3440,-0.0377,0.0941,-0.3569,0.2448,29.33
1789438689717,192.3574,25.2737,0.9570,-0.3027,0.4368,-0.3046,29.32
1789438689717,191.1210,25.3364,-0.0077,0.3688,-0.0516,0.6722,29.31
1789438689717,192.3677,25.2751,0.9610,0.3383,1.0778,-0.2130,29.32
1789438689717,190.6373,25.3625,0.2551,0.0330,-0.2348,0.2448,29.31
1789438689717,192.6841,25.2612,0.9376,0.9183,0.4673,-1.2204,29.31
1789438689717,192.1690,25.2877,0.0270,0.2772,0.0705,0.3059,29.32
1789438689718,189.4475,25.4247,0.3442,0.2467,0.1926,-0.4878,29.32
1789438689722,192.5866,25.2687,0.6594,0.0330,0.4063,0.5196,29.31
1789438689732,189.2409,25.4369,0.2282,0.3688,0.0094,-0.2436,29.33
1789438689742,192.7039,25.2647,0.9350,-0.6996,0.7726,0.9774,29.31
1789438689753,188.7986,25.4609,0.0176,0.2467,0.0094,-0.0604,29.31
1789438689821,188.4729,25.4781,0.6149,-0.8217,0.8947,0.7332,29.32
1789438689821,190.1385,25.3957,-0.0012,0.1551,-0.0516,-0.0909,29.33
1789438689821,188.2640,25.4903,0.3298,-0.6385,0.1315,0.3059,29.34
1789438689821,190.7690,25.3659,-0.0301,0.2162,-0.1127,0.1533,29.33
1789438689821,189.2841,25.4411,0.3155,-0.3333,0.1010,0.4280,29.32
1789438689821,190.3957,25.3865,0.0435,0.3993,-0.0516,0.3364,29.32
1789438689822,192.8147,25.2665,0.3131,0.0941,0.3757,0.5501,29.31
1789438689832,190.1678,25.3998,0.0368,0.1551,-0.4484,0.2143,29.31
1789438689842,191.2038,25.3489,0.5132,-0.2112,0.2231,-0.0604,29.32
1789438689852,190.0961,25.4054,-0.0474,0.4604,-0.2653,0.6417,29.31
1789438689919,191.5236,25.3349,0.6761,0.3383,0.6505,-0.1215,29.32
1789438689919,191.1036,25.3570,-0.0389,0.1857,-0.2348,0.2754,29.32
1789438689919,191.6711,25.3296,0.7988,0.8572,0.7726,-0.7625,29.33
1789438689919,191.8539,25.3214,0.0937,0.2162,0.2536,0.1227,29.27
1789438689919,188.6426,25.4830,0.4721,0.6130,0.5589,-0.3046,29.31
1789438689919,191.8307,25.3247,0.7757,-0.6996,0.1010,0.3364,29.31
1789438689925,188.6120,25.4866,0.2402,0.6130,0.4368,-0.0604,29.32
1789438689932,192.3161,25.3024,1.0719,-1.2185,0.5284,0.8553,29.33
1789438689943,188.7785,25.4801,0.0661,0.6741,0.3147,0.2143,29.33
1789438690020,188.3006,25.5050,0.5228,-1.0353,0.4978,0.3669,29.31
1789438690020,189.2457,25.4586,0.2322,0.6130,-0.2653,0.1227,29.32
1789438690020,187.7368,25.5350,0.4692,-0.5164,0.8641,0.7332,29.32
1789438690020,190.7139,25.3870,0.0234,0.1246,-0.1432,0.0312,29.32
1789438690020,189.0016,25.4735,0.2841,-0.5164,0.1621,0.2754,29.33
1789438690020,191.0743,25.3709,0.0512,0.5520,0.1010,0.4585,29.32
1789438690022,193.0283,25.2741,0.4927,-0.1501,0.0705,0.3669,29.32
1789438690022,191.1118,25.3708,0.0706,0.1246,-0.3263,0.1838,29.32
1789438690032,191.2440,25.3651,0.8996,-0.0280,0.6810,-0.1215,29.30
1789438690043,190.5557,25.4004,-0.0526,0.2467,-0.3263,0.5196,29.32
1789438690118,192.0033,25.3290,0.8601,0.0025,0.6810,-0.6709,29.32
1789438690118,191.8272,25.3387,-0.0094,0.3688,-0.0821,0.2754,29.33
1789438690118,194.4931,25.2063,0.5636,0.4299,0.8336,-0.2741,29.31
1789438690118,193.2176,25.2708,-0.0737,0.1551,-0.0821,0.1227,29.31
1789438690118,189.1270,25.4762,0.6204,0.9793,0.5284,-0.4267,29.33
1789438690118,193.3297,25.2669,0.4829,-0.2417,0.1010,-0.0299,29.35
1789438690119,188.6801,25.5003,0.3291,0.7656,0.4368,-0.0299,29.33
1789438690123,191.4655,25.3620,0.5320,-0.6690,0.1926,0.5501,29.33
1789438690132,188.3778,25.5174,0.1825,0.5825,0.2536,0.0617,29.32
1789438690142,191.3978,25.3673,0.3261,-0.6080,0.3452,0.5196,29.32
1789438690152,190.0567,25.4353,-0.0022,0.4299,0.4063,0.2754,29.32
1789438690220,187.2898,25.5747,0.4398,-0.6385,0.6199,0.7027,29.32
1789438690220,190.4247,25.4188,0.0281,0.0025,-0.0211,-0.0299,29.31
1789438690220,187.9259,25.5448,0.2726,-0.4554,0.2842,0.3975,29.32
1789438690220,189.9173,25.4462,-0.1207,0.2772,-0.2348,-0.0604,29.32
1789438690220,187.9173,25.3523,0.3585,-0.3638,0.1010,0.1838,29.32
1789438690220,191.5343,25.3672,-0.1230,0.2162,-0.0516,0.2143,29.33
1789438690222,191.4825,25.3709,0.5332,0.0941,0.6199,0.3364,29.32
1789438690232,190.5909,25.4163,0.0040,0.1857,-0.4790,0.3669,29.31
1789438690242,192.0858,25.3426,0.9235,-0.0891,0.5589,-0.6404,29.29
1789438690252,191.5062,25.3725,0.0072,0.5825,0.1315,0.5806,29.30
1789438690319,192.5909,25.3192,0.8882,0.6130,1.0473,-0.6099,29.32
1789438690319,191.3180,25.3174,0.0375,0.0941,-0.0516,0.0617,29.33
1789438690319,188.7127,25.5150,0.8262,1.1014,0.7115,-0.6709,29.32
1789438690319,193.2442,25.2892,0.7791,-0.3943,0.1010,0.1838,29.32
1789438690319,189.5584,25.4744,0.3543,0.7046,0.4673,-0.1825,29.33
1789438690319,191.0800,25.3992,0.8593,-0.8217,0.3147,0.8859,29.32
1789438690325,188.1314,25.5476,0.1633,0.5825,0.2842,0.1838,29.30
1789438690332,192.5718,25.3265,0.6392,-0.5469,0.7115,1.0080,29.31
1789438690343,191.3970,25.3861,-0.0271,0.3688,0.3757,0.1227,29.32
1789438690418,188.7836,25.5177,0.5252,-0.9438,0.3452,0.3975,29.34
1789438690418,191.0586,25.4048,0.1047,0.2772,0.0094,0.1533,29.32
1789438690418,188.7331,25.5220,0.2791,-0.4554,0.4063,0.4585,29.31
1789438690418,191.2158,25.3987,-0.0396,0.1246,-0.1127,0.0312,29.32
1789438690418,188.7414,25.5232,0.3099,-0.3333,0.0705,0.1838,29.33
1789438690418,190.5073,25.4358,0.0227,0.3078,0.1010,0.2754,29.35
1789438690419,192.8247,25.3209,0.4822,-0.2112,0.2536,0.1838,29.32
1789438690422,191.5297,25.3865,-0.0297,0.1551,-0.3263,0.0617,29.34
1789438690432,192.1670,25.3556,0.7801,-0.0585,0.4673,-0.2130,29.32
1789438690443,190.6212,25.4338,-0.0632,0.1551,-0.3569,0.3364,29.31
1789438690453,192.9466,25.3185,1.1113,0.0636,0.8031,-0.7625,29.29
1789438690521,190.7080,25.4312,-0.1252,0.3993,0.0094,0.5196,29.31
1789438690521,191.4862,25.4876,0.5023,0.4299,0.8641,-0.1215,29.33
1789438690521,192.3938,25.3488,0.1908,-0.0585,-0.0211,0.0617,29.33
1789438690521,189.9721,25.4708,0.3617,0.5214,0.5589,-0.0909,29.32
1789438690521,191.3990,25.4004,0.5978,-0.6080,0.1315,0.2448,29.33
1789438690521,188.0515,25.5687,0.2687,0.5520,0.4063,-0.0604,29.32
1789438690525,192.1356,25.3655,0.8200,-0.9743,0.1621,0.7027,29.31
1789438690532,189.0031,25.5230,0.0686,0.3993,0.3147,0.0922,29.32
1789438690543,187.7744,25.5855,0.5990,-1.0353,0.6199,0.4585,29.32
1789438690616,190.2968,25.4602,0.0021,0.4299,0.4368,0.1533,29.32
1789438690616,187.9893,25.5765,0.3114,-0.2722,0.7115,0.7027,29.32
1789438690616,190.8256,25.4356,-0.0456,0.1551,0.0705,-0.0299,29.32
1789438690616,188.4348,25.5560,0.2495,-0.4554,0.1010,0.3059,29.32
1789438690616,189.5329,25.5020,-0.0869,0.2772,0.1926,0.2448,29.32
1789438690616,192.6634,25.3464,0.4819,-0.3027,0.1315,0.0922,29.32
1789438690617,191.8816,25.3864,0.0556,0.1857,-0.2958,0.1227,29.32
1789438690622,192.8123,25.3408,0.5660,0.0636,0.4673,0.2448,29.34
1789438690632,191.0325,25.4307,0.1102,0.1246,-0.3874,0.2448,29.32
1789438690642,193.1790,25.3243,1.3763,0.0941,0.8031,-0.9151,29.33
1789438690652,191.6597,25.4011,-0.0617,0.3993,0.1010,0.6111,29.32
1789438690721,191.5493,25.4076,0.8216,0.6435,1.0168,-0.4878,29.30
1789438690721,193.0827,25.3318,0.0867,-0.0280,-0.1737,0.1227,29.32
1789438690721,189.9840,25.4876,0.5358,0.6130,0.4978,-0.4572,29.31
1789438690721,193.2531,25.3250,0.4129,-0.1806,0.0094,0.0312,29.30
1789438690721,189.6681,25.5051,0.2688,0.3688,0.3147,-0.2130,29.31
1789438690721,192.4692,25.3659,0.8645,-0.8217,0.1621,0.6417,29.33
1789438690724,189.1869,25.5308,0.2468,0.6130,0.2842,-0.1825,29.32
1789438690732,193.3556,25.3233,0.9207,-1.1574,0.8947,0.6722,29.33
1789438690742,191.3143,25.4262,0.0053,0.4299,0.3147,0.1227,29.33
1789438690752,189.6465,25.5105,0.3027,-0.3333,0.3452,0.6722,29.32
1789438690819,190.8295,25.4522,0.0113,0.0941,0.0094,-0.0909,29.34
1789438690819,189.8026,25.5045,0.2111,-0.4248,0.0400,0.3975,29.31
1789438690819,190.6105,25.4649,-0.0023,0.4299,0.0094,0.4280,29.32
1789438690819,187.8901,25.6019,0.3385,-0.1501,0.4978,0.5196,29.31
1789438690819,190.8909,25.4527,0.0386,0.2162,-0.4179,0.0922,29.32
1789438690819,191.8479,25.4058,0.3373,-0.0891,0.3757,0.4585,29.33
1789438690822,191.3438,25.4320,-0.0806,0.2772,-0.3263,0.0922,29.32
1789438690832,192.1753,25.3914,0.8356,-0.1196,0.2231,-0.1215,29.30
1789438690843,192.0093,25.4005,-0.1013,0.3383,0.1010,0.3364,29.32
1789438690853,192.3527,25.3843,0.8751,0.3993,0.9862,-0.5183,29.33
1789438690920,191.0447,25.4505,-0.0421,-0.0585,-0.1432,0.1533,29.32
1789438690920,192.4733,25.3801,0.6100,0.2772,0.5284,-0.7320,29.32
1789438690920,192.6672,25.3712,0.3919,0.3078,0.0094,0.3059,29.32
1789438690920,188.9311,25.5590,0.4558,0.5520,0.4063,-0.4878,29.32
1789438690920,192.7916,25.3668,0.6530,-0.1196,0.4978,0.7943,29.31
1789438690920,189.0717,25.5537,0.4120,0.7351,0.1315,-0.3046,29.32
1789438690925,193.3059,25.3429,1.2911,-1.1269,1.1083,1.0385,29.31
1789438690933,189.6962,25.5242,0.1019,0.4909,0.1315,0.0617,29.32
1789438690942,189.1834,25.5508,0.5723,-1.1269,0.5589,0.3975,29.32
1789438691051,191.6244,25.4296,0.0045,0.1246,0.0094,-0.1215,29.33
1789438691051,188.5316,25.5854,0.3994,-0.6690,0.3147,0.5501,29.31
1789438691051,191.2270,25.4515,-0.0484,0.0636,-0.0821,-0.1520,29.32
1789438691051,188.8454,25.5716,0.3985,-0.4859,0.1621,0.1533,29.32
1789438691051,191.3633,25.4465,0.0896,0.5825,-0.0516,0.3975,29.31
1789438691051,188.8937,25.5708,0.3471,0.1551,0.5284,0.5501,29.34
1789438691051,192.6877,25.3819,-0.1081,0.1551,-0.2348,0.0312,29.35
1789438691051,192.9657,25.3688,0.4428,-0.1806,0.2231,0.0006,29.32
1789438691119,191.7985,25.4281,-0.0333,0.4604,0.0094,0.4280,29.32
1789438691119,193.3527,25.3512,0.8388,0.0636,0.5894,-0.1215,29.32
1789438691119,191.6521,25.4371,-0.1117,0.1551,-0.2042,0.3059,29.33
1789438691119,192.7629,25.3825,0.9015,0.2162,0.7115,-0.8541,29.32
1789438691119,191.3021,25.4563,-0.0091,0.2772,0.1010,0.2754,29.39
1789438691119,193.3073,25.5738,0.8315,0.5520,0.5284,-0.9762,29.34
1789438691119,192.3136,25.4075,0.0412,-0.0280,-0.0211,-0.0299,29.32
1789438691126,190.2442,25.5119,0.3946,0.2162,0.1621,-0.4267,29.34
1789438691126,192.6691,25.3916,0.8756,-0.6385,0.1315,0.5196,29.31
1789438691126,190.2348,25.5142,0.2379,0.3383,-0.1127,-0.2436,29.32
1789438691132,191.7875,25.4375,0.6886,-0.7911,0.2842,0.6722,29.33
1789438691142,190.4020,25.5077,0.0330,0.0025,-0.1127,-0.1520,29.32
1789438691152,188.5066,25.6035,0.5274,-0.5164,0.7420,0.8553,29.33
1789438691219,190.2072,25.5192,-0.0942,0.2467,-0.0211,-0.0604,29.33
1789438691219,188.1972,25.6207,0.3252,-0.7301,0.3147,0.3669,29.31
1789438691219,190.5227,25.5053,-0.0018,0.5520,0.2536,0.5196,29.32
1789438691219,188.3077,25.6170,0.2979,0.0330,0.5589,0.6111,29.32
1789438691219,191.1232,25.4770,0.0333,0.0941,-0.2348,-0.0604,29.31
1789438691219,192.8326,25.3925,0.4108,-0.3333,0.1010,0.0617,29.32
1789438691224,191.7976,25.4451,-0.0516,0.4604,0.1926,0.4280,29.30
1789438691232,193.1850,25.3767,0.8529,-0.3027,0.4368,0.0617,29.33
1789438691243,192.3454,25.4195,0.0478,0.2772,-0.2042,0.4280,29.32
1789438691253,193.2633,25.3744,0.6874,0.0636,0.4978,-0.3351,29.32
1789438691320,191.3212,25.4724,0.1397,0.1246,-0.2958,0.2448,29.32
1789438691320,193.7009,25.3544,1.3314,0.8877,0.6810,-1.4340,29.32
1789438691320,192.3453,25.3894,0.0857,0.3383,0.0094,0.3975,29.31
1789438691320,190.1154,25.5353,0.5393,0.4604,0.4063,-0.4267,29.33
1789438691320,193.3946,25.3722,0.3493,0.2467,0.3452,0.2448,29.32
1789438691320,190.1437,25.5357,0.4529,0.3688,0.2231,-0.5488,29.31
1789438691322,193.5525,25.3661,0.6778,-0.1806,0.4978,0.7638,29.31
1789438691332,189.6624,25.5613,0.2052,0.3383,0.1010,-0.2130,29.33
1789438691342,192.7179,25.4094,0.8226,-1.0964,0.8336,0.6111,29.31
1789438691353,190.8071,25.5058,0.1089,0.5825,0.2536,-0.0299,29.32
1789438691419,189.0140,25.5963,0.5323,-1.1574,0.5589,0.4585,29.32
1789438691419,191.4806,25.4738,-0.0199,0.4299,0.2842,0.2754,29.33
1789438691419,189.9531,25.5511,0.2711,-0.1501,0.4368,0.7027,29.33
1789438691419,191.1503,25.4921,0.0042,0.1246,-0.2348,-0.0604,29.31
1789438691419,190.3632,25.5323,0.2792,-0.3027,0.1315,0.2143,29.33
1789438691419,190.9068,25.5060,-0.0389,0.4604,-0.0211,0.3669,29.32
1789438691425,191.7557,25.4645,0.4520,-0.2722,0.2536,0.0312,29.32
1789438691432,191.1758,25.4944,-0.0108,0.4299,-0.1737,0.4585,29.32
1789438691443,192.0870,25.4497,0.4714,-0.3027,0.1926,-0.0909,29.34
1789438691453,191.6808,25.4710,0.0001,0.2162,-0.2348,0.2754,29.34
1789438691519,192.3883,25.4366,0.8724,0.1246,0.8641,-0.4572,29.32
1789438691519,192.0001,25.4568,-0.1266,0.0636,-0.2042,0.1533,29.32
1789438691519,192.2048,25.4475,0.6279,0.0636,0.5894,-0.7930,29.29
1789438691519,192.6460,25.4263,0.1332,0.1246,0.2842,0.2754,29.33
1789438691519,189.3568,25.5917,0.5837,0.2162,0.2231,-0.7625,29.32
1789438691519,192.8325,25.4187,0.6536,0.0025,0.3147,0.5196,29.33
1789438691522,189.3912,25.5916,0.3365,0.1857,0.2231,-0.5793,29.32
1789438691532,193.0096,25.4115,0.7830,-0.4248,0.4368,0.8859,29.33
1789438691543,189.1633,25.6047,0.3531,0.6130,-0.2958,-0.4878,29.33
1789438691615,194.0936,25.3591,1.2831,-1.6153,1.6273,0.9469,29.33
1789438691615,191.5436,25.4873,0.0438,0.2162,0.0400,-0.2741,29.32
1789438691615,189.7593,25.5774,0.3974,-0.7911,0.3452,0.3669,29.32
1789438691615,191.7499,25.4788,0.0514,0.4909,0.4063,0.1838,29.31
1789438691615,189.9218,25.5711,0.3280,-0.1806,0.5894,0.6722,29.30
1789438691615,192.0720,25.4643,-0.0414,0.0941,-0.1432,-0.0299,29.31
1789438691617,189.2781,25.6049,0.4021,-0.3333,0.1621,0.1533,29.32
1789438691623,191.5824,25.4906,0.0585,0.4604,-0.1432,0.4890,29.32
1789438691632,192.9712,25.4219,0.4752,-0.4248,0.2231,0.0617,29.32
1789438691642,192.5269,25.4449,0.0660,0.1246,-0.0821,0.1533,29.32
1789438691716,193.4733,25.3984,0.5535,0.1246,0.5894,0.2143,29.31
1789438691716,192.0584,25.4700,0.0383,0.1246,-0.3874,0.3059,29.32
1789438691716,193.3205,25.4078,0.8405,0.0636,0.6199,-0.3046,29.31
1789438691716,192.1472,25.4672,-0.0447,0.4299,0.1010,0.4890,29.30
1789438691716,193.0847,25.4213,1.0430,0.8267,1.0168,-0.7625,29.30
1789438691716,191.6158,25.4582,0.0107,0.0330,-0.1737,0.1838,29.30
1789438691717,189.1567,25.6194,0.6570,0.7656,0.6505,-0.6404,29.32
1789438691722,192.6135,25.4474,0.0775,0.0941,0.0705,-0.0604,29.32
1789438691732,189.9752,25.5802,0.2766,0.3993,0.2231,-0.2741,29.33
1789438691743,192.9149,25.4341,0.9950,-0.8217,0.3452,0.7638,29.32
1789438691753,190.8854,25.5365,0.1860,0.4299,0.1315,-0.0299,29.29
1789438691821,192.3078,25.4662,0.7730,-0.6690,0.7420,0.9469,29.31
1789438691821,190.7399,25.5454,0.0556,0.4299,0.2536,0.0922,29.31
1789438691821,188.7223,25.6472,0.5122,-0.6996,0.8641,0.7943,29.32
1789438691821,190.6159,25.5533,-0.0834,0.1551,0.0400,-0.0604,29.32
1789438691821,188.4315,25.6634,0.3255,-0.5469,0.4978,0.3669,29.33
1789438691821,191.0119,25.5353,-0.0279,0.0941,-0.1432,0.0312,29.32
1789438691825,188.4507,25.6642,0.2740,-0.3027,0.1315,0.3059,29.31
1789438691832,191.0351,25.5358,-0.0319,0.5214,0.1010,0.4585,29.33
1789438691843,193.0781,25.4344,0.4132,0.0025,0.5284,0.4280,29.33
1789438691853,191.8378,25.4973,-0.0263,0.1551,-0.3874,0.1227,29.31
1789438691919,195.3787,25.3211,0.6312,-0.1501,0.2536,-0.0299,29.32
1789438691919,193.5527,25.4130,-0.0622,0.3383,0.0705,0.6111,29.32
1789438691919,193.9064,25.3961,0.8332,0.3383,0.8641,-0.0909,29.33
1789438691919,191.7399,25.5053,0.1513,0.0330,-0.3874,0.1838,29.31
1789438691919,193.6711,25.4097,1.2795,0.7656,0.5284,-1.2814,29.33
1789438691919,193.1329,25.4374,0.0896,0.2772,0.2842,0.3975,29.33
1789438691922,190.1763,25.5860,0.5054,0.3688,0.3147,-0.5183,29.33
1789438691932,193.5389,25.4188,0.4489,0.0941,0.2536,0.3975,29.33
1789438691943,190.4603,25.5736,0.3759,0.3078,0.1621,-0.4878,29.32
1789438691953,193.9141,25.4017,0.7511,-0.6385,0.1010,0.3975,29.33
1789438692020,190.2349,25.5864,0.1956,0.1857,-0.2958,-0.2741,29.33
1789438692020,192.9538,25.4513,0.9724,-1.3101,0.5894,0.5196,29.32
1789438692020,191.1110,25.5442,0.0927,0.2772,-0.0211,-0.1825,29.36
1789438692020,189.1612,25.6426,0.6166,-1.2185,0.7115,0.3669,29.33
1789438692020,191.9800,25.5024,-0.0197,0.4299,0.3757,0.1838,29.32
1789438692020,190.2102,25.5917,0.2770,-0.1806,0.3757,0.6417,29.33
1789438692025,191.6529,25.5204,0.0312,0.1857,-0.1432,0.0617,29.33
1789438692032,190.2242,25.5927,0.2067,-0.3027,0.0705,0.3059,29.32
1789438692043,191.2306,25.5432,-0.0365,0.3688,-0.0211,0.0617,29.32
1789438692053,192.1919,25.4960,0.3870,-0.2417,0.0705,0.2143,29.32
1789438692120,191.5639,25.5283,0.0932,0.2772,-0.2653,0.2143,29.32
1789438692120,192.3221,25.4912,0.4455,0.0941,0.6199,0.5196,29.32
1789438692120,191.7891,25.5187,-0.0295,0.1246,-0.2958,0.2448,29.32
1789438692120,192.5605,25.4811,0.8644,-0.1196,0.5284,-0.4572,29.33
1789438692120,192.2864,25.4956,-0.1128,0.4909,0.1315,0.5501,29.34
1789438692120,192.2708,25.4973,0.7788,0.4604,1.0778,-0.5488,29.31
1789438692122,191.4407,25.5396,0.0912,0.0330,-0.1127,0.1838,29.33
1789438692132,189.5570,25.6348,0.5991,0.6130,0.8641,-0.3046,29.34
1789438692142,193.3922,25.4438,0.4852,0.2467,0.2842,0.5501,29.32
1789438692153,189.7453,25.6270,0.4174,0.6435,0.5589,-0.1215,29.34
1789438692219,193.3940,25.4454,0.7210,-0.4248,0.5284,0.6111,29.33
1789438692219,189.6715,25.6323,0.4154,0.8572,0.3147,-0.1825,29.31
1789438692219,194.3060,25.4014,1.3765,-1.3101,1.4136,0.7638,29.32
1789438692219,190.2086,25.6070,0.1037,0.4909,0.1926,0.0006,29.32
1789438692219,189.9842,25.6191,0.4974,-0.8827,0.3452,0.4890,29.32
1789438692219,192.0342,25.5174,0.0345,0.2772,0.2231,-0.0299,29.33
1789438692224,190.4088,25.5996,0.3027,-0.5164,0.3452,0.5501,29.32
1789438692232,192.3238,25.5046,-0.0255,0.0941,-0.1127,-0.0299,29.31
1789438692243,189.7373,25.6347,0.3940,-0.5164,0.1621,0.2143,29.32
1789438692316,192.1096,25.5169,0.1400,0.4604,-0.0211,0.4280,29.33
1789438692316,189.7394,25.6362,0.3720,0.1246,0.4978,0.4585,29.31
1789438692316,192.6977,25.4891,0.0078,0.1246,-0.3569,0.1838,29.32
1789438692316,193.7475,25.4374,0.4180,-0.2722,0.1926,0.1227,29.32
1789438692316,192.5236,25.4993,-0.0164,0.4299,0.0094,0.5501,29.33
1789438692316,193.9693,25.4279,0.8462,0.2772,0.5894,0.0617,29.31
1789438692317,192.7274,25.4907,-0.0596,0.0941,-0.2958,0.2143,29.29
1789438692322,193.0294,25.4765,0.8868,0.0636,0.6810,-0.5793,29.32
1789438692332,191.6889,25.5443,0.0207,0.3688,0.1010,0.4280,29.32
1789438692343,194.1674,25.4213,1.0235,0.4604,0.5589,-1.4646,29.33
1789438692353,193.2932,25.4658,0.0403,0.0941,-0.0516,0.0312,29.36
1789438692421,190.8494,25.5889,0.4569,0.3383,0.4673,-0.3046,29.32
1789438692421,193.1398,25.4752,0.7027,-0.4859,0.1010,0.3669,29.33
1789438692421,191.1055,25.5778,0.2748,0.3688,0.3452,-0.0604,29.32
1789438692421,192.2361,25.5221,0.6832,-0.5164,0.3147,0.8859,29.33
1789438692421,189.0300,25.6833,0.1578,0.3688,-0.0211,-0.2130,29.33
1789438692421,192.9547,25.4879,0.7331,-1.0353,0.9252,0.8859,29.32
1789438692425,191.3142,25.5707,-0.0501,0.4909,0.2842,0.2143,29.32
1789438692432,188.7805,25.6983,0.4734,-0.9132,0.4978,0.3364,29.33
1789438692443,190.9584,25.5902,0.0353,0.2162,0.0094,0.0922,29.32
1789438692453,189.1445,25.6818,0.2566,-0.3638,0.3452,0.5501,29.32
1789438692520,191.4610,25.5667,-0.1099,0.1246,-0.0211,-0.0299,29.32
1789438692520,189.5474,25.6633,0.3038,-0.4248,0.1621,0.2754,29.33
1789438692520,190.4501,25.6189,-0.0066,0.4299,-0.0211,0.3669,29.31
1789438692520,193.6120,25.4616,0.5214,0.2162,0.5284,0.4585,29.33
1789438692520,192.7354,25.5062,-0.0299,0.1551,-0.2653,0.1227,29.34
1789438692520,193.8285,25.4524,0.6655,-0.1196,0.2536,-0.0299,29.32
1789438692522,192.2305,25.5331,0.0594,0.5214,-0.1127,0.6111,29.30
1789438692532,194.3988,25.4255,1.3807,0.4299,1.1389,-0.5183,29.31
1789438692542,192.3875,25.5269,-0.0690,0.0941,-0.2958,0.3059,29.32
1789438692552,192.3188,25.5311,0.7596,0.2772,0.7115,-0.9151,29.33
1789438692619,193.9906,25.4483,0.0441,0.3078,0.2842,0.4890,29.26
1789438692619,190.5668,25.6204,0.6474,0.3993,0.3147,-0.8235,29.31
1789438692619,194.2403,25.4375,0.3241,0.2162,0.1010,0.2754,29.32
1789438692619,190.5083,25.6248,0.3420,0.3078,0.2842,-0.4572,29.32
1789438692619,193.3769,25.4822,0.7818,-0.6080,0.1926,0.3975,29.32
1789438692619,190.0735,25.6482,0.2958,0.4604,-0.1432,-0.3657,29.34
1789438692624,194.6192,25.4217,0.9389,-1.0964,0.2536,0.5806,29.32
1789438692632,190.2635,25.5454,0.0446,0.3078,-0.2348,-0.1825,29.32
1789438692642,190.6413,25.6221,0.3796,-0.5775,0.4063,0.6111,29.27
1789438692652,192.0077,25.5546,0.0188,0.4909,0.3757,0.1533,29.32
1789438692720,190.8966,25.6111,0.2455,-0.2722,0.2231,0.5501,29.32
1789438692720,191.2250,25.5954,0.0135,0.2162,0.0094,0.2754,29.33
1789438692720,189.0378,25.7056,0.2898,-0.4554,0.2231,0.3975,29.32
1789438692720,191.8647,25.5651,0.0299,0.4909,-0.1432,0.2754,29.34
1789438692720,189.4595,25.6862,0.3175,-0.3333,0.0705,0.1838,29.34
1789438692720,192.5582,25.5321,-0.0761,0.2467,-0.1127,0.1533,29.33
1789438692722,193.0124,25.5103,0.5778,0.0025,0.4978,0.3975,29.31
1789438692732,192.6384,25.5298,-0.0553,0.1246,-0.3263,0.0617,29.33
1789438692743,192.9951,25.5128,0.7435,-0.1196,0.2536,-0.1825,29.33
1789438692752,189.1728,25.7049,0.0457,0.3993,-0.0211,0.5501,29.31
1789438692820,192.3118,25.5489,0.9310,0.4299,1.2304,-0.6709,29.32
1789438692820,192.4120,25.5448,0.0465,0.1551,-0.3569,0.1838,29.31
1789438692820,193.8528,25.4736,0.6855,0.2162,0.5589,-0.8541,29.33
1789438692820,193.6584,25.4841,0.1766,0.3383,0.2842,0.4585,29.33
1789438692820,190.0393,25.6658,0.7718,0.7351,0.1926,-0.9151,29.32
1789438692820,194.6245,25.4373,0.7828,-0.1196,0.4368,0.3364,29.33
1789438692825,190.6715,25.6358,0.3802,0.3993,0.0705,-0.5793,29.32
1789438692832,192.5924,25.5405,0.8519,-0.6996,0.4673,1.1301,29.37
1789438692842,189.6163,25.6901,0.1686,0.2467,-0.0516,-0.3657,29.35
1789438692919,193.8953,25.4769,0.6058,-0.6080,0.4673,0.9164,29.33
1789438692919,192.5385,25.5454,0.0572,0.2467,0.0400,0.1533,29.33
1789438692919,189.8432,25.6811,0.6083,-0.8827,1.0778,0.5196,29.32
1789438692919,192.4353,25.5522,0.0826,0.1246,0.1010,0.0617,29.31
1789438692919,189.8972,25.6799,0.3396,-0.6385,0.2842,0.4280,29.31
1789438692919,192.4135,25.5548,-0.0236,0.0636,-0.1432,0.0312,29.32
1789438692920,189.9621,25.6781,0.3156,-0.3943,0.2536,0.3975,29.33
1789438692922,191.4348,25.6053,-0.0032,0.0941,-0.0516,0.1838,29.32
1789438692932,189.6567,25.6950,0.2634,0.0025,0.4978,0.5501,29.32
1789438692943,192.8249,25.5373,-0.0869,0.2162,0.0705,0.1533,29.31
1789438692953,193.3873,25.5100,0.5306,-0.2112,0.1926,0.0922,29.31
1789438693019,192.1100,25.5747,0.1067,0.4299,-0.2653,0.5196,29.31
1789438693019,194.3868,25.4617,0.8914,0.0941,0.6505,0.1227,29.31
1789438693019,192.2809,25.5677,-0.0735,0.0330,-0.3874,0.3059,29.33
1789438693019,192.7635,25.5444,0.7182,0.0025,0.5284,-0.7014,29.33
1789438693019,191.7823,25.5943,-0.0167,0.3383,0.0705,0.5806,29.33
1789438693019,192.8212,25.5432,0.5382,0.3078,0.6199,-0.4267,29.32
1789438693025,192.6177,25.5542,0.1369,-0.0891,-0.1432,0.0312,29.32
1789438693033,189.3856,25.7166,0.5543,0.6435,0.3757,-0.4572,29.33
1789438693043,193.3842,25.5175,0.7060,-0.4859,0.1010,0.1838,29.30
1789438693118,190.1793,25.6786,0.3770,0.7046,0.2536,-0.2130,29.32
1789438693118,193.5824,25.5092,0.9133,-0.8522,0.3757,0.7943,29.31
1789438693118,190.1640,25.6810,0.1685,0.4909,0.2536,0.0922,29.35
1789438693118,193.6207,25.5090,0.9101,-1.2490,1.1389,0.7638,29.29
1789438693118,191.6466,25.6085,0.0068,0.3688,0.3757,0.0312,29.32
1789438693118,189.7588,25.7037,0.3905,-0.6996,0.2842,0.5806,29.31
1789438693120,190.8345,25.6507,0.0988,0.3078,-0.2348,0.0312,29.33
1789438693122,189.3439,25.7260,0.2797,-0.4554,0.2536,0.5501,29.34
1789438693132,192.0843,25.5897,-0.0037,0.2467,-0.1432,0.0312,29.32
1789438693143,190.1283,25.6883,0.3035,-0.4248,0.1621,0.1838,29.32
1789438693219,192.6127,25.5649,0.1145,0.6130,-0.1432,0.4890,29.31
1789438693219,194.3842,25.4771,0.4523,0.1246,0.4673,0.5806,29.32
1789438693219,192.8082,25.5567,0.0141,0.1551,-0.2042,0.1227,29.31
1789438693219,192.6769,25.5640,0.9249,-0.1806,0.3757,-0.3962,29.32
1789438693219,191.9571,25.6008,0.0177,0.4299,-0.0211,0.5806,29.32
1789438693219,193.8694,25.5059,0.8402,0.3383,0.8947,-0.0909,29.32
1789438693221,193.4094,25.5297,-0.0115,0.1857,-0.2653,0.3364,29.32
1789438693225,194.3106,25.4853,0.6671,0.1857,0.4978,-0.6404,29.32
1789438693232,193.0222,25.5505,-0.0412,0.2772,-0.1127,0.4890,29.32
1789438693243,194.4311,25.4809,0.8348,0.5520,0.2842,-0.8846,29.31
1789438693315,194.9270,25.4568,0.0676,-0.0891,-0.1432,-0.0604,29.31
1789438693315,190.3777,25.6850,0.5671,0.4604,0.2231,-0.7320,29.32
1789438693315,193.1078,25.5493,0.5174,-0.3638,0.2536,0.4585,29.32
1789438693315,189.6712,25.7219,0.3529,0.4604,0.0094,-0.3657,29.33
1789438693315,193.4844,25.5320,0.4039,-0.2722,0.4368,0.5501,29.33
1789438693315,191.2275,25.6456,0.1447,0.2467,-0.0211,-0.2436,29.32
1789438693317,193.3321,25.5412,0.8871,-0.9132,1.1389,0.8553,29.32
1789438693322,192.0269,25.6073,0.0598,0.1551,0.1315,-0.0604,29.33
1789438693332,189.7721,25.7209,0.3855,-0.7606,0.3147,0.4585,29.32
1789438693342,191.4890,25.6358,-0.0795,0.3993,0.2842,0.1533,29.32
1789438693352,189.4686,25.7377,0.2915,-0.2722,0.4978,0.6417,29.32
1789438693421,191.4966,25.6371,-0.0995,0.1246,-0.1432,-0.2741,29.31
1789438693421,189.3550,25.7450,0.2522,-0.3943,0.0705,0.2754,29.31
1789438693421,191.7333,25.6269,0.0276,0.4604,0.1926,0.3975,29.34
1789438693421,193.7498,25.5269,0.4708,0.1551,0.4063,0.4280,29.33
1789438693421,193.1376,25.5583,0.0267,0.1551,-0.1737,0.0312,29.32
1789438693421,194.0325,25.5144,0.5674,-0.3027,0.3452,0.0617,29.32
1789438693425,192.7800,25.5777,-0.0950,0.3993,-0.0821,0.5196,29.29
1789438693432,194.2652,25.5043,1.2541,0.3688,0.8947,-0.4267,29.33
1789438693443,193.0804,25.5643,0.0945,0.0330,-0.4790,0.3364,29.32
1789438693453,194.3622,25.5009,0.6253,0.2162,0.6199,-0.3962,29.32
1789438693520,192.4824,25.5957,0.4281,0.0330,-0.0516,0.4585,29.31
1789438693520,194.8907,25.4760,1.0779,0.9183,0.3452,-1.4646,29.32
1789438693520,194.0275,25.5199,0.2566,0.0025,-0.1127,0.1227,29.31
1789438693520,191.1332,25.6653,0.4718,0.3383,0.1315,-0.5488,29.33
1789438693520,194.3008,25.5077,0.7748,-0.5469,0.1926,0.3364,29.32
1789438693520,191.3984,25.6536,0.3269,0.4299,0.1010,-0.3351,29.32
1789438693522,194.6511,25.4917,0.9016,-0.4248,0.5894,0.8248,29.32
1789438693532,190.8208,25.6839,0.1689,0.3383,0.0400,-0.1520,29.30
1789438693542,193.6631,25.5426,0.8441,-1.0353,1.0473,0.7638,29.31
1789438693616,191.9904,25.6270,0.0864,0.4604,0.1926,0.1533,29.32
1789438693616,190.0043,25.7271,0.5526,-1.1269,0.6199,0.3975,29.32
1789438693616,192.5400,25.6010,-0.0138,0.1857,0.2231,-0.0299,29.31
1789438693616,190.9859,25.6795,0.2588,-0.4859,0.2536,0.4280,29.31
1789438693616,192.0946,25.6248,0.0104,0.0941,-0.1127,0.0617,29.31
1789438693616,191.1616,25.6722,0.2434,-0.4554,0.1315,0.1838,29.32
1789438693618,191.7279,25.6446,0.0460,0.4299,0.0705,0.3669,29.31
1789438693622,189.2461,25.5967,0.3947,0.0025,0.5589,0.3975,29.32
1789438693632,192.0210,25.6317,0.0297,0.2467,-0.3569,0.2448,29.32
1789438693642,191.3789,25.6646,0.4145,-0.3333,0.2231,0.1533,29.32
1789438693653,193.7891,25.5448,-0.1029,0.4909,0.1315,0.3975,29.29
1789438693721,193.9722,25.5364,0.8695,0.2772,0.7420,-0.1215,29.31
1789438693721,193.6608,25.5527,-0.0736,0.0941,-0.1127,0.1227,29.34
1789438693721,193.3162,25.5708,0.8323,0.0941,0.6810,-0.8541,29.33
1789438693721,192.4219,25.6163,-0.0680,0.4604,-0.1432,0.4280,29.31
1789438693721,194.0136,25.5375,0.8540,0.3383,0.5894,-1.0372,29.32
1789438693721,193.8936,25.5443,0.2879,-0.0585,-0.1737,0.1227,29.33
1789438693722,190.3523,25.7221,0.5453,0.6130,0.5894,-0.3962,29.31
1789438693732,194.0978,25.5356,0.6056,-0.4554,0.1010,0.2448,29.32
1789438693742,190.4727,25.7176,0.3690,0.6130,0.5284,-0.0909,29.32
1789438693817,194.9594,25.4941,1.4840,-1.3101,0.6505,0.8553,29.30
1789438693817,190.9502,25.6952,0.2220,0.5520,0.3757,0.0617,29.32
1789438693817,192.6643,25.6103,0.7069,-0.7606,0.6810,1.0690,29.32
1789438693817,192.9675,25.5958,0.0361,0.4909,0.3452,0.3059,29.33
1789438693817,190.7758,25.7062,0.4742,-0.9132,0.6199,0.3059,29.32
1789438693817,192.8106,25.6051,0.0193,0.1551,0.1926,0.1533,29.34
1789438693818,190.3070,25.7311,0.4098,-0.5775,0.7115,0.6417,29.31
1789438693822,192.8084,25.6068,0.1217,0.1246,-0.2042,0.0312,29.32
1789438693832,190.4416,25.7259,0.3497,-0.4859,0.2842,0.1838,29.32
1789438693842,193.1824,25.5895,-0.0229,0.2772,-0.0821,0.2448,29.30
1789438693852,190.4041,25.7292,0.2870,0.0330,0.1926,0.5196,29.32
1789438693921,193.1306,25.5936,-0.0257,0.2162,-0.2653,0.0922,29.29
1789438693921,194.4405,25.5289,0.5467,-0.2722,0.1315,0.0006,29.32
1789438693921,193.0149,25.6009,0.0234,0.2772,-0.1432,0.3975,29.33
1789438693921,193.8358,25.5606,0.7320,0.2162,0.5284,0.2143,29.32
1789438693921,192.1969,25.6433,0.0167,0.1246,-0.4179,0.3669,29.32
1789438693921,194.7952,25.5142,1.1683,0.0636,0.7726,-1.0372,29.33
1789438693922,192.4791,25.6307,-0.1413,0.2772,-0.0821,0.3669,29.32
1789438693932,192.8325,25.6139,0.6360,0.2772,0.6199,-0.5183,29.31
1789438693943,193.7163,25.5704,0.1276,-0.0891,-0.1127,0.0922,29.33
1789438693952,191.3753,25.6883,0.4761,0.5214,0.5589,-0.2130,29.33
1789438694023,193.3095,25.5924,0.2509,0.3383,0.3147,0.4280,29.33
1789438694023,189.5588,25.7808,0.4406,0.7962,0.5284,-0.2436,29.33
1789438694023,193.8953,25.5647,0.8319,-0.5164,0.5284,0.8859,29.32
1789438694023,190.4277,25.7389,0.2267,0.5214,0.3147,-0.0604,29.33
1789438694023,193.9752,25.5624,0.8585,-0.7301,0.8031,1.1911,29.37
1789438694023,190.6440,25.7297,0.1012,0.4299,0.0400,0.0922,29.33
1789438694023,189.5202,25.7867,0.7394,-1.0964,1.1389,0.6417,29.33
1789438694032,192.1776,25.6545,-0.0244,0.2162,-0.0211,-0.0299,29.32
1789438694042,190.0195,25.7633,0.3368,-0.6690,0.4063,0.5501,29.33
1789438694120,190.9681,25.7165,0.0658,0.4604,-0.2042,0.0312,29.33
1789438694120,189.6095,25.7853,0.3364,-0.4248,0.2231,0.5501,29.31
1789438694120,192.4822,25.6423,0.0289,0.2162,-0.1127,0.1533,29.32
1789438694120,190.9306,25.7206,0.3070,-0.1806,0.3147,0.3975,29.33
1789438694120,192.9447,25.6207,0.0524,0.0636,-0.1737,0.0617,29.32
1789438694120,195.0740,25.5149,0.5434,-0.1806,0.1926,0.1838,29.31
1789438694122,193.2503,25.6068,0.0515,0.3078,-0.1432,0.4585,29.33
1789438694122,193.1304,25.6135,0.8603,0.1246,0.6810,-0.0604,29.31
1789438694132,192.4977,25.6459,0.0515,0.0636,-0.4484,0.3059,29.33
1789438694143,194.3379,25.5546,0.7823,-0.0585,0.5284,-0.4572,29.32
1789438694217,193.9283,25.5758,-0.1021,0.4604,0.0094,0.5806,29.31
1789438694217,194.5743,25.5443,0.7429,0.3993,0.9557,-0.5183,29.32
1789438694217,193.1512,25.6162,0.0211,-0.0585,-0.2653,0.1227,29.28
1789438694217,194.7331,25.5379,0.7095,0.4909,0.4978,-0.6709,29.32
1789438694217,195.3826,25.5061,0.2748,0.2162,0.1315,0.3059,29.32
1789438694217,190.8592,25.7329,0.4649,0.4604,0.2536,-0.6709,29.31
1789438694218,193.5924,25.5970,0.5230,-0.1501,0.5894,0.7027,29.32
1789438694222,190.2417,25.7653,0.3313,0.3688,0.1010,-0.5183,29.32
1789438694232,193.7735,25.5894,0.4208,-0.1196,0.2231,0.6417,29.29
1789438694242,191.2988,25.7138,0.1656,0.2467,-0.0821,-0.1520,29.32
1789438694252,194.2256,25.5683,0.9787,-1.4627,0.9862,0.4890,29.33
1789438694319,192.5490,25.6528,0.0459,0.0330,0.0094,-0.2130,29.32
1789438694319,190.2904,25.7666,0.4041,-0.8217,0.2536,0.3975,29.32
1789438694319,192.0398,25.6798,-0.0859,0.5214,0.4673,0.1227,29.33
1789438694319,190.0079,25.7823,0.3344,-0.2417,0.6810,0.7027,29.32
1789438694319,191.7848,25.6942,-0.0670,0.1246,-0.0516,-0.0909,29.32
1789438694319,189.8691,25.7908,0.2905,-0.4859,0.1926,0.3059,29.31
1789438694322,192.3035,25.6698,-0.0239,0.3993,0.2536,0.1533,29.32
1789438694332,189.9356,25.5705,0.3832,-0.3333,0.0400,0.1838,29.32
1789438694342,193.5259,25.6101,0.0545,0.2467,-0.1432,0.0922,29.31
1789438694416,194.4334,25.5655,0.5046,-0.0585,0.4978,0.3059,29.33
1789438694416,193.0749,25.6341,-0.0053,0.1857,-0.2348,0.2143,29.33
1789438694416,194.6023,25.5586,1.0269,0.0330,0.3757,-0.2436,29.32
1789438694416,193.3574,25.6215,0.0264,0.3078,-0.2653,0.6111,29.33
1789438694416,195.3643,25.5218,1.0179,0.3993,0.9252,-0.5488,29.32
1789438694416,193.2228,25.6296,0.1880,-0.0585,-0.2958,0.3364,29.31
1789438694418,195.4853,25.5172,1.2572,0.8572,0.5284,-1.5256,29.32
1789438694422,194.7390,25.5551,0.1389,0.3383,0.0094,0.3364,29.31
1789438694432,191.6111,25.7122,0.6124,0.3688,0.5284,-0.6099,29.32
1789438694442,194.8695,25.5500,0.3691,0.3383,0.1315,0.3669,29.33
1789438694452,191.8891,25.6998,0.4353,0.5825,0.5589,-0.1825,29.33
1789438694541,194.9010,25.5499,0.8178,-0.6080,0.1010,0.5196,29.32
1789438694541,190.9077,25.7503,0.2513,0.6130,0.3147,-0.0299,29.34
1789438694541,194.3130,25.5808,0.9247,-1.0659,0.4063,0.7943,29.32
1789438694541,190.7991,25.7571,0.1127,0.5825,0.1315,0.1533,29.33
1789438694541,195.2989,25.5329,0.7979,-1.3711,0.7420,0.6111,29.34
1789438694541,192.9341,25.6517,0.0031,0.2772,0.1621,-0.0909,29.33
1789438694541,191.3074,25.7338,0.3014,-0.4554,0.2536,0.6111,29.31
1789438694541,191.5323,25.7235,0.0423,0.0636,-0.1127,0.0312,29.33
1789438694542,191.1763,25.7422,0.2526,-0.5775,0.0400,0.3059,29.31
1789438694552,191.9362,25.7049,-0.0336,0.4299,0.2231,0.4890,29.33
1789438694621,189.6256,25.8213,0.3469,-0.0585,0.4673,0.5501,29.33
1789438694621,192.7623,25.6651,0.0769,0.1857,-0.3263,0.0312,29.32
1789438694621,193.8283,25.6126,0.3440,-0.2417,0.1621,0.0922,29.33
1789438694621,193.6379,25.6229,-0.0566,0.3688,0.1010,0.4280,29.32
1789438694621,193.9491,25.6081,0.6630,0.0025,0.6505,0.2754,29.32
1789438694621,193.5682,25.6279,-0.0328,0.1246,-0.1737,0.0922,29.32
1789438694625,193.7744,25.6184,0.6455,-0.0891,0.3452,-0.0909,29.33
1789438694632,192.8271,25.6666,-0.0625,0.4299,-0.1432,0.5501,29.36
1789438694643,194.2182,25.5977,1.0608,0.1857,0.8031,-0.8846,29.31
1789438694653,194.0298,25.6079,-0.0230,0.1246,-0.1737,0.3059,29.32
1789438694720,194.5531,25.5825,0.7400,0.5520,0.9557,-0.7320,29.32
1789438694720,194.5585,25.5829,0.1147,0.4299,0.1010,0.2754,29.32
1789438694720,190.5056,25.7864,0.7989,0.8572,0.3452,-1.0067,29.33
1789438694720,195.3780,25.5434,0.9001,-0.5164,0.1010,0.3975,29.32
1789438694720,191.6739,25.7293,0.4004,0.4604,0.3452,-0.4267,29.33
1789438694720,193.5097,25.6382,0.6755,-0.7301,0.2536,0.5806,29.32
1789438694722,190.5122,25.7887,0.2086,0.3993,-0.0211,-0.3962,29.33
1789438694732,194.6203,25.5839,0.7121,-1.0353,0.2536,0.7332,29.30
1789438694742,191.7542,25.7279,0.0614,0.1857,-0.0516,-0.0299,29.31
1789438694752,190.6083,25.7860,0.7295,-1.1269,0.7420,0.6417,29.32
1789438694819,192.9627,25.6689,0.0930,0.1551,0.3147,-0.0909,29.32
1789438694819,190.6763,25.7841,0.4293,-0.8217,0.5894,0.3669,29.32
1789438694819,193.7182,25.6326,-0.0007,0.4909,0.1926,0.1533,29.32
1789438694819,190.6796,25.7853,0.2934,-0.4248,0.3147,0.4585,29.33
1789438694819,192.6383,25.6880,-0.0201,0.0330,-0.1432,0.0006,29.33
1789438694819,190.5054,25.7954,0.2915,-0.3638,0.1621,0.2448,29.32
1789438694825,193.1030,25.6661,-0.0377,0.3993,0.0094,0.4280,29.32
1789438694832,194.4849,25.5978,0.4886,0.1551,0.5589,0.4890,29.32
1789438694843,193.0715,25.6691,0.0097,0.1551,-0.2653,0.1533,29.33
1789438694853,195.0154,25.5726,0.6890,-0.3638,0.1010,0.0312,29.32
1789438694921,192.7057,25.6888,0.0039,0.3688,-0.0211,0.5806,29.34
1789438694921,193.3380,25.6579,0.6456,0.2162,0.7420,0.1533,29.32
1789438694921,192.3684,25.7072,0.0106,0.1246,-0.5095,0.1838,29.34
1789438694921,193.6586,25.6434,0.6308,-0.0585,0.3757,-0.4878,29.32
1789438694921,193.2741,25.6634,-0.0248,0.3688,0.0094,0.5501,29.32
1789438694921,194.1741,25.6192,0.9798,0.9183,0.9252,-0.8846,29.31
1789438694922,194.4721,25.6050,0.1186,-0.0280,-0.1432,0.1533,29.33
1789438694932,190.7366,25.7926,0.5415,0.6130,0.5589,-0.4878,29.31
1789438694942,194.4720,25.6066,0.5588,-0.3333,-0.0821,0.2143,29.32
1789438695019,191.0278,25.7795,0.2756,0.3993,0.2536,-0.3351,29.33
1789438695019,194.5186,25.6058,1.1031,-0.9132,0.1926,0.7332,29.31
1789438695019,191.1779,25.7734,0.1608,0.2772,-0.1737,-0.2130,29.30
1789438695019,194.5024,25.6080,0.7978,-0.8827,0.4978,0.7332,29.31
1789438695019,191.4979,25.7590,0.1868,0.2772,-0.1127,-0.1825,29.32
1789438695019,189.8826,25.8405,0.9977,-1.2490,1.3831,0.7332,29.33
1789438695020,193.0660,25.6819,0.0194,0.0636,-0.1127,-0.2130,29.32
1789438695024,191.2272,25.7746,0.3579,-0.8827,0.2842,0.3975,29.32
1789438695032,193.2101,25.6761,0.0525,0.5214,0.1621,0.3059,29.32
1789438695043,191.6854,25.7530,0.2348,-0.2112,0.3757,0.4585,29.32
1789438695152,193.3538,25.6703,0.0198,0.0330,-0.2042,-0.0909,29.32
1789438695152,190.8402,25.7967,0.4419,-0.3333,0.2231,0.1838,29.31
1789438695152,192.9536,25.6917,0.1028,0.7351,-0.0821,0.5196,29.32
1789438695152,194.5083,25.6147,0.4862,-0.1501,0.4978,0.2448,29.33
1789438695152,194.1052,25.6355,-0.0026,0.0025,-0.1737,0.1227,29.31
1789438695152,195.1234,25.5853,0.5769,-0.3638,0.2231,0.0006,29.33
1789438695152,193.5323,25.6656,-0.0475,0.2772,-0.2042,0.4280,29.31
1789438695152,195.2608,25.5799,1.0681,0.3078,0.7115,-0.0909,29.32
1789438695152,193.9529,25.6459,-0.0361,0.1857,-0.1737,0.3364,29.33
1789438695152,194.5896,25.6148,0.9908,0.3078,0.7726,-0.7930,29.33
1789438695152,193.1227,25.6888,-0.0538,0.1551,-0.1432,0.2754,29.32
1789438695223,195.2990,25.5807,1.0905,0.7351,0.4978,-1.2814,29.31
1789438695223,194.3948,25.6265,-0.0079,0.0025,-0.0516,0.2448,29.32
1789438695223,191.7483,25.7595,0.5158,0.5825,0.6810,-0.2436,29.32
1789438695223,194.4478,25.6253,0.6528,-0.1196,0.4978,0.5196,29.32
1789438695223,192.3275,25.7320,0.3292,0.4909,0.6199,-0.0299,29.32
1789438695223,193.6260,25.6678,0.6640,-0.3027,0.4673,0.8553,29.32
1789438695223,190.3475,25.8325,0.2602,0.6130,0.3757,0.0006,29.32
1789438695232,194.2597,25.6377,0.8754,-0.9132,0.3452,0.9774,29.32
1789438695242,191.0415,25.7992,0.0462,0.3383,0.2536,-0.0299,29.32
1789438695338,189.8673,25.8588,0.7698,-1.3711,0.7726,0.7332,29.32
1789438695338,192.7567,25.7149,0.0208,0.3078,0.2231,0.0006,29.32
1789438695338,190.0403,25.8516,0.3748,-0.6080,0.3757,0.6417,29.30
1789438695338,192.7746,25.7155,-0.0492,-0.0585,0.1010,-0.0909,29.32
1789438695338,190.4996,25.8300,0.3106,-0.5469,0.2842,0.3669,29.31
1789438695338,191.5665,25.7774,0.0388,0.3993,0.0094,0.3364,29.33
1789438695338,190.1825,25.8473,0.3133,-0.1806,0.3147,0.5501,29.32
1789438695338,193.1993,25.6971,-0.0182,0.0941,-0.1432,0.0312,29.32
1789438695338,195.0766,25.6040,0.3966,-0.2722,0.1926,0.1533,29.32
1789438695342,193.2384,25.6966,0.1115,0.3383,-0.1432,0.3364,29.32
1789438695417,195.5209,25.5831,0.7588,0.2162,0.5894,0.3364,29.32
1789438695417,193.9246,25.6636,0.0138,0.0941,-0.3569,0.2448,29.28
1789438695417,193.4774,25.6867,0.9819,-0.0280,0.7726,-0.6404,29.33
1789438695417,192.9831,25.7120,-0.0380,0.5520,-0.1432,0.6417,29.32
1789438695417,194.5874,25.6325,0.9195,0.5214,1.0778,-0.4878,29.32
1789438695417,194.5244,25.6363,-0.0668,0.0636,-0.2348,0.2754,29.33
1789438695418,197.4928,25.4884,0.5322,0.1246,0.4673,-0.6404,29.31
1789438695422,196.0275,25.5621,0.0364,0.3993,0.1926,0.5501,29.32
1789438695432,191.8243,25.7730,0.6757,0.4909,0.2231,-0.7930,29.32
1789438695442,195.8238,25.5735,0.3651,0.0941,-0.0211,0.0006,29.32
1789438695452,191.5429,25.7883,0.3644,0.3383,0.1315,-0.4878,29.32
1789438695520,193.9365,25.6693,0.5428,-0.6385,0.1315,0.1533,29.32
1789438695520,190.4157,25.8460,0.3146,0.3078,-0.0516,-0.4572,29.32
1789438695520,194.3121,25.6518,0.4658,-0.6996,0.1926,0.3059,29.30
1789438695520,191.6765,25.7843,0.1290,0.5520,0.2842,0.0922,29.33
1789438695520,194.4128,25.6483,0.8957,-1.4627,0.8641,0.4280,29.48
1789438695521,193.2264,25.7082,0.0419,0.4299,0.3452,0.2754,29.35
1789438695525,190.6332,25.8386,0.3839,-0.3943,0.6199,0.6722,29.32
1789438695532,192.6451,25.7387,-0.0763,0.0941,-0.0516,-0.2436,29.31
1789438695542,190.6595,25.8388,0.2935,-0.5469,0.0705,0.3975,29.33
1789438695552,192.2795,25.7585,-0.1561,0.5825,0.4063,0.2143,29.31
1789438695619,190.1212,25.8672,0.3259,-0.0280,0.4978,0.6417,29.32
1789438695619,192.8499,25.7314,0.0206,0.1857,-0.2653,0.0617,29.32
1789438695619,190.6962,25.8398,0.3228,-0.1501,0.0400,0.3059,29.33
1789438695619,194.0132,25.6747,-0.0360,0.4909,0.2231,0.3059,29.33
1789438695619,194.8855,25.6318,0.5793,-0.2417,0.2536,0.0006,29.32
1789438695619,193.7503,25.6893,0.0698,0.0636,-0.4179,0.2143,29.29
1789438695622,195.1747,25.6189,0.9482,-0.0891,0.3757,-0.1825,29.31
1789438695632,193.9136,25.6826,-0.0291,0.1246,-0.3263,0.3669,29.32
1789438695642,195.1716,25.6204,1.0078,0.3383,0.6505,-0.5183,29.33
1789438695722,193.3840,25.7104,0.2334,0.0941,-0.2653,0.3364,29.32
1789438695722,195.8298,25.5888,1.3829,1.0709,0.8947,-1.4035,29.32
1789438695722,194.2517,25.6683,0.0312,0.2162,-0.0821,0.2754,29.32
1789438695722,191.8310,25.7900,0.6361,0.3383,0.4368,-0.8541,29.32
1789438695722,195.3692,25.6137,0.2342,-0.0280,-0.1432,0.0312,29.33
1789438695722,192.0696,25.7794,0.4550,0.3078,0.2842,-0.5793,29.31
1789438695722,195.8120,25.5930,0.6946,-0.1806,0.3147,0.3364,29.32
1789438695722,191.5449,25.8069,0.3040,0.2162,-0.1127,-0.4267,29.32
1789438695732,194.8926,25.6402,0.9584,-0.8522,0.5284,0.7332,29.33
1789438695742,191.3690,25.8170,0.2403,0.3993,0.1315,-0.2741,29.32
1789438695752,195.8117,25.5956,0.9814,-0.9743,1.1389,1.0080,29.30
1789438695820,193.4649,25.7135,0.0515,0.6130,0.3757,0.2143,29.31
1789438695820,191.9776,25.7886,0.3648,-0.7911,0.1315,0.4280,29.32
1789438695820,193.0217,25.7370,-0.0077,0.2162,0.0094,0.0006,29.32
1789438695820,192.1384,25.7818,0.2223,-0.3638,0.0705,0.5196,29.32
1789438695820,192.6317,25.7578,-0.0077,0.0330,0.0400,-0.0604,29.32
1789438695820,190.1890,25.8807,0.3348,-0.2722,0.3147,0.4585,29.33
1789438695822,193.0132,25.7402,0.0636,0.3078,-0.0516,0.1533,29.33
1789438695832,190.8526,25.8490,0.2369,-0.2112,0.2842,0.3975,29.31
1789438695842,192.4591,25.7694,-0.0748,0.0636,-0.0211,0.0312,29.32
1789438695852,194.5250,25.6668,0.4474,-0.2417,0.1621,0.1227,29.33
1789438695920,194.2906,25.6792,-0.0343,0.2162,-0.0516,0.1838,29.32
1789438695920,194.4870,25.6701,0.6333,0.1551,0.5894,0.3059,29.33
1789438695920,193.2734,25.7316,0.0579,0.0636,-0.4484,0.2754,29.32
1789438695920,194.9052,25.6507,0.8521,-0.0280,0.4063,-0.4878,29.31
1789438695920,194.4743,25.6729,-0.0135,0.5214,0.0400,0.5806,29.32
1789438695920,195.1719,25.6388,0.8800,0.4299,1.1083,-0.5488,29.32
1789438695926,193.9864,25.6987,-0.0053,0.0941,-0.2653,0.1533,29.31
1789438695932,195.1208,25.6428,1.0933,0.7656,0.4978,-1.3119,29.32
1789438695942,196.2341,25.5878,0.2426,0.4299,0.3147,0.3669,29.30
1789438695952,191.8004,25.8102,0.5966,0.4299,0.2842,-0.7625,29.32
1789438696020,193.8734,25.7071,0.7394,-0.5775,0.3757,0.6722,29.32
1789438696020,190.8346,25.8598,0.4311,0.5214,0.1315,-0.6709,29.32
1789438696020,195.1837,25.6429,0.6266,-0.5775,0.1926,0.4890,29.31
1789438696020,192.0404,25.8007,0.2589,0.2467,-0.0516,-0.3657,29.32
1789438696020,195.5657,25.6251,1.0586,-1.1574,0.4978,0.6111,29.32
1789438696020,192.1702,25.7955,0.1235,0.6435,0.3147,0.1838,29.31
1789438696022,195.8640,25.6115,0.9499,-1.3101,0.8641,0.5196,29.47
1789438696032,193.8329,25.7136,0.0106,0.4909,0.4368,0.2754,29.35
1789438696042,191.0461,25.8537,0.5480,-0.7911,0.9252,0.7332,29.33
1789438696123,193.1934,25.7469,0.0289,-0.0280,-0.0211,-0.1825,29.32
1789438696123,191.3906,25.8377,0.3246,-0.7301,0.1315,0.3059,29.33
1789438696123,193.9413,25.7108,-0.0065,0.3078,0.0094,0.1533,29.32
1789438696123,192.1564,25.8007,0.3509,-0.1501,0.5589,0.4585,29.34
1789438696123,193.3669,25.7408,0.0350,0.2467,-0.1127,0.0617,29.35
1789438696123,192.3135,25.7941,0.2672,-0.3333,-0.0211,0.2754,29.32
1789438696127,192.7451,25.7350,-0.0355,0.5214,0.0705,0.2754,29.32
1789438696127,193.9439,25.7140,0.4742,-0.2112,0.0705,0.2143,29.32
1789438696132,193.1914,25.7523,0.0900,0.2467,-0.2653,0.2143,29.31
1789438696142,194.1323,25.7060,0.4375,-0.2417,0.4978,0.1533,29.34
1789438696221,193.7665,25.7250,-0.0712,0.2467,-0.3874,0.1838,29.31
1789438696221,194.6005,25.6841,0.9451,-0.1501,0.5894,-0.7930,29.31
1789438696221,194.3292,25.6983,0.0088,0.3688,-0.1127,0.4585,29.32
1789438696221,194.2795,25.7016,0.7988,0.4299,0.9252,-0.5793,29.32
1789438696221,193.3612,25.7482,0.0347,-0.1196,-0.0821,0.0312,29.33
1789438696221,194.8555,25.8558,0.5226,0.2162,0.4978,-0.6709,29.33
1789438696223,195.0136,25.6670,0.4686,0.0330,-0.3263,0.3364,29.26
1789438696223,191.4063,25.8481,0.5426,0.4909,0.2231,-0.7625,29.31
1789438696232,195.2345,25.6573,0.5802,-0.2417,0.3452,0.2754,29.32
1789438696242,191.2918,25.8552,0.5199,0.5520,-0.1737,-0.7014,29.32
1789438696252,196.0187,25.6195,1.3275,-0.6996,0.7115,1.0080,29.30
1789438696326,192.0908,25.8165,0.2815,0.5214,-0.0516,-0.1215,29.33
1789438696326,193.8932,25.7270,0.7481,-0.9132,0.3757,1.0385,29.31
1789438696326,193.7051,25.7370,0.0924,0.6130,0.4063,0.1227,29.33
1789438696326,191.0045,25.8730,0.7647,-1.1574,0.7726,0.5501,29.33
1789438696326,193.4118,25.7533,0.0196,0.3688,0.1621,0.1838,29.32
1789438696326,191.0582,25.8717,0.5404,-0.6996,0.8336,0.7332,29.32
1789438696326,193.9109,25.7296,0.0547,0.0636,-0.0516,0.0006,29.32
1789438696332,191.6303,25.8443,0.3577,-0.5775,0.2231,0.3364,29.32
1789438696342,194.2008,25.7163,0.0189,0.4299,0.1926,0.3059,29.31
1789438696352,191.4303,25.8555,0.2853,-0.2722,0.5284,0.6417,29.32
1789438696423,193.3999,25.7576,0.0177,0.1246,-0.2958,-0.0299,29.32
1789438696423,190.9927,25.8786,0.3229,-0.3027,0.0400,0.2143,29.32
1789438696423,193.7835,25.6987,-0.0801,0.5825,0.2231,0.4280,29.32
1789438696423,194.8808,25.6855,0.4990,0.1246,0.5589,0.3669,29.32
1789438696423,193.6056,25.7499,0.0035,0.0636,-0.2958,0.1838,29.34
1789438696423,195.9497,25.6334,0.9053,-0.0891,0.2536,0.0006,29.32
1789438696423,193.6879,25.7471,-0.0174,0.3993,-0.0516,0.5196,29.31
1789438696432,194.0225,25.7311,0.8063,0.4299,0.9252,-0.2130,29.34
1789438696442,193.1738,25.7743,-0.0051,0.0941,-0.4484,0.3364,29.31
1789438696452,194.4778,25.7097,0.5987,0.0941,0.5284,-0.6404,29.33
1789438696525,193.8473,25.7419,-0.0292,0.4299,0.1315,0.5196,29.29
1789438696525,194.9812,25.6860,0.8783,0.5520,0.6505,-1.0983,29.30
1789438696525,194.9874,25.6864,0.1831,-0.1806,0.0705,0.0617,29.31
1789438696525,191.2481,25.8740,0.5683,0.7656,0.6199,-0.5183,29.32
1789438696525,195.0098,25.6866,0.5923,-0.3027,0.0400,0.1838,29.32
1789438696525,191.7400,25.8508,0.2730,0.5825,0.4063,-0.0299,29.32
1789438696526,195.2104,25.6780,1.1554,-1.0659,0.2536,0.7027,29.31
1789438696532,191.3394,25.8722,0.1943,0.4299,-0.1432,-0.2436,29.33
1789438696542,195.4781,25.6659,0.8628,-0.7911,0.6199,0.8859,29.32
1789438696552,191.2465,25.8240,0.2210,0.4909,-0.0516,-0.2130,29.33
1789438696621,190.8111,25.9006,1.0217,-1.4322,1.5052,0.7943,29.32
1789438696621,193.6911,25.7571,0.0272,0.1551,0.0400,-0.1520,29.31
1789438696621,191.9576,25.8444,0.3913,-0.6690,0.4063,0.4890,29.33
1789438696621,193.9604,25.7449,0.0459,0.5520,0.2842,0.2754,29.32
1789438696621,192.3390,25.8266,0.3251,-0.1196,0.4063,0.7027,29.32
1789438696621,194.1473,25.7368,0.0195,0.1246,-0.2348,0.0922,29.30
1789438696623,191.6305,25.8632,0.4062,-0.4859,0.0094,0.1838,29.33
1789438696632,193.9452,25.7481,0.0985,0.5520,0.1010,0.4585,29.32
1789438696642,191.4014,25.8759,0.3799,-0.0891,0.4978,0.3059,29.30
1789438696721,194.5309,25.7200,-0.0315,0.0941,-0.2348,0.0617,29.31
1789438696721,195.6005,25.6671,0.4182,-0.3027,0.1315,0.1227,29.33
1789438696721,194.4150,25.7269,-0.0272,0.5214,0.1926,0.4280,29.31
1789438696721,195.5790,25.6694,0.7822,0.0330,0.6199,0.1227,29.32
1789438696721,194.6574,25.7160,-0.0154,0.1551,-0.3263,0.1838,29.31
1789438696721,194.9184,25.7037,0.6279,-0.1501,0.3757,-0.1215,29.32
1789438696722,193.5051,25.7750,-0.1112,0.3993,0.0705,0.5806,29.30
1789438696722,195.8632,25.6578,1.1657,0.3688,0.8947,-0.8235,29.32
1789438696732,193.5297,25.7750,-0.0824,0.0025,-0.2958,0.2143,29.34
1789438696742,193.8844,25.7579,0.4547,0.0941,0.6810,-0.4878,29.33
1789438696752,194.7944,25.7132,0.2748,0.3993,0.1315,0.5806,29.31
1789438696824,192.3914,25.8340,0.3619,0.1857,0.2842,-0.3962,29.32
1789438696825,194.2086,25.7438,0.3839,-0.2417,0.2536,0.0617,29.32
1789438696825,190.8701,25.9114,0.3537,0.2772,0.2231,-0.4878,29.32
1789438696825,195.1971,25.6958,0.8940,-0.8522,0.0094,0.4280,29.32
1789438696825,191.8634,25.8631,0.2254,0.2162,0.0705,-0.3657,29.33
1789438696825,195.0276,25.7057,1.0043,-1.2185,0.4063,0.7638,29.33
1789438696825,191.6242,25.8765,0.1188,0.4299,0.0705,-0.0909,29.31
1789438696832,195.3002,25.6935,0.8816,-1.5237,0.8641,0.6417,29.28
1789438696842,193.7024,25.7739,-0.0040,0.3688,0.2536,0.1838,29.31
1789438696852,191.2006,25.8997,0.4391,-0.4248,0.7115,0.6417,29.33
1789438696922,192.3067,25.8449,0.0915,0.2467,-0.3569,0.0006,29.32
1789438696922,190.9048,25.9157,0.4081,-0.9132,0.3757,0.3059,29.32
1789438696922,193.7082,25.7761,-0.0291,0.4909,0.3147,0.4280,29.32
1789438696922,192.0425,25.8600,0.3194,0.0330,0.5894,0.6111,29.33
1789438696922,194.0230,25.7616,0.0971,0.3688,-0.2958,0.1533,29.31
1789438696922,192.2277,25.8520,0.3758,-0.2722,0.1621,0.3059,29.32
1789438696923,194.2263,25.7526,0.0030,0.4604,0.1621,0.4280,29.32
1789438696932,194.3396,25.7476,0.8298,-0.1501,0.1621,0.0617,29.32
1789438696942,193.4415,25.7931,0.0860,0.1246,-0.2958,0.0922,29.33
1789438696952,195.6305,25.6842,0.6540,-0.0585,0.3147,0.0006,29.34
1789438697029,195.1489,25.7088,-0.1016,0.2772,0.0094,0.3669,29.32
1789438697029,195.6040,25.6866,0.7968,0.3383,0.7726,-0.0909,29.33
1789438697029,194.5091,25.7419,0.0635,0.0941,-0.2653,0.3669,29.32
1789438697029,195.8910,25.6735,0.9945,0.2467,0.7115,-0.7930,29.32
1789438697029,194.5390,25.7416,-0.1390,0.0636,-0.1127,0.0922,29.32
1789438697029,195.2873,25.7049,0.9673,0.5214,0.4978,-1.0677,29.33
1789438697029,193.9216,25.7310,0.0473,0.1246,-0.1127,0.2754,29.32
1789438697032,191.5828,25.8914,0.7164,1.0404,0.7115,-0.4267,29.31
1789438697042,194.8711,25.7275,0.0434,0.2772,0.3757,0.3364,29.31
1789438697052,192.4298,25.8502,0.3319,0.1857,0.3452,-0.2436,29.32
1789438697121,195.1722,25.7138,0.6851,-0.3027,0.6199,0.4585,29.33
1789438697121,192.6984,25.8381,0.2502,0.2467,0.1315,-0.3046,29.33
1789438697121,194.3674,25.7553,0.6959,-0.3638,0.5894,0.8248,29.32
1789438697121,190.9482,25.9269,0.1546,0.3078,0.0094,-0.2130,29.31
1789438697121,195.1745,25.7163,0.7894,-1.2185,0.6199,0.5196,29.30
1789438697121,192.8842,25.8314,0.0473,0.1857,0.0705,-0.3351,29.32
1789438697123,190.8658,25.9331,0.6252,-1.0659,0.5894,0.4585,29.30
1789438697132,193.3959,25.8072,0.0434,0.4604,0.1926,0.2448,29.32
1789438697142,190.7271,25.9414,0.3944,-0.4859,0.6199,0.6722,29.33
1789438697220,193.5350,25.8015,-0.0384,0.1551,0.0094,-0.0909,29.34
1789438697220,191.2485,25.9165,0.3139,-0.5164,0.1926,0.4280,29.34
1789438697220,194.3661,25.7612,-0.0117,0.6130,0.2536,0.4280,29.32
1789438697220,193.1371,25.8231,0.2596,-0.1196,0.2231,0.5501,29.32
1789438697220,194.8735,25.7367,-0.0645,0.1551,-0.2348,0.0312,29.32
1789438697220,196.2316,25.6693,0.3392,-0.2417,0.1315,0.2754,29.31
1789438697222,194.1162,25.7757,0.0801,0.4299,0.0094,0.4890,29.32
1789438697222,196.1842,25.6729,0.7408,0.1246,0.4368,0.3669,29.32
1789438697232,194.5559,25.7549,0.0074,0.1551,-0.3569,0.3364,29.32
1789438697242,194.0385,25.7815,1.0582,0.0636,0.8031,-0.6709,29.30
1789438697252,190.1575,25.9764,0.0874,0.3688,-0.2348,0.7332,29.32
1789438697321,193.9581,25.7872,1.1771,0.4299,1.2304,-0.6709,29.32
1789438697321,194.4830,25.7616,0.0275,0.0941,-0.3569,0.3059,29.31
1789438697321,196.2805,25.6724,0.8487,0.1246,0.6199,-0.8846,29.32
1789438697321,194.9255,25.7406,-0.0392,0.3383,0.1926,0.5196,29.32
1789438697321,196.5726,25.6589,0.7985,0.6741,0.5894,-0.5183,29.34
1789438697321,196.9164,25.6421,0.1775,0.0330,-0.0211,0.1227,29.33
1789438697324,192.5886,25.8591,0.6736,0.9488,0.5589,-0.5183,29.32
1789438697332,195.2654,25.7257,0.3756,-0.0280,0.0705,0.1838,29.31
1789438697342,191.7127,25.9040,0.4273,0.5825,0.4063,-0.6404,29.33
1789438697419,195.3804,25.7212,0.3024,0.1551,0.4673,0.4890,29.33
1789438697419,192.6914,25.8562,0.2200,0.2162,0.1315,-0.3351,29.33
1789438697419,195.3062,25.7262,0.9767,-0.6690,0.8336,0.8248,29.32
1789438697419,193.1923,25.8325,0.1310,0.1857,-0.1432,-0.1825,29.34
1789438697419,194.4346,25.7710,0.7092,-0.7911,0.6810,0.9774,29.32
1789438697419,193.2993,25.8284,0.0236,0.0330,-0.0821,-0.3046,29.33
1789438697420,191.2537,25.9314,0.5523,-0.9438,0.4978,0.4890,29.32
1789438697422,193.3624,25.8265,-0.1096,0.4909,0.4673,0.2143,29.35
1789438697432,190.8205,25.9544,0.4105,-0.3638,0.7115,0.7943,29.32
1789438697442,193.6349,25.8142,0.0420,0.1246,-0.2042,0.0922,29.33
1789438697452,190.9238,25.9504,0.3002,-0.4248,0.1621,0.2754,29.33
1789438697520,193.7719,25.8086,-0.0911,0.4299,0.3452,0.2754,29.29
1789438697520,191.3698,25.9293,0.3617,0.0025,0.4368,0.5196,29.31
1789438697520,192.5968,25.8686,-0.0355,0.1246,-0.2348,0.0617,29.32
1789438697520,196.3847,25.6798,0.4950,-0.1806,0.1010,0.3059,29.34
1789438697520,195.1539,25.7418,-0.0207,0.5825,0.0094,0.4890,29.31
1789438697520,196.0673,25.6968,0.6634,-0.2417,0.3757,0.0922,29.31
1789438697526,194.1838,25.7915,0.1540,0.2162,-0.2348,0.3669,29.32
1789438697532,196.3400,25.6844,1.1470,-0.0280,0.6199,-0.3046,29.31
1789438697542,194.6382,25.7700,-0.0798,0.2162,-0.4179,0.3059,29.34
1789438697552,194.4383,25.7806,1.0986,0.2467,1.2304,-0.6709,29.33
1789438697620,193.9960,25.8032,0.0140,0.1246,-0.1432,0.3059,29.32
1789438697620,195.5267,25.7273,0.6726,0.1551,0.7726,-0.8235,29.32
1789438697620,195.0099,25.7537,-0.1361,0.4299,0.1010,0.5501,29.34
1789438697620,195.6863,25.8916,0.6900,0.3078,0.4673,-0.7625,29.33
1789438697620,195.2400,25.7433,0.3255,0.1246,-0.0516,0.0617,29.30
1789438697620,191.9744,25.9072,0.6538,0.8572,0.6199,-0.4267,29.32
1789438697622,196.5206,25.6805,0.7086,-0.3027,0.2231,0.2143,29.32
1789438697632,192.2690,25.8936,0.3650,0.7046,0.4368,-0.2130,29.32
1789438697642,194.9054,25.7624,0.3556,-0.0585,0.2536,0.3364,29.31
1789438697652,191.6491,25.9258,0.2141,0.5214,0.1621,-0.2130,29.33
1789438697724,195.3107,25.7433,0.4937,-0.3333,0.4368,0.9164,29.32
1789438697724,192.8592,25.8665,0.0671,0.1246,-0.1432,-0.1825,29.31
1789438697724,195.0012,25.7602,0.8265,-1.0964,1.0778,0.8248,29.31
1789438697724,193.9015,25.8158,0.0480,0.0636,-0.0821,-0.1215,29.32
1789438697724,191.3086,25.9460,0.4043,-0.7911,0.2842,0.3975,29.32
1789438697724,193.1261,25.8558,-0.0573,0.5825,0.4063,0.2143,29.32
1789438697724,191.3839,25.9435,0.3426,-0.3027,0.6199,0.6417,29.31
1789438697732,193.4333,25.8416,-0.0981,0.1551,0.1010,-0.1520,29.31
1789438697742,190.7375,25.9771,0.3017,-0.4554,0.1621,0.3669,29.32
1789438697752,193.5993,25.8347,-0.0177,0.4604,0.0705,0.3975,29.32
1789438697821,191.0631,25.9621,0.3278,0.0636,0.2536,0.4890,29.31
1789438697821,193.7063,25.8305,-0.0853,0.0330,-0.1737,-0.0299,29.31
1789438697821,195.7375,25.7296,0.4019,-0.1806,0.3452,0.1838,29.34
1789438697821,194.3628,25.7989,0.0129,0.5214,0.0400,0.3975,29.35
1789438697821,195.6582,25.7348,0.8723,0.0330,0.3757,0.2143,29.33
1789438697821,194.7834,25.7792,0.0717,0.2162,-0.3569,0.3364,29.32
1789438697823,196.5088,25.6935,0.9117,0.0330,0.3757,-0.4572,29.32
1789438697832,194.3268,25.8031,0.0393,0.5825,-0.1127,0.5806,29.32
1789438697842,196.6712,25.6866,1.2735,0.6130,1.0778,-0.7320,29.31
1789438697852,194.8077,25.7802,0.0150,0.1857,-0.1127,0.3364,29.34
1789438697921,194.5096,25.7957,0.6829,0.3078,0.6810,-0.8235,29.33
1789438697921,193.9551,25.8240,-0.0060,0.1857,0.2536,0.3059,29.32
1789438697921,193.0930,25.8677,0.6856,0.3688,0.4673,-0.7320,29.32
1789438697921,196.3822,25.7038,0.2663,-0.0585,-0.0821,0.0312,29.33
1789438697921,192.5488,25.8959,0.4845,0.3993,0.4063,-0.4878,29.32
1789438697921,195.3909,25.7544,0.6071,-0.3333,0.3147,0.2754,29.32
1789438697923,191.8726,25.9309,0.5028,0.7656,0.5589,-0.3962,29.33
1789438697932,196.6942,25.6904,0.9409,-0.3333,0.4673,1.0080,29.31
1789438697942,192.1132,25.9200,0.2125,0.3993,0.0400,-0.0909,29.31
1789438697952,195.1204,25.7702,0.5653,-0.4859,0.6199,0.9469,29.33
1789438698022,191.8645,25.9336,0.0880,0.1551,-0.1127,-0.3351,29.32
1789438698022,195.4384,25.7555,0.3396,-0.7606,0.2842,0.4280,29.32
1789438698022,193.3693,25.8596,-0.0546,-0.0891,0.0400,-0.0604,29.33
1789438698022,190.9489,25.9813,0.5731,-1.0659,0.6199,0.3059,29.32
1789438698022,194.2557,25.8165,0.0172,0.4299,0.4063,0.2448,29.33
1789438698022,191.6362,25.9481,0.3315,-0.2417,0.4673,0.6417,29.33
1789438698022,193.5220,25.8544,-0.0802,0.1246,-0.0516,-0.0604,29.33
1789438698032,191.7212,25.9451,0.2830,-0.4554,0.0400,0.2448,29.32
1789438698042,190.9428,25.9849,-0.0597,0.3383,0.1621,0.2143,29.33
1789438698052,189.9209,26.0369,0.4063,0.0330,0.5894,0.5196,29.32
1789438698121,193.3345,25.8669,0.0215,0.0636,-0.1737,0.0617,29.36
1789438698121,195.7035,25.7491,0.4274,-0.2417,0.1010,0.1838,29.33
1789438698121,195.4361,25.7630,-0.0891,0.6741,0.1926,0.3975,29.32
1789438698121,196.2099,25.7248,0.5915,-0.0891,0.4673,0.1533,29.33
1789438698121,195.1490,25.7784,0.0689,0.0330,-0.3874,0.2754,29.32
1789438698121,196.9156,25.6907,1.2054,-0.0891,0.5894,-0.4267,29.32
1789438698122,195.4258,25.7656,-0.0499,0.2162,-0.1127,0.4280,29.34
1789438698132,196.3678,25.7190,0.9255,0.3383,0.8947,-0.1825,29.33
1789438698142,194.4566,25.8152,0.1417,0.0330,-0.1432,0.3364,29.32
1789438698152,196.4918,25.7141,1.4694,0.7962,0.8641,-1.4646,29.32
1789438698221,195.2455,25.7769,-0.0229,0.2467,0.2231,0.3669,29.33
1789438698221,194.7455,25.8024,0.7102,0.2467,0.7420,-0.8541,29.32
1789438698221,196.1899,25.7308,0.1984,0.1246,0.0705,0.1533,29.32
1789438698221,193.2200,25.8799,0.5544,0.7046,0.8031,-0.3046,29.32
1789438698222,196.6662,25.7081,0.5780,-0.0585,0.1621,0.3669,29.32
1789438698222,192.6889,25.9074,0.3455,0.5825,0.3757,-0.0909,29.32
1789438698223,195.6620,25.7593,0.9211,-0.2722,0.5894,0.9164,29.33
1789438698232,192.3512,25.9254,0.3401,0.4604,0.0094,-0.3657,29.31
1789438698242,196.8368,25.7016,0.9697,-0.9743,0.5894,0.6722,29.30
1789438698252,192.5310,25.9174,0.1514,0.1551,-0.0821,-0.2741,29.32
1789438698323,195.0392,25.7926,0.4842,-0.6385,0.1315,0.5501,29.32
1789438698323,193.9578,25.8473,0.0551,0.1551,0.0400,-0.1215,29.31
1789438698323,193.1459,25.8885,0.2641,-0.5164,0.2231,0.5196,29.32
1789438698323,193.3162,25.8806,-0.0178,0.4604,0.3147,0.2143,29.32
1789438698323,190.9192,26.0011,0.4588,-0.6080,0.7726,0.6417,29.32
1789438698323,194.2449,25.8354,0.0407,0.2162,0.0705,-0.0909,29.32
1789438698324,191.6289,25.9668,0.2928,-0.5164,0.1010,0.3669,29.32
1789438698332,193.2155,25.8881,-0.1144,0.2162,0.1621,0.0617,29.33
1789438698342,191.2515,25.9870,0.3691,-0.2417,0.4978,0.4280,29.31
1789438698418,193.8074,25.8597,-0.1594,0.2162,-0.1127,-0.0299,29.32
1789438698418,194.9046,25.8056,0.3655,-0.1806,0.2842,0.1838,29.32
1789438698418,194.0644,25.8482,-0.0282,0.5520,0.0400,0.4280,29.32
1789438698418,195.6250,25.7708,0.5732,-0.3027,0.1315,0.0312,29.34
1789438698418,195.2251,25.7914,0.0389,0.2772,-0.2348,0.1838,29.32
1789438698418,195.9625,25.7552,0.7230,-0.0891,0.4368,0.0006,29.31
1789438698419,194.7592,25.8159,-0.0935,0.4299,-0.3263,0.4585,29.31
1789438698422,196.1143,25.7488,1.4638,0.0941,0.9252,-0.7320,29.32
1789438698432,194.9639,25.8068,0.0712,0.1246,-0.2653,0.3364,29.32
1789438698442,196.3241,25.7394,0.8372,0.2467,0.6810,-0.7320,29.32
1789438698452,194.5025,25.8310,0.3477,0.0941,-0.3263,0.5196,29.31
1789438698523,196.7682,25.7184,1.1921,0.8572,0.4673,-1.3730,29.32
1789438698523,196.1320,25.7506,0.1822,0.0636,-0.1127,0.0312,29.30
1789438698523,193.0137,25.9071,0.5945,0.7046,0.7420,-0.3657,29.32
1789438698523,196.2363,25.7465,0.4710,0.2162,0.2231,0.3975,29.31
1789438698523,193.2434,25.8967,0.4265,0.6435,0.4978,-0.3046,29.32
1789438698523,196.5707,25.7309,0.6176,-0.0585,0.4368,0.5806,29.31
1789438698523,192.4868,25.9355,0.2749,0.3688,0.0094,-0.3351,29.32
1789438698532,195.7612,25.7723,0.9588,-0.7911,0.2231,0.7027,29.32
1789438698542,192.5805,25.9319,0.2765,0.3383,-0.0821,-0.4267,29.33
1789438698552,196.9359,25.7147,1.0322,-1.3101,0.5894,0.7332,29.33
1789438698622,192.8362,25.9202,0.0906,0.2772,-0.0821,-0.1520,29.33
1789438698622,195.2027,25.8024,0.3700,-0.4859,0.0400,0.7332,29.30
1789438698622,194.0304,25.8616,0.0412,0.6435,0.3757,0.2143,29.31
1789438698622,193.2788,25.8998,0.2449,-0.1806,0.2842,0.6722,29.33
1789438698622,193.7656,25.8760,0.0090,0.1551,-0.0211,-0.0604,29.34
1789438698622,191.1071,26.0096,0.3625,-0.6080,0.4063,0.4280,29.31
1789438698622,194.2219,25.8544,0.0899,0.2467,-0.0821,0.0312,29.32
1789438698632,191.7155,25.9804,0.3293,-0.0280,0.4063,0.6417,29.32
1789438698642,193.3864,25.8974,-0.0844,0.0636,-0.0516,0.0922,29.33
1789438698720,191.6702,25.9839,0.3118,-0.3027,0.1010,0.3975,29.32
1789438698720,193.7213,25.8819,-0.1915,0.5214,0.1926,0.2754,29.32
1789438698720,195.1369,25.8117,0.4462,-0.1196,0.1010,0.1533,29.32
1789438698720,194.3423,25.8521,0.0344,0.0636,-0.2958,0.1227,29.32
1789438698720,195.5636,25.7916,0.6275,-0.1196,0.4368,-0.0604,29.33
1789438698720,195.2809,25.8063,-0.0365,0.4909,-0.2653,0.4280,29.32
1789438698721,196.0036,25.7708,1.0236,0.2467,0.6199,-0.1825,29.32
1789438698725,195.2494,25.8090,0.0005,0.2772,-0.2653,0.3975,29.32
1789438698732,196.4629,25.7490,1.3637,0.3078,0.8947,-0.7014,29.31
1789438698742,195.2060,25.8123,-0.0267,0.0330,-0.2348,0.0617,29.32
1789438698752,196.4951,25.7484,0.9925,0.5214,0.5589,-0.9151,29.32
1789438698821,194.5695,25.8453,0.5206,0.0636,-0.2042,0.5196,29.31
1789438698821,197.0619,25.7213,1.1434,1.3456,0.7726,-0.9762,29.31
1789438698821,196.3459,25.7575,0.1846,0.3078,0.3452,0.2754,29.27
1789438698821,193.5084,25.9000,0.4270,0.2772,0.2842,-0.4267,29.31
1789438698821,196.5832,25.7468,0.5129,-0.0891,-0.0211,0.0617,29.33
1789438698821,193.5548,25.8987,0.3589,0.3688,0.1926,-0.5488,29.31
1789438698822,196.6250,25.7457,0.7574,-0.4554,0.1010,0.3364,29.32
1789438698832,192.6181,25.9465,0.2725,0.3688,-0.1127,-0.3046,29.32
1789438698842,195.8306,25.7865,1.0020,-0.9743,0.3757,0.7332,29.32
1789438698852,192.6168,25.9477,0.2516,0.4909,0.1315,-0.2741,29.32
1789438698921,196.9748,25.7303,1.0087,-1.1269,1.0473,1.0385,29.32
1789438698921,194.7295,25.8430,0.0505,0.5520,0.3757,0.3059,29.32
1789438698921,193.0754,25.9263,0.3824,-0.8217,0.3452,0.3975,29.30
1789438698921,194.2462,25.8683,0.0353,0.1551,0.0400,-0.0299,29.32
1789438698921,193.3096,25.9157,0.2235,-0.4248,0.1315,0.4280,29.32
1789438698921,194.6353,25.8499,-0.0098,0.2162,-0.0516,0.1533,29.31
1789438698922,192.1289,25.9757,0.3811,-0.5469,0.4368,0.3669,29.32
1789438698932,194.8681,25.8393,0.0936,0.3993,-0.1737,0.2448,29.32
1789438698942,191.9629,25.9851,0.2804,-0.3943,0.3147,0.4585,29.32
1789438698952,193.7569,25.8959,-0.1573,0.1551,0.0094,-0.0604,29.32
1789438699021,191.6879,26.0000,0.4233,-0.3638,0.1926,0.1227,29.32
1789438699021,193.5872,25.9056,-0.0748,0.1246,-0.0516,0.1533,29.32
1789438699021,195.1726,25.8269,0.4384,0.0636,0.2842,0.3364,29.31
1789438699021,194.2031,25.8760,-0.0193,0.3993,0.0094,0.4585,29.31
1789438699021,196.1388,25.7798,0.7519,-0.1501,0.4368,0.0312,29.32
1789438699021,195.6565,25.8044,0.0089,0.2162,-0.3569,0.2448,29.33
1789438699022,196.1948,25.7780,0.9546,0.0025,0.4978,-0.3962,29.32
1789438699032,194.8737,25.8446,-0.0444,0.3078,-0.2653,0.5806,29.34
1789438699042,196.3899,25.7694,1.3831,0.5520,1.2610,-0.5793,29.33
1789438699121,195.4452,25.8171,0.0103,0.0636,-0.3569,0.2143,29.32
1789438699121,196.4623,25.7668,0.8295,0.3688,0.6810,-0.7930,29.33
1789438699121,194.5050,25.8652,0.4372,0.2467,0.1315,0.8553,29.34
1789438699121,191.5781,26.0122,1.1192,1.1625,0.4978,-1.4035,29.32
1789438699121,196.2180,25.7806,0.3163,-0.1806,-0.0821,0.1533,29.32
1789438699121,193.2822,25.9280,0.5179,0.7962,0.6199,-0.1520,29.33
1789438699123,196.3933,25.7730,0.5560,-0.2722,0.0400,0.1533,29.32
1789438699123,193.1960,25.9334,0.4232,0.7351,0.4063,-0.3351,29.32
1789438699132,197.0660,25.7404,0.9467,-0.5164,0.1926,0.6417,29.33
1789438699142,192.8439,25.9519,0.2009,0.3078,0.0400,-0.3351,29.33
1789438699256,196.1690,25.7862,0.9733,-0.7911,0.5284,0.9469,29.32
1789438699256,192.7623,25.9570,0.1949,0.4604,-0.1127,-0.2130,29.32
1789438699256,197.1206,25.7396,0.9173,-1.1574,0.9252,1.0080,29.30
1789438699256,194.7244,25.8599,0.0595,0.5825,0.1315,0.2448,29.32
1789438699256,193.2858,25.9324,0.3266,-0.5469,0.2231,0.4585,29.32
1789438699256,194.2040,25.8870,0.0182,0.4604,0.0094,0.1533,29.33
1789438699256,193.3884,25.9284,0.2342,-0.4248,0.0705,0.5501,29.32
1789438699256,193.8633,25.9051,-0.1214,0.2467,-0.0211,-0.0604,29.33
1789438699256,191.5278,26.0225,0.4134,-0.4248,0.6199,0.3975,29.33
1789438699256,194.2920,25.8849,0.0467,0.2772,-0.1432,0.1533,29.34
1789438699256,191.8966,26.0052,0.2999,-0.3027,0.2842,0.4890,29.33
1789438699329,193.7302,25.9141,-0.1676,0.4604,0.0705,0.1533,29.33
1789438699329,191.6929,26.0166,0.3949,-0.3027,0.1010,0.2754,29.33
1789438699329,194.0338,25.8225,-0.1075,0.2467,0.0705,0.1838,29.32
1789438699329,195.3369,25.8355,0.4664,0.0025,0.5284,0.2448,29.34
1789438699329,194.3702,25.8844,-0.0271,0.4909,-0.2042,0.4585,29.34
1789438699329,196.0359,25.8016,0.7356,-0.1501,0.1926,0.0312,29.32
1789438699335,195.6955,25.8192,0.0376,0.3078,-0.2348,0.3975,29.32
1789438699335,196.2032,25.7944,0.8469,0.0941,0.5589,-0.4572,29.31
1789438699342,194.8953,25.8603,-0.0493,-0.0585,-0.3569,0.2143,29.28
1789438699352,196.5975,25.7757,1.5052,0.5214,0.8947,-1.0067,29.32
1789438699421,195.2832,25.8419,0.0224,0.1551,-0.1737,0.3669,29.34
1789438699421,196.5352,25.7799,0.7544,0.3383,0.4978,-0.8541,29.32
1789438699421,194.6926,25.8725,0.3780,0.2467,0.2231,0.5196,29.32
1789438699421,191.6982,26.0229,1.1261,1.1319,0.4673,-1.4340,29.33
1789438699421,196.4792,25.7843,0.0560,0.0636,-0.0821,0.0617,29.33
1789438699421,193.1908,25.9492,0.5395,0.6741,0.6199,-0.4572,29.33
1789438699423,196.8145,25.7686,0.5675,0.0330,0.0705,0.1838,29.32
1789438699432,193.6742,25.9261,0.3497,0.6741,0.4978,-0.0604,29.32
1789438699442,196.8966,25.7655,0.8038,-0.5469,0.4368,0.5806,29.28
1789438699452,193.1589,25.9529,0.1980,0.2772,-0.0516,-0.2130,29.32
1789438699521,196.1107,25.8058,1.1106,-0.9438,0.9252,1.1606,29.30
1789438699521,192.5571,25.9840,0.2011,0.3383,-0.2348,-0.4267,29.33
1789438699521,197.3100,25.7468,1.0169,-1.4932,1.1694,0.6722,29.34
1789438699521,194.9460,25.8654,0.0689,0.4604,0.3147,0.1533,29.33
1789438699521,193.3374,25.9464,0.3457,-0.6996,0.2231,0.4585,29.33
1789438699521,194.6534,25.8811,0.0306,0.1551,0.1010,0.0312,29.33
1789438699522,193.0908,25.9598,0.2446,-0.2112,0.3757,0.7332,29.32
1789438699532,194.2365,25.9030,-0.0111,0.0636,-0.0516,-0.0909,29.33
1789438699542,191.3966,26.0456,0.3546,-0.7911,0.2536,0.3059,29.32
1789438699552,194.6653,25.8827,0.1197,0.4909,0.1621,0.2754,29.33
1789438699620,192.0879,26.0121,0.2887,-0.3027,0.3757,0.3975,29.33
1789438699620,193.8425,25.9249,-0.1318,0.1857,0.0094,-0.0909,29.32
1789438699620,192.0652,26.0144,0.3980,-0.4248,0.1010,0.1838,29.32
1789438699620,193.9168,25.9223,-0.1200,0.3993,0.0705,0.3364,29.32
1789438699620,195.6343,25.8370,0.4375,0.0941,0.5284,0.4585,29.33
1789438699620,194.8676,25.8759,-0.0513,0.1246,-0.1432,0.0617,29.33
1789438699622,196.1639,25.8116,0.6900,-0.1806,0.2231,0.0312,29.33
1789438699632,195.3484,25.8529,0.0109,0.4299,-0.1737,0.3669,29.32
1789438699642,196.3620,25.8028,0.8344,0.1551,0.5589,-0.1825,29.33
1789438699719,195.5066,25.8461,-0.0892,0.1857,-0.4484,0.3364,29.32
1789438699719,196.4892,25.7975,1.4703,0.2772,0.7420,-0.9762,29.31
1789438699719,195.6809,25.8384,0.0149,0.2772,-0.2042,0.5196,29.30
1789438699719,197.1679,25.7645,1.0161,0.5520,0.8031,-0.6709,29.33
1789438699719,195.0329,25.8718,0.0713,0.0025,-0.0516,0.1533,29.31
1789438699719,197.2975,25.7591,1.1079,0.9793,0.4063,-1.3425,29.32
1789438699721,196.3102,25.8089,0.0159,-0.0585,0.0400,0.1533,29.33
1789438699722,193.4878,25.9506,0.5555,0.4299,0.5589,-0.5183,29.31
1789438699732,196.4803,25.8015,0.5809,-0.0280,0.2231,0.4585,29.33
1789438699742,193.3681,25.9576,0.4461,0.7656,0.4978,-0.1520,29.32
1789438699818,196.8633,25.7834,0.7913,-0.1806,0.5894,0.6722,29.33
1789438699818,192.9822,25.9778,0.2427,0.2772,0.1315,-0.2436,29.34
1789438699818,196.0170,25.8266,0.9096,-0.7911,0.2536,0.7638,29.33
1789438699818,192.8347,25.9862,0.2090,0.2772,-0.1127,-0.2436,29.32
1789438699818,197.7746,25.7399,1.0489,-1.3101,0.6810,0.8248,29.32
1789438699818,192.9186,25.9831,0.0857,0.2467,-0.1737,-0.0909,29.33
1789438699820,193.5129,25.9539,0.4084,-0.6690,0.1926,0.5501,29.27
1789438699824,194.6127,25.8994,0.0101,0.3383,0.3757,0.0617,29.32
1789438699832,193.5743,25.9518,0.2457,-0.1806,0.5284,0.7638,29.32
1789438699842,193.9603,25.9331,-0.0247,0.0330,-0.0516,-0.0909,29.33
1789438699919,191.5739,26.0530,0.4038,-0.8522,0.3452,0.3059,29.31
1789438699919,194.7144,25.8965,0.0800,0.4604,0.1621,0.4890,29.32
1789438699919,192.2148,26.0220,0.3052,-0.1196,0.4368,0.6722,29.32
1789438699919,194.1155,25.9275,-0.0411,0.0941,-0.1432,-0.1215,29.31
1789438699919,191.8948,26.0392,0.3549,-0.3333,0.2231,0.1838,29.32
1789438699919,194.1368,25.9276,-0.1121,0.3383,0.1010,0.2754,29.33
1789438699921,195.5271,25.8586,0.3601,0.0025,0.4368,0.3669,29.33
1789438699922,194.9177,25.8897,-0.0145,0.2772,-0.0516,0.1838,29.34
1789438699932,196.0589,25.8331,0.6048,-0.2417,0.2231,0.0312,29.32
1789438699942,195.8199,25.8456,0.0124,0.3078,-0.1737,0.3059,29.32
1789438699952,196.4818,25.8131,0.8137,0.0941,0.4673,0.1838,29.33
1789438700024,195.3993,25.8677,-0.0491,0.0941,-0.4179,0.3364,29.32
1789438700024,196.6609,25.8051,1.3315,0.0636,0.9252,-0.6709,29.32
1789438700024,195.5959,25.8588,0.0519,0.1857,-0.2958,0.3975,29.33
1789438700024,196.7075,25.8038,0.7678,0.2467,0.5589,-0.6099,29.31
1789438700024,194.9050,25.8944,0.2847,0.0941,-0.3874,0.3975,29.35
1789438700024,196.9672,25.7919,1.2928,0.9793,0.6810,-1.5561,29.32
1789438700024,196.4308,25.8192,0.2228,0.0941,-0.0211,0.1533,29.30
1789438700032,193.4980,25.9663,0.6395,0.7351,0.8947,-0.3657,29.31
1789438700042,196.9690,25.7932,0.3030,0.3078,0.3147,0.2754,29.32
1789438700052,193.6185,25.9613,0.4889,0.5825,0.4368,-0.4572,29.33
1789438700122,197.2820,25.7786,0.6961,-0.4859,0.1926,0.2754,29.40
1789438700122,193.4620,25.9700,0.3083,0.2467,0.1010,-0.3046,29.34
1789438700122,196.3362,25.8268,0.6180,-0.3943,0.0705,0.2448,29.31
1789438700122,193.0559,25.9913,0.3203,0.3078,0.1010,-0.4572,29.31
1789438700122,197.2709,25.7810,0.9965,-1.0353,0.4063,0.7638,29.33
1789438700122,193.2344,25.9833,0.1940,0.4909,0.1315,-0.1215,29.34
1789438700123,195.7939,25.8559,0.5367,-0.7911,0.4978,0.7943,29.32
1789438700132,194.6954,25.9113,0.0596,0.3688,0.1621,0.0006,29.32
1789438700142,193.6168,25.9658,0.2760,-0.1196,0.5894,0.7943,29.32
1789438700220,194.3604,25.9291,0.0320,0.1857,-0.0211,-0.1825,29.32
1789438700220,191.5627,26.0695,0.4130,-0.7911,0.3147,0.3669,29.32
1789438700220,194.7461,25.9109,0.1233,0.5825,0.2536,0.4280,29.32
1789438700220,192.1279,26.0424,0.2617,-0.3333,0.4978,0.5501,29.32
1789438700220,193.8912,25.9547,-0.0254,0.1857,-0.1432,-0.1215,29.31
1789438700220,192.2718,26.0363,0.2733,-0.4248,0.0705,0.2754,29.32
1789438700221,194.3279,25.9339,-0.1463,0.5214,0.3452,0.2448,29.32
1789438700225,191.6563,26.0681,0.3168,0.0025,0.5284,0.5806,29.32
1789438700232,194.6268,25.9201,0.0439,0.0330,-0.1432,0.0312,29.32
1789438700242,196.1927,25.8423,0.4176,-0.1806,0.1010,0.1533,29.31
1789438700252,195.8885,25.8581,0.0084,0.4604,-0.0211,0.3364,29.32
1789438700320,196.7644,25.8148,0.7224,0.1857,0.6810,0.3364,29.32
1789438700320,195.4342,25.8817,0.0285,0.1551,-0.4484,0.1838,29.33
1789438700320,196.8739,25.8103,1.2024,-0.1806,0.5894,-0.4572,29.32
1789438700320,195.8931,25.8598,0.0267,0.3078,-0.0516,0.4585,29.31
1789438700320,197.0664,25.8016,0.9473,0.3078,0.8031,-0.2130,29.31
1789438700320,194.9662,25.9071,0.1380,0.1246,-0.3874,0.3364,29.32
1789438700322,197.3930,25.7863,1.4865,0.8572,0.8336,-1.5561,29.31
1789438700332,195.9060,25.8611,0.0232,0.2467,-0.0211,0.3975,29.31
1789438700342,195.2720,25.8932,0.7280,0.5825,0.7115,-0.6099,29.29
1789438700352,197.2253,25.7961,0.0500,0.1857,0.1010,0.1533,29.32
1789438700423,194.0616,25.9548,0.5210,0.2467,0.2231,-0.5793,29.31
1789438700423,197.2108,25.7978,0.3434,-0.0280,0.0400,-0.0299,29.32
1789438700423,193.1685,26.0004,0.4679,0.4299,0.2842,-0.4878,29.33
1789438700423,196.5400,25.8322,0.4588,-0.0280,0.0094,0.0922,29.33
1789438700423,193.1185,26.0038,0.3986,0.7656,0.4673,-0.1520,29.33
1789438700423,197.4451,25.7879,0.9935,-0.6690,0.2231,0.5501,29.32
1789438700423,193.0986,26.0057,0.2120,0.3993,0.0705,-0.2741,29.33
1789438700432,195.6120,25.8805,0.5217,-0.4554,0.4673,1.0385,29.31
1789438700442,192.5975,26.0318,0.1198,0.1857,-0.1127,-0.3046,29.31
1789438700520,196.0064,25.8618,0.3402,-0.4248,0.5894,0.7332,29.34
1789438700520,194.1045,25.9575,0.0465,0.0636,0.0705,-0.2130,29.35
1789438700520,191.7633,26.0751,0.6361,-1.0659,0.6199,0.3669,29.33
1789438700520,194.8585,25.9208,0.0638,0.3688,0.3757,0.0922,29.32
1789438700520,192.1866,26.0550,0.3411,-0.4859,0.4978,0.6722,29.31
1789438700520,194.3943,25.9451,-0.0647,0.1551,-0.0821,-0.0909,29.33
1789438700522,192.3606,26.0474,0.3122,-0.6690,0.0705,0.3364,29.33
1789438700522,194.0753,25.9621,-0.0492,0.3383,0.3147,0.0617,29.34
1789438700532,191.8598,26.0734,0.2810,-0.3027,0.3147,0.3669,29.33
1789438700542,194.3930,25.9473,-0.0633,0.3383,0.1010,0.1533,29.32
1789438700619,191.9833,26.0683,0.4039,-0.2417,0.2231,0.1838,29.33
1789438700619,194.8535,25.9253,0.0000,0.1551,-0.2042,0.0312,29.33
1789438700619,196.6738,25.8347,0.4151,-0.0891,0.2536,0.2754,29.32
1789438700619,195.6703,25.8854,-0.0767,0.4299,0.0705,0.2448,29.33
1789438700619,196.7834,25.8303,0.7672,-0.2112,0.4368,0.0006,29.32
1789438700619,195.6649,25.8866,0.0977,0.1857,-0.4484,0.3669,29.34
1789438700621,197.1092,25.8149,0.8517,-0.0280,0.4978,-0.2130,29.32
1789438700625,194.9990,25.9209,0.0602,0.2772,-0.5095,0.3975,29.33
1789438700632,197.7189,25.7854,1.5359,0.2467,0.6810,-0.9762,29.32
1789438700642,195.8649,25.8785,0.0180,0.0330,-0.2042,0.3975,29.32
1789438700652,195.4786,25.8983,0.8332,0.2772,0.8641,-0.8235,29.34
1789438700722,195.0784,25.9188,-0.0485,0.3078,-0.1127,0.5196,29.32
1789438700722,197.5395,25.7963,0.6775,0.2467,0.5589,-0.7320,29.32
1789438700722,198.0190,25.7727,0.1165,-0.0585,-0.0516,0.0617,29.31
1789438700722,193.3318,26.0075,0.5911,0.7962,0.6505,-0.4267,29.32
1789438700722,196.6293,25.8430,0.5499,-0.0891,0.1010,0.3364,29.32
1789438700722,192.8211,26.0339,0.5524,0.6435,0.3147,-0.6099,29.33
1789438700723,197.8085,25.7850,0.7740,-0.0585,0.4368,0.7027,29.32
1789438700732,193.1731,26.0173,0.3863,0.5214,0.1010,-0.5183,29.31
1789438700742,195.7699,25.8879,0.5322,-0.3943,0.5284,0.7027,29.26
1789438700752,192.4468,26.0546,0.2526,0.4909,0.1621,-0.3046,29.31
1789438700821,196.3915,25.8579,0.5272,-0.8217,0.1315,0.5501,29.32
1789438700821,193.7182,25.9920,0.1010,0.3688,0.2536,-0.0299,29.33
1789438700821,196.3028,25.8634,0.9134,-1.2795,0.8336,0.5196,29.32
1789438700821,195.0340,25.9273,0.0337,0.1551,-0.0211,0.0006,29.32
1789438700821,192.2754,26.0658,0.5031,-0.8827,0.6199,0.4890,29.32
1789438700821,194.4376,25.9581,-0.0503,0.5520,0.3147,0.1838,29.32
1789438700823,192.5554,26.0529,0.3496,-0.3943,0.4978,0.6722,29.31
1789438700832,194.4751,25.9573,-0.0709,0.0636,-0.0821,-0.1215,29.32
1789438700842,191.7441,26.0944,0.3213,-0.5775,0.3452,0.3669,29.34
1789438700852,194.7125,25.9464,0.0128,0.4299,0.1010,0.3364,29.33
1789438700921,191.9050,26.0873,0.2880,-0.1196,0.4673,0.6111,29.33
1789438700921,194.8086,25.9426,-0.0688,0.0025,-0.0516,-0.1215,29.34
1789438700921,192.5515,26.0559,0.3272,-0.2722,0.1926,0.2754,29.31
1789438700921,193.5124,25.9050,-0.0143,0.3993,0.1315,0.2448,29.32
1789438700921,197.2178,25.8236,0.6462,0.0025,0.3452,0.4280,29.32
1789438700921,195.9623,25.8868,0.0501,0.0636,-0.2958,0.1533,29.33
1789438700922,197.0995,25.8304,0.5298,-0.3943,0.2842,0.0617,29.32
1789438700932,194.9979,25.9360,0.0863,0.5214,-0.2042,0.6722,29.32
1789438700942,197.7199,25.8004,1.2920,0.1551,0.9252,-0.1215,29.32
1789438701031,195.8762,25.8930,0.0497,0.1551,-0.3874,0.1838,29.26
1789438701031,195.6261,25.9060,1.0813,0.0330,0.8947,-0.9762,29.32
1789438701031,194.8426,25.9456,-0.0518,0.4909,0.0400,0.6417,29.32
1789438701031,196.7760,25.8495,0.7616,0.1857,0.9862,-0.6709,29.32
1789438701031,196.2897,25.8742,-0.0152,0.1246,-0.2958,0.2754,29.31
1789438701031,197.2046,25.8289,0.7265,0.2467,0.6505,-0.7320,29.34
1789438701031,195.8767,25.8957,0.1412,0.1857,-0.0211,0.3059,29.31
1789438701031,192.8830,26.0459,0.8665,1.0098,0.7420,-0.7014,29.33
1789438701035,197.8419,25.7984,0.2875,0.2772,0.3757,0.3059,29.32
1789438701042,193.1485,26.0335,0.5265,0.5520,0.2536,-0.7625,29.31
1789438701052,196.2181,25.8805,0.4607,-0.2722,0.0705,0.3669,29.33
1789438701120,192.9180,26.0460,0.3782,0.4909,0.1315,-0.6099,29.30
1789438701120,196.1684,25.8840,0.3959,-0.3943,0.1926,0.1227,29.34
1789438701120,193.8760,25.9991,0.2800,0.4909,0.1315,-0.1215,29.32
1789438701120,196.6074,25.8631,0.9760,-0.9132,0.2231,0.4890,29.32
1789438701120,194.3094,25.9785,0.1490,0.5520,0.1926,0.1533,29.31
1789438701120,195.5859,25.9152,0.7012,-0.9132,0.5589,0.6111,29.32
1789438701124,194.0545,25.9923,0.0566,0.3688,0.1010,0.0312,29.32
1789438701132,192.3400,26.0786,0.6257,-0.8217,1.0473,0.7027,29.31
1789438701142,194.3628,25.9779,-0.0914,0.0941,0.1010,-0.1825,29.32
1789438701152,192.1259,26.0903,0.4327,-1.0353,0.3452,0.3669,29.33
1789438701222,194.8635,25.9539,0.0254,0.3688,0.3452,0.3364,29.32
1789438701222,192.0551,26.0949,0.3388,-0.1806,0.6199,0.7332,29.33
1789438701222,194.8854,25.9538,-0.0234,0.1551,-0.0516,0.0922,29.34
1789438701222,192.6134,26.0679,0.2756,-0.3638,0.0705,0.3059,29.32
1789438701222,193.5694,26.0205,0.0250,0.4909,0.0705,0.5196,29.31
1789438701222,192.2482,26.0871,0.3653,-0.0280,0.3757,0.5806,29.32
1789438701226,195.2589,25.9370,-0.0163,0.1551,-0.1737,0.0312,29.31
1789438701232,197.0962,25.8456,0.4096,-0.3333,0.1315,0.2143,29.31
1789438701242,195.2224,25.9398,0.1236,0.4299,-0.1737,0.4890,29.31
1789438701252,197.5257,25.8250,0.7286,0.1857,0.5894,0.5806,29.32
1789438701324,195.9646,25.9035,0.0299,0.1857,-0.3874,0.3059,29.31
1789438701324,195.5311,25.9257,1.0123,-0.1501,0.6199,-0.6099,29.32
1789438701324,194.9408,25.9557,0.0426,0.3688,-0.0821,0.6417,29.33
1789438701324,196.6172,25.8724,0.7699,0.3078,0.6199,-0.0299,29.32
1789438701324,196.3215,25.8876,-0.0547,0.1551,-0.2958,0.3975,29.32
1789438701324,197.0185,25.8532,0.6830,0.0025,0.2842,-0.3657,29.32
1789438701324,195.8708,25.9110,0.0706,0.1857,-0.1737,0.6417,29.31
1789438701332,197.3223,25.8390,0.7912,0.4909,0.7726,-0.6404,29.32
1789438701342,196.2141,25.8948,-0.0465,0.0941,-0.1432,0.1533,29.38
1789438701352,196.5207,25.8799,0.7146,0.2467,0.5589,-0.8235,29.33
1789438701421,196.0044,25.9062,0.2272,0.0636,-0.0516,0.2143,29.30
1789438701421,192.7696,26.0685,0.7255,0.7656,0.6505,-0.7014,29.32
1789438701421,196.5379,25.8805,0.0831,0.3383,0.3147,0.3364,29.33
1789438701421,193.7922,26.0184,0.3312,0.3993,0.3452,-0.2130,29.33
1789438701421,196.4689,25.8850,0.5145,0.1551,0.5589,0.5196,29.29
1789438701421,194.1059,26.0037,0.2612,0.2467,0.1010,-0.3657,29.32
1789438701423,195.8797,25.9155,0.4851,-0.3333,0.3147,0.2448,29.34
1789438701432,192.3498,26.0925,0.2017,0.3383,-0.1127,-0.3046,29.32
1789438701442,196.3821,25.8915,1.0147,-1.3406,0.6505,0.7638,29.33
1789438701526,193.3611,26.0430,0.1391,0.6130,0.2231,-0.0604,29.32
1789438701526,196.8762,25.8678,0.8559,-1.4016,0.9252,0.4280,29.31
1789438701526,194.8326,25.9704,0.0415,0.3078,0.2231,0.0006,29.33
1789438701526,192.4468,26.0902,0.5523,-0.8522,0.9557,0.7332,29.33
1789438701526,195.0883,25.9586,-0.0250,0.0636,-0.0516,-0.1520,29.31
1789438701526,192.7171,26.0776,0.3593,-0.6996,0.2536,0.3059,29.31
1789438701526,193.9557,26.0161,0.1199,0.6130,0.0094,0.3364,29.30
1789438701526,192.0519,26.1118,0.3313,-0.4859,0.5589,0.4890,29.31
1789438701532,195.2176,25.9540,-0.0185,0.0941,-0.1432,-0.0604,29.33
1789438701542,193.5645,26.0371,0.3231,-0.4248,0.3147,0.3059,29.33
1789438701552,194.4714,25.9924,0.2254,0.5214,-0.2653,0.2143,29.31
1789438701622,193.2402,26.0545,0.3858,-0.2417,0.2231,0.3364,29.32
1789438701622,195.7417,25.9299,-0.0338,0.4299,-0.0211,0.3364,29.32
1789438701622,195.7351,25.9307,0.6679,-0.3027,0.2231,0.1227,29.33
1789438701622,195.0560,25.9652,0.1357,0.2772,-0.3263,0.1838,29.33
1789438701622,197.0771,25.8645,0.5795,-0.1196,0.4673,0.1227,29.32
1789438701622,196.6463,25.8865,-0.0330,0.1246,-0.1737,0.2448,29.32
1789438701622,197.5975,25.8394,0.6497,-0.2112,0.1010,-0.0299,29.31
1789438701632,196.3624,25.9016,0.0964,0.2772,-0.2348,0.3364,29.32
1789438701642,197.5157,25.8444,0.7664,0.0636,0.4673,-0.3046,29.30
1789438701652,196.0262,25.9193,-0.1150,0.1551,-0.1432,0.2754,29.32
1789438701723,196.9000,25.8761,1.0247,0.3993,0.9862,-0.3962,29.31
1789438701723,195.2778,25.9576,0.0211,0.1246,-0.3569,0.3669,29.26
1789438701723,197.5535,25.8444,1.1253,0.4299,0.8336,-1.2509,29.30
1789438701723,195.5480,25.9451,-0.1200,0.2162,0.1926,0.3975,29.32
1789438701723,195.7828,25.9339,0.5788,0.2162,0.7115,-0.4878,29.34
1789438701723,196.5522,25.8958,0.2600,-0.0585,-0.0821,0.0617,29.33
1789438701723,194.2541,26.0113,0.3453,0.2162,0.4368,-0.3657,29.32
1789438701732,195.9556,25.9267,0.2743,0.0330,-0.0211,-0.0299,29.34
1789438701742,192.3340,26.1083,0.4226,0.3078,0.1621,-0.6404,29.33
1789438701822,196.7483,25.8881,0.6858,-0.1806,0.1926,0.6111,29.32
1789438701822,193.1978,26.0661,0.3495,0.3078,0.1926,-0.4572,29.32
1789438701822,196.5940,25.8968,0.9341,-0.4554,0.4673,1.0995,29.40
1789438701822,193.0001,26.0769,0.1978,0.6435,0.3757,-0.0299,29.34
1789438701822,196.7916,25.8878,1.0355,-0.9438,0.8641,1.0690,29.32
1789438701822,193.2002,26.0678,0.0900,0.4299,0.1010,-0.0299,29.31
1789438701824,196.8189,25.8874,0.7536,-1.0964,0.6199,0.4280,29.27
1789438701824,193.9854,26.0295,0.2137,0.2467,-0.2653,-0.0604,29.32
1789438701832,192.6206,26.0983,0.8416,-1.4016,1.1389,0.5806,29.32
1789438701842,195.5087,25.9542,0.0226,0.5214,0.3147,0.1838,29.30
1789438701852,193.7155,26.0444,0.3711,-0.6690,0.5284,0.4890,29.32
1789438701922,195.8705,25.9370,0.0760,0.1857,-0.0211,-0.0299,29.31
1789438701922,193.9241,26.0348,0.3237,-0.6080,0.1315,0.3975,29.31
1789438701922,195.5351,25.9547,-0.0059,0.3078,-0.1432,0.1838,29.32
1789438701922,193.0141,26.0812,0.4389,-0.0891,0.6199,0.6417,29.32
1789438701922,195.6185,25.9515,0.1966,0.3383,-0.1432,0.2143,29.30
1789438701922,193.1966,26.0730,0.2992,-0.3027,0.1621,0.3059,29.31
1789438701923,196.0222,25.9321,-0.0669,0.4909,0.1621,0.2448,29.32
1789438701932,197.2185,25.8728,0.3732,-0.1501,0.5284,0.3364,29.31
1789438701942,195.9743,25.9354,-0.0057,0.1857,-0.2653,0.0922,29.33
1789438701952,197.3200,25.8686,0.4589,-0.1501,0.1621,0.4280,29.33
1789438702021,195.9247,25.9388,0.0075,0.3993,-0.0211,0.4585,29.33
1789438702021,196.9867,25.8862,0.8437,0.0025,0.5284,0.1227,29.32
1789438702021,195.1914,25.9764,0.0427,0.1857,-0.2653,0.3059,29.32
1789438702021,197.7789,25.8475,1.0341,-0.0585,0.4368,-0.3046,29.32
1789438702021,195.3489,25.9695,-0.0587,0.3688,-0.3263,0.5196,29.30
1789438702021,195.6832,25.9533,0.7902,0.3688,1.0168,-0.4267,29.32
1789438702022,194.9231,25.9918,0.0384,0.1246,-0.3874,0.2448,29.32
1789438702032,196.4062,25.9182,0.6435,0.0330,0.5284,-0.5183,29.32
1789438702042,195.7799,25.9500,-0.0300,0.4299,0.0705,0.4585,29.30
1789438702052,196.8680,25.8961,1.0180,0.9183,0.7420,-0.9151,29.32
1789438702120,196.7815,25.9008,0.1959,0.0330,0.0094,0.1227,29.31
1789438702120,193.5565,26.0626,0.5581,0.5214,0.3757,-0.4878,29.31
1789438702120,196.7668,25.9025,0.5485,-0.1196,0.0400,0.1838,29.32
1789438702120,193.3257,26.0751,0.4775,0.4909,0.1926,-0.5793,29.32
1789438702120,196.9583,25.8939,0.7753,-0.3027,0.4368,0.5196,29.31
1789438702120,193.2133,26.0817,0.3929,0.4299,0.0400,-0.5183,29.32
1789438702122,197.0417,25.8907,0.8568,-0.3943,0.5589,0.9469,29.30
1789438702132,193.1712,26.0847,0.4133,0.8877,0.2536,-0.0604,29.32
1789438702142,197.9934,25.8441,1.5019,-1.4627,1.3525,0.9469,29.32
1789438702152,193.9062,26.0488,0.1578,0.3993,0.0094,-0.1520,29.34
1789438702244,195.5919,25.9650,0.7606,-1.1574,0.4368,0.6111,29.32
1789438702244,195.8653,25.9518,0.0585,0.0941,-0.0516,-0.1825,29.33
1789438702244,193.9514,26.0480,0.5067,-0.7301,0.4368,0.5806,29.32
1789438702244,195.9388,25.9489,0.0113,0.4299,0.3452,0.2448,29.32
1789438702244,193.1386,26.0895,0.5787,-0.6996,0.9557,0.7332,29.32
1789438702244,195.5747,25.9681,0.1166,0.0941,-0.1127,-0.1215,29.33
1789438702244,193.0589,26.0943,0.4042,-0.8522,0.2842,0.3059,29.33
1789438702244,196.2167,25.9368,-0.0221,0.4604,0.3147,0.3975,29.34
1789438702244,193.3891,26.0787,0.3043,-0.2112,0.4978,0.7332,29.34
1789438702323,195.1380,25.9916,-0.0350,0.2162,-0.0821,0.0617,29.32
1789438702323,193.1569,26.0912,0.2727,-0.3943,0.0705,0.3364,29.31
1789438702323,195.9725,25.9508,-0.0266,0.5214,0.2231,0.4890,29.32
1789438702323,194.2187,26.0389,0.4051,-0.0891,0.4673,0.5501,29.33
1789438702323,195.2745,25.9866,0.0166,0.0330,-0.1737,0.0312,29.32
1789438702323,197.7131,25.8652,0.5156,-0.2417,0.0705,0.1227,29.32
1789438702323,195.3150,25.9855,0.0399,0.4299,0.0094,0.4890,29.31
1789438702323,196.2441,25.9396,0.5896,0.1857,0.7115,0.4280,29.31
1789438702332,195.3833,25.9831,0.0283,0.1551,-0.3263,0.3364,29.32
1789438702342,196.4790,25.9287,0.5373,-0.3333,0.3147,-0.1520,29.33
1789438702352,195.9925,25.9535,-0.0373,0.4909,0.0400,0.5196,29.32
1789438702422,196.5086,25.9283,0.9919,0.1857,0.9862,-0.4267,29.32
1789438702422,196.2695,25.9407,-0.1031,0.2772,-0.3263,0.1838,29.33
1789438702422,196.1089,25.9492,0.8498,0.0941,0.6199,-0.7930,29.32
1789438702422,195.3165,25.9893,-0.0025,0.4299,0.1010,0.5806,29.31
1789438702422,196.9203,25.9096,0.8599,0.6130,0.9862,-0.7014,29.32
1789438702422,196.6242,25.9249,0.0849,0.0941,-0.2042,0.1227,29.32
1789438702423,196.6242,25.9252,0.4751,0.0941,0.4063,-0.4572,29.33
1789438702432,198.5496,25.8291,0.1692,0.0330,0.1010,0.0617,29.34
1789438702442,193.6803,26.0730,0.8096,0.7046,0.2231,-0.9762,29.32
1789438702527,198.2897,25.8429,0.7614,0.0636,0.2231,0.4890,29.32
1789438702527,193.6521,26.0752,0.4515,0.9183,0.4978,-0.3351,29.31
1789438702527,195.6635,25.9751,0.9981,-0.9132,0.4673,1.1301,29.32
1789438702527,192.7396,26.1217,0.2785,0.3993,0.1926,-0.3962,29.32
1789438702527,197.2212,25.8981,0.7671,-0.5775,0.4673,0.9774,29.32
1789438702527,193.9043,26.0644,0.1761,0.2772,-0.1737,-0.3962,29.32
1789438702527,197.7794,25.8712,1.1572,-1.5237,0.8336,0.6111,29.33
1789438702527,194.5491,26.0330,0.1442,0.5825,0.1926,0.1227,29.33
1789438702532,197.7332,25.8743,0.8375,-1.3101,0.9862,0.5196,29.31
1789438702542,196.2141,25.9506,-0.0095,0.1551,0.3147,0.1227,29.32
1789438702552,193.5302,26.0853,0.5208,-0.6690,0.9862,0.7332,29.32
1789438702622,195.0741,26.0085,0.0428,0.0941,-0.0821,-0.2130,29.32
1789438702622,193.0434,26.1106,0.3853,-0.7911,0.4063,0.5196,29.31
1789438702622,195.7805,25.9741,-0.0154,0.4604,0.3147,0.3364,29.33
1789438702622,193.9272,26.0672,0.2772,-0.2722,0.4673,0.5501,29.31
1789438702622,195.1206,26.0080,0.0633,0.0941,-0.2958,0.1533,29.31
1789438702622,194.0813,26.0605,0.2480,-0.3638,0.0400,0.3364,29.32
1789438702623,195.0154,26.0142,-0.0075,0.6435,0.1926,0.4585,29.33
1789438702632,192.3701,26.1470,0.3617,-0.0891,0.5284,0.5806,29.32
1789438702642,195.4216,25.9948,0.0613,0.2467,-0.3569,0.0006,29.32
1789438702652,196.1117,25.9608,0.3381,-0.3943,0.1621,0.1533,29.33
1789438702721,196.1893,25.9574,-0.0000,0.2467,-0.0516,0.2754,29.32
1789438702721,196.6228,25.9362,0.5405,0.1246,0.4063,0.4585,29.32
1789438702721,196.3304,25.9512,-0.0881,0.0941,-0.1432,0.0617,29.31
1789438702721,196.4849,25.9440,0.6380,-0.1501,0.2536,0.0006,29.33
1789438702721,195.4181,25.9978,0.0536,0.3688,-0.0516,0.5501,29.31
1789438702721,197.1718,25.9106,0.8253,0.1857,0.4978,-0.2130,29.32
1789438702723,196.6650,25.9364,-0.0022,0.0330,-0.3263,0.1838,29.34
1789438702732,197.2574,25.9072,0.9996,0.2467,0.8031,-0.6709,29.32
1789438702742,196.3496,25.9530,-0.0030,0.2467,-0.1737,0.3669,29.31
1789438702752,197.6133,25.8904,1.2998,0.8877,0.8336,-1.1898,29.35
1789438702824,196.7048,25.9362,0.1392,0.1246,-0.0211,0.1533,29.29
1789438702824,197.6921,25.8873,0.8898,0.5520,0.3452,-0.9151,29.31
1789438702824,196.2490,25.9599,0.7158,-0.5469,-0.2348,0.3975,29.31
1789438702824,192.7449,26.1355,0.9405,1.3456,0.6199,-0.9456,29.32
1789438702824,197.3969,25.9033,0.3170,0.0330,0.1315,0.1533,29.32
1789438702824,194.1817,26.0645,0.4550,0.4604,0.3452,-0.7014,29.33
1789438702824,197.6547,25.8914,0.7282,0.0025,0.4368,0.5196,29.27
1789438702832,194.7665,26.0362,0.4181,0.3993,0.0705,-0.5488,29.31
1789438702842,197.8463,25.8827,0.9078,-0.5775,0.1926,0.6722,29.32
1789438702932,194.2202,26.0644,0.2284,0.4909,0.4978,-0.0909,29.32
1789438702932,197.0457,25.9236,1.0371,-1.0659,0.3757,0.6111,29.28
1789438702932,193.4963,26.1014,0.1940,0.4604,0.0705,-0.1825,29.32
1789438702932,198.1844,25.8675,1.0517,-1.4016,0.6810,0.7027,29.32
1789438702932,193.9135,26.0814,0.0577,0.1551,-0.1737,-0.2741,29.34
1789438702932,196.5513,25.9500,0.4307,-0.5775,0.6810,0.7027,29.32
1789438702932,195.2524,26.0154,0.0291,0.4299,0.2231,0.1838,29.32
1789438702932,194.6310,26.0470,0.2551,-0.2417,0.3452,0.5806,29.32
1789438702932,195.0438,26.0267,0.0235,0.0941,0.0094,-0.2130,29.32
1789438702942,192.3074,26.1641,0.4412,-0.9132,0.3147,0.4585,29.33
1789438702952,195.5777,26.0010,0.0918,0.5214,-0.0821,0.1533,29.32
1789438703021,193.0463,26.1280,0.3354,-0.2722,0.7115,0.6722,29.33
1789438703021,195.2915,26.0162,-0.1295,0.0636,0.0094,-0.0604,29.34
1789438703021,192.9647,26.1330,0.2673,-0.4859,0.0094,0.2448,29.32
1789438703021,194.7836,26.0425,-0.1234,0.3993,0.1926,0.2448,29.32
1789438703021,192.6648,26.1489,0.3533,0.0025,0.4368,0.6111,29.34
1789438703021,195.1770,26.0237,-0.0305,0.2467,-0.1127,0.0312,29.34
1789438703023,197.0910,25.9285,0.3969,-0.2417,0.0705,0.1838,29.32
1789438703032,196.9047,25.9382,-0.0464,0.5520,0.2231,0.4280,29.32
1789438703042,197.4403,25.9119,0.5895,-0.0891,0.3147,0.2143,29.32
1789438703052,196.4445,25.9622,0.0640,0.1857,-0.3874,0.2448,29.31
1789438703122,197.6619,25.9018,0.6861,-0.3333,0.3147,-0.1215,29.32
1789438703122,196.7404,25.9483,-0.0229,0.2162,0.0705,0.3975,29.32
1789438703122,197.6983,25.9008,1.0144,0.4299,0.9252,-0.1825,29.32
1789438703122,195.6866,26.0019,0.2179,0.1551,-0.4484,0.2448,29.32
1789438703122,198.2376,25.8748,1.3559,0.1551,0.7420,-1.0983,29.32
1789438703122,196.7802,25.9481,-0.0221,0.3383,0.1010,0.5806,29.32
1789438703123,195.9487,25.9900,0.8613,0.5214,1.0473,-0.7930,29.33
1789438703132,195.6378,26.0060,-0.0006,0.0330,-0.2348,0.1533,29.31
1789438703142,197.2249,25.9271,0.6788,0.1857,0.5894,-0.8541,29.33
1789438703221,196.8972,25.8876,0.0707,0.4604,0.3757,0.4280,29.28
1789438703221,193.9779,26.0903,0.6378,0.4909,0.5284,-0.7930,29.31
1789438703221,197.2003,25.9296,0.4715,0.1246,0.1926,0.4890,29.32
1789438703221,193.8567,26.0972,0.6135,0.8877,0.5589,-0.6099,29.32
1789438703221,198.5149,25.8647,0.6494,-0.3943,0.1010,0.1227,29.32
1789438703221,194.0759,26.0870,0.3187,0.3078,0.1315,-0.4267,29.32
1789438703223,196.6729,25.9576,0.5966,-0.5164,0.0705,0.4890,29.31
1789438703223,193.1123,26.1360,0.3237,0.2772,-0.0211,-0.5793,29.33
1789438703232,196.7000,25.9571,0.4435,-0.2112,0.2231,0.8859,29.29
1789438703242,194.1152,26.0868,0.1745,0.5520,0.3147,0.0922,29.32
1789438703368,196.9047,25.9478,1.0341,-1.2185,1.0168,0.7943,29.32
1789438703368,194.9230,26.0473,0.1112,0.1857,-0.1432,-0.1215,29.32
1789438703368,196.3576,25.9761,0.7217,-0.9743,1.0168,0.7332,29.32
1789438703368,195.1479,26.0370,-0.0011,0.2162,0.1926,-0.1215,29.32
1789438703368,192.6526,26.1625,0.6178,-1.1574,0.5894,0.3975,29.32
1789438703368,194.6664,26.0622,-0.0515,0.5520,0.2536,0.0922,29.32
1789438703368,192.6645,26.1628,0.4196,-0.5164,0.5589,0.7638,29.31
1789438703368,195.5818,26.0173,-0.0053,0.0025,-0.0516,-0.1215,29.32
1789438703368,192.9034,26.1517,0.3345,-0.6385,0.2842,0.3364,29.32
1789438703368,195.2431,26.0351,-0.1176,0.5214,0.2536,0.3669,29.32
1789438703369,193.1235,26.1416,0.2523,-0.3333,0.3147,0.4585,29.33
1789438703369,194.2482,26.0858,-0.0212,0.1551,-0.1737,0.0312,29.32
1789438703441,192.8867,26.1543,0.3821,-0.4554,0.2231,0.1227,29.32
1789438703441,195.7285,26.0126,0.0030,0.4604,-0.0211,0.2754,29.32
1789438703441,197.9891,25.9000,0.3142,-0.0891,0.4673,0.3669,29.32
1789438703441,195.9971,26.0001,0.0882,0.1246,-0.2958,0.1533,29.32
1789438703441,198.5160,25.8745,0.7008,-0.3027,0.1621,0.1533,29.33
1789438703441,196.4726,25.9771,0.0777,0.2467,-0.2348,0.3364,29.32
1789438703448,196.1495,25.9937,0.8893,-0.0585,0.6810,-0.3046,29.32
1789438703448,195.2917,26.0370,0.0074,0.0636,-0.3874,0.2448,29.32
1789438703525,197.1940,25.9423,0.7948,-0.1501,0.3147,-0.1825,29.32
1789438703525,196.7081,25.9670,0.0330,0.3993,-0.1432,0.5806,29.31
1789438703525,197.7202,25.9169,0.7623,0.2162,0.5284,-0.1520,29.31
1789438703525,196.6865,25.9690,-0.0299,0.0636,-0.3874,0.2448,29.35
1789438703525,197.6888,25.9193,1.0166,0.4604,0.8641,-0.6709,29.32
1789438703525,196.5864,25.9748,0.0052,0.0941,-0.2653,0.1838,29.30
1789438703526,197.1553,25.9468,0.9673,0.4604,0.7115,-1.0983,29.31
1789438703526,195.9019,26.0099,0.1691,0.3078,0.1010,0.4280,29.35
1789438703532,197.9124,25.9098,0.9933,0.5520,0.4673,-1.3730,29.31
1789438703542,196.7980,25.9659,-0.0035,-0.0585,-0.1127,0.0312,29.32
1789438703552,194.1674,26.0980,0.4227,0.4299,0.5284,-0.3046,29.32
1789438703622,197.3589,25.9389,0.4652,0.0636,0.1621,0.1533,29.32
1789438703622,194.9487,26.0598,0.3206,0.1857,0.2231,-0.3351,29.32
1789438703622,196.3865,25.9884,0.6154,-0.3027,0.4978,0.4280,29.33
1789438703622,192.5536,26.1805,0.3646,0.3993,0.1010,-0.6404,29.32
1789438703622,197.3964,25.9389,0.8642,-0.3333,0.4978,0.9164,29.31
1789438703622,193.8770,26.1152,0.2605,0.5520,0.4063,-0.0604,29.33
1789438703624,197.2789,25.9456,0.9345,-0.9438,0.1926,0.9164,29.31
1789438703632,193.7693,26.1215,0.1181,0.3383,-0.0211,-0.0909,29.31
1789438703642,197.3957,25.9407,1.0714,-1.6153,1.0473,0.7027,29.32
1789438703719,195.4915,26.0362,0.0086,0.1246,-0.0821,-0.0604,29.32
1789438703719,193.4462,26.1390,0.5268,-0.8827,0.5284,0.4585,29.32
1789438703719,194.3290,26.0953,0.2684,0.8267,0.1315,0.2143,29.33
1789438703719,192.7567,26.1744,0.6948,-1.0048,1.2915,0.5806,29.35
1789438703719,195.9672,26.0142,0.0064,0.0025,0.0705,-0.0909,29.33
1789438703719,194.0504,26.1105,0.3243,-0.6385,0.3452,0.3059,29.30
1789438703721,195.9025,26.0183,0.0168,0.5214,0.2536,0.3364,29.32
1789438703725,194.1772,26.1050,0.3218,-0.0891,0.6505,0.7332,29.31
1789438703732,196.0832,26.0101,0.0359,0.0330,-0.2042,-0.0604,29.31
1789438703742,193.3730,26.1461,0.4619,-0.4859,0.1621,0.1838,29.32
1789438703818,196.1039,26.0099,0.1375,0.5214,0.0705,0.3975,29.31
1789438703818,193.5896,26.1361,0.3910,-0.2112,0.3757,0.4280,29.32
1789438703818,196.6559,25.9831,-0.0189,0.2162,-0.2348,0.1838,29.31
1789438703818,197.8274,25.9249,0.4594,-0.3027,0.1315,0.1838,29.33
1789438703818,196.7414,25.9796,0.0297,0.0025,-0.2042,0.0312,29.31
1789438703818,197.9749,25.9184,0.4958,-0.1806,0.1315,0.2448,29.32
1789438703820,196.6374,25.9856,-0.0743,0.5214,0.0400,0.5196,29.31
1789438703822,197.3392,25.9509,0.7413,0.0636,0.4673,0.2143,29.32
1789438703832,195.7686,26.0299,0.0536,0.0941,-0.4179,0.2754,29.33
1789438703842,198.0811,25.9147,1.0852,-0.1196,0.4978,-0.4878,29.33
1789438703852,196.0249,26.0179,-0.0639,0.5214,-0.0821,0.7027,29.36
1789438703919,196.4475,25.9973,0.7893,0.3688,0.9557,-0.1825,29.32
1789438703919,195.5802,26.0411,-0.0104,0.0636,-0.4179,0.3364,29.37
1789438703919,196.7601,25.9825,0.6488,0.1857,0.5284,-0.6404,29.33
1789438703919,196.5142,25.9952,0.0158,0.4604,0.0705,0.5196,29.32
1789438703919,197.2562,25.9586,1.0156,1.0709,0.9557,-0.7930,29.31
1789438703919,196.8188,25.9809,0.0715,-0.0585,-0.0211,0.0006,29.31
1789438703925,193.9305,26.1258,0.6142,0.3993,0.4368,-0.6709,29.32
1789438703932,197.5714,25.9442,0.3480,-0.7911,0.0094,-0.2130,29.30
1789438703942,193.7849,26.1340,0.5688,0.4909,0.2842,-0.7930,29.32
1789438703952,197.6264,25.9424,0.7238,-0.2722,0.4063,0.3975,29.34
1789438704026,193.8441,26.1319,0.4348,0.7656,0.6199,-0.2741,29.32
1789438704026,197.5732,25.9459,0.7775,-0.3027,0.4978,0.7332,29.32
1789438704026,193.8593,26.1321,0.5131,0.6435,0.0094,-0.5488,29.32
1789438704026,198.3454,25.9082,1.4547,-1.0353,0.7726,1.0385,29.32
1789438704026,194.4359,26.1041,0.2710,0.3688,-0.2042,-0.4267,29.31
1789438704026,196.1846,26.0171,0.8961,-1.1880,0.4673,0.8248,29.32
1789438704026,192.9964,26.1769,0.1220,0.5214,0.1926,0.1227,29.33
1789438704032,197.7832,25.9380,0.6400,-1.0048,0.4673,0.6111,29.31
1789438704042,196.2937,26.0128,0.0293,0.2162,-0.0211,-0.0299,29.30
1789438704052,193.5558,26.1502,0.7988,-1.0353,1.1083,0.7027,29.31
1789438704121,196.1951,26.0186,0.0884,0.0941,0.3452,0.0922,29.33
1789438704121,193.6536,26.1461,0.5689,-1.0048,0.6199,0.3669,29.33
1789438704121,196.5807,26.0001,-0.0564,0.0330,0.0094,-0.0909,29.32
1789438704121,193.9446,26.1323,0.3750,-0.8522,0.3757,0.3059,29.34
1789438704121,195.6669,26.0466,0.0168,0.6435,0.2842,0.3975,29.33
1789438704121,193.6632,26.1473,0.3083,-0.3333,0.5589,0.5501,29.32
1789438704125,196.1523,26.0230,-0.0353,-0.0585,-0.0516,0.0312,29.34
1789438704132,194.5412,26.1041,0.3244,-0.5164,0.0705,0.2448,29.32
1789438704142,195.8251,26.0403,-0.0269,0.4909,0.2536,0.3975,29.32
1789438704152,194.7343,26.0952,0.3090,0.1246,0.3452,0.5806,29.32
1789438704219,196.0768,26.0285,-0.0060,0.2772,-0.2653,0.1533,29.33
1789438704219,197.7029,25.9475,0.3941,-0.3638,0.1926,0.0617,29.33
1789438704219,196.2206,26.0221,0.1069,0.3383,-0.4179,0.2754,29.32
1789438704219,197.0796,25.9795,0.3421,-0.2722,0.3147,0.1838,29.32
1789438704219,196.6958,25.9991,-0.0880,0.3993,-0.0211,0.2754,29.32
1789438704219,197.1684,25.9760,0.8123,-0.1196,0.5589,0.0006,29.32
1789438704222,196.6722,26.0012,0.0207,0.1551,-0.2042,0.0617,29.32
1789438704232,196.6972,26.0004,0.7483,-0.1196,0.3452,-0.2130,29.31
1789438704242,195.6282,26.0543,-0.0261,0.4909,-0.1432,0.6417,29.31
1789438704318,197.2757,25.9724,0.9855,0.4909,1.1083,-0.3657,29.32
1789438704318,197.0031,25.9864,0.0526,0.0330,-0.2042,0.1838,29.32
1789438704318,197.9125,25.9414,1.0507,0.2772,0.8031,-1.0983,29.31
1789438704318,196.7750,25.9987,0.0100,0.4299,-0.0516,0.5501,29.31
1789438704318,197.9651,25.9396,1.2683,1.3761,0.9557,-1.0983,29.32
1789438704318,198.5204,25.9122,0.1994,-0.0280,-0.0211,0.0006,29.34
1789438704320,194.1760,26.1299,0.7591,0.6435,0.1926,-0.9456,29.31
1789438704325,196.3350,26.0223,0.7031,-0.4859,0.1621,0.5806,29.31
1789438704332,193.0760,26.1857,0.8316,0.9183,0.3757,-1.1288,29.32
1789438704342,197.8248,25.9487,0.5608,-0.1196,0.1926,0.3975,29.33
1789438704352,194.6129,26.1097,0.3669,0.5825,0.4368,-0.2130,29.33
1789438704420,198.1440,25.9336,0.8591,-0.2722,0.4368,0.7332,29.32
1789438704420,195.2236,26.0800,0.3230,0.3383,0.1926,-0.4572,29.31
1789438704420,198.5319,25.9150,1.0098,-0.7606,0.6505,0.5501,29.32
1789438704420,194.2237,26.1307,0.2177,0.3383,-0.0211,-0.2436,29.32
1789438704420,197.7390,25.9554,1.0186,-1.0353,0.3147,0.6111,29.32
1789438704420,194.2164,26.1319,0.1916,0.5825,0.3147,0.0312,29.31
1789438704422,198.7482,25.9058,1.1219,-1.4932,0.9557,0.7943,29.31
1789438704432,194.2023,26.0405,0.0608,0.2467,-0.0211,-0.1825,29.31
1789438704442,194.5057,26.1187,0.4604,-0.4248,0.7115,0.7332,29.38
1789438704452,195.7165,26.0585,0.0148,0.3383,-0.0211,-0.0909,29.33
1789438704521,194.8821,26.1006,0.2515,-0.5775,0.1315,0.2448,29.33
1789438704521,195.4500,26.0726,0.0001,0.1246,0.0400,0.0617,29.32
1789438704521,192.6057,26.2153,0.4249,-0.7911,0.4063,0.4585,29.31
1789438704521,196.1279,26.0396,0.1028,0.4909,-0.0821,0.3059,29.34
1789438704521,193.4300,26.1749,0.2995,-0.1806,0.4978,0.6111,29.32
1789438704521,195.4902,26.0723,-0.1406,0.2467,0.1315,-0.0299,29.32
1789438704522,193.1207,26.1912,0.2437,-0.5469,0.0400,0.3059,29.32
1789438704532,195.2175,26.0868,-0.1262,0.3688,0.1010,0.2448,29.31
1789438704542,192.9445,26.2009,0.3536,-0.0585,0.4673,0.6111,29.33
1789438704620,195.7272,26.0622,0.0240,0.1551,-0.2653,0.1227,29.33
1789438704620,197.3650,25.9807,0.3861,-0.3027,0.0400,0.1838,29.32
1789438704620,197.1338,25.9927,-0.0439,0.3383,0.1926,0.3364,29.34
1789438704620,197.7603,25.9618,0.5815,0.0941,0.3757,0.3364,29.33
1789438704620,196.7914,26.0106,0.0248,0.1551,-0.3569,0.1533,29.33
1789438704620,198.0629,25.9475,0.9155,-0.3027,0.2231,-0.0604,29.32
1789438704622,197.1306,25.9945,0.0432,0.4604,-0.0821,0.5501,29.31
1789438704622,198.1742,25.9428,0.8285,0.1246,0.7115,0.0312,29.33
1789438704632,196.2801,26.0379,0.1115,0.1246,-0.4790,0.3059,29.30
1789438704642,198.5606,25.9243,1.3794,0.0330,0.7726,-0.8235,29.32
1789438704718,196.8652,26.0094,0.0190,0.4299,-0.0516,0.5196,29.33
1789438704718,196.5615,26.0250,0.7673,0.2772,1.1083,-0.7625,29.32
1789438704718,195.8530,26.0608,-0.0350,0.0330,-0.2653,0.2143,29.32
1789438704718,197.6898,25.9694,0.9011,0.2772,0.6810,-0.9151,29.32
1789438704718,197.4376,25.9824,-0.0479,0.2772,0.0705,0.2143,29.32
1789438704718,198.2643,25.9414,0.7721,0.7962,0.9252,-0.6709,29.32
1789438704719,197.7882,25.9656,0.1522,0.1246,-0.1432,0.1838,29.33
1789438704724,194.1593,26.1475,0.6760,0.6130,0.4673,-0.8541,29.32
1789438704732,198.7381,25.9189,0.3585,0.0941,0.0400,-0.0604,29.30
1789438704742,194.1947,26.1465,0.6052,0.5214,0.1926,-0.7930,29.32
1789438704752,197.2263,25.9953,0.1958,0.0636,0.2536,0.0312,29.32
1789438704821,193.9069,26.1617,0.4572,0.7962,0.5589,-0.2436,29.32
1789438704821,197.3170,25.9916,0.4071,-0.2417,0.3757,0.2448,29.37
1789438704821,194.4351,26.1361,0.2470,0.4909,0.1315,-0.1825,29.33
1789438704821,197.3957,25.9886,1.0116,-0.9438,0.1621,0.8553,29.32
1789438704821,194.8198,26.1177,0.2108,0.2772,-0.1432,-0.2130,29.32
1789438704821,196.7155,26.0234,0.8058,-0.8827,0.3147,0.7638,29.39
1789438704822,193.2108,26.1991,0.1403,0.6741,0.2536,-0.0299,29.33
1789438704832,197.6452,25.9778,0.8659,-1.4627,0.7726,0.7332,29.32
1789438704842,195.2973,26.0956,0.0263,0.4909,0.1315,-0.1215,29.32
1789438704852,192.9867,26.2116,0.6378,-0.8522,1.0168,0.6722,29.32
1789438704920,195.7462,26.0740,0.0251,0.0941,-0.1127,-0.1215,29.33
1789438704920,193.5060,26.1865,0.4271,-0.8217,0.4673,0.4585,29.33
1789438704920,195.7180,26.0763,-0.1058,0.4299,0.1621,0.1533,29.34
1789438704920,193.6445,26.1804,0.3143,-0.5469,0.3147,0.5196,29.33
1789438704920,194.7172,26.1272,0.0819,0.1551,-0.2958,-0.0299,29.31
1789438704920,193.3752,26.1948,0.3761,-0.1806,0.6199,0.6417,29.32
1789438704922,196.2743,26.0501,0.0203,0.2467,0.0400,0.0922,29.31
1789438704932,194.2061,26.1539,0.2565,-0.4859,0.1621,0.2143,29.32
1789438704942,196.5428,26.0375,0.0935,0.2162,-0.0821,0.0922,29.32
1789438704952,194.8389,26.1231,0.4024,-0.2417,0.4063,0.3669,29.31
1789438705021,196.5597,26.0373,0.0727,0.2162,-0.1432,0.0922,29.32
1789438705021,196.6905,26.0312,0.6059,-0.0891,0.2231,0.3059,29.33
1789438705021,195.7931,26.0765,0.0621,0.4909,-0.0516,0.4585,29.33
1789438705021,197.8767,25.9727,0.4814,-0.4248,0.2842,0.0617,29.30
1789438705021,197.0745,26.0132,0.0660,0.1551,-0.2653,0.1838,29.31
1789438705021,198.1719,25.9586,0.5744,-0.2112,0.3147,0.1227,29.31
1789438705023,196.7456,26.0304,0.0261,0.3993,-0.0821,0.4585,29.32
1789438705032,198.2195,25.9571,0.8644,0.1551,0.3757,0.0006,29.32
1789438705042,193.4879,26.1943,0.0911,0.1857,-0.3569,0.3364,29.32
1789438705119,195.7783,26.0804,1.2729,-0.0585,0.8336,-0.8235,29.32
1789438705119,196.0029,26.0697,0.0306,0.3688,-0.0821,0.7027,29.32
1789438705119,198.3422,25.9532,1.1199,0.4299,1.1389,-0.5183,29.30
1789438705119,196.2779,26.0567,-0.0461,0.1551,-0.3569,0.2754,29.30
1789438705119,197.1297,26.0145,0.6774,0.0941,0.6199,-0.6404,29.29
1789438705119,196.2078,26.0611,0.0107,0.3688,-0.0516,0.5806,29.35
1789438705121,197.4664,25.9985,0.5582,0.4909,0.8336,-0.2130,29.33
1789438705125,196.8798,26.0282,0.0356,-0.1196,-0.0516,0.0312,29.32
1789438705132,193.5273,26.1963,0.6584,0.3688,0.2842,-0.7625,29.32
1789438705142,197.5673,25.9947,0.2773,0.0025,-0.1737,-0.0299,29.32
1789438705218,193.8702,26.1800,0.6136,0.5825,0.5589,-0.5488,29.33
1789438705218,197.8197,25.9829,0.6042,0.0636,0.1315,0.3975,29.27
1789438705218,193.8627,26.1812,0.4157,0.6435,0.4368,-0.4572,29.31
1789438705218,197.8511,25.9822,0.7474,-0.0585,0.4368,0.7638,29.32
1789438705218,194.1833,26.1660,0.2853,0.3078,0.0705,-0.4878,29.32
1789438705218,197.7887,25.9862,0.8172,-0.5775,0.5589,0.8248,29.22
1789438705220,193.6619,26.1929,0.4089,0.6130,-0.0211,-0.4572,29.31
1789438705222,198.6695,25.9430,1.4447,-1.6458,0.9252,0.8248,29.31
1789438705232,194.6027,26.1466,0.2063,0.7351,0.1315,-0.0299,29.31
1789438705242,196.7242,26.0410,0.8567,-1.4322,0.5589,0.7332,29.29
1789438705252,196.5918,26.0480,0.0754,0.0941,0.0094,-0.1825,29.32
1789438705322,194.8628,26.1348,0.5300,-0.6996,0.5894,0.7332,29.32
1789438705322,196.4573,26.0554,0.0287,0.4299,0.1315,-0.0299,29.32
1789438705322,194.1328,26.1721,0.6059,-1.0353,0.7726,0.3364,29.32
1789438705322,196.4924,26.0544,0.0856,0.1857,0.0705,0.0006,29.31
1789438705322,193.8024,26.1893,0.4488,-0.8827,0.4673,0.3364,29.32
1789438705322,197.0491,26.0273,-0.0611,0.1551,0.1621,0.1227,29.33
1789438705322,194.1213,26.1741,0.3148,-0.3943,0.4063,0.7027,29.32
1789438705332,195.8924,26.0859,0.0303,0.2467,0.0400,0.0617,29.30
1789438705342,194.1154,26.1751,0.3388,-0.0280,0.4978,0.6722,29.32
1789438705352,196.7839,26.0419,0.0203,0.0636,-0.0516,0.0922,29.32
1789438705428,194.9511,26.1339,0.2908,-0.5164,0.1621,0.3059,29.30
1789438705428,196.0472,26.0795,-0.0005,0.6130,0.1010,0.3669,29.32
1789438705428,194.8760,26.1384,0.3578,0.0636,0.3147,0.6111,29.32
1789438705428,195.9732,26.0839,0.0458,0.1246,-0.2958,0.0312,29.32
1789438705428,196.8748,26.0392,0.3377,-0.3027,0.1010,0.1227,29.32
1789438705428,195.8096,26.0929,0.1140,0.4604,-0.2348,0.4585,29.33
1789438705428,197.2505,26.0213,0.4087,0.0330,0.5589,0.6111,29.32
1789438705432,196.7696,26.0457,0.0182,0.1246,-0.2348,0.0922,29.31
1789438705442,197.3097,26.0191,0.8027,-0.0585,0.2536,-0.0604,29.33
1789438705452,197.2378,26.0231,-0.0737,0.3993,0.0705,0.4280,29.32
1789438705523,197.2650,26.0222,0.7896,0.1551,0.6505,-0.0604,29.31
1789438705523,196.4444,26.0637,-0.0233,0.0636,-0.3874,0.3364,29.31
1789438705523,197.7141,26.0006,0.9700,-0.0585,0.7726,-0.7320,29.31
1789438705523,197.3100,26.0212,0.0699,0.0330,-0.3263,0.2754,29.29
1789438705523,198.0035,25.9870,0.8729,0.2467,0.8336,-0.7014,29.30
1789438705523,197.1114,26.0320,-0.0562,0.3993,-0.1127,0.5196,29.31
1789438705523,198.3497,25.9706,1.3952,0.8877,0.7420,-1.4646,29.32
1789438705532,197.2008,26.0283,0.2012,-0.0280,-0.0516,0.1533,29.26
1789438705542,194.7209,26.1527,0.7627,0.5520,0.4978,-0.7930,29.31
1789438705552,196.6685,26.0557,0.7216,-0.2112,0.2842,0.9774,29.28
1789438705620,193.7209,26.2035,0.7982,0.7962,0.2842,-1.0677,29.33
1789438705620,198.0708,25.9863,0.4992,-0.1806,0.3452,0.3975,29.32
1789438705620,194.9750,26.1414,0.4326,0.6741,0.5894,-0.2436,29.31
1789438705620,198.5506,25.9630,0.7312,-0.3943,0.0400,0.2448,29.32
1789438705620,195.0196,26.1399,0.3390,0.3993,0.2536,-0.4878,29.32
1789438705620,198.8257,25.9500,0.8056,-0.7301,0.1010,0.2754,29.33
1789438705622,194.8613,26.1485,0.2752,0.3688,0.3452,-0.2741,29.32
1789438705632,197.6450,26.0098,0.9966,-0.8827,0.3147,0.7027,29.28
1789438705642,194.4416,26.1703,0.2577,0.5825,0.2842,0.0312,29.33
1789438705719,198.8904,25.9483,1.0903,-0.6996,0.7726,0.9774,29.31
1789438705719,194.3809,26.1739,0.1144,0.1857,-0.1432,-0.3657,29.32
1789438705719,197.3186,26.0275,0.5299,-0.5469,0.7115,0.9774,29.32
1789438705719,196.0039,26.0935,0.0639,0.2772,-0.0516,0.0006,29.34
1789438705719,195.0504,26.1416,0.3511,-0.7911,0.2842,0.1838,29.33
1789438705719,195.6857,26.1102,0.0248,0.2162,0.2231,0.0617,29.32
1789438705721,192.9581,26.2470,0.5499,-0.9743,0.7115,0.5196,29.32
1789438705725,196.1672,26.0869,-0.0038,0.2162,0.3452,0.0617,29.32
1789438705732,193.4549,26.2230,0.3889,-0.6385,0.5284,0.3975,29.32
1789438705742,195.5001,26.1211,-0.0735,0.1857,0.2536,0.0617,29.33
1789438705752,193.3895,26.2271,0.2864,-0.5164,0.3452,0.4280,29.32
1789438705820,195.3622,26.1288,-0.1595,0.2467,0.2536,-0.1520,29.32
1789438705820,192.9749,26.2486,0.3637,-0.3027,0.4978,0.4280,29.33
1789438705820,195.7757,26.1090,0.0326,0.1246,-0.1127,0.0617,29.32
1789438705820,193.2405,26.2362,0.2521,-0.3027,0.0400,0.2143,29.31
1789438705820,195.9418,26.1015,-0.1014,0.3993,0.1621,0.3059,29.32
1789438705820,197.9979,25.9991,0.4380,-0.0280,0.4978,0.3669,29.31
1789438705822,196.7423,26.0623,0.0618,0.1246,-0.3569,0.0617,29.31
1789438705832,198.2768,25.9861,0.5968,-0.2112,0.1315,0.0617,29.32
1789438705842,197.2389,26.0383,0.0011,0.5520,0.0705,0.5196,29.29
1789438705852,198.3436,25.9835,0.7111,0.2467,0.6810,0.3669,29.31
1789438705926,196.5458,26.0738,0.0957,0.0941,-0.4790,0.3059,29.30
1789438705926,198.8985,25.9565,1.1331,-0.0585,0.3452,-0.1825,29.35
1789438705926,197.3309,26.0351,0.0381,0.3078,-0.1432,0.5806,29.31
1789438705926,196.8613,26.0590,1.1134,0.1551,1.0168,-0.6404,29.32
1789438705926,196.0994,26.0974,-0.0166,0.0636,-0.4484,0.3669,29.30
1789438705927,198.3562,25.9850,0.8325,-0.0585,0.6199,-0.7320,29.32
1789438705927,197.4908,26.0285,0.0278,0.1246,-0.2653,0.3669,29.34
1789438705932,198.3909,25.9839,0.8288,0.2772,0.8336,-0.8235,29.29
1789438705942,197.2343,26.0421,-0.0353,0.2467,0.0705,0.4280,29.31
1789438705952,198.6598,25.9712,1.0972,0.7656,0.6505,-1.0067,29.33
1789438706021,197.0980,26.0495,0.0503,0.0941,-0.1737,0.1227,29.31
1789438706021,194.5803,26.1758,0.7321,0.6435,0.5284,-0.7930,29.32
1789438706021,197.1616,26.0471,0.2663,0.2162,0.2231,0.4280,29.28
1789438706021,193.9949,26.2058,0.6892,0.5825,0.1621,-0.8846,29.31
1789438706021,197.5784,26.0270,0.0773,0.4299,0.2842,0.3975,29.33
1789438706021,195.2245,26.1451,0.3482,0.4299,0.5894,-0.2436,29.32
1789438706022,197.6780,26.0228,0.8056,-0.5469,0.1315,0.4890,29.32
1789438706032,195.3195,26.1411,0.2608,0.1857,0.2842,-0.3657,29.31
1789438706042,197.1639,26.0493,0.8327,-0.7301,0.0705,0.3975,29.28
1789438706120,193.4099,26.2374,0.2501,0.1857,-0.0211,-0.3962,29.32
1789438706120,197.8129,26.0177,0.9155,-0.9132,0.2231,0.7943,29.30
1789438706120,194.1677,26.2003,0.1819,0.6130,0.2536,-0.0909,29.32
1789438706120,197.9721,26.0106,0.9526,-1.2185,0.8031,0.8859,29.32
1789438706120,194.4428,26.1874,0.1173,0.3688,-0.1127,-0.0604,29.32
1789438706120,198.2306,25.9985,0.8996,-1.1880,1.4136,0.7943,29.33
1789438706121,196.0259,26.1091,-0.0099,-0.0585,0.0094,-0.1825,29.34
1789438706125,193.5083,26.2354,0.5497,-1.1269,0.7420,0.3364,29.32
1789438706132,194.9583,26.1633,0.2452,0.4299,-0.2042,0.0006,29.32
1789438706142,193.3910,26.2422,0.5755,-1.1574,0.8031,0.4890,29.33
1789438706152,196.4461,26.0897,0.0109,0.3078,0.1926,0.1838,29.32
1789438706221,194.5476,26.1850,0.3374,-0.3027,0.5284,0.7943,29.33
1789438706221,196.9191,26.0668,0.1022,0.0025,-0.1127,0.0006,29.32
1789438706221,195.0304,26.1616,0.2980,-0.4859,0.1315,0.2143,29.31
1789438706221,196.6381,26.0815,-0.0113,0.5214,0.2231,0.3669,29.32
1789438706221,194.0125,26.2132,0.3883,-0.0891,0.4673,0.5806,29.32
1789438706221,196.4308,26.0926,0.1574,0.2772,-0.5095,0.1533,29.33
1789438706222,194.1049,26.2092,0.3167,-0.3943,0.1621,0.2448,29.31
1789438706232,196.8453,26.0725,-0.0539,0.5214,0.2536,0.3975,29.31
1789438706242,194.1110,25.9852,0.3796,0.0025,0.4978,0.4585,29.33
1789438706252,197.1349,26.0587,0.0159,0.3078,-0.3874,0.1533,29.33
1789438706320,199.2498,25.9533,0.5334,-0.2112,0.1010,0.2754,29.31
1789438706320,197.6426,26.0339,-0.0423,0.2162,-0.0821,0.1838,29.32
1789438706320,197.8566,26.0236,0.5766,-0.0891,0.5589,0.1838,29.32
1789438706320,196.5042,26.0916,0.0085,0.3383,-0.3569,0.3975,29.31
1789438706320,198.9022,25.9720,1.0051,0.0025,0.4063,0.0312,29.32
1789438706320,196.7846,26.0782,0.0598,0.3383,-0.4179,0.4585,29.33
1789438706325,197.0280,26.0664,0.7435,0.0025,0.5589,-0.2130,29.32
1789438706332,196.0866,26.1139,-0.0291,0.3993,-0.1432,0.7027,29.34
1789438706342,197.4032,26.0485,0.7000,0.4299,0.8641,-0.0299,29.32
1789438706420,196.8711,26.0755,-0.0101,0.0025,-0.4179,0.2754,29.30
1789438706420,197.6217,26.0384,0.9064,0.1857,0.7726,-0.8235,29.32
1789438706420,197.5848,26.0406,-0.0424,0.4299,0.1315,0.4280,29.31
1789438706420,197.3859,26.0510,0.9121,0.6741,0.9557,-0.7014,29.31
1789438706420,196.6019,26.0247,0.1743,0.0025,-0.1127,0.1533,29.31
1789438706420,194.3108,26.2056,0.7138,0.4604,0.4673,-0.8846,29.32
1789438706421,198.1833,26.0124,0.5076,0.1551,0.0400,0.3975,29.27
1789438706422,194.2785,26.2080,0.6212,0.7046,0.4063,-0.5488,29.32
1789438706432,198.2135,26.0117,0.5493,-0.1196,0.3757,0.3364,29.33
1789438706442,194.0802,26.2188,0.6933,1.0098,0.4673,-0.6099,29.32
1789438706452,198.9088,25.9776,1.0813,-0.4554,0.5894,0.7638,29.31
1789438706527,194.8175,26.1825,0.3970,0.4909,0.1010,-0.5183,29.31
1789438706527,196.8363,26.0819,0.9292,-1.0353,0.3147,0.8859,29.33
1789438706527,193.6609,26.2411,0.3220,0.4909,0.0705,-0.2741,29.33
1789438706527,198.1237,26.0182,0.8069,-0.9438,0.2536,0.6722,29.27
1789438706527,195.2277,26.1633,0.1486,0.4299,0.0094,-0.1825,29.31
1789438706527,198.8988,25.9802,1.2604,-1.2795,0.9557,0.7638,29.32
1789438706531,195.1964,26.1656,0.1421,0.3688,-0.0821,-0.1215,29.32
1789438706532,198.9631,25.9777,0.9096,-0.9132,1.1083,0.8248,29.29
1789438706542,197.1647,26.0678,0.0609,0.4909,0.3147,0.2143,29.33
1789438706552,194.2762,26.2126,0.7395,-1.1880,0.7420,0.6111,29.32
1789438706621,196.4449,26.1045,0.0559,0.1246,-0.1432,-0.1520,29.32
1789438706621,193.7466,26.2399,0.6163,-1.1880,0.7420,0.3975,29.33
1789438706621,196.6281,26.0960,-0.0166,0.5214,0.3452,0.1533,29.33
1789438706621,194.7471,26.1904,0.3072,-0.2112,0.4063,0.6111,29.33
1789438706621,196.2207,26.1171,0.0427,0.0941,-0.0821,0.0006,29.33
1789438706621,195.2355,26.1668,0.2415,-0.4554,-0.0211,0.4280,29.33
1789438706622,195.7725,26.1403,0.0759,0.4299,0.0705,0.3669,29.31
1789438706632,193.0059,26.2790,0.3522,-0.4248,0.5284,0.4585,29.32
1789438706642,196.1917,26.1201,0.0346,0.2467,-0.1737,0.0617,29.34
1789438706720,193.8043,26.2399,0.3560,-0.4554,0.3452,0.2143,29.32
1789438706720,195.8094,26.1400,-0.0854,0.1551,0.1315,-0.0604,29.37
1789438706720,193.7807,26.2419,0.3699,-0.2112,0.2536,0.2448,29.34
1789438706720,195.5598,26.1533,-0.1236,0.4299,0.1010,0.3975,29.33
1789438706720,197.5020,26.0566,0.4775,-0.2722,0.2231,0.1533,29.31
1789438706720,196.2297,26.1207,0.0029,0.1246,-0.2653,0.1227,29.33
1789438706722,198.0692,26.0291,0.5770,-0.3333,0.1010,0.1838,29.32
1789438706722,197.4969,26.0581,-0.0164,0.5214,0.1315,0.4585,29.32
1789438706732,198.3497,26.0159,0.7248,0.0636,0.5284,0.3059,29.33
1789438706742,197.0916,26.0792,-0.0262,0.2467,-0.4790,0.4280,29.32
1789438706819,198.5377,26.0073,1.1866,0.0330,0.5589,-0.4572,29.32
1789438706819,197.3790,26.0655,-0.0105,0.4299,-0.0211,0.6722,29.30
1789438706819,194.8080,26.1945,0.9888,0.1551,0.9557,-0.5488,29.33
1789438706819,196.9063,26.0900,0.1941,0.0941,-0.3874,0.1533,29.32
1789438706819,199.0037,25.9855,1.4420,0.4604,0.7115,-1.2204,29.34
1789438706819,197.4800,26.0619,-0.0266,0.3688,-0.1127,0.5196,29.30
1789438706820,196.9051,26.0910,0.7849,0.3078,0.8947,-0.8541,29.33
1789438706822,196.5666,26.1082,0.0065,0.3688,-0.1432,0.4585,29.32
1789438706832,198.0579,26.0340,0.7733,0.4909,0.7726,-0.7320,29.33
1789438706842,198.9804,25.9882,0.0964,0.1551,-0.0516,0.0617,29.32
1789438706852,194.7837,26.1984,0.6221,0.6741,0.6199,-0.6099,29.32
1789438706923,198.0270,26.0366,0.4489,-0.4554,-0.1127,0.0006,29.32
1789438706923,194.7467,26.2009,0.6436,0.5825,0.3147,-0.7014,29.33
1789438706923,199.2662,25.9752,0.4882,-0.1196,0.4063,0.1227,29.32
1789438706923,194.7771,26.2000,0.4813,0.8877,0.5589,-0.2741,29.32
1789438706923,197.5161,26.0634,0.5114,-0.3333,0.0400,0.4585,29.27
1789438706923,193.9395,26.2426,0.3552,0.4299,0.1621,-0.5183,29.29
1789438706923,197.9851,26.0407,0.5146,-0.5164,0.1010,0.4585,29.31
1789438706932,195.0505,26.1877,0.2698,0.3688,0.0400,-0.3046,29.32
1789438706942,197.9858,26.0414,1.1130,-0.9438,0.3147,0.7943,29.32
1789438706952,195.3340,26.1743,0.1529,0.4299,0.0705,-0.0909,29.30
1789438707021,197.1562,26.0837,0.7815,-0.9743,0.4368,0.7332,29.32
1789438707021,193.6780,26.2579,0.0406,0.0941,-0.1737,-0.2741,29.33
1789438707021,197.9339,26.0456,0.7667,-0.9438,1.1083,0.9164,29.32
1789438707021,195.7581,26.1547,-0.0034,0.6130,0.2536,0.0617,29.33
1789438707021,193.5701,26.2646,0.6260,-0.9438,0.6505,0.6111,29.33
1789438707021,196.1716,26.1349,0.0278,0.0636,-0.0516,-0.0604,29.32
1789438707022,193.7238,26.2578,0.4201,-0.9132,0.4978,0.4585,29.33
1789438707032,196.1989,26.1343,-0.0456,0.3383,0.2842,0.0922,29.33
1789438707042,194.1100,26.2391,0.3129,-0.2722,0.7115,0.8859,29.32
1789438707121,195.2659,26.1817,0.1304,0.2162,-0.3569,-0.0299,29.33
1789438707121,193.6191,26.2645,0.3502,-0.6690,0.3147,0.3975,29.31
1789438707121,196.5695,26.1172,-0.0207,0.5825,0.2842,0.4280,29.32
1789438707121,194.8038,26.2058,0.2920,-0.2722,0.5284,0.6722,29.31
1789438707121,196.9371,26.0995,0.0955,0.1246,-0.3569,-0.0299,29.31
1789438707121,195.2619,26.1835,0.3628,-0.3943,0.1621,0.1533,29.32
1789438707122,197.0491,26.0945,0.0145,0.5214,0.1010,0.3059,29.30
1789438707122,194.0440,26.2450,0.5527,-0.2417,0.3147,0.2448,29.32
1789438707132,196.8740,26.1039,0.0333,0.4909,-0.2958,0.4280,29.33
1789438707142,198.3078,26.0325,0.5342,-0.2722,0.1926,0.0922,29.34
1789438707219,197.9355,26.0515,0.0279,0.2162,-0.1432,0.1533,29.36
1789438707219,198.7266,26.0122,0.5153,-0.0585,0.3147,0.3975,29.33
1789438707219,197.5857,26.0696,-0.0214,0.3078,0.0705,0.1533,29.31
1789438707219,198.8360,26.0075,0.7913,-0.2722,0.3147,-0.0604,29.31
1789438707219,197.2299,26.0880,0.0161,0.2772,-0.2653,0.4280,29.32
1789438707219,198.0601,26.0469,0.8325,-0.0585,0.4368,-0.0604,29.32
1789438707220,196.4768,26.1264,-0.0210,0.3078,-0.0821,0.4890,29.33
1789438707222,198.8396,26.0087,1.1628,0.2162,0.9252,-0.3351,29.33
1789438707232,196.9570,26.1031,-0.0017,0.1857,-0.4484,0.2754,29.31
1789438707242,197.1250,26.0951,0.7159,0.0330,0.6199,-0.7014,29.32
1789438707252,196.6745,26.1180,-0.0089,0.4299,-0.2348,0.6417,29.32
1789438707322,197.7557,26.0643,0.7375,0.5214,1.0778,-0.2741,29.32
1789438707322,197.1221,26.0964,0.0206,0.0025,-0.1737,0.1838,29.32
1789438707322,198.1667,26.0446,0.9452,0.5520,0.6199,-1.1288,29.31
1789438707322,197.6768,26.0695,0.1012,0.1857,0.1315,0.3364,29.33
1789438707322,194.6575,26.2208,0.6837,0.7351,0.6810,-0.3962,29.31
1789438707322,198.2065,26.0438,0.2580,0.3078,0.0705,0.6417,29.29
1789438707322,194.5636,26.2263,0.5418,0.5214,0.3147,-0.6709,29.32
1789438707332,198.2083,26.0445,0.7154,-0.5164,0.0705,0.2448,29.31
1789438707342,194.7422,26.2182,0.4633,0.4299,0.3757,-0.4267,29.32
1789438707457,198.2773,26.0419,0.8431,-0.7911,0.1010,0.3059,29.31
1789438707457,194.3646,26.2379,0.5488,0.8877,0.4368,-0.4267,29.32
1789438707457,199.0030,26.0063,1.3197,-0.9438,0.3757,0.7943,29.32
1789438707457,194.8649,26.2135,0.3131,0.4299,-0.0211,-0.4267,29.32
1789438707457,197.1317,26.1004,1.0412,-1.1574,0.5589,1.0080,29.32
1789438707457,194.0870,26.2530,0.2339,0.7351,0.3757,0.0922,29.32
1789438707457,198.3431,26.0405,0.7593,-0.6690,0.6199,0.9774,29.32
1789438707457,195.3384,26.1910,0.1042,0.2162,-0.0821,-0.1825,29.31
1789438707457,199.0094,26.0079,1.0582,-1.3101,1.4441,0.7332,29.34
1789438707457,196.7572,26.1207,0.1054,0.5214,0.3147,0.1533,29.32
1789438707457,194.2705,26.2454,0.7990,-1.3711,0.9252,0.3059,29.32
1789438707532,197.4570,26.0863,-0.0131,0.1551,0.0094,-0.0299,29.33
1789438707532,194.4248,26.2383,0.5456,-0.9132,0.6810,0.5196,29.32
1789438707532,196.5212,26.1338,0.0340,0.2467,0.3757,0.1227,29.32
1789438707532,194.3346,26.2435,0.4064,-0.7911,0.7115,0.4585,29.33
1789438707532,197.0614,26.1073,-0.0222,0.1857,-0.0516,0.0006,29.32
1789438707532,195.1685,26.2024,0.3629,-0.5164,0.2536,0.3669,29.32
1789438707539,196.6048,26.1309,0.0196,0.5520,0.1621,0.3975,29.31
1789438707539,195.3647,26.1932,0.2803,-0.0585,0.4978,0.6722,29.33
1789438707543,196.2634,26.1486,0.0022,0.0636,-0.1737,0.0617,29.32
1789438707552,193.4048,26.2919,0.3876,-0.5469,0.2536,0.2448,29.31
1789438707622,196.9780,26.1136,0.0471,0.3993,0.0705,0.2448,29.30
1789438707622,193.8721,26.2692,0.2530,-0.2112,0.3147,0.3975,29.30
1789438707622,196.1565,26.1554,-0.1560,0.2467,-0.1127,0.0312,29.32
1789438707622,198.0065,26.0633,0.4982,-0.2417,0.3147,0.2754,29.31
1789438707622,197.5945,26.0843,-0.0531,0.1551,-0.2348,0.0617,29.33
1789438707622,197.5831,26.0853,0.4166,-0.1196,0.2536,0.2448,29.32
1789438707622,196.7030,26.1297,-0.0430,0.3993,0.1010,0.3059,29.32
1789438707632,198.0405,26.0632,0.7788,0.1246,0.6810,0.3059,29.31
1789438707642,197.8820,26.0716,0.0495,0.1551,-0.3263,0.2143,29.31
1789438707652,200.6907,25.9313,0.5845,-0.2722,0.1315,-0.1825,29.34
1789438707720,198.5577,26.0381,-0.0682,0.4909,-0.0821,0.6722,29.32
1789438707720,198.9087,26.0209,1.0880,0.3078,1.0168,-0.3657,29.30
1789438707720,197.5170,26.0907,0.0207,0.0941,-0.4790,0.2448,29.31
1789438707720,198.7194,26.0309,1.0454,-0.0585,0.6505,-0.9151,29.33
1789438707720,196.5604,26.1392,0.0969,0.2467,-0.1737,0.5196,29.32
1789438707720,199.1814,26.0085,1.5576,1.0709,0.9862,-1.6172,29.32
1789438707722,197.3636,26.0997,-0.0173,0.2772,-0.1432,0.4585,29.32
1789438707732,197.2256,26.1069,0.7058,0.3078,0.7115,-1.0372,29.37
1789438707742,196.3019,26.0251,0.0854,0.0636,-0.1127,0.1838,29.33
1789438707752,198.3294,26.1903,0.7244,0.4909,0.4978,-0.6709,29.31
1789438707821,199.1542,26.0114,0.1737,0.3993,0.3452,0.4280,29.35
1789438707821,195.2901,26.2049,0.5775,0.4299,0.3147,-0.6099,29.33
1789438707821,198.2632,26.0566,0.4262,0.0636,0.0400,0.3059,29.31
1789438707821,194.8700,26.2266,0.6394,0.8877,0.6505,-0.3962,29.32
1789438707821,199.6096,25.9899,0.6430,-0.3333,0.0705,0.1838,29.32
1789438707821,194.7773,26.2318,0.4364,0.4299,0.1010,-0.7014,29.33
1789438707823,197.4907,26.0965,0.5190,-0.3943,0.2231,0.5501,29.31
1789438707832,194.2729,26.2577,0.3844,0.4299,0.1315,-0.3351,29.32
1789438707842,198.1331,26.0650,0.5258,-0.2112,0.5589,0.6722,29.43
1789438707919,195.6499,26.1895,0.2155,0.6741,0.2536,0.0922,29.33
1789438707919,197.8967,26.0776,1.2119,-0.9743,0.9862,1.0690,29.32
1789438707919,195.7811,26.1837,0.1426,0.2162,-0.2042,-0.3046,29.31
1789438707919,197.4031,26.1030,0.8614,-1.0353,0.5894,0.6722,29.32
1789438707919,193.4432,26.1667,0.0589,0.4604,0.1926,0.1838,29.32
1789438707919,198.4530,26.0513,0.8299,-1.2185,0.7420,0.6417,29.32
1789438707921,196.1661,26.1659,0.0242,0.4909,0.2536,0.0312,29.31
1789438707922,193.9071,26.2794,0.5625,-0.6996,0.8336,0.7638,29.31
1789438707932,196.3455,26.1578,0.0226,0.2162,-0.1127,0.0617,29.32
1789438707942,193.7009,26.2904,0.4639,-1.0048,0.4978,0.4280,29.31
1789438707952,196.2045,26.1655,-0.0096,0.2772,0.0094,0.0617,29.33
1789438708024,194.1278,26.2697,0.3428,-0.5164,0.3757,0.6417,29.32
1789438708024,195.2101,26.2159,0.0476,0.3383,-0.1737,0.0617,29.31
1789438708024,193.7660,26.2885,0.3822,-0.3027,0.7115,0.6722,29.32
1789438708024,196.7794,26.1381,0.0328,0.3078,-0.0211,0.1533,29.31
1789438708024,194.8894,26.2329,0.2963,-0.5469,0.1315,0.3059,29.32
1789438708024,197.3942,26.1080,0.0708,0.4604,-0.1432,0.4280,29.32
1789438708024,195.2727,26.2144,0.4144,-0.0280,0.4978,0.5501,29.35
1789438708032,197.2267,26.1169,0.0145,0.0025,-0.2042,0.0006,29.31
1789438708042,194.5298,26.2521,0.5784,-0.3333,0.1010,0.1227,29.31
1789438708052,197.1173,26.1230,0.1039,0.5214,-0.1127,0.4890,29.32
1789438708127,198.2422,26.0670,0.4513,0.1551,0.4978,0.5196,29.32
1789438708127,197.9012,26.0844,-0.0265,0.1551,-0.1432,-0.0299,29.32
1789438708127,198.6152,26.0490,0.4870,-0.2722,0.1315,0.1227,29.33
1789438708127,197.3658,26.1118,0.0633,0.3078,-0.1737,0.3364,29.33
1789438708127,198.8612,26.0374,0.6274,-0.0585,0.4063,0.0922,29.32
1789438708127,197.3192,26.1148,-0.0468,0.3078,-0.2042,0.3059,29.31
1789438708127,198.2937,26.0664,0.8459,0.1857,0.6810,0.1533,29.30
1789438708132,197.0094,26.1309,0.0380,0.1246,-0.3569,0.2754,29.32
1789438708142,198.9921,26.0321,1.0625,0.0636,0.5589,-0.4267,29.32
1789438708152,196.6121,26.1514,-0.1191,0.5520,-0.1432,0.7332,29.31
1789438708223,197.3008,26.1174,0.7789,0.3993,0.9252,-0.3351,29.29
1789438708223,196.7686,26.1444,0.0076,0.1246,-0.4790,0.2448,29.28
1789438708223,197.5852,26.1039,0.7406,0.0636,0.5589,-0.4572,29.31
1789438708223,197.1506,26.1260,-0.0439,0.2467,-0.2958,0.4280,29.31
1789438708223,198.1860,26.0747,1.0127,0.7351,0.8641,-1.0372,29.31
1789438708223,197.6913,26.0998,0.0575,0.1551,0.1621,0.4280,29.32
1789438708225,197.8456,26.0925,0.7924,0.3993,0.3452,-0.7930,29.33
1789438708232,198.2180,26.0743,0.1463,0.0025,-0.1432,0.0006,29.33
1789438708242,194.4135,26.2649,0.6418,0.8267,0.5284,-0.5488,29.32
1789438708252,198.6507,26.0533,0.5951,-0.1501,-0.0211,0.2448,29.32
1789438708322,194.5894,26.2567,0.5484,0.4909,0.3147,-0.7320,29.33
1789438708322,198.6407,26.0545,0.7416,-0.3333,0.3757,0.4890,29.32
1789438708322,194.6261,26.2556,0.7282,1.1014,0.4063,-0.4878,29.32
1789438708322,199.3784,26.0182,1.2947,-0.5775,0.5589,1.1301,29.32
1789438708322,195.4888,26.2130,0.3395,0.4604,0.1621,-0.4878,29.33
1789438708322,197.2532,26.1250,0.9769,-0.8522,0.7115,1.2522,29.32
1789438708322,194.3651,26.2697,0.2603,0.4299,-0.0211,-0.3351,29.33
1789438708332,198.4852,26.0640,0.7518,-1.0048,0.3147,0.6722,29.31
1789438708342,195.4111,26.2179,0.1430,0.3993,0.1621,-0.1215,29.32
1789438708419,198.9534,26.0412,1.1417,-1.5848,0.9862,0.5806,29.33
1789438708419,195.9748,26.1903,0.1151,0.2772,-0.0516,-0.1825,29.33
1789438708419,199.3063,26.0241,0.8583,-1.2490,0.8947,0.5501,29.31
1789438708419,197.5582,26.1117,0.0085,0.5825,0.3452,0.2448,29.34
1789438708419,194.8301,26.2484,0.6358,-0.8522,0.9557,0.7638,29.33
1789438708419,196.3250,26.1739,0.0203,0.1551,0.0094,-0.2436,29.32
1789438708421,194.4233,26.2694,0.5039,-1.0964,0.4978,0.3669,29.32
1789438708425,197.0601,26.1377,-0.0304,0.4604,0.4063,0.0922,29.32
1789438708432,195.6187,26.2102,0.2692,-0.2722,0.2536,0.6417,29.32
1789438708442,196.5549,26.1637,0.0556,0.0941,-0.1737,0.0006,29.32
1789438708452,195.8742,26.1980,0.2397,-0.3943,0.1010,0.4890,29.31
1789438708523,196.4968,26.1672,0.0154,0.4299,0.1926,0.4280,29.32
1789438708523,193.6240,26.3112,0.3317,-0.3027,0.5284,0.4890,29.30
1789438708523,196.6792,26.1588,0.0483,0.3078,-0.3263,0.1838,29.32
1789438708523,193.9662,26.2948,0.3178,-0.3943,0.1010,0.3669,29.32
1789438708523,196.2064,26.1832,-0.1089,0.4299,0.0705,0.1533,29.32
1789438708523,194.1163,26.2881,0.3400,-0.3333,0.2231,0.3975,29.33
1789438708523,193.3933,26.3249,-0.0699,0.5214,0.1010,0.3059,29.32
1789438708532,195.9993,26.1951,0.4699,-0.0891,0.2536,0.2754,29.31
1789438708542,196.1823,26.1864,0.0439,0.1551,-0.2653,0.2143,29.31
1789438708552,198.1588,26.0880,0.5154,-0.0280,0.1010,0.3059,29.31
1789438708623,197.7622,26.1082,0.0441,0.3688,0.1315,0.4585,29.31
1789438708623,198.8447,26.0544,0.5988,-0.2112,0.4063,0.0312,29.32
1789438708623,197.9046,26.1016,0.0110,0.1246,-0.4179,0.1838,29.31
1789438708623,198.9680,26.0488,0.9941,-0.0891,0.1621,-0.2130,29.32
1789438708623,198.1850,26.0882,0.0247,0.4604,-0.0516,0.5196,29.32
1789438708623,199.0675,26.0443,0.8363,0.1246,0.6199,-0.1215,29.32
1789438708623,197.2894,26.1335,0.0452,0.1551,-0.3874,0.2754,29.33
1789438708632,199.2908,26.0338,1.4252,0.1857,0.6505,-0.8846,29.33
1789438708642,197.5356,26.1218,0.0308,0.3383,-0.3874,0.5196,29.32
1789438708720,197.3219,26.1328,0.9229,0.1246,0.8336,-1.0067,29.34
1789438708720,196.3512,26.1816,-0.0717,0.2467,-0.0821,0.3975,29.32
1789438708720,198.6097,26.0690,1.0098,0.6130,1.1694,-0.6099,29.32
1789438708720,198.0907,26.0951,-0.0068,0.0025,-0.3263,0.1533,29.32
1789438708720,198.9687,26.0516,0.7276,0.3688,0.5589,-1.0983,29.33
1789438708720,197.8002,26.1102,0.1505,0.3078,0.0400,0.3975,29.32
1789438708721,198.9441,26.2421,0.8478,0.9488,0.7726,-0.5488,29.30
1789438708722,199.7415,26.0137,0.1619,-0.0891,0.1315,-0.0909,29.31
1789438708732,195.3496,26.2336,0.5986,0.5214,0.2536,-0.8541,29.32
1789438708742,197.8092,26.1109,0.3601,-0.2722,-0.0821,0.1533,29.32
1789438708752,194.5623,26.2736,0.6505,0.7046,0.3757,-0.7320,29.33
1789438708824,198.2813,26.0879,0.2413,0.1246,0.0094,0.0312,29.31
1789438708824,195.7242,26.2161,0.3207,0.4299,0.4063,-0.2436,29.34
1789438708824,198.1496,26.0952,0.8852,-0.3027,0.4063,0.7027,29.32
1789438708824,195.6960,26.2182,0.2970,0.2772,0.0705,-0.4267,29.33
1789438708824,197.5430,26.1263,0.5178,-0.0891,0.6505,0.2143,29.32
1789438708824,194.2091,26.2933,0.2442,0.6435,0.4368,-0.0299,29.31
1789438708824,198.4047,26.0840,1.0913,-1.2795,0.3452,0.7332,29.32
1789438708832,194.7626,26.2664,0.1819,0.3078,0.0400,-0.2741,29.30
1789438708842,198.4048,26.0847,0.9443,-1.2795,0.6505,0.7027,29.34
1789438708919,194.5546,26.2775,0.1225,0.1857,0.0400,-0.3351,29.34
1789438708919,198.7069,26.0703,0.9282,-1.5543,1.0473,0.5806,29.32
1789438708919,196.8785,26.1619,0.0237,0.3993,0.2536,0.0922,29.31
1789438708919,194.2933,26.2916,0.5972,-0.7911,1.0778,0.7943,29.31
1789438708919,195.4947,26.2318,0.2645,0.4604,-0.2653,0.0006,29.33
1789438708919,193.8798,26.3129,0.7375,-1.3406,0.8641,0.3364,29.32
1789438708920,196.8401,26.1651,0.0838,0.5214,0.3147,0.3364,29.33
1789438708922,195.0913,26.2528,0.3810,-0.3333,0.6505,0.7638,29.32
1789438708932,197.3100,26.1422,0.1311,0.2467,-0.1432,0.0617,29.33
1789438708942,195.4533,26.2353,0.3317,-0.6690,0.2231,0.3059,29.32
1789438708952,197.6999,26.1232,-0.0013,0.2467,0.0400,0.3364,29.32
1789438709023,194.7243,26.2723,0.3584,-0.4248,0.3757,0.3975,29.31
1789438709023,197.1159,26.1529,0.1679,0.3688,-0.4179,0.0922,29.32
1789438709023,194.8573,26.2661,0.4017,-0.2112,0.6199,0.5806,29.33
1789438709023,197.7542,26.1215,0.0067,0.1551,-0.1127,0.0006,29.32
1789438709023,195.0755,26.2557,0.2980,-0.3943,0.1926,0.1838,29.32
1789438709023,196.8542,26.1670,-0.0469,0.5520,0.1621,0.4585,29.32
1789438709027,194.4778,26.2861,0.3897,0.0941,0.4368,0.6111,29.32
1789438709032,197.0126,26.1596,0.0047,0.1551,-0.2653,0.0617,29.32
1789438709042,198.4775,26.0867,0.4738,-0.2112,0.1315,0.0922,29.34
1789438709121,196.9174,26.1650,0.0290,0.4909,-0.0516,0.4890,29.34
1789438709121,199.2917,26.0466,0.5020,0.0941,0.2536,0.4890,29.32
1789438709121,196.8604,26.1684,-0.0277,0.3383,-0.2958,0.3669,29.32
1789438709121,197.4280,26.1404,0.6494,0.0025,0.1926,0.0922,29.32
1789438709121,196.8337,26.1705,0.0730,0.1857,-0.2958,0.2754,29.31
1789438709121,197.8351,26.1207,0.5410,-0.1806,0.3147,-0.1520,29.30
1789438709122,197.4592,26.1399,-0.0390,0.4299,0.0705,0.5501,29.32
1789438709122,198.1450,26.1061,1.0158,0.2467,1.0168,-0.3046,29.32
1789438709132,197.7576,26.1258,-0.0595,0.1551,-0.2653,0.1227,29.32
1789438709142,198.0300,26.1126,1.0696,0.1857,0.9557,-0.6709,29.32
1789438709221,196.6754,26.1806,-0.0168,0.1857,-0.2958,0.2754,29.36
1789438709221,198.6601,26.0818,1.0166,0.2467,0.8031,-1.0983,29.33
1789438709221,197.8905,26.1205,0.0995,0.2772,0.1926,0.4585,29.41
1789438709221,198.4414,26.0933,0.7263,0.5520,1.0778,-0.5488,29.33
1789438709221,197.4279,26.1443,0.0859,0.0025,-0.1432,0.1838,29.31
1789438709221,198.9358,26.0693,1.0899,0.8572,0.4978,-1.1898,29.31
1789438709221,199.2614,26.0532,0.4315,0.0941,0.0400,0.1838,29.31
1789438709222,195.5289,26.2401,0.8279,0.9183,0.6199,-0.7625,29.36
1789438709232,197.4523,26.1442,0.7793,-0.2722,0.4063,0.9164,29.33
1789438709242,194.2337,26.3054,0.6266,0.7962,0.3147,-0.9456,29.32
1789438709319,199.0350,26.0655,0.5336,-0.0891,0.1926,0.5501,29.31
1789438709319,195.6950,26.2328,0.4381,0.5214,0.3147,-0.3657,29.32
1789438709319,199.0969,26.0630,0.8391,-0.5469,0.1621,0.3669,29.27
1789438709319,196.0483,26.2157,0.3056,0.3688,0.1621,-0.3962,29.33
1789438709319,199.3407,26.0514,1.0074,-0.6996,0.2231,0.6111,29.33
1789438709319,195.6230,26.2375,0.2928,0.3078,-0.0211,-0.3351,29.32
1789438709321,198.4353,26.0971,1.0459,-1.0048,0.4063,0.7332,29.32
1789438709321,194.9293,26.2727,0.2950,0.7656,0.1315,0.0006,29.30
1789438709332,199.7857,26.0301,1.2319,-1.0048,1.1389,1.0995,29.29
1789438709342,195.1058,26.2643,0.1370,0.3383,-0.2042,-0.3046,29.32
1789438709419,198.1050,26.1147,0.4987,-0.8522,0.4368,0.6111,29.34
1789438709419,194.7115,26.2847,0.0802,0.5520,0.3147,0.1227,29.33
1789438709419,198.3597,26.2399,0.3785,-0.6080,0.2536,0.5501,29.32
1789438709419,196.3898,26.2013,0.0329,0.1857,-0.0211,-0.1215,29.33
1789438709419,195.7643,26.2330,0.5484,-1.0659,0.5589,0.4890,29.32
1789438709419,197.6019,26.1413,0.0090,0.5214,0.3757,0.1838,29.32
1789438709421,194.6908,26.2872,0.4131,-0.3027,0.6199,0.7943,29.32
1789438709425,196.5775,26.1932,-0.1132,0.0330,0.0094,-0.2741,29.32
1789438709432,194.1740,26.3138,0.3457,-0.7301,0.3147,0.3364,29.32
1789438709442,196.2052,26.2125,-0.2161,0.4604,0.4673,0.0617,29.31
1789438709452,193.9623,26.3251,0.2770,-0.1501,0.5589,0.6417,29.31
1789438709520,196.2913,26.2089,0.0068,0.1551,-0.1737,-0.0604,29.32
1789438709520,194.0170,26.3230,0.3187,-0.4554,0.1926,0.3669,29.32
1789438709520,196.8916,26.1796,-0.0456,0.5214,0.2231,0.3364,29.34
1789438709520,194.5159,26.2986,0.2700,-0.1806,0.3452,0.4280,29.32
1789438709521,195.6110,26.2442,-0.0184,0.2772,-0.2348,0.0617,29.33
1789438709521,194.1126,26.3194,0.4387,-0.2722,0.0094,0.2448,29.32
1789438709522,197.2065,26.1650,0.0657,0.2162,-0.1737,0.2143,29.33
1789438709532,198.9489,26.0781,0.4121,-0.0280,0.2842,0.4280,29.33
1789438709542,197.1472,26.1685,0.0347,0.4604,0.0094,0.3669,29.32
1789438709552,199.6096,26.0456,0.7719,-0.3638,0.2536,0.0006,29.33
1789438709620,198.0473,26.1239,0.0445,0.2162,-0.3263,0.1227,29.33
1789438709620,197.5923,26.1470,1.0076,-0.0891,0.5894,-0.4572,29.33
1789438709620,197.0100,26.1763,0.0408,0.4604,0.0094,0.6111,29.30
1789438709620,198.5259,26.1008,0.8930,0.2162,0.4978,-0.0299,29.32
1789438709620,198.3350,26.1106,0.0424,0.0636,-0.3263,0.1838,29.32
1789438709620,199.0908,26.0730,0.7884,-0.1806,0.3757,-0.2741,29.32
1789438709621,197.8642,26.1346,-0.0029,0.5214,0.0094,0.6111,29.32
1789438709632,199.1706,26.0696,0.9696,0.2772,0.7115,-0.3046,29.32
1789438709642,197.9957,26.1286,-0.0527,0.2162,-0.2348,0.2143,29.33
1789438709652,198.5091,26.1033,0.9966,0.0941,0.6199,-0.9456,29.33
1789438709720,196.9435,26.1818,0.0783,0.3383,-0.0211,0.5501,29.30
1789438709720,199.5165,26.0535,1.3064,0.6741,0.9862,-1.3119,29.27
1789438709720,197.4229,26.1583,-0.1211,0.1246,-0.0211,0.2143,29.34
1789438709720,197.7735,26.1412,0.4497,0.2772,0.4978,-0.5183,29.31
1789438709720,197.0106,26.1086,0.2001,0.0636,-0.1127,0.1533,29.38
1789438709721,196.1160,26.2247,0.3961,0.3078,0.4368,-0.2741,29.34
1789438709722,197.8380,26.1390,0.2273,0.3993,-0.0516,0.4585,29.32
1789438709732,194.0164,26.3305,0.6699,0.6435,0.3757,-0.9151,29.31
1789438709742,198.4774,26.1077,0.4759,-0.0891,-0.0821,0.1838,29.32
1789438709752,194.9905,26.2824,0.4982,0.7351,0.5589,-0.3351,29.32
1789438709821,198.5109,26.1068,0.7144,-0.3638,0.0400,0.2448,29.31
1789438709821,194.5635,26.3044,0.3548,0.4909,0.1315,-0.5183,29.32
1789438709821,198.9444,26.0857,1.1049,-0.8827,0.1621,0.6722,29.33
1789438709821,195.0047,26.2830,0.3168,0.3993,0.3147,-0.4267,29.34
1789438709821,198.8555,26.0907,0.9577,-0.8217,0.3147,0.9164,29.32
1789438709821,194.6261,26.3025,0.3610,0.6741,0.2536,-0.2436,29.33
1789438709822,199.6635,26.0509,1.4884,-1.3711,1.2915,1.0080,29.32
1789438709832,195.7398,26.2473,0.2269,0.4299,-0.2042,-0.2436,29.31
1789438709842,198.0002,26.1345,0.7792,-0.8522,0.8031,1.0385,29.32
1789438709851,194.5335,26.3081,0.1212,0.5214,0.1926,0.1838,29.33
1789438709920,198.9806,26.0861,0.7161,-1.1880,0.6505,0.5196,29.33
1789438709920,197.8044,26.1451,0.0176,0.0025,0.0400,-0.1520,29.31
1789438709920,194.8313,26.2941,0.7399,-1.1574,0.8947,0.4585,29.30
1789438709920,197.2710,26.1723,0.0443,0.4909,0.3757,0.1533,29.32
1789438709920,194.5330,26.3095,0.5531,-0.6690,0.9862,0.7943,29.32
1789438709920,197.5941,26.1566,-0.0236,0.2467,-0.0821,-0.2130,29.33
1789438709921,194.9934,26.2869,0.4279,-0.7911,0.3757,0.3059,29.31
1789438709932,196.8122,26.1962,0.0418,0.5214,0.2536,0.3059,29.30
1789438709942,194.4851,26.3129,0.3734,-0.3943,0.8641,0.6111,29.31
1789438710019,197.4063,26.1671,-0.0320,0.0330,0.0705,-0.1215,29.32
1789438710019,195.4431,26.2655,0.3509,-0.5775,0.1926,0.2448,29.33
1789438710019,197.0277,26.1866,-0.0019,0.3383,-0.0211,0.2143,29.33
1789438710019,195.6760,26.2545,0.2144,-0.2722,0.2231,0.3364,29.30
1789438710019,196.8228,26.1974,-0.0199,0.3383,-0.1432,0.0312,29.32
1789438710019,193.7905,26.3493,0.4133,-0.1196,0.3757,0.4585,29.34
1789438710021,197.1782,26.1802,0.1031,0.1551,-0.2653,0.1227,29.33
1789438710025,194.4591,26.3165,0.3049,-0.2722,0.1010,0.2143,29.30
1789438710032,196.4592,26.2169,-0.1448,0.3688,0.3147,0.3364,29.32
1789438710042,198.3844,26.1210,0.5036,0.0025,0.4978,0.4280,29.30
1789438710052,197.8958,26.1458,-0.1176,0.0941,-0.1737,-0.0299,29.32
1789438710121,197.9369,26.1441,0.4839,-0.2417,0.2536,0.0006,29.32
1789438710121,197.0915,26.1867,0.0760,0.4604,-0.1432,0.5196,29.35
1789438710121,198.4234,26.1205,0.6457,0.1551,0.5589,0.3364,29.34
1789438710121,198.1627,26.1338,-0.0016,0.2162,-0.3569,0.2143,29.31
1789438710121,198.9182,26.0963,0.8598,-0.2417,0.3452,-0.1215,29.32
1789438710121,197.6666,26.1592,0.0150,0.3993,-0.1127,0.5196,29.32
1789438710122,199.0550,26.0901,1.2913,0.0330,0.8641,-0.4878,29.33
1789438710132,197.9453,26.1458,-0.0722,0.1551,-0.2042,0.3669,29.33
1789438710143,199.0981,26.0884,0.8228,0.1246,0.6505,-0.1520,29.32
1789438710218,197.2333,26.1819,0.2822,0.1857,-0.3569,0.3364,29.32
1789438710218,199.8831,26.0498,1.6058,0.5520,0.8031,-1.3730,29.32
1789438710218,197.9301,26.1476,-0.0360,0.4299,-0.0211,0.5806,29.33
1789438710218,197.5358,26.1676,0.8274,0.5520,1.1083,-0.7320,29.33
1789438710219,196.7408,26.2076,-0.0254,0.0636,-0.0821,0.2448,29.32
1789438710219,198.7603,26.1069,0.5772,0.2162,0.5589,-0.7930,29.29
1789438710220,198.1681,26.1367,0.1041,0.2162,0.0094,0.2754,29.32
1789438710224,199.0691,26.2628,0.6696,0.7046,0.8641,-0.5488,29.32
1789438710232,198.6555,26.1128,0.3106,0.1857,0.2536,0.3669,29.32
1789438710242,195.3769,26.2771,0.7239,0.6130,0.3452,-0.8235,29.33
1789438710252,194.6866,26.3119,0.6324,-0.2417,-0.0516,0.3669,29.32
1789438710324,193.3618,26.3787,0.8249,1.2235,0.6199,-0.7320,29.32
1789438710324,197.5238,26.1711,0.6180,-0.4554,0.1621,0.2448,29.32
1789438710324,194.9180,26.3017,0.4871,0.5214,0.2231,-0.7930,29.32
1789438710324,198.4711,26.1242,0.2755,0.0636,0.2536,0.1838,29.32
1789438710324,196.0190,26.2471,0.3500,0.6435,0.4673,-0.0299,29.33
1789438710324,198.9702,26.0999,0.8447,-0.3333,0.4368,0.7943,29.32
1789438710325,196.3304,26.2321,0.2354,0.2772,0.0094,-0.2741,29.31
1789438710332,198.0663,26.1457,0.7841,-0.7911,0.1315,0.5806,29.31
1789438710342,194.3418,26.3323,0.1805,0.1857,0.1315,-0.2436,29.33
1789438710352,198.6169,26.1189,0.7918,-0.7911,0.1621,0.5806,29.33
1789438710426,194.7243,26.3138,0.1576,0.6435,0.2842,-0.0299,29.33
1789438710426,198.6531,26.1178,0.8827,-1.1574,0.8641,0.8859,29.34
1789438710426,194.6851,26.2302,0.0862,0.2772,-0.0821,-0.2741,29.33
1789438710426,198.7933,26.1115,0.9160,-1.0964,1.4136,0.9164,29.32
1789438710426,196.8427,26.2092,-0.0004,0.1551,0.0705,-0.0909,29.32
1789438710426,194.4710,26.3282,0.5548,-1.0659,0.6199,0.4585,29.32
1789438710430,195.8984,26.2570,0.2097,0.2772,-0.2653,0.0312,29.31
1789438710432,194.2247,26.3411,0.6663,-1.1574,0.8947,0.3975,29.32
1789438710442,197.2809,26.1884,0.0582,0.4299,0.1926,0.1838,29.32
1789438710521,195.2460,26.2904,0.3683,-0.3638,0.6199,0.7027,29.31
1789438710521,197.5346,26.1763,0.1032,0.1246,-0.1432,0.0006,29.31
1789438710521,195.9338,26.2566,0.3369,-0.5775,0.1315,0.3975,29.32
1789438710521,197.6059,26.1732,0.0484,0.4299,0.1621,0.3975,29.32
1789438710521,194.8904,26.3093,0.4023,-0.3027,0.5284,0.5501,29.32
1789438710521,197.6104,26.1735,0.1363,0.1857,-0.4179,0.1227,29.34
1789438710522,194.7089,26.3188,0.3638,-0.4248,0.3757,0.2143,29.32
1789438710522,197.6863,26.1702,0.0202,0.3078,0.1315,0.1533,29.32
1789438710532,194.8445,26.3125,0.3052,-0.3027,0.4063,0.4585,29.32
1789438710542,196.6498,26.2225,-0.0791,0.2772,-0.2958,0.0922,29.32
1789438710619,194.7558,26.3175,0.4212,-0.2722,0.2231,0.2754,29.31
1789438710619,197.1549,26.1977,-0.0441,0.0636,-0.1127,0.0312,29.31
1789438710619,198.7656,26.1175,0.4461,-0.1806,0.1315,0.2754,29.32
1789438710619,197.5165,26.1802,-0.0136,0.4299,0.1010,0.4280,29.33
1789438710619,199.3867,26.0870,0.5120,-0.0585,0.4978,0.3975,29.32
1789438710619,197.2267,26.1952,0.0389,0.2467,-0.2958,0.0922,29.31
1789438710621,197.6643,26.1737,0.5333,-0.2722,0.2231,-0.1215,29.34
1789438710625,196.9561,26.2095,0.0352,0.5520,0.0094,0.5501,29.34
1789438710631,198.0554,26.1548,0.5738,0.0636,0.6199,0.3059,29.32
1789438710642,197.9568,26.1602,-0.0189,0.1246,-0.3874,0.1838,29.32
1789438710652,198.6104,26.1279,1.0747,0.0330,0.4063,-0.4572,29.32
1789438710721,198.0767,26.1548,-0.0266,0.3078,-0.2653,0.3975,29.32
1789438710721,198.0521,26.1564,0.8116,-0.0891,0.5894,-0.5488,29.36
1789438710721,197.0716,26.2058,-0.0149,0.1857,-0.1432,0.3975,29.32
1789438710721,198.8613,26.1166,1.0948,0.4909,1.1694,-0.6709,29.32
1789438710721,198.5696,26.1314,0.0651,0.0025,-0.2958,0.2754,29.35
1789438710721,199.1197,26.1042,0.8955,0.1857,0.6810,-0.9762,29.32
1789438710722,197.7738,26.1717,0.0436,0.3078,-0.1432,0.4585,29.32
1789438710732,199.1159,26.1049,1.1225,0.9793,0.7420,-1.2204,29.32
1789438710742,198.3351,26.0699,0.0304,-0.0280,0.0705,0.1533,29.32
1789438710752,195.7713,26.2727,0.6660,0.3383,0.3452,-0.7930,29.33
1789438710827,197.5312,26.1849,0.7232,-0.6080,-0.1127,0.4890,29.32
1789438710827,194.5074,26.3364,0.9281,1.3456,0.6810,-0.8846,29.33
1789438710827,199.2374,26.1001,0.5268,-0.3027,0.0705,0.2143,29.30
1789438710827,195.7962,26.2724,0.4815,0.3688,0.1926,-0.7320,29.32
1789438710827,199.8588,26.0695,0.6724,0.0636,0.4063,0.4585,29.34
1789438710827,196.5781,26.2338,0.3829,0.7046,0.4978,-0.2130,29.32
1789438710827,199.6153,26.0821,0.7801,-0.2112,0.5284,0.4890,29.31
1789438710832,195.6547,26.2804,0.2821,0.2467,0.1926,-0.4572,29.32
1789438710841,198.6676,26.1299,1.0408,-0.6080,0.2536,0.6417,29.31
1789438710852,195.3248,26.2973,0.3648,0.7656,0.4368,-0.1520,29.32
1789438710922,199.7352,26.0771,1.1727,-1.1574,0.4063,0.7943,29.31
1789438710922,195.1903,26.3046,0.1878,0.2162,0.0705,-0.2741,29.32
1789438710922,198.1484,26.1570,0.5840,-0.9132,0.2536,0.7332,29.31
1789438710922,194.7169,26.3288,0.1592,0.6435,0.3147,0.0922,29.34
1789438710922,198.5992,26.1350,0.4016,-0.3638,0.4063,0.8553,29.31
1789438710922,195.9948,26.2654,0.0645,0.2467,-0.0821,-0.1215,29.32
1789438710924,198.4676,26.1422,0.8761,-1.0659,1.2304,0.8248,29.32
1789438710932,197.2619,26.2027,0.0813,0.1551,0.0094,-0.0909,29.33
1789438710942,194.5167,26.3404,0.5288,-1.0048,0.4673,0.4280,29.31
1789438710952,196.4915,26.2419,0.0010,0.3993,-0.0516,-0.0909,29.31
1789438711021,194.6338,26.3352,0.4403,-0.6996,0.3452,0.5806,29.33
1789438711022,196.6670,26.2338,-0.0782,0.3993,0.4063,0.0312,29.34
1789438711022,194.3074,26.3522,0.4106,-0.4554,0.6505,0.5806,29.32
1789438711022,196.8580,26.2250,0.0386,0.0330,-0.1127,-0.0604,29.32
1789438711022,194.3819,26.3491,0.3215,-0.6080,0.2231,0.3975,29.32
1789438711022,197.0789,26.2145,-0.0016,0.4604,0.1315,0.3059,29.33
1789438711023,194.5651,26.3405,0.2788,-0.2112,0.3147,0.5806,29.32
1789438711032,195.9490,26.2716,0.0470,0.1857,-0.2348,0.1533,29.33
1789438711042,194.2857,26.3550,0.3866,-0.1806,0.4063,0.6111,29.31
1789438711121,197.3632,26.2014,-0.0738,0.1857,0.1926,-0.0604,29.32
1789438711121,195.5076,26.2944,0.3194,-0.2417,0.1621,0.3059,29.32
1789438711121,197.7108,26.1845,0.0719,0.4604,-0.2042,0.3364,29.30
1789438711121,195.7256,26.2840,0.4784,0.0025,0.5589,0.3975,29.29
1789438711121,197.9057,26.1753,-0.0326,0.0941,-0.2042,-0.0604,29.33
1789438711121,197.7419,26.1838,0.6683,-0.1501,0.1926,0.1533,29.31
1789438711122,197.1048,26.2158,0.1098,0.6130,-0.0821,0.5501,29.31
1789438711122,196.0948,26.2667,0.7480,0.0941,0.6199,0.4585,29.32
1789438711131,199.5295,26.0951,-0.0289,0.1857,-0.2653,0.1227,29.32
1789438711142,199.9110,26.0761,0.5408,-0.2722,0.2231,0.0312,29.31
1789438711221,198.1228,26.1657,0.0436,0.3993,-0.1127,0.3975,29.32
1789438711221,199.5483,26.0947,0.7033,0.0636,0.3147,0.1838,29.34
1789438711221,198.2782,26.1584,-0.0692,0.2467,-0.4484,0.3059,29.32
1789438711221,198.8493,26.1301,1.0265,0.2162,0.9557,-0.0604,29.31
1789438711221,197.4195,26.2019,0.0219,0.2162,-0.4179,0.3364,29.31
1789438711221,199.5468,26.0958,1.1823,-0.0891,0.7420,-0.7625,29.33
1789438711222,197.5419,26.1963,-0.0218,0.4299,-0.1737,0.6722,29.31
1789438711222,197.8324,26.1820,0.7565,0.3078,0.7726,-0.3962,29.30
1789438711232,197.0477,26.2216,-0.0120,0.0941,-0.3569,0.1838,29.32
1789438711242,198.3389,26.1573,0.7268,0.0636,0.4368,-0.5793,29.33
1789438711251,197.9702,26.1762,-0.0057,0.0330,-0.2348,0.3059,29.32
1789438711323,198.8668,26.1317,1.0421,0.6130,0.7115,-1.2204,29.33
1789438711323,198.3049,26.1600,-0.0226,0.4299,0.2842,0.4890,29.32
1789438711323,198.1565,26.1677,0.7440,0.7351,0.9557,-0.4572,29.32
1789438711323,198.8849,26.1316,0.1918,0.0636,-0.1432,0.1533,29.33
1789438711323,195.1535,26.3185,0.6275,0.5214,0.4673,-0.7930,29.34
1789438711323,199.0101,26.1259,0.5173,0.0025,-0.0211,0.2754,29.32
1789438711323,195.1507,26.3191,0.6084,0.4299,0.1926,-0.7014,29.32
1789438711332,199.1344,26.1201,0.5689,0.0025,0.4368,0.4585,29.30
1789438711342,195.0110,26.3266,0.6917,0.8877,0.4978,-0.6709,29.32
1789438711352,199.8589,26.0845,1.0259,-0.2417,0.4673,0.8248,29.32
1789438711423,195.7751,26.2889,0.4255,0.3688,0.1315,-0.6404,29.33
1789438711423,197.9877,26.1785,1.0717,-0.8827,0.5894,1.0995,29.31
1789438711423,194.7286,26.3418,0.3071,0.6435,0.3452,-0.1520,29.33
1789438711423,199.2914,26.1138,0.8298,-0.8522,0.1926,0.6111,29.32
1789438711423,195.8230,26.2875,0.2330,0.2772,0.0094,-0.2741,29.33
1789438711423,199.6637,26.0958,1.2266,-1.2795,0.5589,0.6722,29.31
1789438711425,196.3391,26.2622,0.1934,0.4909,0.2842,0.0922,29.34
1789438711432,199.6619,26.0963,0.9563,-0.8522,0.9557,0.8553,29.33
1789438711442,195.9035,26.2844,0.1113,0.1857,-0.1737,-0.1215,29.30
1789438711562,198.7823,26.1407,1.0319,-1.1269,1.3220,0.9164,29.33
1789438711562,197.2520,26.2174,0.0977,0.5825,0.2536,0.0922,29.33
1789438711562,199.7611,26.0922,0.7579,-1.3101,0.7726,0.4890,29.32
1789438711562,197.5431,26.2033,0.0128,0.0025,0.1621,-0.1215,29.33
1789438711562,195.7385,26.2938,0.3657,-0.7606,0.2842,0.3975,29.32
1789438711563,197.1771,26.2222,0.0156,0.5520,0.2536,0.3059,29.32
1789438711563,195.7536,26.2936,0.2697,-0.4554,0.4673,0.6111,29.32
1789438711563,196.9009,26.2365,-0.0280,0.1857,-0.0821,0.0312,29.32
1789438711563,194.0798,26.3779,0.4346,-0.7606,0.3452,0.2754,29.31
1789438711563,197.3329,26.2155,0.1624,0.3078,0.0400,0.0922,29.31
1789438711563,194.9014,26.3373,0.2777,-0.4859,0.2231,0.3669,29.32
1789438711563,196.7577,26.2448,-0.0750,0.2772,0.1010,0.0312,29.32
1789438711635,194.6623,26.3499,0.3125,-0.1806,0.3452,0.7027,29.33
1789438711635,196.5438,26.2561,-0.0559,0.1551,-0.1737,0.1533,29.33
1789438711635,194.0894,26.3792,0.3004,-0.5164,0.1315,0.2448,29.32
1789438711635,196.9462,26.2366,0.0434,0.4604,0.2842,0.3669,29.32
1789438711635,194.2422,26.3721,0.3424,0.0330,0.4368,0.4585,29.33
1789438711635,196.9462,26.2371,-0.0788,0.1857,-0.1127,0.0617,29.33
1789438711642,194.9994,26.3347,0.3929,-0.1806,0.0400,0.3364,29.32
1789438711642,198.2568,26.1720,-0.0025,0.6741,-0.1127,0.4280,29.30
1789438711652,199.3572,26.1173,0.4804,0.0330,0.3757,0.4585,29.32
1789438711725,198.1770,26.1766,-0.0170,0.4299,0.1621,0.3669,29.31
1789438711725,199.1381,26.1288,0.6121,0.1246,0.3757,0.3059,29.32
1789438711725,197.4372,26.2141,0.1617,0.1857,-0.4790,0.2143,29.32
1789438711725,199.7411,26.0992,0.8518,-0.2112,0.2231,-0.0299,29.33
1789438711725,198.3157,26.1706,0.0148,0.4299,-0.0211,0.5501,29.34
1789438711725,197.9102,26.1912,1.0833,0.3078,1.1694,-0.4267,29.31
1789438711726,197.4688,26.2135,0.0077,0.1246,-0.4484,0.2754,29.32
1789438711732,198.7493,26.1497,0.8973,-0.0280,0.6199,-0.4267,29.34
1789438711742,198.3794,26.1684,0.0396,0.2772,-0.2958,0.5196,29.33
1789438711752,199.5392,26.1107,0.9178,-0.0585,0.5589,-0.6709,29.31
1789438711823,198.3832,26.1686,-0.0070,0.1551,-0.3263,0.1838,29.32
1789438711823,199.5947,26.1083,0.8731,0.3688,0.8336,-0.1520,29.32
1789438711823,198.1466,26.1809,-0.0475,0.2467,-0.2958,0.3364,29.32
1789438711823,198.9391,26.1415,0.9724,0.2162,0.6810,-0.8846,29.30
1789438711823,197.7206,26.2027,-0.0473,0.3688,-0.0211,0.5806,29.33
1789438711823,199.8245,26.0979,1.3149,1.1625,1.0473,-1.0983,29.33
1789438711823,197.4404,26.2172,-0.0618,0.0636,-0.2348,0.1838,29.32
1789438711832,198.1683,26.1811,0.6183,0.1551,0.5284,-0.6709,29.30
1789438711842,198.8049,26.1496,0.2753,0.0636,0.0094,0.1838,29.24
1789438711921,196.2437,26.2780,0.4064,0.2467,0.4978,-0.2436,29.31
1789438711921,198.3057,26.1752,0.2834,0.0025,0.2842,0.4890,29.30
1789438711921,194.5858,26.3615,0.6074,0.4909,0.2842,-0.8235,29.31
1789438711921,198.8799,26.1470,0.3837,0.2772,0.0400,0.4280,29.32
1789438711921,195.3940,26.3216,0.4533,0.6130,0.4978,-0.2436,29.33
1789438711921,199.0211,26.1406,0.8395,-0.6996,0.3147,0.3669,29.31
1789438711922,195.4588,26.3190,0.3903,0.4299,0.0705,-0.5488,29.34
1789438711922,199.2375,26.1303,1.0605,-0.7911,0.1926,0.6417,29.32
1789438711932,195.4825,26.3183,0.3190,0.6435,0.4063,-0.0909,29.32
1789438711942,199.0796,26.1386,0.9621,-0.8522,0.3452,0.6722,29.32
1789438711952,195.2904,26.3284,0.4164,0.6130,-0.1432,-0.4267,29.35
1789438712022,200.2132,26.0825,1.5463,-1.4322,1.1999,1.0080,29.33
1789438712022,195.4830,26.3192,0.2459,0.4604,-0.0516,-0.2741,29.33
1789438712022,197.8705,26.2001,0.9214,-1.0659,1.0473,1.0385,29.33
1789438712022,197.6924,26.2093,0.1356,0.3078,-0.0516,-0.1520,29.33
1789438712022,200.5973,26.0641,0.6004,-0.8522,0.2536,0.5196,29.32
1789438712022,198.8417,26.1519,0.0472,0.1246,-0.0516,0.0006,29.32
1789438712023,199.7926,26.1047,0.8715,-1.4322,0.8641,0.6111,29.29
1789438712031,197.5484,26.2171,0.1235,0.2467,-0.0516,0.0617,29.31
1789438712042,195.1714,26.3362,0.5713,-0.8217,0.7420,0.5196,29.31
1789438712051,197.9151,26.1991,-0.0242,0.2162,0.2842,-0.0299,29.32
1789438712126,194.9661,26.3468,0.4903,-0.9743,0.4978,0.5806,29.31
1789438712126,197.2494,26.2329,0.0364,0.3078,0.0705,-0.0299,29.32
1789438712126,194.7074,26.3603,0.4230,-0.8522,0.4978,0.3059,29.33
1789438712126,197.7007,26.2108,0.0126,0.4299,0.3452,0.1227,29.32
1789438712126,195.8196,26.3051,0.2817,-0.2417,0.2842,0.6722,29.32
1789438712126,197.2187,26.2354,0.0199,0.1857,-0.0516,0.1533,29.32
1789438712130,196.2930,26.2820,0.2623,-0.4554,0.2536,0.2448,29.31
1789438712131,196.7569,26.2590,0.0218,0.2162,-0.1127,0.0922,29.31
1789438712142,194.0002,26.3972,0.2991,-0.4859,0.2842,0.2754,29.32
1789438712151,197.4655,26.2242,0.1198,0.6435,-0.0821,0.3059,29.32
1789438712222,194.8536,26.3550,0.3101,-0.1196,0.5284,0.5501,29.35
1789438712222,196.6837,26.2639,-0.0896,0.0330,-0.0821,-0.0299,29.33
1789438712222,194.8816,26.3543,0.4408,-0.3333,0.0705,0.2754,29.32
1789438712222,196.7873,26.2592,-0.0606,0.4909,0.0400,0.2448,29.34
1789438712222,198.1373,26.1920,0.3675,-0.0585,0.4368,0.4585,29.32
1789438712222,197.1938,26.2395,0.0149,0.4909,-0.1432,0.3364,29.32
1789438712224,198.9620,26.1513,0.4504,-0.3333,0.1010,0.0312,29.31
1789438712231,198.5302,26.1731,0.0435,0.1246,-0.3263,0.0922,29.30
1789438712242,199.1109,26.1444,0.6634,-0.2112,0.2536,0.0006,29.32
1789438712320,197.7763,26.2113,0.0406,0.4604,0.0094,0.5196,29.31
1789438712320,199.3771,26.1316,1.0241,0.1551,0.7420,0.1838,29.32
1789438712320,198.6550,26.1679,0.0072,0.2772,-0.3263,0.2754,29.32
1789438712320,199.5292,26.1244,0.9238,-0.0585,0.3757,-0.3657,29.32
1789438712320,197.6051,26.2209,0.1692,0.2467,-0.3569,0.4280,29.31
1789438712320,200.3020,26.0864,1.5043,0.0636,0.8336,-0.8235,29.31
1789438712320,198.6015,26.1715,-0.0899,0.5214,-0.2042,0.6417,29.32
1789438712325,197.8761,26.2081,1.0855,0.2162,1.1389,-0.7625,29.34
1789438712332,197.0300,26.2506,-0.0280,0.1857,-0.3569,0.3364,29.32
1789438712341,198.9142,26.1566,0.8447,0.1551,0.5589,-0.7930,29.35
1789438712351,198.4694,26.1790,-0.0100,0.3688,0.0094,0.6111,29.34
1789438712425,199.5636,26.1245,0.7936,0.4909,0.8947,-0.7930,29.32
1789438712425,198.0977,26.1980,0.0063,0.2162,-0.1737,0.4585,29.32
1789438712425,199.5403,26.1261,0.6843,0.1857,0.5284,-0.8235,29.32
1789438712425,198.2754,26.1025,0.1868,-0.0585,-0.2348,0.0922,29.31
1789438712425,195.3339,26.3369,0.8811,0.9183,0.4978,-1.0372,29.32
1789438712425,198.5513,26.1762,0.1735,0.1857,0.0400,0.3669,29.29
1789438712425,195.1850,26.3448,0.7777,0.7656,0.3757,-0.8846,29.32
1789438712431,198.8638,26.1610,0.1254,0.0330,0.1926,0.0312,29.31
1789438712442,196.2391,26.2925,0.3327,0.2162,0.3757,-0.4267,29.33
1789438712452,198.8044,26.1646,0.7694,-0.5164,0.0705,0.2754,29.32
1789438712520,196.6689,26.2716,0.3844,0.1551,0.1010,-0.3351,29.32
1789438712520,198.2395,26.1934,0.5826,-0.4554,0.1010,0.3975,29.32
1789438712520,194.3772,26.3869,0.3698,0.8267,0.4978,-0.1520,29.32
1789438712520,199.1401,26.1490,0.8558,-0.5469,0.1621,0.7943,29.32
1789438712520,195.5240,26.3300,0.3228,0.3688,-0.0211,-0.4572,29.30
1789438712520,199.1444,26.1493,0.9479,-0.5164,0.6199,1.0995,29.33
1789438712526,195.4132,26.3361,0.2470,0.6741,0.3757,0.0006,29.32
1789438712532,199.1200,26.1511,1.1504,-1.1880,1.0168,0.8859,29.32
1789438712542,195.2069,26.3469,0.1387,0.3383,-0.2653,-0.1520,29.33
1789438712552,199.1629,26.1494,0.8946,-1.1880,0.6810,0.6722,29.27
1789438712624,194.9249,26.3615,0.2500,0.4604,-0.2348,-0.3046,29.30
1789438712624,200.1641,26.0999,1.2025,-1.8290,1.1999,0.5806,29.34
1789438712624,197.5347,26.2315,0.0885,0.2772,0.1010,-0.0909,29.33
1789438712624,195.5957,26.3287,0.5613,-1.0353,0.7115,0.5806,29.32
1789438712624,197.8866,26.2144,0.0665,0.3993,0.1926,0.0922,29.36
1789438712624,195.8977,26.3141,0.4195,-0.5775,0.7420,0.6722,29.33
1789438712624,197.8418,26.2171,0.0383,0.0941,-0.0516,-0.1215,29.33
1789438712632,195.1920,26.3499,0.5187,-0.9743,0.4063,0.4280,29.32
1789438712642,197.6509,26.2272,0.1998,0.4299,0.2231,0.2448,29.32
1789438712652,194.9725,26.3613,0.3708,-0.5469,0.4978,0.5806,29.31
1789438712721,198.2700,26.1966,-0.0308,0.0025,0.1010,-0.1520,29.31
1789438712721,195.1457,26.3530,0.3758,-0.5775,0.6810,0.4585,29.30
1789438712721,197.3429,26.2433,0.0295,0.3078,-0.1432,0.2143,29.32
1789438712721,195.0809,26.3567,0.2589,-0.5469,0.1315,0.3669,29.33
1789438712721,197.5249,26.2346,-0.0746,0.4604,0.1010,0.3059,29.34
1789438712721,196.0490,26.3086,0.3435,-0.0585,0.5589,0.6417,29.32
1789438712723,197.2598,26.2483,0.0674,0.0636,-0.2653,0.0617,29.30
1789438712732,196.2357,26.2998,0.3275,-0.2722,0.1315,0.3975,29.32
1789438712742,197.2674,26.2484,0.0473,0.4909,-0.1432,0.3364,29.32
1789438712752,194.2690,26.3986,0.3203,-0.0585,0.4673,0.4890,29.31
1789438712820,197.4305,26.2408,0.0470,0.3078,-0.3874,0.2143,29.32
1789438712820,198.4430,26.1904,0.4112,-0.2417,0.3757,0.3364,29.31
1789438712820,197.9373,26.2160,-0.0443,0.1246,-0.0821,0.1227,29.32
1789438712820,198.8379,26.1713,0.5301,-0.1501,0.1010,0.2143,29.32
1789438712820,198.5928,26.1838,-0.0740,0.3688,0.0705,0.2448,29.34
1789438712820,198.4950,26.1889,0.5218,0.0941,0.5284,0.2754,29.32
1789438712822,197.3038,26.2488,0.0369,0.1551,-0.2958,0.2143,29.35
1789438712832,199.0265,26.1629,0.8209,-0.1501,0.2842,-0.1825,29.33
1789438712842,198.4715,26.1909,0.0940,0.2772,-0.2653,0.2754,29.31
1789438712852,199.4217,26.1436,0.7824,-0.2112,0.3147,-0.2741,29.33
1789438712921,195.0994,26.3601,0.0098,0.5214,-0.1432,0.7027,29.32
1789438712921,198.2852,26.2014,1.6711,0.3688,1.2304,-0.6404,29.31
1789438712921,198.0058,26.2157,0.0872,0.0941,-0.3874,0.2754,29.31
1789438712921,199.8773,26.1223,1.0356,0.0025,0.5589,-0.7320,29.33
1789438712921,197.8141,26.2257,0.2198,0.3383,-0.1127,0.5196,29.31
1789438712921,200.5524,26.0892,1.5324,0.7046,0.9252,-1.3119,29.32
1789438712923,198.8225,26.1758,-0.0816,0.2467,-0.2042,0.3975,29.32
1789438712932,198.2230,26.2060,0.8799,0.3993,0.8336,-0.7014,29.32
1789438712942,197.4262,26.2460,0.0640,-0.0280,-0.2653,0.3059,29.32
1789438712952,199.1529,26.1599,0.7328,0.0941,0.6810,-0.8846,29.32
1789438713021,198.6628,26.1846,0.0254,0.5520,0.2231,0.4280,29.30
1789438713021,199.6752,26.1342,0.7089,0.7351,0.9252,-0.6099,29.32
1789438713021,199.1636,26.1599,0.1296,-0.0585,0.0094,0.0922,29.32
1789438713021,195.6574,26.3355,0.8158,0.5520,0.3147,-1.0067,29.32
1789438713021,200.2755,26.1047,0.3145,0.0025,-0.0516,0.1533,29.30
1789438713021,195.8655,26.3255,0.7042,0.9488,0.6810,-0.6099,29.31
1789438713023,198.4958,26.1941,0.3234,0.1246,0.1621,0.5196,29.29
1789438713031,194.8941,26.3746,0.6098,0.7351,0.2842,-0.9151,29.32
1789438713042,199.1750,26.1607,0.2071,0.2162,0.4673,0.1227,29.32
1789438713052,196.4992,26.2947,0.3913,0.5520,0.6505,-0.0604,29.32
1789438713121,199.1626,26.1619,0.8521,-0.2722,0.4673,0.6417,29.32
1789438713121,196.7432,26.2831,0.3003,0.1857,0.1315,-0.4572,29.33
1789438713121,198.2804,26.2065,0.7368,-0.6080,0.1621,0.5501,29.31
1789438713121,194.3804,26.4018,0.2789,0.7046,0.4978,0.0922,29.30
1789438713121,199.0684,26.1677,0.8639,-1.0048,0.1926,0.6722,29.31
1789438713121,195.8508,26.3288,0.2310,0.2772,-0.0211,-0.4267,29.30
1789438713122,199.0455,26.1694,1.0101,-1.2185,0.5284,0.9164,29.29
1789438713131,195.3634,26.3537,0.1652,0.5520,0.2231,0.0617,29.32
1789438713142,199.1191,26.1662,1.1085,-1.2795,1.2304,1.0385,29.32
1789438713220,195.6463,26.3400,0.0484,0.2162,-0.0516,-0.1215,29.33
1789438713220,199.1637,26.1644,0.7781,-0.9438,1.2610,0.8248,29.31
1789438713220,196.0934,26.3181,0.3534,0.4909,-0.1737,-0.3351,29.33
1789438713220,194.7072,26.3877,0.9635,-1.6764,1.1389,0.3975,29.33
1789438713220,197.7088,26.2378,0.0437,0.2162,-0.0211,-0.0299,29.34
1789438713220,195.6824,26.3393,0.4460,-0.9132,0.3452,0.3975,29.32
1789438713222,197.9336,26.2270,0.0366,0.5825,0.3147,0.0922,29.32
1789438713222,195.7731,26.3353,0.3966,-0.5469,0.6505,0.6722,29.32
1789438713232,198.0511,26.2216,0.0055,0.0636,0.0094,0.0617,29.33
1789438713242,195.2165,26.3637,0.4716,-0.7301,0.4368,0.3364,29.32
1789438713319,198.0851,26.2204,0.1888,0.5214,-0.0821,0.2754,29.32
1789438713319,195.2865,26.3605,0.2393,-0.4859,0.0705,0.4280,29.31
1789438713319,198.1505,26.2175,-0.0191,0.2467,-0.2042,0.0006,29.30
1789438713319,195.0641,26.3720,0.3314,-0.1806,0.7420,0.6722,29.32
1789438713319,197.2911,26.2609,0.0092,0.1551,-0.0821,0.0617,29.32
1789438713319,195.2350,26.3639,0.2738,-0.4859,0.1621,0.2448,29.32
1789438713320,197.7902,26.2363,-0.0035,0.5214,0.0094,0.4585,29.32
1789438713325,195.9647,26.3278,0.3334,-0.0280,0.4063,0.4890,29.35
1789438713331,197.4500,26.2538,-0.0204,0.0636,-0.1737,0.0312,29.33
1789438713341,196.3383,26.3096,0.3441,-0.3333,-0.0516,0.2754,29.32
1789438713351,197.1618,26.2687,0.0231,0.2772,0.0094,0.2448,29.30
1789438713423,198.2718,26.2135,0.3221,-0.2417,0.2231,0.3059,29.34
1789438713423,197.2713,26.2638,0.1125,0.7046,0.0400,0.5196,29.32
1789438713423,198.4324,26.2060,0.4443,0.1857,0.5284,0.4585,29.31
1789438713423,198.2543,26.2152,-0.1007,0.2162,-0.0211,0.0617,29.32
1789438713423,198.8315,26.1867,0.6399,-0.2417,0.1926,0.0312,29.31
1789438713423,198.2288,26.2170,-0.0452,0.3688,0.1010,0.1838,29.33
1789438713425,198.5174,26.2028,0.6096,-0.0585,0.6505,0.2143,29.30
1789438713432,197.3928,26.2593,-0.0051,0.2772,-0.4484,0.2143,29.31
1789438713442,199.0628,26.1761,0.9138,0.1857,0.7726,0.0617,29.31
1789438713451,198.4966,26.2046,0.0182,0.2467,-0.3569,0.2448,29.33
1789438713520,199.4358,26.1579,0.8825,-0.1196,0.4978,-0.5183,29.35
1789438713520,197.9357,26.2331,-0.0492,0.4604,-0.1432,0.5501,29.33
1789438713520,199.5612,26.1521,1.4712,0.5214,1.2304,-0.6099,29.32
1789438713520,198.6768,26.1965,-0.0260,0.1857,-0.3569,0.2143,29.31
1789438713520,199.7469,26.1433,1.1970,0.1246,0.8641,-1.1593,29.32
1789438713520,197.7479,26.2435,0.3435,0.1551,-0.2653,0.3669,29.27
1789438713522,200.3961,26.1114,1.5091,0.8877,0.9252,-1.4646,29.31
1789438713531,198.7424,26.1942,0.1011,0.4299,0.1010,0.5806,29.34
1789438713541,198.3851,26.2123,0.9679,0.8572,1.0778,-0.8235,29.33
1789438713551,194.1615,26.4238,0.4180,0.0025,-0.2958,0.2754,29.35
1789438713619,197.9011,26.2374,0.9044,0.3383,0.3757,-1.0677,29.32
1789438713619,199.3468,26.1654,0.4078,0.1246,0.1315,0.3364,29.38
1789438713619,196.3361,26.3162,0.5977,0.6435,0.7115,-0.3962,29.32
1789438713619,199.2744,26.1694,0.2339,0.2467,0.2231,0.3669,29.32
1789438713619,196.0792,26.3294,0.7030,0.5825,0.4368,-0.7625,29.33
1789438713619,200.4740,26.1098,0.2483,0.0025,0.0094,0.0312,29.31
1789438713622,195.8165,26.3430,0.5853,0.8572,0.4368,-0.5488,29.33
1789438713632,198.7995,26.1940,0.4665,-0.3027,-0.0211,0.1838,29.36
1789438713641,195.1942,26.3745,0.5502,0.6741,0.2231,-0.7930,29.35
1789438713719,199.2997,26.1694,0.3078,-0.0280,0.3452,0.2143,29.33
1789438713719,196.5622,26.3066,0.3188,0.4299,0.5284,-0.0604,29.32
1789438713719,199.1950,26.1753,1.0082,-0.4859,0.5894,0.8248,29.31
1789438713719,196.5816,26.3062,0.2758,0.3383,0.1621,-0.3351,29.32
1789438713719,198.4672,26.2122,0.8329,-0.3943,0.3757,0.9164,29.33
1789438713719,194.7947,26.3960,0.2774,0.6130,0.4063,-0.0604,29.34
1789438713720,199.1262,26.1797,1.0142,-1.0353,0.3147,0.7332,29.33
1789438713724,195.5595,26.3582,0.1908,0.3688,-0.0211,-0.2130,29.32
1789438713731,200.1763,26.1278,0.9744,-1.0659,0.3757,0.5196,29.30
1789438713742,196.2398,26.3248,0.1712,0.6435,0.1926,0.0312,29.32
1789438713822,199.5260,26.1607,0.9423,-1.4322,1.0168,0.7027,29.32
1789438713822,197.4038,26.2670,0.0310,0.3078,0.0705,-0.1215,29.31
1789438713822,199.3018,26.3832,0.6866,-0.7606,1.1083,0.8248,29.30
1789438713822,196.2778,26.3237,0.3213,0.5825,-0.3569,-0.1215,29.31
1789438713822,194.6550,26.4052,0.8923,-1.5848,1.0778,0.4280,29.30
1789438713822,197.5544,26.2604,0.0567,0.3078,0.0400,0.0312,29.32
1789438713822,195.9673,26.3400,0.4448,-0.9132,0.4673,0.3975,29.33
1789438713822,198.0930,26.2340,0.0037,0.2467,0.3147,0.0006,29.34
1789438713831,196.2202,26.3279,0.3578,-0.4248,0.4978,0.6111,29.31
1789438713841,198.1514,26.2314,0.0598,0.1551,-0.1432,-0.0604,29.31
1789438713851,195.3443,26.3721,0.4229,-0.6996,0.5284,0.2754,29.32
1789438713921,198.1396,26.2325,0.2107,0.3993,-0.1432,0.3059,29.32
1789438713921,195.3166,26.3738,0.3407,-0.5775,0.3147,0.4585,29.32
1789438713921,198.5367,26.2130,-0.0200,0.2467,0.2231,0.1533,29.32
1789438713921,195.5515,26.3624,0.2995,-0.1806,0.6199,0.6111,29.32
1789438713921,197.4646,26.2669,0.0657,0.1246,-0.2348,0.1227,29.32
1789438713921,195.2421,26.3783,0.2982,-0.4859,0.0705,0.1838,29.32
1789438713921,197.9351,26.2438,0.0156,0.3383,-0.1127,0.2143,29.32
1789438713931,196.2350,26.3290,0.3423,-0.2722,0.3147,0.3669,29.32
1789438713942,197.6019,26.2609,-0.0294,0.3383,-0.1432,0.3059,29.32
1789438713951,196.4183,26.3203,0.3965,0.1857,0.3757,0.5501,29.32
1789438714022,197.2029,26.2813,0.0271,0.0330,-0.2042,0.0312,29.32
1789438714022,198.2953,26.2270,0.3716,-0.2722,0.0400,0.1838,29.31
1789438714022,197.3068,26.2767,0.1056,0.5825,-0.2348,0.3975,29.36
1789438714022,198.6479,26.2099,0.3573,-0.0280,0.2536,0.3975,29.31
1789438714022,198.2442,26.2303,-0.0504,0.3993,0.1315,0.1838,29.30
1789438714022,199.1092,26.1873,0.7053,0.1551,0.5284,0.3669,29.32
1789438714022,198.7303,26.2064,-0.0460,0.1246,-0.2042,0.0617,29.32
1789438714032,198.7463,26.2059,0.6523,-0.2417,0.2842,-0.0909,29.33
1789438714042,197.6795,26.2595,0.0430,0.4604,-0.1737,0.6722,29.33
1789438714052,199.3798,26.1747,0.6698,0.0941,0.5284,0.1838,29.32
1789438714122,198.6589,26.2109,0.0094,0.0941,-0.3569,0.1838,29.32
1789438714122,199.5189,26.1681,1.0128,0.1246,0.8336,-0.5183,29.31
1789438714122,198.5430,26.2171,0.0381,0.1551,-0.2958,0.3669,29.33
1789438714122,199.6077,26.1642,1.5744,0.1246,0.9557,-1.1898,29.32
1789438714122,198.7116,26.2091,-0.0459,0.5214,-0.0821,0.5806,29.33
1789438714122,199.7665,26.1566,0.9634,0.3993,0.8641,-0.4878,29.32
1789438714123,197.8528,26.2525,0.2743,-0.0280,-0.2653,0.2754,29.32
1789438714131,200.0904,26.1410,1.4255,0.7351,0.7726,-1.5867,29.31
1789438714142,198.4821,26.2215,0.1258,0.1246,-0.0211,0.3059,29.31
1789438714152,198.2215,26.2348,0.7566,0.3078,0.5284,-0.9456,29.33
1789438714220,197.9006,26.2511,0.0762,0.3078,0.1010,0.4585,29.32
1789438714220,199.4309,26.1748,0.7039,0.6130,0.8031,-0.4572,29.32
1789438714221,200.3259,26.1302,0.1171,0.1246,-0.2042,0.1533,29.32
1789438714221,195.8325,26.3550,0.6522,0.4604,0.3757,-0.8846,29.33
1789438714221,199.3863,26.1775,0.5426,-1.8595,0.0094,0.0006,29.32
1789438714221,195.5591,26.3691,0.7830,1.0404,0.7115,-0.5793,29.32
1789438714222,200.5222,26.1210,0.5871,-0.0585,0.0400,0.3059,29.31
1789438714231,195.9933,26.3477,0.5762,0.5214,0.2536,-0.7320,29.31
1789438714242,198.9532,26.1999,0.4382,0.0025,0.4063,0.4280,29.33
1789438714319,195.3931,26.3781,0.4553,0.7351,0.5894,-0.4267,29.35
1789438714319,198.9244,26.2017,0.3166,0.1551,0.4063,0.4585,29.31
1789438714319,196.6464,26.3158,0.3323,0.1551,0.1315,-0.4878,29.30
1789438714319,198.7957,26.2087,0.9655,-0.7606,0.1926,0.7943,29.31
1789438714319,196.7709,26.3102,0.2418,0.4299,0.4368,-0.1520,29.33
1789438714319,198.2964,26.2342,0.8268,-0.7301,0.1315,0.7943,29.32
1789438714321,194.8721,26.4057,0.2168,0.3688,0.0400,-0.3962,29.32
1789438714325,199.1650,26.1913,1.0155,-1.2490,0.4978,0.7943,29.32
1789438714331,195.7671,26.3614,0.1445,0.3993,0.0400,-0.0909,29.32
1789438714342,199.4852,26.1759,1.0882,-1.4016,0.8641,0.7332,29.32
1789438714419,195.5885,26.3709,0.0994,0.2772,-0.0821,-0.1215,29.31
1789438714419,199.2100,26.1901,0.9795,-1.3711,1.3525,0.8248,29.31
1789438714419,197.2820,26.2867,0.0391,0.5520,0.3757,0.2143,29.33
1789438714419,194.9035,26.4058,0.7032,-0.9438,0.6505,0.6111,29.30
1789438714419,196.4985,26.3263,0.2785,0.2467,-0.2653,-0.2130,29.31
1789438714419,194.7700,26.4130,0.7900,-1.5237,1.0168,0.3975,29.31
1789438714421,197.6350,26.2698,0.0815,0.5214,0.2842,0.2143,29.32
1789438714422,196.0228,26.3507,0.4135,-0.6385,0.5894,0.6417,29.31
1789438714432,198.0559,26.2493,0.0474,0.2162,-0.1127,-0.0909,29.33
1789438714441,196.4538,26.3297,0.3395,-0.4554,0.5894,0.5196,29.32
1789438714451,198.2784,26.2386,0.0390,0.2162,-0.0516,0.0617,29.32
1789438714520,195.5816,26.3737,0.4433,-0.7606,0.4673,0.3059,29.33
1789438714520,197.8480,26.2606,0.1864,0.6741,0.0705,0.3975,29.33
1789438714520,195.5572,26.3753,0.3164,-0.4554,0.4978,0.5196,29.32
1789438714520,198.5666,26.2249,0.0069,0.0330,-0.1127,0.0006,29.31
1789438714520,195.5175,26.3776,0.3481,-0.4248,0.2842,0.3364,29.34
1789438714520,197.5262,26.2773,0.0366,0.3688,-0.0821,0.1533,29.32
1789438714522,195.2364,26.3920,0.2855,-0.4248,0.2842,0.2448,29.33
1789438714532,198.3560,26.2362,-0.0184,0.3688,0.1926,0.3059,29.32
1789438714542,196.4495,26.3317,0.3979,-0.0585,0.4978,0.5196,29.33
1789438714551,197.7115,26.2688,0.0246,0.1857,-0.1737,0.0312,29.34
1789438714620,196.4744,26.3309,0.4119,-0.4248,0.0400,0.1533,29.33
1789438714620,197.2699,26.2913,0.0298,0.3383,-0.0821,0.1533,29.32
1789438714620,198.2652,26.2419,0.3739,-0.2417,0.2231,0.1533,29.31
1789438714620,197.6221,26.2743,0.0545,0.6741,0.0705,0.5806,29.30
1789438714620,199.1291,26.1991,0.4264,-0.0585,0.2536,0.3059,29.30
1789438714620,198.6094,26.2253,-0.0532,0.1246,-0.1432,0.0922,29.30
1789438714622,199.2344,26.1943,0.5801,-0.2112,0.2231,0.0617,29.32
1789438714631,198.8892,26.2117,-0.1275,0.5520,0.0705,0.3669,29.32
1789438714641,198.6468,26.2241,0.6102,0.2162,0.5589,0.4280,29.31
1789438714651,197.9263,26.2604,0.0611,0.1551,-0.5095,0.2448,29.37
1789438714720,199.0563,26.2041,0.7589,-0.1196,0.1621,-0.1215,29.32
1789438714720,198.7813,26.2181,0.0628,0.2162,-0.3569,0.4280,29.32
1789438714720,199.3747,26.1887,0.8682,0.0636,0.5284,-0.3046,29.32
1789438714720,198.1891,26.2481,-0.0272,0.3993,-0.0821,0.6111,29.30
1789438714720,199.8660,26.1646,1.4433,0.4604,1.2610,-0.6404,29.32
1789438714720,198.7380,26.2211,0.0253,0.1551,-0.4179,0.3669,29.32
1789438714722,199.7819,26.1691,0.8953,0.0941,0.6199,-0.7930,29.33
1789438714731,197.8666,26.2652,0.2569,0.4909,-0.1127,0.7638,29.31
1789438714741,200.2446,26.1466,1.4818,0.9183,0.9862,-1.5256,29.32
1789438714820,198.7727,26.2203,-0.0311,0.2162,-0.0516,0.3669,29.32
1789438714820,198.4025,26.2391,1.0209,0.8267,1.1083,-0.8541,29.32
1789438714820,197.5287,26.2830,0.0951,0.0636,-0.2348,0.2143,29.31
1789438714820,199.3615,26.1916,0.6583,0.2162,0.4978,-0.7625,29.31
1789438714820,199.1667,26.1381,0.1081,0.2467,0.0400,0.3975,29.32
1789438714820,196.4090,26.3395,0.5952,0.6741,0.8031,-0.3351,29.33
1789438714822,199.3131,26.1944,0.2370,0.0025,-0.2042,0.0617,29.32
1789438714822,195.8548,26.3676,0.7210,0.5214,0.2536,-0.9151,29.32
1789438714832,200.5092,26.1350,0.3761,-0.0891,-0.1432,-0.0604,29.31
1789438714841,196.1104,26.3552,0.6120,0.9488,0.6505,-0.4878,29.32
1789438714851,198.7854,26.2216,0.5582,-0.3943,-0.0211,0.3059,29.31
1789438714931,195.5244,26.3849,0.4689,0.4909,0.1926,-0.8541,29.31
1789438714931,198.9746,26.2125,0.2580,0.0941,0.2231,0.2143,29.30
1789438714931,196.6746,26.3278,0.3387,0.6741,0.5894,0.0617,29.32
1789438714931,199.0273,26.2105,0.8626,-0.2722,0.3757,0.7943,29.32
1789438714931,196.7794,26.3231,0.2832,0.2162,0.1621,-0.3351,29.32
1789438714931,198.5788,26.2333,0.8594,-0.7301,0.4978,0.5806,29.33
1789438714931,194.8394,26.4206,0.3223,0.7351,0.2536,-0.2130,29.32
1789438714935,199.3048,26.1975,0.8877,-1.0659,0.2536,0.6722,29.33
1789438714941,195.7993,26.3729,0.1417,0.2467,-0.0821,-0.2130,29.32
1789438714952,199.3587,26.1953,1.1303,-1.3711,0.6199,0.8248,29.30
1789438715022,195.6603,26.3804,0.1823,0.5825,0.2842,0.0312,29.32
1789438715022,199.4835,26.1895,1.0824,-1.2490,1.0778,0.7638,29.33
1789438715022,195.7225,26.3777,0.0579,0.2467,-0.1127,-0.1825,29.31
1789438715022,199.4214,26.1930,0.6814,-0.7606,0.7726,0.7943,29.32
1789438715022,196.2769,26.3504,0.2219,0.7656,0.1621,0.0617,29.32
1789438715022,194.7710,26.4259,1.0059,-1.4932,1.1389,0.4585,29.32
1789438715022,198.0281,26.2632,0.0465,0.1857,-0.1432,-0.3046,29.32
1789438715032,195.8510,26.3723,0.4778,-1.0353,0.4978,0.4585,29.32
1789438715041,197.9704,26.2666,0.0463,0.5520,0.3452,0.2448,29.31
1789438715052,196.4107,26.3449,0.3465,-0.2722,0.5589,0.7332,29.32
1789438715124,198.2539,26.2528,-0.0193,0.0636,-0.0516,0.0006,29.32
1789438715124,195.5691,26.3874,0.4965,-0.9132,0.5284,0.3059,29.31
1789438715124,198.2545,26.2533,0.1806,0.2162,-0.0211,0.1533,29.32
1789438715124,195.5314,26.3897,0.3735,-0.6080,0.3147,0.3364,29.33
1789438715124,198.5534,26.2386,-0.0557,0.4909,0.1010,0.2448,29.33
1789438715124,195.8454,26.3742,0.3135,-0.1806,0.6810,0.5501,29.31
1789438715124,197.7781,26.2778,0.0239,0.0330,-0.2348,0.0006,29.32
1789438715131,195.3782,26.3980,0.3335,-0.5164,0.2231,0.3975,29.32
1789438715141,198.0067,26.2667,-0.0101,0.4604,0.2842,0.3669,29.32
1789438715221,196.4293,26.3458,0.3433,-0.1196,0.4978,0.5196,29.32
1789438715221,197.8076,26.2771,-0.0153,0.3078,-0.2348,0.0617,29.32
1789438715221,196.5959,26.3379,0.3222,-0.1501,0.0400,0.3364,29.32
1789438715221,197.3020,26.3028,0.0834,0.2467,-0.3263,0.0312,29.31
1789438715221,194.3908,26.4486,0.3437,-0.3333,0.1315,0.1533,29.33
1789438715221,197.9300,26.2719,0.0996,0.6741,-0.1127,0.4890,29.32
1789438715222,198.7623,26.2305,0.3403,-0.0585,0.4673,0.3364,29.33
1789438715222,198.1412,26.2618,-0.0603,0.6130,0.1010,0.3669,29.32
1789438715231,198.7965,26.2294,0.5334,-0.1501,0.0400,0.1533,29.31
1789438715241,198.9628,26.2212,-0.0808,0.2162,-0.0516,0.1533,29.32
1789438715319,198.4817,26.2455,0.5723,-0.3333,0.1315,0.0006,29.30
1789438715319,197.9377,26.2730,-0.0070,0.4909,0.1010,0.6111,29.31
1789438715319,199.0605,26.2171,0.7956,0.1857,0.6199,0.2143,29.31
1789438715319,198.7834,26.2311,0.0211,0.1551,-0.3263,0.1533,29.32
1789438715319,199.5919,26.1909,0.8561,-0.0585,0.2842,-0.3046,29.32
1789438715319,198.5733,26.2420,0.0463,0.1551,-0.1737,0.3364,29.32
1789438715320,199.9568,26.1731,1.1830,-0.1196,0.6810,-0.7014,29.33
1789438715325,198.9591,26.2231,-0.0311,0.4909,-0.1432,0.5501,29.33
1789438715331,200.3345,26.1546,1.1144,0.3993,1.0473,-0.3962,29.32
1789438715341,198.2627,26.2583,0.2113,0.0636,-0.4790,0.3669,29.26
1789438715418,200.2936,26.1570,1.4744,0.2772,0.8641,-1.1898,29.31
1789438715418,198.3689,26.2534,-0.0092,0.2772,-0.2042,0.4280,29.30
1789438715418,198.3159,26.2564,0.9697,0.5520,1.0168,-0.7930,29.32
1789438715418,194.2815,26.4584,0.1262,0.3993,-0.1737,0.5501,29.31
1789438715418,198.2198,26.2620,1.1240,0.5214,1.1083,-0.8235,29.32
1789438715418,198.5794,26.2443,0.0208,0.1246,-0.1432,0.1533,29.32
1789438715420,200.2322,26.1619,0.7953,0.3383,0.5284,-0.9762,29.31
1789438715421,198.8819,26.2295,0.1240,0.3078,0.0094,0.4280,29.34
1789438715431,200.4126,26.1532,0.5057,0.3688,0.6810,-0.5183,29.33
1789438715441,200.9436,26.1267,-0.0038,0.2162,0.0400,0.2754,29.32
1789438715451,196.3118,26.3585,0.8352,0.5520,0.4673,-1.0983,29.32
1789438715520,198.9198,26.2284,0.2020,-0.0585,-0.2042,0.0312,29.35
1789438715520,195.2578,26.4118,0.7798,1.0709,0.3757,-0.9456,29.32
1789438715520,199.3001,26.2098,0.0370,0.0636,0.1315,0.1838,29.34
1789438715520,196.8412,26.3330,0.4938,0.2772,0.4673,-0.3657,29.33
1789438715520,199.3377,26.2084,0.7540,-0.3943,0.1926,0.5501,29.33
1789438715520,196.6528,26.3429,0.3165,0.3078,0.2842,-0.4572,29.33
1789438715522,198.5220,26.2496,0.6027,0.0636,0.4368,0.6111,29.31
1789438715532,194.9803,26.4270,0.4324,0.4299,0.2536,-0.6709,29.32
1789438715542,199.3752,26.2074,0.8950,-0.3943,0.5894,0.6111,29.31
1789438715658,195.8743,26.3826,0.2767,0.4299,0.2231,-0.3351,29.33
1789438715658,199.4512,26.2040,0.9060,-0.8827,0.2842,0.5501,29.32
1789438715658,195.9786,26.3778,0.2608,0.3078,0.2536,-0.2741,29.31
1789438715658,199.8723,26.1834,0.9991,-0.8827,0.1926,0.5806,29.30
1789438715658,195.8072,26.3867,0.1554,0.4604,0.0705,-0.0909,29.33
1789438715658,199.6641,26.1941,0.8838,-0.9132,0.6199,0.7943,29.31
1789438715658,195.5897,26.3980,0.4162,0.5825,-0.2958,-0.4572,29.33
1789438715658,200.4992,26.1528,1.3408,-1.7679,1.4136,0.7943,29.33
1789438715659,196.3018,26.3627,0.1621,0.4604,0.0400,-0.2130,29.32
1789438715659,198.2880,26.2637,0.7090,-0.7911,0.8947,0.8859,29.32
1789438715659,198.6493,26.2458,0.0414,0.3383,0.3147,0.0617,29.32
1789438715730,196.5072,26.3532,0.5823,-1.1574,0.4978,0.1533,29.31
1789438715730,198.3077,26.2633,0.0407,0.1857,0.1010,-0.0909,29.33
1789438715730,195.7767,26.3901,0.6178,-1.1269,0.6810,0.4890,29.32
1789438715730,197.8944,26.2844,0.0996,0.4909,0.4368,0.3059,29.33
1789438715730,195.8657,26.3861,0.4733,-0.5164,0.7726,0.6417,29.31
1789438715730,198.6794,26.2455,-0.0225,0.0025,0.1010,-0.0909,29.31
1789438715737,195.6701,26.3961,0.4235,-0.8217,0.4978,0.4280,29.31
1789438715737,197.6538,26.2971,0.0766,0.2162,-0.0821,-0.0299,29.31
1789438715741,195.5506,26.4025,0.3642,-0.7911,0.3757,0.3669,29.33
1789438715751,198.2616,26.2671,-0.0510,0.4299,0.3147,0.2448,29.32
1789438715822,196.4696,26.3569,0.2952,-0.2417,0.2842,0.5806,29.31
1789438715822,197.8484,26.2881,0.0088,0.1246,-0.2653,-0.0909,29.32
1789438715822,196.5430,26.3536,0.2834,-0.4554,0.2536,0.2754,29.32
1789438715822,197.3050,26.3157,0.0091,0.2467,-0.1127,0.3059,29.33
1789438715822,194.7774,26.4424,0.3032,-0.4248,0.2536,0.3669,29.33
1789438715822,197.8668,26.2881,0.1052,0.7351,0.0094,0.2754,29.32
1789438715822,195.4103,26.4111,0.3164,-0.1196,0.5589,0.5501,29.31
1789438715831,197.1063,26.3265,-0.1105,0.1551,-0.0211,-0.0909,29.32
1789438715841,195.1449,26.4248,0.4007,-0.3333,0.2536,0.2754,29.32
1789438715852,197.2463,26.3199,-0.0501,0.1551,-0.1432,-0.0299,29.32
1789438715934,198.8968,26.2376,0.3428,-0.2722,0.1621,0.1838,29.31
1789438715934,198.1465,26.2753,-0.0100,0.5214,0.1621,0.3364,29.31
1789438715934,199.4301,26.2114,0.5382,0.1551,0.5589,0.4280,29.31
1789438715934,198.8690,26.2396,-0.0251,0.0941,-0.3569,0.0312,29.31
1789438715934,199.8374,26.1914,0.6142,-0.1501,0.0705,0.1227,29.31
1789438715934,198.5303,26.2569,0.0616,0.2467,-0.1432,0.3669,29.31
1789438715934,199.8688,26.1902,0.9328,-0.2417,0.4063,0.0006,29.31
1789438715934,198.8518,26.2412,0.0313,0.3383,-0.1127,0.3669,29.31
1789438715941,199.8391,26.1920,0.7395,0.2772,0.7420,0.2143,29.35
1789438716021,197.8959,26.2895,0.1865,0.0941,-0.4790,0.3059,29.31
1789438716021,200.4673,26.1611,1.3217,-0.0585,0.6505,-0.4878,29.32
1789438716021,198.7758,26.2458,0.0370,0.2467,-0.1127,0.4585,29.32
1789438716021,198.3954,26.2651,1.0356,0.1246,0.9557,-0.8541,29.32
1789438716021,197.8116,26.2945,-0.0225,0.0941,-0.4790,0.4280,29.31
1789438716021,199.3503,26.2178,0.9428,0.3078,0.9252,-0.3351,29.32
1789438716022,199.2532,26.2227,-0.0403,0.2162,-0.4179,0.4280,29.31
1789438716022,199.9884,26.1861,0.9099,0.0636,0.6199,-0.7014,29.30
1789438716031,198.6093,26.2552,-0.0218,0.5214,0.0094,0.5501,29.32
1789438716041,199.9809,26.1869,0.9919,0.2467,0.8336,-0.9456,29.32
1789438716051,198.7029,26.2509,-0.0330,0.2162,0.0705,0.1533,29.31
1789438716124,199.4294,26.2148,1.0775,0.8877,0.9862,-0.7930,29.32
1789438716124,198.2569,26.2736,0.0546,-0.0585,-0.2042,0.2143,29.31
1789438716124,200.4756,26.1630,1.1079,0.7656,0.6810,-1.4646,29.31
1789438716124,198.1118,26.2206,0.0167,0.0636,-0.0821,0.2448,29.33
1789438716124,196.8511,26.3446,0.4065,0.0941,0.5894,-0.5488,29.32
1789438716124,199.3447,26.2201,0.4841,0.4299,0.3757,0.4585,29.33
1789438716124,196.6566,26.3548,0.4609,0.0330,0.2842,-0.4878,29.32
1789438716131,198.5283,26.2614,0.3183,0.1857,0.1315,0.3364,29.32
1789438716142,194.9721,26.4394,0.6353,0.9183,0.4978,-0.5793,29.32
1789438716151,199.3722,26.2196,0.5436,-0.3027,0.0705,0.0617,29.31
1789438716223,195.8727,26.3948,0.4751,0.3993,0.2536,-0.7014,29.32
1789438716223,199.6723,26.2050,0.8130,-0.6385,0.1621,0.3364,29.30
1789438716223,195.9314,26.3923,0.3465,0.6741,0.4063,-0.3351,29.33
1789438716223,199.8514,26.1964,1.1000,-0.7301,0.4368,0.7332,29.32
1789438716223,195.7949,26.3994,0.3297,0.4299,0.1621,-0.4878,29.31
1789438716223,199.8489,26.1969,0.7215,-0.3333,0.5894,0.8859,29.41
1789438716225,195.5672,26.4112,0.5185,0.9488,0.1926,-0.3046,29.33
1789438716231,200.7766,26.1509,1.5179,-1.5237,0.9557,0.7332,29.34
1789438716241,196.5996,26.3599,0.2095,0.3993,-0.1127,-0.2436,29.33
1789438716329,198.3440,26.2729,0.9550,-1.2490,0.4368,0.7943,29.33
1789438716329,195.0206,26.4393,0.1484,0.5214,0.1315,0.0006,29.32
1789438716329,199.9720,26.1920,0.8284,-1.2185,0.5589,0.7027,29.32
1789438716329,196.6559,26.3579,0.0771,0.0941,-0.0211,-0.3046,29.32
1789438716329,200.2094,26.1804,0.9927,-1.5237,0.9557,0.5806,29.32
1789438716329,196.9931,26.2703,0.0944,0.2467,0.1010,0.0312,29.34
1789438716329,200.5170,26.4097,0.8218,-1.1269,1.1389,0.7027,29.32
1789438716329,199.2336,26.2296,11.5762,10.5031,-18.3972,7.6624,29.33
1789438716331,189.6133,26.7111,0.6587,-0.1806,1.1083,-0.7014,29.30
1789438716341,194.3779,26.4731,-0.2506,1.8645,0.6505,-1.7393,29.35
1789438716351,189.2139,26.7321,0.3288,-0.7301,0.4673,1.4658,29.31
1789438716424,194.8443,26.4513,0.2067,0.2772,-0.6621,0.2754,29.31
1789438716424,194.8678,26.4506,0.4776,-0.2722,0.1926,0.3059,29.31
1789438716424,198.5211,26.2683,0.1055,0.3688,0.1010,0.4280,29.35
1789438716424,197.4747,26.3207,0.2486,-0.0585,0.1010,0.4890,29.32
1789438716424,198.6220,26.2634,-0.0656,0.3078,-0.1737,0.2448,29.32
1789438716424,195.9162,26.3988,0.3625,0.0330,0.5589,0.4585,29.31
1789438716424,198.8463,26.2524,0.0570,0.1551,-0.2653,-0.0604,29.31
1789438716431,199.5550,26.2171,0.3222,-0.3333,0.1010,0.2143,29.32
1789438716441,198.0919,26.2300,-0.0594,0.2772,0.1010,0.2143,29.32
1789438716452,199.6463,26.2129,0.4737,0.0636,0.3452,0.3364,29.30
1789438716523,199.0027,26.2452,-0.1304,0.4299,0.1926,0.3364,29.30
1789438716523,198.8797,26.2515,0.5586,-0.1196,0.4673,0.3059,29.31
1789438716523,198.0512,26.2932,0.0981,0.1246,-0.3569,0.1227,29.31
1789438716523,199.5259,26.2197,0.5806,-0.2722,0.1926,-0.0299,29.30
1789438716523,199.0244,26.2449,0.0574,0.2772,-0.0211,0.3669,29.32
1789438716523,199.7183,26.2105,0.7144,-0.1196,0.4673,0.0922,29.32
1789438716524,198.5605,26.2685,-0.0352,0.3688,-0.4179,0.3975,29.32
1789438716531,199.8854,26.2025,1.3120,0.2467,0.8947,-0.0604,29.32
1789438716541,198.8698,26.2534,0.0530,0.1246,-0.5400,0.3059,29.32
1789438716551,200.0380,26.1952,0.8828,-0.0585,0.3452,-0.4267,29.31
1789438716622,198.2804,26.2833,0.2193,0.4299,-0.2348,0.5196,29.32
1789438716622,200.5773,26.1687,1.3375,0.2772,0.8947,-0.7014,29.32
1789438716622,198.9446,26.2504,0.0160,0.1246,-0.2653,0.3364,29.33
1789438716622,198.4668,26.2745,1.0250,0.3383,1.1389,-0.7014,29.32
1789438716622,198.0236,26.2968,0.0231,0.1246,-0.3569,0.1838,29.31
1789438716622,199.4579,26.2254,0.7656,0.0636,0.6810,-0.9456,29.32
1789438716622,199.3097,26.2329,-0.0175,0.2772,0.1315,0.4585,29.32
1789438716631,200.0155,26.1978,0.9318,0.4299,1.0168,-0.7930,29.32
1789438716642,199.1968,26.2388,0.0661,0.0636,-0.2958,0.2143,29.32
1789438716718,200.0331,26.1972,0.9758,0.5825,0.7115,-1.0067,29.33
1789438716718,198.6461,26.2667,0.0892,0.0941,-0.0821,0.1227,29.31
1789438716718,199.6684,26.3955,0.8729,0.7351,0.4368,-1.0372,29.31
1789438716718,199.1899,26.2398,0.0676,0.4299,0.1926,0.5806,29.31
1789438716718,195.2493,26.4372,1.0285,1.2846,0.5589,-0.9151,29.32
1789438716718,199.2977,26.2349,-0.0449,0.0025,-0.0211,0.0617,29.32
1789438716720,196.8073,26.3597,0.3980,0.1857,0.3147,-0.4572,29.32
1789438716721,199.3680,26.2318,0.5220,-0.2417,0.0094,0.1533,29.30
1789438716732,197.0643,26.3473,0.4528,0.4604,0.4368,-0.2130,29.34
1789438716741,198.7136,26.2650,0.6571,-0.3638,0.2231,0.2448,29.32
1789438716751,195.1904,26.4414,0.4152,0.5825,0.3452,-0.5183,29.32
1789438716822,199.4848,26.2269,0.7905,-0.1501,0.2842,0.7943,29.31
1789438716822,196.2883,26.3868,0.4541,0.4299,0.2536,-0.4878,29.32
1789438716822,199.6092,26.2210,0.9597,-0.5164,0.5589,1.0385,29.32
1789438716822,196.1449,26.3944,0.2799,0.5214,0.1621,-0.3351,29.33
1789438716822,199.6240,26.2207,1.0435,-0.7606,0.2231,0.9469,29.32
1789438716822,195.9072,26.4067,0.2660,0.4299,0.2842,-0.3657,29.32
1789438716822,199.7899,26.2127,0.9174,-0.9438,0.3147,0.4585,29.32
1789438716831,195.8397,26.4104,0.4388,0.6435,-0.1432,-0.4267,29.33
1789438716842,200.7633,26.1645,1.4992,-1.8900,1.0168,0.6111,29.30
1789438716851,196.2382,26.3908,0.2082,0.4909,0.3147,-0.0909,29.31
1789438716923,198.7269,26.2666,0.7905,-1.0353,0.5894,0.8553,29.34
1789438716923,198.5059,26.2778,0.0924,0.2467,-0.1432,-0.2130,29.32
1789438716923,199.8338,26.2117,0.6324,-0.8522,0.8031,0.6722,29.31
1789438716923,198.3910,26.2839,0.0455,0.4909,0.3757,0.0617,29.32
1789438716923,195.8061,26.4134,0.7888,-0.9743,0.6810,0.7943,29.31
1789438716923,198.0829,26.2997,0.1410,0.0330,-0.1432,-0.1215,29.31
1789438716923,195.8739,26.4104,0.6261,-1.1269,0.6810,0.3364,29.31
1789438716931,198.7287,26.2677,-0.0119,0.4909,0.3147,0.3059,29.32
1789438716941,196.1116,26.3988,0.4862,-0.6996,0.6199,0.7943,29.32
1789438717019,197.8358,26.3127,0.0434,0.1246,0.0094,-0.1825,29.31
1789438717019,195.7522,26.4171,0.4459,-0.7301,0.8031,0.5196,29.32
1789438717019,198.3647,26.2865,0.0027,0.1246,-0.1127,-0.1825,29.32
1789438717019,196.5209,26.3789,0.3049,-0.4859,0.1315,0.4280,29.32
1789438717019,197.8772,26.3113,0.0177,0.3383,0.1621,0.1838,29.32
1789438717019,197.0891,26.3509,0.2034,-0.3333,0.1621,0.4280,29.31
1789438717021,197.5546,26.3278,-0.0157,-0.0280,-0.0516,-0.0604,29.30
1789438717025,194.5201,26.4798,0.3687,-0.1806,0.6810,0.5806,29.32
1789438717031,198.0041,26.3058,0.1039,0.3078,-0.1737,0.0617,29.32
1789438717041,195.2364,26.4445,0.2706,-0.3943,0.2231,0.3059,29.31
1789438717121,197.4109,26.3359,-0.0619,0.4909,0.1926,0.3669,29.32
1789438717121,195.2579,26.4438,0.3110,-0.1806,0.4063,0.6111,29.32
1789438717121,197.4401,26.3348,-0.1239,0.0941,-0.0821,-0.2130,29.29
1789438717121,194.5935,26.4774,0.3628,-0.1806,0.2842,0.3975,29.31
1789438717121,197.6303,26.3259,0.0508,0.1551,-0.2653,0.1533,29.33
1789438717121,199.7714,26.2190,0.3800,-0.2722,0.0094,0.3059,29.30
1789438717122,197.9720,26.3091,-0.0453,0.4604,0.2231,0.3669,29.33
1789438717122,199.9839,26.2087,0.4939,0.0636,0.5589,0.4890,29.32
1789438717131,198.6191,26.2771,0.0268,0.0941,-0.2042,-0.0299,29.33
1789438717141,200.1210,26.2022,0.5669,-0.3333,0.0400,0.0617,29.32
1789438717152,199.3388,26.2415,0.0703,0.2162,-0.1127,0.1227,29.32
1789438717224,200.2963,26.1938,0.5820,-0.2112,0.3147,0.1227,29.32
1789438717224,198.1965,26.2990,0.1061,0.4909,-0.2042,0.6722,29.31
1789438717224,200.8611,26.1660,1.1052,0.2467,0.7115,0.2448,29.30
1789438717224,196.5742,26.3806,0.1016,0.1246,-0.4484,0.1838,29.31
1789438717224,197.8976,26.3148,1.3509,-0.0585,0.9557,-0.8846,29.30
1789438717224,197.5615,26.3319,0.0499,0.3383,-0.0516,0.4890,29.30
1789438717224,200.0522,26.2075,0.9494,0.1246,0.6505,-0.3657,29.34
1789438717232,199.5166,26.2344,0.0232,0.1551,-0.5705,0.2448,29.30
1789438717241,200.5033,26.1852,0.9294,0.2772,0.8336,-0.0604,29.29
1789438717251,199.2711,26.2469,0.0562,0.0636,-0.4790,0.3364,29.36
1789438717321,200.4806,26.1867,0.9984,-0.0585,0.5589,-0.5183,29.34
1789438717321,198.9587,26.2629,-0.0381,0.3078,0.0094,0.3975,29.32
1789438717321,199.6591,26.2280,0.9795,0.2162,0.8641,-0.5488,29.32
1789438717321,198.1721,26.3025,-0.0320,0.1857,-0.3874,0.3669,29.31
1789438717321,200.3190,26.1954,1.2514,0.4909,1.0778,-0.7320,29.32
1789438717321,198.4677,26.2881,-0.0579,0.0330,-0.4179,0.2448,29.32
1789438717322,198.7522,26.2741,0.6696,0.1551,0.5284,-0.8541,29.35
1789438717331,198.1664,26.3036,0.0529,0.3383,0.1926,0.4585,29.31
1789438717341,198.9120,26.2666,0.4884,0.4604,0.6505,-0.0909,29.32
1789438717352,198.4953,26.2875,0.0176,0.0636,0.1010,0.1838,29.33
1789438717421,199.2298,26.2511,0.9132,0.6130,0.2842,-1.0983,29.34
1789438717421,199.6307,26.2312,0.2291,-0.0585,-0.1127,0.1227,29.32
1789438717421,196.0051,26.4127,0.6357,0.5520,0.5589,-0.5793,29.32
1789438717421,199.5276,26.2367,0.4376,0.2772,-0.0211,0.3669,29.32
1789438717421,195.8523,26.4207,0.6386,0.5520,0.2536,-0.7930,29.31
1789438717421,200.0073,26.2131,0.6353,0.1246,0.3757,0.6111,29.32
1789438717422,196.1657,26.4054,0.4649,0.5825,0.3452,-0.4572,29.31
1789438717431,199.9072,26.2185,0.5892,0.0025,0.5589,0.5806,29.32
1789438717442,195.7139,26.4284,0.7657,0.7962,0.3452,-0.8846,29.31
1789438717519,200.8479,26.1719,1.1587,-0.5469,0.5894,0.6722,29.31
1789438717519,196.2859,26.4001,0.3969,0.5825,0.0705,-0.5183,29.32
1789438717519,198.6695,26.2811,1.1037,-1.3406,0.2536,0.8859,29.27
1789438717519,195.5010,26.4397,0.3599,0.9183,0.3757,-0.0909,29.32
1789438717519,199.8980,26.2201,0.8341,-0.9132,0.2536,0.5806,29.34
1789438717519,196.7625,26.3769,0.2075,0.2772,-0.0516,-0.3962,29.30
1789438717521,200.2767,26.2014,1.2105,-1.1269,0.6199,0.6722,29.31
1789438717521,197.0207,26.3644,0.2639,0.7351,0.2231,0.0006,29.34
1789438717531,200.6635,26.1824,1.0077,-0.9438,0.9557,0.9469,29.31
1789438717542,196.6587,26.3827,0.1619,0.2162,-0.1127,-0.1825,29.32
1789438717551,200.0808,26.2118,1.1275,-0.9743,1.1999,1.0690,29.32
1789438717621,196.2257,26.4046,0.1506,0.5214,-0.0821,-0.0604,29.31
1789438717621,201.1000,26.1611,1.0884,-1.4016,0.9252,0.6417,29.27
1789438717621,196.5292,26.2809,0.0824,0.3078,0.2231,-0.0909,29.31
1789438717621,199.2209,26.2553,0.4465,-0.7911,0.1315,0.6111,29.31
1789438717621,197.9603,26.3185,0.0318,0.1551,-0.1127,-0.0909,29.31
1789438717621,196.5996,26.3868,0.3901,-0.6385,0.3452,0.6417,29.33
1789438717626,197.7293,26.3305,0.0291,0.4909,0.3452,0.1838,29.32
1789438717631,194.9462,26.4699,0.5870,-0.6690,1.0168,0.7332,29.32
1789438717641,198.0757,26.3136,0.0992,0.0330,-0.0211,-0.1520,29.32
1789438717651,195.5236,26.4414,0.3915,-0.7301,0.1621,0.4585,29.32
1789438717724,197.5385,26.3408,-0.0639,0.1246,-0.0516,-0.0604,29.31
1789438717724,195.4213,26.4470,0.3867,-0.7301,0.3452,0.3975,29.32
1789438717724,197.5240,26.3419,-0.1325,0.4299,0.3757,0.1227,29.33
1789438717724,194.9258,26.4721,0.3129,-0.3943,0.4368,0.5806,29.30
1789438717724,197.8910,26.3240,0.0727,0.2467,-0.3569,0.2143,29.31
1789438717724,194.9394,26.4718,0.3370,-0.4859,0.4368,0.3059,29.31
1789438717724,197.8390,26.3269,-0.0192,0.0330,-0.1432,0.0617,29.33
1789438717731,195.5854,26.4398,0.2643,-0.4554,0.1010,0.3059,29.32
1789438717741,196.6057,26.3890,-0.0060,0.5214,0.1621,0.3669,29.30
1789438717751,195.1443,26.4623,0.3575,-0.1806,0.4063,0.6111,29.31
1789438717821,198.2163,26.3088,0.0147,0.2162,-0.2958,0.1533,29.32
1789438717821,196.3901,26.4003,0.3783,-0.4859,0.3147,0.1838,29.32
1789438717821,198.8416,26.2779,0.1432,0.2162,-0.2958,0.0922,29.33
1789438717821,196.5715,26.3916,0.4351,-0.2722,0.1010,0.2754,29.31
1789438717821,198.7798,26.2813,-0.0309,0.4299,0.1926,0.3975,29.35
1789438717821,198.5435,26.2933,0.5953,0.0025,0.4368,0.5501,29.32
1789438717823,198.3367,26.3038,0.0913,0.1857,-0.4179,0.0922,29.32
1789438717831,199.7588,26.2329,0.5261,-0.2722,0.0400,0.1533,29.31
1789438717842,199.4582,26.2481,-0.0112,0.1246,-0.1432,-0.0299,29.32
1789438717852,200.0851,26.2169,0.3625,-0.3333,0.1621,0.1533,29.31
1789438717921,198.9368,26.2744,0.0870,0.4604,-0.0821,0.5196,29.29
1789438717921,200.1798,26.2125,0.4540,0.0941,0.3147,0.4585,29.32
1789438717921,199.1035,26.2664,-0.0970,0.4299,0.0094,0.3364,29.36
1789438717921,199.4549,26.2490,0.7417,0.0636,0.6199,0.1838,29.31
1789438717921,198.5223,26.2958,0.0530,0.0636,-0.4484,0.3059,29.33
1789438717921,200.3447,26.2049,1.0711,-0.1501,0.4368,-0.3657,29.32
1789438717923,198.3776,26.3034,0.0585,0.2772,-0.1432,0.4890,29.32
1789438717931,198.6483,26.2901,0.6611,-0.0585,0.3757,-0.0299,29.32
1789438717941,198.0304,26.3213,-0.0149,0.4299,-0.3263,0.6111,29.32
1789438717951,199.0315,26.2714,0.6667,0.2467,0.7726,0.1227,29.31
1789438718031,199.0297,26.2717,0.0120,0.0941,-0.4484,0.2143,29.32
1789438718031,199.6571,26.2406,1.1214,-0.0280,0.8031,-0.8541,29.32
1789438718031,199.1878,26.2642,0.0471,0.1551,-0.1737,0.4585,29.35
1789438718031,199.0391,26.2718,0.7576,0.1857,0.6810,-0.7320,29.31
1789438718031,198.1369,26.3171,-0.0485,0.3993,0.0094,0.5806,29.31
1789438718031,199.5742,26.2455,0.9171,0.5825,1.0473,-0.6404,29.32
1789438718036,199.2232,26.2632,0.0910,-0.0585,-0.2653,0.2448,29.32
1789438718036,200.1871,26.2152,0.9785,0.5825,0.7115,-1.2509,29.32
1789438718041,198.9758,26.2759,0.1146,0.0941,0.0094,0.2754,29.31
1789438718051,202.6496,26.0922,0.9078,0.8267,0.6810,-0.7625,29.33
1789438718122,202.3394,26.1076,0.1153,0.3688,0.2536,0.4890,29.31
1789438718122,197.2452,26.3624,0.7510,0.3993,0.3147,-0.7320,29.32
1789438718122,198.8172,26.2839,0.6594,-0.5164,-0.0211,0.5806,29.32
1789438718122,195.3965,26.4552,0.8206,1.1930,0.4978,-1.0677,29.31
1789438718122,199.8085,26.2347,0.5625,-0.3333,-0.0516,0.2448,29.32
1789438718122,196.8803,26.3812,0.5128,0.6435,0.6199,-0.4267,29.32
1789438718122,200.4246,26.2042,0.6908,-0.1501,0.0094,0.3059,29.30
1789438718131,196.7047,26.3904,0.4557,0.5825,0.3452,-0.5793,29.33
1789438718141,200.4900,26.2013,0.6599,-0.0585,0.4673,0.4280,29.34
1789438718151,196.5790,26.3970,0.4027,0.6435,0.3452,-0.1825,29.33
1789438718221,199.5333,26.2494,0.8468,-0.4248,0.3147,0.7027,29.31
1789438718222,196.2854,26.4120,0.4351,0.5520,0.1315,-0.6099,29.32
1789438718222,200.7297,26.1900,1.1124,-0.9132,0.5284,0.6722,29.30
1789438718222,196.1591,26.4186,0.3149,0.7046,0.3757,-0.0604,29.31
1789438718222,199.2704,26.2632,0.5512,-0.6080,0.0400,0.4585,29.31
1789438718222,195.5485,26.4495,0.2155,0.3383,0.0705,-0.2741,29.31
1789438718223,199.4489,26.2547,0.4573,-0.5469,0.3452,0.5501,29.28
1789438718231,196.9174,26.3814,0.1682,0.6435,0.2842,0.0922,29.31
1789438718241,199.4224,26.2564,1.1081,-1.2795,1.0473,0.8553,29.32
1789438718252,197.0906,26.3732,0.1407,0.2162,-0.1737,-0.1520,29.32
1789438718322,198.7404,26.2909,0.7612,-0.7911,0.9557,0.9164,29.31
1789438718322,195.1969,26.4683,0.0763,0.4909,0.1926,0.1227,29.32
1789438718322,199.7332,26.2417,0.7465,-0.9438,0.7420,0.7943,29.32
1789438718322,197.4463,26.3562,0.0385,0.1551,-0.0516,-0.1825,29.29
1789438718322,194.9284,26.4823,0.7179,-1.3101,0.7115,0.3669,29.31
1789438718322,197.7940,26.3392,0.0468,0.4299,0.2536,0.1227,29.31
1789438718324,195.1486,26.4717,0.5353,-0.9743,0.9252,0.5806,29.31
1789438718331,197.9323,26.3326,-0.0416,0.1857,0.3147,-0.0909,29.32
1789438718342,195.5245,26.4532,0.4630,-0.5469,0.5894,0.6111,29.32
1789438718421,196.8932,26.3849,0.1685,0.4299,-0.2653,0.0617,29.31
1789438718421,195.2915,26.4652,0.5080,-0.9132,0.6505,0.3975,29.32
1789438718421,198.2940,26.3152,0.0454,0.5520,0.3757,0.3669,29.34
1789438718421,196.6359,26.3983,0.3279,-0.5164,0.3452,0.5196,29.33
1789438718421,198.5466,26.3029,0.0796,0.1857,-0.1432,0.0006,29.33
1789438718421,196.6411,26.3984,0.3687,-0.2722,0.4063,0.5806,29.31
1789438718422,198.8155,26.2898,0.0031,0.0941,-0.0516,0.0312,29.32
1789438718422,195.6905,26.4462,0.3973,-0.5469,0.2536,0.2754,29.31
1789438718431,198.3444,26.3137,0.1256,0.6435,-0.0516,0.3669,29.33
1789438718441,195.8267,26.4398,0.2966,-0.2417,0.2231,0.6111,29.32
1789438718451,198.7245,26.2950,-0.0412,0.1551,0.0094,0.1533,29.31
1789438718523,195.8946,26.4366,0.3503,-0.0891,0.4368,0.5806,29.32
1789438718523,197.7342,26.3448,-0.0065,0.2162,-0.1737,0.2143,29.31
1789438718523,195.6269,26.4503,0.2652,-0.3027,0.0705,0.3669,29.28
1789438718523,198.5595,26.3039,0.0225,0.3078,0.1621,0.3975,29.32
1789438718523,196.7124,26.3964,0.3749,-0.1806,0.4368,0.4280,29.32
1789438718523,197.9752,26.3334,-0.0254,0.5214,-0.0211,0.4585,29.31
1789438718523,196.9162,26.3866,0.4476,-0.0891,0.2536,0.2754,29.32
1789438718531,198.0349,26.3316,0.0490,0.1246,-0.1737,0.1533,29.32
1789438718541,199.0225,26.2816,0.4331,-0.3943,0.2231,0.0617,29.32
1789438718551,198.2231,26.3218,0.0666,0.5520,-0.1432,0.4585,29.31
1789438718624,199.1494,26.2757,0.4015,-0.0891,0.4673,0.2448,29.32
1789438718624,199.0751,26.2795,-0.0628,0.2162,-0.3263,0.0617,29.33
1789438718624,199.5496,26.2560,0.7534,0.0025,0.3452,0.2754,29.31
1789438718624,199.3486,26.2662,-0.1020,0.0636,-0.2348,0.0006,29.32
1789438718624,199.2639,26.2706,0.6449,-0.3027,0.3452,-0.0604,29.31
1789438718624,198.3329,26.3174,0.0204,0.5214,-0.0516,0.6417,29.32
1789438718624,199.7438,26.2470,0.9244,0.1551,0.5589,-0.0299,29.32
1789438718631,199.4170,26.2635,-0.0474,0.0025,-0.3569,0.1533,29.34
1789438718641,199.9270,26.2382,0.9632,0.0941,0.9252,-0.2130,29.32
1789438718651,198.6702,26.3012,0.0158,0.1857,-0.3263,0.2143,29.32
1789438718724,200.2175,26.2241,1.4655,0.0636,0.7726,-0.8846,29.33
1789438718724,199.4737,26.2614,0.0632,0.5214,0.0400,0.5196,29.32
1789438718724,200.3654,26.2170,0.9690,0.3993,0.6810,-0.4267,29.33
1789438718724,198.5450,26.3082,0.2043,0.2162,-0.2042,0.2448,29.34
1789438718724,200.4413,26.2135,1.5398,0.6435,0.8641,-1.4340,29.32
1789438718724,198.9827,26.2866,0.0830,0.1551,-0.2653,0.3059,29.31
1789438718724,198.6815,26.3018,0.9164,0.3078,0.8031,-1.0067,29.30
1789438718731,198.3467,26.3187,0.0037,0.4299,0.1010,0.5196,29.31
1789438718741,199.8602,26.2433,0.6711,0.5825,0.8947,-0.5793,29.31
1789438718822,199.5192,26.2604,-0.0736,0.0636,-0.2653,0.0617,29.34
1789438718822,200.3224,26.2204,0.7826,0.3383,0.6810,-0.9151,29.32
1789438718822,198.9145,26.2469,0.2330,0.0636,-0.1127,0.0617,29.30
1789438718822,196.2382,26.4250,0.7801,0.6130,0.4978,-1.0067,29.31
1789438718822,201.0513,26.1844,0.1959,0.3383,0.2842,0.3059,29.31
1789438718822,196.5059,26.4118,0.7317,0.8877,0.7726,-0.4878,29.34
1789438718824,199.2060,26.2769,0.2821,0.2162,0.4368,0.4585,29.32
1789438718824,195.4039,26.4673,0.6908,0.8572,0.2842,-0.9762,29.31
1789438718831,199.3748,26.2689,0.0851,0.1246,0.0094,-0.0299,29.32
1789438718841,196.8488,26.3954,0.4281,0.6130,0.6199,-0.0299,29.31
1789438718919,199.7396,26.2511,0.6986,-0.3943,-0.0516,0.3975,29.31
1789438718919,196.8625,26.3952,0.3572,0.2162,0.2231,-0.3351,29.32
1789438718919,199.0163,26.2876,0.7081,-0.5469,0.1010,0.2448,29.32
1789438718919,195.3914,26.4691,0.3712,0.7656,0.3452,-0.2741,29.32
1789438718919,199.8066,26.2485,1.0020,-0.7911,0.2536,0.7332,29.33
1789438718919,196.2796,26.4250,0.3513,0.3078,0.0400,-0.5793,29.32
1789438718920,195.2116,26.4786,1.0820,-1.0659,0.5284,1.1301,29.33
1789438718921,194.2342,26.5279,0.3930,0.7656,0.3757,-0.3657,29.31
1789438718931,199.3043,26.2748,1.4553,-1.1269,1.1694,1.0690,29.29
1789438718941,196.2765,26.4264,0.2207,0.2467,-0.1737,-0.4267,29.32
1789438719019,200.1125,26.2348,0.8692,-1.0353,0.4368,0.5196,29.33
1789438719019,196.4247,26.4193,0.3852,0.6741,0.0400,-0.2436,29.33
1789438719019,201.2119,26.1801,1.5150,-1.8900,1.1694,0.6417,29.31
1789438719019,196.8858,26.3964,0.1943,0.4909,0.0705,-0.1215,29.31
1789438719019,198.9876,26.2915,0.8934,-1.1880,0.8641,0.7638,29.27
1789438719019,195.6384,26.2752,0.0813,0.2467,0.0705,-0.1520,29.31
1789438719020,200.2879,26.2267,0.7163,-0.9743,1.1083,0.7332,29.33
1789438719024,198.9226,26.2950,0.0379,0.5214,0.3757,0.1533,29.32
1789438719031,196.0994,26.4364,0.8214,-1.1574,0.8947,0.7638,29.32
1789438719041,198.6575,26.3086,0.1181,0.1551,-0.0516,-0.0604,29.34
1789438719124,196.1086,26.4363,0.6087,-1.0964,0.6199,0.3975,29.31
1789438719124,198.9877,26.2923,-0.0088,0.3383,0.2842,0.2448,29.31
1789438719124,196.0179,26.4410,0.5150,-0.8522,0.7115,0.5501,29.31
1789438719124,197.8104,26.3515,0.0614,0.4909,0.2231,0.1838,29.32
1789438719124,195.7983,26.4523,0.4424,-0.3943,0.8641,0.8859,29.32
1789438719124,198.6558,26.3095,0.0266,0.0941,-0.0211,-0.1215,29.33
1789438719124,196.7631,26.4043,0.3326,-0.5775,-0.0211,0.4890,29.33
1789438719124,198.0707,26.3391,-0.0751,0.0941,0.0400,-0.1215,29.32
1789438719131,196.9243,26.3966,0.2193,-0.4859,-0.0821,0.2448,29.31
1789438719142,197.8961,26.3481,0.0318,0.4909,0.2231,0.3975,29.31
1789438719152,195.1810,26.4841,0.3670,-0.5164,0.6505,0.5196,29.32
1789438719223,198.3320,26.3268,0.0734,0.3078,-0.2348,0.0312,29.32
1789438719223,195.4051,26.4733,0.3283,-0.1501,0.1926,0.6111,29.32
1789438719223,197.4919,26.3690,-0.0886,0.3078,-0.0516,-0.0604,29.33
1789438719223,195.5778,26.4650,0.3175,-0.4248,0.1926,0.3364,29.33
1789438719223,197.6062,26.3637,-0.1218,0.5214,0.3147,0.2143,29.34
1789438719223,195.1297,26.4877,0.3373,-0.0585,0.4978,0.6417,29.32
1789438719223,197.7462,26.3571,-0.0124,0.1246,-0.1737,-0.0604,29.31
1789438719231,195.2376,26.4827,0.3661,-0.0280,0.0400,0.3364,29.31
1789438719241,197.9733,26.3461,-0.0058,0.1857,-0.1127,0.0312,29.31
1789438719322,195.5455,26.2457,0.4212,-0.2417,0.2536,0.2143,29.32
1789438719322,196.9052,26.2862,-0.0635,0.5825,0.1926,0.4280,29.29
1789438719322,200.2671,26.2319,0.6034,0.1246,0.4978,0.4585,29.31
1789438719322,199.1228,26.2892,-0.0260,0.0025,-0.1737,0.1227,29.32
1789438719322,200.4055,26.2253,0.4564,-0.1806,0.0400,0.1533,29.31
1789438719322,198.3560,26.3280,0.1495,0.0636,-0.2958,0.2448,29.32
1789438719323,200.5943,26.2162,0.7688,-0.2417,0.2231,0.1838,29.33
1789438719323,199.0635,26.2928,0.0908,0.3993,-0.1737,0.5196,29.33
1789438719331,198.7000,26.3111,1.0769,0.0330,0.8641,-0.4572,29.33
1789438719341,198.3474,26.3289,-0.0019,0.3993,-0.1432,0.4280,29.31
1789438719351,199.8223,26.2553,0.7990,0.0636,0.6199,0.0922,29.31
1789438719422,199.4052,26.2763,0.0168,0.0941,-0.2958,0.2448,29.30
1789438719422,200.4461,26.2244,0.8161,-0.2722,0.3452,-0.3046,29.31
1789438719422,199.4187,26.2759,0.0542,0.4299,-0.0516,0.6111,29.30
1789438719422,200.6132,26.2163,0.9760,-0.0280,0.4978,-0.4878,29.32
1789438719422,199.3252,26.2808,-0.1415,0.1857,-0.2653,0.3669,29.32
1789438719422,199.7480,26.2598,1.1149,0.3078,0.7420,-0.4878,29.32
1789438719423,198.4225,26.3263,0.0547,0.0941,-0.6316,0.3364,29.32
1789438719431,200.4725,26.2240,1.1337,0.0025,0.7726,-0.8846,29.31
1789438719441,198.5488,26.3203,-0.1450,0.5214,-0.0211,0.7332,29.34
1789438719517,198.9317,26.3014,0.7902,0.3993,0.8947,-0.5183,29.32
1789438719517,198.1753,26.3394,-0.0230,0.0330,-0.1737,0.2754,29.31
1789438719517,199.5394,26.2714,0.7077,0.3383,0.9252,-0.4878,29.32
1789438719517,198.8195,26.3076,0.0172,-0.0280,-0.2042,0.2143,29.26
1789438719517,199.6765,26.2650,0.9873,0.4604,0.6199,-1.3425,29.31
1789438719517,199.2070,26.2886,0.0982,0.1246,-0.1127,0.3059,29.32
1789438719519,199.2308,26.2876,0.8260,0.2467,0.6810,-0.7625,29.31
1789438719521,199.7328,26.2626,0.2350,-0.0280,-0.0821,0.1838,29.31
1789438719531,196.1748,26.4408,0.7344,0.7046,0.5589,-0.7930,29.32
1789438719541,199.9281,26.2533,0.2856,0.3688,0.3147,0.4280,29.29
1789438719551,196.0622,26.4468,0.7270,0.4909,0.3147,-0.8846,29.33
1789438719623,200.0011,26.2500,0.3227,0.2162,0.2231,0.3669,29.32
1789438719623,195.9029,26.4551,0.8840,1.0098,0.2842,-1.0983,29.32
1789438719623,200.9791,26.2014,0.8420,-0.3333,0.1621,0.2143,29.31
1789438719623,196.7690,26.4120,0.6476,0.9183,0.5284,-0.3962,29.31
1789438719623,198.9006,26.3056,0.9982,-0.9743,0.0705,0.6722,29.30
1789438719623,195.6068,26.4704,0.5212,0.7351,0.1926,-0.7930,29.31
1789438719623,200.2435,26.2387,0.7634,-0.6690,0.1010,0.4280,29.31
1789438719632,197.2155,26.3902,0.3174,0.4604,0.3452,-0.1520,29.31
1789438719641,200.5945,26.2214,1.0389,-0.5775,0.4673,0.7027,29.32
1789438719761,197.2942,26.3866,0.3550,0.4604,0.1315,-0.4267,29.32
1789438719761,200.8834,26.2073,1.0231,-0.5164,0.6810,0.9774,29.32
1789438719761,196.8940,26.4068,0.2180,0.4299,0.1315,-0.1825,29.32
1789438719761,199.6976,26.2668,1.0147,-0.7606,0.2842,0.8553,29.41
1789438719761,196.3675,26.4334,0.3854,0.4604,-0.1127,-0.4878,29.34
1789438719761,200.8963,26.2072,1.2118,-1.4016,0.8031,0.7332,29.32
1789438719761,196.5328,26.4254,0.1574,0.3993,-0.0516,-0.3046,29.32
1789438719761,199.4146,26.2815,0.6317,-0.8522,0.2231,0.7638,29.31
1789438719761,195.8463,26.4602,0.1540,0.5825,0.2536,0.0312,29.33
1789438719761,199.5805,26.2737,0.4126,-0.5775,0.2231,0.5806,29.32
1789438719761,196.9525,26.4052,0.0659,0.2162,-0.2348,-0.1825,29.30
1789438719837,199.7926,26.2635,0.9536,-1.3711,1.2304,0.6417,29.30
1789438719837,197.4442,26.3391,0.0938,0.4604,0.4368,0.3059,29.31
1789438719837,197.4442,26.3813,0.5946,-0.4859,0.7726,0.7943,29.27
1789438719837,198.6829,26.3194,-0.0222,0.2467,0.0094,-0.1215,29.30
1789438719837,196.0561,26.4510,0.5404,-1.0353,0.5589,0.4890,29.32
1789438719837,197.7076,26.3685,-0.0341,0.2772,0.0094,-0.0909,29.33
1789438719843,195.1816,26.4950,0.4636,-0.9132,0.4063,0.3975,29.31
1789438719843,197.7545,26.3666,0.0087,0.4909,0.3452,0.3059,29.32
1789438719843,195.3639,26.4863,0.4069,-0.6996,0.5284,0.5501,29.32
1789438719852,198.0400,26.3526,-0.0547,0.0330,0.0400,-0.2130,29.32
1789438719926,195.5797,26.4759,0.4162,-0.3638,0.5589,0.7332,29.32
1789438719926,196.9297,26.4085,0.1346,0.3993,-0.3263,0.0922,29.32
1789438719926,195.3494,26.4877,0.4032,-0.7301,0.5589,0.3669,29.32
1789438719926,198.3671,26.3369,0.0280,0.3078,0.1926,0.2754,29.32
1789438719926,196.5728,26.4268,0.2782,-0.4554,0.3452,0.4280,29.31
1789438719926,198.8667,26.3122,0.1297,0.2467,-0.4179,0.0006,29.31
1789438719927,196.8060,26.4154,0.3729,-0.1196,0.3147,0.6111,29.31
1789438719931,198.9004,26.3108,-0.0423,0.3078,-0.1127,0.0922,29.32
1789438719941,195.7347,26.4692,0.4329,-0.4554,0.1926,0.2448,29.31
1789438720019,198.7894,26.3167,0.1349,0.7046,0.0705,0.4280,29.31
1789438720019,196.1761,26.4475,0.3783,-0.1806,0.6810,0.5196,29.32
1789438720019,199.0222,26.3052,-0.0412,0.1246,-0.1432,0.0617,29.31
1789438720019,196.0575,26.4536,0.3327,-0.3027,0.0705,0.1838,29.30
1789438720019,198.2026,26.3464,0.0601,0.2467,-0.2042,0.1838,29.31
1789438720019,195.8302,26.4653,0.3545,-0.0585,0.1315,0.1533,29.32
1789438720021,198.7362,26.3200,-0.0763,0.5520,0.1315,0.4890,29.31
1789438720021,200.0522,26.2544,0.5175,0.1551,0.4368,0.4890,29.32
1789438720031,198.3719,26.3386,0.0075,0.0636,-0.2042,0.0312,29.32
1789438720041,200.4787,26.2335,0.5720,-0.2417,0.1010,0.1227,29.31
1789438720051,198.5180,26.3316,0.0944,0.4299,-0.1737,0.4280,29.33
1789438720124,199.1417,26.3006,0.5246,0.1551,0.4368,0.4585,29.32
1789438720124,198.3658,26.3396,-0.0308,0.5520,0.0094,0.3669,29.31
1789438720124,199.1001,26.3031,0.5399,0.0636,0.6199,0.3364,29.31
1789438720124,199.1111,26.3027,-0.0302,0.0941,-0.1737,0.0617,29.32
1789438720124,199.5531,26.2808,0.8483,-0.1196,0.2842,-0.0909,29.32
1789438720124,199.2754,26.2948,0.0136,0.2467,-0.1127,0.3975,29.32
1789438720124,199.2706,26.2953,0.7426,-0.1196,0.3147,-0.1215,29.33
1789438720131,198.2569,26.3461,-0.0413,0.4909,-0.1432,0.6417,29.32
1789438720141,200.0640,26.2560,0.9665,0.2162,0.8336,-0.4267,29.32
1789438720151,199.3940,26.2896,0.0217,0.0636,-0.3874,0.2448,29.27
1789438720221,200.1110,26.2540,1.0212,0.2162,0.8336,-0.4878,29.34
1789438720221,199.2403,26.2976,0.0201,0.1551,-0.3263,0.5196,29.30
1789438720221,200.4822,26.2358,1.3799,0.2162,0.8031,-1.0372,29.31
1789438720221,199.6080,26.2796,-0.0114,0.4299,0.1010,0.6722,29.29
1789438720221,200.4774,26.2363,0.9378,0.3993,1.1083,-0.4267,29.31
1789438720221,198.5108,26.3348,0.3730,0.0941,-0.4179,0.4585,29.30
1789438720223,201.1409,26.2034,1.6207,0.9793,0.7726,-1.7393,29.30
1789438720231,199.3525,26.2929,0.0215,0.1857,-0.2042,0.4280,29.31
1789438720241,198.8695,26.3172,0.8267,0.3383,0.9557,-1.0067,29.31
1789438720251,198.4430,26.3386,0.0050,0.4299,0.2231,0.5501,29.34
1789438720322,199.8850,26.2667,0.7360,0.6435,0.9557,-0.4267,29.33
1789438720322,199.4555,26.2883,-0.0301,-0.1501,-0.1432,0.0006,29.30
1789438720322,200.4534,26.2385,0.6700,0.3383,0.4978,-0.7320,29.32
1789438720322,199.7899,26.2718,0.2928,-0.0280,-0.1432,0.1227,29.30
1789438720322,196.7727,26.4228,0.7714,0.7046,0.6199,-0.6099,29.31
1789438720322,201.3463,26.1942,0.2872,0.1857,0.1010,0.2754,29.26
1789438720322,196.5187,26.4357,0.5720,0.3993,0.3757,-0.6709,29.31
1789438720331,199.4212,26.2907,0.3662,0.2162,0.3452,0.4890,29.31
1789438720341,195.8456,26.4698,0.6351,0.7962,0.3757,-0.7625,29.34
1789438720351,200.0437,26.2600,0.2048,0.0025,0.0400,-0.1520,29.32
1789438720424,197.0813,26.4083,0.4510,0.4604,0.4673,-0.2436,29.32
1789438720424,200.1409,26.2555,0.7926,-0.5775,0.0094,0.2143,29.32
1789438720424,197.4606,26.3897,0.3274,0.1857,0.1926,-0.4572,29.31
1789438720424,198.9388,26.3160,0.6725,-0.6690,0.0705,0.4280,29.32
1789438720424,195.2914,26.4985,0.3933,0.7656,0.5284,-0.1215,29.31
1789438720424,199.8094,26.2728,0.9468,-0.7606,0.3757,0.7332,29.31
1789438720424,196.4492,26.4409,0.3602,0.3993,0.0705,-0.6099,29.32
1789438720431,199.7494,26.2761,1.0921,-0.7911,0.4673,1.1606,29.32
1789438720441,196.4366,26.4419,0.2356,0.5520,0.3452,-0.0604,29.32
1789438720520,200.2278,26.2526,1.2418,-0.9438,0.8641,1.1301,29.33
1789438720520,195.9100,26.4686,0.1769,0.3383,-0.1127,-0.3046,29.32
1789438720520,200.1471,26.2569,0.8873,-1.1880,0.4673,0.5501,29.33
1789438720520,196.3002,26.4494,0.4132,0.7962,0.1010,-0.1825,29.33
1789438720520,201.1481,26.2072,1.4111,-1.8595,1.2610,0.6722,29.32
1789438720520,196.8573,26.4218,0.1402,0.3688,-0.1432,-0.2741,29.34
1789438720522,198.7576,26.3270,0.7758,-1.2490,0.5894,0.6417,29.32
1789438720522,198.8904,26.3204,0.0673,0.2162,-0.0211,-0.1215,29.32
1789438720531,200.2331,26.2535,0.6739,-0.7606,0.9557,0.9164,29.32
1789438720541,198.8870,26.3208,0.0286,0.3993,0.2842,0.0922,29.34
1789438720551,196.0812,26.4613,0.7787,-1.0048,0.9557,0.5806,29.33
1789438720621,198.6482,26.3331,0.1145,0.0941,-0.0516,-0.0909,29.32
1789438720621,196.1038,26.4605,0.5976,-1.0353,0.6810,0.3059,29.32
1789438720621,198.9960,26.3159,-0.0243,0.2162,0.2536,0.1227,29.32
1789438720621,196.0636,26.4627,0.4912,-0.8522,0.7115,0.6111,29.32
1789438720621,198.2641,26.3528,0.0128,0.5520,0.3757,-0.0604,29.31
1789438720621,196.1177,26.4603,0.3946,-0.5469,0.7420,0.7638,29.33
1789438720623,198.9638,26.3180,-0.0392,0.1551,-0.0211,-0.0909,29.33
1789438720631,197.1306,26.4099,0.3332,-0.6690,0.0400,0.3059,29.31
1789438720641,198.7073,26.3311,0.0332,0.2772,0.1621,0.1838,29.31
1789438720651,199.2548,26.3037,0.1868,-0.2417,0.1926,0.5806,29.32
1789438720721,198.8337,26.3248,0.0046,0.5520,0.1621,0.3364,29.32
1789438720721,195.5708,26.4881,0.2531,-0.0891,0.6199,0.6722,29.32
1789438720721,198.2738,26.3531,0.1354,0.2162,-0.3263,0.0006,29.32
1789438720721,195.6274,26.4856,0.3239,-0.4859,0.1621,0.3364,29.31
1789438720721,197.4022,26.3970,-0.0940,0.2772,0.0705,0.0312,29.32
1789438720721,195.4582,26.4945,0.3441,-0.3638,0.2231,0.3059,29.32
1789438720721,197.5426,26.3904,-0.1575,0.4604,0.3452,0.3059,29.34
1789438720731,195.0979,26.5128,0.3474,0.0330,0.5284,0.5806,29.32
1789438720741,197.8988,26.3730,-0.0060,0.5214,0.1621,0.4890,29.31
1789438720822,195.3216,26.5020,0.3517,-0.0891,0.3147,0.3975,29.32
1789438720822,198.3411,26.3512,-0.0403,0.0941,-0.0516,0.0006,29.31
1789438720822,200.2251,26.2572,0.5255,-0.1501,0.3452,0.1533,29.32
1789438720822,199.2962,26.3038,0.0006,0.1551,-0.2653,-0.0299,29.35
1789438720822,200.5123,26.2432,0.6171,-0.2417,0.1315,0.1227,29.33
1789438720822,199.6234,26.2877,0.0397,0.2467,-0.1432,0.2448,29.29
1789438720823,200.6525,26.2364,0.6024,0.0941,0.3757,0.3975,29.32
1789438720823,198.5943,26.3395,0.0675,0.2162,-0.3874,0.2754,29.34
1789438720831,201.0614,26.2163,0.8519,0.2467,0.4978,0.4280,29.32
1789438720841,199.3043,26.3042,0.0413,0.0941,-0.3263,0.1838,29.33
1789438720922,198.8532,26.3269,1.0837,-0.0891,0.6810,-0.5793,29.31
1789438720922,198.4260,26.3485,0.0756,0.4299,-0.1127,0.5806,29.32
1789438720922,199.8616,26.2768,0.7896,-0.0891,0.5284,-0.1520,29.33
1789438720922,199.4580,26.2971,-0.0487,0.3993,-0.4484,0.3059,29.32
1789438720922,200.7304,26.2336,0.9104,0.2162,0.6810,0.1227,29.32
1789438720922,199.1856,26.3110,0.0419,0.0636,-0.4179,0.2754,29.33
1789438720923,200.6621,26.2373,0.9708,-0.0585,0.5284,-0.5183,29.32
1789438720923,199.4395,26.2986,-0.1066,0.0636,-0.3263,0.2143,29.29
1789438720931,199.8054,26.2804,1.1994,0.1246,0.9557,-0.5488,29.32
1789438720941,198.3876,26.3514,0.0356,0.1857,-0.3569,0.4890,29.33
1789438720951,200.6388,26.2391,1.2662,0.0330,0.8641,-0.9151,29.32
1789438721022,198.3218,26.3551,-0.1243,0.5520,-0.1127,0.6111,29.34
1789438721022,199.2368,26.3096,0.7727,0.4909,0.9557,-0.2741,29.32
1789438721022,198.3317,26.3550,-0.0074,0.0941,-0.2348,0.1533,29.33
1789438721022,199.6156,26.2910,0.7292,0.1857,0.4673,-0.5793,29.32
1789438721022,198.8555,26.3292,-0.0240,0.0941,-0.3569,0.3669,29.31
1789438721022,199.9028,26.2771,0.9581,0.6741,0.7115,-1.1898,29.32
1789438721022,199.6218,26.2912,0.1029,0.3688,0.2231,0.3669,29.37
1789438721031,199.4138,26.3019,0.7839,0.8877,0.7420,-0.6099,29.37
1789438721041,200.1971,26.2628,0.1172,0.1246,-0.1737,0.1838,29.32
1789438721051,199.9821,26.4496,0.8189,0.4604,0.4978,-0.9762,29.32
1789438721122,200.2998,26.2581,0.4082,-0.0585,-0.1432,0.1227,29.32
1789438721122,196.2532,26.4606,0.6245,0.7351,0.6199,-0.5488,29.31
1789438721122,200.3697,26.2549,0.2619,0.1551,0.1621,0.2143,29.32
1789438721122,196.1234,26.4674,0.9733,0.8877,0.2231,-1.0983,29.32
1789438721122,201.1539,26.2160,0.6758,0.1246,0.3147,0.4890,29.32
1789438721122,196.5808,26.4448,0.5657,0.6741,0.2842,-0.7014,29.32
1789438721124,198.9021,26.3289,0.9302,-0.5469,0.5284,1.0080,29.31
1789438721131,195.9159,26.4783,0.5976,0.7046,0.1315,-0.8541,29.32
1789438721141,200.3742,26.2555,0.6827,-0.5469,0.2231,0.2754,29.32
1789438721151,197.2825,26.4102,0.3364,0.3688,0.2536,-0.4878,29.32
1789438721222,200.4121,26.2539,0.6952,-0.4554,0.0400,0.2143,29.31
1789438721222,197.2006,26.4146,0.4198,0.7962,0.5284,-0.2130,29.31
1789438721222,201.0221,26.2237,0.8912,-0.6080,0.3147,0.5501,29.31
1789438721222,196.6678,26.4414,0.2967,0.3383,0.0400,-0.4267,29.32
1789438721222,200.0122,26.2744,1.0375,-0.7301,0.6810,0.9164,29.32
1789438721222,196.4645,26.4519,0.3029,0.6130,0.1315,-0.2130,29.32
1789438721222,201.2518,26.2127,1.0290,-0.7606,0.4673,0.9774,29.30
1789438721231,196.8195,26.4343,0.2367,0.3688,-0.0516,-0.3351,29.33
1789438721241,199.3214,26.3094,0.5685,-0.8217,0.3757,0.6417,29.32
1789438721251,196.0943,26.4709,0.1662,0.3688,-0.0516,-0.2436,29.33
1789438721321,199.7461,26.2885,0.4843,-0.6385,0.1621,0.5806,29.32
1789438721321,197.1759,26.4172,0.1280,0.6435,0.3147,0.1227,29.34
1789438721321,199.6720,26.2926,1.0288,-1.4627,0.9252,0.4890,29.33
1789438721321,197.4934,26.4017,0.0756,0.0636,-0.0821,-0.3657,29.32
1789438721321,199.1383,26.3196,0.8146,-1.1880,0.8336,0.5501,29.33
1789438721321,197.9461,26.3793,0.0281,0.3688,0.2231,0.0617,29.31
1789438721323,195.7098,26.4914,0.6846,-0.8522,1.0168,0.8859,29.35
1789438721331,198.0697,26.3735,-0.0074,0.1551,0.0705,-0.2436,29.33
1789438721341,195.3503,26.5097,0.5843,-0.9438,0.6810,0.4585,29.31
1789438721419,198.0099,26.3768,0.0302,0.3078,0.0094,-0.1520,29.32
1789438721419,195.2840,26.5134,0.4877,-0.9743,0.4673,0.3059,29.32
1789438721419,197.9893,26.3782,-0.0479,0.5520,0.2536,0.2448,29.33
1789438721419,195.8226,26.4868,0.3832,-0.4859,0.7420,0.6722,29.31
1789438721419,197.0481,26.4256,0.1238,0.3688,-0.2653,0.0617,29.32
1789438721419,195.3712,26.5096,0.5112,-0.8827,0.6810,0.3975,29.32
1789438721421,198.3783,26.3594,0.0637,0.2162,-0.0821,0.0922,29.32
1789438721421,196.5788,26.4495,0.3078,-0.5775,0.1010,0.3059,29.32
1789438721431,199.2324,26.3169,0.0563,0.4299,0.1926,0.3669,29.32
1789438721441,197.2917,26.4141,0.3398,-0.1501,0.2842,0.6111,29.30
1789438721524,198.7480,26.3414,-0.1559,0.1551,0.0094,-0.0604,29.31
1789438721524,196.1345,26.4722,0.4683,-0.5164,0.4978,0.2448,29.31
1789438721524,198.9961,26.3292,0.1312,0.1246,-0.2958,0.1227,29.32
1789438721524,196.2822,26.4650,0.3502,-0.5164,0.1315,0.3669,29.32
1789438721525,199.0771,26.3254,-0.0481,0.4909,0.2231,0.4890,29.34
1789438721525,196.0870,26.4750,0.3371,-0.2112,0.4673,0.4890,29.33
1789438721525,195.5295,26.5032,0.0823,0.2467,-0.4484,0.0922,29.32
1789438721525,195.1252,26.5237,0.4240,-0.0585,0.2536,0.5806,29.32
1789438721531,198.7861,26.3408,0.0259,0.0636,-0.2348,0.1227,29.31
1789438721541,197.3773,26.4114,0.3961,-0.3027,0.1621,0.1533,29.31
1789438721551,198.7252,26.3441,0.0321,0.5214,0.0400,0.4280,29.32
1789438721622,197.4012,26.4104,0.3894,0.0636,0.1926,0.3975,29.32
1789438721622,198.3154,26.3648,-0.0246,0.3383,0.0400,0.1227,29.32
1789438721622,199.5135,26.3051,0.4722,-0.2417,0.3452,0.3059,29.31
1789438721622,198.4868,26.3566,0.0642,0.1551,-0.3263,0.0922,29.33
1789438721622,199.4806,26.3070,0.3953,-0.3027,0.1315,0.0922,29.32
1789438721622,199.3350,26.3144,-0.0355,0.3078,-0.0516,0.2754,29.33
1789438721624,200.1529,26.2737,0.6310,0.0636,0.3452,0.4585,29.33
1789438721631,199.5354,26.3047,-0.1340,0.2162,-0.2348,0.2754,29.32
1789438721641,199.6016,26.3016,0.6442,-0.1806,0.4673,0.0617,29.33
1789438721722,198.5197,26.3558,0.0375,0.1857,-0.3263,0.2754,29.31
1789438721722,200.0328,26.2804,0.8190,-0.1501,0.2536,-0.0299,29.31
1789438721722,199.7442,26.2950,0.0064,0.3688,0.0094,0.4585,29.32
1789438721722,200.3386,26.2654,0.8419,0.0636,0.4368,0.0006,29.31
1789438721722,199.3543,26.3148,-0.0505,0.2772,-0.4179,0.3059,29.36
1789438721722,200.5435,26.2555,1.2939,0.4604,1.0473,-0.2130,29.32
1789438721723,199.6529,26.3001,0.0452,0.1857,-0.4179,0.3364,29.31
1789438721723,200.5045,26.2577,0.9953,-0.0280,0.4063,-0.4572,29.32
1789438721731,198.5199,26.3571,0.1563,0.2772,-0.2042,0.6111,29.32
1789438721741,200.9670,26.2349,1.4627,0.1857,0.8641,-1.0067,29.32
1789438721751,199.6969,26.2985,-0.0635,0.4299,-0.1737,0.6111,29.33
1789438721822,198.8597,26.3404,1.0030,0.4604,1.1694,-0.6404,29.31
1789438721823,198.6010,26.3535,-0.0121,0.0330,-0.3874,0.3364,29.26
1789438721823,199.9761,26.2849,0.8773,0.0330,0.6810,-0.8235,29.30
1789438721823,199.5038,26.3086,0.0175,0.1246,-0.4179,0.3059,29.34
1789438721823,200.4817,26.2598,0.7712,0.0636,0.6505,-0.7320,29.32
1789438721823,199.0699,26.3305,0.0324,0.3993,0.0400,0.5806,29.29
1789438721823,200.8056,26.2439,0.8721,0.5520,1.0778,-0.5488,29.32
1789438721831,199.2205,26.3233,-0.0199,-0.0280,-0.0516,0.0006,29.32
1789438721841,199.8757,26.2906,0.8593,0.3688,0.6199,-1.0067,29.31
1789438721922,198.6036,26.3543,0.1511,0.0941,-0.1432,0.1838,29.37
1789438721922,200.5717,26.2561,0.9261,0.7351,0.5284,-1.0983,29.33
1789438721922,199.9204,26.2888,-0.0360,0.3078,0.1315,0.3364,29.32
1789438721922,197.1286,26.4286,0.5273,0.5214,0.8641,-0.0909,29.30
1789438721922,200.1651,26.2769,0.3187,0.3078,0.1621,0.3059,29.33
1789438721922,197.4704,26.4118,0.4430,0.2162,0.2536,-0.4572,29.33
1789438721924,199.3295,26.3190,0.0516,0.0330,-0.0211,0.0617,29.32
1789438721924,195.6123,26.5051,0.5003,0.6435,0.6505,-0.3657,29.32
1789438721931,200.0447,26.2836,0.5583,-0.2417,0.0094,0.1533,29.31
1789438721941,196.5815,26.4569,0.4843,0.3993,0.2842,-0.4878,29.33
1789438721951,200.0356,26.2844,0.9086,-0.4859,0.1926,0.6111,29.32
1789438722023,196.3323,26.4698,0.3650,0.5825,0.1621,-0.3962,29.33
1789438722023,200.0107,26.2860,1.0123,-0.6996,0.1010,0.5501,29.32
1789438722023,196.0967,26.4819,0.4059,0.6130,0.1926,-0.4878,29.32
1789438722023,200.4537,26.2642,0.7771,-0.4248,0.5894,0.8553,29.32
1789438722023,196.5378,26.4601,0.5556,0.8877,0.1926,-0.4878,29.34
1789438722023,201.1187,26.2313,1.5712,-1.1880,0.5894,0.9164,29.32
1789438722023,197.2000,26.4273,0.3961,0.4299,0.1010,-0.5183,29.33
1789438722031,198.9281,26.3411,0.9938,-1.3101,0.4368,0.8553,29.34
1789438722041,195.8592,26.4945,0.2007,0.3688,-0.0821,-0.2741,29.32
1789438722051,200.3741,26.2689,0.9331,-1.1574,0.4673,0.6722,29.30
1789438722123,197.2813,26.4236,0.1427,0.3993,0.1010,0.0006,29.32
1789438722123,200.7530,26.2502,1.1732,-1.2490,0.9557,0.9469,29.33
1789438722123,197.5073,26.4125,0.1648,0.3383,-0.1432,-0.3046,29.33
1789438722123,200.9911,26.2385,1.0375,-1.0353,1.0778,0.6722,29.32
1789438722123,196.9508,26.4405,0.0714,0.3078,-0.1127,-0.0604,29.32
1789438722123,200.2292,26.2768,0.8907,-1.0659,1.1694,0.8859,29.32
1789438722123,198.3140,26.3727,0.0840,0.5214,0.2231,0.0617,29.32
1789438722131,201.1247,26.2323,0.8241,-1.3101,0.8336,0.6111,29.31
1789438722141,198.9598,26.3406,0.0283,0.2467,-0.1127,-0.2130,29.32
1789438722221,197.1273,26.4324,0.3822,-0.6996,0.2536,0.4890,29.31
1789438722221,198.1974,26.3790,0.0398,0.3993,0.2231,0.0617,29.32
1789438722221,197.0249,26.4379,0.2975,-0.4859,0.5284,0.5806,29.33
1789438722221,198.1136,26.3836,0.0047,0.4909,0.3452,0.0922,29.33
1789438722221,195.2021,26.5293,0.5178,-0.8217,0.8641,0.6722,29.31
1789438722221,198.5295,26.3631,0.1337,0.1551,-0.1432,-0.0909,29.31
1789438722222,195.9111,26.4942,0.3935,-0.7606,0.1621,0.2754,29.33
1789438722222,197.7995,26.3999,-0.0813,0.3078,0.1621,0.0617,29.32
1789438722231,195.8531,26.4974,0.3278,-0.4554,0.3757,0.5196,29.32
1789438722241,197.6476,26.4078,-0.0690,0.2162,0.2536,-0.1520,29.33
1789438722320,195.5357,26.5136,0.3167,-0.5469,0.2842,0.4280,29.32
1789438722320,198.1302,26.3840,0.0027,0.3993,0.1926,0.3975,29.32
1789438722320,195.7911,26.5012,0.2799,-0.1806,0.4063,0.6417,29.32
1789438722320,198.2608,26.3778,-0.0229,0.1246,-0.2653,0.1227,29.32
1789438722320,196.0598,26.4881,0.3611,-0.3638,0.4673,0.3059,29.32
1789438722320,197.2267,26.4298,0.0728,0.3993,-0.2348,0.1838,29.31
1789438722322,195.4972,26.5165,0.3747,-0.4554,0.1621,0.3364,29.31
1789438722322,198.4574,26.3686,-0.0003,0.4909,0.1315,0.3669,29.32
1789438722331,196.8202,26.4506,0.3114,-0.3638,0.3147,0.3364,29.32
1789438722341,198.9763,26.3429,-0.0048,0.4604,0.1010,0.1838,29.33
1789438722351,196.9565,26.4440,0.4444,0.2162,0.3757,0.6111,29.31
1789438722422,199.6868,26.3075,0.0449,0.0025,-0.2958,-0.0299,29.32
1789438722422,197.8203,26.2305,0.4672,-0.2722,0.1010,0.1838,29.32
1789438722422,199.4221,26.3207,0.0458,0.4299,0.0705,0.3975,29.31
1789438722422,200.4225,26.2708,0.4362,0.0330,0.4368,0.4585,29.31
1789438722422,199.7111,26.3065,-0.0372,0.3383,0.1315,0.1227,29.31
1789438722422,200.6077,26.2617,0.5050,0.0330,0.2536,0.2143,29.33
1789438722423,199.4975,26.3173,0.0346,0.0330,-0.1737,0.0006,29.33
1789438722431,200.8828,26.2483,0.5875,-0.1806,0.1621,0.1533,29.32
1789438722441,199.1633,26.3344,0.0209,0.3688,-0.0516,0.4890,29.32
1789438722451,200.3223,26.2765,0.7227,0.0025,0.5894,0.2754,29.31
1789438722523,198.7149,26.3570,0.0116,0.1857,-0.4179,0.2143,29.31
1789438722523,200.8133,26.2523,0.8843,0.0330,0.5894,0.1838,29.32
1789438722523,198.6122,26.3625,0.0482,0.0941,-0.2653,0.2754,29.32
1789438722523,199.3823,26.3242,0.8211,-0.0891,0.3147,-0.2130,29.33
1789438722523,198.7815,26.3543,0.0671,0.3078,-0.3874,0.5501,29.33
1789438722523,199.6748,26.3098,0.5062,-0.1806,0.3147,-0.0909,29.32
1789438722523,199.0793,26.3397,-0.1740,0.4604,-0.1127,0.3364,29.33
1789438722531,200.0213,26.2928,1.0300,0.2772,0.9252,-0.1825,29.33
1789438722541,199.5914,26.3144,-0.0762,0.2162,-0.4179,0.2448,29.32
1789438722552,199.4013,26.3241,0.9430,-0.0280,0.5894,-0.6099,29.32
1789438722622,198.4129,26.3737,0.0406,0.2467,-0.2653,0.4280,29.31
1789438722622,200.1545,26.2869,1.0037,0.0636,0.7420,-0.8846,29.32
1789438722622,199.4457,26.3225,0.0332,0.3383,-0.1127,0.6111,29.35
1789438722622,200.3406,26.2779,0.9364,0.4604,1.1083,-0.6099,29.33
1789438722622,199.4569,26.3222,-0.0216,-0.0280,-0.2653,0.2448,29.33
1789438722622,200.4069,26.2749,1.4476,0.9183,0.7115,-1.5561,29.32
1789438722623,199.6856,26.3111,0.1546,0.0941,-0.2653,0.2448,29.32
1789438722631,200.5155,26.2698,0.8961,0.3993,0.4978,-0.9151,29.32
1789438722641,198.5370,26.3688,0.5489,-0.0585,0.2231,0.7638,29.32
1789438722651,201.1869,26.2364,1.2157,1.1014,0.9252,-1.4035,29.32
1789438722722,199.7178,26.2757,0.2021,0.1246,0.0094,0.4280,29.32
1789438722722,197.2945,26.4312,0.8086,0.4909,0.5894,-0.9456,29.31
1789438722722,201.0443,26.2438,0.2117,-0.1196,-0.1432,-0.0299,29.30
1789438722722,197.5221,26.4201,0.6246,0.4299,0.3757,-0.7014,29.31
1789438722722,201.1869,26.2369,0.2960,-0.0891,-0.0516,0.0312,29.33
1789438722722,196.7544,26.4586,0.6672,0.9183,0.7115,-0.4878,29.32
1789438722723,200.2618,26.2833,0.5045,0.0636,0.1621,0.4280,29.32
1789438722731,196.4805,26.4726,0.6855,0.6435,0.3147,-0.9151,29.31
1789438722741,201.2646,26.2334,0.5282,-0.0280,0.0400,0.2754,29.33
1789438722825,196.9621,26.4486,0.5578,0.9183,0.6810,-0.3657,29.33
1789438722825,199.7108,26.3113,0.5030,-0.3943,0.1010,0.1533,29.31
1789438722825,195.9978,26.4971,0.5348,0.6130,0.2842,-0.8541,29.32
1789438722825,200.1384,26.2902,0.3136,-0.1806,0.0094,-0.0909,29.32
1789438722825,197.3768,26.4285,0.2922,0.3383,0.1621,-0.3657,29.33
1789438722825,199.9989,26.2975,0.9179,-0.3027,0.2231,0.7638,29.32
1789438722825,197.5251,26.4213,0.3589,0.5214,0.3147,-0.0604,29.32
1789438722825,199.3587,26.3298,0.7023,-0.2112,0.4978,0.7332,29.30
1789438722831,195.5623,26.5198,0.2585,0.3993,0.0094,-0.4267,29.33
1789438722841,200.0798,26.2941,0.9210,-0.5775,0.5894,0.9774,29.23
1789438722851,196.5775,26.4693,0.3110,0.7962,0.4673,0.0312,29.29
1789438722923,200.1698,26.2899,0.9874,-0.9438,0.4978,1.1606,29.33
1789438722923,196.5905,26.4690,0.2008,0.3078,-0.1127,-0.3657,29.33
1789438722923,200.3630,26.2806,1.2287,-1.5848,0.9862,0.7332,29.32
1789438722923,196.2832,26.4847,0.1364,0.6435,0.1010,0.0922,29.32
1789438722923,200.4132,26.2784,0.8486,-1.1574,0.6810,0.5806,29.31
1789438722923,196.4364,26.4774,0.3386,0.3688,-0.1432,-0.4267,29.32
1789438722923,201.2208,26.2384,1.3131,-1.8900,1.3220,0.5196,29.29
1789438722931,198.5272,26.3730,0.1342,0.4299,-0.0516,-0.0909,29.32
1789438722941,196.8407,26.4576,0.6928,-1.1574,0.8947,0.6722,29.33
1789438722951,198.9868,26.3503,0.0807,0.5214,0.3452,0.0617,29.32
1789438723025,196.9630,26.4516,0.6063,-0.9743,0.5894,0.3669,29.31
1789438723025,199.1128,26.3441,0.0313,0.1857,0.0705,-0.0299,29.33
1789438723025,196.2696,26.4865,0.6994,-1.0964,0.9557,0.5501,29.31
1789438723025,199.0632,26.3468,0.1086,0.2772,0.2231,0.0617,29.32
1789438723025,196.4642,26.4770,0.5309,-0.9743,0.6505,0.4585,29.32
1789438723025,199.4456,26.3279,0.0206,0.0636,-0.0821,-0.0604,29.32
1789438723025,196.5436,26.4732,0.4386,-0.8827,0.3147,0.3975,29.32
1789438723031,198.4567,26.3776,0.0763,0.3993,0.0705,0.1533,29.32
1789438723041,196.3210,26.4845,0.3622,-0.6690,0.4368,0.5806,29.31
1789438723127,199.0334,26.3489,-0.0116,0.3078,0.3147,0.0006,29.31
1789438723127,197.1194,26.4448,0.3307,-0.2417,0.4063,0.7638,29.32
1789438723127,198.4993,26.3758,0.0346,-0.0280,-0.2042,-0.0604,29.34
1789438723127,197.4353,26.4292,0.2783,-0.3333,0.0705,0.3669,29.31
1789438723127,198.3302,26.3846,0.0448,0.3383,-0.0211,0.3059,29.33
1789438723127,195.3145,26.5355,0.3233,-0.6690,0.2842,0.3364,29.32
1789438723127,199.0093,26.3509,0.1220,0.5214,0.0705,0.4585,29.32
1789438723127,195.9079,26.5061,0.3010,-0.4859,0.3757,0.4890,29.32
1789438723131,198.1999,26.3916,-0.1013,0.0941,-0.1432,-0.0909,29.31
1789438723141,195.8668,26.5085,0.3189,-0.3333,0.3757,0.3364,29.32
1789438723151,198.0756,26.3981,-0.1237,0.1246,0.1315,-0.1520,29.32
1789438723225,195.7236,26.5159,0.2876,-0.3638,0.1315,0.2754,29.32
1789438723225,198.2968,26.3875,0.0800,0.4299,0.1926,0.4585,29.31
1789438723225,195.6446,26.5203,0.3747,0.0025,0.2231,0.4280,29.30
1789438723225,198.1886,26.3932,-0.0999,0.2162,-0.3263,0.1838,29.35
1789438723225,200.4797,26.2789,0.4194,0.1551,0.4978,0.5501,29.32
1789438723225,197.4869,26.3315,0.0265,0.0330,-0.2653,0.0006,29.31
1789438723226,200.7607,26.2651,0.4542,-0.3943,0.1315,0.1838,29.32
1789438723231,195.6985,26.5186,0.1118,0.2772,-0.1737,0.2754,29.32
1789438723241,198.9149,26.3581,0.6184,-0.1806,0.2842,0.2448,29.31
1789438723252,198.3421,26.3870,0.0515,0.5520,0.0400,0.6111,29.31
1789438723326,201.2473,26.2419,0.6183,0.0636,0.3452,0.3669,29.33
1789438723326,199.6741,26.3206,0.0096,0.1246,-0.1737,0.1838,29.35
1789438723326,199.6594,26.3215,0.8787,-0.0585,0.4063,-0.0604,29.33
1789438723326,198.7334,26.3679,0.1190,0.2772,-0.4179,0.3364,29.33
1789438723326,200.6853,26.2704,0.5310,-0.2112,0.1926,0.1533,29.31
1789438723326,200.1116,26.2991,-0.0034,0.5825,0.0400,0.6111,29.32
1789438723327,200.8311,26.2632,0.6545,0.1857,0.5284,0.2754,29.31
1789438723331,199.3702,26.3364,0.0511,0.1551,-0.2653,0.2754,29.33
1789438723341,201.1835,26.2458,0.7638,-0.0891,0.2842,0.0006,29.33
1789438723351,199.3322,26.3385,-0.0217,0.2772,-0.4179,0.3059,29.35
1789438723428,200.1316,26.2986,0.9502,-0.0891,0.4368,-0.3962,29.32
1789438723428,198.5396,26.3783,0.0233,0.3688,-0.2042,0.4585,29.32
1789438723428,201.2247,26.2442,1.1600,0.0330,0.7420,-0.3962,29.31
1789438723428,198.9327,26.3589,-0.0607,0.5520,-0.2042,0.6722,29.28
1789438723428,199.3804,26.3367,0.7985,0.2772,0.8336,-0.2741,29.32
1789438723428,198.4991,26.3809,-0.0154,0.1551,-0.2958,0.3669,29.33
1789438723428,199.7011,26.3209,0.7272,0.2162,0.4063,-0.1825,29.33
1789438723432,199.4781,26.3322,-0.0323,0.0941,-0.2653,0.2448,29.33
1789438723441,200.0106,26.3058,1.1123,0.0636,0.7726,-0.9151,29.32
1789438723451,199.9700,26.3079,-0.0282,0.4909,0.0705,0.5196,29.31
1789438723532,199.5851,26.3274,0.6479,0.2467,0.5894,-0.5793,29.32
1789438723532,198.5111,26.3812,-0.0143,0.1551,-0.3569,0.2448,29.32
1789438723532,200.1953,26.2972,1.0137,0.3993,1.0778,-0.9456,29.32
1789438723532,199.4598,26.3341,0.1568,-0.0891,-0.2348,0.1227,29.26
1789438723532,200.6423,26.2752,1.0474,0.4909,0.6199,-1.3119,29.31
1789438723532,199.6016,26.3274,0.1135,0.2772,-0.0821,0.4585,29.32
1789438723535,200.6706,26.2741,1.1502,1.1319,0.5589,-1.1288,29.32
1789438723535,201.5657,26.2294,0.2499,0.1857,0.2231,0.2448,29.31
1789438723541,197.3323,26.4412,0.9473,0.7656,0.2842,-1.0067,29.32
1789438723551,199.4553,26.3351,0.3269,-0.3027,-0.0211,0.2448,29.32
1789438723624,196.0119,26.5074,0.9077,1.1319,0.4063,-1.1593,29.31
1789438723624,200.4519,26.2854,0.5258,-0.2722,-0.0516,0.3669,29.32
1789438723624,197.3202,26.4421,0.5720,0.7656,0.6199,-0.3046,29.33
1789438723624,200.7736,26.2696,0.4889,0.1857,0.1010,0.4890,29.31
1789438723624,197.5715,26.4298,0.5547,0.3993,0.2536,-0.5793,29.32
1789438723624,201.0150,26.2578,0.6853,-0.0280,0.4673,0.5806,29.29
1789438723625,196.9635,26.4604,0.3379,0.4604,0.4673,-0.2130,29.32
1789438723631,200.2324,26.2971,0.8752,-0.2722,0.4368,0.7027,29.32
1789438723641,196.5717,26.4803,0.5493,0.4909,0.0094,-0.7014,29.32
1789438723652,201.3762,26.2402,0.8030,-0.5775,0.1315,0.4280,29.32
1789438723721,196.6699,26.4755,0.3750,0.5825,0.1621,-0.5183,29.32
1789438723721,199.6947,26.3244,0.6433,-0.6690,0.0400,0.5501,29.32
1789438723721,196.2878,26.4949,0.3941,0.7351,0.4063,-0.2741,29.32
1789438723721,200.2701,26.2960,0.5660,-0.5469,0.1926,0.5196,29.32
1789438723721,197.1926,26.4500,0.2529,0.2467,0.0400,-0.4267,29.32
1789438723721,200.4143,26.2891,1.1323,-0.8217,0.4368,0.9469,29.32
1789438723722,197.7625,26.4218,0.2371,0.5520,0.2842,0.0312,29.33
1789438723732,199.4711,26.3365,0.8079,-0.6385,0.6505,0.7638,29.32
1789438723741,195.6215,26.5291,0.2166,0.2772,0.0400,-0.3351,29.32
1789438723753,200.1087,26.3050,0.9139,-0.8827,0.8641,1.1606,29.41
1789438723862,196.5748,26.4818,0.1437,0.2772,-0.2042,-0.2436,29.33
1789438723862,200.1648,26.3025,0.9183,-1.0353,1.0778,0.9774,29.35
1789438723862,196.5868,26.4815,0.1168,0.6435,0.3757,0.0922,29.31
1789438723862,200.1413,26.3040,0.8791,-1.4016,0.8641,0.6417,29.31
1789438723862,198.2677,26.3978,0.0375,0.2162,0.0094,-0.1215,29.33
1789438723862,196.0076,26.5110,0.6676,-1.1269,0.6505,0.5196,29.31
1789438723862,197.1520,26.4539,0.3230,0.6435,-0.2653,-0.0909,29.31
1789438723863,195.8204,26.5207,0.8956,-1.3711,1.2610,0.6111,29.32
1789438723863,198.8563,26.3689,0.0773,0.5520,0.2536,0.1227,29.31
1789438723863,196.8232,26.4707,0.4607,-0.5469,0.9252,0.7638,29.32
1789438723863,199.3546,26.3442,0.0478,0.1246,-0.0516,-0.1520,29.32
1789438723935,197.1202,26.4561,0.3976,-0.8827,0.1926,0.3975,29.31
1789438723935,199.0684,26.3587,0.0345,0.1246,0.1621,-0.0299,29.32
1789438723935,196.3249,26.4960,0.5223,-0.9132,0.4368,0.2754,29.31
1789438723935,199.0918,26.3577,0.1402,0.4604,0.2536,0.3059,29.32
1789438723935,196.4796,26.4885,0.4158,-0.4859,0.6810,0.7638,29.32
1789438723935,199.4536,26.3398,0.0153,0.1246,0.0094,-0.0604,29.30
1789438723941,196.5786,26.4837,0.3924,-0.3638,0.4063,0.5806,29.34
1789438723942,198.5273,26.3863,0.0224,0.1857,-0.1432,0.0922,29.33
1789438723951,196.1735,26.5042,0.2696,-0.7301,0.1621,0.3669,29.31
1789438724026,198.9006,26.3678,0.0015,0.3993,0.2536,0.2754,29.32
1789438724026,196.9638,26.4648,0.3144,-0.2417,0.4063,0.5806,29.33
1789438724026,198.4180,26.3922,0.0245,0.2467,-0.2042,0.0617,29.32
1789438724026,197.1404,26.4563,0.3235,-0.3638,0.4063,0.4280,29.33
1789438724026,198.5772,26.3846,0.0248,0.1551,-0.1127,0.1533,29.31
1789438724026,195.3826,26.5444,0.3357,-0.4248,0.2536,0.2448,29.31
1789438724026,198.5710,26.3852,0.0590,0.7351,0.1010,0.4280,29.32
1789438724031,196.0319,26.5123,0.3063,-0.1501,0.3757,0.5196,29.32
1789438724041,197.9402,26.4170,-0.0509,0.0941,-0.1432,0.0006,29.32
1789438724052,195.9177,26.5183,0.3879,-0.2417,0.2536,0.2448,29.32
1789438724120,197.7789,26.4253,-0.0648,0.1857,-0.2348,0.0922,29.31
1789438724120,195.5201,26.3350,0.3810,-0.3333,0.2842,0.0617,29.33
1789438724120,198.5948,26.3849,-0.0191,0.5520,0.3147,0.4280,29.32
1789438724120,201.8899,26.2201,0.3885,0.1246,0.3757,0.4890,29.32
1789438724120,200.3288,26.2983,-0.1080,0.3688,0.2842,0.2448,29.31
1789438724120,200.8655,26.2715,0.5043,-0.3333,0.2842,0.1533,29.31
1789438724122,199.3215,26.3488,0.0347,0.1246,-0.2653,-0.0604,29.34
1789438724131,200.8928,26.2705,0.7672,-0.2417,0.1621,0.0617,29.32
1789438724141,199.4807,26.3412,0.1085,0.3993,-0.2958,0.4890,29.31
1789438724151,200.7232,26.2792,0.6273,-0.0280,0.4368,0.2754,29.33
1789438724218,198.8983,26.3705,0.0843,0.4909,-0.2348,0.6111,29.34
1789438724218,200.8967,26.2707,1.0085,0.2162,0.4978,0.1838,29.32
1789438724219,199.7735,26.3270,0.0463,0.1246,-0.3263,0.1838,29.32
1789438724219,198.9099,26.3702,1.1411,-0.1501,0.9252,-0.5793,29.32
1789438724219,198.5563,26.3880,0.0700,0.2467,-0.4179,0.4585,29.31
1789438724219,200.3502,26.2985,0.8229,-0.0891,0.4368,-0.3962,29.34
1789438724225,199.8462,26.3238,-0.0539,0.5825,-0.0821,0.7638,29.31
1789438724231,200.9509,26.2686,0.9004,0.0941,0.6199,-0.1520,29.32
1789438724241,199.8696,26.3228,-0.0280,0.3078,-0.3874,0.3669,29.32
1789438724319,201.0698,26.2629,1.1945,0.3383,1.1083,-0.2130,29.34
1789438724319,199.7391,26.3295,-0.0364,0.1551,-0.2958,0.2143,29.33
1789438724319,200.2289,26.3051,1.1180,0.0636,0.6199,-0.8541,29.32
1789438724319,199.0210,26.3656,0.0311,0.3688,-0.1737,0.5501,29.32
1789438724319,200.9715,26.2682,1.2414,0.1857,0.9862,-1.0067,29.32
1789438724319,199.0420,26.3648,-0.1269,0.4299,-0.1127,0.5806,29.33
1789438724321,199.0914,26.3625,0.6871,0.3993,0.8336,-0.3962,29.32
1789438724321,198.5071,26.3919,-0.0629,0.1857,-0.3569,0.3364,29.33
1789438724331,199.7043,26.3322,0.6950,0.0636,0.6199,-0.7625,29.33
1789438724341,199.4637,26.3443,0.0332,0.0636,-0.1737,0.3364,29.32
1789438724351,200.2188,26.3068,0.7603,0.4299,0.5589,-0.9762,29.31
1789438724423,199.9739,26.3191,0.0596,0.4299,0.2536,0.5501,29.33
1789438724423,199.7908,26.3285,0.7622,0.6435,0.7115,-0.5793,29.33
1789438724423,198.9012,26.2918,0.1033,-0.0585,-0.2042,0.1838,29.32
1789438724423,200.4996,26.5065,0.8993,0.5520,0.5894,-1.1593,29.33
1789438724423,200.6310,26.2869,0.3608,-0.0585,-0.2042,0.0617,29.25
1789438724423,196.4204,26.4976,0.7434,0.7962,0.4978,-0.7930,29.32
1789438724427,200.6194,26.2878,0.3340,0.0025,0.1010,0.0617,29.32
1789438724431,196.5238,26.4928,0.9883,1.1625,0.3147,-0.8846,29.33
1789438724441,201.6129,26.2384,0.7572,0.0941,0.3757,0.5196,29.33
1789438724519,197.3538,26.4514,0.6279,0.5825,0.2536,-0.9456,29.32
1789438724519,199.4663,26.3458,0.8481,-0.5775,0.5284,0.9774,29.32
1789438724519,196.0099,26.5187,0.6804,1.1930,0.6810,-0.6709,29.32
1789438724519,200.5995,26.2893,0.5216,-0.3027,0.1010,0.3669,29.32
1789438724519,197.1235,26.4632,0.4281,0.2772,0.1315,-0.5793,29.32
1789438724519,200.9576,26.2716,1.0083,-0.6385,0.1010,0.4890,29.30
1789438724520,197.4775,26.4457,0.3942,0.3688,0.3452,-0.4267,29.31
1789438724521,201.3973,26.2499,0.8617,-0.5469,0.2231,0.6722,29.32
1789438724531,197.1575,26.4619,0.3645,0.4299,0.3147,-0.2741,29.32
1789438724541,200.1346,26.3132,0.9747,-0.7606,0.3757,0.7332,29.30
1789438724552,196.6458,26.4877,0.3120,0.4299,-0.1737,-0.4878,29.32
1789438724620,201.3446,26.2529,1.0587,-0.6385,0.7115,1.0690,29.32
1789438724620,196.9998,26.4701,0.2712,0.7351,0.2536,-0.0299,29.32
1789438724620,199.6554,26.3375,0.6268,-0.7911,0.5284,0.7332,29.32
1789438724620,195.8560,26.5275,0.2176,0.4299,-0.0211,-0.1215,29.32
1789438724620,200.5174,26.2946,0.5169,-0.4248,0.3452,0.7332,29.28
1789438724620,197.3221,26.4545,0.1924,0.3383,-0.1127,-0.1215,29.32
1789438724621,200.4806,26.2967,1.0959,-1.3406,0.8031,0.5501,29.33
1789438724631,197.7964,26.4310,0.1375,0.6130,0.2231,0.1838,29.32
1789438724642,199.4976,26.3462,0.7704,-1.1574,0.4978,0.6417,29.32
1789438724652,195.6984,26.5362,0.0828,0.2467,-0.1737,-0.1520,29.32
1789438724719,200.2376,26.3095,0.8606,-1.3101,0.8336,0.6417,29.32
1789438724719,198.0911,26.4169,0.0435,0.5520,0.2536,0.0006,29.32
1789438724719,195.7337,26.5350,0.6805,-1.0659,0.9862,0.6417,29.33
1789438724719,198.1705,26.4133,0.0411,0.3688,0.3147,-0.1520,29.31
1789438724719,195.6044,26.5418,0.7694,-1.2795,1.2610,0.5806,29.31
1789438724719,198.6275,26.3907,-0.0078,0.0941,-0.0821,-0.0909,29.32
1789438724721,196.4192,26.5013,0.4512,-0.7911,0.4673,0.3975,29.32
1789438724731,197.3513,26.4548,0.1850,0.5214,-0.0821,0.1227,29.32
1789438724741,195.8194,26.5316,0.6141,-1.2185,0.7726,0.4280,29.32
1789438724752,198.6944,26.3879,0.0348,0.4604,0.2842,0.2754,29.33
1789438724819,196.8199,26.4818,0.3744,-0.3638,0.7115,0.7638,29.32
1789438724819,199.3557,26.3550,0.0587,0.0941,-0.1127,-0.0299,29.32
1789438724819,197.1193,26.4670,0.4008,-0.6080,0.5589,0.3975,29.33
1789438724819,199.0704,26.3695,0.0193,0.0941,-0.1432,0.0006,29.32
1789438724819,196.3244,26.5069,0.4586,-0.7301,0.2842,0.3975,29.32
1789438724819,199.0907,26.3687,0.1766,0.5520,0.1010,0.3364,29.31
1789438724825,196.4790,26.4994,0.3458,-0.5775,0.2842,0.3669,29.31
1789438724831,199.4502,26.3509,-0.0164,0.2467,-0.1127,0.1533,29.31
1789438724841,196.3779,26.5046,0.3450,-0.1196,0.6199,0.7638,29.32
1789438724918,198.4225,26.4025,0.0038,0.2467,-0.1432,0.1533,29.32
1789438724918,196.1221,26.5177,0.3356,-0.5775,0.1926,0.3364,29.34
1789438724918,198.8955,26.3790,0.0171,0.2772,-0.1127,0.1227,29.33
1789438724918,197.2008,26.4638,0.3605,-0.3943,0.1926,0.1838,29.32
1789438724918,198.6222,26.3929,-0.0035,0.5825,0.1621,0.3669,29.31
1789438724918,197.5686,26.4457,0.2925,-0.0585,0.1621,0.4280,29.32
1789438724920,198.2302,26.4127,-0.0493,0.2162,-0.3263,0.0617,29.32
1789438724921,195.3675,26.5560,0.3753,-0.0891,0.5284,0.5501,29.31
1789438724931,199.0364,26.3727,0.1641,0.1857,-0.4484,-0.0604,29.31
1789438724941,198.0492,26.4223,0.3898,-0.2417,0.1926,0.2448,29.33
1789438724952,198.9803,26.3758,-0.0701,0.3688,0.0705,0.1533,29.32
1789438725019,200.4153,26.3042,0.3491,-0.2722,0.2536,0.1533,29.31
1789438725019,199.8815,26.3310,-0.1333,0.4604,0.2536,0.3364,29.30
1789438725019,199.7419,26.3382,0.5067,0.1551,0.4673,0.3975,29.32
1789438725019,198.8729,26.3818,-0.0365,0.2772,-0.2042,0.1838,29.32
1789438725019,200.0514,26.3230,0.6140,-0.2112,0.0705,0.1533,29.31
1789438725019,199.8708,26.3322,0.0234,0.1551,-0.2348,0.0922,29.34
1789438725025,200.3563,26.3081,0.4829,-0.2417,0.1315,0.0617,29.32
1789438725031,199.3695,26.3575,0.0298,0.4604,-0.1737,0.3364,29.31
1789438725041,201.4603,26.2532,0.9993,-0.1806,0.4978,0.0006,29.32
1789438725051,200.2236,26.3150,0.0992,0.2162,-0.3569,0.2448,29.31
1789438725120,200.9663,26.2780,0.8177,-0.1806,0.1621,-0.2130,29.32
1789438725120,198.8995,26.3814,0.1100,0.4299,-0.1127,0.5196,29.32
1789438725120,201.1613,26.2684,1.1055,0.0025,0.6199,-0.4267,29.35
1789438725120,199.7979,26.3367,0.0357,0.0941,-0.2958,0.1227,29.36
1789438725120,199.3568,26.3588,1.1608,0.3993,1.1694,-0.5183,29.32
1789438725120,198.5759,26.3980,0.0166,0.2467,-0.4790,0.4585,29.31
1789438725121,200.5673,26.2985,1.0714,0.0330,0.6199,-0.5488,29.32
1789438725131,200.3601,26.3090,0.0089,0.1857,-0.2042,0.3669,29.30
1789438725141,200.9676,26.2787,0.8937,-0.0891,0.6199,-0.5793,29.32
1789438725151,199.5124,26.3515,-0.0684,0.6741,-0.0516,0.6722,29.32
1789438725220,201.0449,26.2750,0.9105,0.2162,0.8336,-0.5183,29.32
1789438725220,199.5092,26.3519,-0.0529,0.3383,-0.2348,0.3059,29.32
1789438725220,200.3826,26.3083,1.1753,0.6130,1.1389,-0.7014,29.31
1789438725220,199.0997,26.3725,0.0461,-0.0585,-0.3263,0.2754,29.32
1789438725220,201.0355,26.2759,1.2271,0.2467,0.8336,-1.1898,29.32
1789438725220,199.0937,26.3731,-0.0432,0.0636,-0.1127,0.3669,29.31
1789438725224,199.0307,26.3764,0.5997,0.1857,0.5894,-0.7014,29.30
1789438725231,198.5193,26.4021,0.0185,0.4604,0.3147,0.5501,29.32
1789438725241,199.7143,26.3425,0.5977,0.5214,0.8947,-0.2436,29.32
1789438725251,199.4674,26.3550,0.0247,0.0025,0.1010,0.1227,29.31
1789438725320,200.4449,26.3063,1.0263,0.7656,0.6199,-1.0983,29.32
1789438725320,200.5064,26.3034,0.1627,-0.0280,-0.0211,0.0312,29.32
1789438725320,196.7797,26.4899,0.7258,0.4909,0.3147,-0.9151,29.32
1789438725320,200.5672,26.3006,0.3376,-0.0280,0.0094,0.0312,29.31
1789438725320,196.6044,26.4989,0.7164,0.9793,0.6505,-0.5488,29.32
1789438725320,200.8947,26.2845,0.5763,-0.0585,0.0400,0.2143,29.31
1789438725321,196.5554,26.5016,0.6156,0.5214,0.1926,-0.7014,29.32
1789438725331,200.6886,26.2951,0.4210,0.0636,0.4063,0.4890,29.31
1789438725341,196.5591,26.5017,0.7412,0.8877,0.4063,-1.0067,29.32
1789438725351,201.3801,26.2608,0.9370,-0.2112,0.4063,0.7027,29.32
1789438725421,197.2062,26.4696,0.6068,0.7046,0.4063,-0.5793,29.32
1789438725421,199.4028,26.3599,1.0132,-0.9438,0.1010,0.8248,29.31
1789438725421,196.1741,26.5214,0.4770,0.5214,0.0705,-0.6709,29.31
1789438725421,200.7410,26.2931,0.8154,-0.6996,0.1926,0.4280,29.33
1789438725421,197.3089,26.4648,0.3298,0.7046,0.3757,-0.3046,29.32
1789438725421,201.0484,26.2779,0.9861,-0.7606,0.2536,0.4890,29.31
1789438725424,197.8185,26.4395,0.3199,0.2467,0.2842,-0.3046,29.31
1789438725431,201.1467,26.2732,0.9222,-0.3943,0.4063,0.9164,29.31
1789438725441,196.8743,26.4869,0.2286,0.2772,0.1315,-0.3351,29.31
1789438725451,200.3186,26.3148,1.0356,-0.5164,0.7726,1.0690,29.32
1789438725520,196.8622,26.4877,0.3788,0.8572,0.5589,-0.1215,29.33
1789438725520,201.2789,26.2670,1.1652,-1.1269,0.8031,0.8859,29.28
1789438725520,197.0792,26.4770,0.2286,0.3383,-0.0516,-0.3962,29.32
1789438725520,199.6506,26.3486,0.6548,-0.8827,0.1926,0.7332,29.31
1789438725520,196.1006,26.5262,0.1534,0.3993,0.1010,-0.1215,29.32
1789438725520,200.6190,26.3004,0.5278,-0.8217,0.2536,0.4890,29.34
1789438725521,197.9449,26.4342,0.1570,0.5520,0.2842,0.0922,29.32
1789438725531,200.3883,26.3122,1.0420,-1.3711,0.8947,0.6111,29.40
1789438725541,197.7230,26.4456,0.0885,0.0330,-0.0211,-0.1520,29.33
1789438725552,199.4600,26.3589,0.6846,-0.8217,0.7420,0.7943,29.31
1789438725621,198.2967,26.4172,0.0118,0.4299,0.1926,0.0922,29.33
1789438725621,200.2278,26.3209,0.7696,-1.1574,1.1389,0.6417,29.33
1789438725621,198.0848,26.4281,0.0410,0.3688,0.1926,-0.2436,29.31
1789438725621,195.6076,26.5522,0.6448,-1.2795,0.8031,0.4280,29.32
1789438725621,198.2764,26.4188,0.0105,0.1551,0.0094,-0.1215,29.33
1789438725621,195.8522,26.5403,0.5228,-1.0659,0.5589,0.3975,29.32
1789438725624,198.3003,26.4179,0.0049,0.3993,0.4063,0.2143,29.32
1789438725631,196.0507,26.5306,0.4317,-0.6080,0.7115,0.6417,29.33
1789438725641,197.5446,26.4560,0.1597,0.5214,0.0094,0.0006,29.33
1789438725652,195.7285,26.5470,0.5854,-0.7911,1.0778,0.7638,29.32
1789438725719,198.9730,26.3848,0.0503,0.1551,-0.1127,-0.0299,29.29
1789438725719,197.5272,26.4571,0.3330,-0.6996,0.0705,0.3669,29.30
1789438725719,199.7915,26.3439,0.0713,0.1857,0.0400,0.0312,29.32
1789438725719,197.3096,26.4682,0.3477,-0.6080,0.1926,0.4585,29.32
1789438725719,199.1577,26.3758,-0.0356,0.5214,0.2842,0.4280,29.32
1789438725719,196.3755,26.5151,0.4090,-0.5164,0.3452,0.4280,29.31
1789438725721,199.1195,26.3780,0.1728,0.2772,-0.4484,0.1227,29.33
1789438725731,196.4923,26.5094,0.3822,-0.3027,0.4673,0.5501,29.32
1789438725741,199.6292,26.3526,0.0436,0.1246,-0.2042,-0.0299,29.32
1789438725817,196.3676,26.5158,0.3148,-0.4859,0.1926,0.3364,29.31
1789438725817,198.4268,26.4130,-0.1005,0.3383,0.1315,-0.0299,29.33
1789438725817,196.5136,26.5088,0.2938,-0.3943,0.2536,0.3059,29.31
1789438725817,199.1587,26.3765,-0.0409,0.2467,0.1010,0.1533,29.32
1789438725817,197.4006,26.4646,0.3808,-0.2417,0.4978,0.3975,29.32
1789438725817,199.0433,26.3826,-0.0247,0.1857,-0.2042,0.1533,29.31
1789438725819,197.7854,26.4456,0.3607,0.1551,0.1926,0.4890,29.32
1789438725825,198.5096,26.4095,0.0003,0.2162,-0.1737,0.2143,29.33
1789438725831,195.4228,26.5639,0.3510,-0.4859,0.0094,0.1838,29.32
1789438725841,198.9063,26.3899,0.0633,0.4299,0.1315,0.1838,29.33
1789438725851,196.2036,26.5251,0.3060,-0.2112,0.2231,0.3059,29.32
1789438725934,198.3633,26.4172,-0.1510,0.2772,0.3147,-0.0604,29.33
1789438725934,199.8218,26.3445,0.5221,0.0025,0.4368,0.5196,29.31
1789438725934,199.9933,26.3360,-0.1571,0.0025,-0.1737,-0.0604,29.33
1789438725934,199.5950,26.3562,0.4580,-0.2722,0.2231,0.1838,29.32
1789438725934,199.0720,26.3824,0.0889,0.2772,-0.2042,0.3059,29.31
1789438725934,200.4061,26.3158,0.5360,-0.1806,0.2231,0.1838,29.31
1789438725934,199.9353,26.3395,0.0015,0.4604,0.0094,0.3975,29.32
1789438725934,200.8891,26.2920,0.7389,0.0330,0.5894,0.3364,29.32
1789438725941,199.7292,26.3501,-0.0266,0.2772,-0.3874,0.3059,29.31
1789438725951,200.9577,26.2889,1.0591,0.0636,0.3452,0.1227,29.31
1789438726020,200.1463,26.3294,0.0660,-0.0280,-0.3874,0.2448,29.31
1789438726020,200.9287,26.2904,0.8751,-0.0891,0.3452,-0.1520,29.31
1789438726020,199.1354,26.3802,0.1200,0.5214,-0.1432,0.6111,29.32
1789438726020,201.4785,26.2631,1.2819,0.2162,0.5589,-0.2130,29.32
1789438726020,199.5149,26.3614,0.0111,0.1857,-0.2042,0.2754,29.28
1789438726020,199.1582,26.3793,1.0972,0.3688,1.1694,-0.3962,29.33
1789438726024,198.6905,26.4028,-0.0135,0.0636,-0.4790,0.4280,29.33
1789438726031,200.4229,26.3163,0.9633,0.3078,0.8336,-0.2436,29.31
1789438726041,199.8071,26.3472,-0.0040,0.1551,-0.5095,0.3059,29.31
1789438726052,200.8589,26.2947,0.8334,-0.0891,0.5284,-0.5183,29.32
1789438726121,199.7209,26.3517,0.0367,0.4604,0.0705,0.6417,29.32
1789438726121,200.9864,26.2886,0.8252,0.0330,0.6505,-0.6709,29.31
1789438726121,199.6053,26.3576,-0.0922,0.2467,-0.2348,0.3364,29.32
1789438726121,200.5486,26.3106,1.2386,0.7046,1.2304,-0.7014,29.32
1789438726121,198.8292,26.3966,0.0109,0.1551,-0.3263,0.3364,29.32
1789438726121,201.3763,26.2694,1.4123,0.3688,0.9862,-1.4035,29.31
1789438726121,199.0091,26.3879,-0.0443,0.1246,-0.3874,0.2143,29.33
1789438726131,199.5878,26.3591,0.6642,0.2162,0.6810,-0.7930,29.30
1789438726141,198.8866,26.3943,0.1062,0.4299,-0.1127,0.4280,29.31
1789438726219,199.9216,26.3427,0.5020,0.1857,0.6505,-0.5488,29.32
1789438726219,199.5910,26.3593,0.0125,0.1857,-0.0516,0.3364,29.32
1789438726219,200.0716,26.3355,0.8771,0.9793,0.8031,-0.6404,29.32
1789438726219,199.9839,26.3164,0.2122,0.0636,-0.1127,0.1227,29.31
1789438726219,196.9319,26.4928,0.5216,0.1857,0.4063,-0.5183,29.31
1789438726219,200.3481,26.3221,0.3464,0.0636,-0.0211,0.1227,29.28
1789438726220,196.6803,26.5057,0.6518,0.7656,0.5284,-0.6709,29.31
1789438726224,200.4140,26.3191,0.5357,0.0330,-0.0211,0.3669,29.31
1789438726231,196.6272,26.5086,0.5424,0.4604,0.5284,-0.5183,29.33
1789438726241,200.5646,26.3119,0.4567,0.0330,0.5284,0.4585,29.31
1789438726251,196.4790,26.5163,0.7737,0.7351,0.2536,-1.0372,29.34
1789438726322,201.5107,26.2649,1.0327,-0.2417,0.3147,0.6417,29.31
1789438726322,197.4089,26.4700,0.5382,0.7962,0.4063,-0.3046,29.32
1789438726322,199.5066,26.3652,0.9866,-0.6385,0.5589,0.9774,29.31
1789438726322,196.2278,26.5292,0.4867,0.5825,0.1010,-0.8235,29.33
1789438726322,200.7680,26.3023,0.7973,-0.6996,0.1315,0.5806,29.40
1789438726322,197.3203,26.4747,0.2478,0.2772,0.2536,-0.4267,29.34
1789438726322,201.0562,26.2881,0.9851,-0.6385,0.2231,0.6722,29.32
1789438726331,197.8225,26.4498,0.3930,0.7962,0.4978,-0.2130,29.34
1789438726341,201.1612,26.2830,0.9708,-0.6996,0.2536,0.6722,29.33
1789438726420,196.8819,26.4970,0.2501,0.2467,0.0705,-0.2741,29.33
1789438726420,200.6238,26.3101,1.0820,-0.7301,0.6199,0.8859,29.34
1789438726420,196.9534,26.4937,0.2937,0.4909,0.1621,-0.3657,29.32
1789438726420,201.7365,26.2546,1.2597,-0.8522,0.8641,1.0995,29.31
1789438726420,197.2031,26.4813,0.2368,0.5825,0.3757,-0.0299,29.32
1789438726420,199.7578,26.3537,0.6487,-0.6385,0.5894,0.7943,29.30
1789438726421,196.4309,26.5201,0.1427,0.2162,-0.1432,-0.3351,29.33
1789438726425,200.3434,26.3247,0.5926,-0.8522,0.3147,0.5501,29.29
1789438726431,197.6240,26.4607,0.1168,0.4604,0.0705,-0.0299,29.32
1789438726441,200.4122,26.3215,1.1336,-1.5237,0.9252,0.6417,29.33
1789438726524,198.1019,26.4370,0.1236,0.3993,0.1926,0.0312,29.32
1789438726524,199.4564,26.3695,0.6214,-1.1574,0.5894,0.5501,29.32
1789438726524,198.4070,26.4221,0.0692,0.1551,-0.0516,-0.1825,29.32
1789438726524,200.1040,26.5422,0.7279,-1.0964,0.7420,0.7027,29.30
1789438726524,198.1562,26.4349,0.0096,0.4604,0.3147,0.0006,29.32
1789438726524,195.4310,26.5714,0.7185,-0.9132,0.9862,0.7943,29.33
1789438726524,198.5074,26.4176,0.0354,0.2162,-0.0211,-0.2130,29.31
1789438726524,195.6378,26.5613,0.5911,-1.0353,0.9557,0.5806,29.31
1789438726531,198.5154,26.4175,0.0086,0.0941,-0.0211,-0.1520,29.30
1789438726541,196.1583,26.5355,0.4797,-0.8827,0.4063,0.4280,29.33
1789438726621,197.5990,26.4635,0.1833,0.7351,0.0094,0.2448,29.32
1789438726621,195.7563,26.5559,0.5346,-1.0353,0.6505,0.5806,29.33
1789438726621,198.9776,26.3948,0.0208,0.0636,0.0705,-0.1520,29.33
1789438726621,197.1601,26.4858,0.3782,-0.3333,0.4368,0.7332,29.32
1789438726621,199.6014,26.3638,0.0603,0.0941,-0.0516,-0.0909,29.32
1789438726621,197.2473,26.4816,0.3431,-0.6690,0.1621,0.3669,29.31
1789438726621,199.1746,26.3853,0.0055,0.3688,-0.0211,0.3669,29.31
1789438726622,196.3529,26.5265,0.4827,-0.7911,0.5284,0.2754,29.31
1789438726631,199.2827,26.3801,0.2108,0.5825,0.1315,0.4280,29.32
1789438726641,196.6659,26.5111,0.3554,-0.3638,0.6199,0.5501,29.32
1789438726726,200.0657,26.3411,0.0093,0.0330,-0.1127,0.0006,29.32
1789438726726,198.4984,26.4194,0.2926,-0.2112,0.3452,0.4280,29.32
1789438726726,199.1983,26.3844,0.0023,0.1246,-0.2042,0.1227,29.32
1789438726726,196.5190,26.5184,0.2875,-0.4859,0.1010,0.3059,29.30
1789438726726,199.0751,26.3906,-0.0190,0.4909,0.0705,0.4280,29.31
1789438726726,197.2885,26.4800,0.3374,-0.3333,0.2231,0.3059,29.33
1789438726727,198.6796,26.4106,-0.0171,0.2772,0.2842,0.2143,29.31
1789438726727,197.5679,26.4664,0.3748,0.1246,0.4978,0.4890,29.32
1789438726731,198.2322,26.4332,-0.0787,0.1857,-0.0516,-0.0604,29.32
1789438726741,195.3685,26.5766,0.4054,-0.1196,0.3147,0.3364,29.32
1789438726751,199.0333,26.3935,0.1120,0.3078,-0.4179,0.1533,29.32
1789438726824,196.1202,26.5392,0.3396,-0.3333,0.1315,0.2143,29.31
1789438726824,198.4529,26.4227,-0.0784,0.3078,0.0705,0.1838,29.33
1789438726824,200.1532,26.3379,0.4526,-0.2722,0.3147,0.2448,29.32
1789438726824,200.0257,26.3444,-0.1287,0.3993,0.2842,0.2448,29.31
1789438726824,199.9270,26.3495,0.4650,0.0025,0.5284,0.3975,29.32
1789438726824,198.7778,26.4071,-0.0076,0.4604,-0.1127,0.4280,29.32
1789438726824,200.5458,26.3188,0.6554,-0.0891,0.1621,0.2754,29.32
1789438726831,200.1252,26.3400,-0.0018,0.1551,-0.1737,0.0617,29.32
1789438726841,200.9749,26.2976,0.5976,-0.3027,0.1010,-0.0604,29.31
1789438726851,199.7760,26.3577,0.0518,0.3688,-0.2042,0.4280,29.30
1789438726927,200.9687,26.2982,0.9102,-0.1806,0.2842,0.0617,29.33
1789438726927,200.0670,26.3434,-0.0140,0.5214,-0.0821,0.5501,29.30
1789438726927,200.7196,26.3109,0.8041,0.2467,0.6199,0.0312,29.31
1789438726927,199.0291,26.3955,0.1308,0.1857,-0.5095,0.3669,29.29
1789438726927,201.6881,26.2626,1.3004,0.1551,0.8336,-0.2741,29.32
1789438726927,200.0647,26.3439,0.0437,0.1857,-0.5400,0.2754,29.33
1789438726927,199.6849,26.3629,1.0263,-0.0891,0.6199,-0.6404,29.33
1789438726931,198.6617,26.4142,0.0616,0.3688,-0.2348,0.6111,29.32
1789438726941,200.6223,26.3163,0.8523,-0.0891,0.5894,-0.5793,29.31
1789438726951,200.2705,26.3340,-0.0757,0.4604,-0.1737,0.4585,29.31
1789438727029,201.1667,26.2892,1.0048,0.2162,0.8336,-0.3046,29.33
1789438727029,199.9714,26.3491,-0.0042,0.0941,-0.4790,0.3059,29.31
1789438727029,201.1131,26.2921,1.1158,-0.0585,0.8641,-0.7014,29.32
1789438727029,199.6729,26.3641,-0.0607,0.1246,-0.1737,0.3059,29.32
1789438727029,200.3113,26.3323,0.9538,-0.0891,0.7115,-0.9151,29.31
1789438727029,199.2065,26.3876,-0.0208,0.5214,-0.0211,0.6417,29.34
1789438727034,201.0903,26.2936,1.0048,0.3078,0.9862,-0.9456,29.34
1789438727034,199.3205,26.3822,-0.0713,0.1551,-0.4790,0.3059,29.35
1789438727041,199.1813,26.3893,0.7235,0.3993,1.0168,-0.3962,29.34
1789438727051,198.5907,26.4189,0.0036,0.1551,-0.3569,0.2143,29.33
1789438727125,199.7146,26.3628,0.6372,0.0941,0.4063,-0.5183,29.32
1789438727125,199.2812,26.3846,0.0643,0.0941,-0.0821,0.2448,29.32
1789438727125,199.9939,26.3492,0.9294,0.7046,0.6505,-0.9456,29.33
1789438727125,200.0716,26.3454,0.0995,0.4604,0.1926,0.4890,29.25
1789438727125,200.1124,26.3436,0.8735,0.8267,0.8336,-0.6709,29.31
1789438727125,200.7636,26.3111,0.1233,-0.0585,0.0094,0.0312,29.31
1789438727127,196.7050,26.5142,0.7488,0.5520,0.3757,-0.9762,29.31
1789438727131,200.9481,26.3022,0.4053,0.0330,-0.1432,0.0617,29.32
1789438727141,196.5835,26.5205,0.7277,0.9183,0.6810,-0.6099,29.31
1789438727151,200.7041,26.3146,0.4450,0.0025,-0.0516,0.3364,29.37
1789438727225,196.5579,26.5221,1.0201,1.0098,0.1926,-1.1898,29.34
1789438727225,201.5601,26.2721,0.7695,-0.0891,0.4673,0.3975,29.35
1789438727225,197.4250,26.4789,0.6053,0.4909,0.2536,-0.7930,29.34
1789438727225,199.3679,26.3819,0.9363,-0.4554,0.4978,1.1301,29.29
1789438727225,196.3398,26.5334,0.5730,1.1014,0.3757,-0.5488,29.31
1789438727225,200.6152,26.3197,0.7200,-0.4554,0.2231,0.7332,29.31
1789438727229,197.8953,26.4558,0.3985,0.2162,0.2536,-0.5183,29.33
1789438727231,201.1657,26.2924,0.9050,-0.5164,0.0705,0.4280,29.33
1789438727241,197.7186,26.4648,0.3334,0.3993,0.2536,-0.4267,29.32
1789438727323,201.2875,26.2865,0.8459,-0.6690,0.1926,0.4280,29.32
1789438727323,197.3102,26.4854,0.3076,0.7046,0.3757,0.0617,29.32
1789438727323,200.4203,26.3300,0.9638,-0.6996,0.4673,0.7332,29.33
1789438727323,196.6796,26.5171,0.3720,0.5214,0.0705,-0.5488,29.32
1789438727323,201.6210,26.2701,1.0954,-0.5775,0.6505,1.1301,29.32
1789438727323,196.9038,26.5060,0.2790,0.6130,0.3147,-0.1825,29.32
1789438727324,200.1225,26.3452,0.6268,-0.4248,0.4063,0.9164,29.32
1789438727324,196.7153,26.5156,0.2039,0.5520,0.4063,0.0922,29.33
1789438727331,200.4693,26.3280,0.5718,-0.5775,0.2536,0.6111,29.32
1789438727341,197.7943,26.4619,0.2098,0.2772,-0.1432,-0.3962,29.32
1789438727351,200.2104,26.3413,1.1212,-1.4016,0.8641,0.5501,29.31
1789438727429,197.5795,26.4729,0.1440,0.5520,0.1315,0.0922,29.32
1789438727429,199.6017,26.3719,0.9620,-1.1880,0.7420,0.6722,29.32
1789438727429,196.1454,26.5449,0.1279,0.4299,0.0705,-0.0909,29.32
1789438727429,200.4449,26.3301,0.9524,-1.3406,0.8641,0.6417,29.32
1789438727429,197.0432,26.5003,0.0540,0.2467,-0.0516,-0.3046,29.34
1789438727429,200.6854,26.3184,0.8617,-1.3406,0.9862,0.5196,29.40
1789438727429,198.6820,26.4186,0.0979,0.5825,-0.3569,0.0617,29.32
1789438727433,195.7270,26.5666,0.8752,-1.2185,1.5052,0.7638,29.33
1789438727441,198.6877,26.4186,-0.0104,0.2162,-0.0211,0.0312,29.33
1789438727451,196.4522,26.5305,0.6096,-0.9132,0.6505,0.5196,29.33
1789438727529,197.7498,26.4657,0.2129,0.3688,-0.2653,-0.1520,29.31
1789438727529,195.8319,26.5618,0.7925,-1.4627,0.9557,0.4585,29.32
1789438727529,199.0190,26.4025,0.0459,0.3078,0.2536,0.0617,29.36
1789438727529,196.9862,26.5043,0.4284,-0.5164,0.6199,0.6417,29.32
1789438727529,199.4383,26.3817,0.0464,0.3993,0.1621,0.0922,29.32
1789438727529,197.1935,26.4941,0.4153,-0.3638,0.6505,0.7943,29.33
1789438727529,197.5585,26.4761,0.1110,0.2467,-0.1737,-0.0299,29.32
1789438727531,196.4392,26.5323,0.5357,-0.6996,0.3757,0.4280,29.33
1789438727541,199.2618,26.3912,0.1024,0.2162,-0.0516,0.1227,29.32
1789438727551,196.9252,26.5082,0.4263,-0.7301,0.4673,0.4280,29.32
1789438727631,199.9939,26.3548,-0.0261,0.4604,0.4063,0.2754,29.34
1789438727631,197.0603,26.5016,0.3534,-0.4554,0.6199,0.5501,29.33
1789438727631,198.7720,26.4160,-0.0027,0.0941,-0.1127,0.0006,29.32
1789438727631,196.6953,26.5200,0.3407,-0.3027,0.6199,0.7332,29.31
1789438727631,199.2996,26.3897,-0.0199,0.1551,-0.0211,0.0922,29.33
1789438727631,197.5382,26.4779,0.2932,-0.5164,0.1010,0.3975,29.33
1789438727631,198.8100,26.4144,0.0402,0.2162,-0.1737,0.2143,29.31
1789438727631,197.6893,26.4706,0.2984,-0.4859,0.1621,0.1838,29.32
1789438727641,198.4597,26.4321,-0.0143,0.4909,0.1315,0.3669,29.32
1789438727651,195.7199,26.5693,0.2885,-0.3638,0.3452,0.3364,29.31
1789438727733,198.7946,26.4157,0.1026,0.1551,-0.3263,-0.0604,29.30
1789438727733,196.0424,26.5534,0.3612,0.0025,0.6810,0.6417,29.32
1789438727733,198.2936,26.4410,-0.0249,0.1246,-0.2348,0.0006,29.32
1789438727733,196.1770,26.5470,0.3817,-0.2722,0.0094,0.2754,29.30
1789438727733,198.2321,26.4444,-0.0923,0.2772,-0.0516,0.1533,29.34
1789438727733,195.8475,26.5638,0.3425,-0.3027,0.1621,0.1838,29.33
1789438727733,198.6870,26.4219,-0.0270,0.5825,0.1621,0.4585,29.32
1789438727733,200.5693,26.3280,0.4400,0.0636,0.3147,0.5501,29.30
1789438727741,198.7601,26.4185,-0.0302,0.2772,-0.2958,0.1533,29.33
1789438727751,200.9196,26.3107,0.4658,-0.2722,0.1926,0.1838,29.32
1789438727829,199.6544,26.3741,-0.0164,0.1551,-0.1127,0.0922,29.32
1789438727829,200.6731,26.3233,0.6382,-0.3333,0.1010,0.2143,29.32
1789438727829,199.9210,26.3610,0.0292,0.1551,-0.2958,0.1533,29.32
1789438727829,200.9879,26.3077,0.5521,-0.1501,0.3147,0.3059,29.31
1789438727829,199.0035,26.4070,0.0899,0.5520,-0.1127,0.4890,29.34
1789438727829,201.6691,26.2738,0.7862,0.1246,0.4978,0.3364,29.31
1789438727831,199.6713,26.3738,0.0042,0.2772,-0.4179,0.1838,29.31
1789438727834,199.3882,26.3880,1.1568,0.0330,0.9557,-0.3046,29.34
1789438727841,198.7167,26.4217,0.0750,0.2772,-0.4790,0.2754,29.33
1789438727979,200.6788,26.3237,0.7309,-0.2722,0.2842,-0.0604,29.29
1789438727979,200.1077,26.3523,0.0291,0.3078,-0.3263,0.3975,29.32
1789438727979,201.2972,26.2929,0.7744,-0.1501,0.2842,0.0006,29.32
1789438727979,199.9478,26.3604,-0.0292,0.6130,-0.0516,0.5501,29.30
1789438727979,201.3193,26.2920,1.0110,0.3078,0.7726,0.0617,29.33
1789438727979,200.0352,26.3562,-0.0414,0.1857,-0.4484,0.3669,29.32
1789438727979,200.5997,26.3281,1.1039,-0.1806,0.5284,-0.5793,29.32
1789438727979,198.9660,26.4099,0.0908,0.2162,-0.3874,0.4585,29.31
1789438727979,201.3389,26.2913,1.1142,-0.0585,0.6199,-0.6709,29.32
1789438727979,199.4437,26.3861,-0.0049,0.4909,-0.0821,0.6111,29.32
1789438727979,199.6411,26.3764,0.7661,0.0941,0.7420,-0.4572,29.34
1789438727979,198.6436,26.4264,-0.0302,0.3993,-0.2348,0.4890,29.29
1789438727979,200.1712,26.3501,0.6296,0.3688,0.7420,-0.1215,29.35
1789438728057,199.7188,26.3728,0.0170,0.1857,-0.5095,0.3364,29.32
1789438728057,200.5768,26.3301,1.2600,0.1246,0.8641,-1.0677,29.32
1789438728057,199.8777,26.3652,-0.0176,0.3078,-0.0821,0.3975,29.32
1789438728057,199.8803,26.3652,0.8713,0.2162,0.7115,-0.9151,29.33
1789438728057,199.2206,26.3983,0.0923,0.3383,0.1010,0.5501,29.32
1789438728057,200.6120,26.3288,0.8943,0.4909,0.8336,-0.9151,29.31
1789438728142,200.2473,26.3472,0.0074,0.2467,-0.2042,0.3669,29.31
1789438728142,200.8250,26.3184,0.9971,0.6435,0.9862,-0.8235,29.32
1789438728142,199.7896,26.3703,0.0787,-0.0280,-0.3263,0.2143,29.32
1789438728142,201.2982,26.2951,1.3996,1.1014,0.4978,-1.7393,29.33
1789438728142,200.1420,26.2773,0.4180,0.2772,0.0705,0.3975,29.32
1789438728142,197.5934,26.4804,0.8464,0.9793,0.5284,-0.9151,29.32
1789438728142,200.0368,26.3582,0.9078,-0.2112,0.2536,0.7638,29.32
1789438728145,196.4993,26.5352,1.0033,1.1319,0.5589,-1.2509,29.33
1789438728145,200.8428,26.3180,0.3318,0.2162,0.1315,0.0617,29.32
1789438728145,197.8998,26.4652,0.5361,0.3688,0.2842,-0.6709,29.32
1789438728145,201.0706,26.3068,0.3780,-0.0585,-0.1127,0.0006,29.33
1789438728151,197.6714,26.4769,0.5772,0.7656,0.6199,-0.4878,29.30
1789438728226,201.2670,26.2972,0.5184,-0.0280,-0.0211,0.1838,29.31
1789438728226,197.2939,26.4959,0.4777,0.3078,0.2842,-0.5488,29.34
1789438728226,200.4221,26.3396,0.6675,-0.1196,0.2842,0.5501,29.32
1789438728226,197.2128,26.5002,0.5359,0.5520,0.3147,-0.7320,29.31
1789438728226,201.8405,26.2688,0.8026,-0.0585,0.3757,0.6111,29.32
1789438728226,197.2564,26.4981,0.4713,0.8267,0.5894,-0.2436,29.33
1789438728226,199.9858,26.3617,0.5958,-0.6385,0.3452,0.2754,29.33
1789438728231,196.3961,26.5413,0.4155,0.4299,0.1621,-0.7320,29.32
1789438728241,200.5444,26.3340,0.4113,-0.4248,0.1315,-0.0604,29.31
1789438728252,197.4438,26.4891,0.2935,0.5214,0.3452,-0.1520,29.33
1789438728321,200.7317,26.3248,0.9772,-0.7606,0.1621,0.7638,29.35
1789438728321,198.2671,26.4482,0.3300,0.5825,0.3757,-0.0299,29.30
1789438728321,199.8142,26.3710,0.8619,-0.6385,0.1926,0.6111,29.32
1789438728321,195.8608,26.5687,0.2050,0.3688,-0.1127,-0.3046,29.33
1789438728321,200.5560,26.3341,1.0900,-1.0659,0.4368,1.0385,29.37
1789438728321,196.9729,26.5134,0.3061,0.7351,0.3757,-0.0909,29.33
1789438728321,200.6661,26.3289,1.1361,-1.0353,0.9862,1.0385,29.34
1789438728331,197.1632,26.5042,0.1785,0.2467,-0.1127,-0.2741,29.33
1789438728341,200.6485,26.3301,1.1362,-1.4627,0.9557,0.6722,29.31
1789438728421,196.7534,26.5249,0.1262,0.3993,0.0400,-0.0909,29.32
1789438728421,196.4340,26.5410,0.9192,-1.1880,0.6810,0.6417,29.31
1789438728421,194.7002,26.6282,0.7084,0.9183,-0.1432,-0.3962,29.33
1789438728421,200.8485,26.3210,1.5376,-2.1953,1.5662,0.5501,29.34
1789438728421,197.1571,26.4226,0.1521,0.2467,-0.0211,-0.1825,29.33
1789438728421,199.8131,26.3730,0.7860,-1.2795,0.7726,0.5196,29.32
1789438728422,199.7135,26.3780,0.0715,0.1857,0.1621,-0.0604,29.32
1789438728422,201.1860,26.3044,0.6623,-0.7606,0.8947,0.9469,29.33
1789438728431,199.8061,26.3734,0.0457,0.5214,0.3452,0.1838,29.31
1789438728441,196.7056,26.5286,0.9190,-1.2185,1.3831,0.6722,29.32
1789438728520,199.4583,26.3910,0.1650,0.0636,-0.0821,-0.0909,29.32
1789438728520,196.9181,26.5181,0.6954,-1.2185,0.6810,0.3975,29.32
1789438728520,199.8478,26.3716,-0.0030,0.0330,-0.0211,0.0312,29.30
1789438728520,196.9862,26.5148,0.5969,-1.0048,0.6505,0.4585,29.31
1789438728520,198.7421,26.4271,0.0408,0.4909,0.4978,0.0922,29.31
1789438728520,196.6795,26.5304,0.5092,-0.8827,0.8031,0.5196,29.32
1789438728521,199.3789,26.3954,-0.0233,0.2772,-0.0211,-0.0299,29.33
1789438728525,197.5921,26.4849,0.3686,-0.5469,0.4673,0.4585,29.32
1789438728531,198.9986,26.4146,0.0424,0.1246,0.0094,-0.0604,29.32
1789438728541,197.9676,26.4662,0.2629,-0.5469,0.0705,0.4280,29.32
1789438728551,198.4494,26.4422,-0.0018,0.1857,0.0705,-0.0909,29.30
1789438728619,195.8286,26.5734,0.4478,-0.8217,0.3147,0.3975,29.31
1789438728619,198.9750,26.4162,0.0811,0.5520,0.2536,0.3975,29.32
1789438728619,196.1392,26.5581,0.3965,-0.3638,0.5284,0.5806,29.32
1789438728619,198.3190,26.4492,-0.0618,0.2772,0.0400,-0.1520,29.33
1789438728619,196.1994,26.5554,0.3921,-0.3027,0.6199,0.7027,29.31
1789438728619,198.2532,26.4528,-0.1072,0.1857,-0.1127,-0.1825,29.32
1789438728621,195.8512,26.5731,0.3389,-0.5469,0.1621,0.3669,29.33
1789438728631,198.8583,26.4228,0.0818,0.3993,-0.1737,0.1838,29.31
1789438728641,196.3679,26.5475,0.3257,-0.3333,0.2536,0.1533,29.33
1789438728717,198.6508,26.4335,-0.1021,0.4909,0.1315,0.4280,29.33
1789438728717,196.4870,26.5418,0.2101,-0.0891,0.1315,0.6417,29.32
1789438728717,197.5240,26.4900,-0.0679,0.0636,-0.1432,0.0922,29.32
1789438728717,196.0818,26.5623,0.4278,-0.0585,0.6199,0.4890,29.31
1789438728717,198.7866,26.4271,-0.0228,0.2162,-0.1432,0.0006,29.33
1789438728717,197.1407,26.5095,0.3481,-0.3027,0.0400,0.2754,29.29
1789438728718,199.5394,26.3897,0.1080,0.3993,-0.1432,0.1838,29.32
1789438728722,197.2448,26.5045,0.3901,-0.2112,0.1621,0.3364,29.31
1789438728731,199.5299,26.3903,-0.0578,0.4299,0.2536,0.3975,29.31
1789438728741,196.6708,26.5334,0.6937,0.0636,0.6199,0.3975,29.32
1789438728752,199.2681,26.4036,0.0598,0.3383,-0.5095,0.3669,29.32
1789438728820,200.6863,26.3328,0.5797,-0.1806,0.4978,0.1838,29.33
1789438728820,199.9715,26.3459,-0.0053,0.0330,-0.2042,0.0312,29.31
1789438728820,201.4716,26.2935,0.4822,-0.2722,-0.0211,0.2143,29.31
1789438728820,200.0317,26.3656,0.0747,0.3078,-0.0821,0.2143,29.31
1789438728820,201.5319,26.2907,0.5506,-0.1501,0.2231,0.1533,29.31
1789438728820,199.9854,26.3680,-0.0398,0.3993,0.0400,0.3059,29.32
1789438728821,200.5984,26.3374,0.4842,0.0636,0.5589,0.2448,29.32
1789438728831,199.4157,26.3967,-0.0296,0.0330,-0.0821,0.2143,29.32
1789438728841,201.2029,26.3074,0.7703,0.0330,0.7115,0.4280,29.32
1789438728852,199.1780,26.4088,0.0256,0.1857,-0.2958,0.2448,29.33
1789438728921,199.5051,26.3926,0.6757,-0.3333,0.2536,-0.1520,29.32
1789438728921,199.1187,26.4120,0.0862,0.3993,-0.2958,0.4585,29.32
1789438728921,200.0434,26.3659,0.4850,-0.3027,0.3452,-0.0299,29.30
1789438728921,199.6509,26.3856,-0.0068,0.5520,0.0705,0.5501,29.35
1789438728921,200.5421,26.3413,1.0637,0.0330,0.7726,-0.2130,29.32
1789438728921,200.3633,26.3503,-0.1267,0.0025,-0.1737,0.0312,29.31
1789438728925,199.9917,26.3691,0.9666,0.3688,0.6505,-0.1520,29.32
1789438728931,198.9222,26.4227,0.0290,0.1551,-0.4790,0.3669,29.32
1789438728941,200.6228,26.3378,1.0624,-0.1806,0.7115,-0.7320,29.32
1789438728952,200.1634,26.3608,0.0752,0.3688,-0.2042,0.5196,29.32
1789438729021,200.9386,26.3222,0.9254,0.1551,0.6505,-0.4572,29.31
1789438729021,199.6637,26.3861,-0.0933,0.5520,-0.0821,0.6111,29.32
1789438729021,200.8867,26.3251,1.4552,0.3688,1.2304,-0.9151,29.31
1789438729021,199.9727,26.3708,-0.0084,0.0941,-0.3263,0.3364,29.33
1789438729021,201.1923,26.3099,1.0910,0.4604,0.8641,-0.6404,29.33
1789438729021,199.2662,26.4063,0.3674,0.0941,-0.3874,0.3975,29.40
1789438729021,201.5431,26.2925,1.6785,0.9793,0.8031,-1.8614,29.34
1789438729031,200.1127,26.3641,0.0170,0.4909,-0.0516,0.6111,29.29
1789438729041,199.7023,26.3847,0.9498,0.4604,1.0168,-0.9151,29.32
1789438729052,199.2111,26.4093,0.0292,0.3078,-0.1127,0.5501,29.32
1789438729119,200.7284,26.3336,0.8214,0.4604,1.1389,-0.7320,29.30
1789438729119,200.0076,26.3697,-0.0134,0.0025,-0.1737,0.1533,29.27
1789438729119,201.1331,26.3135,0.7700,0.2162,0.5589,-1.0067,29.31
1789438729119,199.5980,26.3903,0.1283,0.3383,0.0400,0.4585,29.32
1789438729119,201.0250,26.3191,0.8766,0.7656,0.6810,-0.8235,29.32
1789438729119,201.8518,26.2778,0.0938,0.3383,0.1010,0.3364,29.32
1789438729125,197.2595,26.5075,0.9648,0.9793,0.6199,-0.6709,29.31
1789438729131,200.0229,26.3694,0.1550,-0.0280,0.1621,0.1533,29.31
1789438729141,196.2912,26.5561,0.9073,0.7656,0.4978,-1.2814,29.32
1789438729152,200.7410,26.3336,0.0293,-0.0280,-0.0516,0.0617,29.32
1789438729220,197.8288,26.4793,0.3825,0.0941,0.3452,-0.3962,29.31
1789438729220,200.5269,26.3445,0.5867,-0.1196,-0.0821,0.2754,29.31
1789438729220,198.0389,26.4690,0.4388,0.6435,0.6810,-0.1520,29.32
1789438729220,199.6218,26.3900,0.4935,-0.1196,0.1010,0.2448,29.35
1789438729220,195.7622,26.5831,0.5387,0.5214,0.2842,-0.7625,29.33
1789438729220,200.5749,26.3427,0.6515,-0.0280,0.4368,0.5196,29.32
1789438729221,196.9240,26.5253,0.4069,0.5214,0.4368,-0.3351,29.32
1789438729231,201.4858,26.2974,0.7222,-0.2417,0.4978,0.7027,29.31
1789438729241,197.2637,26.5086,0.4588,0.4604,0.3147,-0.4878,29.30
1789438729317,201.2104,26.3113,0.9893,-0.6690,0.3757,0.4890,29.31
1789438729317,196.7194,26.5359,0.3241,0.5520,-0.0211,-0.4267,29.32
1789438729317,200.7740,26.3333,0.8296,-0.6996,0.0400,0.7332,29.38
1789438729317,196.5986,26.5422,0.6293,1.0709,0.4063,-0.3962,29.33
1789438729317,201.6083,26.2918,1.5222,-1.3711,0.4978,0.7638,29.32
1789438729317,197.5708,26.4937,0.3246,0.4299,-0.0211,-0.4878,29.32
1789438729319,199.5895,26.3929,1.0908,-1.1880,0.4978,1.0385,29.32
1789438729322,196.1974,26.5625,0.2229,0.4909,0.1621,-0.3351,29.31
1789438729332,200.9641,26.3243,0.7637,-0.5775,0.7115,0.9469,29.29
1789438729341,197.5758,26.4937,0.1982,0.5825,0.3147,0.0006,29.32
1789438729351,201.1847,26.3134,1.1907,-1.0353,0.8031,1.0080,29.32
1789438729425,197.8908,26.4781,0.2020,0.3078,-0.1737,-0.2741,29.32
1789438729425,201.3755,26.3041,1.0748,-1.2795,0.7115,0.5806,29.34
1789438729425,197.2555,26.5100,0.1053,0.3383,-0.1432,-0.1215,29.32
1789438729425,200.7903,26.3335,1.0704,-1.4627,0.8947,0.6722,29.30
1789438729425,197.0407,26.5210,0.1644,0.5214,0.2536,-0.0299,29.32
1789438729425,201.7663,26.2848,1.0152,-1.5237,0.8947,0.6417,29.31
1789438729425,196.9822,26.4094,0.0752,0.2162,-0.0516,-0.0909,29.32
1789438729431,200.1531,26.3656,0.5512,-0.7301,0.4978,0.7638,29.33
1789438729441,198.8358,26.4315,0.0606,0.2162,0.1315,-0.3046,29.31
1789438729451,200.4394,26.3515,0.3697,-0.4554,0.5894,0.7638,29.37
1789438729524,198.5628,26.4453,0.0307,0.6130,0.3452,0.3669,29.33
1789438729524,195.9280,26.5773,0.7409,-1.0048,0.8641,0.5501,29.32
1789438729524,199.3157,26.4079,0.0439,0.1246,-0.0516,-0.0604,29.33
1789438729524,196.5677,26.5455,0.4924,-0.8827,0.5589,0.2754,29.33
1789438729524,198.5516,26.4464,-0.0413,0.3078,0.1926,-0.0299,29.31
1789438729524,196.5590,26.5462,0.4781,-0.8827,0.5284,0.5196,29.33
1789438729524,198.4872,26.4498,-0.0580,0.5825,0.4673,0.2143,29.33
1789438729531,196.0801,26.5704,0.4269,-0.6385,0.6810,0.6111,29.32
1789438729541,198.8055,26.4342,0.0117,0.2772,-0.0211,-0.0604,29.31
1789438729551,196.0718,26.5710,0.4376,-0.4554,0.9252,0.7332,29.32
1789438729624,198.7651,26.4364,0.0136,0.1246,0.0094,-0.0909,29.33
1789438729624,196.6036,26.5446,0.3305,-0.6690,0.1926,0.3364,29.31
1789438729624,197.5857,26.4956,0.1297,0.4299,-0.2348,0.1838,29.31
1789438729624,196.1105,26.5696,0.4199,-0.7606,0.4978,0.3059,29.32
1789438729624,199.1590,26.4171,0.0116,0.4604,0.1926,0.3059,29.34
1789438729624,197.1305,26.5186,0.3256,-0.3943,0.5284,0.6417,29.33
1789438729624,199.5140,26.3995,0.1170,0.1857,-0.2348,0.0617,29.35
1789438729631,197.7549,26.4875,0.3397,-0.1501,0.1010,0.5806,29.32
1789438729641,199.5163,26.3995,0.0485,0.2772,-0.1127,0.1838,29.31
1789438729725,196.5589,26.5475,0.4651,-0.4859,0.2536,0.1838,29.31
1789438729725,199.3855,26.4062,0.2493,0.7046,-0.2653,0.4585,29.32
1789438729725,196.8802,26.5316,0.3059,-0.4859,0.2231,0.3669,29.32
1789438729725,199.8290,26.3842,-0.0537,0.3078,0.1315,0.1533,29.33
1789438729725,196.8311,26.5342,0.3255,-0.3638,0.4978,0.5806,29.31
1789438729725,198.8907,26.4313,0.0010,0.1246,-0.1127,0.1227,29.33
1789438729729,196.3954,26.5561,0.3764,0.0025,0.2842,0.1838,29.32
1789438729729,199.4403,26.4038,0.0271,0.1551,-0.1127,0.0617,29.33
1789438729731,197.6985,26.4910,0.3727,-0.4248,0.1010,0.1533,29.32
1789438729741,199.0632,26.4229,0.0209,0.4909,0.0400,0.3975,29.32
1789438729751,197.7262,26.4898,0.3487,-0.1501,0.1621,0.4585,29.32
1789438729828,198.7508,26.4387,-0.0510,0.4909,0.1621,0.3364,29.32
1789438729829,199.7341,26.3896,0.4609,-0.0280,0.4978,0.4280,29.32
1789438729829,199.0207,26.4147,0.0052,0.1551,-0.2653,0.1227,29.32
1789438729829,199.9060,26.3812,0.4015,-0.2417,0.1621,0.1533,29.32
1789438729829,199.6757,26.3929,-0.0356,0.2162,-0.1432,0.1838,29.33
1789438729829,200.3387,26.3599,0.5877,-0.2417,0.2231,0.1838,29.32
1789438729829,199.8470,26.3846,-0.1079,0.4604,0.1010,0.3975,29.31
1789438729831,199.8762,26.3833,0.5260,0.1246,0.4368,0.4585,29.34
1789438729841,199.2118,26.4166,-0.0319,0.2467,-0.0211,0.3364,29.28
1789438729851,200.5940,26.3476,0.6965,-0.0891,0.5284,0.1533,29.31
1789438729928,200.2435,26.3653,0.0153,0.1246,-0.2348,0.0617,29.32
1789438729928,200.8231,26.3364,0.8442,-0.3027,0.3147,-0.0909,29.33
1789438729928,199.7897,26.3882,0.0763,0.2467,-0.2348,0.3364,29.37
1789438729928,200.9500,26.3304,0.9644,-0.2417,0.3757,-0.3657,29.32
1789438729928,199.9754,26.3791,0.0656,0.5214,-0.1737,0.6111,29.32
1789438729928,201.2251,26.3167,0.8994,0.1857,0.6810,-0.2130,29.32
1789438729928,199.2846,26.4138,0.1271,0.1246,-0.3569,0.3364,29.35
1789438729932,201.4851,26.3039,1.2308,0.4299,0.9252,-0.2130,29.32
1789438729941,199.9622,26.3801,0.0541,0.0330,-0.3569,0.3975,29.30
1789438729951,199.5761,26.3995,1.0977,0.0636,0.8641,-0.6099,29.32
1789438730031,198.8217,26.4373,0.0522,0.1551,-0.2653,0.5501,29.33
1789438730031,200.7159,26.3427,0.9540,0.0025,0.6199,-0.5488,29.31
1789438730031,200.1368,26.3717,-0.0266,0.4299,-0.0516,0.6417,29.32
1789438730031,201.2245,26.3174,0.8841,0.0941,0.6810,-0.6404,29.32
1789438730031,199.6435,26.3965,-0.0770,0.3688,-0.0211,0.5501,29.32
1789438730031,201.2996,26.3138,0.8322,0.2162,0.8641,-0.4878,29.32
1789438730031,199.7684,26.3903,-0.0674,0.0636,-0.2653,0.1838,29.31
1789438730031,200.6304,26.3473,1.1725,0.5520,1.0778,-0.6404,29.30
1789438730041,199.2256,26.4176,-0.0022,0.1551,-0.3569,0.3669,29.32
1789438730051,201.5862,26.2997,1.3328,0.2772,0.8641,-1.3730,29.33
1789438730130,199.1220,26.4229,-0.0054,0.1857,-0.2348,0.3364,29.29
1789438730130,199.8399,26.3871,0.6230,0.1551,0.6810,-0.7625,29.32
1789438730130,199.2914,26.4147,0.1171,0.4909,0.0094,0.6417,29.32
1789438730130,201.1057,26.3239,0.5108,0.2162,0.5589,-0.2741,29.32
1789438730130,200.1946,26.3696,-0.0660,0.2162,0.1926,0.3975,29.24
1789438730130,200.5914,26.3499,0.7878,0.6741,0.9252,-0.6404,29.31
1789438730131,200.1600,26.3716,0.1867,0.0025,-0.1737,0.0922,29.32
1789438730131,197.0455,26.5275,0.7862,0.3993,0.5284,-0.9456,29.32
1789438730141,200.7026,26.3448,0.2673,-0.1196,-0.1737,0.1227,29.34
1789438730151,197.0280,26.5286,0.6665,0.5825,0.5894,-0.8235,29.31
1789438730230,200.7128,26.3445,0.3908,0.2162,0.0705,0.2448,29.30
1789438730230,196.8278,26.5388,0.7304,0.8267,0.7115,-0.5793,29.32
1789438730230,200.9056,26.3351,0.3543,0.2162,0.3452,0.5501,29.32
1789438730230,196.6660,26.5472,0.9249,0.7962,0.2536,-1.2509,29.33
1789438730230,201.6424,26.2984,0.8308,0.0636,0.4063,0.6111,29.32
1789438730230,197.5883,26.5011,0.5622,0.7351,0.5284,-0.5183,29.33
1789438730231,199.5987,26.4007,1.0044,-0.8217,0.5284,0.7943,29.31
1789438730231,196.1972,26.5709,0.6670,0.9183,0.1926,-0.9151,29.32
1789438730241,200.9622,26.3326,0.6750,-0.4554,0.1010,0.4585,29.32
1789438730251,197.5813,26.5017,0.4248,0.4909,0.1621,-0.5793,29.32
1789438730329,201.4154,26.3102,0.8745,-0.5164,0.1621,0.3059,29.31
1789438730329,197.8464,26.4886,0.3588,0.5214,0.2842,-0.3351,29.32
1789438730329,201.5708,26.3025,0.9648,-0.6385,0.2231,0.5806,29.41
1789438730329,197.2468,26.5187,0.3450,0.6435,0.4978,-0.2130,29.31
1789438730329,200.8086,26.3408,1.0078,-0.4859,0.4368,0.9164,29.31
1789438730329,197.4032,26.5111,0.3988,0.4909,0.0094,-0.6099,29.32
1789438730331,201.7828,26.2922,1.0331,-0.5469,0.3147,0.9774,29.31
1789438730331,197.2240,26.5201,0.2753,0.5214,0.4063,-0.2436,29.32
1789438730341,200.1220,26.3754,0.6691,-0.7606,0.4063,0.6722,29.31
1789438730351,196.4986,26.5566,0.2646,0.2467,-0.0211,-0.3962,29.32
1789438730433,200.3742,26.3630,0.5106,-0.6690,0.1621,0.3669,29.33
1789438730433,197.4677,26.5084,0.1963,0.3688,0.0705,-0.2130,29.34
1789438730433,200.7360,26.3451,1.1375,-1.2490,0.6199,0.6417,29.30
1789438730433,198.2698,26.4685,0.1888,0.5825,0.2231,0.1227,29.31
1789438730433,199.9389,26.3852,0.8673,-1.0353,0.5589,0.5806,29.33
1789438730433,196.1454,26.5749,0.1650,0.2467,-0.1737,-0.3657,29.32
1789438730433,200.5904,26.3529,0.9672,-1.3406,0.9862,0.8859,29.35
1789438730433,197.1222,26.5264,0.1214,0.3078,-0.2348,-0.3351,29.33
1789438730441,200.7293,26.3462,1.0012,-1.2490,1.2610,0.9164,29.32
1789438730451,198.8802,26.4387,0.0956,0.4299,0.0400,0.0617,29.31
1789438730532,200.8958,26.3382,0.8456,-0.9438,1.3220,0.8553,29.32
1789438730532,198.9237,26.4368,0.0191,0.4604,0.1315,0.1838,29.32
1789438730532,196.5726,26.5545,0.6542,-1.1574,0.2536,0.4890,29.32
1789438730532,197.8115,26.4926,0.2489,0.3383,-0.2348,-0.2436,29.32
1789438730532,196.2299,26.5719,0.8985,-1.5543,1.1083,0.4280,29.32
1789438730532,199.0421,26.4312,0.1212,0.3688,0.1621,-0.1520,29.31
1789438730534,197.3109,26.5179,0.5265,-0.8522,0.7115,0.5806,29.33
1789438730534,199.6256,26.4021,0.0349,0.2162,0.1926,0.0006,29.32
1789438730541,197.8120,26.4929,0.4054,-0.4248,0.5894,0.7332,29.31
1789438730551,199.4278,26.4121,0.0124,0.1857,-0.1127,0.0006,29.31
1789438730631,197.0218,26.5326,0.5745,-0.8522,0.7115,0.4585,29.31
1789438730631,199.4348,26.4119,0.1357,0.1551,-0.1432,-0.0604,29.32
1789438730631,196.6703,26.5503,0.5095,-0.9132,0.5589,0.3669,29.32
1789438730631,200.0177,26.3829,-0.0047,0.1857,0.1621,0.0006,29.33
1789438730631,197.0034,26.5337,0.3596,-0.7301,0.3757,0.3364,29.32
1789438730631,198.8260,26.4426,0.0397,0.4909,0.1926,0.3059,29.32
1789438730632,196.8707,26.5405,0.3131,-0.4554,0.4368,0.4890,29.33
1789438730632,199.5210,26.4079,-0.0031,0.0941,0.0705,-0.1215,29.32
1789438730641,197.6529,26.5015,0.3265,-0.2112,0.6199,0.5806,29.32
1789438730651,198.9109,26.4386,-0.0060,0.1246,-0.1432,0.0006,29.32
1789438730738,197.9184,26.4884,0.2859,-0.3333,0.0400,0.3975,29.32
1789438730738,198.5777,26.4555,0.0128,0.3078,-0.0516,0.1533,29.32
1789438730738,195.9363,26.5877,0.3852,-0.4859,0.2231,0.3364,29.32
1789438730738,199.3240,26.4184,0.0780,0.6435,0.0705,0.4280,29.33
1789438730738,196.4250,26.5635,0.2441,-0.2417,0.2536,0.6111,29.32
1789438730738,198.4745,26.4611,-0.0700,0.0025,-0.1737,0.0006,29.31
1789438730738,196.2764,26.5712,0.3600,-0.1196,0.5284,0.5196,29.30
1789438730738,198.3456,26.4678,-0.0984,0.1551,-0.0821,-0.0604,29.31
1789438730742,195.8820,26.5911,0.3453,-0.3333,0.1315,0.2754,29.31
1789438730751,198.7357,26.4486,-0.0005,0.3383,0.0094,0.2143,29.29
1789438730831,196.1116,26.5799,0.3382,-0.3333,-0.0211,0.1838,29.31
1789438730831,198.8854,26.4413,-0.0706,0.5825,0.1621,0.2448,29.32
1789438730831,196.5534,26.5580,0.3756,0.0330,0.4368,0.5501,29.32
1789438730831,197.8045,26.4955,-0.0363,0.0636,-0.1432,0.1227,29.32
1789438730831,201.2460,26.3236,0.5196,-0.3333,0.1621,0.1838,29.31
1789438730831,198.9725,26.3665,0.0000,0.1246,-0.2958,0.1227,29.30
1789438730832,201.1507,26.3284,0.4694,-0.2112,0.1926,0.1838,29.32
1789438730832,199.1866,26.4267,0.1264,0.3383,-0.0211,0.2754,29.31
1789438730841,201.7629,26.2979,0.5836,-0.1806,0.1315,0.3059,29.32
1789438730851,200.2265,26.3748,-0.0538,0.4909,0.2231,0.4280,29.32
1789438730935,199.7710,26.3977,0.8481,0.1857,0.6505,0.1838,29.31
1789438730935,199.2449,26.4240,0.0434,0.3078,-0.3263,0.2754,29.31
1789438730935,200.7040,26.3512,0.6786,-0.1806,0.1315,0.0922,29.32
1789438730935,200.5259,26.3601,0.0321,0.1246,-0.3874,0.1227,29.34
1789438730935,201.3307,26.3199,0.4871,-0.2112,0.2536,0.0617,29.32
1789438730935,200.0539,26.3839,0.0432,0.2467,-0.2653,0.3975,29.32
1789438730935,201.2003,26.3267,0.6427,-0.0891,0.2536,-0.0604,29.32
1789438730935,199.9827,26.3875,-0.0399,0.4909,0.0400,0.5196,29.33
1789438730941,200.5965,26.3569,0.8905,0.2772,0.6810,0.0617,29.31
1789438731029,197.5213,26.5109,0.0028,0.0941,-0.4484,0.1838,29.35
1789438731029,200.9435,26.3401,1.2371,0.1246,0.8641,-0.1520,29.33
1789438731029,199.2394,26.4254,0.0209,0.0636,-0.4790,0.1533,29.32
1789438731029,199.7173,26.4016,0.8449,-0.0891,0.4673,-0.2436,29.32
1789438731029,198.9274,26.4412,0.0447,0.3078,-0.1127,0.3975,29.32
1789438731029,200.3031,26.3725,0.6329,-0.2722,0.3147,-0.1215,29.31
1789438731031,199.9364,26.3910,-0.0939,0.4909,0.0094,0.4890,29.32
1789438731031,200.7090,26.3525,1.0473,0.2467,0.7726,-0.3657,29.31
1789438731031,200.5464,26.3607,-0.1340,0.2772,-0.4484,0.1533,29.34
1789438731041,200.3556,26.3704,1.0936,0.3383,0.8336,-0.3351,29.32
1789438731051,199.0080,26.4378,0.0059,0.0941,-0.3874,0.2448,29.31
1789438731130,200.8590,26.3454,1.0198,-0.0891,0.8031,-0.9151,29.31
1789438731130,200.3825,26.3693,0.0580,0.0941,-0.2348,0.3669,29.32
1789438731130,201.1085,26.3331,1.0797,0.0941,0.8031,-0.9151,29.32
1789438731130,199.8445,26.3964,-0.0120,0.4909,0.1926,0.4585,29.32
1789438731130,200.9734,26.3401,1.0440,0.4299,0.8947,-0.9456,29.32
1789438731130,200.0186,26.3879,0.0007,0.0636,-0.1432,0.1838,29.31
1789438731132,201.2186,26.3279,1.0929,0.6741,0.9557,-0.7014,29.32
1789438731132,199.2567,26.4261,0.3977,-0.0280,-0.3569,0.3975,29.32
1789438731141,201.4758,26.3153,1.2931,0.9183,0.7115,-1.5867,29.35
1789438731151,199.9495,26.3916,0.1652,0.1551,-0.0516,0.3059,29.32
1789438731233,199.5679,26.4108,0.6043,0.3078,0.6810,-0.9151,29.32
1789438731233,198.8294,26.4478,0.1076,0.4299,0.2536,0.5806,29.31
1789438731233,200.9093,26.3439,0.5922,0.6741,0.8947,-0.4267,29.32
1789438731233,200.6298,26.3580,-0.0579,0.1551,0.1621,0.1533,29.29
1789438731233,201.1119,26.3339,0.8004,0.5214,0.6810,-0.8235,29.30
1789438731233,200.8353,26.3479,0.2545,-0.0585,-0.0821,0.0617,29.39
1789438731233,197.4273,26.5184,0.7738,0.5214,0.2842,-0.7930,29.32
1789438731233,201.6745,26.3060,0.3226,0.0025,-0.0516,0.1533,29.32
1789438731241,197.2780,26.5259,0.7754,1.0098,0.7420,-0.6099,29.33
1789438731251,200.1497,26.3824,0.3679,-0.0891,0.1010,0.3975,29.32
1789438731331,196.4777,26.5661,0.8231,0.7351,0.3452,-1.0983,29.31
1789438731331,200.6070,26.3597,0.0384,0.3383,0.4368,0.2448,29.32
1789438731331,197.9722,26.4915,0.3786,0.1246,0.1926,-0.5488,29.31
1789438731331,200.5970,26.3604,0.7050,-0.4859,0.2231,0.3059,29.32
1789438731331,198.0743,26.4866,0.3963,0.5520,0.5894,-0.2436,29.31
1789438731331,199.8466,26.3981,0.6298,-0.2112,0.0705,0.2143,29.40
1789438731333,196.2736,26.5768,0.4827,0.5214,0.1010,-0.6404,29.33
1789438731333,200.7443,26.3535,0.8478,-0.5775,0.1315,0.3669,29.32
1789438731341,197.0600,26.5378,0.4005,0.6130,0.1926,-0.5488,29.32
1789438731351,200.6920,26.3564,0.8592,-0.7301,0.1926,0.5196,29.31
1789438731433,196.9674,26.5427,0.4260,0.7351,0.4978,-0.3657,29.31
1789438731433,201.0825,26.3371,1.1748,-0.9132,0.2231,0.7943,29.32
1789438731433,197.1870,26.5319,0.3244,0.4299,0.1621,-0.3962,29.32
1789438731433,200.8506,26.3489,0.8685,-0.4248,0.4978,0.8859,29.29
1789438731433,196.7507,26.5540,0.4654,0.7962,0.2231,-0.4878,29.31
1789438731433,201.6862,26.3073,1.5073,-1.0964,1.0778,0.9469,29.41
1789438731433,197.6107,26.5110,0.3240,0.6435,0.3452,-0.0909,29.33
1789438731433,199.4295,26.4202,0.9606,-1.3101,0.4368,0.7638,29.28
1789438731441,196.6003,26.5617,0.1940,0.2162,0.0094,-0.3657,29.32
1789438731451,200.9336,26.3452,0.8092,-0.8217,0.2842,0.4585,29.30
1789438731530,197.9463,26.4945,0.1670,0.3078,0.0094,-0.3046,29.31
1789438731530,201.3744,26.3233,1.2962,-1.6764,0.8641,0.7332,29.32
1789438731530,198.2276,26.4807,0.2095,0.6741,0.0705,0.1533,29.33
1789438731530,201.5481,26.3148,1.0346,-1.2795,0.8336,0.6722,29.32
1789438731530,197.4302,26.5207,0.1151,0.1551,-0.1127,-0.2741,29.32
1789438731530,200.8797,26.3483,0.9959,-1.2185,1.0778,0.9164,29.31
1789438731531,197.4437,26.5202,0.1531,0.3688,-0.0516,-0.1520,29.31
1789438731531,201.8023,26.3024,1.0104,-1.1269,1.2610,1.0690,29.32
1789438731541,197.3755,26.4139,0.0558,0.6130,0.2536,0.1838,29.32
1789438731551,200.0794,26.3886,0.4683,-0.8827,0.4368,0.5806,29.33
1789438731631,199.0972,26.4377,0.0450,-0.0280,-0.1127,-0.1825,29.32
1789438731631,198.2724,26.4790,0.3049,-0.6996,0.1315,0.4280,29.32
1789438731631,198.6171,26.4618,0.0331,0.1246,-0.0516,-0.1215,29.32
1789438731631,195.9137,26.5972,0.6983,-1.1574,0.8031,0.3975,29.32
1789438731631,199.0292,26.4414,0.0907,0.5214,0.2842,0.2143,29.32
1789438731631,196.6663,26.5597,0.4626,-0.5469,0.6810,0.7027,29.31
1789438731632,198.6002,26.4631,-0.0575,0.2467,0.2231,-0.1215,29.31
1789438731632,196.5834,26.5641,0.4371,-0.6385,0.7726,0.7027,29.31
1789438731641,198.4501,26.4709,-0.0649,0.1246,-0.0211,-0.0909,29.34
1789438731651,195.9773,26.5947,0.4723,-0.9132,0.3147,0.3364,29.33
1789438731729,198.9208,26.4475,0.0589,0.3078,0.1315,0.1838,29.34
1789438731729,196.2073,26.5834,0.3556,-0.8217,0.4063,0.3975,29.32
1789438731729,198.9344,26.4471,-0.0467,0.4604,0.2536,0.2448,29.31
1789438731729,196.5785,26.5650,0.3629,-0.5164,0.5589,0.5501,29.32
1789438731729,197.9739,26.4953,0.0874,0.2467,-0.3569,0.1227,29.33
1789438731729,196.2101,26.5836,0.4303,-0.4859,0.7115,0.6722,29.32
1789438731730,198.9639,26.4459,0.0611,0.0941,-0.2348,0.0617,29.33
1789438731733,197.2513,26.5316,0.2921,-0.6385,0.2536,0.4890,29.32
1789438731741,199.5759,26.4154,0.1631,0.5214,-0.2653,0.2448,29.32
1789438731751,197.7870,26.5049,0.2993,-0.4554,0.3147,0.3364,29.33
1789438731833,199.4663,26.4210,-0.0112,0.4604,0.0705,0.3364,29.30
1789438731833,196.8536,26.5518,0.4197,-0.1501,0.5894,0.5806,29.31
1789438731833,199.4909,26.4199,0.1535,0.3383,-0.3569,0.0617,29.33
1789438731833,197.0410,26.5425,0.4169,-0.1196,0.5589,0.5501,29.32
1789438731833,200.0538,26.3919,0.0262,0.1551,-0.1432,0.0312,29.32
1789438731833,197.6066,26.5145,0.3626,-0.4554,0.1926,0.3059,29.32
1789438731833,199.0615,26.4418,-0.0314,0.4909,0.1621,0.3669,29.32
1789438731833,197.0104,26.5444,0.2582,-0.3333,0.0705,0.2143,29.32
1789438731841,199.7545,26.4071,-0.0029,0.4604,0.1926,0.3975,29.32
1789438731923,197.4880,26.5205,0.4062,-0.1501,0.5284,0.3059,29.32
1789438731923,199.0880,26.4406,-0.0596,0.2162,-0.2348,0.1533,29.32
1789438731923,197.8347,26.5033,0.4074,0.0330,0.4063,0.6111,29.34
1789438731923,198.9359,26.4484,0.0376,0.2467,-0.2958,0.0922,29.33
1789438731923,195.7124,26.4239,0.4155,-0.3027,0.2842,0.1838,29.33
1789438731923,199.2094,26.4349,0.1256,0.1857,-0.4790,0.0922,29.31
1789438731924,200.2227,26.3844,0.3490,-0.3027,0.1010,0.1533,29.32
1789438731924,199.7277,26.4092,-0.0543,0.2467,0.0094,0.2448,29.32
1789438731931,200.3835,26.3766,0.5293,-0.0891,0.3452,0.2754,29.32
1789438731941,200.2662,26.3826,-0.0990,0.3993,0.1621,0.3975,29.34
1789438732068,200.2533,26.3834,0.5047,0.1551,0.5894,0.3669,29.33
1789438732068,199.2205,26.4352,0.0097,0.0330,-0.2653,0.0922,29.31
1789438732068,200.8127,26.3557,0.6670,-0.2417,0.1315,0.1838,29.31
1789438732068,200.2606,26.3834,0.0037,0.1857,-0.2958,0.2448,29.32
1789438732068,200.9767,26.3476,0.6295,-0.2722,0.1010,0.0922,29.31
1789438732068,200.0683,26.3932,0.0928,0.4909,-0.2042,0.3975,29.31
1789438732068,201.3459,26.3294,1.0657,0.0941,0.4978,0.0312,29.33
1789438732068,200.1906,26.3872,0.0193,0.5520,-0.0516,0.6722,29.32
1789438732146,201.1309,26.3402,0.7347,0.1246,0.6199,0.0312,29.31
1789438732146,199.3902,26.4274,0.0889,0.3078,-0.3874,0.4280,29.30
1789438732146,201.8671,26.3036,1.2985,0.2772,0.8031,-0.0604,29.31
1789438732146,200.2982,26.3821,0.0315,0.1246,-0.4484,0.3364,29.34
1789438732146,199.8060,26.4068,1.1635,0.0330,0.7726,-0.7625,29.32
1789438732146,199.0859,26.4429,0.0883,0.2467,-0.4484,0.4585,29.32
1789438732146,200.8284,26.3558,0.9690,-0.0280,0.5589,-0.6099,29.32
1789438732152,200.5000,26.3722,-0.0079,0.5214,-0.0821,0.6722,29.31
1789438732152,201.2229,26.3362,0.7982,0.1551,0.5589,-0.1825,29.33
1789438732152,199.7965,26.4076,-0.0433,0.0025,-0.2653,0.1838,29.36
1789438732152,201.3560,26.3297,1.1085,0.3078,1.0168,-0.3046,29.32
1789438732152,200.1581,26.3896,-0.0725,0.0941,-0.3874,0.2754,29.31
1789438732152,200.6872,26.3632,1.1434,0.2162,0.6199,-0.6709,29.31
1789438732229,199.3843,26.4284,0.0877,0.3688,-0.2348,0.4280,29.34
1789438732229,201.6672,26.3144,1.0935,0.0941,0.9252,-0.9456,29.33
1789438732229,199.7094,26.4123,-0.0669,0.5825,-0.0211,0.7943,29.37
1789438732229,199.9702,26.3994,0.7133,0.1551,0.7115,-0.6709,29.33
1789438732229,199.0836,26.4438,-0.0279,0.3078,-0.0516,0.4280,29.31
1789438732229,200.1693,26.3896,0.7212,0.4604,1.0473,-0.4267,29.32
1789438732229,199.9308,26.4017,-0.0220,0.0025,-0.2653,0.1838,29.30
1789438732231,200.6872,26.3640,1.2375,0.8877,0.7726,-1.1593,29.31
1789438732241,200.4191,26.3775,0.0545,0.2162,-0.1127,0.2754,29.32
1789438732251,200.3265,26.3823,0.8473,0.3688,0.5589,-1.0372,29.29
1789438732322,199.2595,26.4357,0.1482,0.3078,-0.0516,0.4890,29.31
1789438732322,200.5878,26.3694,0.5847,0.5214,0.0705,-0.7014,29.32
1789438732322,200.2470,26.3865,0.2522,0.4299,0.1315,0.4280,29.30
1789438732322,200.9550,26.5414,0.9042,0.7656,0.6199,-0.7320,29.32
1789438732322,201.0453,26.3468,0.0233,0.0025,0.0400,0.0922,29.32
1789438732322,196.7375,26.5624,1.1346,0.9488,0.4368,-1.3730,29.32
1789438732322,201.9148,26.3035,0.5752,-0.1196,-0.1432,-0.0299,29.26
1789438732331,197.9857,26.5000,0.6403,0.6130,0.4368,-0.6709,29.30
1789438732341,199.5182,26.4235,0.8592,-0.6996,0.0094,0.7332,29.29
1789438732351,196.5263,26.5732,0.7967,1.1625,0.6199,-0.7625,29.32
1789438732420,201.1337,26.3428,0.6024,-0.2417,0.1926,0.4280,29.31
1789438732420,197.9137,26.5039,0.5161,0.4909,0.3452,-0.7320,29.31
1789438732420,201.5768,26.3208,0.7442,-0.0585,0.2842,0.5196,29.31
1789438732420,198.0392,26.4977,0.4647,0.4299,0.2231,-0.5793,29.31
1789438732420,201.6688,26.3163,0.6546,0.0025,0.4368,0.6417,29.32
1789438732420,197.2832,26.5356,0.2765,0.4604,0.3452,-0.1825,29.32
1789438732425,200.8292,26.3584,0.7817,-0.1501,0.2231,0.5196,29.32
1789438732431,196.9998,26.5499,0.5620,0.7656,0.2842,-0.5793,29.32
1789438732441,202.0034,26.2998,0.9276,-0.7606,0.3147,0.4280,29.36
1789438732516,197.3368,26.5331,0.3712,0.4299,-0.0211,-0.5793,29.32
1789438732516,200.1778,26.3912,0.6450,-0.6080,0.1315,0.5196,29.30
1789438732516,196.4921,26.5755,0.3050,0.5520,0.1926,-0.3962,29.32
1789438732516,200.8224,26.3591,0.4941,-0.3943,0.1926,0.2448,29.40
1789438732516,197.8713,26.5067,0.3031,0.5520,0.4063,-0.0909,29.31
1789438732516,200.7644,26.3622,1.2002,-1.0659,0.2536,0.7943,29.33
1789438732518,198.0266,26.4991,0.2601,0.3383,0.1010,-0.3046,29.33
1789438732521,200.0980,26.3957,0.8677,-0.7606,0.4978,0.7027,29.34
1789438732531,196.0057,26.6004,0.1770,0.4604,0.0400,-0.1825,29.32
1789438732541,200.6809,26.3668,1.0248,-0.8522,0.4673,0.9774,29.32
1789438732617,197.3266,26.5346,0.2404,0.7046,0.3757,0.0312,29.31
1789438732617,200.8321,26.3595,1.0679,-0.9132,0.8641,1.1301,29.28
1789438732617,197.2570,26.5383,0.1728,0.1857,-0.0516,-0.3657,29.31
1789438732617,200.9060,26.3560,1.1378,-1.1880,1.2610,1.0385,29.30
1789438732617,196.7077,26.5659,0.0751,0.2467,-0.1432,-0.2130,29.32
1789438732617,201.2718,26.3379,0.9286,-1.1574,0.8336,0.8248,29.32
1789438732619,196.8785,26.5576,0.4087,0.6741,0.0400,-0.2130,29.32
1789438732623,201.8781,26.3078,1.2183,-1.9511,1.3525,0.4280,29.25
1789438732631,199.3105,26.4361,0.0865,0.2162,0.0094,-0.1215,29.31
1789438732641,197.5002,26.5267,0.6580,-1.0659,0.5894,0.6111,29.30
1789438732651,199.9282,26.4053,0.0637,0.1551,0.0400,-0.1825,29.32
1789438732720,197.4420,26.5297,0.6357,-1.0659,0.5894,0.4890,29.32
1789438732720,200.0101,26.4013,0.0245,0.4299,0.3147,0.2754,29.33
1789438732720,198.3880,26.4824,0.5967,-0.9132,0.9252,0.5806,29.32
1789438732720,197.8088,26.5116,0.2576,0.2772,0.1926,-0.0299,29.31
1789438732720,196.2018,26.5922,0.7078,-0.7911,1.1999,0.7332,29.32
1789438732720,199.6450,26.4200,0.0290,0.1551,0.0094,-0.0299,29.31
1789438732721,197.0429,26.5502,0.5928,-1.0964,0.5894,0.3975,29.32
1789438732731,198.9836,26.4532,0.0593,0.0636,-0.0211,-0.0909,29.34
1789438732741,196.7813,26.5635,0.5886,-1.1880,0.5284,0.4280,29.32
1789438732751,199.7877,26.4130,0.0078,0.2162,0.1621,0.0006,29.31
1789438732820,197.7493,26.5151,0.3376,-0.5469,0.2842,0.4890,29.32
1789438732820,198.8638,26.4595,0.0212,0.4604,0.3147,0.1533,29.33
1789438732820,197.9243,26.5065,0.2450,-0.3333,0.2536,0.6417,29.31
1789438732820,198.9854,26.4535,0.0009,0.1246,-0.0211,-0.0299,29.34
1789438732820,195.7541,26.6152,0.4338,-0.4554,0.9252,0.7027,29.32
1789438732820,199.2556,26.4402,0.0626,0.0025,-0.1127,-0.0604,29.29
1789438732825,196.2834,26.5889,0.3719,-0.4859,0.1315,0.3975,29.32
1789438732831,198.9468,26.4558,-0.0341,0.0636,0.1315,-0.1215,29.33
1789438732841,196.5859,26.5740,0.2924,-0.6080,0.0705,0.3059,29.32
1789438732917,198.6660,26.4701,-0.0902,0.5214,0.4368,0.1227,29.32
1789438732917,196.1723,26.5949,0.3296,-0.3943,0.5589,0.4890,29.32
1789438732917,198.8506,26.4611,0.0022,-0.0585,-0.1737,0.0617,29.31
1789438732917,196.0943,26.5991,0.3490,0.0025,0.4978,0.6722,29.31
1789438732917,198.8415,26.4618,-0.0939,0.0025,-0.0516,-0.0299,29.31
1789438732917,196.7270,26.5677,0.3327,-0.2722,0.1926,0.3669,29.32
1789438732918,197.8905,26.5096,0.0232,0.2467,-0.1737,0.2143,29.31
1789438732921,195.9049,26.6090,0.3818,-0.3943,0.1621,0.3059,29.32
1789438732931,199.2249,26.4430,0.0075,0.4604,0.0094,0.3975,29.33
1789438732941,197.3912,26.5348,0.2465,-0.2417,0.2231,0.3975,29.32
1789438733018,199.6668,26.4211,0.0841,0.5825,0.1010,0.4280,29.32
1789438733018,197.8331,26.5128,0.4203,0.0025,0.3452,0.5806,29.32
1789438733018,199.5802,26.4255,-0.0241,0.0330,-0.2348,0.0006,29.28
1789438733018,197.0150,26.5539,0.7424,-0.1806,0.5589,0.2754,29.31
1789438733018,199.4470,26.4323,0.1091,0.2467,-0.3569,0.0922,29.33
1789438733018,197.0157,26.5539,0.4276,-0.2112,0.1315,0.3364,29.32
1789438733019,199.7851,26.4154,-0.0081,0.1857,-0.2653,0.1533,29.32
1789438733023,201.4176,26.3339,0.4203,-0.3333,0.1315,0.1227,29.32
1789438733031,199.1338,26.3999,0.0651,0.4299,-0.0821,0.3364,29.31
1789438733041,201.5723,26.3262,0.4950,-0.0891,0.2231,0.4280,29.33
1789438733051,200.0967,26.4000,0.0021,0.5214,0.1926,0.4585,29.32
1789438733121,200.7976,26.3650,0.5770,0.0941,0.6199,0.4890,29.31
1789438733121,199.6122,26.4244,0.0056,0.0636,-0.1127,0.1838,29.32
1789438733121,201.5782,26.3261,0.6533,-0.1806,0.0705,0.1533,29.32
1789438733121,199.2126,26.4445,0.0837,0.1551,-0.2042,0.1533,29.32
1789438733121,199.8872,26.4109,0.4543,-0.3333,0.2231,0.0006,29.31
1789438733121,199.3130,26.4397,0.1243,0.4299,-0.2653,0.4585,29.30
1789438733121,200.1297,26.3989,0.4611,-0.2112,0.4063,0.0617,29.32
1789438733131,200.0774,26.4017,-0.0305,0.4909,0.2536,0.4280,29.32
1789438733141,200.7604,26.3677,0.8126,0.0941,0.7115,0.2754,29.32
1789438733217,200.4724,26.3822,-0.2045,0.3383,-0.1127,0.2754,29.31
1789438733217,200.1570,26.3981,0.7594,0.2772,0.4978,0.2448,29.32
1789438733217,199.4525,26.4334,0.0048,0.1551,-0.2348,0.1838,29.28
1789438733217,200.7296,26.3697,0.9468,-0.1806,0.4063,-0.3046,29.31
1789438733217,200.3067,26.3909,0.0480,0.2467,-0.2653,0.4280,29.32
1789438733217,200.8042,26.3661,0.9140,-0.0891,0.5284,-0.3657,29.31
1789438733218,199.6857,26.4222,0.0497,0.3688,-0.2958,0.6417,29.32
1789438733222,201.5919,26.3270,1.4350,0.0330,0.7420,-0.6709,29.33
1789438733231,200.2912,26.3920,-0.0418,0.5214,-0.1737,0.6417,29.27
1789438733241,201.3849,26.3374,1.0666,0.2467,1.0778,-0.2741,29.31
1789438733251,199.5174,26.4308,0.1123,0.0330,-0.4179,0.2448,29.32
1789438733321,201.9323,26.3101,1.5518,0.4604,0.8641,-1.0067,29.31
1789438733321,200.3134,26.3911,-0.0119,0.1246,-0.5095,0.2754,29.34
1789438733321,199.8057,26.4166,1.1881,0.2467,0.9252,-0.9456,29.33
1789438733321,199.0233,26.4558,0.0614,0.1551,-0.2958,0.4890,29.32
1789438733321,200.8340,26.3653,0.7438,0.0636,0.8031,-0.7930,29.32
1789438733321,200.1917,26.3974,-0.0719,0.4909,0.0705,0.6417,29.33
1789438733321,201.2546,26.3444,0.9808,0.5214,1.0778,-0.6099,29.33
1789438733331,200.1390,26.4002,-0.0026,0.2162,-0.3874,0.3669,29.34
1789438733341,201.4418,26.3352,1.1176,0.6435,1.0168,-0.6099,29.33
1789438733351,199.9592,26.4093,-0.0080,-0.0280,-0.2042,0.1227,29.30
1789438733420,200.9368,26.3605,1.1181,0.5520,0.6810,-1.1288,29.32
1789438733420,199.6879,26.4230,0.0710,-0.0585,-0.0821,0.1533,29.33
1789438733420,201.6250,26.3262,1.1815,0.6130,0.7115,-1.3425,29.33
1789438733420,199.2295,26.4460,-0.0531,0.3078,-0.0211,0.4585,29.30
1789438733420,199.9042,26.4124,0.5335,0.1246,0.4978,-0.5793,29.31
1789438733420,199.3282,26.4413,0.2171,0.3078,0.1315,0.5806,29.34
1789438733424,200.1432,26.5043,0.4734,0.2467,0.7420,-0.3046,29.32
1789438733431,200.1216,26.4018,0.0191,0.1246,-0.1737,0.1533,29.31
1789438733441,196.0181,26.6072,0.8642,0.7046,0.5589,-1.0372,29.31
1789438733518,200.8235,26.3670,0.2030,0.0025,-0.1432,0.0617,29.32
1789438733518,197.2380,26.5464,0.6306,0.4604,0.3452,-0.6404,29.32
1789438733518,200.8050,26.3682,0.5363,-0.1501,-0.0211,0.2448,29.33
1789438733518,197.1344,26.5518,0.5952,0.7046,0.5284,-0.5793,29.32
1789438733518,201.1443,26.3514,0.7016,-0.3333,0.0094,0.3059,29.32
1789438733518,197.2202,26.5477,0.6329,0.4909,0.3757,-0.7625,29.32
1789438733519,200.8647,26.3656,0.5866,-0.2722,0.1315,0.4280,29.33
1789438733521,196.7547,26.5712,0.8457,0.8572,0.2536,-1.0983,29.33
1789438733531,196.1661,26.6008,1.3162,-0.9438,0.2231,0.8553,29.31
1789438733541,195.2000,26.6496,0.7624,0.9183,0.2842,-0.8846,29.33
1789438733617,198.7711,26.4712,1.1114,-0.7911,0.4063,1.1606,29.32
1789438733617,196.7730,26.5712,0.5934,0.7962,0.4673,-0.6099,29.32
1789438733617,201.2368,26.3480,0.6029,-0.4859,0.1315,0.4280,29.28
1789438733617,198.1925,26.5003,0.4032,0.3383,0.1926,-0.5793,29.32
1789438733617,201.9145,26.3143,0.8340,-0.5469,0.2231,0.4280,29.31
1789438733617,198.5023,26.4848,0.3983,0.5520,0.1621,-0.4572,29.32
1789438733618,201.9129,26.3143,0.7862,-0.4248,0.2536,0.4890,29.26
1789438733622,197.7752,26.5212,0.3390,0.5520,0.5284,-0.2130,29.30
1789438733631,201.0808,26.3560,0.9863,-0.4248,0.4368,0.7943,29.31
1789438733641,197.6674,26.5267,0.4309,0.5214,0.0094,-0.5488,29.32
1789438733651,202.3058,26.2947,0.9066,-0.4859,0.5589,0.7943,29.33
1789438733720,197.4423,26.5379,0.2644,0.5520,0.0400,-0.4267,29.31
1789438733720,200.4008,26.3901,0.6737,-0.4248,0.6199,0.9469,29.33
1789438733720,196.7597,26.5722,0.2630,0.6741,0.4063,-0.0299,29.32
1789438733720,200.7306,26.3737,0.4812,-0.4554,0.0705,0.3059,29.36
1789438733720,198.1073,26.5049,0.2781,0.6130,0.1315,0.0312,29.34
1789438733720,200.6569,26.3776,1.2508,-1.1880,0.6505,0.8859,29.31
1789438733721,198.1050,26.5052,0.1925,0.1246,-0.1432,-0.1825,29.32
1789438733731,199.8593,26.4177,0.9599,-1.2490,0.4978,0.6417,29.36
1789438733741,196.2879,26.5964,0.1582,0.4909,0.1010,-0.0604,29.33
1789438733819,200.8012,26.3709,0.9147,-1.3101,0.5894,0.6722,29.30
1789438733819,197.0443,26.5588,0.1640,0.5520,0.1926,0.0617,29.31
1789438733819,200.9548,26.3635,0.9892,-1.3711,0.8031,0.7027,29.33
1789438733819,197.1616,26.5532,0.1042,0.2772,-0.1127,-0.2436,29.32
1789438733819,201.0031,26.3613,0.9555,-1.4322,1.0473,0.7638,29.31
1789438733819,198.9924,26.4618,0.0125,0.2772,0.0400,0.0617,29.32
1789438733820,201.0862,26.3573,0.6710,-0.9438,0.8031,0.7638,29.32
1789438733824,197.7755,26.5229,0.2675,0.8572,0.1315,0.1227,29.32
1789438733831,196.2443,26.5996,1.0479,-1.3101,1.6883,0.8248,29.32
1789438733841,199.4014,26.4416,0.0967,0.1246,-0.1432,-0.2436,29.31
1789438733918,197.6220,26.5307,0.5639,-0.9743,0.7726,0.4890,29.32
1789438733918,199.7862,26.4225,0.0273,0.0330,-0.0516,-0.1520,29.32
1789438733918,197.8937,26.5172,0.4567,-0.8217,0.4673,0.4585,29.33
1789438733918,199.5384,26.4350,0.0512,0.2162,0.1315,-0.0299,29.32
1789438733918,197.0379,26.5602,0.6370,-1.0659,0.4673,0.4280,29.33
1789438733918,199.4587,26.4391,0.2131,0.5520,-0.0516,0.2448,29.33
1789438733919,197.0217,26.5611,0.5058,-0.8217,0.6199,0.5806,29.31
1789438733921,199.7928,26.4224,-0.0136,0.4299,0.1621,0.0617,29.31
1789438733931,197.0088,26.5617,0.4528,-0.5775,0.7115,0.7943,29.33
1789438733941,199.1457,26.4549,0.0444,0.0636,-0.0821,-0.0604,29.31
1789438733951,196.6261,26.5809,0.4174,-0.7301,0.3452,0.4890,29.31
1789438734021,199.6852,26.4279,-0.0243,0.1246,0.1010,0.0006,29.32
1789438734021,197.7657,26.5240,0.3010,-0.5164,-0.0821,0.5196,29.32
1789438734021,199.2302,26.4509,0.0503,0.2772,0.1621,0.2448,29.30
1789438734021,197.9061,26.5171,0.2540,-0.4248,0.1315,0.4890,29.32
1789438734021,198.8454,26.4702,-0.0137,0.5520,0.1621,0.4585,29.31
1789438734021,196.1769,26.6038,0.3383,-0.5469,0.3757,0.4280,29.31
1789438734021,199.4450,26.4405,0.1221,0.2772,-0.3569,0.0617,29.31
1789438734031,196.4855,26.5886,0.3223,-0.2417,0.6810,0.7027,29.31
1789438734041,198.8863,26.4686,-0.0631,0.0636,-0.0516,-0.1825,29.31
1789438734116,196.6515,26.5805,0.3918,-0.3027,0.5284,0.3975,29.32
1789438734116,198.6712,26.4796,-0.0780,0.1246,0.1010,-0.0909,29.32
1789438734116,196.1997,26.6033,0.2827,-0.4554,0.2231,0.2143,29.30
1789438734116,199.0219,26.4623,0.0297,0.4299,0.1010,0.3364,29.33
1789438734116,196.2596,26.6005,0.2728,-0.3027,0.1926,0.3669,29.33
1789438734116,198.9704,26.4650,-0.0673,0.3993,0.1621,0.3364,29.34
1789438734117,196.7292,26.5772,0.3440,-0.0280,0.5284,0.5501,29.33
1789438734121,197.6574,26.5308,-0.0666,0.3078,-0.1432,0.1533,29.33
1789438734131,196.1754,26.6051,0.4955,0.0330,0.4673,0.6111,29.33
1789438734141,199.3867,26.4445,-0.0062,0.1551,-0.0821,0.1227,29.33
1789438734151,197.4747,26.5401,0.4302,-0.1501,0.1621,0.3364,29.32
1789438734220,199.6882,26.4296,0.1458,0.2467,-0.4790,0.2448,29.32
1789438734220,197.8463,26.5217,0.5632,-0.1501,0.1010,0.2448,29.32
1789438734220,200.0180,26.4132,0.0066,0.1551,0.0094,0.1838,29.34
1789438734220,199.7318,26.4276,0.7020,-0.3027,0.1926,0.0617,29.32
1789438734220,199.7768,26.4254,0.1008,0.5520,-0.1737,0.4890,29.32
1789438734220,200.7988,26.3744,0.5365,-0.0280,0.4063,0.3669,29.32
1789438734224,200.5806,26.3853,-0.0794,0.3078,0.2536,0.2448,29.31
1789438734231,201.2673,26.3510,0.4991,-0.1501,0.4368,0.1838,29.31
1789438734241,200.3190,26.3985,-0.0418,0.1551,-0.1432,0.1533,29.30
1789438734251,201.5019,26.3394,0.5729,-0.3943,0.1315,0.0617,29.32
1789438734320,200.1426,26.4074,0.0814,0.2467,-0.3263,0.0617,29.28
1789438734320,200.6848,26.3803,0.6970,-0.0891,0.1315,0.1227,29.31
1789438734320,199.3692,26.4462,0.1043,0.3993,-0.1127,0.3364,29.32
1789438734320,201.5538,26.3370,0.6715,-0.2722,0.3757,0.1838,29.31
1789438734320,199.3270,26.4485,-0.0327,0.3993,0.0400,0.3364,29.30
1789438734320,199.6301,26.4334,0.6472,0.0941,0.7420,0.3669,29.32
1789438734321,199.3691,26.4466,0.0178,0.2467,-0.5400,0.2448,29.32
1789438734331,200.1477,26.4078,0.5753,-0.2112,0.5589,0.0922,29.29
1789438734341,199.7009,26.4302,0.0084,0.1857,-0.4484,0.2143,29.30
1789438734351,200.7045,26.3802,0.9343,-0.1196,0.3147,-0.1520,29.32
1789438734420,200.0410,26.4135,-0.0394,0.1857,-0.1737,0.3975,29.32
1789438734420,200.1691,26.4072,0.6593,-0.1501,0.2842,-0.0299,29.32
1789438734420,199.0962,26.4609,-0.0017,0.2467,-0.2653,0.3669,29.32
1789438734420,202.5049,26.2905,0.8492,0.0025,0.4978,-0.3046,29.32
1789438734420,201.1283,26.3592,-0.0334,0.5520,0.0705,0.5501,29.24
1789438734420,201.2224,26.3546,0.9120,0.1857,0.6810,-0.2741,29.31
1789438734424,199.8988,26.4208,-0.0265,0.2467,-0.4790,0.4585,29.31
1789438734431,201.2804,26.3519,1.4497,0.4299,1.2915,-0.5793,29.32
1789438734441,200.1177,26.4100,0.0117,0.1857,-0.4179,0.3059,29.34
1789438734451,201.3300,26.3495,1.0692,0.2162,0.9252,-0.6404,29.33
1789438734521,199.3038,26.4509,0.2991,0.1551,-0.5095,0.3975,29.32
1789438734521,201.8263,26.3248,1.6978,0.7351,0.8947,-1.6477,29.31
1789438734521,200.2577,26.4033,0.0714,0.3078,-0.2958,0.4585,29.24
1789438734521,199.7257,26.4300,0.8344,0.1551,0.7115,-1.0372,29.29
1789438734521,199.2708,26.4528,-0.0240,0.4909,-0.0516,0.7027,29.31
1789438734521,200.7277,26.3800,0.8509,0.3078,0.8336,-0.7930,29.31
1789438734521,200.5375,26.3895,-0.0223,0.1551,0.1315,0.3975,29.36
1789438734531,201.4350,26.3447,0.8059,0.5520,1.1083,-0.6099,29.35
1789438734541,200.2311,26.4050,0.0337,0.0330,-0.2042,0.3059,29.28
1789438734617,201.4962,26.3419,1.0319,0.3993,0.7115,-1.0372,29.31
1789438734617,199.9874,26.4173,0.0253,0.0025,-0.1737,0.0312,29.32
1789438734617,200.9531,26.3691,0.9831,0.7046,0.5894,-1.1898,29.31
1789438734617,199.1355,26.3980,0.0060,0.1246,-0.0516,0.2448,29.31
1789438734617,201.7075,26.3315,0.9870,1.0404,0.8947,-1.0677,29.31
1789438734617,200.5749,26.3882,0.0226,0.3688,0.2536,0.4280,29.31
1789438734618,197.5705,26.5385,0.5845,0.6130,0.7115,-0.2130,29.31
1789438734622,200.7966,26.3773,0.2779,0.3078,-0.0821,0.3669,29.32
1789438734631,198.1790,26.5083,0.5038,0.1246,0.4063,-0.5488,29.32
1789438734641,200.1071,26.4120,0.3384,0.0636,0.3147,0.0922,29.32
1789438734651,196.2500,26.6050,0.6037,0.6130,0.3757,-0.8235,29.33
1789438734720,200.8033,26.3774,0.4895,-0.0891,-0.0516,0.1533,29.32
1789438734720,197.0249,26.5665,0.5888,0.8267,0.7115,-0.3657,29.33
1789438734720,200.9658,26.3695,0.6048,-0.2722,-0.0211,0.1838,29.30
1789438734720,197.3254,26.5516,0.5502,0.5214,0.2231,-0.6709,29.31
1789438734720,201.2440,26.3558,0.8188,-0.4859,0.1621,0.3669,29.32
1789438734720,197.2710,26.5545,0.4521,0.4604,0.2231,-0.7014,29.33
1789438734721,200.8942,26.3735,0.7422,-0.5469,0.1315,0.4890,29.31
1789438734731,196.7748,26.5796,0.7082,1.1014,0.3147,-0.6404,29.32
1789438734741,201.9314,26.3218,1.3006,-0.6996,0.2842,0.6722,29.31
1789438734751,197.9628,26.5202,0.5218,0.7962,0.4673,-0.3657,29.31
1789438734820,199.9065,26.4231,1.0106,-0.7301,0.6505,1.1606,29.31
1789438734820,196.4326,26.5969,0.3725,0.6741,0.1010,-0.6709,29.32
1789438734820,201.3252,26.3523,0.8106,-0.5469,0.2231,1.0080,29.33
1789438734820,198.1253,26.5123,0.2275,0.4299,0.1010,-0.3046,29.32
1789438734820,201.4696,26.3452,1.2388,-1.0048,0.5894,0.7332,29.32
1789438734820,198.0863,26.5144,0.2765,0.6435,0.5284,0.0312,29.31
1789438734824,201.9382,26.3219,1.0572,-0.9132,0.3147,0.6417,29.31
1789438734831,197.7888,26.5293,0.2226,0.3078,0.1010,-0.3657,29.32
1789438734841,200.8710,26.3754,1.2837,-1.3406,0.6505,0.6417,29.32
1789438734851,197.4223,26.5478,0.2707,0.4604,-0.1127,-0.4267,29.33
1789438734920,201.9392,26.3220,0.9834,-0.8827,0.3147,0.6417,29.32
1789438734920,197.4236,26.5478,0.1887,0.4299,0.1926,-0.2741,29.33
1789438734920,200.4224,26.3980,0.6927,-0.9743,0.3757,0.6722,29.33
1789438734920,196.5062,26.5938,0.1687,0.5520,0.3147,0.0312,29.32
1789438734920,200.3983,26.3992,0.4444,-0.5775,0.2842,0.6417,29.31
1789438734920,197.7297,26.5327,0.1152,0.3383,-0.1432,-0.1215,29.32
1789438734921,200.8701,26.3759,1.1195,-1.3406,1.1999,0.7332,29.32
1789438734931,198.3296,26.5029,0.1041,0.2467,-0.0821,-0.1825,29.32
1789438734941,200.2513,26.4070,0.7779,-0.8217,0.9862,0.8248,29.33
1789438735017,198.8027,26.4795,0.0575,0.4909,0.2536,0.2143,29.33
1789438735017,201.0788,26.3659,0.8361,-1.0353,1.1694,0.7943,29.25
1789438735017,198.5926,26.4902,0.0372,0.3078,0.1621,-0.1215,29.31
1789438735017,196.4214,26.5990,0.7029,-0.9132,0.9862,0.8553,29.33
1789438735017,198.9781,26.4711,0.0499,0.2772,0.0400,-0.1520,29.30
1789438735017,196.3407,26.6032,0.7092,-1.2795,0.9862,0.2754,29.31
1789438735018,199.0094,26.4697,-0.0092,0.2467,0.1315,-0.0299,29.35
1789438735022,196.7513,26.5828,0.5751,-1.0659,0.6505,0.4280,29.32
1789438735031,197.6690,26.5370,0.2729,0.7962,-0.0821,0.3059,29.33
1789438735041,196.5531,26.5929,0.7351,-1.1880,0.9862,0.6111,29.31
1789438735051,199.1420,26.4634,0.0721,0.6435,0.3757,0.2754,29.29
1789438735121,197.7290,26.5341,0.3570,-0.5469,0.6810,0.7027,29.31
1789438735121,199.6150,26.4398,0.0295,0.0330,-0.0821,-0.0604,29.33
1789438735121,197.7922,26.5310,0.3930,-0.2112,0.4673,0.7027,29.32
1789438735121,199.8102,26.4301,0.0240,0.0636,-0.1432,-0.1215,29.32
1789438735121,196.8120,26.5802,0.5131,-0.7301,0.2842,0.3059,29.31
1789438735121,199.5178,26.4449,0.2574,0.2162,-0.3263,0.0312,29.32
1789438735121,196.9464,26.5736,0.4335,-0.6690,0.3757,0.4585,29.32
1789438735131,199.8716,26.4273,-0.1067,0.5214,0.1621,0.2143,29.31
1789438735141,197.0951,26.5662,0.3685,-0.6080,0.4368,0.3975,29.32
1789438735151,198.9329,26.4744,0.0120,0.3993,0.2536,0.3059,29.31
1789438735220,196.9512,26.5735,0.2892,-0.4859,0.3757,0.6111,29.32
1789438735220,199.7249,26.4347,-0.0020,0.1246,-0.0821,-0.1215,29.31
1789438735220,197.8555,26.5283,0.3878,-0.3027,0.4673,0.5501,29.30
1789438735220,199.0326,26.4695,-0.0248,0.0330,-0.0821,0.0312,29.34
1789438735220,198.0251,26.5199,0.2671,-0.0585,0.2231,0.4585,29.31
1789438735220,198.9039,26.4761,0.0035,0.1857,-0.2348,0.0312,29.31
1789438735224,196.2084,26.6110,0.3648,-0.5469,0.2536,0.3364,29.33
1789438735231,199.4592,26.4485,0.1103,0.7046,0.0094,0.4280,29.33
1789438735241,196.4920,26.5970,0.2643,-0.4248,0.2842,0.3975,29.32
1789438735251,195.8461,26.6296,-0.0267,0.2162,-0.0821,-0.0909,29.32
1789438735320,195.0491,26.6698,0.4302,-0.1196,0.5894,0.4890,29.32
1789438735320,198.1291,26.5159,-0.1030,0.1246,-0.0516,0.0617,29.32
1789438735320,196.1304,26.6160,0.3453,-0.1806,0.3147,0.4585,29.31
1789438735320,199.2774,26.4588,-0.0149,0.1551,-0.1432,0.0922,29.34
1789438735320,196.7078,26.5873,0.2944,-0.2722,0.1010,0.1838,29.32
1789438735320,199.2024,26.4626,-0.0376,0.2467,0.1010,0.1838,29.32
1789438735321,197.0227,26.5716,0.3309,-0.2417,0.1621,0.2754,29.33
1789438735331,198.1994,26.5129,0.0079,0.5520,0.0705,0.3975,29.32
1789438735341,201.5816,26.3439,0.4054,-0.1196,0.2536,0.4280,29.32
1789438735351,199.3596,26.4550,-0.0542,0.3383,-0.2042,0.1533,29.33
1789438735420,201.4307,26.3515,0.4480,-0.0585,0.5284,0.2754,29.33
1789438735420,199.8614,26.4300,0.0972,0.2467,-0.3569,0.0922,29.31
1789438735420,201.9481,26.3257,0.6250,-0.4248,0.1621,0.1227,29.31
1789438735420,200.3201,26.4072,0.0676,0.0941,-0.1737,0.1533,29.32
1789438735420,199.7744,26.4346,0.7962,-0.1806,0.2536,0.0006,29.31
1789438735420,199.4572,26.4505,0.1191,0.3993,-0.1737,0.3975,29.32
1789438735424,201.0168,26.3726,0.5428,-0.0585,0.3147,0.2143,29.31
1789438735431,200.5952,26.3937,0.0052,0.5214,-0.0211,0.4280,29.32
1789438735441,201.4748,26.3497,0.5390,0.1551,0.5894,0.3975,29.33
1789438735519,200.3368,26.4067,-0.0428,0.2772,-0.2348,0.0922,29.31
1789438735519,201.3477,26.3562,0.6383,-0.0280,0.2536,0.2143,29.33
1789438735519,200.0672,26.4202,0.0007,0.0941,-0.4484,0.1533,29.31
1789438735519,200.7850,26.3844,0.7022,-0.1501,0.1621,0.0312,29.31
1789438735519,199.7328,26.4371,0.0795,0.1551,-0.4790,0.2754,29.31
1789438735519,201.6504,26.3413,0.8265,-0.1806,0.2842,-0.0909,29.31
1789438735520,199.2426,26.4618,0.0219,0.2772,-0.3569,0.3669,29.32
1789438735521,199.9109,26.4284,0.6279,-0.2112,0.2536,-0.0604,29.31
1789438735531,199.1427,26.4669,0.0737,0.5520,-0.2348,0.4280,29.30
1789438735541,200.2444,26.4119,0.5430,-0.0891,0.3757,0.0922,29.32
1789438735551,199.8478,26.4318,-0.0400,0.2162,-0.2348,0.2754,29.33
1789438735620,200.6208,26.3934,0.7363,0.1551,0.6505,0.1533,29.33
1789438735620,200.2736,26.4108,-0.0820,0.0025,-0.2348,0.1227,29.31
1789438735620,200.2898,26.4101,0.9653,0.2467,0.6199,-0.2130,29.31
1789438735620,199.0863,26.4704,0.0121,0.2162,-0.3874,0.3059,29.31
1789438735620,200.9245,26.3786,0.9742,-0.0585,0.6199,-0.6099,29.32
1789438735620,200.4113,26.4043,0.0195,0.3688,-0.2042,0.5501,29.33
1789438735625,200.8578,26.3821,0.9735,0.0636,0.7115,-0.6709,29.31
1789438735631,200.2891,26.4106,-0.0447,0.4604,-0.0211,0.3669,29.31
1789438735641,201.4558,26.3525,1.4562,0.3688,1.1999,-0.9762,29.32
1789438735717,200.2863,26.4109,0.0214,0.0025,-0.2653,0.3059,29.31
1789438735717,201.6492,26.3428,1.0410,0.4909,0.9862,-0.4572,29.32
1789438735717,199.7459,26.4380,0.2728,0.1246,-0.3874,0.2448,29.32
1789438735717,202.0751,26.3217,1.7080,0.8572,0.7115,-1.6477,29.32
1789438735717,200.2563,26.4126,0.0815,0.1551,-0.1737,0.4585,29.30
1789438735717,199.9662,26.4272,0.8722,0.1857,0.8336,-1.1898,29.29
1789438735718,199.4317,26.4540,0.1551,0.3993,-0.1432,0.6111,29.32
1789438735721,201.0035,26.3755,0.7134,0.3078,0.8947,-0.9151,29.33
1789438735731,200.5910,26.3961,0.0127,0.4299,0.1315,0.4280,29.30
1789438735741,201.4605,26.3527,0.8040,0.5825,0.9862,-0.5793,29.34
1789438735751,200.2430,26.4136,0.0450,0.2772,-0.0821,0.4890,29.32
1789438735820,201.5007,26.3508,0.9427,0.7351,0.9252,-0.7014,29.31
1789438735821,199.9880,26.4264,0.0504,0.0636,-0.0516,0.0312,29.32
1789438735821,200.9639,26.3777,0.9971,0.7351,0.4063,-1.1898,29.32
1789438735821,199.6958,26.4071,0.2371,0.0025,-0.2348,0.1227,29.34
1789438735821,201.8269,26.5907,0.9264,0.8572,0.4368,-1.2509,29.32
1789438735821,200.7255,26.3898,0.0522,0.0941,-0.0211,0.0922,29.32
1789438735824,197.9319,26.5296,0.4723,0.3078,0.6199,-0.4572,29.32
1789438735831,200.9765,26.3774,0.3088,0.4604,0.1315,0.3975,29.33
1789438735841,198.3885,26.5069,0.5100,0.6435,0.7420,-0.2130,29.32
1789438735851,200.2224,26.4153,0.3374,0.2772,0.4673,0.3364,29.32
1789438735920,196.2167,26.6157,0.6170,0.5214,0.2536,-0.8846,29.31
1789438735920,200.9249,26.3804,0.4766,-0.3027,0.3147,0.0922,29.31
1789438735920,197.8509,26.5342,0.4843,0.3993,0.4063,-0.4878,29.33
1789438735920,200.7930,26.3872,0.6209,-0.3333,0.0094,0.3669,29.32
1789438735920,197.2105,26.5664,0.5394,0.7962,0.6199,-0.3657,29.31
1789438735920,201.3369,26.3602,0.7935,-0.4554,0.1010,0.1533,29.32
1789438735921,197.3088,26.5617,0.4865,0.4909,0.2842,-0.5793,29.31
1789438735931,201.1277,26.3708,0.7515,-0.6385,0.1315,0.3059,29.32
1789438735941,197.0616,26.5743,0.6181,0.6741,0.1315,-0.8235,29.32
1789438735951,202.0593,26.3244,1.2455,-0.6996,0.1926,0.6111,29.32
1789438736020,197.7997,26.5374,0.4193,0.7962,0.4368,-0.2741,29.32
1789438736020,199.7210,26.4414,1.0069,-0.7911,0.2842,1.0995,29.32
1789438736020,196.6301,26.5960,0.3957,0.5825,0.0094,-0.4878,29.33
1789438736020,201.1860,26.3683,0.7392,-0.3333,0.5589,0.8553,29.32
1789438736020,197.6777,26.5437,0.2689,0.4299,-0.0516,-0.3657,29.33
1789438736020,201.6524,26.3451,0.9285,-0.6385,0.5589,0.5806,29.31
1789438736024,198.3649,26.5094,0.3450,0.7046,0.3147,-0.2741,29.31
1789438736037,202.0724,26.3242,1.0783,-1.0353,0.3452,0.4280,29.31
1789438736041,197.8552,26.5350,0.2654,0.6741,0.4673,-0.0604,29.33
1789438736157,201.0971,26.3730,1.1083,-1.0659,0.2536,0.7027,29.30
1789438736157,197.1346,26.5712,0.2680,0.3078,-0.0211,-0.4267,29.32
1789438736157,202.2566,26.3151,1.2863,-1.3406,0.5894,0.7638,29.32
1789438736157,197.3405,26.5608,0.1954,0.3078,0.1010,-0.3046,29.33
1789438736157,200.4700,26.4045,0.6590,-0.8522,0.2536,0.6417,29.31
1789438736157,197.1530,26.5704,0.1497,0.5214,0.2842,0.0312,29.32
1789438736157,200.5308,26.4018,0.7495,-0.7301,0.3757,0.7638,29.29
1789438736157,197.9307,26.5318,0.1653,0.3383,0.0400,-0.1520,29.32
1789438736157,200.9759,26.3797,1.1311,-1.1269,1.0168,1.0080,29.31
1789438736157,198.2426,26.5164,0.0834,0.1551,0.0705,-0.2130,29.32
1789438736157,200.3283,26.4123,0.6636,-0.6690,0.8031,0.9774,29.32
1789438736227,196.5283,26.6023,0.0771,0.3078,-0.0211,-0.0299,29.32
1789438736228,201.1605,26.3709,0.9110,-1.0048,1.1999,0.9469,29.32
1789438736228,197.2265,26.4835,0.0600,0.4909,0.2536,0.0006,29.31
1789438736228,201.0512,26.3766,0.7450,-1.0659,0.9252,0.9164,29.35
1789438736228,198.9167,26.4833,0.0783,0.3078,0.0400,-0.2130,29.34
1789438736228,196.4954,26.6045,0.7652,-1.3711,0.9252,0.4585,29.32
1789438736233,199.0819,26.4752,0.0104,0.0330,0.0094,-0.1520,29.31
1789438736233,197.0193,26.5785,0.5695,-1.0964,0.6199,0.3364,29.32
1789438736241,197.8057,26.5392,0.2446,0.5520,-0.1737,0.0312,29.32
1789438736316,196.2529,26.6170,0.8483,-1.4627,0.9252,0.3975,29.32
1789438736316,199.4078,26.4592,-0.0669,0.3383,0.3757,0.1838,29.31
1789438736316,197.6436,26.5475,0.4432,-0.8522,0.6199,0.6111,29.32
1789438736316,199.8650,26.4364,0.0223,0.3078,0.1621,0.1227,29.32
1789438736316,198.1345,26.5230,0.3679,-0.3027,0.4978,0.7943,29.32
1789438736316,199.6025,26.4496,0.0007,0.1551,-0.0821,0.0006,29.31
1789438736317,197.1120,26.5743,0.5437,-0.9132,0.6810,0.3669,29.32
1789438736321,199.6755,26.4461,0.1684,0.1857,-0.0211,0.1227,29.34
1789438736331,197.0271,26.5786,0.4000,-0.9438,0.2231,0.3669,29.32
1789438736341,200.1964,26.4201,-0.0126,0.3688,0.4368,0.2143,29.29
1789438736419,197.0960,26.5752,0.3778,-0.7911,0.2842,0.3669,29.32
1789438736419,198.9335,26.4834,-0.0050,0.5520,0.3452,0.3975,29.32
1789438736419,196.7761,26.5913,0.3541,-0.5469,0.3757,0.4890,29.32
1789438736420,199.6207,26.4491,-0.0163,0.1246,0.1010,-0.1825,29.32
1789438736420,197.8016,26.5401,0.3422,-0.1501,0.5894,0.7638,29.32
1789438736420,198.9868,26.4809,0.0057,0.0941,-0.2348,0.0006,29.33
1789438736420,197.9867,26.5310,0.3191,-0.3638,0.1315,0.3669,29.31
1789438736421,199.0137,26.4797,0.0086,0.1857,-0.0821,0.0617,29.34
1789438736431,195.7686,26.6421,0.3563,-0.5469,0.3757,0.3364,29.30
1789438736441,199.2702,26.4671,0.1084,0.3078,-0.0516,0.0922,29.30
1789438736451,196.7899,26.5912,0.2985,-0.4859,0.1315,0.3669,29.32
1789438736520,198.6633,26.4976,-0.1121,0.4909,0.3452,0.2448,29.31
1789438736520,196.4577,26.6081,0.3033,-0.4248,0.3757,0.4890,29.32
1789438736520,198.5602,26.5030,-0.1188,0.1551,0.0094,-0.1215,29.31
1789438736520,196.2310,26.6196,0.3155,-0.0891,0.5894,0.5806,29.31
1789438736520,199.0542,26.4785,0.0381,0.1246,-0.1127,0.0312,29.31
1789438736520,196.2761,26.6176,0.3555,-0.1501,0.1010,0.4280,29.32
1789438736525,199.0363,26.4796,-0.0449,0.1551,-0.1127,0.1838,29.32
1789438736531,196.7280,26.5951,0.3945,-0.3027,0.1621,0.2448,29.32
1789438736541,198.0275,26.5302,-0.0171,0.3993,-0.0516,0.2448,29.30
1789438736551,196.3421,26.6146,0.4440,-0.4248,0.1010,0.1227,29.32
1789438736620,199.4219,26.4606,-0.0375,0.4299,0.0400,0.3669,29.32
1789438736620,201.2525,26.3692,0.3699,-0.1501,0.2536,0.3059,29.32
1789438736620,200.0561,26.4291,0.0796,0.5520,-0.0211,0.4585,29.32
1789438736620,201.8457,26.3396,0.5306,0.0025,0.5284,0.5501,29.32
1789438736620,199.9736,26.4333,-0.0257,0.3688,-0.2348,0.3059,29.32
1789438736620,200.0087,26.4316,0.7951,-0.2417,0.1621,0.1838,29.32
1789438736621,199.2000,26.4721,0.1165,0.1857,-0.3569,0.2143,29.32
1789438736631,201.1581,26.3742,0.5781,-0.3027,0.1315,0.0617,29.31
1789438736641,200.8523,26.3895,-0.0184,0.3383,-0.1127,0.1838,29.32
1789438736717,201.4986,26.3573,0.4962,-0.1196,0.3452,0.3364,29.30
1789438736717,200.1528,26.4246,0.1075,0.3993,-0.0821,0.4280,29.31
1789438736717,201.5806,26.3533,0.5384,0.1551,0.3757,0.4280,29.32
1789438736717,200.2650,26.4190,-0.0652,0.4299,0.1621,0.5196,29.32
1789438736717,200.7439,26.3952,0.8047,0.2162,0.6505,0.3669,29.32
1789438736717,199.4127,26.4618,0.0068,0.2162,-0.4484,0.2754,29.32
1789438736718,201.5715,26.3539,0.8322,-0.2112,0.4978,0.0312,29.30
1789438736722,199.3388,26.4656,0.0768,0.2467,-0.4484,0.2448,29.33
1789438736731,200.1523,26.4251,0.6719,-0.2722,0.3147,-0.1520,29.32
1789438736741,199.3661,26.4645,0.1177,0.3383,-0.2348,0.3975,29.32
1789438736751,200.5501,26.4053,0.4983,-0.3638,0.1926,-0.0909,29.32
1789438736821,199.8953,26.4382,-0.0199,0.4909,0.0400,0.5501,29.31
1789438736821,200.8539,26.3904,0.9726,0.0025,0.6199,-0.2741,29.31
1789438736821,200.1500,26.4257,-0.0841,0.2162,-0.0516,0.3669,29.33
1789438736821,200.4759,26.4095,0.9363,0.1857,0.8336,-0.1825,29.32
1789438736821,199.6159,26.4526,0.0039,0.1551,-0.5705,0.3975,29.34
1789438736821,201.0135,26.3828,1.0758,0.3078,1.0168,-0.3351,29.32
1789438736821,200.9554,26.3858,0.1244,0.0636,-0.4179,0.2143,29.30
1789438736831,201.4454,26.3613,1.0967,-0.0585,0.7726,-0.7014,29.29
1789438736841,200.0219,26.4326,0.0046,0.3383,-0.0516,0.5806,29.32
1789438736851,201.7658,26.3455,1.5087,0.2162,0.8947,-1.0067,29.32
1789438736921,200.4043,26.4135,-0.0135,0.3078,0.1315,0.5196,29.32
1789438736921,201.6888,26.3493,1.1216,0.5214,0.9862,-0.6099,29.32
1789438736921,199.8564,26.4410,0.2254,0.0636,-0.4790,0.3364,29.31
1789438736921,202.1409,26.3268,1.7811,0.8877,1.1999,-1.4035,29.32
1789438736921,200.2899,26.4194,0.0569,0.0636,-0.3263,0.3059,29.32
1789438736921,199.9843,26.4348,0.9487,0.1551,0.6810,-1.1593,29.32
1789438736921,199.2860,26.4697,0.0258,0.1551,-0.2653,0.3669,29.32
1789438736931,201.2021,26.3739,0.9619,0.1551,0.7420,-1.0067,29.31
1789438736941,200.3964,26.4142,0.0319,0.4299,0.0094,0.4585,29.32
1789438736951,201.6298,26.3526,0.8644,0.4299,0.7726,-0.9151,29.31
1789438737020,200.2199,26.4231,0.1279,0.3993,0.1315,0.5501,29.32
1789438737020,203.6828,26.2499,0.7324,0.6741,0.8031,-0.5488,29.32
1789438737020,200.9583,26.3860,-0.0330,0.1246,0.1926,0.2448,29.32
1789438737020,201.3276,26.3676,0.9596,0.8572,0.7726,-0.7930,29.32
1789438737020,199.8812,26.4400,0.0576,0.0330,-0.2042,0.2143,29.33
1789438737020,201.4428,26.3620,0.9877,0.7046,0.6810,-1.3119,29.32
1789438737021,200.5596,26.4062,-0.0184,-0.0585,-0.1127,0.1533,29.32
1789438737031,197.5622,26.5562,0.5750,0.2772,0.4673,-0.6404,29.32
1789438737041,200.7957,26.3946,0.3975,0.0636,-0.2042,0.1533,29.29
1789438737117,198.1498,26.5270,0.4014,0.2467,0.4368,-0.4267,29.31
1789438737117,200.0775,26.4307,0.2784,0.0025,0.1010,0.0922,29.32
1789438737118,196.5160,26.6089,0.7019,0.9183,0.7420,-0.4878,29.32
1789438737118,201.1510,26.3773,0.4882,0.3993,0.2842,0.3975,29.32
1789438737118,197.2217,26.5738,0.5542,0.3078,0.2231,-0.6404,29.31
1789438737118,201.0489,26.3826,0.5475,0.0025,0.3147,0.5196,29.32
1789438737119,197.2032,26.5749,0.5297,0.4299,0.2231,-0.6709,29.32
1789438737123,201.3356,26.3684,0.7323,-0.0280,0.4673,0.6111,29.32
1789438737131,197.3169,26.5694,0.4453,0.7656,0.3452,-0.4878,29.32
1789438737141,201.1296,26.3789,0.6559,-0.2112,0.2231,0.6417,29.29
1789438737151,197.0598,26.5825,0.7145,0.8267,0.4368,-0.7625,29.32
1789438737220,202.0587,26.3326,1.1623,-0.6385,0.4673,0.6111,29.33
1789438737220,197.8018,26.5455,0.4069,0.3993,0.0400,-0.6709,29.32
1789438737220,199.7201,26.4497,0.8919,-1.0048,0.1926,0.8248,29.31
1789438737220,196.6292,26.6042,0.3780,0.7962,0.4063,-0.3657,29.32
1789438737220,201.1858,26.3765,0.7496,-0.7301,0.1621,0.6417,29.31
1789438737220,197.6933,26.5511,0.3566,0.7656,0.4978,-0.1215,29.32
1789438737221,201.6590,26.3529,1.1265,-0.6080,0.3452,0.7943,29.32
1789438737231,198.3695,26.5174,0.3740,0.3383,0.1621,-0.5488,29.32
1789438737241,202.0815,26.3319,1.0749,-0.8217,0.4978,0.7332,29.32
1789438737317,197.8590,26.5430,0.1659,0.1857,0.0094,-0.3351,29.30
1789438737317,201.1240,26.3797,1.1081,-0.8827,0.6810,0.8859,29.32
1789438737317,197.1504,26.5785,0.3026,0.6435,0.1010,-0.2741,29.32
1789438737317,202.0423,26.3339,1.0745,-0.7911,0.7726,1.0995,29.31
1789438737317,197.5783,26.5570,0.2457,0.7046,0.4063,0.0006,29.32
1789438737317,200.5056,26.4108,0.7587,-0.8522,0.5894,0.7943,29.31
1789438737318,197.0579,26.5832,0.2103,0.5214,-0.0211,-0.1825,29.31
1789438737322,200.8595,26.3932,0.5046,-0.7301,0.2842,0.4585,29.36
1789438737331,198.1011,26.5312,0.1439,0.3993,-0.1737,-0.1825,29.33
1789438737341,200.7777,26.3975,1.0619,-1.2185,0.7115,0.7027,29.32
1789438737351,198.4240,26.5152,0.1524,0.4604,0.1621,-0.0299,29.33
1789438737420,200.3026,26.4214,0.8306,-1.2490,0.6199,0.4890,29.32
1789438737420,196.6323,26.6050,0.1119,0.6130,0.2231,0.0312,29.32
1789438737420,201.1871,26.3774,0.9587,-1.4322,0.8336,0.6722,29.32
1789438737420,197.2426,26.4905,0.0715,0.3078,-0.0211,-0.0909,29.33
1789438737420,201.0772,26.3831,0.8465,-1.3711,0.8336,0.6722,29.35
1789438737420,198.9664,26.4887,0.0766,0.2467,-0.1127,-0.2130,29.33
1789438737421,201.2355,26.6244,0.9029,-1.3406,0.9557,0.5806,29.28
1789438737431,199.5240,26.4609,0.0073,0.4299,0.1621,0.0312,29.29
1789438737441,196.8776,26.5934,0.6011,-0.9132,0.7420,0.5501,29.31
1789438737451,198.1239,26.5311,0.2743,0.8267,0.0705,0.1533,29.32
1789438737520,196.4985,26.6125,0.8313,-1.2490,1.3525,0.7027,29.31
1789438737520,199.5261,26.4610,0.0747,0.3688,0.0094,-0.0299,29.32
1789438737520,197.5461,26.5601,0.5178,-0.6385,0.8031,0.7638,29.33
1789438737520,199.8145,26.4467,0.0026,0.1857,-0.0516,-0.1825,29.30
1789438737520,197.8567,26.5447,0.4717,-0.8522,0.5284,0.4280,29.32
1789438737520,200.0217,26.4364,0.0145,0.0941,0.1315,-0.1825,29.31
1789438737524,197.1705,26.5792,0.5416,-1.1574,0.4063,0.3975,29.31
1789438737531,199.6532,26.4549,0.1684,0.3688,0.1621,0.2448,29.33
1789438737541,197.1205,26.5816,0.4513,-0.9438,0.4978,0.3975,29.32
1789438737551,199.8434,26.4454,-0.0473,0.4909,0.4063,0.2143,29.32
1789438737621,197.3714,26.5691,0.3931,-0.6996,0.5894,0.5806,29.32
1789438737621,199.1457,26.4804,0.0149,0.3688,0.2231,0.1227,29.32
1789438737621,197.0297,26.5863,0.4142,-0.3027,0.7115,0.8859,29.32
1789438737621,199.7483,26.4503,-0.0418,0.1246,0.0400,-0.1825,29.32
1789438737621,197.8690,26.5444,0.3512,-0.2417,0.4978,0.5501,29.31
1789438737621,199.4232,26.4667,0.0305,0.0941,-0.0821,0.0617,29.31
1789438737621,198.0053,26.5376,0.2831,-0.5164,-0.0211,0.4280,29.31
1789438737631,199.0621,26.4848,0.0250,0.3993,0.0400,0.2448,29.31
1789438737641,196.0349,26.6363,0.3669,-0.5775,0.3147,0.3364,29.33
1789438737651,199.4015,26.4680,0.0320,0.6130,0.1010,0.4890,29.33
1789438737720,196.3576,26.6204,0.2840,-0.3943,0.2231,0.5501,29.33
1789438737720,198.8867,26.4940,-0.1847,0.3078,0.3757,0.0617,29.32
1789438737720,196.7306,26.6019,0.3646,-0.1501,0.5284,0.6417,29.32
1789438737720,198.5351,26.5118,-0.1509,0.1857,-0.1127,-0.0299,29.32
1789438737720,196.2858,26.6244,0.3514,-0.1196,0.5589,0.5501,29.32
1789438737720,199.0402,26.4867,0.0145,0.0636,-0.2348,-0.0299,29.31
1789438737725,196.3483,26.6214,0.3364,-0.2722,0.0094,0.2754,29.32
1789438737731,199.0063,26.4886,-0.0141,0.2162,-0.0516,0.1533,29.32
1789438737741,196.7519,26.6014,0.3506,-0.3027,0.2536,0.2754,29.32
1789438737817,198.1984,26.5292,0.0380,0.2162,0.0705,0.2143,29.34
1789438737817,196.3285,26.6228,0.3608,-0.3027,0.1621,0.3059,29.32
1789438737817,199.4150,26.4685,-0.0488,0.5520,0.2842,0.3669,29.32
1789438737817,197.5537,26.5616,0.3665,-0.1196,0.2231,0.4280,29.32
1789438737817,199.8929,26.4447,0.0837,0.5825,-0.2348,0.3059,29.31
1789438737817,197.9494,26.3410,0.5446,0.0941,0.4063,0.5501,29.33
1789438737818,199.8972,26.4446,-0.0595,0.1246,-0.0211,0.0312,29.33
1789438737821,199.7800,26.4506,0.7327,-0.3027,0.4063,0.1227,29.33
1789438737831,198.0041,26.5790,0.2845,0.3078,-0.6926,0.3059,29.29
1789438737841,200.3974,26.4202,0.5630,-0.3027,0.1926,0.1838,29.31
1789438737920,200.4082,26.4173,0.0675,0.2467,-0.1432,0.1838,29.32
1789438737920,201.9467,26.3427,0.3987,-0.2417,0.1621,0.0922,29.32
1789438737920,200.7760,26.4013,0.0353,0.3078,0.0705,0.1838,29.32
1789438737920,202.1694,26.3317,0.4402,-0.1196,0.3452,0.2754,29.31
1789438737920,200.4957,26.4153,0.0010,0.3993,-0.0211,0.4280,29.32
1789438737920,201.4285,26.3687,0.5840,0.0330,0.4673,0.3364,29.32
1789438737920,199.7632,26.4521,-0.0135,0.4299,0.0705,0.4280,29.30
1789438737924,201.7525,26.3526,0.5716,0.1246,0.4978,0.4585,29.32
1789438737931,199.4302,26.4688,0.0628,0.1551,-0.4790,0.1838,29.32
1789438737941,200.2025,26.4303,0.5642,-0.1196,0.5894,0.2143,29.32
1789438738017,199.3868,26.4711,0.1184,0.1551,-0.3874,0.3059,29.30
1789438738017,200.3674,26.4222,0.4858,-0.3333,0.2842,0.0006,29.32
1789438738017,199.8957,26.4458,0.0016,0.1551,-0.2653,0.1533,29.33
1789438738017,200.6449,26.4085,0.8657,-0.1196,0.2231,-0.0909,29.32
1789438738017,200.2886,26.4265,-0.0434,0.5520,-0.1127,0.4280,29.32
1789438738017,200.5690,26.4125,0.7667,-0.2112,0.4368,-0.1825,29.31
1789438738018,199.6647,26.4579,0.0144,0.3993,-0.0821,0.4890,29.29
1789438738021,201.0368,26.3893,0.9079,-0.0280,0.6199,-0.2436,29.32
1789438738031,200.9673,26.3929,-0.0245,0.1246,-0.1737,0.3059,29.32
1789438738041,201.4554,26.3685,1.0534,0.2162,0.9252,-0.1825,29.32
1789438738118,200.0382,26.4394,-0.0100,0.1551,-0.3874,0.1838,29.31
1789438738118,201.7612,26.3534,1.4895,0.2467,0.9862,-0.5183,29.32
1789438738118,200.4514,26.4188,0.0336,0.1246,-0.3263,0.3669,29.32
1789438738118,201.7299,26.3550,0.9438,0.0330,0.4368,-0.3962,29.32
1789438738118,199.7847,26.4523,0.2110,0.2772,-0.3263,0.5196,29.31
1789438738118,201.9876,26.3422,1.4090,0.0025,0.7115,-1.0677,29.32
1789438738119,200.0514,26.4390,-0.0271,0.4604,-0.1127,0.6417,29.31
1789438738123,200.0559,26.4388,1.0969,0.1551,1.0168,-1.0372,29.32
1789438738131,199.1600,26.4836,-0.0788,0.4299,-0.0516,0.6722,29.31
1789438738141,201.1078,26.3863,0.9747,0.4909,1.1389,-0.4572,29.32
1789438738151,200.7326,26.4050,-0.0561,0.0941,-0.3263,0.2754,29.32
1789438738220,201.3451,26.3745,0.9341,0.3078,1.0168,-0.5793,29.33
1789438738220,200.2845,26.4276,0.0228,0.0941,-0.3569,0.3364,29.31
1789438738220,201.5211,26.3658,1.1187,0.1551,0.7115,-1.0067,29.31
1789438738220,200.0169,26.4410,0.0449,0.1246,-0.2348,0.2754,29.31
1789438738220,200.9808,26.3929,1.0331,0.3383,0.8031,-1.0983,29.30
1789438738220,199.5338,26.4653,0.1134,0.2467,-0.2348,0.4280,29.31
1789438738221,201.9131,26.3464,1.1507,0.5520,0.8336,-1.4035,29.31
1789438738231,199.3965,26.4723,-0.0820,0.2772,0.0400,0.5196,29.31
1789438738241,200.1685,26.4337,0.5898,0.3078,0.6810,-0.4267,29.32
1789438738317,199.1309,26.4857,-0.0051,0.4299,-0.0516,0.4890,29.30
1789438738318,200.4352,26.4206,0.5939,0.6130,0.8947,-0.2130,29.31
1789438738318,200.2310,26.4309,0.0268,-0.0585,-0.0211,0.0617,29.37
1789438738318,200.8151,26.4018,0.9045,0.5520,0.4673,-1.0677,29.32
1789438738318,200.9823,26.3936,0.1645,-0.0280,-0.1432,0.0922,29.32
1789438738318,197.1146,26.5871,0.7704,0.5520,0.3757,-0.9762,29.32
1789438738319,201.2483,26.3804,0.3423,0.0941,-0.1737,0.2754,29.32
1789438738323,197.2024,26.5828,0.6885,0.7351,0.6810,-0.6709,29.32
1789438738331,201.1105,26.3875,0.4463,0.3078,0.2536,0.4280,29.36
1789438738341,197.4626,26.5699,0.6373,0.5825,0.7115,-0.5183,29.33
1789438738351,201.2045,26.3829,0.3130,0.2467,0.4063,0.3364,29.31
1789438738420,197.1913,26.5837,0.9627,0.9183,0.1926,-1.2509,29.32
1789438738420,202.1219,26.3372,0.6886,0.0941,0.4673,0.4585,29.30
1789438738420,197.8082,26.5529,0.5403,0.4909,0.4063,-0.7014,29.33
1789438738420,199.9182,26.4475,0.8330,-0.4554,0.1010,0.9164,29.31
1789438738420,196.5878,26.6141,0.6993,1.1625,0.5589,-0.6709,29.31
1789438738420,201.1643,26.3853,0.5912,-0.4554,0.0705,0.2448,29.37
1789438738421,198.1765,26.5347,0.4867,0.5520,0.4368,-0.4267,29.32
1789438738431,201.4936,26.3690,0.9420,-0.6690,0.1621,0.2448,29.29
1789438738441,198.1007,26.5386,0.4395,0.4604,0.2842,-0.5183,29.32
1789438738451,201.7054,26.3585,0.8007,-0.5469,0.2231,0.4280,29.32
1789438738520,197.6665,26.5604,0.3385,0.3688,0.3147,-0.3962,29.32
1789438738520,201.2358,26.3820,0.9809,-0.6080,0.3147,0.5806,29.31
1789438738520,197.6111,26.5632,0.4756,0.8877,0.5894,-0.1825,29.32
1789438738520,202.2898,26.3293,1.0346,-0.6690,0.2536,0.6722,29.27
1789438738520,197.6246,26.5625,0.3528,0.3993,0.2231,-0.3962,29.33
1789438738520,200.4820,26.4198,0.6550,-0.3638,0.5894,0.7943,29.36
1789438738523,196.7921,26.6043,0.3205,0.3993,0.0705,-0.4572,29.33
1789438738531,200.9731,26.3953,0.5447,-0.2112,0.5284,0.8248,29.31
1789438738541,197.9178,26.5481,0.2368,0.5214,0.1621,-0.1825,29.32
1789438738551,200.9698,26.3957,1.1778,-0.9743,0.4978,1.0385,29.32
1789438738620,198.2389,26.5323,0.2456,0.7046,0.2536,0.1533,29.33
1789438738620,200.3411,26.4273,0.8551,-0.6996,0.6505,0.7027,29.33
1789438738620,196.5326,26.6178,0.2481,0.3078,0.0094,-0.3351,29.32
1789438738620,200.9491,26.3972,1.0199,-1.1880,0.4673,0.7638,29.32
1789438738620,197.4158,26.5739,0.2097,0.3078,-0.0516,-0.2741,29.33
1789438738620,201.0964,26.3900,1.0565,-1.3711,0.5589,0.7332,29.32
1789438738621,197.5335,26.5682,0.1414,0.3688,-0.0211,-0.1825,29.32
1789438738631,201.3510,26.3775,1.1741,-1.5237,0.9252,0.7332,29.30
1789438738641,197.3181,26.5791,0.1091,0.5520,0.2231,0.1533,29.32
1789438738651,201.2774,26.3813,0.9460,-1.3406,0.8336,0.5196,29.31
1789438738720,196.9870,26.5959,0.3436,0.4299,-0.1432,-0.2741,29.32
1789438738720,202.2005,26.3352,1.3648,-2.0732,1.4441,0.6111,29.31
1789438738720,198.0961,26.4680,0.1519,0.2772,-0.0821,-0.1825,29.32
1789438738720,200.4116,26.5407,0.8678,-1.2795,0.9862,0.6111,29.25
1789438738720,200.5185,26.4195,0.0433,0.2772,0.1010,0.0312,29.31
1789438738720,201.4247,26.3742,0.6306,-0.7301,0.8641,0.8553,29.32
1789438738725,200.0616,26.4424,0.0170,0.4299,0.4673,0.3669,29.33
1789438738731,196.9386,26.5987,0.8964,-1.0353,1.3831,0.7943,29.30
1789438738741,199.8409,26.4536,0.0577,0.1857,0.1926,-0.0909,29.32
1789438738751,196.8609,26.6027,0.7973,-0.9132,1.2610,0.7943,29.31
1789438738820,200.1149,26.4399,-0.0121,0.0941,-0.0516,-0.0909,29.31
1789438738820,197.2224,26.5847,0.6520,-1.0353,0.7115,0.4890,29.32
1789438738820,198.9197,26.4998,-0.0240,0.2772,0.0094,-0.1215,29.32
1789438738820,196.7558,26.6082,0.6098,-1.0659,0.6505,0.4890,29.32
1789438738820,199.6579,26.4630,-0.0103,0.0636,0.1010,-0.1520,29.32
1789438738820,198.0465,26.5437,0.3550,-0.6996,0.1926,0.3364,29.32
1789438738821,199.2468,26.4837,0.0459,0.4909,0.2842,0.3059,29.33
1789438738831,198.1198,26.5401,0.2675,-0.5164,0.1926,0.4280,29.32
1789438738841,199.1207,26.4901,-0.0201,0.5214,0.4368,0.3059,29.31
1789438738851,196.2145,26.6356,0.4990,-0.7301,0.7726,0.5501,29.31
1789438738920,199.5013,26.4713,0.0742,0.3688,0.0705,0.2143,29.31
1789438738920,196.7600,26.6084,0.3617,-0.3638,0.5894,0.6722,29.31
1789438738920,198.6517,26.5139,-0.0731,0.0636,-0.1127,-0.1825,29.32
1789438738920,196.9050,26.6014,0.3598,-0.6080,0.5894,0.5501,29.31
1789438738920,198.6148,26.5160,-0.1383,0.0941,-0.0516,-0.1825,29.30
1789438738920,196.4004,26.6269,0.3560,-0.6385,0.2536,0.4280,29.31
1789438738924,199.0944,26.4922,0.0318,0.1857,-0.0516,0.0922,29.32
1789438738931,196.4431,26.6249,0.3041,-0.3943,0.2231,0.3364,29.31
1789438738941,199.0651,26.4939,-0.0411,0.5520,0.1926,0.3364,29.32
1789438738951,196.7770,26.6084,0.3215,-0.4859,0.3757,0.2754,29.32
1789438739020,198.0549,26.5446,-0.0032,0.5825,-0.1432,0.2754,29.34
1789438739020,196.3515,26.6299,0.3559,-0.3638,0.3452,0.3669,29.32
1789438739020,199.4284,26.4760,0.0144,0.1857,-0.1737,0.1227,29.31
1789438739020,197.7109,26.5620,0.3448,-0.1806,0.5284,0.6111,29.32
1789438739020,199.9874,26.4482,0.1009,0.2772,-0.3569,0.0617,29.31
1789438739020,197.9465,26.5503,0.4398,-0.1196,0.5894,0.4890,29.32
1789438739021,199.9451,26.4504,0.0149,0.1857,-0.2653,0.1227,29.33
1789438739031,197.2874,26.5834,0.5643,-0.3943,0.1621,0.3059,29.31
1789438739041,199.7722,26.4591,0.0726,0.2467,0.0705,0.1838,29.32
1789438739118,197.0711,26.5942,0.3195,-0.5164,0.1926,0.1838,29.33
1789438739118,200.3959,26.4280,-0.0363,0.4299,0.3147,0.2754,29.32
1789438739118,197.2668,26.5845,0.3246,-0.4248,0.2536,0.3364,29.31
1789438739118,199.2802,26.4839,-0.0411,0.4909,0.2536,0.4280,29.31
1789438739118,196.7334,26.6113,0.3668,-0.0585,0.2536,0.5501,29.32
1789438739118,199.6464,26.4656,-0.0941,0.3078,-0.1432,0.1838,29.33
1789438739119,197.7469,26.5607,0.5083,-0.1196,0.5589,0.4280,29.31
1789438739123,199.3854,26.4789,0.0274,0.1551,-0.2958,0.0617,29.32
1789438739131,198.1952,26.3537,0.4866,-0.3027,0.1315,0.0922,29.31
1789438739141,199.0016,26.4981,-0.0151,0.1857,-0.1737,0.1227,29.31
1789438739151,200.0886,26.4439,0.4554,-0.3027,0.1926,0.1227,29.32
1789438739220,199.1253,26.4921,0.0979,0.3383,-0.3874,0.2448,29.28
1789438739220,200.4086,26.4281,0.3810,-0.2417,0.3147,0.1533,29.32
1789438739220,200.2173,26.4377,-0.0180,0.3993,-0.0821,0.2143,29.31
1789438739220,201.0196,26.3977,0.5804,-0.0891,0.3147,0.3059,29.31
1789438739220,200.7815,26.4097,-0.1446,0.4604,0.1926,0.4280,29.30
1789438739220,200.5284,26.4225,0.5472,0.0636,0.5284,0.4280,29.30
1789438739221,199.3684,26.4806,-0.0365,0.2162,0.0094,0.3059,29.33
1789438739231,201.0765,26.3953,0.7236,-0.0585,0.6199,0.2754,29.32
1789438739241,200.4843,26.4250,0.0486,0.1551,-0.2042,0.1533,29.31
1789438739251,201.5785,26.3703,0.7309,-0.2417,0.3147,0.0006,29.33
1789438739321,200.0865,26.4449,0.0803,0.2162,-0.5095,0.3669,29.32
1789438739321,201.7976,26.3595,1.1298,-0.2112,0.4978,-0.1825,29.30
1789438739321,200.4241,26.4281,0.0904,0.2467,-0.1432,0.3059,29.32
1789438739321,201.7309,26.3628,0.7451,-0.1196,0.2842,-0.2741,29.30
1789438739321,199.7878,26.4600,0.1003,0.4299,-0.1432,0.6111,29.32
1789438739321,201.9754,26.3507,0.7312,-0.0280,0.3452,0.1227,29.33
1789438739321,200.4293,26.4280,-0.0636,0.4299,0.0705,0.5806,29.30
1789438739331,200.0513,26.4470,1.2290,0.3383,1.2610,-0.5183,29.32
1789438739341,199.0769,26.4957,0.0073,0.1857,-0.4484,0.2754,29.32
1789438739418,201.2401,26.3876,1.0916,0.2772,0.8947,-0.1825,29.31
1789438739418,200.5423,26.4225,-0.0625,0.1551,-0.5095,0.4280,29.32
1789438739418,201.9163,26.3538,1.0016,-0.0585,0.4978,-0.3962,29.31
1789438739418,200.6569,26.4168,0.0748,0.0636,-0.2958,0.2448,29.33
1789438739418,201.8980,26.3548,1.1452,-0.0891,0.7420,-0.5183,29.32
1789438739418,200.2147,26.4389,-0.0141,0.3383,-0.0516,0.6111,29.32
1789438739419,201.2527,26.3870,1.1664,0.0636,0.7726,-0.8235,29.30
1789438739421,199.6605,26.4667,-0.0251,0.3993,-0.0821,0.6722,29.32
1789438739431,201.9865,26.3505,1.1443,0.0941,0.9557,-0.5488,29.30
1789438739441,199.4271,26.4784,-0.1304,0.2467,-0.0516,0.4280,29.31
1789438739518,200.1888,26.4404,0.7658,0.3078,1.1083,-0.4878,29.31
1789438739518,199.1438,26.4928,-0.0700,0.1551,-0.2958,0.2754,29.28
1789438739518,200.4274,26.4287,0.7006,0.3078,0.9252,-0.2741,29.30
1789438739519,200.2341,26.4384,-0.0324,0.1246,-0.2958,0.3364,29.32
1789438739519,200.6425,26.4182,1.1511,0.1551,0.8947,-1.2204,29.33
1789438739519,200.4107,26.4298,0.0377,0.2467,-0.2348,0.3059,29.31
1789438739520,200.6315,26.4189,0.9157,0.2162,0.6810,-1.0067,29.32
1789438739524,199.6942,26.4659,0.0449,0.4299,0.0400,0.6111,29.31
1789438739531,201.0599,26.3977,0.7752,0.5214,0.8031,-1.1593,29.33
1789438739541,200.6961,26.4159,0.1021,0.4299,0.1926,0.5501,29.31
1789438739551,203.7878,26.2613,0.6223,0.4604,0.7420,-0.4572,29.32
1789438739620,201.5104,26.3750,-0.0346,0.4604,0.1621,0.4890,29.30
1789438739620,201.8951,26.3558,1.1755,1.1930,0.8947,-0.9151,29.32
1789438739620,202.0394,26.3485,0.2473,-0.0280,0.0705,0.0922,29.36
1789438739620,201.2730,26.5440,0.7893,0.4299,0.4063,-0.8846,29.33
1789438739620,199.6030,26.4705,0.7692,-0.4248,-0.1127,0.7332,29.39
1789438739620,196.5647,26.6225,1.0733,1.1319,0.2842,-1.3425,29.32
1789438739621,201.1525,26.3931,0.3735,-0.1806,-0.0211,0.1227,29.34
1789438739631,198.1497,26.5433,0.5802,0.4299,0.4673,-0.7014,29.32
1789438739641,201.4912,26.3763,0.3975,-0.0280,-0.0211,0.0006,29.35
1789438739651,198.5436,26.5237,0.5988,0.6435,0.5894,-0.3657,29.32
1789438739720,201.9273,26.3545,0.4617,-0.1501,0.0094,0.1838,29.31
1789438739720,197.8985,26.5560,0.5509,0.6435,0.6199,-0.4267,29.31
1789438739720,201.1190,26.3950,0.5450,0.0330,0.1315,0.3669,29.32
1789438739720,197.1481,26.5937,0.7067,0.6741,0.1926,-0.8846,29.33
1789438739720,202.0090,26.3506,0.5877,0.0330,0.2842,0.4585,29.36
1789438739720,197.7479,26.5637,0.5436,0.4299,0.2536,-0.8235,29.32
1789438739724,200.2731,26.4375,0.5040,-0.1196,0.4978,0.7027,29.36
1789438739731,196.8423,26.6091,0.5411,0.7656,0.4673,-0.7320,29.32
1789438739741,200.9987,26.4013,0.3007,0.1551,0.4063,0.3059,29.30
1789438739751,198.4994,26.5263,0.3552,0.5520,0.5894,-0.0909,29.33
1789438739833,200.8617,26.4083,0.9840,-0.4859,0.4673,0.8859,29.33
1789438739833,198.6885,26.5170,0.3457,0.3688,0.2842,-0.3046,29.32
1789438739833,200.1520,26.4439,0.6919,-0.3027,0.4063,0.6722,29.32
1789438739833,196.3912,26.6320,0.3214,0.3078,0.0400,-0.4878,29.33
1789438739833,200.8767,26.4079,0.8711,-0.7911,0.3147,0.3975,29.32
1789438739833,197.3831,26.5827,0.2498,0.3078,0.2231,-0.3351,29.32
1789438739833,201.0915,26.3974,1.0943,-1.0964,0.3757,0.7332,29.31
1789438739833,197.1237,26.5958,0.3048,0.8572,0.4978,-0.0909,29.31
1789438739841,201.0702,26.3986,1.1256,-1.0353,0.2231,0.7332,29.32
1789438739922,197.4395,26.5802,0.2765,0.3688,0.2536,-0.3351,29.30
1789438739922,201.1947,26.3925,0.9176,-0.9438,0.4063,0.6722,29.36
1789438739922,197.2830,26.5882,0.4140,0.4909,-0.0821,-0.5488,29.33
1789438739922,201.9052,26.3572,1.5361,-1.6153,0.9252,0.7943,29.32
1789438739922,197.6981,26.5675,0.2402,0.4909,0.1315,-0.1215,29.32
1789438739922,200.0704,26.4489,1.0054,-1.2185,0.5589,1.0080,29.33
1789438739923,196.9444,26.6053,0.1972,0.6741,0.3452,0.0006,29.33
1789438739923,201.0513,26.4000,0.5760,-0.5775,0.7726,0.9164,29.32
1789438739931,198.3097,26.5371,0.1503,0.2772,0.0400,-0.2130,29.32
1789438739941,201.5618,26.3746,1.2179,-1.0964,1.3220,1.0385,29.31
1789438739951,198.3197,26.5367,0.2261,0.4299,-0.0516,-0.2741,29.31
1789438740023,202.0560,26.3500,1.1527,-1.0964,1.3525,0.8859,29.30
1789438740023,197.8460,26.5604,0.0781,0.2162,0.0094,-0.1825,29.34
1789438740023,201.1290,26.3964,0.8839,-1.0353,1.1694,0.9164,29.34
1789438740023,197.4788,26.5789,0.1265,0.6435,0.1315,0.0312,29.31
1789438740023,202.4304,26.3314,0.9883,-1.4322,1.1389,0.7638,29.32
1789438740023,198.0753,26.4543,0.0923,0.4604,0.1621,0.1838,29.31
1789438740023,200.4044,26.4327,0.5048,-0.9743,0.4063,0.4890,29.30
1789438740031,199.4447,26.4807,0.0530,0.0025,0.0400,-0.1825,29.33
1789438740041,200.8907,26.4085,0.3945,-0.6690,0.2842,0.4280,29.32
1789438740051,199.1249,26.4968,0.0137,0.0330,-0.1432,-0.1520,29.32
1789438740123,196.1759,26.6444,0.7251,-1.2490,0.7420,0.4890,29.32
1789438740123,199.5792,26.4743,0.0717,0.3078,0.0705,-0.0909,29.32
1789438740123,196.5558,26.6256,0.5097,-0.9132,0.6505,0.4890,29.32
1789438740123,199.0818,26.4993,-0.0170,0.6435,0.4673,0.1838,29.31
1789438740123,196.8319,26.6120,0.5126,-0.7606,0.8641,0.5806,29.32
1789438740123,198.5940,26.5239,-0.0621,0.5520,0.4368,0.2143,29.32
1789438740123,196.3543,26.6361,0.4951,-0.5469,0.8031,0.7638,29.32
1789438740132,199.1173,26.4980,0.0486,0.1246,0.0094,-0.1215,29.32
1789438740142,196.3336,26.6373,0.4794,-0.6080,0.6199,0.7027,29.31
1789438740262,199.4709,26.4804,-0.0614,0.1551,-0.0211,-0.1825,29.30
1789438740262,196.8531,26.6114,0.4009,-0.6996,0.4673,0.3975,29.32
1789438740262,198.0433,26.5519,0.1191,0.4299,-0.3263,0.0312,29.30
1789438740262,196.6006,26.6242,0.4928,-0.9438,0.4673,0.3059,29.30
1789438740262,199.7224,26.4680,0.0224,0.2162,0.0705,0.0312,29.31
1789438740262,197.7601,26.5662,0.3445,-0.6996,0.0705,0.3059,29.32
1789438740262,199.8556,26.4615,0.1371,0.4909,0.2231,0.3975,29.32
1789438740262,197.9712,26.5558,0.3092,-0.4859,0.3757,0.4280,29.32
1789438740262,200.0790,26.4504,-0.0036,0.0941,-0.0821,-0.0299,29.32
1789438740262,197.3560,26.5867,0.4341,-0.2722,0.5284,0.6722,29.32
1789438740262,199.8004,26.4644,0.1659,0.2772,-0.2653,0.0312,29.32
1789438740262,197.1132,26.5988,0.4016,-0.1806,0.6810,0.5806,29.33
1789438740336,200.4111,26.4338,-0.0177,0.0025,-0.1737,-0.0604,29.32
1789438740336,197.3058,26.5891,0.3477,-0.4859,0.3452,0.3059,29.32
1789438740336,199.2978,26.4896,0.0335,0.3993,-0.1432,0.2143,29.32
1789438740336,197.0656,26.6012,0.2781,-0.4554,0.0400,0.3669,29.32
1789438740336,199.9109,26.4589,0.0184,0.5825,0.0705,0.3975,29.32
1789438740336,198.1070,26.5492,0.3542,-0.3638,0.1621,0.3669,29.32
1789438740342,199.3981,26.4847,-0.0413,0.5214,0.2536,0.3669,29.32
1789438740342,198.2719,26.5410,0.2397,-0.3638,0.1621,0.3059,29.30
1789438740351,199.1705,26.4961,-0.0155,0.3078,0.1315,0.0312,29.32
1789438740426,196.1993,26.6448,0.3799,0.0330,0.6199,0.7027,29.32
1789438740426,199.5911,26.4753,0.1116,0.3993,-0.4179,0.1838,29.31
1789438740426,196.9078,26.6095,0.3768,-0.0585,0.4673,0.5501,29.31
1789438740426,198.8561,26.5122,-0.0994,0.1551,-0.1737,0.0312,29.32
1789438740426,196.5091,26.6296,0.3864,-0.3027,0.0094,0.2143,29.31
1789438740426,195.6961,26.6706,0.0126,0.0941,-0.2958,0.0617,29.30
1789438740426,195.1764,26.6969,0.5014,-0.2722,0.1315,0.2143,29.31
1789438740431,198.9599,26.5078,0.0936,0.2772,-0.1432,0.2754,29.32
1789438740441,196.7624,26.6178,0.4149,-0.0280,0.1621,0.3364,29.32
1789438740451,199.7839,26.4667,-0.0269,0.4909,0.0094,0.3975,29.33
1789438740522,201.5728,26.3773,0.3762,-0.2112,0.1926,0.2448,29.34
1789438740522,200.3737,26.4373,-0.0126,0.4299,0.1621,0.2754,29.30
1789438740522,201.8456,26.3638,0.5906,0.0330,0.4978,0.4585,29.32
1789438740522,201.0336,26.4043,-0.0637,0.2467,0.0094,0.1838,29.33
1789438740522,201.7418,26.3689,0.4880,0.0330,0.3452,0.3975,29.30
1789438740522,199.7016,26.4710,0.0819,0.1857,-0.3874,0.2143,29.36
1789438740522,202.0266,26.3548,0.7577,-0.2417,0.2231,0.1838,29.32
1789438740531,200.3535,26.4385,0.0507,0.1246,-0.2653,0.1227,29.37
1789438740541,200.2090,26.4458,0.9147,-0.3027,0.3757,-0.1825,29.30
1789438740551,199.3041,26.4910,0.1126,0.1551,-0.4484,0.2754,29.32
1789438740622,201.1620,26.3982,0.6293,-0.2112,0.1621,0.0312,29.32
1789438740622,200.7592,26.4183,0.0512,0.3383,-0.0211,0.2143,29.34
1789438740622,201.5619,26.3782,0.5811,-0.2417,0.2231,0.0617,29.33
1789438740622,200.2961,26.4416,-0.0051,0.5520,0.0400,0.6111,29.32
1789438740622,201.6633,26.3732,0.6645,0.1246,0.4368,0.3364,29.32
1789438740622,200.3155,26.4406,-0.0325,0.4909,-0.2042,0.4585,29.32
1789438740622,201.1192,26.4005,0.8182,0.1551,0.6810,0.2754,29.32
1789438740631,199.7813,26.4675,0.0604,0.1551,-0.3569,0.1838,29.33
1789438740641,202.0992,26.3516,1.0175,-0.0280,0.5894,0.0006,29.32
1789438740651,199.6349,26.4748,0.0040,0.1246,-0.3569,0.3059,29.31
1789438740722,199.9285,26.4602,0.6897,-0.3027,0.3452,-0.1825,29.32
1789438740722,199.4513,26.4842,0.0974,0.2467,-0.4790,0.3669,29.32
1789438740722,200.4493,26.4343,0.6079,-0.2112,0.4368,-0.0604,29.31
1789438740722,199.9523,26.4593,0.0445,0.3993,-0.1432,0.4890,29.32
1789438740722,200.8493,26.4145,1.0131,-0.0280,0.6199,-0.4572,29.32
1789438740722,200.6015,26.4270,-0.1096,0.4909,-0.0211,0.4280,29.34
1789438740722,200.3522,26.4396,0.8635,0.1551,0.8336,-0.1520,29.32
1789438740731,199.2892,26.4928,-0.0178,0.1246,-0.5400,0.3059,29.31
1789438740741,201.0206,26.4063,1.0544,0.3993,0.9862,-0.3046,29.32
1789438740751,201.0463,26.4051,0.0322,0.1551,-0.3874,0.3059,29.31
1789438740822,201.5071,26.3821,1.1697,0.1246,0.6810,-0.7014,29.33
1789438740822,200.4335,26.4359,0.0008,0.1551,-0.2653,0.3975,29.30
1789438740822,201.6353,26.3759,1.4633,0.2467,0.8641,-1.0067,29.32
1789438740822,200.5869,26.4283,0.1237,0.1857,0.0094,0.4585,29.33
1789438740822,201.5192,26.3817,0.9916,0.1857,0.7726,-0.9151,29.33
1789438740822,199.5098,26.4823,0.1828,0.3993,0.1315,0.7943,29.30
1789438740822,202.2127,26.3472,1.6457,1.0404,1.1083,-1.6172,29.31
1789438740831,200.9006,26.4128,0.0151,0.1551,-0.1737,0.3059,29.32
1789438740841,199.9061,26.4626,0.8609,0.5214,1.2915,-0.7014,29.32
1789438740918,199.1010,26.5028,0.0182,0.2467,-0.4484,0.3975,29.33
1789438740918,201.2525,26.3953,0.9992,0.5825,1.1389,-0.6099,29.32
1789438740918,200.5685,26.4295,-0.1043,0.0941,-0.2653,0.3669,29.33
1789438740918,201.9104,26.3624,0.9796,0.4299,0.9862,-0.9456,29.32
1789438740918,200.6554,26.4252,0.0544,0.0025,-0.2958,0.2754,29.33
1789438740918,201.7135,26.3723,0.9919,0.3688,0.5284,-0.9762,29.32
1789438740919,200.1803,26.4489,0.0650,0.1246,-0.0821,0.1838,29.33
1789438740921,200.9312,26.4115,0.8083,0.3078,0.4673,-1.0677,29.34
1789438740931,199.5111,26.4826,0.1886,0.1551,0.1010,0.3975,29.35
1789438740941,201.9031,26.3630,1.0098,0.9183,0.7420,-1.2509,29.33
1789438741018,199.9303,26.4032,-0.0432,0.3993,0.2842,0.4280,29.30
1789438741018,197.9846,26.5590,0.5711,0.5825,0.8031,-0.2436,29.32
1789438741018,201.0041,26.4082,0.2913,0.0330,0.2231,0.2143,29.37
1789438741018,198.7620,26.5203,0.5260,0.3383,0.7726,-0.3962,29.33
1789438741018,200.2060,26.4482,0.2485,-0.0280,-0.1127,0.0922,29.30
1789438741018,196.3889,26.6392,0.7733,0.6130,0.3452,-0.9456,29.31
1789438741019,201.2379,26.3968,0.3469,-0.0585,0.0400,0.0312,29.29
1789438741023,197.8577,26.5659,0.5180,0.4909,0.4063,-0.4572,29.32
1789438741031,201.0846,26.4047,0.5507,-0.2417,-0.0516,0.0922,29.31
1789438741041,197.2757,26.5952,0.6760,0.9183,0.7115,-0.6404,29.33
1789438741051,201.1338,26.4024,0.7863,-0.3027,0.0705,0.3975,29.31
1789438741120,197.5926,26.5795,0.5234,0.4604,0.2842,-0.5488,29.32
1789438741120,201.0417,26.4072,0.6746,-0.3638,0.1621,0.3364,29.35
1789438741120,197.3170,26.5936,0.7266,0.7962,0.2231,-0.9762,29.32
1789438741120,201.9210,26.3634,1.0543,-0.3027,0.1926,0.6417,29.31
1789438741120,198.0693,26.5560,0.4922,0.5825,0.1926,-0.5183,29.31
1789438741120,199.9816,26.4604,1.0529,-0.8827,0.3452,0.9774,29.32
1789438741121,196.8764,26.6157,0.4815,0.9183,0.5284,-0.3962,29.33
1789438741131,201.3099,26.3941,0.4225,0.0330,0.5284,0.3364,29.32
1789438741141,198.2535,26.5469,0.4149,0.3383,0.2231,-0.5183,29.32
1789438741217,201.5298,26.3832,0.8814,-0.5164,0.4673,0.4280,29.32
1789438741217,198.0142,26.5590,0.3884,0.3993,0.0705,-0.5183,29.31
1789438741217,201.8617,26.3667,0.8594,-0.4859,0.3452,0.7943,29.32
1789438741217,198.0312,26.5582,0.2306,0.1246,0.0400,-0.3046,29.31
1789438741217,201.1690,26.4014,0.9821,-0.8217,0.2536,0.5806,29.32
1789438741217,197.1731,26.6012,0.3510,0.7962,0.4978,-0.0909,29.31
1789438741218,202.2417,26.3478,1.0786,-0.9132,0.3757,0.6722,29.33
1789438741222,197.7633,26.5717,0.3496,0.7351,0.3757,-0.2130,29.32
1789438741231,200.5425,26.4329,0.6728,-0.7911,0.2536,0.5806,29.34
1789438741241,196.7909,26.6205,0.2511,0.4604,0.0094,-0.3351,29.32
1789438741251,200.9952,26.4103,0.4657,-0.5164,0.0705,0.4585,29.31
1789438741322,199.6187,26.4791,0.1886,0.2162,0.1315,-0.2741,29.32
1789438741322,201.6591,26.3771,1.1788,-1.3711,0.6505,0.6417,29.32
1789438741322,198.9892,26.5105,0.1561,0.3383,0.1315,-0.1215,29.32
1789438741322,200.0977,26.4552,0.8561,-0.8827,0.4063,0.8553,29.31
1789438741322,196.5260,26.6338,0.2061,0.5520,0.3147,0.0312,29.34
1789438741322,201.1593,26.4024,1.0819,-1.4932,0.6505,0.7943,29.31
1789438741322,197.5823,26.5812,0.1184,0.2772,0.0400,-0.3046,29.33
1789438741331,200.9614,26.4125,1.0558,-1.2490,0.8947,0.9774,29.32
1789438741341,197.1651,26.6023,0.0825,0.1551,-0.0821,-0.2436,29.31
1789438741351,201.0493,26.4083,0.9576,-1.3101,1.2304,0.6722,29.33
1789438741420,197.4372,26.5021,0.0687,0.3688,0.0094,0.1227,29.32
1789438741420,201.1915,26.4013,0.7998,-1.0659,1.2304,0.7027,29.32
1789438741420,198.2395,26.5489,0.3402,0.8267,0.1315,0.0617,29.32
1789438741420,202.4675,26.3376,1.1136,-1.5237,1.7494,0.7332,29.32
1789438741420,199.5963,26.4811,0.1346,0.1857,0.0094,-0.3657,29.32
1789438741420,197.8843,26.5668,0.6256,-0.7911,1.4136,0.7638,29.46
1789438741424,200.1007,26.4559,0.0427,0.1551,0.0094,-0.1520,29.32
1789438741431,198.0553,26.5583,0.5443,-1.0048,0.5894,0.4585,29.33
1789438741441,200.1185,26.4551,0.0439,0.1246,0.1621,-0.0909,29.32
1789438741451,197.3831,26.5920,0.7027,-1.2490,0.6810,0.4280,29.33
1789438741520,199.8143,26.4704,0.1812,0.3383,0.2231,0.0312,29.33
1789438741520,197.0988,26.6063,0.6480,-1.1574,0.6810,0.5196,29.29
1789438741520,200.4050,26.4409,0.0180,0.3993,0.1315,0.1227,29.31
1789438741520,197.3027,26.5960,0.5712,-0.9438,0.5894,0.5501,29.32
1789438741520,199.3630,26.4930,0.0229,0.5825,0.3147,0.0922,29.32
1789438741520,197.1714,26.6026,0.4913,-0.7911,0.7726,0.6111,29.33
1789438741521,199.8341,26.4694,-0.0126,0.3993,0.3757,0.1838,29.33
1789438741531,198.0795,26.5573,0.3243,-0.2112,0.4368,0.8248,29.33
1789438741541,199.5644,26.4830,-0.0083,-0.0280,0.0094,-0.2436,29.32
1789438741618,198.2576,26.5484,0.2731,-0.2417,0.1621,0.6722,29.32
1789438741618,199.1518,26.5037,0.0194,0.0330,-0.0821,-0.0909,29.30
1789438741618,196.3353,26.6447,0.4139,-0.5775,0.5894,0.4890,29.31
1789438741618,199.5283,26.4851,0.2299,0.3078,-0.2042,0.0617,29.30
1789438741618,197.0293,26.6101,0.3620,-0.6996,0.2536,0.4585,29.31
1789438741618,198.9235,26.5155,-0.0189,0.3383,0.1621,0.1227,29.31
1789438741619,196.9747,26.6131,0.3652,-0.6996,0.2231,0.4280,29.32
1789438741623,198.6792,26.5279,-0.1542,0.5214,0.4978,0.2754,29.32
1789438741631,196.3909,26.6425,0.2984,-0.5469,0.3147,0.4280,29.31
1789438741641,199.0471,26.5097,0.0206,0.4909,-0.0211,0.4280,29.32
1789438741651,196.7462,26.6249,0.3427,-0.1806,0.3147,0.4890,29.32
1789438741720,199.2181,26.5013,-0.0574,0.0941,-0.0516,0.0006,29.32
1789438741720,197.0339,26.6106,0.3280,-0.0891,0.5894,0.5806,29.31
1789438741720,198.2018,26.5523,0.0531,0.3078,-0.3263,-0.0299,29.32
1789438741720,196.4626,26.6393,0.4144,-0.5775,0.4368,0.3364,29.32
1789438741720,199.4779,26.4885,-0.0100,0.1246,-0.1432,0.0312,29.32
1789438741720,197.7954,26.5726,0.3279,-0.3333,0.1926,0.3364,29.31
1789438741721,200.0008,26.4624,0.1377,0.5825,-0.1127,0.4585,29.31
1789438741731,198.0464,26.5602,0.3825,-0.3943,0.1926,0.2143,29.33
1789438741741,200.1419,26.4554,-0.0229,0.5825,0.1926,0.4280,29.32
1789438741817,197.3681,26.5942,0.5645,-0.3027,0.3757,0.3669,29.32
1789438741817,199.6390,26.4806,0.0567,0.4909,-0.1127,0.4890,29.30
1789438741817,197.3676,26.5942,0.3821,-0.0280,0.4063,0.6111,29.30
1789438741817,200.2087,26.4522,-0.0694,0.1857,-0.2348,0.0922,29.32
1789438741817,197.5621,26.5845,0.3600,0.0330,0.4368,0.5806,29.31
1789438741817,199.1722,26.5040,-0.0407,0.0941,-0.1127,-0.0299,29.30
1789438741818,196.9272,26.6163,0.4234,-0.0891,0.2231,0.3975,29.32
1789438741823,199.8785,26.4687,0.0125,0.2467,-0.2958,0.0617,29.32
1789438741831,198.3667,26.5443,0.5108,-0.3638,0.1621,0.0617,29.31
1789438741841,199.4174,26.4918,0.0215,0.2162,-0.2042,0.2448,29.32
1789438741851,198.2117,26.3672,0.4788,-0.1806,-0.0211,0.2448,29.32
1789438741921,199.0018,26.4661,0.0180,0.2162,-0.2042,0.1838,29.32
1789438741921,200.0965,26.4580,0.4383,-0.2112,0.2231,0.0617,29.32
1789438741921,199.6358,26.4812,0.0627,0.5214,-0.1127,0.3669,29.34
1789438741921,200.7466,26.4257,0.3924,0.0636,0.2536,0.4585,29.31
1789438741921,200.0897,26.4587,-0.0286,0.3383,0.1621,0.3975,29.32
1789438741921,201.1322,26.4066,0.5898,0.0636,0.4978,0.4280,29.32
1789438741921,200.6470,26.4310,-0.1958,0.4299,0.0705,0.3669,29.30
1789438741931,200.4264,26.4421,0.5937,-0.0585,0.6199,0.2754,29.30
1789438741941,199.1733,26.5049,-0.0125,0.1857,-0.4790,0.3669,29.30
1789438742017,201.1570,26.4057,0.7066,-0.3638,0.2231,-0.0604,29.31
1789438742017,201.0262,26.4123,-0.0184,0.1857,-0.1737,0.1227,29.31
1789438742017,201.3757,26.3949,0.7070,-0.2417,0.2536,0.0312,29.32
1789438742017,200.2740,26.4501,0.0359,0.1857,-0.3569,0.2143,29.29
1789438742017,201.5981,26.3840,0.9042,-0.2112,0.2842,0.0006,29.31
1789438742017,200.3891,26.4444,0.0701,0.3078,-0.3874,0.3364,29.29
1789438742019,201.7259,26.3776,0.7517,-0.1196,0.2536,-0.0299,29.31
1789438742022,199.7826,26.4748,0.1336,0.4299,-0.2958,0.6417,29.32
1789438742031,202.1965,26.3541,1.2188,-0.0891,0.4978,-0.3657,29.32
1789438742041,200.4487,26.4415,-0.0268,0.5825,-0.0211,0.5501,29.32
1789438742117,200.0656,26.4608,1.0941,0.0025,0.8031,-0.7014,29.32
1789438742117,199.3266,26.4977,-0.0175,0.4604,-0.0516,0.5806,29.31
1789438742117,201.1726,26.4054,0.8578,0.1857,0.7115,-0.0604,29.32
1789438742117,200.7721,26.4254,-0.0401,0.2467,-0.5400,0.3669,29.31
1789438742117,201.5532,26.3864,0.7971,0.3078,0.7726,0.1533,29.32
1789438742117,200.2905,26.4497,0.0001,0.1857,-0.4179,0.3059,29.32
1789438742119,201.3865,26.3949,1.0100,0.3383,0.8641,-0.2741,29.32
1789438742121,196.6628,26.6313,0.1293,0.0636,-0.4179,0.2754,29.30
1789438742131,199.2761,26.5009,1.4043,-0.0280,1.0168,-0.9456,29.31
1789438742141,199.2121,26.5042,0.0635,0.2772,-0.3874,0.4585,29.31
1789438742151,201.8994,26.3699,1.1968,0.0941,0.8031,-0.7014,29.33
1789438742221,200.0656,26.4616,-0.0229,0.3383,-0.0211,0.5196,29.33
1789438742221,200.5848,26.4356,0.7389,0.0330,0.5589,-0.4878,29.32
1789438742221,199.8900,26.4704,-0.0150,0.4299,-0.0516,0.6417,29.35
1789438742221,200.8181,26.4240,0.6389,0.2162,0.5284,-0.3046,29.32
1789438742221,200.6007,26.4350,-0.1136,0.4604,-0.0516,0.5806,29.32
1789438742221,201.0076,26.4147,0.9994,0.3078,0.8336,-0.4267,29.33
1789438742221,200.6432,26.4330,-0.0824,0.2162,-0.1127,0.4280,29.34
1789438742231,200.6896,26.4308,0.9283,0.4909,1.1083,-0.4267,29.33
1789438742241,199.4566,26.4925,-0.0362,0.0636,-0.2653,0.3669,29.33
1789438742317,201.1124,26.4098,0.9969,0.4604,1.1083,-0.7014,29.31
1789438742317,200.5067,26.4401,0.0647,0.1246,-0.3263,0.3975,29.39
1789438742317,201.3769,26.3967,1.0538,0.2467,0.8947,-1.0983,29.33
1789438742317,200.0783,26.4617,0.0869,0.0025,-0.2348,0.1838,29.31
1789438742317,201.7881,26.3763,1.5223,1.0404,0.6810,-1.7088,29.30
1789438742317,201.0042,26.4154,0.2035,0.1246,0.0094,0.3364,29.31
1789438742318,201.7960,26.3759,0.8962,0.4909,0.4978,-0.8846,29.32
1789438742321,199.7483,26.4783,0.6606,-0.1501,0.1315,0.7638,29.27
1789438742331,202.3454,26.3485,1.3279,1.4372,0.6810,-1.4951,29.30
1789438742341,200.9769,26.4169,0.2530,0.3078,0.2231,0.5196,29.31
1789438742418,198.1032,26.5607,0.8380,0.7656,0.8947,-0.7625,29.32
1789438742418,201.8687,26.3724,0.1453,0.2162,0.0094,0.3059,29.33
1789438742418,198.2904,26.5514,0.8096,0.6130,0.5284,-0.7014,29.32
1789438742418,202.0895,26.3614,0.1825,-0.0280,-0.0821,0.0617,29.29
1789438742418,197.6152,26.5852,0.6905,0.5825,0.5589,-0.9762,29.32
1789438742418,201.2278,26.4046,0.2871,0.0025,-0.1127,0.0617,29.31
1789438742419,197.7712,26.5775,0.7143,0.4604,0.2536,-0.8846,29.32
1789438742423,202.2788,26.3520,0.4231,-0.0891,-0.0211,-0.0299,29.31
1789438742431,197.8886,26.5716,0.6628,0.7046,0.3147,-0.7014,29.33
1789438742441,200.1473,26.4587,0.3385,-0.1806,-0.0516,0.3364,29.30
1789438742451,196.8918,26.6216,0.8219,1.1319,0.6810,-0.6709,29.34
1789438742520,201.0197,26.4152,0.0216,0.0330,0.0400,-0.0299,29.36
1789438742520,197.9433,26.5691,0.5331,0.5825,0.3452,-0.3657,29.33
1789438742520,200.9907,26.4168,0.7917,-0.4554,0.1926,0.2448,29.32
1789438742520,198.8168,26.5256,0.3723,0.2467,0.3757,-0.3962,29.32
1789438742520,200.4355,26.4447,0.5564,-0.1806,0.2536,0.2448,29.31
1789438742520,196.4178,26.6457,0.4361,0.4604,0.3147,-0.6099,29.32
1789438742521,201.2480,26.4043,0.7166,-0.3027,0.4063,0.4585,29.32
1789438742531,197.4212,26.5957,0.4048,0.5825,0.4978,-0.1825,29.33
1789438742541,201.1476,26.4095,0.8407,-0.5164,0.4063,0.7027,29.33
1789438742617,197.4237,26.5957,0.4207,0.7351,0.5284,-0.1825,29.32
1789438742617,201.2923,26.4024,1.1315,-0.6080,0.6199,0.8553,29.31
1789438742617,197.2119,26.6065,0.3419,0.3383,0.0094,-0.5793,29.32
1789438742617,201.5321,26.3905,0.8517,-0.3638,0.5894,0.8248,29.31
1789438742617,197.4456,26.5949,0.4313,0.5214,0.1315,-0.5488,29.35
1789438742617,202.5036,26.3421,1.5015,-1.0048,0.8641,0.9774,29.33
1789438742618,198.0882,26.5628,0.3553,0.4604,0.1010,-0.3657,29.32
1789438742622,200.0613,26.4642,1.0132,-1.2185,0.4063,0.7943,29.32
1789438742631,196.6611,26.6343,0.3044,0.7046,0.3757,-0.0909,29.32
1789438742641,201.6592,26.3844,0.9445,-1.0659,0.1621,0.8859,29.32
1789438742651,198.1761,26.5585,0.2368,0.3688,-0.0516,-0.1825,29.32
1789438742720,201.9060,26.3721,1.2269,-1.3406,0.6810,0.7332,29.28
1789438742720,198.3094,26.5519,0.1893,0.3688,0.0705,-0.3046,29.31
1789438742720,202.0993,26.3625,1.0572,-1.0964,0.4978,0.6417,29.35
1789438742720,197.6265,26.5861,0.1572,0.3078,0.0400,-0.2436,29.33
1789438742720,201.2367,26.4057,1.1057,-1.2795,0.5894,0.7943,29.32
1789438742720,197.7741,26.5788,0.2454,0.7656,0.3452,0.0006,29.32
1789438742721,202.2800,26.3535,1.2812,-1.5848,1.0168,0.7332,29.30
1789438742731,197.8851,26.5732,0.1358,0.7351,0.3452,0.0312,29.32
1789438742741,200.6079,26.4372,0.6631,-0.6996,0.4673,0.9469,29.32
1789438742817,196.8248,26.6264,0.1060,0.1857,-0.1737,-0.2741,29.33
1789438742817,201.0096,26.4171,0.4554,-0.6385,0.4063,0.5196,29.33
1789438742817,198.3586,26.5497,0.0962,0.2162,-0.0821,-0.1825,29.32
1789438742817,201.0140,26.4171,0.9761,-1.4016,1.0168,0.6722,29.33
1789438742817,198.5469,26.5405,0.0950,0.1551,-0.1737,-0.1215,29.33
1789438742817,200.3656,26.4497,0.7458,-0.9132,0.7115,0.7638,29.32
1789438742819,198.8837,26.5238,0.0688,0.3383,0.1315,-0.0299,29.32
1789438742823,201.1335,26.4115,0.7023,-0.9743,1.1083,0.7943,29.31
1789438742831,198.7459,26.5309,0.0004,0.5520,0.4063,0.0312,29.31
1789438742841,196.3989,26.6484,0.6914,-0.8217,1.1389,0.6722,29.33
1789438742918,199.1368,26.5115,0.0860,0.3383,-0.0211,-0.1520,29.32
1789438742918,196.8206,26.6275,0.6181,-0.6996,1.0473,0.7638,29.31
1789438742918,199.2519,26.5059,0.0028,0.2162,0.0705,-0.0299,29.31
1789438742918,197.0558,26.6158,0.5226,-0.9132,0.6505,0.4280,29.32
1789438742918,198.2151,26.5579,0.2332,0.3688,-0.3263,-0.1520,29.32
1789438742918,196.5436,26.6416,0.7224,-1.2490,0.8641,0.4890,29.32
1789438742919,199.5780,26.4898,0.1451,0.3078,-0.1432,-0.0299,29.32
1789438742921,197.5865,26.5894,0.4452,-1.0353,0.4673,0.4280,29.31
1789438742931,200.2595,26.4558,0.0614,0.3688,0.3757,0.2143,29.30
1789438742941,198.1356,26.5620,0.3870,-0.5775,0.3147,0.5806,29.33
1789438742951,200.1596,26.4608,-0.0080,0.4299,0.4673,0.2143,29.33
1789438743020,197.4034,26.5988,0.4554,-0.4859,0.6199,0.6111,29.32
1789438743020,199.8247,26.4776,0.1871,0.2467,0.0094,-0.0299,29.32
1789438743020,198.5122,26.5433,0.5189,-0.5164,0.8641,0.6417,29.32
1789438743020,201.1312,26.4122,-0.0302,0.1857,-0.0821,-0.0604,29.32
1789438743020,198.0379,26.5669,0.3826,-0.4248,0.5894,0.5501,29.32
1789438743020,199.4158,26.4979,0.0065,0.1246,-0.1432,0.0006,29.33
1789438743025,197.1984,26.6088,0.3660,-0.6996,0.1621,0.4280,29.32
1789438743031,200.0190,26.4677,-0.0085,0.1246,0.0705,-0.0909,29.32
1789438743041,198.0761,26.5649,0.3632,-0.6385,0.1621,0.3364,29.32
1789438743117,199.5532,26.4911,0.0430,0.5520,0.0094,0.2754,29.32
1789438743117,198.2530,26.5561,0.2605,-0.4248,0.0705,0.4585,29.32
1789438743117,199.1405,26.5118,-0.0225,0.4604,0.2536,0.3669,29.33
1789438743117,196.3296,26.6525,0.3229,-0.4248,0.2842,0.5196,29.31
1789438743117,199.5529,26.4914,0.0405,0.3078,0.0094,0.0922,29.30
1789438743117,196.9337,26.6225,0.3519,-0.1806,0.5589,0.7943,29.33
1789438743118,198.8124,26.5286,-0.0677,0.2162,0.0094,0.0922,29.33
1789438743121,196.9463,26.6221,0.3587,-0.2112,0.3147,0.4585,29.32
1789438743131,198.7159,26.5337,-0.1237,0.0636,0.0400,-0.0299,29.31
1789438743141,196.4940,26.6449,0.3756,-0.4859,0.2536,0.1838,29.33
1789438743217,199.1854,26.5104,0.0508,0.2467,-0.2348,0.0312,29.33
1789438743217,196.8451,26.6274,0.3618,-0.3333,0.2536,0.1838,29.32
1789438743217,199.2647,26.5065,-0.0492,0.3383,0.0400,0.2754,29.31
1789438743217,197.0311,26.6183,0.3494,-0.3638,0.1010,0.2448,29.33
1789438743217,198.2028,26.5597,0.0121,0.5520,0.0705,0.4585,29.32
1789438743217,196.5378,26.6430,0.4472,-0.2112,0.3147,0.3059,29.32
1789438743218,200.0353,26.4682,-0.0880,0.4299,0.0705,0.4585,29.32
1789438743222,197.7706,26.5814,0.3840,0.0941,0.4978,0.5501,29.31
1789438743231,200.1655,26.4617,0.0796,0.3688,-0.4790,0.2143,29.31
1789438743241,198.0364,26.5682,0.5653,-0.1196,0.0705,0.3059,29.30
1789438743317,200.1126,26.4644,0.0262,0.0941,-0.3569,0.0312,29.28
1789438743317,200.2287,26.4587,0.8297,-0.3027,0.2536,0.0006,29.32
1789438743317,199.8055,26.5070,0.1092,0.2467,-0.4484,0.2143,29.32
1789438743317,201.3358,26.4033,0.4867,-0.2417,0.1010,0.1227,29.35
1789438743317,200.5873,26.4408,0.0677,0.4299,-0.1127,0.3364,29.31
1789438743317,201.9523,26.3725,0.4391,-0.1501,0.3452,0.3059,29.31
1789438743319,200.6710,26.4366,0.0156,0.3993,0.0705,0.2754,29.32
1789438743321,201.7244,26.3839,0.5318,0.0636,0.4673,0.4280,29.33
1789438743331,200.6595,26.4372,-0.0647,0.3993,0.0705,0.1533,29.32
1789438743341,201.2954,26.4054,0.6166,-0.1806,0.4978,0.0922,29.32
1789438743351,199.8583,26.4774,0.0039,0.1551,-0.2348,0.1533,29.31
1789438743420,201.8163,26.3795,0.6583,-0.1806,0.1010,0.1227,29.32
1789438743420,199.4670,26.4970,0.0570,0.2467,-0.3569,0.2754,29.32
1789438743420,200.2191,26.4594,0.6535,-0.3638,0.2842,-0.0909,29.33
1789438743420,199.6974,26.4856,0.0696,0.1857,-0.4179,0.2754,29.31
1789438743420,200.7720,26.4319,0.4750,-0.2112,0.1621,0.1533,29.32
1789438743421,200.5958,26.4408,0.0731,0.1857,-0.2042,0.0617,29.31
1789438743425,200.7306,26.4342,0.7766,-0.0585,0.3147,-0.0604,29.32
1789438743431,200.4589,26.4478,-0.0757,0.5214,0.0094,0.4280,29.34
1789438743441,200.6932,26.4362,0.6626,-0.1501,0.3452,0.0312,29.32
1789438743451,199.4528,26.4983,-0.0053,0.5825,-0.0516,0.6417,29.32
1789438743520,201.1104,26.4155,0.8496,0.0941,0.4978,-0.0299,29.32
1789438743520,200.5174,26.4452,-0.0539,0.4604,-0.3263,0.4890,29.32
1789438743520,201.5458,26.3939,0.7453,0.1551,0.7726,0.2754,29.31
1789438743520,200.6400,26.4392,-0.0309,0.1246,-0.3569,0.3975,29.30
1789438743520,201.9201,26.3753,1.4571,-0.0585,0.8641,-0.4878,29.32
1789438743520,200.7325,26.4346,-0.0159,0.0636,-0.4484,0.3059,29.32
1789438743521,201.6295,26.3898,1.0461,0.0330,0.4978,-0.4572,29.32
1789438743531,199.9433,26.4742,0.1450,0.2772,-0.2348,0.4280,29.37
1789438743541,202.4015,26.3513,1.6170,0.1551,0.8336,-0.9762,29.33
1789438743618,200.6712,26.4378,0.0171,0.3078,-0.2958,0.5196,29.32
1789438743618,199.9646,26.4732,0.9249,-0.0585,0.7115,-0.9151,29.32
1789438743618,199.5609,26.4934,0.0804,0.4299,-0.1737,0.6111,29.28
1789438743618,201.3415,26.4045,1.0044,0.0330,0.8336,-0.7625,29.28
1789438743618,201.0262,26.4202,-0.1239,0.4909,-0.2348,0.4585,29.32
1789438743618,201.8116,26.3810,1.0977,0.2772,0.8947,-0.7625,29.32
1789438743619,200.5909,26.4420,-0.0303,0.0025,-0.2958,0.1227,29.31
1789438743623,201.8214,26.3805,1.2589,0.6130,1.2610,-0.7930,29.32
1789438743631,200.7188,26.4356,-0.0470,0.1246,-0.4179,0.2448,29.39
1789438743641,201.1536,26.4139,1.1571,0.3688,1.0168,-1.0372,29.33
1789438743718,199.8990,26.4767,0.0476,0.0330,-0.3569,0.1838,29.27
1789438743718,202.1609,26.3637,1.3087,0.5825,0.9557,-1.1288,29.31
1789438743718,199.6348,26.4899,-0.1400,0.2467,-0.0211,0.3975,29.28
1789438743718,200.1700,26.4633,0.6932,0.5214,1.1083,-0.4572,29.31
1789438743718,199.2825,26.5077,0.0011,0.0636,-0.0821,0.2448,29.32
1789438743718,200.5061,26.4466,0.6675,0.3078,0.8031,-0.4267,29.32
1789438743719,200.2771,26.4581,-0.0145,-0.0585,-0.2042,0.2754,29.32
1789438743721,200.8402,26.4301,1.0231,0.5825,0.5589,-1.1593,29.32
1789438743731,200.7815,26.4331,0.0831,0.0025,-0.2348,0.0312,29.30
1789438743741,200.7216,26.4363,0.9149,0.5520,0.5894,-0.9762,29.31
1789438743751,199.8668,26.4791,0.2006,0.0025,0.0094,0.2754,29.33
1789438743820,201.1432,26.6030,0.8226,0.5214,0.4063,-1.1593,29.32
1789438743820,201.3949,26.4028,0.3103,0.0636,0.0094,0.3364,29.32
1789438743820,197.4934,26.5979,0.7397,0.6130,0.6505,-0.7930,29.33
1789438743820,201.3707,26.4041,0.3126,0.2162,0.2231,0.2448,29.32
1789438743820,197.5052,26.5975,1.0158,1.2540,0.6505,-0.7014,29.33
1789438743820,202.2567,26.3599,0.5078,0.2467,0.1926,0.2448,29.25
1789438743824,197.8772,26.5789,0.8300,0.8572,0.5284,-0.6404,29.31
1789438743831,200.1621,26.4647,0.8611,-0.3638,0.3757,0.9469,29.32
1789438743841,199.9203,26.4768,0.7558,0.6435,0.4673,-1.0067,29.34
1789438743851,202.5717,26.3440,0.2789,0.2467,0.2536,0.3364,29.32
1789438743920,198.5491,26.5450,0.6095,0.5520,0.3757,-0.6709,29.31
1789438743920,202.0957,26.3677,0.4781,0.1857,0.3147,0.4585,29.30
1789438743920,198.5976,26.5426,0.5078,0.3993,0.2536,-0.6099,29.32
1789438743920,202.1881,26.3631,0.5499,0.0941,0.4673,0.4890,29.35
1789438743920,197.9144,26.5768,0.3647,0.5214,0.3452,-0.3962,29.32
1789438743920,201.1274,26.4162,0.7103,-0.1806,0.4368,0.6722,29.32
1789438743921,197.6933,26.5880,0.5361,0.7351,0.4978,-0.4267,29.34
1789438743931,202.3096,26.3572,0.7945,-0.1196,0.3147,0.6111,29.28
1789438743941,197.6368,26.5908,0.4768,0.8267,0.5284,-0.3046,29.32
1789438743951,200.6118,26.4422,0.5769,-0.2112,0.5284,0.7332,29.31
1789438744020,197.2233,26.6116,0.4717,0.6435,0.3147,-0.4878,29.31
1789438744020,201.1516,26.4152,0.3825,0.2772,0.4978,0.3975,29.32
1789438744020,198.0399,26.5708,0.3473,0.3078,0.1926,-0.4267,29.32
1789438744020,201.0299,26.4215,1.0102,-0.5469,0.3757,0.8859,29.32
1789438744020,198.8365,26.5312,0.2664,0.1857,0.1926,-0.3046,29.32
1789438744020,200.4456,26.4508,0.7817,-0.3027,0.3757,0.9774,29.31
1789438744024,196.3364,26.6563,0.3034,0.6435,0.2536,-0.2130,29.32
1789438744031,201.4903,26.3988,0.7605,-0.5164,0.0400,0.3059,29.36
1789438744041,197.3954,26.6036,0.3006,0.6741,0.4368,-0.1215,29.31
1789438744118,201.3921,26.4039,1.0937,-1.0048,0.2842,0.7943,29.31
1789438744118,197.2760,26.6097,0.2853,0.6435,0.4063,-0.0909,29.31
1789438744118,201.3629,26.4054,1.1425,-0.9743,0.4673,1.0385,29.31
1789438744118,197.4774,26.5997,0.2077,0.2162,-0.1127,-0.3351,29.32
1789438744118,201.3342,26.4070,0.9575,-1.0353,0.3757,0.6722,29.32
1789438744118,197.2045,26.6135,0.4368,0.5214,-0.2958,-0.4878,29.33
1789438744119,202.3884,26.3544,1.6311,-1.8900,1.2304,0.7638,29.32
1789438744121,198.1096,26.5683,0.1878,0.4299,-0.1737,-0.1825,29.32
1789438744131,200.0723,26.4702,0.9732,-1.2490,0.4978,0.8553,29.27
1789438744141,196.6626,26.6407,0.1649,0.4299,0.0705,-0.0909,29.31
1789438744151,201.6537,26.3912,0.9109,-1.2795,0.7420,0.5501,29.31
1789438744220,198.6222,26.5427,0.1223,0.5214,0.1926,0.0312,29.33
1789438744220,201.7219,26.3878,1.2301,-1.7679,1.1389,0.5501,29.33
1789438744220,198.7746,26.5351,0.1409,0.5214,0.0705,0.0617,29.30
1789438744220,201.8195,26.3829,0.9369,-1.3711,0.8031,0.5501,29.32
1789438744220,197.9521,26.5762,0.0783,0.2772,-0.1432,0.0006,29.32
1789438744220,200.9520,26.4264,0.9715,-1.3406,0.8947,0.5196,29.27
1789438744223,198.9771,26.5251,0.1451,0.2772,-0.0821,-0.3962,29.30
1789438744231,202.2079,26.3637,0.9827,-1.2795,1.4746,0.7638,29.32
1789438744241,199.7317,26.4874,0.0746,0.3688,0.2536,-0.0909,29.33
1789438744356,198.0782,26.5702,0.4900,-0.7911,0.2842,0.5501,29.28
1789438744356,199.5303,26.4976,0.0310,0.0941,0.0094,-0.3046,29.30
1789438744356,198.3395,26.5572,0.3621,-0.7301,0.2842,0.4585,29.32
1789438744356,199.2047,26.5139,0.0234,0.0636,0.0094,-0.0909,29.32
1789438744356,196.3610,26.6563,0.7138,-1.2490,0.6810,0.4585,29.32
1789438744356,199.5684,26.4959,0.0332,0.0941,-0.0516,-0.1825,29.33
1789438744356,196.9597,26.6265,0.4876,-0.8217,0.4673,0.4890,29.32
1789438744356,199.2966,26.5097,-0.0148,0.3688,0.0400,0.0617,29.32
1789438744356,196.9374,26.6279,0.5209,-0.9132,0.4978,0.4890,29.32
1789438744356,199.1663,26.5164,-0.0648,0.4909,0.4368,-0.0299,29.30
1789438744356,196.4532,26.6522,0.4819,-0.9132,0.4063,0.3059,29.31
1789438744426,199.4421,26.5028,-0.0155,0.4604,0.3452,0.2448,29.32
1789438744426,196.7644,26.6368,0.3651,-0.7301,0.4978,0.5501,29.34
1789438744426,199.2295,26.5135,-0.0309,0.0941,-0.0211,-0.1825,29.31
1789438744426,196.8615,26.6320,0.3825,-0.3943,0.5589,0.7332,29.33
1789438744426,198.2525,26.5625,0.1050,0.3688,-0.2958,0.1838,29.31
1789438744426,196.4527,26.6527,0.4892,-0.7911,0.8641,0.5501,29.31
1789438744432,199.9246,26.4790,0.0815,0.1857,-0.1127,0.0312,29.31
1789438744432,198.3846,26.5560,0.3118,-0.5775,0.3147,0.3669,29.32
1789438744441,200.3575,26.4574,0.1300,0.2467,-0.1127,0.1533,29.34
1789438744536,198.2290,26.5638,0.3614,-0.5775,0.3757,0.3364,29.32
1789438744536,200.1971,26.4654,0.0386,0.4909,0.0705,0.3364,29.33
1789438744536,197.2568,26.6125,0.4062,-0.5469,0.3147,0.3059,29.33
1789438744536,200.0038,26.4751,0.0898,0.4909,0.1010,0.4280,29.30
1789438744536,197.3051,26.6101,0.3763,-0.4248,0.1926,0.4890,29.33
1789438744536,200.1932,26.4657,-0.0199,0.4909,0.2231,0.3364,29.32
1789438744536,197.5535,26.5977,0.3145,-0.2722,0.3757,0.5501,29.32
1789438744536,199.1855,26.5161,-0.0467,0.0330,-0.0211,0.0617,29.30
1789438744536,196.9276,26.6291,0.2977,-0.1196,0.3757,0.6111,29.32
1789438744541,199.7535,26.4877,-0.0285,0.0330,-0.1127,-0.0299,29.30
1789438744617,198.0980,26.5706,0.3907,-0.0280,0.4368,0.5501,29.31
1789438744617,199.1458,26.5183,-0.0413,0.0330,-0.1127,-0.0299,29.30
1789438744617,198.4583,26.5527,0.3042,-0.2112,0.2842,0.3059,29.32
1789438744617,198.8644,26.5324,0.0021,0.1551,-0.2348,0.0922,29.33
1789438744617,196.2920,26.6611,0.3642,-0.4554,0.2231,0.1838,29.32
1789438744617,199.6434,26.4936,0.1069,0.3688,-0.3263,0.0922,29.32
1789438744618,196.9335,26.6292,0.3164,-0.3333,0.2231,0.1533,29.32
1789438744621,198.9065,26.5306,-0.0523,0.2467,0.0705,0.1838,29.32
1789438744631,197.0271,26.6247,0.3471,-0.3027,-0.0211,0.2754,29.32
1789438744641,198.8279,26.5348,-0.0888,0.2772,0.1926,0.3059,29.32
1789438744651,196.3851,26.6570,0.3745,-0.2417,0.1621,0.3669,29.31
1789438744720,199.0030,26.5262,-0.0497,0.5520,0.1926,0.3364,29.31
1789438744720,201.0641,26.4232,0.3991,0.0941,0.2842,0.2448,29.32
1789438744720,199.3673,26.5082,-0.0940,0.5825,0.1621,0.3975,29.31
1789438744720,197.5965,26.5969,0.4804,-0.0585,0.4063,0.3975,29.32
1789438744720,200.4897,26.4522,0.0185,0.4909,0.0705,0.3669,29.31
1789438744720,201.9034,26.3816,0.6234,0.1246,0.5589,0.4890,29.32
1789438744724,201.0632,26.4236,-0.1011,0.1551,0.0094,0.1227,29.35
1789438744731,201.7762,26.3879,0.5586,0.0941,0.4063,0.4890,29.32
1789438744741,199.7280,26.4904,0.1038,0.2467,-0.4179,0.1533,29.35
1789438744818,202.3244,26.3606,0.8570,-0.2417,0.3452,0.0617,29.33
1789438744818,200.9576,26.4289,0.0178,0.0941,-0.2348,-0.0299,29.28
1789438744818,200.3315,26.4603,1.1123,-0.2417,0.5589,-0.4267,29.33
1789438744818,199.7609,26.4888,0.0942,0.1246,-0.4179,0.2143,29.34
1789438744818,201.2143,26.4162,0.5735,-0.2417,0.1010,0.0922,29.33
1789438744818,200.8825,26.4328,0.0453,0.1857,-0.2042,0.1838,29.32
1789438744819,201.3959,26.4071,0.5230,-0.1806,0.2536,0.1227,29.32
1789438744821,200.3070,26.4617,0.0490,0.2772,-0.0821,0.3364,29.32
1789438744831,201.6758,26.3932,0.8056,-0.0891,0.2842,0.0922,29.31
1789438744841,200.6347,26.4453,-0.0242,0.5214,0.0705,0.4890,29.32
1789438744851,201.1097,26.4216,0.7887,0.0636,0.6505,0.1838,29.32
1789438744919,199.8763,26.4834,0.0599,0.2162,-0.4179,0.4280,29.30
1789438744919,202.1476,26.3698,1.0559,0.1857,0.7115,0.1533,29.31
1789438744919,199.6296,26.4957,0.0034,0.0636,-0.4179,0.3059,29.34
1789438744919,200.3020,26.4622,0.7765,0.1246,0.5894,0.0617,29.32
1789438744919,199.7441,26.4902,0.0467,0.0941,-0.4179,0.2143,29.31
1789438744919,200.4406,26.4554,0.6926,-0.2417,0.3147,-0.1520,29.32
1789438744924,200.1324,26.4709,0.0994,0.0941,-0.3569,0.2143,29.31
1789438744931,200.9428,26.4305,1.0056,-0.0585,0.5284,-0.4878,29.36
1789438744941,200.6457,26.4454,-0.0516,0.4299,-0.0211,0.5501,29.32
1789438744951,200.4836,26.4536,0.7827,0.0330,0.5589,-0.2436,29.35
1789438745020,199.7439,26.4907,0.0016,0.4604,-0.0821,0.6111,29.28
1789438745020,201.0452,26.4257,1.0855,0.3383,0.9862,-0.3351,29.31
1789438745020,200.6842,26.4438,-0.0445,0.3383,-0.0516,0.3364,29.32
1789438745021,201.4706,26.4046,1.0556,0.4909,1.0473,-0.3351,29.32
1789438745021,200.1202,26.4721,0.0137,0.0330,-0.4179,0.1838,29.32
1789438745021,201.4702,26.4048,1.3577,0.4604,1.2610,-0.7320,29.32
1789438745021,200.6194,26.4473,0.0589,0.0941,-0.5400,0.3364,29.30
1789438745031,201.8087,26.3879,1.1401,0.6130,1.0778,-0.4572,29.33
1789438745041,199.9190,26.4824,0.1254,0.1246,-0.3263,0.3364,29.33
1789438745051,202.2663,26.3651,1.4741,0.5520,0.8641,-0.8541,29.31
1789438745120,200.4763,26.4546,0.0023,0.0636,-0.2958,0.3364,29.30
1789438745120,200.0788,26.4745,0.8296,0.2162,0.7420,-0.8541,29.33
1789438745120,199.3361,26.5116,0.0551,0.1246,-0.2958,0.3059,29.31
1789438745120,201.1784,26.4196,0.7232,0.0941,0.6810,-0.8541,29.33
1789438745120,200.7676,26.4401,0.0536,0.1857,-0.1737,0.3669,29.36
1789438745120,201.5559,26.4007,0.8573,0.1246,0.7726,-0.9762,29.33
1789438745124,200.3034,26.4634,0.1182,0.3383,-0.1432,0.4585,29.31
1789438745131,201.8639,26.3854,1.0116,0.4909,0.6505,-1.0372,29.31
1789438745141,200.2622,26.4654,-0.0685,0.4909,0.1926,0.6111,29.33
1789438745218,201.1129,26.4230,0.9311,0.7656,0.7420,-0.8235,29.32
1789438745218,200.1730,26.4701,0.0537,0.3688,0.2231,0.6722,29.34
1789438745218,202.1043,26.3736,1.1388,1.1930,0.9252,-1.1288,29.33
1789438745218,199.7226,26.4926,-0.1294,0.0941,0.1926,0.2754,29.32
1789438745218,200.4076,26.4584,0.5704,0.4909,0.9252,-0.4572,29.31
1789438745218,201.0398,26.4269,0.0130,0.1246,-0.0211,0.0312,29.34
1789438745219,200.5322,26.5508,0.4072,-0.9743,0.2842,-0.6709,29.32
1789438745221,200.3711,26.4605,0.1275,-0.0585,-0.1737,0.0617,29.31
1789438745231,196.6656,26.6458,0.7697,0.6130,0.4673,-1.0372,29.32
1789438745241,201.0173,26.4284,0.3540,-0.0585,-0.1127,0.0006,29.33
1789438745318,197.6429,26.5972,0.6584,0.5825,0.5284,-0.7320,29.32
1789438745318,201.2613,26.4163,0.4338,0.0636,-0.0516,0.2143,29.32
1789438745318,197.3632,26.6113,0.7919,1.0404,0.6505,-0.5793,29.32
1789438745318,201.6911,26.3949,0.1865,0.2162,0.2842,0.2143,29.31
1789438745318,197.4902,26.6050,0.6677,0.4909,0.3757,-0.7930,29.30
1789438745318,201.6746,26.3957,0.5011,0.0330,0.3757,0.4585,29.31
1789438745319,197.5194,26.6036,0.7391,0.6741,0.2536,-0.9456,29.32
1789438745323,202.2636,26.3663,0.8854,-0.0891,0.2231,0.5501,29.27
1789438745331,198.2431,26.5674,0.4701,0.4909,0.3147,-0.4878,29.31
1789438745342,200.0520,26.4770,0.9483,-0.6690,0.4978,0.9164,29.29
1789438745420,196.9200,26.6336,0.5322,0.8877,0.4673,-0.6404,29.31
1789438745420,201.3357,26.4129,0.6569,-0.1501,0.5894,0.7943,29.30
1789438745420,198.2410,26.5676,0.3149,0.4909,0.5894,-0.0604,29.31
1789438745420,202.0368,26.3779,0.8014,-0.1806,0.3757,0.6722,29.34
1789438745420,198.5649,26.5515,0.4825,0.7046,0.5894,-0.3046,29.30
1789438745420,202.1864,26.3704,0.8804,-0.3333,0.3452,0.6722,29.31
1789438745420,197.9109,26.5842,0.3911,0.3993,0.0400,-0.5183,29.32
1789438745421,201.3727,26.4111,0.8309,-0.3943,0.1621,0.6417,29.32
1789438745431,197.8468,26.5875,0.4793,0.4604,-0.0211,-0.6709,29.33
1789438745441,202.5406,26.3528,1.0723,-0.6996,0.5589,0.7943,29.32
1789438745518,197.8662,26.5865,0.3247,0.4604,0.2231,-0.4572,29.33
1789438745518,200.8059,26.4396,0.6459,-0.6385,0.1010,0.5196,29.38
1789438745518,197.3397,26.6129,0.2877,0.5825,0.2231,-0.2130,29.32
1789438745518,201.0071,26.4296,0.4642,-0.5469,0.1926,0.2448,29.31
1789438745518,198.1711,26.5714,0.2775,0.5825,0.4368,-0.0604,29.31
1789438745518,201.0961,26.4253,1.1571,-1.0048,0.3452,0.6722,29.32
1789438745520,198.8703,26.5366,0.2715,0.2772,0.1010,-0.3351,29.31
1789438745524,200.4629,26.4571,0.9298,-0.9438,0.2842,0.6417,29.31
1789438745531,196.3450,26.6630,0.1815,0.2467,0.0094,-0.2741,29.32
1789438745541,201.4980,26.4055,1.1397,-1.3101,0.3757,0.7332,29.32
1789438745617,200.7712,26.4418,0.1596,0.2467,-0.0211,-0.2741,29.32
1789438745617,202.4434,26.3581,0.8242,-1.1574,0.3757,0.7027,29.29
1789438745617,197.8143,26.5895,0.1245,0.3078,0.1621,-0.0604,29.32
1789438745617,201.5141,26.4046,1.3144,-1.6764,0.8641,0.8553,29.26
1789438745617,197.3258,26.6140,0.1260,0.5520,0.2536,-0.0604,29.32
1789438745617,201.2848,26.4162,0.8697,-1.0964,0.4978,0.4585,29.32
1789438745618,197.1776,26.6216,0.3625,0.5214,-0.0821,-0.3046,29.32
1789438745621,202.3736,26.3619,1.3764,-1.9816,1.4746,0.5806,29.32
1789438745631,198.2351,26.5687,0.1453,0.4299,-0.1432,-0.2741,29.34
1789438745641,199.9535,26.4829,0.7703,-1.0353,0.6505,0.8859,29.32
1789438745718,200.0378,26.4787,0.0977,0.1857,0.0705,-0.0604,29.31
1789438745718,201.5367,26.5864,0.7472,-1.0048,0.9252,0.5196,29.33
1789438745718,200.0791,26.4767,0.0439,0.3993,-0.0211,0.1838,29.33
1789438745718,201.9137,26.3851,0.9818,-1.0964,1.4746,0.9164,29.32
1789438745718,199.9272,26.4843,0.0895,0.5825,0.4368,0.2448,29.32
1789438745718,197.2610,26.6177,0.7812,-0.8827,1.1694,0.6722,29.31
1789438745719,200.3182,26.4647,0.0002,0.0330,-0.0516,-0.1215,29.30
1789438745723,197.3256,26.6144,0.7167,-1.0659,0.8336,0.5501,29.32
1789438745731,199.4738,26.5070,0.0620,0.0636,-0.0516,-0.2436,29.33
1789438745741,197.1976,26.6209,0.6408,-1.1269,0.6810,0.4890,29.32
1789438745751,200.0204,26.4797,0.0017,0.2467,0.0094,-0.0604,29.31
1789438745820,197.9365,26.5840,0.3925,-0.7606,0.3147,0.4585,29.31
1789438745820,199.5306,26.5044,0.0516,0.2467,0.0705,0.0617,29.31
1789438745820,198.7654,26.5426,0.2536,-0.5775,0.0400,0.3975,29.32
1789438745820,199.0215,26.5298,0.0006,0.4299,0.3757,0.2143,29.32
1789438745820,196.3740,26.6623,0.5196,-0.8522,0.4673,0.5196,29.31
1789438745820,199.6833,26.4969,0.1355,0.4299,0.2842,0.1533,29.31
1789438745821,196.9561,26.6334,0.3954,-0.6996,0.3757,0.5196,29.31
1789438745831,198.9707,26.5327,-0.0584,0.2772,0.3147,-0.0604,29.31
1789438745841,196.8784,26.6374,0.4026,-0.5164,0.5894,0.6722,29.33
1789438745851,199.1433,26.5242,-0.1070,0.0636,0.1315,-0.1825,29.33
1789438745920,196.4414,26.6595,0.4017,-0.3333,0.6810,0.7943,29.31
1789438745920,199.4361,26.5098,-0.0160,0.1857,-0.0821,-0.0299,29.31
1789438745920,196.7613,26.6436,0.3488,-0.3638,0.5284,0.5501,29.32
1789438745920,199.2298,26.5201,-0.0430,0.0636,-0.0516,-0.0299,29.32
1789438745920,197.0361,26.6299,0.3497,-0.2722,0.4063,0.6111,29.31
1789438745920,198.5967,26.5518,0.1079,0.2467,-0.2653,0.0006,29.31
1789438745924,196.2717,26.6682,0.3976,-0.5775,0.4978,0.3669,29.31
1789438745931,199.8950,26.4870,0.0087,0.1551,-0.0516,0.0312,29.34
1789438745941,197.8469,26.5894,0.3968,-0.5469,0.3147,0.3975,29.32
1789438745951,200.0571,26.4790,0.1362,0.5214,-0.0211,0.3364,29.32
1789438746020,198.1641,26.5737,0.3287,-0.4248,0.1621,0.2754,29.31
1789438746020,200.5015,26.4568,-0.0341,0.3688,0.1621,0.3669,29.31
1789438746020,197.0612,26.6289,0.4288,-0.3638,0.2842,0.2754,29.31
1789438746020,199.9125,26.4863,0.1535,0.5825,-0.0516,0.4890,29.31
1789438746020,197.2533,26.6193,0.3207,-0.3333,0.2842,0.3059,29.32
1789438746020,200.3116,26.4664,-0.0454,0.5825,0.2231,0.3669,29.32
1789438746021,197.3231,26.6158,0.3270,-0.2722,0.3757,0.4280,29.32
1789438746031,199.3085,26.5166,-0.0620,0.4299,-0.1127,0.2143,29.31
1789438746041,197.0701,26.6285,0.3317,0.0636,0.4978,0.6111,29.31
1789438746118,199.9132,26.4863,-0.0464,0.2162,-0.2042,0.0312,29.32
1789438746118,197.9843,26.5828,0.3991,0.0330,0.6199,0.5196,29.32
1789438746118,199.5118,26.5065,0.0042,0.2772,-0.2042,0.0922,29.31
1789438746118,198.2827,26.5680,0.4089,-0.0585,0.3452,0.4280,29.32
1789438746118,199.2890,26.5177,0.0118,0.1857,-0.1432,0.0617,29.32
1789438746118,196.4643,26.6590,0.4483,-0.4554,0.2842,0.2448,29.32
1789438746119,199.7259,26.4960,0.1212,0.3688,-0.3874,0.1227,29.32
1789438746123,197.1458,26.6250,0.3198,-0.3333,0.0705,0.2448,29.30
1789438746131,199.3999,26.5124,-0.0224,0.1551,-0.0211,0.0006,29.30
1789438746141,201.2010,26.4225,0.4665,-0.3027,0.1010,0.2143,29.32
1789438746218,199.1945,26.5228,-0.0446,0.2772,0.1926,0.1227,29.32
1789438746219,200.9818,26.4335,0.3965,-0.1501,0.4063,0.3364,29.33
1789438746219,199.6006,26.5027,0.0198,0.5520,0.0705,0.4280,29.32
1789438746219,201.1953,26.4230,0.4512,0.0025,0.2231,0.3364,29.32
1789438746219,201.1358,26.4260,-0.0535,0.4909,0.3147,0.2448,29.32
1789438746219,201.7184,26.3969,0.5729,-0.0585,0.3452,0.3669,29.31
1789438746220,200.4480,26.4604,0.0054,0.5825,0.0705,0.3975,29.31
1789438746222,201.9839,26.3837,0.7651,0.1857,0.5589,0.4890,29.32
1789438746231,201.0815,26.4288,-0.0698,0.0636,-0.1737,0.0617,29.32
1789438746241,201.9298,26.3863,0.6777,0.1246,0.6199,0.3059,29.31
1789438746318,199.7978,26.4930,0.1183,0.0941,-0.4179,0.1838,29.31
1789438746318,202.3706,26.3644,1.1112,-0.1501,0.3757,0.0006,29.32
1789438746318,200.9080,26.4375,0.0477,0.1551,-0.4179,0.1838,29.32
1789438746318,200.1127,26.4773,1.0325,-0.2112,0.7420,-0.4267,29.34
1789438746318,199.4691,26.5095,0.1273,0.2467,-0.4484,0.3669,29.31
1789438746318,201.2641,26.4198,0.7686,-0.1196,0.2536,-0.0604,29.32
1789438746320,200.8142,26.4423,0.1319,0.3078,-0.2958,0.2448,29.31
1789438746324,201.8538,26.3903,0.7645,-0.2112,0.2536,-0.0299,29.30
1789438746331,200.9029,26.4379,0.0299,0.3383,-0.1432,0.5196,29.32
1789438746341,201.8406,26.3910,0.7756,-0.1501,0.2231,-0.2436,29.31
1789438746418,200.7204,26.4470,-0.0858,0.5825,-0.0211,0.5501,29.33
1789438746418,201.3667,26.4147,0.8912,0.2772,0.5894,0.0922,29.31
1789438746418,199.9080,26.4877,-0.0652,0.3383,-0.0516,0.3975,29.32
1789438746418,202.1605,26.3751,1.2394,0.2772,0.9862,-0.0909,29.32
1789438746418,199.6363,26.5013,-0.0314,0.2162,-0.3263,0.3669,29.31
1789438746418,200.3087,26.4678,0.9041,0.3993,0.8336,-0.0909,29.31
1789438746419,196.4265,26.6622,0.1735,0.1857,-0.5705,0.5501,29.33
1789438746421,199.5681,26.5053,0.7644,0.2467,0.4978,0.0922,29.35
1789438746431,199.9780,26.4850,-0.0199,0.5520,-0.0516,0.6111,29.33
1789438746441,201.4908,26.4094,1.0267,0.2467,0.7115,-0.3351,29.32
1789438746451,200.8435,26.4418,-0.1454,0.3688,0.1315,0.4585,29.31
1789438746520,201.2911,26.4195,0.8326,0.3078,0.6505,-0.0604,29.31
1789438746520,200.0331,26.4824,-0.0617,0.1551,-0.2348,0.2448,29.31
1789438746520,201.6231,26.4030,1.0320,0.2772,1.1389,-0.3351,29.32
1789438746520,201.2662,26.4208,-0.0369,0.3078,-0.4484,0.3975,29.32
1789438746520,201.4939,26.4095,0.9880,0.1246,1.0778,-0.4572,29.32
1789438746520,200.3366,26.4673,-0.0411,0.1857,-0.3569,0.2143,29.37
1789438746524,201.9232,26.3881,1.5489,0.1246,1.0473,-1.1898,29.33
1789438746531,200.4873,26.4598,0.1016,0.0636,-0.2042,0.3975,29.31
1789438746541,201.9849,26.3850,1.1068,0.1246,0.7726,-1.0677,29.31
1789438746636,199.8223,26.4932,0.3353,0.1551,-0.3569,0.4585,29.34
1789438746636,202.6187,26.3534,1.7152,0.6435,0.9557,-1.6477,29.33
1789438746636,200.7598,26.4462,0.0138,0.1857,-0.2348,0.3975,29.31
1789438746636,200.2670,26.4709,0.8117,0.3078,0.8031,-1.0983,29.33
1789438746636,199.4225,26.5131,0.0332,0.3993,-0.1127,0.6417,29.32
1789438746636,201.2402,26.4222,0.8186,0.1857,0.7115,-1.0677,29.30
1789438746636,200.8042,26.4440,-0.0515,0.4299,0.1315,0.4890,29.32
1789438746636,202.0630,26.3811,0.9421,0.5825,0.9557,-0.8235,29.32
1789438746636,200.7321,26.4477,0.0241,0.2467,-0.2348,0.4280,29.32
1789438746641,201.7587,26.3964,1.0763,0.9183,0.9557,-0.6709,29.31
1789438746651,200.4844,26.4600,-0.0203,0.1246,-0.2348,0.1227,29.28
1789438746720,201.2149,26.4236,1.1051,0.8572,1.0168,-0.9151,29.31
1789438746720,199.7509,26.4969,0.2099,0.0025,-0.1127,0.2143,29.20
1789438746720,202.0311,26.3829,1.1334,0.7656,0.8031,-1.3425,29.30
1789438746720,199.9972,26.4845,-0.0392,0.1246,-0.0821,0.2143,29.32
1789438746720,200.5481,26.4570,0.5212,0.1551,0.4368,-0.7320,29.32
1789438746720,201.1298,26.4280,0.2770,0.0025,-0.2042,0.1227,29.31
1789438746725,200.7507,26.5555,0.3761,-0.9132,0.1315,-0.7625,29.31
1789438746731,200.5104,26.4591,0.1605,0.1246,0.0094,0.1227,29.28
1789438746741,196.5542,26.6571,0.7670,0.9183,0.4368,-0.9151,29.32
1789438746751,201.6019,26.4047,0.3028,0.1246,0.1926,0.2143,29.31
1789438746820,197.9860,26.5856,0.6551,0.6741,0.7726,-0.4267,29.32
1789438746820,201.4385,26.4130,0.3720,-0.3333,0.2231,-0.1825,29.30
1789438746821,197.5674,26.6066,0.7129,0.6435,0.5284,-0.6709,29.32
1789438746821,201.2694,26.4216,0.5713,0.0941,0.1621,0.6111,29.30
1789438746821,197.5419,26.6080,0.6799,0.5214,0.3147,-0.7014,29.31
1789438746821,201.6775,26.4012,0.4643,0.2162,0.4063,0.4890,29.33
1789438746821,197.5196,26.6092,0.7553,0.8572,0.3452,-0.9456,29.33
1789438746831,202.2941,26.3704,0.8366,0.1246,0.4368,0.6417,29.32
1789438746841,198.2628,26.5720,0.5849,0.5520,0.3452,-0.6709,29.31
1789438746851,200.0757,26.4814,1.0235,-0.6385,0.4063,1.0690,29.30
1789438746920,196.9263,26.6389,0.6524,1.1014,0.6199,-0.6404,29.32
1789438746920,201.5442,26.4080,0.6641,-0.4859,0.0400,0.4890,29.32
1789438746920,198.6938,26.5506,0.4375,0.5520,0.5284,-0.2436,29.32
1789438746920,201.7591,26.3973,0.8702,-0.3027,0.5589,0.5501,29.33
1789438746920,198.7936,26.5456,0.5134,0.5214,0.4063,-0.4572,29.32
1789438746920,201.8392,26.3933,0.7536,-0.5469,0.2536,0.3669,29.32
1789438746925,197.9792,26.5863,0.3505,0.3383,0.1010,-0.3657,29.31
1789438746931,201.1603,26.4273,0.9066,-0.8217,0.1621,0.4585,29.30
1789438746941,197.6830,26.6012,0.4389,0.4909,0.2536,-0.6404,29.33
1789438746951,202.5113,26.3598,0.9336,-0.6385,0.1315,0.4585,29.32
1789438747020,198.1157,26.5796,0.3429,0.5520,0.2231,-0.3657,29.32
1789438747020,200.7202,26.4495,0.6212,-0.5775,0.1315,0.5501,29.30
1789438747020,196.9099,26.6400,0.3560,0.7656,0.4978,-0.1520,29.32
1789438747020,201.0565,26.4327,0.4177,-0.3333,0.1621,0.1838,29.30
1789438747020,198.3117,26.5699,0.3155,0.6741,0.4978,-0.0909,29.32
1789438747020,201.1677,26.4273,1.0531,-0.9438,0.1621,0.6111,29.32
1789438747020,198.3665,26.5674,0.2744,0.3383,0.4063,-0.1215,29.33
1789438747031,200.1894,26.4764,0.8531,-1.0048,0.2842,0.5806,29.32
1789438747041,196.5611,26.6579,0.2657,0.4909,-0.0211,-0.2741,29.33
1789438747051,201.1134,26.4304,1.0169,-1.1574,0.2536,0.7638,29.32
1789438747120,197.4617,26.6130,0.1846,0.2467,0.1010,-0.3657,29.34
1789438747120,201.4055,26.4159,1.1888,-1.4016,0.6199,0.8859,29.33
1789438747120,197.8257,26.5949,0.1555,0.2772,-0.0211,-0.1520,29.32
1789438747120,201.4957,26.4115,1.2398,-1.5848,0.8336,0.7027,29.31
1789438747120,197.3183,26.6204,0.1070,0.4299,-0.0211,-0.0299,29.33
1789438747120,201.3514,26.4188,0.9249,-1.2490,0.5894,0.6417,29.33
1789438747124,197.2481,26.6240,0.2690,0.7656,0.3147,-0.0909,29.32
1789438747131,202.2908,26.3719,1.4929,-1.9206,1.3525,0.7638,29.32
1789438747141,198.2647,26.5732,0.1575,0.3383,-0.0821,0.0006,29.34
1789438747151,199.9547,26.4887,0.8369,-1.3101,0.6810,0.6722,29.33
1789438747220,196.7125,26.6509,0.1051,0.2772,-0.0516,-0.1520,29.32
1789438747220,201.6814,26.4025,0.8121,-1.1269,0.8641,0.8248,29.32
1789438747220,198.6432,26.4839,0.0391,0.1551,-0.0516,-0.2741,29.34
1789438747220,201.9499,26.3891,1.0795,-1.5543,1.3220,0.5501,29.32
1789438747220,199.9589,26.4885,0.1068,0.2162,0.1010,-0.0299,29.32
1789438747220,202.0439,26.3844,0.8536,-0.9132,1.1389,0.8859,29.33
1789438747220,200.3178,26.4706,-0.0013,0.3993,0.3147,0.1533,29.31
1789438747231,197.3259,26.6203,0.7680,-1.2490,0.8031,0.5196,29.32
1789438747241,199.3104,26.5211,0.0910,0.4909,0.2536,-0.1215,29.32
1789438747319,196.9294,26.6402,0.7536,-0.9743,1.1999,0.7638,29.33
1789438747319,200.0272,26.4852,0.0026,0.0941,0.1315,-0.2130,29.32
1789438747319,197.5853,26.6076,0.6158,-1.0048,0.7420,0.3975,29.32
1789438747319,199.5927,26.5072,0.0231,0.0330,-0.0211,-0.1215,29.31
1789438747319,198.6243,26.5556,0.2869,-0.4554,0.1926,0.5501,29.32
1789438747319,199.3791,26.5178,-0.0041,0.0330,-0.0821,-0.1520,29.35
1789438747320,196.3564,26.6691,0.6839,-1.1574,0.8641,0.4280,29.31
1789438747321,200.0037,26.4868,0.0525,0.1857,0.0705,-0.0299,29.31
1789438747331,197.2701,26.6236,0.4168,-0.7301,0.3452,0.4890,29.33
1789438747341,199.2977,26.5222,-0.0394,0.1551,0.1315,-0.0299,29.32
1789438747419,197.0354,26.6354,0.4653,-0.8827,0.4978,0.3975,29.31
1789438747419,199.2190,26.5263,-0.0621,0.5214,0.2536,0.1227,29.32
1789438747419,196.8384,26.6454,0.4140,-0.8522,0.4673,0.4585,29.31
1789438747419,199.3258,26.5211,0.0308,0.5520,0.3147,0.2143,29.32
1789438747419,196.7343,26.6507,0.3810,-0.6690,0.4063,0.5806,29.32
1789438747419,199.7720,26.4988,-0.0721,0.5214,0.3452,0.2448,29.32
1789438747420,197.0057,26.6372,0.3159,-0.6080,0.4673,0.5196,29.31
1789438747421,198.1214,26.5814,0.0725,0.3993,-0.1127,0.0922,29.34
1789438747431,196.6406,26.6555,0.3064,-0.1806,0.4673,0.7943,29.33
1789438747441,199.7429,26.5004,0.0430,0.0941,-0.1737,0.0312,29.32
1789438747451,197.7946,26.5978,0.3669,-0.1806,0.7420,0.7638,29.32
1789438747520,200.3724,26.4690,0.0782,0.0636,-0.1127,0.0312,29.32
1789438747521,198.1934,26.5780,0.3770,-0.4248,0.5284,0.4890,29.33
1789438747521,200.1889,26.4782,0.0194,0.1551,-0.2042,0.0312,29.33
1789438747521,197.4169,26.6169,0.4649,-0.5164,0.2536,0.1838,29.31
1789438747521,200.0858,26.4834,0.1268,0.2162,-0.2042,0.0922,29.34
1789438747521,197.5150,26.6121,0.3444,-0.5164,0.1621,0.3364,29.34
1789438747521,200.6192,26.4568,-0.0068,0.3688,0.1010,0.2448,29.32
1789438747531,197.3808,26.6187,0.2979,-0.5164,0.1010,0.3364,29.31
1789438747541,199.3385,26.5209,0.0344,0.4909,0.1010,0.3364,29.32
1789438747551,197.2299,26.6263,0.2995,-0.4248,0.1926,0.3364,29.33
1789438747621,200.0316,26.4862,0.0071,0.4909,0.2231,0.4890,29.32
1789438747621,198.3164,26.5720,0.3005,-0.3333,0.2231,0.3364,29.30
1789438747621,199.6547,26.5051,-0.0077,0.4604,0.2231,0.3669,29.29
1789438747621,198.6564,26.5550,0.2880,-0.0891,0.1621,0.5196,29.32
1789438747621,199.3645,26.5197,0.0010,0.2467,0.0094,0.2143,29.34
1789438747621,196.4442,26.6658,0.3623,-0.0280,0.4063,0.6111,29.33
1789438747621,199.6111,26.5075,0.0463,0.2772,-0.3874,0.0617,29.32
1789438747631,196.8287,26.6466,0.3448,-0.0280,0.4368,0.6417,29.32
1789438747641,199.1988,26.5282,-0.0572,0.1857,-0.0211,0.1838,29.32
1789438747651,196.8899,26.6438,0.4362,-0.1806,0.1010,0.3669,29.32
1789438747721,199.1420,26.5312,-0.0722,0.0636,-0.1737,-0.0604,29.31
1789438747721,196.7990,26.6485,0.3971,-0.3333,0.1010,0.2754,29.32
1789438747721,199.4765,26.5147,0.0511,0.1246,-0.2958,0.0617,29.31
1789438747721,201.1734,26.4299,0.4248,-0.2722,0.1010,0.2448,29.31
1789438747721,199.5522,26.5110,-0.0328,0.3383,0.0400,0.3364,29.37
1789438747721,201.7108,26.4030,0.4869,-0.2112,0.1926,0.2754,29.32
1789438747721,200.4467,26.4663,0.0306,0.3383,0.1010,0.1838,29.36
1789438747731,201.6966,26.4039,0.5353,-0.0891,0.2231,0.3975,29.32
1789438747741,201.0268,26.4374,0.0015,0.4909,0.2536,0.3669,29.31
1789438747817,201.7584,26.4008,0.4581,0.0330,0.5589,0.4585,29.31
1789438747817,199.7179,26.5029,0.0908,0.5214,-0.0516,0.4890,29.32
1789438747817,202.5583,26.3609,0.8163,0.1551,0.4978,0.4280,29.32
1789438747817,200.7438,26.4516,-0.0271,0.4604,-0.2653,0.4890,29.33
1789438747817,200.2368,26.4770,0.9648,0.2467,0.7420,0.0312,29.32
1789438747817,199.5950,26.5091,0.0480,0.2772,-0.3874,0.1838,29.31
1789438747819,201.3200,26.4228,0.7151,0.0025,0.2536,0.2754,29.31
1789438747821,200.8535,26.4461,0.0118,0.0636,-0.2348,0.2143,29.34
1789438747831,202.0798,26.3848,0.6336,-0.2417,0.1010,0.1838,29.32
1789438747841,200.7406,26.4518,0.0214,0.0636,-0.2348,0.1838,29.33
1789438747851,201.7619,26.4008,0.8001,-0.2722,0.4063,-0.0299,29.32
1789438747920,200.6908,26.4543,0.0190,0.2772,-0.3263,0.2448,29.31
1789438747920,201.3206,26.4229,0.8538,-0.1196,0.2842,-0.1215,29.31
1789438747920,199.8050,26.4987,0.0924,0.3383,-0.4484,0.5196,29.32
1789438747920,202.0574,26.3861,0.8395,-0.2112,0.2536,-0.1825,29.31
1789438747920,200.0106,26.4884,0.0552,0.3993,-0.3263,0.5501,29.32
1789438747920,200.1209,26.4829,0.6536,-0.1196,0.4673,-0.1825,29.32
1789438747924,199.5564,26.5112,0.0737,0.4909,-0.1737,0.5806,29.39
1789438747931,200.6588,26.4562,0.5915,-0.0891,0.3757,0.0617,29.33
1789438747941,200.3485,26.4718,-0.0285,0.5520,-0.1127,0.5501,29.32
1789438748018,201.0980,26.4344,0.9969,0.0941,0.6199,-0.3046,29.32
1789438748018,200.7290,26.4529,-0.1350,0.4604,0.1926,0.3975,29.31
1789438748018,200.7029,26.4543,0.7919,0.1246,0.5589,0.0617,29.32
1789438748018,199.7333,26.5029,-0.0285,0.2162,-0.2653,0.3364,29.34
1789438748018,201.3127,26.4240,1.1651,0.3993,1.1083,-0.3962,29.32
1789438748018,200.7014,26.4546,-0.0068,0.0941,-0.4790,0.4280,29.34
1789438748020,201.6802,26.4057,1.1340,0.3078,1.1389,-0.3657,29.33
1789438748021,200.7130,26.4540,-0.0277,0.0330,-0.2348,0.2448,29.36
1789438748031,201.7531,26.4021,1.5157,0.5520,1.1999,-0.8235,29.33
1789438748041,200.5701,26.4612,0.0725,0.0636,-0.3263,0.3975,29.31
1789438748051,201.8217,26.3986,0.9375,0.1551,0.7115,-0.6709,29.32
1789438748120,199.8513,26.4972,0.2549,0.4604,0.1010,0.7027,29.30
1789438748120,202.2692,26.3764,1.4120,0.5825,1.0778,-0.9151,29.31
1789438748120,200.5880,26.4604,-0.0398,0.2162,-0.0821,0.4280,29.30
1789438748120,200.3472,26.4725,0.9618,0.3078,1.1999,-0.7930,29.35
1789438748120,199.3907,26.5203,-0.0294,0.0941,-0.4484,0.2143,29.36
1789438748120,201.4094,26.4194,0.9194,0.4909,1.1694,-0.7320,29.29
1789438748124,201.1874,26.4305,-0.0615,0.1551,-0.2653,0.1838,29.29
1789438748131,203.9670,26.2913,0.7834,0.3383,0.9252,-0.4572,29.31
1789438748141,201.7080,26.4041,-0.0224,0.0330,-0.3874,0.2448,29.32
1789438748151,202.2485,26.3770,1.0498,0.1246,0.7115,-1.0677,29.31
1789438748220,200.4029,26.4692,0.0208,-0.0280,-0.2348,0.1227,29.32
1789438748220,201.0825,26.4353,0.9535,0.4604,0.7115,-0.9456,29.33
1789438748220,199.6004,26.5095,0.2617,0.1551,-0.1432,0.2754,29.37
1789438748220,201.9456,26.3923,1.1110,0.6741,0.6505,-1.3425,29.33
1789438748220,199.9509,26.4920,-0.0298,0.2772,-0.0516,0.4585,29.32
1789438748220,200.0891,26.4851,0.4550,0.2162,0.5284,-0.5793,29.34
1789438748220,199.5428,26.4336,0.3129,0.3688,0.0400,0.4585,29.31
1789438748231,200.6519,26.4571,0.2512,0.4299,-0.2348,-0.3351,29.35
1789438748241,200.3423,26.4674,0.0819,0.1246,0.2536,0.2448,29.28
1789438748251,196.7048,26.6547,0.9031,1.0404,0.8336,-0.7930,29.31
1789438748320,201.1870,26.4306,0.2518,0.2772,0.2231,0.2143,29.30
1789438748320,197.5018,26.6149,0.7898,0.6435,0.6199,-0.8541,29.31
1789438748320,201.2162,26.4293,0.2521,0.2162,-0.2042,0.2448,29.31
1789438748320,197.7009,26.6051,0.6662,0.5520,0.4673,-0.7625,29.32
1789438748320,201.4580,26.4173,0.5705,-0.1196,-0.0516,0.2754,29.31
1789438748320,197.7589,26.6023,0.5332,0.3688,0.3452,-0.7014,29.33
1789438748324,201.3561,26.4225,0.1312,-0.0280,0.0094,0.0006,29.32
1789438748331,197.3284,26.6240,0.8614,1.1014,0.5284,-0.9151,29.32
1789438748341,202.2169,26.3795,0.8502,-0.3333,0.0400,0.1838,29.32
1789438748417,198.0141,26.5897,0.7123,1.0098,0.8031,-0.5793,29.31
1789438748417,200.1782,26.4815,0.9303,-0.8522,0.1315,0.7027,29.32
1789438748417,196.7232,26.6543,0.7628,0.9793,0.2842,-0.9762,29.33
1789438748417,201.4247,26.4192,0.5709,-0.4248,0.1926,0.1838,29.32
1789438748417,198.4547,26.5677,0.4676,0.3993,0.2231,-0.6404,29.30
1789438748417,202.0854,26.3862,0.9428,-0.6080,0.0705,0.3364,29.34
1789438748418,198.7235,26.5543,0.4475,0.3993,0.3147,-0.4878,29.32
1789438748421,202.2659,26.3772,0.8157,-0.5775,0.2536,0.3059,29.32
1789438748431,197.9518,26.5929,0.3579,0.3993,0.1621,-0.5793,29.32
1789438748441,201.3970,26.4206,0.8427,-0.6080,0.1010,0.4585,29.36
1789438748568,197.8620,26.5974,0.4886,0.7046,0.3147,-0.6404,29.33
1789438748568,202.5501,26.3630,1.1280,-0.8217,0.1315,0.5806,29.30
1789438748568,197.8687,26.5971,0.3472,0.5825,0.0705,-0.3657,29.31
1789438748568,200.9412,26.4435,0.6657,-0.6996,0.1621,0.5806,29.30
1789438748568,197.2825,26.6264,0.3512,0.7351,0.6199,-0.2130,29.30
1789438748568,201.2023,26.4304,0.5623,-0.5164,0.1621,0.3364,29.32
1789438748568,198.6037,26.5603,0.3079,0.6130,0.4063,0.0312,29.31
1789438748568,201.1275,26.4343,1.0812,-1.0659,0.3147,0.7027,29.33
1789438748568,198.6075,26.5603,0.2974,0.5214,0.2842,-0.0299,29.33
1789438748568,200.5160,26.4650,0.8240,-0.8217,0.2231,0.5501,29.30
1789438748568,196.5759,26.6620,0.2309,0.3383,-0.1432,-0.2741,29.30
1789438748568,201.3318,26.4244,1.0551,-1.1574,0.3452,0.7332,29.33
1789438748637,197.4609,26.6179,0.2497,0.3993,-0.0821,-0.3962,29.31
1789438748637,201.4126,26.4205,1.0546,-1.1574,0.3452,0.8859,29.33
1789438748637,197.6960,26.6063,0.1958,0.4604,0.0705,-0.1520,29.32
1789438748637,201.5644,26.4130,1.3151,-1.3711,0.8031,0.7943,29.30
1789438748637,197.6993,26.6062,0.1687,0.6130,0.2231,0.0312,29.32
1789438748637,201.4778,26.4174,0.9615,-1.0353,0.6199,0.7638,29.33
1789438748643,197.5626,26.6131,0.3510,0.7962,0.1621,-0.0299,29.33
1789438748643,202.3141,26.3756,1.5041,-1.9511,1.3220,0.6417,29.28
1789438748717,197.9074,26.5959,0.1839,0.5214,0.1315,-0.2130,29.31
1789438748717,200.2118,26.4807,0.8176,-1.2185,0.4978,0.7638,29.32
1789438748717,196.8814,26.6473,0.1401,0.3688,-0.1127,-0.1215,29.31
1789438748717,201.7662,26.4031,0.8784,-1.1880,0.7420,0.7943,29.32
1789438748717,198.6908,26.5568,0.0834,0.1246,-0.0821,-0.1215,29.34
1789438748717,201.9841,26.3922,1.1716,-1.5543,1.1389,0.4585,29.32
1789438748719,198.7975,26.5515,0.0987,0.1246,-0.0516,-0.1215,29.31
1789438748722,202.0605,26.3884,0.9669,-1.3406,1.0473,0.5806,29.33
1789438748731,200.5025,26.4662,0.0285,0.1551,-0.0821,-0.0604,29.32
1789438748741,201.1797,26.4324,0.9040,-1.4627,1.0168,0.6111,29.32
1789438748751,199.4863,26.5171,0.1148,0.6435,0.1926,0.0312,29.34
1789438748819,202.4214,26.6372,0.8950,-1.3711,1.2610,0.6722,29.32
1789438748819,199.8344,26.4997,0.0360,0.4604,0.2536,0.1533,29.32
1789438748820,198.1501,26.5840,0.4467,-0.5775,0.6199,0.4280,29.33
1789438748820,199.5670,26.5132,0.0415,0.4909,0.4368,0.1533,29.32
1789438748820,198.3617,26.5735,0.3492,-0.4248,0.6505,0.3975,29.32
1789438748820,199.2447,26.5293,-0.0017,0.1857,0.1010,-0.1520,29.32
1789438748821,196.6316,26.6601,0.6719,-0.7301,1.1389,0.7943,29.32
1789438748831,199.8179,26.5008,0.0552,-0.0280,0.0094,-0.2130,29.31
1789438748841,197.1746,26.6330,0.5074,-0.5469,0.6810,0.7027,29.31
1789438748917,199.2488,26.5294,-0.0496,0.0636,-0.0821,-0.2130,29.32
1789438748917,197.0115,26.6414,0.5279,-0.7606,0.7420,0.4890,29.31
1789438748917,199.2072,26.5316,-0.0526,0.2467,-0.0211,-0.1215,29.31
1789438748917,196.8324,26.6505,0.4779,-0.5775,0.6199,0.7027,29.34
1789438748917,199.4937,26.5174,0.0151,0.1551,0.0094,-0.1215,29.33
1789438748917,196.5263,26.6659,0.4317,-0.9438,0.4368,0.3975,29.32
1789438748918,199.5679,26.5137,-0.0649,0.1246,0.0400,-0.0909,29.34
1789438748922,197.1863,26.6329,0.3779,-0.7911,0.3452,0.4280,29.32
1789438748931,198.2819,26.5782,0.1642,0.3993,-0.0516,0.1838,29.32
1789438748941,196.5783,26.6634,0.4726,-0.9438,0.4063,0.3059,29.32
1789438748951,200.0560,26.4895,-0.0027,0.4604,0.2842,0.2143,29.32
1789438749020,197.9313,26.5957,0.3330,-0.6080,0.1926,0.4890,29.32
1789438749020,200.0120,26.4917,0.0587,0.4299,0.1010,0.3975,29.31
1789438749020,198.2112,26.5818,0.3483,-0.4554,0.3452,0.5196,29.31
1789438749020,198.3754,26.5739,0.0458,0.4604,-0.0516,0.3059,29.32
1789438749020,196.4907,26.6683,0.4909,-0.4248,0.5589,0.6722,29.32
1789438749020,199.6115,26.5123,0.1590,0.2772,-0.3263,-0.0604,29.33
1789438749021,197.4586,26.6200,0.3718,-0.2112,0.5589,0.7027,29.31
1789438749031,200.7283,26.4564,-0.0141,0.1551,-0.1432,0.0006,29.32
1789438749041,197.8088,26.6024,0.3684,-0.2417,0.6810,0.6417,29.33
1789438749051,199.7010,26.5078,-0.0016,0.1246,-0.2348,0.0312,29.32
1789438749119,197.9969,26.5930,0.3227,-0.3333,0.4673,0.4585,29.32
1789438749119,200.4302,26.4713,-0.0205,0.0941,-0.1737,-0.0604,29.32
1789438749119,198.6477,26.5605,0.4037,-0.3943,0.4673,0.4280,29.30
1789438749119,199.5733,26.5142,0.0113,0.2162,-0.2042,0.0617,29.32
1789438749119,198.2951,26.5781,0.2675,-0.3638,0.1621,0.2754,29.32
1789438749119,199.2203,26.5319,0.0045,0.3078,-0.1127,0.1838,29.32
1789438749124,196.4759,26.6692,0.3101,-0.4554,0.1315,0.3669,29.31
1789438749131,199.9165,26.4972,0.1482,0.3383,-0.3569,0.1838,29.32
1789438749141,197.1380,26.6362,0.2976,-0.4554,0.1926,0.3059,29.33
1789438749217,199.3978,26.5232,-0.0157,0.3078,0.1315,0.1838,29.32
1789438749217,196.9918,26.6436,0.3554,-0.4554,0.1926,0.3059,29.32
1789438749217,199.1686,26.5348,-0.1053,0.4909,0.2536,0.4280,29.33
1789438749217,196.6824,26.6592,0.2890,-0.2722,0.1926,0.4280,29.31
1789438749217,199.4231,26.5222,0.0184,0.6435,0.0705,0.2754,29.35
1789438749217,196.6317,26.6619,0.3476,-0.0280,0.2231,0.5501,29.33
1789438749218,199.4817,26.5194,-0.0898,0.1551,0.1010,0.0006,29.32
1789438749221,197.1734,26.6348,0.3902,0.0636,0.4978,0.5501,29.33
1789438749231,198.2714,26.5800,-0.0814,0.4909,-0.1432,0.1838,29.33
1789438749241,201.7654,26.4054,0.4836,0.0941,0.6199,0.5806,29.32
1789438749317,199.8384,26.5017,0.0032,0.1246,-0.2653,0.0617,29.34
1789438749317,202.0992,26.3887,0.5536,0.0636,0.4978,0.4280,29.32
1789438749317,200.0027,26.4936,0.0927,0.1857,-0.3569,0.1227,29.26
1789438749317,202.5815,26.3646,0.6358,-0.2722,0.1926,0.0312,29.31
1789438749317,201.0908,26.4391,-0.0336,0.1857,-0.2348,0.1533,29.31
1789438749317,200.1878,26.4843,0.7673,-0.1806,0.2231,0.0006,29.32
1789438749319,199.6897,26.5092,0.1003,0.1857,-0.4484,0.1533,29.32
1789438749323,201.3744,26.4249,0.5195,-0.2722,0.1315,0.1533,29.32
1789438749331,200.8705,26.4501,0.0209,0.1551,-0.1737,0.2754,29.32
1789438749341,201.8826,26.3995,0.4891,-0.3333,0.2231,0.1227,29.31
1789438749418,200.9202,26.4477,0.0467,0.2162,-0.2042,0.1227,29.31
1789438749418,201.8534,26.4010,0.5573,-0.1196,0.2536,0.1838,29.31
1789438749418,200.7258,26.4574,0.0408,0.3993,-0.0821,0.4280,29.31
1789438749418,201.3290,26.4273,0.6275,-0.2112,0.1621,-0.1215,29.33
1789438749418,199.8904,26.4993,0.0641,0.4909,-0.1432,0.5806,29.31
1789438749418,201.8174,26.4030,0.7405,-0.0585,0.3757,0.3059,29.31
1789438749419,200.0132,26.4932,0.0142,0.4909,-0.0211,0.5196,29.30
1789438749420,200.1214,26.4878,0.5912,-0.0891,0.4368,0.0617,29.32
1789438749431,199.5593,26.5160,0.0262,0.5520,0.0094,0.5806,29.36
1789438749441,200.6603,26.4610,0.5301,0.0025,0.5589,0.1533,29.34
1789438749451,200.3503,26.4766,-0.0439,0.5520,-0.2348,0.3364,29.32
1789438749520,201.1096,26.4387,0.8426,0.1857,0.7420,0.2754,29.32
1789438749520,200.6454,26.4620,-0.0883,0.2772,-0.2653,0.2143,29.31
1789438749520,200.7585,26.4564,0.8738,0.2467,0.8336,0.0922,29.32
1789438749520,199.7679,26.5060,0.0094,0.1246,-0.3569,0.2448,29.32
1789438749520,201.2669,26.4311,0.7185,0.1246,0.5284,0.0922,29.31
1789438749520,201.1711,26.4360,0.0860,0.0330,-0.3874,0.3059,29.31
1789438749524,201.4472,26.4222,0.9551,0.0025,0.4063,-0.3351,29.32
1789438749531,200.3119,26.4790,0.0170,0.1857,-0.3569,0.2754,29.31
1789438749541,201.8124,26.4041,1.1097,-0.0891,0.5894,-0.3962,29.31
1789438749618,200.9997,26.4447,0.0202,0.1857,-0.2653,0.3669,29.32
1789438749618,201.8004,26.4047,0.9331,-0.0891,0.5589,-0.3962,29.32
1789438749618,199.7495,26.5073,0.2308,0.3993,-0.3263,0.4585,29.34
1789438749618,202.1232,26.3886,1.5170,0.0941,0.8336,-1.0372,29.31
1789438749618,200.7734,26.4561,0.0117,0.3688,-0.1127,0.5501,29.30
1789438749618,200.2491,26.4823,1.0346,0.0330,0.8031,-1.0372,29.31
1789438749620,199.4398,26.5228,-0.0166,0.4299,-0.1127,0.5501,29.31
1789438749620,201.4387,26.4229,0.9751,0.0025,0.8031,-0.8846,29.31
1789438749631,201.2009,26.4347,-0.0838,0.4604,-0.2958,0.5196,29.32
1789438749641,201.7728,26.4061,0.8721,0.2772,0.8641,-0.3962,29.35
1789438749651,200.4443,26.4726,-0.0334,0.2162,-0.1127,0.3975,29.33
1789438749721,201.9493,26.3974,0.9979,0.4909,0.9557,-0.5183,29.32
1789438749721,200.7747,26.4560,-0.0597,0.0941,-0.1127,0.3059,29.33
1789438749721,201.5648,26.4166,1.1754,0.6130,1.1083,-0.6099,29.33
1789438749721,199.8344,26.5031,0.0067,-0.0585,-0.3569,0.3059,29.33
1789438749721,202.2828,26.3807,1.3950,0.7656,1.2610,-1.0677,29.32
1789438749721,199.8052,26.5045,-0.1068,0.0941,-0.3874,0.3364,29.31
1789438749721,200.3919,26.4752,0.7881,0.3383,1.0473,-0.6099,29.32
1789438749730,199.7926,26.5053,0.0571,0.1246,-0.1432,0.0617,29.32
1789438749741,200.8272,26.4536,0.6856,0.3993,0.8336,-0.7014,29.32
1789438749818,200.3033,26.4799,0.0180,0.0330,-0.2653,0.1838,29.30
1789438749818,201.1209,26.4392,1.0361,0.6130,0.6810,-1.2814,29.32
1789438749818,200.8213,26.4542,0.0848,-0.0585,-0.1737,0.1533,29.31
1789438749818,200.7955,26.4556,0.8972,0.3993,0.4978,-0.8846,29.32
1789438749818,199.5282,26.4171,0.1683,0.0941,-0.1127,0.1533,29.37
1789438749818,201.3420,26.4284,0.8137,0.5214,0.4978,-0.9456,29.32
1789438749819,201.5432,26.4183,0.1131,0.0330,0.0400,0.1838,29.32
1789438749820,197.6834,26.6114,0.7401,0.4299,0.5589,-0.7930,29.32
1789438749831,201.4696,26.4221,0.3222,0.1246,0.1010,0.1838,29.31
1789438749841,200.2155,26.4848,0.5936,0.5825,0.6505,-0.4572,29.31
1789438749917,203.9232,26.2992,0.3820,0.2162,0.2231,0.1838,29.31
1789438749917,198.4170,26.5744,0.7791,1.0098,0.6199,-0.5793,29.32
1789438749917,200.4582,26.4724,0.7914,-0.5469,0.1926,0.6111,29.32
1789438749917,196.9707,26.6468,0.8680,1.0404,0.3757,-1.0677,29.32
1789438749917,201.2899,26.4308,0.5673,-0.0585,0.0705,0.5501,29.32
1789438749917,198.1073,26.5900,0.5668,0.4909,0.2536,-0.7014,29.31
1789438749918,201.9664,26.3971,0.6119,0.1246,0.4063,0.5196,29.36
1789438749922,198.5289,26.5690,0.5830,0.3993,0.3147,-0.7625,29.32
1789438749931,202.4566,26.3726,0.6188,0.0330,0.2536,0.4280,29.42
1789438749941,197.9111,26.5999,0.4385,0.3688,0.2536,-0.7014,29.32
1789438750016,201.6561,26.4126,0.7007,-0.1196,0.3147,0.5196,29.32
1789438750016,197.4208,26.6244,0.5828,0.7656,0.4978,-0.6404,29.32
1789438750016,202.6308,26.3639,0.7354,-0.0585,0.4673,0.6417,29.32
1789438750016,197.8008,26.6054,0.5015,0.7656,0.5284,-0.3351,29.32
1789438750016,200.9076,26.4501,0.5419,-0.1196,0.4673,0.6722,29.31
1789438750016,197.2661,26.6322,0.5133,0.8877,0.5284,-0.3657,29.32
1789438750018,201.1909,26.4359,0.4242,0.1551,0.5894,0.4585,29.33
1789438750020,198.5994,26.5655,0.3771,0.4604,0.5589,-0.2741,29.33
1789438750031,201.1253,26.4393,0.9160,-0.4248,0.4978,1.0080,29.31
1789438750041,198.6045,26.5654,0.3562,0.2162,0.2536,-0.3962,29.32
1789438750117,200.5147,26.4700,0.4749,0.1551,0.4978,0.4890,29.44
1789438750117,196.5753,26.6670,0.3094,0.4604,0.0400,-0.4267,29.35
1789438750117,201.6142,26.4152,0.9771,-0.5469,0.5284,1.0690,29.32
1789438750117,197.4608,26.6229,0.2969,0.4299,-0.0211,-0.3657,29.32
1789438750117,201.4099,26.4255,1.0202,-0.8827,0.5894,0.8248,29.36
1789438750117,197.6962,26.6112,0.2367,0.4909,0.2231,-0.2741,29.34
1789438750119,201.6719,26.4125,1.3126,-0.9743,0.9557,1.0995,29.32
1789438750123,197.7543,26.6083,0.2367,0.6741,0.2842,-0.0909,29.32
1789438750131,201.4774,26.4223,0.9416,-0.6690,0.5894,1.1606,29.34
1789438750141,197.0873,26.6419,0.4994,0.9793,0.2842,-0.1825,29.33
1789438750151,202.5021,26.3712,1.5260,-1.3101,1.3525,1.0385,29.32
1789438750221,198.0029,26.5961,0.2888,0.4299,0.0400,-0.3046,29.31
1789438750221,200.2452,26.4840,0.8514,-0.8827,0.7726,1.2522,29.35
1789438750221,197.0131,26.6456,0.1985,0.4299,-0.1432,-0.2130,29.33
1789438750221,201.5882,26.4169,0.8962,-0.7911,0.8336,1.1606,29.45
1789438750221,198.1644,26.5881,0.1516,0.1857,-0.2348,-0.3657,29.34
1789438750221,202.1176,26.3906,1.2995,-1.6764,1.3525,0.7027,29.33
1789438750221,198.8721,26.5528,0.1478,0.1857,-0.2042,-0.0909,29.33
1789438750231,202.3248,26.3802,1.1589,-1.6153,1.1694,0.5806,29.32
1789438750241,197.9860,26.5971,0.0997,0.3993,-0.0516,-0.0299,29.31
1789438750316,201.4176,26.4256,1.0342,-1.3711,1.1389,0.6417,29.31
1789438750316,197.4452,26.6241,0.1242,0.4299,0.1315,0.0312,29.31
1789438750316,202.6482,26.3641,0.9659,-1.2185,0.8641,0.7638,29.31
1789438750316,197.8086,26.4908,0.0838,0.4909,0.2231,0.1227,29.32
1789438750316,200.9116,26.4509,0.5636,-1.0048,0.4978,0.4890,29.32
1789438750316,199.6278,26.5151,0.0891,0.3688,0.2842,0.0312,29.32
1789438750318,201.1971,26.4367,0.4393,-0.6080,0.3757,0.5806,29.31
1789438750321,199.2327,26.5349,0.0598,0.1551,-0.1127,-0.0909,29.31
1789438750331,201.1324,26.6725,0.8515,-1.3711,0.8641,0.4280,29.32
1789438750341,199.7650,26.5084,0.0011,0.1857,-0.0211,-0.1825,29.32
1789438750419,197.0448,26.6445,0.4349,-0.8522,0.3757,0.3975,29.32
1789438750419,199.3506,26.5292,-0.0204,0.0941,0.1010,-0.1215,29.34
1789438750419,196.9681,26.6485,0.5868,-1.0659,0.6505,0.5196,29.32
1789438750419,199.1845,26.5377,-0.0380,0.3993,0.0705,-0.0299,29.31
1789438750419,196.4616,26.6740,0.5816,-1.0353,0.5589,0.3975,29.33
1789438750419,199.4464,26.5248,0.0196,0.4909,0.3757,0.2448,29.32
1789438750419,196.6504,26.6647,0.4794,-0.9132,0.4978,0.5806,29.32
1789438750422,199.5610,26.5191,-0.0230,0.4909,0.3452,0.1533,29.32
1789438750431,196.9987,26.6473,0.4502,-0.6996,0.5894,0.4890,29.32
1789438750441,198.4912,26.5727,0.1362,0.3078,-0.3874,0.0006,29.32
1789438750516,196.7185,26.6614,0.5606,-0.7606,0.9862,0.7638,29.33
1789438750516,199.6437,26.5151,0.1109,0.1857,-0.2042,-0.0299,29.33
1789438750516,197.9874,26.5979,0.3391,-0.4554,0.6199,0.6417,29.30
1789438750516,200.2786,26.4834,0.1489,-0.0280,-0.1432,-0.1520,29.30
1789438750516,198.3473,26.5799,0.3922,-0.4859,0.4978,0.3975,29.31
1789438750516,200.2745,26.4836,0.0378,0.0330,-0.1127,-0.0299,29.32
1789438750518,197.4607,26.6244,0.5327,-0.4859,0.6199,0.6111,29.32
1789438750522,200.1083,26.4920,0.1245,0.1551,-0.1737,0.0922,29.32
1789438750531,197.5278,26.6211,0.4135,-0.6385,0.1621,0.4280,29.33
1789438750541,200.6237,26.4662,-0.0148,0.1551,0.0094,0.0006,29.32
1789438750551,197.7563,26.6097,0.3422,-0.6385,0.2536,0.3364,29.33
1789438750620,199.2897,26.5330,0.0517,0.5520,-0.0211,0.2754,29.30
1789438750620,197.3506,26.6300,0.3137,-0.5775,0.1926,0.3975,29.33
1789438750620,200.0475,26.4951,0.0103,0.5520,0.1926,0.3669,29.32
1789438750620,198.0531,26.5949,0.3332,-0.6080,0.2231,0.5501,29.31
1789438750620,199.4357,26.5258,-0.0029,0.4909,0.2536,0.3669,29.31
1789438750620,198.7718,26.5590,0.2355,-0.3638,0.1010,0.3975,29.32
1789438750620,199.4261,26.5263,-0.0207,0.3993,0.0400,0.3364,29.33
1789438750631,196.4740,26.6740,0.3293,-0.3027,0.3757,0.5806,29.32
1789438750641,200.0507,26.4952,0.0971,0.4604,-0.4179,0.1533,29.32
1789438750651,197.1415,26.6407,0.3418,-0.0891,0.5894,0.7638,29.31
1789438750720,198.9855,26.5486,-0.0610,0.1246,-0.2042,0.0312,29.32
1789438750720,197.0804,26.6440,0.3377,-0.2112,0.4978,0.5501,29.31
1789438750720,198.8351,26.5563,-0.1059,0.2162,0.0400,0.0312,29.32
1789438750720,196.4234,26.6770,0.3859,-0.2112,0.4978,0.3975,29.31
1789438750720,196.9451,26.6513,0.1347,0.4299,-0.2958,0.1533,29.32
1789438750720,195.2263,26.7374,0.4229,-0.4859,0.1315,0.1533,29.33
1789438750724,199.3311,26.5323,-0.0022,0.0636,-0.1432,0.1227,29.31
1789438750731,197.4638,26.6257,0.3648,-0.3333,0.1010,0.2448,29.32
1789438750741,198.5681,26.5704,0.0158,0.4299,-0.0821,0.3364,29.31
1789438750751,197.0421,26.6467,0.4235,-0.3638,0.2231,0.1838,29.31
1789438750820,200.2781,26.4849,-0.0726,0.4604,0.1315,0.4280,29.31
1789438750820,198.0921,26.5942,0.3333,-0.1806,0.1010,0.2448,29.31
1789438750820,200.5184,26.4730,0.0649,0.5825,0.0705,0.4890,29.29
1789438750820,198.3100,26.5834,0.3874,-0.1196,-0.0211,0.3364,29.31
1789438750820,200.2591,26.4859,-0.0194,0.6435,0.0705,0.0922,29.34
1789438750820,197.2841,26.6346,0.5534,-0.1501,0.4978,0.3975,29.33
1789438750820,200.0178,26.4979,0.0343,0.3078,-0.1127,0.1533,29.32
1789438750831,201.3996,26.4289,0.4471,0.0636,0.5284,0.5806,29.33
1789438750841,200.5132,26.4732,-0.0510,0.1246,-0.2348,0.0617,29.32
1789438750851,201.6289,26.4174,0.4784,0.0330,0.5284,0.4890,29.32
1789438750920,199.4747,26.4821,0.0210,0.0636,-0.2653,-0.0299,29.31
1789438750920,201.9061,26.4036,0.5154,-0.0891,0.2536,0.2448,29.31
1789438750920,200.7539,26.4612,-0.0742,0.1857,-0.1737,0.2448,29.31
1789438750920,201.3956,26.4292,0.5549,-0.3638,0.2842,0.0617,29.34
1789438750920,199.8301,26.5075,0.0188,0.2467,-0.3569,0.2448,29.31
1789438750920,202.0735,26.3953,0.4080,-0.1806,0.1315,0.2448,29.33
1789438750923,200.0175,26.4981,0.0224,0.1551,-0.2653,0.2143,29.32
1789438750931,200.3655,26.4807,0.5332,-0.3333,0.1315,0.1227,29.32
1789438750941,199.3948,26.5293,0.1131,0.2162,-0.3263,0.2448,29.30
1789438751018,200.7644,26.4609,0.4277,-0.3027,0.1926,0.1533,29.32
1789438751018,200.2354,26.4875,0.0282,0.4604,-0.0211,0.4585,29.32
1789438751018,201.1956,26.4395,0.7683,-0.1196,0.2536,0.0922,29.31
1789438751018,201.2668,26.4360,-0.1543,0.4909,0.0094,0.3364,29.31
1789438751018,200.8919,26.4548,0.6221,-0.0280,0.4673,0.2754,29.32
1789438751018,199.9514,26.5019,0.0419,0.3383,-0.1432,0.6417,29.31
1789438751019,201.4643,26.4263,0.8230,0.1246,0.5284,0.3059,29.32
1789438751020,200.7790,26.4606,-0.0288,0.5214,-0.0211,0.5501,29.33
1789438751031,201.7445,26.4123,0.8875,0.1857,0.6505,0.2143,29.31
1789438751041,200.5564,26.4717,-0.0573,0.1857,-0.2042,0.2754,29.32
1789438751051,201.8058,26.4093,1.1827,0.1551,0.9252,0.0922,29.32
1789438751120,201.0878,26.4452,0.0172,0.2162,-0.3874,0.3364,29.32
1789438751120,201.8338,26.4079,0.9309,0.0636,0.6199,-0.0604,29.32
1789438751120,199.7608,26.5116,0.1763,0.2162,-0.4790,0.2754,29.35
1789438751120,202.4525,26.3770,1.3133,-0.2112,0.5589,-0.4878,29.32
1789438751120,200.5798,26.4706,0.0504,0.2162,-0.5095,0.3059,29.30
1789438751120,200.3258,26.4834,1.2281,0.1246,0.9252,-0.7320,29.30
1789438751124,199.8468,26.5074,0.1145,0.0941,-0.2958,0.3364,29.31
1789438751131,201.4575,26.4268,0.9562,-0.0585,0.5894,-0.4878,29.31
1789438751141,200.9154,26.4539,-0.0075,0.2772,-0.2958,0.5196,29.32
1789438751151,202.1199,26.3937,0.9085,-0.1196,0.6199,-0.4878,29.32
1789438751220,200.7613,26.4617,0.0435,0.3078,-0.1127,0.3975,29.30
1789438751220,201.7825,26.4106,1.0443,0.0025,0.6505,-0.5793,29.32
1789438751220,200.4878,26.4753,-0.0074,0.3688,-0.2042,0.5806,29.31
1789438751220,201.2472,26.4374,1.0128,0.1246,0.7115,-0.6404,29.33
1789438751220,200.2405,26.4878,0.0231,0.3688,-0.0516,0.5806,29.32
1789438751220,202.3614,26.3818,1.3396,0.1551,1.0473,-0.8235,29.36
1789438751220,199.7514,26.5123,-0.1039,0.3993,-0.2958,0.5501,29.30
1789438751231,200.3664,26.4816,0.8180,0.0941,0.9252,-0.5183,29.31
1789438751242,199.7791,26.5110,-0.0078,0.2772,-0.2958,0.4585,29.28
1789438751318,200.7613,26.4619,0.6501,0.1246,0.7726,-0.3657,29.30
1789438751318,200.4077,26.4797,-0.0699,0.0636,-0.2042,0.3059,29.31
1789438751318,201.3410,26.4331,1.1902,0.4909,1.2304,-0.7014,29.32
1789438751318,200.7537,26.4625,-0.0533,0.0025,-0.3263,0.2754,29.32
1789438751318,201.0196,26.4493,1.0722,0.5825,1.1999,-0.7320,29.32
1789438751318,199.6255,26.5191,0.0026,0.1857,-0.2958,0.3364,29.31
1789438751320,201.3986,26.4305,0.9757,0.3688,1.1389,-0.9762,29.31
1789438751323,201.1486,26.4430,0.1651,-0.0280,-0.3874,0.2448,29.31
1789438751331,201.4415,26.4284,0.8603,0.1551,0.7420,-1.0372,29.31
1789438751341,200.2404,26.4885,0.0493,-0.0280,-0.2958,0.0922,29.31
1789438751351,201.8008,26.4106,1.2891,0.7351,0.6199,-1.4035,29.32
1789438751420,200.6741,26.4669,0.2101,0.0330,-0.1737,0.1227,29.37
1789438751420,201.8831,26.4065,0.9588,0.3993,0.6505,-0.9762,29.33
1789438751420,199.8849,26.5064,0.6495,-0.2417,-0.1432,0.6722,29.33
1789438751420,202.6373,26.3689,1.3340,1.2846,0.4978,-1.6782,29.33
1789438751420,200.7764,26.4617,0.0908,0.2162,0.0705,0.4280,29.31
1789438751420,200.4265,26.5785,0.7045,0.4909,0.6810,-0.7930,29.32
1789438751421,202.1398,26.3936,0.2579,0.2467,0.2536,0.3059,29.31
1789438751431,201.7033,26.4155,0.7897,0.6435,0.5894,-0.6709,29.32
1789438751441,202.1725,26.3919,0.1920,0.2467,0.3452,0.3975,29.32
1789438751451,198.1499,26.5931,0.6503,0.7656,0.6199,-0.4878,29.31
1789438751520,201.4578,26.4277,0.3180,0.4299,0.2536,0.3975,29.32
1789438751521,198.0089,26.6002,0.8804,0.8877,0.7420,-0.6099,29.32
1789438751521,202.6236,26.3694,0.3249,0.3993,0.1621,0.0922,29.28
1789438751521,197.9063,26.6053,0.8168,0.7656,0.4063,-0.8846,29.32
1789438751521,200.9606,26.4526,0.2590,0.3078,0.2536,0.4890,29.31
1789438751521,197.2898,26.6362,0.8528,0.7962,0.2536,-1.0372,29.32
1789438751525,201.2304,26.4390,-0.0263,0.3383,0.1621,0.3669,29.32
1789438751530,198.3986,26.5807,0.4435,0.1857,0.2842,-0.4878,29.32
1789438751541,201.2156,26.4399,0.5436,-0.0891,0.0705,0.1533,29.32
1789438751618,198.3648,26.5825,0.3629,0.1246,0.2536,-0.3657,29.32
1789438751618,201.7182,26.4149,0.1480,0.3078,0.0705,0.3059,29.32
1789438751618,197.5063,26.6255,0.4174,0.5520,0.3757,-0.5488,29.32
1789438751618,201.6595,26.4178,0.6097,-0.2417,0.3147,0.1533,29.32
1789438751618,197.4616,26.6277,0.5036,0.7962,0.5589,-0.3351,29.33
1789438751618,201.4088,26.4305,0.7002,-0.2417,0.2536,0.6111,29.31
1789438751619,197.5318,26.6244,0.5067,0.7351,0.4673,-0.3962,29.32
1789438751620,201.4986,26.4261,1.0004,-0.4554,0.0094,0.7638,29.32
1789438751630,197.3198,26.6351,0.3936,0.4909,0.2536,-0.5488,29.33
1789438751641,201.5876,26.4217,0.7879,-0.5775,0.0705,0.4890,29.32
1789438751651,197.4470,26.6288,0.5725,0.7656,0.2231,-0.6709,29.32
1789438751720,202.8080,26.3607,1.0943,-0.6996,0.1315,0.5806,29.32
1789438751720,198.1603,26.5931,0.3327,0.3993,0.1621,-0.4572,29.32
1789438751720,200.2861,26.4868,0.9629,-0.8217,0.2536,1.0690,29.30
1789438751720,197.0548,26.6484,0.3349,0.6435,0.1621,-0.3962,29.32
1789438751720,201.3810,26.4321,0.7686,-0.7911,0.0705,0.7332,29.31
1789438751720,198.2664,26.5879,0.2475,0.5214,0.4063,-0.1520,29.34
1789438751725,201.9523,26.4037,1.0584,-0.7301,0.4368,0.7943,29.35
1789438751731,198.5171,26.5754,0.4020,0.7656,0.3147,-0.2130,29.33
1789438751741,202.3399,26.3843,0.9922,-0.8827,0.3452,0.4280,29.31
1789438751751,198.1081,26.5958,0.2417,0.6435,0.3757,0.0312,29.32
1789438751820,201.7561,26.4134,1.1090,-0.9132,0.2842,0.7332,29.31
1789438751820,198.0131,26.6005,0.3237,0.5214,0.0094,-0.2436,29.32
1789438751820,202.6810,26.3672,1.1562,-1.1269,0.4368,0.6722,29.33
1789438751820,198.2036,26.5910,0.2271,0.3078,-0.0516,-0.3351,29.33
1789438751820,200.7710,26.4627,0.6232,-0.8522,0.2231,0.5806,29.31
1789438751820,196.9083,26.6558,0.1970,0.2772,0.0400,-0.2436,29.32
1789438751820,201.2545,26.4385,0.4866,-0.6080,0.1621,0.4280,29.32
1789438751830,198.3013,26.5862,0.1372,0.1551,-0.1127,-0.3046,29.33
1789438751841,201.1661,26.4431,1.2478,-1.4016,0.9557,0.8859,29.32
1789438751925,198.8449,26.5591,0.1435,0.2162,-0.1737,-0.2436,29.30
1789438751925,200.5149,26.4758,0.8590,-1.2185,0.5894,0.7027,29.31
1789438751925,196.7389,26.6646,0.1316,0.3383,0.1010,-0.1215,29.32
1789438751925,201.3965,26.4319,0.9378,-1.4627,0.7420,0.4890,29.30
1789438751925,197.4956,26.6269,0.0994,0.5825,0.3452,-0.0909,29.31
1789438751925,201.4359,26.4300,0.9961,-1.5237,0.8336,0.5196,29.30
1789438751929,197.8354,26.6100,0.0842,0.2772,0.1010,-0.2130,29.33
1789438751929,201.5022,26.4268,0.9946,-1.6458,1.1694,0.4280,29.31
1789438751930,199.6013,26.5218,0.0179,0.1246,-0.0516,0.0006,29.31
1789438751940,201.5494,26.4245,0.7508,-1.2185,0.7726,0.4890,29.33
1789438751951,198.4707,26.5784,0.2721,0.4909,-0.0211,-0.2741,29.33
1789438752020,196.6744,26.6683,1.0982,-1.8290,1.3831,0.3364,29.32
1789438752020,199.9393,26.5049,0.0448,0.2467,0.0400,-0.0909,29.32
1789438752020,197.9715,26.6034,0.6623,-1.0964,0.5894,0.5196,29.31
1789438752020,200.0349,26.5003,0.0821,0.3078,0.0705,0.0006,29.34
1789438752020,198.2506,26.5895,0.4959,-0.7911,0.5284,0.4585,29.31
1789438752020,200.2249,26.4908,0.0203,0.3078,0.2536,0.0617,29.32
1789438752020,197.4376,26.6303,0.6753,-1.2185,0.8031,0.5806,29.30
1789438752031,200.0964,26.4973,0.0788,0.4299,0.4978,0.3669,29.33
1789438752041,197.5202,26.6262,0.5857,-0.9438,0.7726,0.5806,29.32
1789438752051,200.6237,26.4709,-0.0224,0.3383,0.3452,0.2143,29.32
1789438752122,197.7553,26.6144,0.5041,-0.6996,0.6505,0.6417,29.32
1789438752122,199.3237,26.5360,0.0532,0.5214,0.1010,0.2143,29.32
1789438752122,197.3120,26.6366,0.4880,-0.6080,0.7115,0.7943,29.31
1789438752122,200.0298,26.5007,0.0038,0.1246,-0.1127,0.0006,29.30
1789438752122,198.4041,26.5820,0.3251,-0.2112,0.5284,0.7638,29.33
1789438752122,199.3135,26.5365,0.0044,0.0636,-0.2042,-0.0604,29.33
1789438752122,198.7123,26.5666,0.2194,-0.1501,0.4368,0.6417,29.32
1789438752130,198.9938,26.5525,0.0212,0.1246,-0.0211,0.0312,29.32
1789438752141,196.3599,26.6844,0.4850,-0.5164,0.8031,0.6722,29.32
1789438752217,199.6821,26.5183,0.1964,0.3078,-0.2348,0.0617,29.32
1789438752217,197.1065,26.6471,0.2636,-0.1806,0.2842,0.6722,29.31
1789438752217,198.9179,26.5566,-0.0202,0.1857,-0.0516,-0.0909,29.31
1789438752217,197.0189,26.6517,0.3476,-0.7911,0.1315,0.3059,29.32
1789438752217,199.2110,26.5421,-0.0679,0.1857,0.0094,0.0922,29.32
1789438752217,196.8340,26.6611,0.3242,-0.4859,0.2842,0.3975,29.33
1789438752219,199.4911,26.5282,0.0565,0.3383,0.0400,0.1838,29.31
1789438752220,196.6665,26.6695,0.3130,-0.5469,0.1010,0.3364,29.32
1789438752231,199.5062,26.5275,-0.0630,0.2772,0.2536,0.2448,29.28
1789438752242,197.1814,26.6438,0.2890,-0.5164,0.1926,0.2448,29.31
1789438752251,198.6573,26.5700,0.0461,0.5520,0.1010,0.3669,29.31
1789438752320,196.8042,26.6627,0.3335,-0.4554,0.1315,0.4585,29.33
1789438752320,199.6875,26.5185,0.0156,0.5520,0.0705,0.3975,29.32
1789438752320,198.0102,26.6024,0.2948,-0.3943,0.4368,0.3669,29.31
1789438752320,200.2023,26.4929,0.0423,0.4909,0.0094,0.3975,29.32
1789438752320,198.3373,26.5861,0.3223,-0.1806,0.3147,0.4280,29.31
1789438752320,200.2628,26.4898,-0.0334,0.4299,0.0705,0.0922,29.31
1789438752320,197.4548,26.6303,0.4906,-0.1196,0.6199,0.4585,29.33
1789438752331,200.1045,26.4978,0.1075,0.1857,-0.4790,0.1227,29.31
1789438752341,197.5237,26.6269,0.3867,-0.0891,0.6199,0.6417,29.31
1789438752418,200.4527,26.4804,-0.0320,0.0941,-0.1432,-0.0604,29.31
1789438752418,197.3958,26.6332,0.3517,0.0025,0.6199,0.7027,29.31
1789438752418,199.4106,26.5325,-0.0405,0.1246,-0.0821,0.0312,29.34
1789438752418,197.0475,26.6507,0.3378,0.0025,0.3452,0.5806,29.32
1789438752418,200.2191,26.4921,-0.0331,0.1246,-0.2653,0.0312,29.33
1789438752418,198.2672,26.5897,0.4049,-0.0891,0.1315,0.4585,29.32
1789438752419,199.8176,26.5122,0.0591,0.0025,-0.2348,-0.0604,29.31
1789438752420,199.9525,26.5054,0.2940,-0.1501,0.0094,0.2754,29.33
1789438752431,200.0673,26.4995,-0.0242,0.1246,-0.2348,0.0312,29.33
1789438752442,196.7002,26.4685,0.4389,-0.2417,0.1315,0.2143,29.32
1789438752518,200.1665,26.4947,0.0753,0.1551,-0.2958,0.0922,29.32
1789438752518,200.8332,26.4613,0.3597,-0.4248,0.1315,0.2143,29.33
1789438752518,199.1554,26.5453,-0.0696,0.1857,-0.1127,-0.0604,29.32
1789438752518,201.0394,26.4512,0.5569,-0.2417,0.2842,0.1227,29.32
1789438752518,201.1884,26.4438,-0.1332,0.1246,-0.1432,0.0617,29.29
1789438752518,200.9337,26.4566,0.4711,-0.2112,0.1315,0.1838,29.32
1789438752520,199.9754,26.5046,0.0632,0.0941,-0.2958,0.1227,29.37
1789438752524,201.4781,26.4295,0.5752,-0.2417,0.1621,0.1533,29.32
1789438752530,200.7977,26.4635,0.0639,0.0941,-0.2653,0.1533,29.31
1789438752541,201.8977,26.4085,0.4443,-0.3333,0.1315,0.1227,29.31
1789438752551,200.5412,26.4763,0.0266,0.2467,-0.2042,0.3059,29.31
1789438752620,202.0569,26.4006,0.8043,-0.2112,0.1926,0.1227,29.33
1789438752620,201.1430,26.4463,0.0798,0.2467,-0.0821,0.3975,29.31
1789438752620,201.8009,26.4134,0.6707,-0.2112,0.2842,0.1227,29.30
1789438752620,200.0369,26.5017,0.1025,0.5520,-0.1432,0.5501,29.34
1789438752620,202.3284,26.3871,0.8745,0.0330,0.3757,0.1838,29.33
1789438752620,200.5162,26.4777,0.0040,0.5825,-0.0821,0.5806,29.33
1789438752620,200.3019,26.4885,1.0996,0.0941,0.8641,-0.3962,29.34
1789438752631,199.8287,26.5122,0.0206,0.2467,-0.2653,0.3975,29.31
1789438752641,201.4799,26.4297,0.8949,0.2467,0.6810,0.2754,29.33
1789438752719,201.0184,26.4527,-0.0364,0.2772,-0.2653,0.3364,29.30
1789438752719,201.6961,26.4189,0.6688,0.1551,0.7115,0.2448,29.31
1789438752719,200.9435,26.4565,0.0061,0.1551,-0.3263,0.1533,29.35
1789438752719,201.8641,26.4105,0.8049,0.2467,0.6810,0.2143,29.32
1789438752719,200.7325,26.4670,-0.0186,0.1551,-0.3569,0.3364,29.32
1789438752719,201.3623,26.4356,0.9835,0.2467,0.8031,-0.0299,29.31
1789438752720,199.8925,26.5092,0.0712,0.2467,-0.4790,0.2754,29.36
1789438752721,202.1053,26.3986,1.1050,0.2162,0.6810,-0.2130,29.33
1789438752731,200.0338,26.5021,0.0707,0.1551,-0.4484,0.2754,29.31
1789438752741,200.5665,26.4755,0.7827,-0.0891,0.4063,-0.2741,29.31
1789438752862,199.9569,26.5061,0.0202,0.2772,-0.4179,0.3669,29.32
1789438752862,200.6613,26.4709,0.7054,-0.0585,0.2842,-0.1520,29.30
1789438752862,200.1877,26.4947,0.0458,0.2772,-0.4179,0.3669,29.36
1789438752862,201.1694,26.4457,1.2035,-0.0280,0.7726,-0.7320,29.33
1789438752862,200.8433,26.4620,-0.0162,0.3383,-0.2042,0.3975,29.32
1789438752862,200.8057,26.4640,0.9639,0.0941,0.5589,-0.6404,29.32
1789438752862,199.9963,26.5045,0.0243,0.3688,-0.2348,0.5196,29.32
1789438752862,201.2146,26.4437,1.0813,-0.0280,0.7726,-0.9151,29.31
1789438752862,200.7700,26.4659,0.0470,0.5214,-0.2042,0.6722,29.32
1789438752862,201.7448,26.4172,1.0728,0.0941,0.8031,-0.9151,29.32
1789438752931,200.5540,26.4767,-0.0466,0.4909,0.0400,0.7332,29.32
1789438752931,201.8159,26.4137,1.4539,0.6435,1.1083,-1.1593,29.31
1789438752931,201.0876,26.4500,-0.0354,0.4299,-0.1432,0.5196,29.33
1789438752931,201.7896,26.4150,0.9549,0.4909,0.9557,-0.6709,29.33
1789438752931,200.0322,26.5029,0.2465,0.3383,-0.2348,0.6111,29.32
1789438752931,202.3430,26.3874,1.5394,1.1319,1.2304,-1.1593,29.30
1789438752931,200.5222,26.4784,0.0033,0.1551,-0.3569,0.3059,29.30
1789438752938,200.2953,26.4898,0.8012,0.6435,1.1694,-0.6709,29.31
1789438752938,199.8312,26.5130,-0.0841,-0.0891,-0.1432,0.1533,29.34
1789438752940,201.2081,26.4442,0.8784,0.6435,1.1083,-0.6709,29.31
1789438752951,201.0829,26.4505,-0.0951,0.0330,-0.2042,0.0006,29.31
1789438753023,202.0539,26.4020,1.0323,0.9183,0.9862,-0.9762,29.32
1789438753023,200.5466,26.4773,0.0719,-0.0280,-0.2042,0.2448,29.31
1789438753023,202.1012,26.3997,1.0854,0.7351,0.9252,-0.9151,29.32
1789438753024,200.4782,26.4807,0.0498,0.1246,-0.0211,0.0922,29.32
1789438753024,201.4046,26.4345,1.0505,0.6435,0.5894,-1.3425,29.31
1789438753024,200.3194,26.4888,0.1799,0.0636,-0.1737,0.1227,29.31
1789438753024,202.1732,26.3962,1.0470,0.8572,-0.0821,-1.3119,29.32
1789438753030,201.1508,26.4472,-0.0575,0.0941,-0.1127,0.1838,29.35
1789438753041,198.3595,26.5869,0.5131,0.1857,0.4978,-0.4878,29.33
1789438753051,201.1954,26.4451,0.2799,-0.1196,-0.0821,0.1227,29.31
1789438753120,198.3554,26.5872,0.4552,0.0941,0.5284,-0.5793,29.32
1789438753120,200.6125,26.4744,0.2734,0.0330,-0.0516,0.1533,29.32
1789438753120,196.9417,26.6581,0.6344,0.6741,0.5589,-0.7930,29.32
1789438753120,201.1394,26.4483,0.3661,-0.0280,-0.1127,0.1533,29.35
1789438753120,197.7015,26.6203,0.6302,0.6130,0.3757,-0.6404,29.33
1789438753120,201.2932,26.4408,0.5759,-0.0280,-0.0211,0.3364,29.31
1789438753120,197.8763,26.6117,0.5685,0.7046,0.7115,-0.4572,29.32
1789438753131,201.5241,26.4293,0.7410,-0.3333,0.0094,0.4280,29.31
1789438753141,197.7927,26.6159,0.6045,0.8877,0.8336,-0.4267,29.31
1789438753151,201.5221,26.4294,0.5411,-0.2722,0.0094,0.3669,29.31
1789438753220,197.5828,26.6265,0.8153,0.9183,0.2842,-0.8541,29.32
1789438753220,202.2130,26.3949,0.9316,-0.5469,0.1621,0.2448,29.31
1789438753220,198.4036,26.5854,0.6272,0.5214,0.2842,-0.7625,29.31
1789438753220,200.2230,26.4945,0.9616,-0.9438,0.1315,0.6417,29.32
1789438753220,197.2492,26.6432,0.5727,0.6741,0.1926,-0.9151,29.32
1789438753220,201.7099,26.4201,0.6759,-0.4859,0.1926,0.3669,29.32
1789438753225,198.8578,26.5627,0.4013,0.3993,0.3147,-0.4267,29.31
1789438753230,202.2910,26.3911,0.9292,-0.5164,0.2842,0.5196,29.32
1789438753241,198.8304,26.5641,0.3914,0.6130,0.2536,-0.4572,29.32
1789438753251,202.6124,26.3749,0.8670,-0.5469,0.2842,0.5196,29.31
1789438753320,198.4232,26.5844,0.2712,0.4604,0.4368,-0.2436,29.31
1789438753320,197.5929,26.6260,0.6492,-0.4554,0.3147,0.3975,29.32
1789438753320,196.3340,26.6892,0.7245,1.0404,0.5284,-0.5488,29.33
1789438753320,201.5403,26.4290,1.2512,-0.7911,0.3452,1.0080,29.32
1789438753320,197.9772,26.6072,0.4173,0.5214,0.1926,-0.4572,29.32
1789438753320,200.9867,26.4568,0.6611,-0.5469,0.4673,0.6722,29.31
1789438753320,197.7985,26.6162,0.3805,0.4909,0.0705,-0.4572,29.32
1789438753331,201.4635,26.4329,0.4624,-0.1806,0.4978,0.4280,29.31
1789438753341,198.7395,26.5691,0.3192,0.3078,0.1621,-0.3046,29.32
1789438753419,201.3882,26.4368,1.1193,-0.8827,0.7115,0.9774,29.32
1789438753419,198.9577,26.5583,0.2256,0.2772,0.0094,-0.2130,29.31
1789438753419,200.5759,26.4775,0.8277,-0.4554,0.6505,0.9164,29.34
1789438753419,196.7221,26.6702,0.2524,0.4604,0.0705,-0.3046,29.31
1789438753419,201.6890,26.4219,0.9937,-0.6690,0.6810,1.1301,29.30
1789438753419,197.8604,26.6133,0.2700,0.6741,0.4368,-0.0909,29.32
1789438753420,201.6111,26.4259,1.0850,-0.6690,0.6505,1.0385,29.32
1789438753424,197.6549,26.6237,0.2753,0.6741,0.4063,0.0617,29.31
1789438753430,201.8384,26.4146,1.1961,-1.1880,1.0168,0.9164,29.32
1789438753441,197.5747,26.6277,0.2378,0.6435,0.2536,0.0312,29.32
1789438753451,201.4807,26.4325,0.9231,-0.7301,0.8031,1.0385,29.23
1789438753520,197.3159,26.6407,0.3658,0.5214,0.0094,-0.3962,29.31
1789438753520,202.5999,26.3766,1.5493,-1.5543,1.5662,1.0385,29.32
1789438753520,198.1940,26.5968,0.1748,0.3078,-0.3263,-0.2130,29.32
1789438753520,200.3033,26.4914,0.9219,-1.0659,0.8641,0.9774,29.33
1789438753520,197.0464,26.6543,0.1324,0.3078,-0.0516,-0.1825,29.33
1789438753520,201.4004,26.4366,0.7526,-0.6690,0.8641,1.0080,29.28
1789438753520,198.2758,26.5928,0.1025,0.1857,-0.1127,-0.1520,29.32
1789438753531,201.9571,26.4089,1.1409,-1.2185,1.4746,0.7943,29.32
1789438753542,198.3380,26.5898,0.1128,0.2772,0.0705,-0.0299,29.31
1789438753617,202.2462,26.3945,0.9676,-1.0659,1.4136,0.7943,29.31
1789438753617,198.0602,26.6037,0.0595,0.3078,-0.0821,0.0312,29.33
1789438753617,201.4514,26.4342,1.0372,-1.2490,1.4136,0.8553,29.33
1789438753617,197.9967,26.5354,0.1563,0.7351,0.2536,0.0617,29.33
1789438753617,202.3992,26.3869,0.9094,-1.0964,1.2915,0.8859,29.34
1789438753617,200.0844,26.5025,0.0613,0.7046,0.4368,0.1838,29.34
1789438753619,200.7236,26.4706,0.4319,-0.5775,0.2536,0.7638,29.31
1789438753623,199.8028,26.5167,0.0279,0.4604,0.3452,0.0312,29.32
1789438753631,198.7323,26.5702,0.3563,-0.3638,0.6199,0.6417,29.31
1789438753641,199.4425,26.5346,0.0107,0.0330,-0.0821,-0.1520,29.33
1789438753651,196.2314,26.6953,0.8871,-1.1574,1.0473,0.5196,29.33
1789438753720,199.9287,26.5104,0.0781,0.0636,0.1621,-0.1825,29.32
1789438753720,197.0812,26.6529,0.5747,-0.7301,0.5894,0.5501,29.31
1789438753720,199.5132,26.5313,-0.0303,0.0636,0.1010,-0.2741,29.32
1789438753720,197.0513,26.6546,0.5738,-1.0353,0.6810,0.5196,29.32
1789438753720,199.2246,26.5458,-0.0283,0.0941,0.0705,-0.3657,29.31
1789438753720,196.7121,26.6716,0.5301,-0.9438,0.5589,0.3669,29.32
1789438753721,199.4384,26.5353,0.0638,0.1246,-0.0821,0.0312,29.32
1789438753731,196.9743,26.6586,0.4856,-1.0048,0.5894,0.3059,29.31
1789438753742,199.3395,26.5403,-0.0389,0.2162,-0.0211,-0.0299,29.33
1789438753751,197.1199,26.6514,0.4080,-0.9438,0.3147,0.3364,29.31
1789438753821,198.5533,26.5796,0.1454,0.2772,-0.2958,0.0617,29.32
1789438753821,196.7816,26.6683,0.5072,-1.0048,0.5894,0.4585,29.32
1789438753821,199.6860,26.5230,0.1280,0.2772,-0.0211,0.1227,29.32
1789438753821,198.0088,26.6069,0.3777,-0.6996,0.3147,0.3059,29.32
1789438753821,200.2873,26.4930,0.1470,0.4299,0.1621,0.0006,29.33
1789438753821,198.3802,26.5884,0.3538,-0.6080,0.3147,0.4890,29.32
1789438753821,200.2924,26.4927,0.0313,0.5520,0.0094,0.3975,29.32
1789438753830,197.4680,26.6340,0.4705,-0.8217,0.4978,0.3669,29.32
1789438753841,200.1207,26.5013,0.1863,0.5520,0.0094,0.3059,29.32
1789438753917,197.3615,26.6393,0.3992,-0.7606,0.4368,0.2448,29.33
1789438753917,200.9217,26.4612,-0.0046,0.2772,0.3452,0.1838,29.32
1789438753917,197.6145,26.6266,0.3578,-0.6385,0.2842,0.3669,29.31
1789438753917,199.4602,26.5343,0.0139,0.4299,0.1926,0.2143,29.32
1789438753917,197.3197,26.6414,0.3045,-0.6385,0.3147,0.3059,29.32
1789438753917,199.9569,26.5095,-0.0743,0.4299,0.3452,0.3975,29.32
1789438753919,198.2127,26.5968,0.3035,-0.4554,0.1315,0.5196,29.32
1789438753920,199.7620,26.5193,-0.0264,0.4299,0.2842,0.3059,29.33
1789438753930,198.3880,26.5880,0.2789,-0.3333,0.1621,0.3669,29.32
1789438753941,199.2709,26.5439,-0.0338,0.3993,0.1315,0.2754,29.30
1789438753951,196.5002,26.6825,0.3017,-0.3943,0.4368,0.4280,29.31
1789438754021,199.7789,26.5186,-0.0126,0.5520,0.0705,0.2448,29.32
1789438754021,197.0675,26.6542,0.3239,-0.3027,0.5284,0.4585,29.32
1789438754021,199.2643,26.5445,-0.1957,0.3688,0.1315,0.0617,29.29
1789438754021,197.3015,26.6427,0.3357,-0.0891,0.5894,0.5501,29.30
1789438754021,198.9838,26.5586,-0.1625,0.0025,-0.1127,-0.1215,29.32
1789438754021,196.6686,26.6745,0.3950,-0.3027,0.5284,0.3669,29.32
1789438754021,199.5601,26.5300,0.0115,0.1551,-0.2348,0.0312,29.31
1789438754030,196.6371,26.6762,0.3642,-0.0280,0.3452,0.3364,29.32
1789438754041,199.6263,26.5267,-0.0485,0.2467,-0.1127,0.0312,29.32
1789438754119,197.2450,26.6458,0.3450,-0.3333,0.0400,0.2448,29.31
1789438754119,198.7008,26.5730,0.0007,0.1857,-0.1737,0.1533,29.33
1789438754119,196.8270,26.6667,0.4676,-0.3027,0.1315,0.2754,29.31
1789438754119,200.1103,26.5026,0.0453,0.1246,-0.1737,0.2448,29.32
1789438754119,198.0600,26.6051,0.4139,-0.1806,0.1315,0.2754,29.32
1789438754119,200.5062,26.4829,0.0822,0.3078,-0.2042,0.2448,29.32
1789438754121,198.2634,26.5950,0.4941,-0.3027,0.0400,0.1533,29.31
1789438754121,200.2458,26.4958,0.0054,0.1246,-0.1127,0.1227,29.32
1789438754131,198.2751,26.5945,0.8467,-0.3943,0.2842,-0.0604,29.31
1789438754141,200.2081,26.4978,0.1305,0.3688,-0.4179,0.3975,29.31
1789438754217,201.5205,26.4322,0.4029,-0.3027,0.1621,0.0617,29.29
1789438754217,200.5636,26.4800,-0.0309,0.3383,0.0400,0.3059,29.32
1789438754217,202.1340,26.4015,0.3907,-0.2112,0.0705,0.3364,29.33
1789438754217,200.7707,26.4697,0.0620,0.3688,-0.0821,0.2754,29.31
1789438754217,202.1954,26.3984,0.4770,-0.0891,0.2842,0.2448,29.30
1789438754217,200.5986,26.4783,0.0289,0.3993,-0.1432,0.3975,29.34
1789438754218,201.4766,26.4344,0.5767,0.0636,0.4063,0.4585,29.31
1789438754222,200.3553,26.4906,0.0078,0.5520,0.1010,0.4280,29.31
1789438754231,202.3896,26.3888,0.4775,-0.1806,0.2842,0.1838,29.31
1789438754242,199.7673,26.5199,0.0152,0.6435,0.0400,0.5196,29.32
1789438754251,200.3754,26.4896,0.5840,-0.0585,0.3757,0.1838,29.31
1789438754320,199.7786,26.5195,0.0282,0.5214,-0.0516,0.6111,29.26
1789438754320,200.7610,26.4704,0.4284,0.0941,0.4063,0.4890,29.32
1789438754320,200.4039,26.4884,-0.0366,0.5520,0.0094,0.4585,29.31
1789438754320,201.3388,26.4417,0.7526,-0.0585,0.5284,0.1533,29.32
1789438754321,200.7684,26.4703,-0.1056,0.4299,-0.0211,0.3669,29.32
1789438754321,201.0327,26.4572,0.7057,0.0941,0.5284,0.3059,29.31
1789438754321,199.6486,26.5264,-0.0013,0.3688,-0.3874,0.3669,29.32
1789438754331,201.3975,26.4390,0.8884,0.2467,0.6199,0.2143,29.32
1789438754342,200.8672,26.4655,0.0542,0.0025,-0.3263,0.0922,29.33
1789438754418,201.7952,26.4191,0.9137,0.0941,0.3757,0.1227,29.33
1789438754418,200.5824,26.4798,0.0383,0.2467,-0.5400,0.1838,29.34
1789438754418,202.0482,26.4066,1.2283,0.0025,0.4978,-0.3351,29.33
1789438754418,201.1169,26.4531,0.0729,0.0941,-0.4484,0.1838,29.31
1789438754418,201.8096,26.4185,0.9466,-0.0585,0.4063,-0.4267,29.32
1789438754418,200.0443,26.5068,0.1952,0.1857,-0.3569,0.2754,29.32
1789438754419,202.3287,26.3926,1.3299,-0.0891,0.6810,-0.5793,29.31
1789438754423,200.5210,26.4830,0.0762,0.2467,-0.3569,0.4585,29.30
1789438754431,200.2687,26.4956,1.0250,0.0636,0.7726,-0.6709,29.29
1789438754441,199.7287,26.5226,0.0457,0.1551,-0.5095,0.3364,29.32
1789438754451,201.3970,26.4392,0.9206,-0.1196,0.6505,-0.6404,29.32
1789438754520,200.8845,26.4648,0.0682,0.2467,-0.3263,0.5806,29.30
1789438754520,202.1129,26.4035,0.9905,-0.0280,0.6199,-0.6099,29.32
1789438754520,200.7450,26.4718,-0.0470,0.5825,-0.0211,0.7027,29.32
1789438754520,201.8932,26.4144,1.0119,0.0025,0.5894,-0.6099,29.31
1789438754520,200.4771,26.4852,-0.0735,0.4604,0.0705,0.4890,29.32
1789438754520,201.3938,26.4394,1.2147,0.2162,0.7726,-0.9151,29.32
1789438754520,200.1524,26.5015,-0.0536,0.4909,0.0094,0.6722,29.40
1789438754531,201.8919,26.4145,1.0234,0.0636,0.9862,-0.8235,29.33
1789438754541,199.5992,26.5291,-0.1249,0.4299,-0.0821,0.6417,29.32
1789438754551,200.2865,26.4948,0.7583,0.2772,0.8336,-0.5488,29.33
1789438754619,199.7386,26.5223,-0.0263,0.2467,-0.2653,0.3059,29.32
1789438754619,200.7906,26.4697,0.6679,0.2467,0.8031,-0.2436,29.30
1789438754619,200.5877,26.4800,-0.0357,0.0636,-0.4790,0.3364,29.32
1789438754619,201.2104,26.4489,1.1038,0.6741,1.1694,-0.6404,29.32
1789438754619,200.8041,26.4693,-0.0145,-0.0585,-0.2042,0.1227,29.31
1789438754619,200.7354,26.4728,0.8959,0.4299,1.0473,-0.6099,29.29
1789438754624,199.7554,26.5219,0.0958,0.0636,-0.3263,0.3975,29.29
1789438754631,201.4609,26.4367,1.0006,0.3993,0.8031,-1.0067,29.31
1789438754641,201.0966,26.4549,0.1199,0.1246,-0.1432,0.3364,29.32
1789438754718,201.6882,26.4254,0.9881,0.4604,0.6199,-1.0372,29.32
1789438754718,200.8086,26.4693,-0.0284,0.0636,-0.2042,0.1838,29.33
1789438754718,202.0203,26.4089,1.3823,0.9793,0.5589,-1.6477,29.32
1789438754718,200.6298,26.4783,0.2219,-0.0280,-0.0821,0.1227,29.32
1789438754718,201.9672,26.4115,0.7014,-0.9743,0.5284,-1.0677,29.33
1789438754718,200.4980,26.4850,0.5967,-0.2722,-0.2042,0.3975,29.25
1789438754720,202.4716,26.3864,1.1819,1.0098,0.4978,-1.5867,29.31
1789438754720,201.7023,26.4247,0.2701,-0.0585,-0.0516,0.0617,29.33
1789438754731,198.8618,26.5667,0.6493,0.3383,0.4978,-0.7625,29.32
1789438754741,202.0686,26.4064,0.1879,0.1246,-0.1127,0.1227,29.32
1789438754751,198.7156,26.5741,0.7996,0.5825,0.4673,-0.8846,29.32
1789438754819,202.4380,26.3878,0.2200,0.2162,0.0094,0.2143,29.29
1789438754819,198.1607,26.6018,0.6536,0.8572,0.5284,-0.7320,29.31
1789438754820,201.7795,26.4207,0.3292,0.0025,0.0705,0.1533,29.31
1789438754820,198.0016,26.6097,0.7561,0.9793,0.6810,-0.6099,29.32
1789438754820,202.6765,26.3759,0.2780,0.3383,0.2536,0.3364,29.30
1789438754820,198.2011,26.5997,0.8071,1.0404,0.8031,-0.6404,29.31
1789438754824,200.7667,26.4714,0.3123,0.2162,0.2231,0.3975,29.32
1789438754831,197.4317,26.6382,0.8178,1.0404,0.7115,-0.6404,29.32
1789438754841,201.2553,26.4470,0.1152,0.3078,0.0400,0.3364,29.31
1789438754851,198.6324,26.5781,0.4983,0.3993,0.5284,-0.2436,29.33
1789438754920,201.1422,26.4527,0.6216,-0.0280,0.1926,0.5501,29.32
1789438754920,198.5885,26.5805,0.4497,0.2772,0.2231,-0.4572,29.33
1789438754920,200.7351,26.4732,0.5222,-0.1501,0.2842,0.2143,29.32
1789438754920,197.0044,26.6598,0.3896,0.2772,0.1926,-0.3351,29.32
1789438754920,201.3061,26.4448,0.6365,-0.0891,0.4063,0.3975,29.32
1789438754920,197.5695,26.6317,0.4640,0.3993,0.1315,-0.7014,29.32
1789438754920,201.4718,26.4367,0.5402,-0.0585,0.2231,0.3669,29.30
1789438754931,197.8532,26.6176,0.4162,0.5520,0.2842,-0.5793,29.31
1789438754941,201.5125,26.4347,1.0579,-0.5775,0.2536,0.7332,29.32
1789438754951,197.7885,26.6209,0.3580,0.5520,0.4063,-0.4572,29.31
1789438755020,201.4930,26.4358,0.7802,-0.4859,0.1926,0.4585,29.31
1789438755020,197.2858,26.6462,0.7189,1.1625,0.4673,-0.5488,29.32
1789438755021,202.4819,26.3864,1.3000,-0.7911,0.3452,0.7638,29.33
1789438755021,200.8056,26.4702,0.4390,0.8877,0.4978,-0.1215,29.32
1789438755021,201.6956,26.4255,0.8036,-0.8522,0.2536,0.8248,29.33
1789438755021,197.6129,26.6296,0.3759,0.8877,0.5894,-0.3351,29.33
1789438755021,201.8957,26.4153,0.7940,-0.6690,0.2842,0.7943,29.32
1789438755030,198.4174,26.5892,0.3409,0.3688,0.3147,-0.3046,29.32
1789438755041,202.0282,26.4088,1.0894,-0.8217,0.2536,0.8248,29.30
1789438755051,198.5585,26.5822,0.3674,0.4604,0.2231,-0.3657,29.32
1789438755120,202.2416,26.3981,1.0130,-0.7606,0.2842,0.6722,29.32
1789438755120,198.1682,26.6017,0.2016,0.2467,0.0094,-0.2436,29.33
1789438755120,201.2571,26.4473,1.1586,-0.9743,0.7115,0.9164,29.31
1789438755120,198.0941,26.6054,0.2978,0.4299,0.1315,-0.4572,29.32
1789438755120,202.4418,26.3881,1.2697,-1.0048,0.4978,0.9774,29.32
1789438755120,197.9205,26.6141,0.2139,0.3688,0.0094,-0.1825,29.32
1789438755120,200.9675,26.4618,0.7028,-0.8217,0.2842,0.7638,29.39
1789438755131,197.2632,26.6470,0.1991,0.3993,0.0400,-0.2130,29.33
1789438755141,201.2370,26.4483,0.4983,-0.6080,0.2536,0.5501,29.32
1789438755150,198.3992,26.5902,0.1919,0.4909,0.1621,-0.1215,29.32
1789438755219,201.4305,26.4387,1.2750,-1.4932,0.8031,0.7332,29.32
1789438755219,198.8738,26.5666,0.1741,0.5825,0.3147,0.1227,29.33
1789438755219,200.6525,26.4777,0.8307,-1.0048,0.4673,0.6417,29.32
1789438755219,196.6458,26.6781,0.1497,0.6435,0.3757,0.1227,29.32
1789438755219,201.6503,26.4280,1.0174,-1.4016,0.7420,0.7638,29.32
1789438755219,197.9658,26.6121,0.1359,0.4299,-0.1127,-0.1520,29.32
1789438755223,201.4299,26.4391,0.9706,-1.4932,0.7115,0.6722,29.38
1789438755231,197.4031,26.6404,0.0962,0.4299,-0.0821,-0.0299,29.33
1789438755241,201.7323,26.4240,1.0599,-1.6458,1.0778,0.6417,29.32
1789438755251,199.7485,26.5230,0.0304,0.1246,-0.0211,-0.0604,29.32
1789438755320,201.8320,26.4189,0.8325,-1.2795,0.7115,0.4280,29.33
1789438755320,198.5086,26.5851,0.3717,0.3993,-0.5095,-0.5793,29.33
1789438755320,202.5726,26.3819,1.1181,-1.7679,1.1694,0.4890,29.33
1789438755320,199.9214,26.5144,0.0961,0.2162,-0.0516,-0.3046,29.32
1789438755320,198.1166,26.6047,0.6357,-1.0048,0.5894,0.5501,29.42
1789438755320,200.3447,26.4933,0.0806,0.0636,0.0094,-0.1215,29.33
1789438755320,198.4114,26.5900,0.5291,-0.9132,0.8641,0.4280,29.39
1789438755331,200.3053,26.4953,0.0238,0.2467,0.0400,-0.0299,29.34
1789438755341,197.4780,26.6368,0.7961,-1.3711,0.8031,0.4585,29.33
1789438755417,200.1170,26.5047,0.1176,0.3993,0.2536,0.2754,29.35
1789438755417,197.3588,26.6427,0.6742,-1.1574,0.7420,0.4890,29.31
1789438755417,200.5486,26.4831,0.0258,0.4909,0.3147,0.3059,29.32
1789438755417,197.7366,26.6238,0.5754,-0.9438,0.9862,0.5806,29.31
1789438755417,199.8233,26.5194,0.0065,0.5520,0.5284,0.0312,29.32
1789438755417,197.2336,26.6489,0.6105,-0.8827,0.8641,0.5196,29.31
1789438755419,200.1753,26.5017,-0.0103,0.4299,0.4368,0.1838,29.31
1789438755422,198.0160,26.6098,0.4170,-0.5164,0.4978,0.6111,29.31
1789438755431,199.8151,26.5199,-0.0024,0.1857,0.2231,0.0006,29.32
1789438755441,198.7382,26.5737,0.2502,-0.3027,0.2231,0.7943,29.30
1789438755518,199.2796,26.5466,-0.0361,0.2467,0.0400,0.0312,29.32
1789438755518,196.4094,26.6903,0.3844,-0.4248,0.6199,0.7332,29.31
1789438755518,200.0206,26.5098,0.0954,0.1857,-0.0211,0.0617,29.31
1789438755518,197.2799,26.6469,0.3688,-0.6385,0.4673,0.5196,29.32
1789438755518,199.3027,26.5458,-0.0617,0.2162,0.0705,-0.1520,29.32
1789438755518,197.0391,26.6591,0.4446,-0.4248,0.4978,0.7638,29.31
1789438755519,199.1480,26.5535,-0.1397,0.1551,-0.0211,-0.0909,29.31
1789438755520,196.8291,26.6696,0.4157,-0.5775,0.4063,0.4585,29.31
1789438755531,199.6372,26.5292,0.0298,0.3383,-0.0821,0.0922,29.33
1789438755542,196.8649,26.6679,0.3525,-0.6385,0.4368,0.4585,29.31
1789438755619,199.8369,26.5193,0.0137,0.3078,0.1010,0.1533,29.31
1789438755619,197.4044,26.6409,0.3523,-0.5775,0.2842,0.2448,29.31
1789438755619,198.5304,26.5846,0.0821,0.3993,-0.2042,0.2448,29.32
1789438755619,196.6293,26.6797,0.3986,-0.6080,0.4063,0.2754,29.33
1789438755619,200.0821,26.5070,0.0453,0.3688,-0.1432,0.3059,29.36
1789438755619,197.9435,26.6140,0.3192,-0.5469,0.1621,0.2448,29.32
1789438755620,200.4471,26.4888,0.0986,0.3993,-0.0516,0.2448,29.32
1789438755624,198.2331,26.5996,0.3510,-0.4248,0.1926,0.3669,29.31
1789438755630,200.2171,26.5004,0.0506,0.2772,-0.0516,0.3364,29.32
1789438755642,197.4275,26.6400,0.4731,-0.4859,0.1926,0.1533,29.32
1789438755718,200.0912,26.5068,0.1417,0.6435,-0.1432,0.3059,29.30
1789438755718,197.3456,26.6440,0.3362,-0.3638,0.1621,0.3059,29.31
1789438755718,200.5312,26.4847,0.0041,0.3993,-0.0211,0.2754,29.32
1789438755718,197.7332,26.6246,0.3204,-0.4859,0.2536,0.3059,29.32
1789438755718,199.6622,26.5282,-0.0237,0.6741,0.1010,0.3975,29.31
1789438755718,197.4529,26.6387,0.2795,-0.3638,0.1010,0.4585,29.33
1789438755719,200.1120,26.5057,-0.0373,0.4604,0.1926,0.3364,29.31
1789438755721,198.0845,26.6071,0.3673,-0.1806,0.3452,0.3669,29.31
1789438755730,199.4491,26.5390,-0.0772,0.5520,0.0705,0.3975,29.31
1789438755742,198.7575,26.5735,0.3961,0.0025,0.4063,0.5806,29.33
1789438755818,199.4193,26.5405,-0.0399,0.2467,-0.0211,0.1533,29.34
1789438755818,196.4705,26.6880,0.3533,-0.2722,0.4978,0.2448,29.31
1789438755818,200.0489,26.5091,-0.0013,0.5214,-0.0821,0.1533,29.32
1789438755818,197.1428,26.6545,0.3328,0.0636,0.5284,0.5196,29.32
1789438755818,199.1695,26.5532,-0.0627,0.1857,0.0705,0.1227,29.32
1789438755818,197.0940,26.4455,0.4852,0.0025,0.4368,0.4890,29.32
1789438755819,199.2435,26.5496,-0.1150,0.1246,-0.0516,0.0617,29.32
1789438755823,200.8627,26.4687,0.4568,-0.2417,0.4673,0.3364,29.32
1789438755831,199.3158,26.5461,0.0028,0.2162,-0.1127,0.0006,29.34
1789438755842,201.5464,26.4346,0.5098,-0.1806,0.1010,0.1533,29.32
1789438755851,196.9388,26.6653,-0.0149,0.2772,-0.1737,0.1227,29.31
1789438755920,199.4915,26.5379,0.7145,-0.2112,0.1926,0.2143,29.33
1789438755920,199.8077,26.5222,0.0415,0.1246,-0.1432,0.1533,29.32
1789438755920,201.8849,26.4185,0.6843,-0.1806,0.1621,0.0617,29.32
1789438755920,201.1432,26.4555,0.0344,0.1551,-0.2042,0.0922,29.33
1789438755920,202.2397,26.4006,0.5347,-0.2112,0.1621,0.1838,29.34
1789438755920,200.2630,26.4995,0.1140,0.2162,-0.4179,0.1533,29.33
1789438755920,202.7356,26.3759,0.6790,-0.3333,0.1926,0.0312,29.32
1789438755931,201.1672,26.4542,-0.0083,0.1857,-0.2042,0.0922,29.31
1789438755941,200.6454,26.4803,0.9054,-0.3027,0.4368,-0.1825,29.31
1789438756018,199.5081,26.5372,0.1787,0.1857,-0.3874,0.2143,29.31
1789438756018,201.6799,26.4285,0.7159,-0.2417,0.2536,0.0617,29.32
1789438756018,201.1209,26.4564,-0.0290,0.2772,-0.1737,0.1838,29.31
1789438756018,202.2233,26.4013,0.5622,-0.1196,0.1315,0.1533,29.32
1789438756018,200.8138,26.4718,0.0538,0.2162,-0.1737,0.4280,29.30
1789438756018,202.1428,26.4054,0.5882,-0.1806,0.1926,0.0617,29.29
1789438756019,200.5128,26.4869,0.0390,0.3078,-0.2042,0.4280,29.34
1789438756023,201.1577,26.4547,0.6726,-0.1501,0.2842,0.0006,29.34
1789438756031,200.1724,26.5040,0.0156,0.5520,0.0400,0.6417,29.30
1789438756041,201.9771,26.4138,0.7902,-0.1501,0.2536,-0.0909,29.33
1789438756051,200.0950,26.5079,0.0176,0.4909,-0.0821,0.5501,29.32
1789438756120,200.1641,26.5045,0.6658,-0.2417,0.3147,-0.0299,29.33
1789438756120,199.5784,26.5338,0.0017,0.5825,-0.1127,0.7638,29.35
1789438756120,200.7069,26.4775,0.5666,-0.1501,0.3757,0.0006,29.33
1789438756120,200.2994,26.4979,-0.0203,0.5520,0.0705,0.5196,29.31
1789438756120,201.2462,26.4507,1.0329,-0.1196,0.5894,-0.3351,29.33
1789438756120,201.2940,26.4482,-0.1204,0.5214,0.1926,0.3364,29.32
1789438756120,200.9012,26.4679,0.7992,-0.0891,0.3452,-0.2130,29.32
1789438756131,199.9548,26.5153,-0.0486,0.1857,-0.2042,0.4890,29.32
1789438756142,201.6510,26.4305,1.0740,0.1551,0.9252,-0.3351,29.33
1789438756151,201.3691,26.4446,-0.0807,0.0941,-0.1432,0.3059,29.32
1789438756220,201.5497,26.4356,0.9669,0.3993,0.8641,-0.0909,29.34
1789438756220,200.2960,26.4983,-0.0448,0.1246,-0.3263,0.2754,29.33
1789438756220,201.8301,26.4217,1.3274,0.3993,1.1389,-0.3046,29.32
1789438756220,200.6084,26.4827,-0.0681,0.3078,-0.5095,0.3059,29.31
1789438756220,201.9563,26.4154,1.0405,0.3993,1.0778,-0.2436,29.31
1789438756220,200.2109,26.5027,0.1851,0.3688,-0.4484,0.3669,29.30
1789438756224,202.4191,26.3923,1.5590,0.5214,1.2915,-0.7930,29.32
1789438756231,201.1385,26.4562,-0.0136,0.0941,-0.2653,0.2754,29.31
1789438756241,200.2277,26.5018,0.9422,0.4299,1.3220,-0.5183,29.33
1789438756251,199.7224,26.5270,-0.0570,0.2162,-0.2958,0.3669,29.38
1789438756321,201.5803,26.4342,0.9568,0.4604,1.1389,-0.3657,29.32
1789438756321,201.4657,26.4398,-0.0006,0.1857,-0.4790,0.2754,29.33
1789438756321,201.9527,26.4155,0.9631,0.1551,0.8641,-0.6404,29.33
1789438756321,200.3396,26.4962,-0.0190,0.1246,-0.4179,0.1838,29.34
1789438756321,202.0938,26.4085,1.2051,0.2467,1.0473,-0.7320,29.33
1789438756321,200.8475,26.4707,-0.0127,0.0941,-0.2958,0.0617,29.33
1789438756321,201.3902,26.4437,1.1722,0.2467,0.8641,-1.1288,29.32
1789438756331,199.8475,26.5208,0.0118,0.1551,-0.2653,0.3364,29.32
1789438756340,202.3041,26.3981,1.3746,0.5520,0.8641,-1.3425,29.33
1789438756417,199.8086,26.5227,-0.0566,0.1551,-0.4179,0.2448,29.32
1789438756417,200.4041,26.4930,0.7589,0.2162,0.7420,-1.0372,29.32
1789438756417,199.7921,26.5237,0.1362,0.0941,-0.3263,0.3364,29.29
1789438756417,200.7670,26.4750,0.6176,0.0941,0.6505,-0.6709,29.31
1789438756417,200.4107,26.4929,0.0730,0.1551,-0.1432,0.3059,29.36
1789438756417,201.3083,26.4481,1.0527,0.7351,0.5284,-1.1593,29.32
1789438756418,200.9158,26.4677,0.1020,0.0636,-0.0821,0.0922,29.31
1789438756422,201.0381,26.4616,0.8379,0.3383,0.4978,-0.8846,29.33
1789438756431,200.0275,26.5122,0.1530,0.3383,0.0705,0.5501,29.28
1789438756441,201.4646,26.4405,0.8616,0.7656,0.5894,-1.0067,29.30
1789438756518,200.7907,26.4270,0.2906,0.2772,0.0400,0.4890,29.32
1789438756518,201.8971,26.6418,0.8211,0.8572,0.6810,-0.8235,29.32
1789438756518,201.8724,26.4200,0.1910,0.4604,0.1010,0.4585,29.28
1789438756518,197.4784,26.6398,1.1958,1.3761,0.7726,-1.0983,29.31
1789438756518,202.5466,26.3863,0.3189,0.4604,0.3147,0.4585,29.31
1789438756518,198.3871,26.5944,0.8193,0.9183,0.7726,-0.5793,29.31
1789438756519,200.3697,26.4952,0.8212,-0.3027,0.2231,1.0385,29.33
1789438756520,197.3224,26.6477,1.0435,1.1930,0.5894,-1.0372,29.32
1789438756531,201.7466,26.4263,0.3365,0.1857,0.2536,0.5196,29.32
1789438756541,198.8898,26.5691,0.6156,0.7351,0.7420,-0.2741,29.32
1789438756551,202.0860,26.4094,0.3789,0.3078,0.3757,0.3364,29.32
1789438756620,198.8302,26.5722,0.7386,0.5825,0.4673,-0.7320,29.32
1789438756620,202.3640,26.3954,0.4180,0.3383,0.2842,0.4585,29.35
1789438756620,198.2479,26.6012,0.5505,0.3688,0.3147,-0.7014,29.33
1789438756620,201.5335,26.4369,0.5964,0.0636,0.3757,0.6722,29.32
1789438756620,198.0455,26.6114,0.7209,0.6741,0.2231,-0.8846,29.31
1789438756620,202.6460,26.3813,0.5776,0.0636,0.3147,0.3975,29.32
1789438756624,197.7899,26.6241,0.5824,0.7046,0.2842,-0.7930,29.32
1789438756630,200.9916,26.4640,0.3886,0.0025,0.3452,0.6111,29.32
1789438756641,197.0212,26.6626,0.5685,0.8267,0.2842,-0.7625,29.32
1789438756651,201.3124,26.4480,0.2149,0.3688,0.3147,0.2754,29.31
1789438756719,198.2026,26.6035,0.4096,0.4604,0.5589,-0.2130,29.32
1789438756719,201.3448,26.4465,0.4207,0.1551,0.4368,0.3975,29.32
1789438756719,198.7144,26.5780,0.3565,0.5214,0.5589,-0.2130,29.32
1789438756719,200.7932,26.4742,0.6755,-0.0891,0.4368,0.5806,29.33
1789438756719,197.0383,26.6620,0.4011,0.7962,0.5589,-0.3046,29.32
1789438756720,201.1469,26.4568,0.8862,-0.3943,0.4063,0.8859,29.27
1789438756720,197.4805,26.6401,0.4407,0.6741,0.4978,-0.2741,29.32
1789438756731,201.7093,26.4288,0.9060,-0.3333,0.5589,0.8859,29.31
1789438756741,197.9411,26.6172,0.3582,0.3078,0.1926,-0.6709,29.32
1789438756750,201.7089,26.4288,1.0840,-0.5469,0.4978,1.0385,29.32
1789438756819,197.8870,26.6198,0.3125,0.3993,0.1621,-0.3962,29.33
1789438756819,201.6477,26.4319,0.6880,-0.2112,0.4673,0.6417,29.41
1789438756819,197.3633,26.6462,0.5488,0.7656,-0.1127,-0.7320,29.34
1789438756819,202.5238,26.3881,1.4579,-0.9438,0.8031,1.0995,29.32
1789438756819,198.3763,26.5955,0.3264,0.4909,0.0094,-0.5183,29.33
1789438756819,200.3480,26.4969,0.9989,-0.9132,0.4673,1.2827,29.32
1789438756823,197.3110,26.6488,0.2437,0.4604,0.1621,-0.3046,29.32
1789438756830,201.5122,26.4387,0.8242,-0.7301,0.5589,0.8248,29.33
1789438756841,198.3339,26.5976,0.2093,0.3078,0.2231,-0.1520,29.33
1789438756851,201.9868,26.4151,1.3023,-1.0048,0.8947,0.9469,29.32
1789438756921,198.9077,26.5690,0.2456,0.5825,0.2231,-0.1215,29.32
1789438756921,202.3471,26.3971,1.2101,-0.9132,0.8336,1.0690,29.38
1789438756921,198.4198,26.5934,0.1902,0.6130,0.3147,-0.0299,29.35
1789438756921,201.3859,26.4451,1.1505,-1.1574,0.8031,0.8859,29.31
1789438756921,198.1524,26.6068,0.2930,0.8572,0.2536,0.0006,29.32
1789438756921,202.4754,26.3906,1.3439,-1.4627,0.9862,1.0385,29.33
1789438756921,197.9384,26.6174,0.1956,0.5825,0.2231,0.0617,29.30
1789438756930,200.9749,26.4656,0.6925,-0.7911,0.5284,0.8248,29.30
1789438756941,197.2007,26.6544,0.1992,0.5214,-0.0211,-0.3657,29.33
1789438756951,201.6075,26.4340,0.4998,-0.2722,0.5284,0.8553,29.32
1789438757020,198.2442,26.6021,0.1546,0.3383,-0.2653,-0.2130,29.33
1789438757020,201.3553,26.4467,1.0992,-1.3711,1.1999,0.6417,29.31
1789438757020,198.6986,26.5795,0.1423,0.1857,-0.1432,-0.1520,29.30
1789438757020,200.7896,26.4751,0.8660,-1.1574,0.8947,0.7638,29.32
1789438757020,197.0312,26.6630,0.0742,0.1551,-0.0516,-0.3046,29.31
1789438757020,201.5461,26.4374,0.9112,-0.9743,1.0778,1.1301,29.32
1789438757024,197.5709,26.5478,0.0853,0.2772,0.0400,-0.2436,29.32
1789438757030,201.7553,26.4271,0.8835,-1.3711,1.0473,0.5501,29.27
1789438757040,199.4086,26.5444,0.0835,0.3078,0.0400,-0.2436,29.32
1789438757079,201.8212,26.4238,0.8638,-1.4627,1.0473,0.4585,29.35
1789438757079,199.8994,26.5198,0.0360,0.3078,-0.0516,-0.0909,29.33
1789438757079,197.2091,26.6544,0.7332,-1.9511,0.2231,0.5196,29.31
1789438757156,198.4309,26.5933,0.3831,0.7046,-0.1432,0.0312,29.31
1789438757156,197.0903,26.6604,0.7659,-1.2185,0.9557,0.5806,29.32
1789438757156,199.8341,26.5231,0.1148,0.5214,0.1926,0.1227,29.32
1789438757156,198.0144,26.6141,0.5862,-1.0659,0.8031,0.5196,29.32
1789438757156,200.2028,26.5047,0.0586,0.3383,0.3452,-0.0299,29.33
1789438757156,198.3380,26.5980,0.5049,-0.7301,0.7115,0.6111,29.32
1789438757227,200.2735,26.5011,0.0370,0.4909,0.4063,0.1838,29.32
1789438757227,197.2898,26.6504,0.7226,-1.0964,1.0778,0.5501,29.32
1789438757227,200.0329,26.5132,0.1621,0.4909,0.0705,0.1533,29.32
1789438757227,197.3141,26.6492,0.6079,-0.8827,0.8641,0.6722,29.32
1789438757227,200.5463,26.4875,0.0041,0.3383,0.2842,0.0922,29.33
1789438757227,197.6488,26.6324,0.5181,-0.7301,0.7115,0.7638,29.33
1789438757227,199.4758,26.5410,0.0504,0.3078,-0.0516,0.0312,29.32
1789438757233,197.2992,26.6499,0.4429,-0.6080,0.8947,0.7332,29.31
1789438757233,200.0727,26.5111,-0.0029,0.0636,0.1010,-0.1520,29.32
1789438757233,198.2684,26.6014,0.3455,-0.3333,0.6199,0.7638,29.33
1789438757240,199.6277,26.5335,0.0121,0.0025,0.1010,-0.0909,29.30
1789438757251,198.3891,26.5954,0.2445,-0.1501,0.1926,0.6417,29.32
1789438757338,199.2586,26.5519,-0.0157,0.0941,-0.0211,0.0922,29.32
1789438757338,196.1407,26.7079,0.4857,-0.7301,0.8641,0.4890,29.32
1789438757338,199.8854,26.5207,0.1775,0.1551,-0.2042,-0.0909,29.32
1789438757338,197.2093,26.6546,0.3701,-0.4554,0.5589,0.4585,29.32
1789438757338,199.4469,26.5428,-0.0622,0.0330,-0.0516,-0.1215,29.32
1789438757338,197.0144,26.6645,0.3652,-0.5469,0.4063,0.4890,29.32
1789438757338,199.1378,26.5583,-0.1481,0.1551,-0.0516,-0.1825,29.31
1789438757338,196.7608,26.6773,0.3551,-0.6996,0.1926,0.2448,29.31
1789438757340,199.5996,26.5353,0.0446,0.2772,0.0705,0.1227,29.32
1789438757350,196.8450,26.6732,0.3550,-0.4859,0.1926,0.3669,29.32
1789438757420,199.8262,26.5240,0.0046,0.2467,0.0400,0.0006,29.32
1789438757420,197.1732,26.6567,0.3061,-0.4554,0.2842,0.3669,29.31
1789438757420,198.4120,26.5949,0.0901,0.4299,-0.2042,0.0922,29.32
1789438757420,196.9721,26.6669,0.4064,-0.5469,0.3147,0.3059,29.32
1789438757420,199.9151,26.5197,0.0607,0.3993,-0.1737,0.2448,29.29
1789438757420,198.0603,26.6124,0.2978,-0.5469,0.1621,0.1838,29.31
1789438757424,200.3128,26.4999,0.1496,0.4299,-0.2042,0.2448,29.32
1789438757430,198.3929,26.5959,0.3453,-0.4248,0.1621,0.2754,29.31
1789438757442,200.2988,26.5005,0.0123,0.3993,0.1010,0.3364,29.32
1789438757451,197.3061,26.6502,0.4485,-0.4248,0.1315,0.3059,29.32
1789438757520,200.0290,26.5140,0.1216,0.6741,0.0705,0.4280,29.32
1789438757520,197.3137,26.6498,0.3458,-0.4554,0.1926,0.2754,29.33
1789438757520,200.5255,26.4891,-0.0156,0.5214,0.1926,0.3975,29.31
1789438757520,197.8986,26.6205,0.2831,-0.3027,0.3452,0.4280,29.32
1789438757520,199.7696,26.5270,-0.0312,0.6130,0.1621,0.2448,29.33
1789438757520,197.3479,26.6480,0.3024,-0.1501,0.0705,0.3975,29.32
1789438757520,200.0912,26.5108,-0.0397,0.4299,0.2536,0.3975,29.32
1789438757530,198.3471,26.5981,0.3111,-0.1806,0.2231,0.3669,29.31
1789438757541,199.6704,26.5320,-0.0577,0.1857,0.0400,0.0617,29.31
1789438757550,198.6645,26.5823,0.3680,-0.1196,0.2536,0.4280,29.32
1789438757619,200.2336,26.5038,-0.0446,0.4299,0.0400,0.3059,29.31
1789438757619,197.6766,26.6315,0.3587,-0.0891,0.5894,0.5196,29.32
1789438757619,200.6664,26.4820,-0.0046,0.4604,-0.1432,0.3669,29.32
1789438757619,197.1086,26.4577,0.3039,0.0941,0.4063,0.6111,29.33
1789438757619,199.1798,26.5564,-0.1074,0.3993,-0.0211,0.2448,29.32
1789438757619,201.1777,26.4566,0.5281,0.0025,0.4673,0.4890,29.32
1789438757624,199.1861,26.4814,-0.0918,0.3078,-0.1737,0.1838,29.32
1789438757631,200.9857,26.4664,0.5453,0.1246,0.3147,0.6111,29.33
1789438757642,199.6026,26.5356,0.0032,0.2162,-0.3569,0.0922,29.30
1789438757651,201.3858,26.4465,0.5980,-0.0891,0.4978,0.1533,29.32
1789438757720,200.8599,26.4728,-0.0183,0.1246,-0.1737,0.0617,29.31
1789438757720,201.7791,26.4269,0.5817,-0.1501,0.1010,0.1227,29.32
1789438757720,200.7663,26.4775,-0.0077,0.1857,-0.2653,0.1227,29.31
1789438757720,201.9435,26.4187,0.7257,-0.1806,0.1621,0.0617,29.31
1789438757720,201.1458,26.4585,-0.0116,0.2772,-0.2653,0.2448,29.31
1789438757720,201.8740,26.4221,0.6299,-0.3027,0.1621,0.1227,29.31
1789438757720,200.1439,26.5087,0.1479,0.1551,-0.4484,0.2143,29.35
1789438757731,202.3901,26.3964,0.8638,-0.2112,0.2536,0.0617,29.33
1789438757742,200.5411,26.4887,0.0949,0.0636,-0.4790,0.2448,29.30
1789438757819,200.3166,26.5001,1.1448,-0.1501,0.5894,-0.6099,29.31
1789438757819,199.8362,26.5241,0.1021,0.2467,-0.4790,0.3059,29.32
1789438757819,201.4520,26.4433,0.6935,-0.1501,0.2231,-0.0909,29.30
1789438757819,200.9253,26.4696,0.0926,0.1551,-0.2958,0.2754,29.32
1789438757819,202.1166,26.4100,0.7044,-0.3333,0.3452,-0.0299,29.32
1789438757819,200.7593,26.4779,0.0919,0.3078,-0.3263,0.3669,29.32
1789438757820,202.1129,26.4103,0.7426,-0.2417,0.2231,0.0312,29.32
1789438757824,200.4978,26.4910,0.0487,0.3383,-0.3874,0.3669,29.32
1789438757830,201.5052,26.4406,0.8821,-0.0891,0.2536,-0.1215,29.32
1789438757840,200.0776,26.5120,0.0056,0.3078,-0.1127,0.3364,29.30
1789438757918,202.2442,26.4037,1.1516,-0.1806,0.5589,-0.5488,29.31
1789438757918,200.2319,26.5043,-0.0179,0.5214,-0.0211,0.6417,29.31
1789438757918,200.6771,26.4821,0.7953,0.0330,0.5284,-0.2741,29.32
1789438757918,199.5544,26.5383,-0.0018,0.5214,-0.0821,0.5501,29.32
1789438757918,201.3021,26.4509,0.6304,-0.0585,0.3452,0.0312,29.32
1789438757918,200.8676,26.4727,-0.0621,0.4299,0.0094,0.5501,29.32
1789438757919,201.3669,26.4478,1.0386,0.0025,0.7420,-0.5488,29.32
1789438757920,200.8603,26.4732,-0.1099,0.3688,-0.0516,0.4890,29.33
1789438757930,201.0742,26.4626,0.9448,0.1246,0.7115,-0.4572,29.32
1789438757942,199.6657,26.5331,-0.0603,0.2467,-0.0516,0.5806,29.31
1789438758018,201.4139,26.4457,1.0606,0.1551,1.0168,-0.6404,29.32
1789438758018,200.8703,26.4730,-0.0817,0.3383,-0.3263,0.5806,29.33
1789438758018,201.7946,26.4268,1.1119,0.2772,0.9557,-0.5488,29.32
1789438758018,200.5795,26.4875,-0.1001,0.3688,-0.2653,0.3975,29.32
1789438758018,202.0480,26.4141,1.5092,0.5520,1.0473,-0.9151,29.32
1789438758018,201.1372,26.4596,-0.0565,0.3993,-0.2348,0.5501,29.31
1789438758019,202.0707,26.4130,0.9763,0.2772,0.8641,-0.5793,29.32
1789438758023,200.0545,26.5138,0.2589,0.2162,0.0705,0.5196,29.31
1789438758031,202.3357,26.3998,1.5197,0.8572,1.0473,-1.0983,29.33
1789438758042,200.6043,26.4863,-0.0143,0.3078,0.0400,0.4585,29.32
1789438758051,200.4744,26.4929,1.0652,0.4604,1.1083,-1.2204,29.34
1789438758124,199.8475,26.5242,-0.0454,0.2772,-0.3874,0.3975,29.36
1789438758124,201.4390,26.4446,0.8324,0.4909,0.8947,-0.6099,29.33
1789438758124,201.2990,26.4516,-0.0782,0.3383,0.0094,0.3669,29.29
1789438758124,201.8758,26.4228,0.8553,0.3993,0.9557,-0.6404,29.34
1789438758124,200.4542,26.4938,0.0633,0.0941,-0.4179,0.3364,29.32
1789438758124,201.9760,26.4178,1.0063,0.7656,0.9252,-0.7014,29.30
1789438758124,200.7897,26.4771,-0.0173,0.3383,0.1315,0.3364,29.31
1789438758130,201.5713,26.4380,1.0914,0.7962,1.0168,-0.9762,29.32
1789438758140,199.8887,26.5222,0.0066,0.0941,-0.3569,0.2143,29.32
1789438758151,202.2931,26.4020,0.9946,0.9183,1.0168,-0.7930,29.32
1789438758219,199.8155,26.5258,-0.1513,0.3383,0.1926,0.4280,29.31
1789438758219,200.4001,26.4966,0.6185,0.5214,1.0473,-0.3962,29.31
1789438758219,199.7976,26.5268,-0.0778,0.3078,-0.0516,0.4890,29.31
1789438758219,200.7797,26.4777,0.3601,0.5520,0.8947,-0.2130,29.33
1789438758219,200.3272,26.5004,0.0302,0.3383,0.1010,0.4280,29.33
1789438758219,201.3005,26.6825,1.0176,1.0098,0.7115,-0.9151,29.32
1789438758223,201.6721,26.4333,0.1768,0.1857,0.0094,0.1838,29.31
1789438758231,197.8295,26.6255,0.8260,0.5214,0.5589,-0.6709,29.34
1789438758241,201.5096,26.4415,0.2538,0.2162,0.2842,0.2754,29.32
1789438758317,197.4439,26.6449,0.8114,0.6130,0.3452,-0.9456,29.31
1789438758317,201.7339,26.4303,0.4814,0.1551,-0.0211,0.4585,29.31
1789438758317,197.3615,26.6490,0.7396,0.5825,0.2536,-0.9456,29.32
1789438758317,201.8320,26.4254,0.3277,0.3993,0.1010,0.4890,29.31
1789438758317,197.8365,26.6253,0.9379,0.8877,0.3452,-1.1288,29.32
1789438758317,202.3425,26.3999,0.6824,-0.0585,0.4063,0.2448,29.30
1789438758319,198.4704,26.5935,0.6750,0.4604,0.1621,-0.8846,29.32
1789438758320,200.1954,26.5073,0.9173,-0.5469,0.5589,1.0995,29.33
1789438758331,197.1367,26.6603,0.6902,0.9183,0.2231,-0.9151,29.32
1789438758342,201.6516,26.4344,0.6128,-0.1806,0.4368,0.7638,29.28
1789438758351,198.1748,26.6083,0.4964,0.7046,0.3147,-0.7625,29.31
1789438758420,202.1349,26.4103,0.6184,-0.0280,0.2231,0.4890,29.35
1789438758420,198.7482,26.5796,0.5643,0.7962,0.4978,-0.5183,29.32
1789438758420,202.4550,26.3942,0.5330,-0.0585,0.0400,0.3669,29.30
1789438758420,198.1691,26.6085,0.3264,0.5214,0.6505,-0.2130,29.32
1789438758420,201.7873,26.4276,0.6271,0.0025,0.2536,0.4890,29.30
1789438758420,198.0063,26.6166,0.5427,0.7656,0.5589,-0.4572,29.31
1789438758420,197.4032,26.6469,0.9236,-0.4248,0.3757,0.9774,29.31
1789438758430,196.1201,26.7113,0.6468,1.1319,0.5284,-0.4267,29.32
1789438758441,200.0257,26.5162,0.7561,-0.3943,0.4978,0.5806,29.31
1789438758451,197.0327,26.6659,0.5981,0.8877,0.3452,-0.7014,29.32
1789438758520,201.5215,26.4414,0.3144,0.0636,0.1621,0.3059,29.27
1789438758520,199.2682,26.5540,0.4049,0.5214,0.4063,-0.1215,29.32
1789438758520,201.7528,26.4298,0.8381,-0.2722,0.4978,0.4890,29.33
1789438758520,199.1469,26.5601,0.3875,0.4604,0.2536,-0.2130,29.32
1789438758520,200.6695,26.4841,0.6608,-0.2722,0.4673,0.4280,29.31
1789438758520,197.1527,26.6599,0.4149,0.5520,0.1926,-0.4572,29.33
1789438758520,201.6081,26.4372,0.8370,-0.2112,0.4368,0.7943,29.31
1789438758530,197.8065,26.6273,0.3871,0.3993,0.1926,-0.5183,29.30
1789438758541,201.4825,26.4437,0.9929,-0.6080,0.5284,0.9164,29.32
1789438758619,197.4656,26.6445,0.3253,0.3688,-0.0211,-0.4878,29.31
1789438758619,201.7435,26.4307,1.2294,-0.9743,0.5894,1.1301,29.34
1789438758619,197.9050,26.6226,0.2572,0.3993,-0.0516,-0.3962,29.33
1789438758619,201.5546,26.4402,0.9219,-0.7301,0.5589,0.8859,29.31
1789438758619,197.6868,26.6337,0.3853,0.7962,0.0705,-0.3962,29.32
1789438758619,202.4995,26.3930,1.5605,-1.4322,0.8641,1.0385,29.32
1789438758620,198.3685,26.5995,0.2553,0.5520,0.1315,-0.2436,29.32
1789438758624,200.3927,26.4984,1.0195,-0.9438,0.4673,1.2827,29.32
1789438758630,197.0944,26.6633,0.2296,0.5520,0.1926,-0.1825,29.32
1789438758641,201.6395,26.4360,0.8954,-0.9438,0.4978,0.8248,29.33
1789438758718,198.7128,26.5823,0.1772,0.4604,0.2842,-0.0909,29.33
1789438758718,201.9942,26.4183,1.1894,-1.2795,0.7420,0.7027,29.30
1789438758718,198.6784,26.5841,0.2826,0.7046,0.1621,0.0617,29.33
1789438758718,202.4190,26.3970,1.0483,-1.2490,0.7115,0.5501,29.31
1789438758718,198.1486,26.6105,0.1482,0.4909,0.3147,0.1533,29.32
1789438758718,201.7754,26.4292,1.1218,-1.3711,0.7726,0.6722,29.32
1789438758719,198.0250,26.6166,0.2146,0.7351,0.2536,0.1227,29.34
1789438758720,202.7138,26.3822,1.1691,-1.2490,0.8336,0.9164,29.32
1789438758730,198.1082,26.6124,0.1954,0.3383,-0.0821,-0.2741,29.33
1789438758742,200.8521,26.4753,0.5769,-0.8217,0.3757,0.6111,29.32
1789438758751,197.3480,26.6505,0.1520,0.2162,-0.1737,-0.3351,29.33
1789438758820,201.5311,26.4413,0.5596,-0.8522,0.3757,0.4585,29.32
1789438758820,198.5547,26.5901,0.0909,0.1857,-0.2348,-0.1825,29.32
1789438758820,201.2940,26.4533,1.0781,-1.6458,1.0168,0.5501,29.31
1789438758820,198.9095,26.5725,0.0904,0.1246,-0.1127,-0.1215,29.32
1789438758820,200.6701,26.4846,0.7531,-1.1574,0.7115,0.6722,29.32
1789438758820,199.4891,26.5436,0.0599,0.2467,-0.0516,-0.1520,29.32
1789438758823,201.2485,26.4558,0.7271,-1.3101,0.6810,0.5196,29.31
1789438758830,198.9909,26.5686,0.0459,0.3993,0.0094,-0.2741,29.32
1789438758842,196.5243,26.6921,0.8361,-1.2795,1.0168,0.7027,29.32
1789438758851,199.6494,26.5359,0.0503,0.2772,0.3147,0.0006,29.31
1789438758920,197.0827,26.6643,0.7113,-1.1574,0.9557,0.4585,29.32
1789438758920,199.4859,26.5441,0.0033,0.4299,0.3757,0.1533,29.31
1789438758920,197.1425,26.6614,0.6316,-1.1269,0.6505,0.5196,29.31
1789438758920,198.7211,26.5824,0.2452,0.7962,0.1621,0.1227,29.32
1789438758920,196.7320,26.6819,0.9235,-1.4322,1.4136,0.4890,29.32
1789438758920,200.1281,26.5120,0.0548,0.5520,0.3452,0.3364,29.32
1789438758920,198.3644,26.6002,0.4672,-0.6385,0.7726,0.6722,29.32
1789438758930,200.3091,26.5029,0.0471,0.5214,0.3757,0.0922,29.33
1789438758941,198.3523,26.6008,0.4878,-0.6385,0.5589,0.7027,29.32
1789438759017,200.5900,26.4888,-0.0197,0.4604,0.3452,0.1838,29.32
1789438759017,197.4661,26.6451,0.6111,-0.7911,1.0168,0.6722,29.33
1789438759017,200.0047,26.5181,0.2032,0.4604,0.1315,0.1838,29.32
1789438759017,197.7179,26.6325,0.2972,-0.5164,0.4978,0.7638,29.31
1789438759017,200.7231,26.4821,-0.0179,0.2467,0.0705,0.1227,29.31
1789438759017,197.4630,26.6452,0.4765,-0.5775,0.5589,0.7332,29.32
1789438759018,199.5496,26.5408,0.0383,0.3688,0.0094,0.0617,29.32
1789438759022,197.4254,26.6471,0.4330,-0.5469,0.5284,0.7332,29.32
1789438759031,200.2653,26.5050,-0.0170,0.1551,-0.0211,-0.0604,29.32
1789438759042,198.3647,26.6001,0.3114,-0.1196,0.4063,0.7638,29.31
1789438759051,199.6768,26.5345,-0.0016,0.1551,-0.0211,-0.0299,29.34
1789438759120,198.4161,26.5975,0.2653,-0.1806,0.2536,0.7638,29.32
1789438759120,199.2725,26.5547,-0.0018,0.0636,-0.1432,-0.0299,29.33
1789438759120,196.4988,26.6935,0.4182,-0.4248,0.6199,0.6722,29.31
1789438759120,199.9250,26.5222,0.1669,0.3383,-0.1432,-0.1215,29.34
1789438759120,197.1399,26.6615,0.3560,-0.1806,0.6199,0.7638,29.33
1789438759120,199.3014,26.5535,-0.0940,0.0941,0.0094,-0.1215,29.30
1789438759120,197.2507,26.6561,0.3873,-0.2417,0.5589,0.7332,29.32
1789438759130,199.3297,26.5522,-0.0987,0.1551,-0.0821,-0.1215,29.30
1789438759141,197.0644,26.6656,0.3109,-0.1806,0.5284,0.7027,29.31
1789438759151,199.3513,26.5512,0.0232,0.1246,-0.1737,0.0922,29.35
1789438759220,196.9576,26.6709,0.3711,-0.1806,0.6199,0.7027,29.33
1789438759220,199.7903,26.5292,-0.0917,0.2467,-0.0211,-0.0299,29.32
1789438759220,197.2999,26.6538,0.3698,-0.3943,0.4673,0.3059,29.31
1789438759220,198.7269,26.5824,0.0542,0.1551,-0.3263,0.0006,29.32
1789438759220,196.8399,26.6768,0.3885,-0.4859,0.3452,0.1838,29.31
1789438759220,200.1003,26.5138,0.0516,0.4299,-0.2958,0.2448,29.31
1789438759224,198.0547,26.6161,0.3310,-0.5164,0.1926,0.3059,29.32
1789438759230,200.5028,26.4937,0.1037,0.2467,-0.2042,0.1227,29.32
1789438759241,198.2612,26.6058,0.3946,-0.4248,0.2842,0.2448,29.32
1789438759251,200.2592,26.5059,0.0354,0.3688,-0.1432,0.3059,29.32
1789438759320,197.4239,26.6477,0.5378,-0.4859,0.2536,0.1838,29.32
1789438759320,200.0981,26.5140,0.1818,0.4604,-0.2653,0.3975,29.32
1789438759320,198.8985,26.5740,0.4824,-0.3943,0.2231,0.1838,29.31
1789438759320,200.9983,26.4688,-0.0530,0.3993,0.0705,0.3059,29.31
1789438759320,197.8470,26.6263,0.3259,-0.3027,0.1315,0.1838,29.31
1789438759320,199.6418,26.5365,-0.0630,0.1857,-0.0516,-0.0299,29.32
1789438759320,197.6472,26.6362,0.3610,-0.3027,0.0705,0.2754,29.30
1789438759330,200.2016,26.5085,0.0210,0.3078,-0.0211,0.2448,29.33
1789438759341,198.2679,26.6052,0.4062,-0.3638,0.2231,0.1838,29.31
1789438759351,199.5406,26.5416,-0.0179,0.3383,0.0094,0.2754,29.32
1789438759420,198.8285,26.5772,0.3885,-0.2112,-0.0516,0.3364,29.33
1789438759420,199.4551,26.5459,0.0521,0.3688,-0.2653,0.1227,29.32
1789438759420,196.4987,26.4901,0.4430,-0.3943,0.1926,0.0922,29.32
1789438759420,200.0687,26.5153,0.1051,0.4909,-0.3874,0.2448,29.29
1789438759421,200.9859,26.4695,0.3839,-0.4554,0.1926,0.1227,29.35
1789438759421,199.3886,26.5494,-0.1171,0.2467,-0.0211,0.0922,29.30
1789438759421,201.3819,26.4498,0.4299,-0.2722,0.1926,0.4280,29.32
1789438759430,200.9578,26.4711,-0.0814,0.2467,0.1926,0.2448,29.32
1789438759441,200.7604,26.4811,0.4648,-0.2417,0.3147,0.2143,29.31
1789438759451,199.7689,26.5307,0.0598,0.4299,-0.1432,0.3975,29.29
1789438759520,201.2674,26.4558,0.4626,-0.2417,0.1926,0.3364,29.31
1789438759520,201.0826,26.4651,-0.0058,0.4909,0.0705,0.3975,29.33
1789438759520,201.6826,26.4351,0.5374,-0.1196,0.3147,0.2754,29.32
1789438759520,200.8069,26.4788,0.0517,0.4299,0.0094,0.3669,29.31
1789438759520,202.0212,26.4182,0.6679,0.0025,0.3147,0.3975,29.32
1789438759520,200.6162,26.4884,0.0108,0.5520,0.1315,0.4585,29.36
1789438759520,201.9185,26.4233,0.6562,0.2162,0.4673,0.4280,29.32
1789438759530,200.1000,26.5143,0.0692,0.4909,0.0094,0.5806,29.32
1789438759541,202.3622,26.4012,0.8856,0.0941,0.4978,0.3669,29.31
1789438759617,200.5358,26.4925,-0.0128,0.4909,-0.1127,0.4585,29.31
1789438759617,200.4928,26.4947,1.1732,0.2162,0.9557,-0.2741,29.30
1789438759617,199.6801,26.5353,0.0271,0.2772,-0.2348,0.3669,29.35
1789438759617,201.5587,26.4414,0.8161,0.1857,0.7115,0.3059,29.34
1789438759617,201.2638,26.4561,-0.0097,0.3383,-0.1127,0.3669,29.32
1789438759617,202.0808,26.4153,0.7105,0.1857,0.7115,0.3059,29.32
1789438759619,201.0141,26.4686,-0.0408,0.3078,-0.4179,0.4280,29.32
1789438759622,202.1723,26.4107,0.8195,0.0941,0.6810,0.3364,29.32
1789438759630,200.5990,26.4893,-0.0769,0.2467,-0.1432,0.3669,29.31
1789438759642,201.7352,26.4325,1.0315,0.3078,0.7115,0.0922,29.31
1789438759651,200.1942,26.5095,0.0293,0.2162,-0.3569,0.3669,29.32
1789438759720,201.9882,26.4199,1.0622,0.1857,0.6505,0.1227,29.31
1789438759720,200.1008,26.5142,-0.0438,0.1857,-0.3263,0.3364,29.31
1789438759720,200.6024,26.4891,0.7888,0.1246,0.8031,0.0922,29.32
1789438759720,199.8979,26.5244,0.0339,0.2772,-0.5705,0.3975,29.30
1789438759720,200.8753,26.4755,0.6427,-0.0280,0.4063,0.0312,29.31
1789438759720,200.6471,26.4871,-0.0665,0.1857,-0.3569,0.1838,29.29
1789438759720,201.0329,26.4678,1.1049,0.2162,0.9557,-0.3962,29.31
1789438759730,200.8802,26.4756,-0.0379,0.1857,-0.2653,0.1838,29.32
1789438759741,200.8041,26.4795,0.8871,0.1246,0.7726,-0.3351,29.32
1789438759818,199.7902,26.5303,0.0346,0.0330,-0.3874,0.2754,29.31
1789438759818,201.4786,26.4459,1.1205,0.2467,1.0168,-0.4572,29.33
1789438759818,200.9132,26.4742,-0.0029,0.0941,-0.2958,0.2448,29.31
1789438759818,201.8043,26.4297,1.0931,0.0330,0.7115,-0.7320,29.32
1789438759818,200.5882,26.4905,0.0037,0.1857,-0.3874,0.2754,29.34
1789438759818,201.9571,26.4221,1.5542,0.3688,1.1389,-1.0677,29.32
1789438759819,201.0894,26.4655,0.0655,0.0636,-0.4484,0.1838,29.35
1789438759823,202.2605,26.4070,1.1633,0.2772,1.0778,-0.6099,29.31
1789438759830,200.0856,26.5157,0.2583,0.0636,-0.3569,0.3975,29.31
1789438759842,202.7416,26.3829,1.7592,0.7046,0.8641,-1.4951,29.34
1789438759851,200.8283,26.4784,-0.0121,0.0330,-0.2653,0.2448,29.31
1789438759921,200.4731,26.4962,1.0556,0.0941,0.9557,-1.2509,29.31
1789438759921,199.4080,26.5495,0.0363,0.2467,-0.2653,0.3669,29.31
1789438759921,201.6378,26.4380,1.0637,0.2162,0.9557,-1.1593,29.32
1789438759921,201.0967,26.4650,0.0076,0.2467,-0.1432,0.3975,29.31
1789438759921,202.2223,26.4088,1.0102,0.3078,0.8947,-0.9456,29.31
1789438759921,200.8011,26.4798,0.0835,0.2162,-0.2958,0.4280,29.31
1789438759921,202.3351,26.4031,1.0560,0.3688,0.7115,-0.9456,29.32
1789438759930,200.9737,26.4711,-0.0058,0.3078,-0.0211,0.4585,29.32
1789438759941,201.4949,26.4451,1.0254,0.4299,0.6199,-1.2204,29.32
1789438759950,199.9001,26.5248,0.0482,0.3078,-0.1127,0.4280,29.32
1789438760020,202.3270,26.4036,1.1884,0.6435,0.7115,-1.3730,29.30
1789438760020,199.8262,26.5285,-0.0884,0.0636,-0.1737,0.2754,29.32
1789438760020,200.4530,26.4972,0.6218,0.0941,0.5894,-0.7320,29.31
1789438760020,199.8214,26.5288,0.0608,0.1246,-0.0211,0.2448,29.25
1789438760020,200.8332,26.4782,0.5025,0.1551,0.4673,-0.5488,29.31
1789438760020,200.6110,26.4894,0.1201,0.2162,-0.0211,0.3975,29.34
1789438760024,201.2236,26.4589,0.8374,0.7351,0.4673,-0.8846,29.32
1789438760030,201.2532,26.4574,0.2323,0.0636,0.1315,0.1227,29.30
1789438760040,197.5356,26.6434,0.7098,0.6435,0.6810,-0.7930,29.32
1789438760051,201.4479,26.4479,0.2739,0.1246,0.1010,0.2448,29.28
1789438760120,197.7106,26.6348,0.7790,0.8267,0.7726,-0.7014,29.32
1789438760120,201.8445,26.4281,0.3287,0.2467,-0.0211,0.3669,29.25
1789438760120,197.4965,26.6455,0.6681,0.7656,0.5894,-0.6709,29.29
1789438760120,201.6778,26.4364,0.3049,0.0025,0.0705,0.0617,29.31
1789438760120,197.4931,26.6457,1.0419,1.2235,0.5894,-0.9456,29.32
1789438760120,202.5537,26.3926,0.6039,-0.3027,0.0705,0.1838,29.31
1789438760120,198.0293,26.6189,0.8041,1.0098,0.7420,-0.6404,29.31
1789438760130,200.2744,26.5066,0.8509,-0.6690,0.1315,0.8553,29.32
1789438760140,200.0260,26.5190,0.7692,0.8267,0.4063,-1.0067,29.32
1789438760151,202.8989,26.3752,0.3296,-0.1501,0.1621,0.0617,29.31
1789438760221,199.0431,26.5678,0.5372,0.3688,0.3757,-0.6709,29.32
1789438760221,202.1624,26.4119,0.5971,-0.0280,0.1010,0.3059,29.32
1789438760221,198.7645,26.5818,0.5477,0.3993,0.2536,-0.6709,29.32
1789438760221,202.0352,26.4182,0.6478,-0.3027,0.1010,0.3975,29.33
1789438760221,198.2573,26.6071,0.4312,0.4299,0.2842,-0.5183,29.32
1789438760221,201.3024,26.4548,0.7829,-0.5469,0.1621,0.4280,29.30
1789438760221,198.1172,26.6141,0.5348,0.5214,0.2536,-0.6099,29.33
1789438760230,202.4560,26.3972,0.9021,-0.4859,0.0705,0.3059,29.32
1789438760241,197.9280,26.6236,0.4643,0.4604,0.1010,-0.7014,29.32
1789438760318,200.9727,26.4713,0.6247,-0.5775,0.2231,0.2448,29.31
1789438760318,197.1901,26.6605,0.4983,0.6130,0.1926,-0.8235,29.32
1789438760318,201.3988,26.4500,0.3464,-0.3027,0.1010,0.0312,29.32
1789438760318,198.8154,26.5792,0.3068,0.2162,0.1010,-0.4878,29.32
1789438760318,201.2391,26.4581,0.9585,-0.6385,0.2231,0.6111,29.33
1789438760318,199.2067,26.5597,0.2905,0.2772,0.1926,-0.3351,29.32
1789438760319,200.6291,26.4887,0.7691,-0.6690,0.2231,0.3669,29.31
1789438760320,196.9525,26.6725,0.3136,0.4604,0.2842,-0.2436,29.32
1789438760330,201.2806,26.4562,0.9167,-0.8522,0.1926,0.5196,29.31
1789438760341,197.5540,26.6426,0.2892,0.5214,0.2536,-0.2741,29.31
1789438760351,201.7454,26.4331,0.9829,-0.9132,0.1621,0.5806,29.36
1789438760420,197.7242,26.6341,0.3021,0.7351,0.4368,-0.1215,29.33
1789438760420,201.8739,26.4267,1.1477,-1.1269,0.4978,0.6417,29.32
1789438760420,197.5096,26.6448,0.2680,0.7046,0.3147,-0.0299,29.33
1789438760420,201.9075,26.4250,0.9743,-0.9132,0.3757,0.7332,29.32
1789438760420,198.0665,26.6170,0.5394,0.7656,0.3147,-0.4572,29.31
1789438760420,202.3080,26.4050,1.5672,-1.5237,1.2610,0.8248,29.47
1789438760424,198.3915,26.6007,0.2872,0.4299,0.0094,-0.3351,29.33
1789438760430,200.4058,26.5001,1.0080,-1.1880,0.3147,1.0385,29.32
1789438760440,197.0989,26.6654,0.2114,0.3383,-0.0821,-0.3657,29.32
1789438760559,201.8445,26.4281,0.9414,-1.0353,0.8641,0.8248,29.31
1789438760559,198.6751,26.5866,0.1880,0.3078,-0.2653,-0.3046,29.32
1789438760559,202.2568,26.4076,1.2490,-1.0964,0.9862,1.0080,29.31
1789438760559,198.6321,26.5887,0.2032,0.3078,-0.2653,-0.3046,29.32
1789438760559,202.6249,26.3891,1.0688,-0.8827,1.0778,0.9164,29.26
1789438760559,198.1413,26.6132,0.1265,0.2162,-0.0516,-0.2130,29.32
1789438760559,201.7728,26.4317,1.1172,-1.0353,1.0778,1.0080,29.30
1789438760559,198.0216,26.6191,0.1578,0.3688,-0.0211,-0.3046,29.31
1789438760559,202.6868,26.3859,1.1534,-1.1269,1.3525,1.0690,29.31
1789438760559,198.0968,26.6154,0.1325,0.2467,-0.0821,-0.3046,29.32
1789438760559,200.9241,26.4741,0.6067,-0.4859,0.7115,1.0385,29.38
1789438760629,197.3832,26.6511,0.0834,0.2772,-0.1127,-0.0909,29.33
1789438760629,201.5466,26.4430,0.5523,-0.6385,0.7420,0.7943,29.32
1789438760629,198.5621,26.5922,0.0456,0.1857,0.0094,-0.1825,29.33
1789438760629,201.5137,26.4447,1.0347,-1.4322,1.3525,0.8248,29.32
1789438760629,198.9173,26.5143,0.0651,0.1246,0.0400,-0.1215,29.34
1789438760629,200.6760,26.4867,0.7411,-1.1269,0.7420,0.7332,29.32
1789438760636,199.4804,26.5464,0.0498,0.3993,0.0705,0.0312,29.31
1789438760636,201.3082,26.6582,0.7284,-1.0964,0.9252,0.6111,29.32
1789438760640,199.0876,26.5662,-0.0144,0.5520,0.3452,0.0617,29.33
1789438760650,196.5374,26.6939,0.7307,-1.1574,1.0168,0.7638,29.32
1789438760723,199.4929,26.5461,0.0243,0.4299,0.4673,0.1533,29.31
1789438760723,196.6275,26.6895,0.7110,-1.2185,0.8336,0.5196,29.32
1789438760723,199.6271,26.5394,-0.0056,0.4299,0.3452,0.2448,29.33
1789438760723,197.2411,26.6587,0.5531,-0.8827,0.6810,0.4585,29.32
1789438760723,198.6174,26.5899,0.1720,0.7351,0.2231,0.1838,29.32
1789438760723,196.8144,26.6801,0.7889,-1.3406,1.1083,0.4585,29.32
1789438760723,199.9956,26.5209,0.0076,0.5214,0.4978,0.1533,29.32
1789438760730,197.9998,26.6208,0.4624,-0.7911,0.4673,0.4890,29.33
1789438760740,200.4747,26.4970,0.0017,0.5520,0.4368,0.1533,29.32
1789438760751,198.2468,26.6084,0.3862,-0.6996,0.4063,0.6111,29.31
1789438760819,200.2227,26.5096,-0.0107,0.2467,0.2536,0.0312,29.32
1789438760819,197.7910,26.6313,0.5788,-0.8217,0.7726,0.6417,29.32
1789438760819,200.1518,26.5132,0.1576,0.5520,0.0705,0.2754,29.32
1789438760819,197.6293,26.6394,0.4917,-0.7301,0.6199,0.4890,29.31
1789438760819,200.8157,26.4800,-0.0421,0.4604,0.3147,0.2754,29.32
1789438760819,197.5130,26.6451,0.4725,-0.7301,0.7726,0.5196,29.32
1789438760820,199.5832,26.5416,0.0191,0.1857,0.1621,0.0617,29.30
1789438760830,197.4373,26.6490,0.4140,-0.7911,0.7420,0.5196,29.32
1789438760841,200.2871,26.5064,-0.0298,0.3993,0.3757,0.2448,29.32
1789438760850,198.4497,26.5983,0.3121,-0.3333,0.2231,0.6722,29.31
1789438760919,199.7205,26.5348,-0.0367,0.3993,0.3757,0.0922,29.31
1789438760919,198.6901,26.5863,0.2892,-0.1806,0.3147,0.6417,29.31
1789438760919,199.3776,26.5519,-0.0139,0.2162,0.1010,0.0617,29.31
1789438760919,196.4492,26.6984,0.4389,-0.5469,0.6199,0.6417,29.32
1789438760919,200.0430,26.5188,0.0419,0.1857,0.1315,0.1533,29.29
1789438760919,197.1380,26.6641,0.2925,-0.3943,0.5284,0.5196,29.31
1789438760924,199.3759,26.5523,-0.1030,0.0330,0.1010,-0.1215,29.34
1789438760930,197.0754,26.6674,0.3731,-0.3027,0.5589,0.6417,29.33
1789438760941,199.1593,26.5631,-0.1886,0.0636,0.0400,-0.2130,29.30
1789438760951,196.8412,26.6791,0.2164,-0.1806,0.4063,0.5196,29.32
1789438761019,199.2288,26.5598,-0.0473,0.1246,-0.1432,0.0006,29.33
1789438761019,196.8655,26.6780,0.3615,-0.0280,0.5589,0.6111,29.33
1789438761019,199.4332,26.5496,-0.0441,0.2467,-0.1127,0.2754,29.32
1789438761019,197.4148,26.6505,0.3717,-0.1806,0.7115,0.5196,29.32
1789438761019,196.0417,26.7195,0.1557,0.5520,-0.5705,0.1227,29.30
1789438761019,195.7471,26.7345,0.4663,-0.1501,0.7115,0.6417,29.32
1789438761023,199.6255,26.5405,0.0256,0.1857,-0.2348,0.1838,29.32
1789438761030,198.3160,26.6059,0.3347,-0.0585,0.5589,0.5806,29.30
1789438761041,200.8943,26.4771,0.1136,0.1857,-0.3569,0.0006,29.31
1789438761051,199.0021,26.5716,0.4251,-0.1196,0.4368,0.4890,29.32
1789438761120,200.6117,26.4911,-0.0152,0.0330,-0.1432,0.0617,29.33
1789438761120,197.6353,26.6399,0.5133,-0.2417,0.3757,0.4585,29.35
1789438761120,200.3853,26.5024,0.1777,0.1857,-0.2653,0.0312,29.31
1789438761120,197.8999,26.6266,0.4287,-0.4859,0.2231,0.1838,29.32
1789438761120,200.8157,26.4808,0.0271,0.0636,-0.0821,-0.0604,29.33
1789438761120,197.8767,26.6277,0.3596,-0.1196,0.2231,0.4585,29.32
1789438761124,199.9018,26.5265,-0.0044,0.0636,-0.2348,-0.0299,29.32
1789438761130,197.2728,26.6579,0.3140,-0.2722,0.0094,0.1838,29.33
1789438761142,200.2028,26.5114,0.0100,0.2162,-0.1737,0.0617,29.31
1789438761218,198.3327,26.6050,0.4127,-0.3027,0.1621,0.2448,29.32
1789438761218,199.6631,26.5385,0.0146,0.1857,-0.3569,0.1227,29.32
1789438761218,198.4372,26.5998,0.4114,-0.1501,0.0400,0.2143,29.32
1789438761218,199.2832,26.5575,0.0255,0.0636,-0.1127,0.0617,29.31
1789438761218,196.5152,26.4921,0.4150,-0.3333,0.1010,0.1838,29.32
1789438761218,199.7845,26.5325,0.0878,0.1857,-0.2958,0.0617,29.31
1789438761219,201.1173,26.4659,0.3542,-0.2722,0.1621,0.2448,29.32
1789438761220,199.2712,26.5583,-0.0822,0.2162,-0.0821,0.0312,29.32
1789438761230,201.3068,26.4566,0.4210,-0.3638,0.1010,0.1533,29.31
1789438761242,200.8414,26.4799,-0.0888,0.1246,-0.2042,-0.0299,29.31
1789438761251,201.0672,26.4687,0.4273,-0.3027,0.1315,0.2143,29.31
1789438761320,199.6485,26.5397,0.0589,0.2162,-0.2958,0.1533,29.33
1789438761320,201.4073,26.4518,0.5502,-0.3027,0.1315,0.0617,29.31
1789438761320,201.0694,26.4687,0.0605,0.2772,-0.2042,0.1533,29.32
1789438761320,201.6742,26.4385,0.5577,-0.2112,0.1315,0.2143,29.32
1789438761320,200.8014,26.4821,0.0504,0.1857,-0.2653,0.0922,29.33
1789438761320,201.9714,26.4237,0.7387,-0.3027,0.1315,0.0617,29.33
1789438761320,201.1671,26.4638,0.0275,0.3078,-0.2958,0.2448,29.29
1789438761330,201.8334,26.4305,0.6603,-0.2112,0.1315,0.0006,29.34
1789438761341,200.0562,26.5195,0.1625,0.2772,-0.2348,0.2143,29.32
1789438761351,202.3399,26.4053,0.8901,-0.3943,0.1010,0.0312,29.31
1789438761421,200.5254,26.4960,-0.0055,0.3078,-0.3569,0.3059,29.29
1789438761421,200.2765,26.5084,1.0114,0.2467,0.9557,-0.2130,29.31
1789438761421,199.7347,26.5355,0.0036,0.5214,-0.2958,0.5806,29.32
1789438761421,201.3917,26.4527,0.7682,0.1246,0.7115,0.2754,29.31
1789438761421,201.4621,26.4491,-0.0841,0.1857,-0.2348,0.0922,29.31
1789438761421,201.9628,26.4241,0.6908,0.2467,0.5894,0.3975,29.32
1789438761421,200.5014,26.4972,0.0351,0.0941,-0.4790,0.2754,29.33
1789438761430,201.9703,26.4238,0.7727,0.2162,0.6199,0.2448,29.32
1789438761441,200.8763,26.4784,-0.0843,0.1551,-0.2042,0.2448,29.32
1789438761450,201.2394,26.4603,0.9676,0.3078,0.7115,0.0617,29.32
1789438761520,199.9427,26.5253,0.0303,0.0330,-0.4179,0.3364,29.31
1789438761520,202.1326,26.4158,1.0547,0.2162,0.6199,-0.0299,29.30
1789438761520,200.0452,26.5201,0.0227,0.1551,-0.5095,0.2754,29.32
1789438761520,200.5715,26.4938,0.8084,0.0025,0.3757,-0.1215,29.30
1789438761520,199.8834,26.5283,0.0750,0.0941,-0.5095,0.2754,29.35
1789438761520,200.8147,26.4817,0.6247,-0.3027,0.4368,-0.1520,29.31
1789438761524,200.6016,26.4925,0.0172,0.2467,-0.4484,0.3975,29.32
1789438761530,201.2276,26.4613,1.1475,0.0636,0.6199,-0.5793,29.32
1789438761541,200.8095,26.4822,-0.0645,0.2772,-0.2958,0.2448,29.32
1789438761550,200.8768,26.4789,0.9107,-0.0585,0.3757,-0.3657,29.30
1789438761619,200.1216,26.5167,0.0195,0.1857,-0.3569,0.2448,29.31
1789438761619,201.5529,26.4452,1.2171,0.0025,0.7726,-0.7320,29.32
1789438761619,201.4124,26.4522,0.0482,0.1857,-0.3874,0.2754,29.29
1789438761619,201.5738,26.4441,1.0145,0.0025,0.6199,-0.8235,29.32
1789438761619,200.3096,26.5074,0.0040,0.2467,-0.3874,0.4585,29.30
1789438761619,202.0498,26.4204,1.4897,0.2162,0.7420,-1.1288,29.32
1789438761620,201.2015,26.4628,0.0567,0.1551,-0.3569,0.3975,29.32
1789438761630,201.7685,26.4344,1.0311,0.1857,0.5589,-0.7930,29.32
1789438761641,200.0365,26.5210,0.3913,0.1246,-0.4484,0.5196,29.31
1789438761718,202.6021,26.3928,1.7403,0.7962,0.8031,-1.5867,29.32
1789438761718,200.8528,26.4801,0.0241,0.1551,-0.4484,0.4585,29.32
1789438761718,200.4745,26.4990,1.0718,0.3078,0.8947,-1.0677,29.33
1789438761718,199.9170,26.5269,0.0312,0.1246,-0.3569,0.3669,29.32
1789438761718,201.4934,26.4481,0.8814,0.0636,0.8641,-0.9456,29.29
1789438761718,200.9492,26.4753,0.0430,0.1857,-0.2348,0.3669,29.31
1789438761720,202.1391,26.4158,0.9926,0.1551,0.7420,-1.0677,29.31
1789438761723,200.6808,26.4887,0.0744,0.0330,-0.1737,0.3669,29.31
1789438761730,202.2755,26.4090,1.0544,0.3383,0.6810,-1.0067,29.32
1789438761741,200.9430,26.4756,0.0650,0.3078,0.0094,0.3669,29.30
1789438761818,201.4889,26.4484,1.0740,0.5214,0.7420,-1.1288,29.32
1789438761818,199.8888,26.5284,0.0662,0.3078,-0.0211,0.5806,29.28
1789438761818,202.3196,26.4069,1.1919,0.7962,0.7726,-1.4646,29.33
1789438761818,199.8238,26.5316,-0.0976,0.3383,-0.1127,0.5501,29.32
1789438761818,200.4128,26.5022,0.5599,0.0941,0.5284,-0.7014,29.31
1789438761818,199.8016,26.5328,0.1602,0.2772,0.1010,0.4585,29.31
1789438761819,200.8209,26.4819,0.3242,0.2772,0.5589,-0.5183,29.32
1789438761820,200.4382,26.5011,0.1004,0.2162,0.0094,0.3975,29.31
1789438761830,201.5408,26.4460,0.9228,0.8267,0.5589,-1.0372,29.31
1789438761841,201.1403,26.4661,0.1722,0.1551,0.1926,0.3669,29.30
1789438761850,197.8354,26.6314,0.7876,0.7046,0.6199,-0.7014,29.31
1789438761920,202.7262,26.3870,0.2224,0.3383,0.3452,0.3975,29.31
1789438761920,198.3913,26.6038,0.7003,0.7351,0.8031,-0.6099,29.32
1789438761920,201.9044,26.4280,0.3119,0.2162,0.2536,0.4585,29.31
1789438761920,197.7310,26.6367,0.7265,0.8877,0.6505,-0.5183,29.32
1789438761920,201.7766,26.4344,0.2996,0.0636,0.0400,0.1533,29.41
1789438761920,197.3546,26.6556,1.0140,1.2540,0.7420,-0.8235,29.34
1789438761920,202.6213,26.3921,0.6480,-0.0280,0.1926,0.2754,29.26
1789438761930,198.2029,26.6131,0.6834,0.7962,0.7420,-0.5488,29.32
1789438761941,200.3108,26.5077,0.9023,-0.8217,0.1926,0.8859,29.31
1789438761950,197.0502,26.6708,0.7722,1.0709,0.5894,-0.8846,29.31
1789438762020,201.6077,26.4429,0.5881,-0.3027,0.0094,0.3059,29.29
1789438762020,198.2663,26.6100,0.6384,0.7351,0.6505,-0.6709,29.32
1789438762020,202.1698,26.4149,0.7133,-0.4248,-0.0516,0.1838,29.32
1789438762020,198.8988,26.5784,0.6123,0.5520,0.2536,-0.5488,29.31
1789438762020,202.3929,26.4037,0.5879,-0.3638,0.2231,0.1533,29.25
1789438762020,198.2632,26.6102,0.4840,0.4299,0.3452,-0.5488,29.33
1789438762020,201.5172,26.4475,0.7744,-0.5469,0.0705,0.2143,29.32
1789438762030,198.0352,26.6216,0.6456,0.5520,0.3147,-0.7930,29.32
1789438762042,202.6198,26.3923,0.8415,-0.4554,0.1315,0.3059,29.31
1789438762117,198.1424,26.6162,0.5043,0.4909,0.3757,-0.5793,29.32
1789438762117,200.8803,26.4793,0.5815,-0.4554,0.1315,0.4890,29.31
1789438762117,197.4899,26.6489,0.4607,0.5520,0.2231,-0.6709,29.32
1789438762117,201.3088,26.4579,0.4108,-0.3027,0.0705,0.1533,29.32
1789438762117,198.5859,26.5940,0.3497,0.3383,0.1621,-0.3351,29.32
1789438762117,201.3082,26.4580,0.9583,-0.8217,0.2231,0.5501,29.32
1789438762119,198.9168,26.5776,0.2872,0.1246,0.1621,-0.3657,29.32
1789438762123,200.5547,26.4958,0.7322,-0.5164,0.1010,0.5196,29.29
1789438762130,196.7096,26.6881,0.3340,0.4604,0.0400,-0.5183,29.31
1789438762141,201.6814,26.4395,0.9824,-0.7301,0.2231,0.8553,29.29
1789438762218,197.9837,26.6244,0.3084,0.3993,0.1315,-0.4267,29.32
1789438762218,201.4371,26.4518,1.0318,-0.5775,0.4673,1.0995,29.32
1789438762218,197.9475,26.6263,0.2585,0.5520,0.2231,-0.3351,29.31
1789438762218,201.5629,26.4456,1.2796,-0.9132,0.8336,0.9774,29.31
1789438762218,197.8126,26.6331,0.2293,0.4299,0.2536,-0.2741,29.32
1789438762218,201.8161,26.4330,0.9277,-0.5469,0.6199,1.0385,29.30
1789438762219,197.5211,26.6477,0.4345,0.9183,0.2842,-0.3046,29.33
1789438762220,202.6781,26.3899,1.5753,-1.2490,1.1389,1.1301,29.34
1789438762230,198.2320,26.6121,0.2713,0.6741,0.3452,-0.1215,29.32
1789438762241,200.3228,26.5076,0.9825,-0.9743,0.7726,1.2216,29.32
1789438762317,197.0586,26.6709,0.2399,0.5825,0.3757,-0.0299,29.32
1789438762317,201.6119,26.4432,0.8613,-0.6385,0.7115,1.0690,29.22
1789438762317,198.1719,26.6152,0.2173,0.3993,0.2231,-0.2130,29.30
1789438762317,202.1310,26.4174,1.1930,-1.1269,1.0778,1.0080,29.30
1789438762317,198.7500,26.5863,0.2627,0.3078,-0.1737,-0.3351,29.32
1789438762317,202.4417,26.4018,1.0657,-1.0353,1.1083,0.8859,29.31
1789438762319,198.1602,26.6158,0.1763,0.2467,-0.1127,-0.3046,29.32
1789438762323,201.5100,26.4484,1.0815,-1.2490,1.0473,0.7943,29.31
1789438762330,198.0344,26.6221,0.2008,0.3078,-0.2653,-0.3351,29.32
1789438762341,202.6899,26.3894,1.1579,-1.1574,1.0168,0.9774,29.32
1789438762350,198.0975,26.6189,0.1351,0.1857,-0.0516,-0.3962,29.33
1789438762420,200.8502,26.4814,0.5529,-0.6385,0.4063,0.8859,29.32
1789438762420,197.3454,26.6566,0.1348,0.3078,-0.1737,-0.1825,29.32
1789438762420,201.5264,26.4475,0.5600,-0.9438,0.4368,0.5196,29.32
1789438762420,198.5539,26.5961,0.0937,0.3993,-0.0211,-0.1825,29.32
1789438762420,201.5078,26.4486,1.0747,-1.5848,1.1083,0.5196,29.24
1789438762420,198.9133,26.5783,0.1039,0.2162,-0.0211,-0.2130,29.35
1789438762420,200.8888,26.4796,0.7506,-1.0353,0.6505,0.6111,29.41
1789438762431,199.3995,26.5541,0.0400,0.1551,-0.0821,-0.2130,29.34
1789438762441,201.3490,26.6592,0.7237,-1.1880,0.6199,0.4890,29.32
1789438762451,199.3610,26.5561,0.0121,0.1857,-0.0821,-0.3657,29.33
1789438762520,196.7787,26.6854,0.7080,-1.2185,0.5589,0.4280,29.32
1789438762520,187.4861,27.1505,-0.5955,0.9793,1.1999,-1.7393,29.27
1789438762520,196.0218,26.7243,0.7315,-1.6764,0.0705,1.6795,29.43
1789438762520,192.6350,26.8941,0.3160,1.1319,-0.1737,-0.4878,29.32
1789438762520,191.3537,26.9589,0.5399,-0.4248,0.3452,0.3975,29.32
1789438762520,196.6163,26.6961,0.2319,0.7351,-0.2958,0.2754,29.33
1789438762520,196.2948,26.7124,0.4610,-0.4554,0.1621,0.2754,29.31
1789438762530,200.3953,26.5073,0.0579,0.3993,-0.1127,0.3669,29.32
1789438762541,199.0267,26.5757,0.3057,-0.5469,0.2536,0.2754,29.33
1789438762618,200.9599,26.4790,0.0404,0.5214,0.1315,0.3669,29.32
1789438762618,198.8212,26.5859,0.3323,-0.4248,0.1621,0.2754,29.31
1789438762618,200.4830,26.5027,-0.0456,0.4604,0.1621,0.3364,29.32
1789438762618,197.3539,26.6592,0.4876,-0.3638,0.2842,0.2448,29.32
1789438762618,200.2446,26.5146,0.1947,0.7962,-0.0516,0.5196,29.32
1789438762618,197.8421,26.6347,0.3401,-0.4248,0.1315,0.3975,29.33
1789438762619,200.7845,26.4875,-0.0419,0.5214,0.2842,0.4890,29.32
1789438762620,197.8623,26.6336,0.2572,-0.2722,0.2231,0.3364,29.31
1789438762630,199.7281,26.5404,-0.0477,0.4604,0.1621,0.3059,29.32
1789438762641,197.1430,26.6696,0.2525,-0.2112,0.1926,0.3669,29.32
1789438762717,200.1043,26.5215,0.0388,0.4299,-0.1127,0.4585,29.32
1789438762717,198.2882,26.6124,0.3444,-0.3638,0.1621,0.2448,29.32
1789438762717,199.8006,26.5368,0.0090,0.4299,0.2231,0.3669,29.33
1789438762717,198.4338,26.6051,0.3228,-0.2112,0.1010,0.3364,29.31
1789438762717,199.6890,26.5424,0.0616,0.4299,-0.0211,0.5196,29.33
1789438762717,196.6108,26.6963,0.4158,-0.1196,0.3147,0.3364,29.32
1789438762719,200.1237,26.5207,0.0906,0.7351,0.0094,0.4890,29.32
1789438762722,198.9165,26.5811,0.3410,-0.1196,0.4063,0.4280,29.32
1789438762730,200.2112,26.5162,-0.1779,0.4909,0.1621,0.2754,29.33
1789438762742,197.5672,26.4313,0.3816,0.0025,0.4978,0.5196,29.31
1789438762751,199.6406,26.5447,-0.1375,0.3993,0.1621,0.3364,29.31
1789438762821,201.0605,26.4738,0.4465,0.1551,0.5589,0.5196,29.33
1789438762821,199.9230,26.5307,0.0077,0.4909,0.0705,0.4585,29.32
1789438762821,201.3340,26.4602,0.4567,0.0330,0.5284,0.4890,29.32
1789438762821,201.2122,26.4663,-0.0244,0.5825,0.2536,0.4585,29.33
1789438762821,201.7446,26.4397,0.5261,0.0941,0.4673,0.5501,29.31
1789438762821,200.8418,26.4849,-0.0231,0.4604,0.0400,0.3364,29.32
1789438762821,201.8415,26.4350,0.7375,-0.0891,0.4063,0.2143,29.32
1789438762830,200.7869,26.4877,0.0019,0.4299,-0.1127,0.4585,29.32
1789438762841,201.8923,26.4324,0.6091,0.1551,0.4978,0.4890,29.31
1789438762850,200.1168,26.5213,0.1121,0.4299,-0.2653,0.4280,29.30
1789438762920,202.6399,26.3951,0.8255,0.1551,0.5589,0.4280,29.32
1789438762920,201.1207,26.4710,0.0146,0.5520,-0.0516,0.3975,29.32
1789438762920,200.6199,26.4961,0.9293,0.1551,0.8641,0.0312,29.31
1789438762920,199.9960,26.5273,0.0282,0.4909,0.0400,0.4890,29.30
1789438762920,201.5645,26.4489,0.7953,0.0941,0.4978,0.1838,29.31
1789438762920,201.0618,26.4740,0.0293,0.3993,0.0094,0.4280,29.30
1789438762920,202.1930,26.4174,0.6071,-0.1501,0.3452,0.2448,29.31
1789438762930,200.7902,26.4875,-0.0265,0.3993,-0.0516,0.4585,29.32
1789438762941,202.1071,26.4217,0.7103,0.0330,0.3147,0.2448,29.31
1789438762951,200.9516,26.4794,-0.0135,0.3383,-0.0821,0.5196,29.30
1789438763020,201.4844,26.4529,0.7842,-0.0891,0.4978,0.0006,29.31
1789438763020,199.9566,26.5293,0.0247,0.3383,-0.1737,0.3669,29.35
1789438763021,202.3652,26.4089,0.7976,0.1551,0.6199,0.3059,29.32
1789438763021,200.0578,26.5242,-0.0581,0.2467,-0.1127,0.3975,29.33
1789438763021,200.5213,26.5011,0.7373,0.0941,0.6199,0.0006,29.32
1789438763021,199.8651,26.5339,0.0056,0.4909,-0.2348,0.5501,29.31
1789438763021,200.8894,26.4827,0.6014,0.0025,0.6810,0.1227,29.31
1789438763030,200.9493,26.4798,-0.0227,0.4909,-0.1127,0.5806,29.31
1789438763041,201.3987,26.4574,0.8901,0.0636,0.6505,-0.2130,29.32
1789438763118,200.9664,26.4791,-0.1085,0.4909,0.0400,0.5501,29.35
1789438763118,201.1297,26.4710,0.8579,0.0636,0.7420,-0.2130,29.32
1789438763118,199.6806,26.5435,-0.0356,0.4909,-0.2653,0.7332,29.32
1789438763118,201.7006,26.4425,1.0779,0.3688,0.8641,-0.2741,29.33
1789438763118,200.9129,26.4819,-0.0808,0.5825,-0.2348,0.5806,29.32
1789438763118,201.6749,26.4438,0.8986,0.1246,0.9252,-0.5183,29.32
1789438763119,200.9288,26.4811,-0.0465,0.4604,-0.0516,0.5806,29.36
1789438763123,202.0126,26.4270,1.2899,0.2467,0.9862,-0.4267,29.30
1789438763130,201.1814,26.4685,0.0282,0.3383,-0.0516,0.6417,29.32
1789438763141,201.8237,26.4364,0.9821,0.3383,0.8947,-0.3657,29.32
1789438763219,200.0788,26.5237,0.2439,0.2467,-0.1127,0.5501,29.33
1789438763219,202.6204,26.3967,1.6406,0.5520,1.1694,-0.9151,29.32
1789438763219,201.0370,26.4757,0.0058,0.1857,-0.0211,0.3669,29.31
1789438763219,200.5589,26.4996,1.0775,0.4299,1.0778,-0.7930,29.32
1789438763219,199.9662,26.5293,-0.0258,0.1551,-0.0211,0.5501,29.31
1789438763219,201.5186,26.4516,0.9273,0.4604,1.0168,-0.4267,29.31
1789438763220,200.9646,26.4793,-0.0518,0.1857,-0.2348,0.2754,29.32
1789438763220,201.8209,26.4365,0.8338,0.3383,0.8947,-0.6404,29.34
1789438763230,200.5379,26.5006,-0.0184,0.1857,-0.0211,0.3669,29.34
1789438763242,202.0101,26.4271,0.9835,0.3993,0.8947,-0.8541,29.32
1789438763251,200.8085,26.4871,-0.0220,0.2162,-0.3569,0.3059,29.32
1789438763320,201.5855,26.4483,1.0789,0.6741,1.0778,-0.7930,29.32
1789438763320,200.2733,26.5139,-0.0297,0.1551,0.0094,0.4280,29.32
1789438763320,202.0271,26.4262,1.1474,0.5520,1.1999,-0.9456,29.32
1789438763320,200.1222,26.5214,-0.1309,0.0941,0.0400,0.4280,29.32
1789438763320,200.6093,26.4971,0.5932,0.1857,0.8031,-0.4878,29.32
1789438763320,199.9014,26.5325,0.0087,0.1246,0.1621,0.3669,29.27
1789438763320,200.8268,26.4863,0.6007,0.3688,0.8336,-0.3046,29.33
1789438763330,200.6063,26.4974,0.0033,0.1857,0.0400,0.3059,29.31
1789438763340,201.0270,26.4764,0.7964,0.7046,0.8947,-0.6709,29.31
1789438763418,200.7333,26.4912,0.0647,0.3078,0.1010,0.3669,29.30
1789438763418,200.8298,26.4864,0.7563,0.5520,0.8031,-0.7625,29.31
1789438763418,200.0101,26.5275,0.0465,0.3993,0.1010,0.4890,29.32
1789438763418,201.6681,26.4447,0.7236,0.7046,1.1083,-0.5488,29.31
1789438763418,201.3806,26.4405,0.2851,0.4299,0.2842,0.4280,29.31
1789438763418,197.9078,26.6326,0.7284,0.7962,0.7420,-0.5793,29.31
1789438763420,201.5573,26.4502,-0.0200,0.4909,0.2842,0.4585,29.33
1789438763420,197.6033,26.6480,1.1448,1.1625,0.7115,-0.9762,29.33
1789438763430,202.4432,26.4059,0.1269,0.3078,0.3757,0.4280,29.28
1789438763441,198.3152,26.6123,0.9277,0.9488,0.5894,-0.5793,29.32
1789438763450,200.3654,26.5098,0.7835,-0.1806,0.3757,1.1606,29.33
1789438763520,197.0746,26.6744,1.0682,1.0709,0.2842,-1.2814,29.32
1789438763520,201.8709,26.4345,0.4572,0.1551,0.3147,0.6722,29.30
1789438763520,198.6616,26.5950,0.6878,0.6435,0.4673,-0.6404,29.32
1789438763520,202.1532,26.4204,0.3608,0.2772,0.3147,0.3975,29.31
1789438763520,198.9955,26.5783,0.6500,0.3688,0.4673,-0.7014,29.32
1789438763520,202.3927,26.4084,0.4112,0.1246,0.4063,0.4585,29.32
1789438763523,198.0158,26.6273,0.5960,0.3993,0.3147,-0.8235,29.32
1789438763530,201.6353,26.4463,0.5075,0.0636,0.1926,0.3975,29.32
1789438763541,198.3176,26.6122,0.6850,0.5214,0.3452,-0.6709,29.32
1789438763618,202.5562,26.4002,0.5744,0.0941,0.2231,0.3975,29.30
1789438763618,197.9814,26.6290,0.5922,0.6130,0.1621,-0.7930,29.31
1789438763618,200.9874,26.4787,0.4879,-0.1806,0.2536,0.2448,29.32
1789438763618,199.8398,26.5361,0.5156,0.5214,0.1621,-0.7625,29.32
1789438763618,202.0739,26.4241,0.1161,0.1857,0.0400,0.0006,29.32
1789438763618,199.1585,26.5699,0.3844,0.1551,0.2842,-0.4267,29.32
1789438763619,201.4204,26.4569,0.7704,-0.3943,0.1010,0.3975,29.32
1789438763620,198.7531,26.5902,0.3442,0.1246,0.2842,-0.3351,29.32
1789438763630,200.5933,26.4983,0.6426,-0.4554,0.0400,0.1533,29.31
1789438763642,196.5986,26.6981,0.3684,0.5214,0.2231,-0.5488,29.32
1789438763651,201.6261,26.4468,0.8812,-0.6690,0.1621,0.6111,29.31
1789438763720,197.9529,26.6304,0.3235,0.3993,0.1315,-0.3962,29.31
1789438763720,201.4236,26.4570,0.9974,-0.8827,0.1010,0.6111,29.32
1789438763720,197.9406,26.6312,0.3146,0.4299,0.2842,-0.3351,29.32
1789438763720,201.7967,26.4384,1.2185,-0.9743,0.2842,0.7332,29.21
1789438763720,197.8165,26.6374,0.2954,0.5520,0.3147,-0.1825,29.32
1789438763720,201.8417,26.4361,0.9529,-0.8217,0.2231,0.6111,29.32
1789438763723,197.4991,26.6532,0.4643,0.9183,0.2231,-0.2130,29.32
1789438763730,202.6937,26.3935,1.5602,-1.3406,0.5284,0.8248,29.32
1789438763741,198.6015,26.5980,0.3025,0.7046,0.5284,-0.1215,29.33
1789438763817,200.2393,26.5162,1.0290,-1.3406,0.4673,0.8553,29.32
1789438763817,197.0082,26.6777,0.2926,0.7962,0.3757,-0.1520,29.32
1789438763817,201.7973,26.4383,0.9413,-1.0353,0.5284,0.7943,29.32
1789438763817,198.6294,26.5967,0.2357,0.6741,0.4063,0.0617,29.31
1789438763817,202.2333,26.4165,1.2248,-0.9132,0.7726,0.9774,29.21
1789438763817,199.1773,26.5693,0.2945,0.6130,0.2842,-0.0604,29.32
1789438763819,202.2550,26.4154,1.0558,-0.8827,0.8031,0.7332,29.31
1789438763820,198.0646,26.6249,0.2401,0.4299,0.1926,-0.1520,29.32
1789438763830,201.7347,26.4414,1.1350,-0.9743,0.8947,0.9774,29.31
1789438763841,197.9770,26.6292,0.2811,0.7046,0.1010,-0.1825,29.32
1789438763918,202.6879,26.3937,1.2310,-1.1574,1.1083,1.0690,29.31
1789438763918,198.0467,26.6257,0.2049,0.2772,-0.0821,-0.4267,29.31
1789438763918,201.0303,26.4765,0.6308,-0.4859,0.6505,1.0385,29.32
1789438763918,197.2851,26.6638,0.1602,0.3383,-0.1432,-0.2130,29.33
1789438763918,201.2479,26.4656,0.4313,-0.3027,0.4673,0.8248,29.35
1789438763918,198.3098,26.6125,0.1475,0.1246,-0.2653,-0.2130,29.31
1789438763919,201.3851,26.4589,1.0076,-1.1574,0.8031,0.6417,29.29
1789438763923,198.7375,26.5913,0.1548,0.1857,-0.2348,-0.2436,29.31
1789438763930,200.8157,26.4875,0.8520,-1.2185,0.6810,0.7638,29.32
1789438763942,197.0404,26.6762,0.0747,0.1246,-0.0821,-0.3046,29.31
1789438764021,201.5509,26.4509,0.9228,-1.2795,0.8641,0.7027,29.32
1789438764021,197.9388,26.6314,0.0823,0.1857,-0.1127,-0.3657,29.32
1789438764021,201.5484,26.4511,0.8236,-1.3711,0.8031,0.6417,29.32
1789438764021,199.6825,26.5444,0.0592,0.1857,0.0094,-0.2436,29.32
1789438764021,201.5903,26.6937,0.9183,-1.6153,1.1389,0.4280,29.33
1789438764021,199.6651,26.5453,-0.0012,0.2162,-0.0211,-0.0604,29.33
1789438764021,197.2876,26.6643,0.7052,-1.1574,0.7420,0.4890,29.30
1789438764021,198.7954,26.5888,0.2541,0.2467,-0.1432,-0.0909,29.33
1789438764030,196.7655,26.6904,1.0383,-1.8290,1.3220,0.4280,29.33
1789438764042,200.1519,26.5209,0.0935,0.2772,0.0094,-0.1520,29.31
1789438764051,198.2324,26.6169,0.5394,-1.0048,0.4673,0.4585,29.31
1789438764120,200.4219,26.5074,0.0622,0.0636,-0.0211,-0.1825,29.31
1789438764120,198.4176,26.6077,0.4476,-0.7911,0.4673,0.3975,29.31
1789438764120,200.3105,26.5130,0.0269,0.1246,0.1621,-0.0604,29.33
1789438764120,197.4815,26.6546,0.7163,-1.2795,0.8336,0.3669,29.32
1789438764120,200.1167,26.5227,0.1426,0.0025,-0.0516,-0.0909,29.31
1789438764120,197.3581,26.6607,0.6592,-1.2490,0.8031,0.4280,29.32
1789438764123,200.5087,26.5031,-0.0119,0.0025,0.1010,-0.0299,29.32
1789438764130,197.6155,26.6478,0.5098,-1.1574,0.5284,0.3059,29.30
1789438764141,199.6247,26.5473,0.0970,0.3078,-0.1432,-0.0299,29.32
1789438764151,197.1581,26.6707,0.5437,-1.2185,0.5284,0.3975,29.34
1789438764221,200.2785,26.5146,-0.0143,0.3078,0.2231,-0.0909,29.33
1789438764221,198.3072,26.6132,0.3358,-0.6996,0.2536,0.3975,29.31
1789438764221,199.9624,26.5304,0.0130,0.2772,0.2536,0.0006,29.33
1789438764221,198.5611,26.6005,0.2607,-0.5469,0.1926,0.3975,29.32
1789438764221,199.3468,26.5612,0.0257,0.2162,-0.0211,0.0617,29.32
1789438764221,196.6927,26.6940,0.4396,-0.7301,0.3147,0.3059,29.31
1789438764221,199.7488,26.5412,0.1216,0.2467,0.1010,0.2143,29.32
1789438764230,196.8927,26.6841,0.3908,-0.7606,0.4673,0.3364,29.32
1789438764240,199.1732,26.5701,-0.0633,0.1857,0.1926,0.0006,29.31
1789438764317,197.2015,26.6687,0.3594,-0.6996,0.2536,0.3975,29.32
1789438764317,199.3033,26.5637,-0.0546,0.1551,-0.0211,0.0006,29.31
1789438764317,196.9004,26.6840,0.3789,-0.6385,0.3147,0.5501,29.33
1789438764317,199.6710,26.5454,0.0019,0.1551,-0.0821,0.0922,29.31
1789438764317,196.9111,26.6835,0.2874,-0.4859,0.0705,0.3669,29.31
1789438764317,199.7665,26.5406,-0.0300,0.1551,-0.0211,-0.1520,29.32
1789438764318,197.2874,26.6646,0.3516,-0.6690,0.3147,0.2143,29.33
1789438764322,198.3578,26.6112,0.0606,0.2467,-0.1432,0.1227,29.31
1789438764330,196.8382,26.6872,0.3935,-0.6690,0.4063,0.2754,29.32
1789438764342,199.9991,26.5291,-0.0075,0.2467,0.0094,0.1533,29.32
1789438764350,198.0034,26.6289,0.3248,-0.4859,0.1926,0.4585,29.32
1789438764419,200.4711,26.5056,0.1528,0.2772,-0.1432,0.1838,29.32
1789438764419,198.2885,26.6147,0.3577,-0.5469,0.1926,0.3364,29.32
1789438764419,200.6986,26.4941,0.0300,0.2772,0.0094,0.2754,29.32
1789438764419,197.6778,26.6452,0.4155,-0.5775,0.2536,0.2143,29.32
1789438764419,200.2193,26.5181,0.1398,0.2162,-0.1737,0.2143,29.32
1789438764419,197.4112,26.6585,0.3383,-0.4554,0.2231,0.2143,29.31
1789438764420,200.5781,26.5001,0.0213,0.3078,0.0400,0.1838,29.32
1789438764430,197.8980,26.6341,0.2851,-0.3943,0.1315,0.3059,29.33
1789438764441,197.5547,26.6516,0.1164,0.4604,-0.1127,0.2448,29.32
1789438764450,196.2214,26.7185,0.3144,-0.4554,0.2842,0.2143,29.31
1789438764520,200.0432,26.5274,0.1074,0.3383,0.0705,0.2754,29.32
1789438764520,198.5661,26.6012,0.3618,-0.4248,0.2231,0.2754,29.32
1789438764520,200.3641,26.5113,0.0403,0.4604,0.0705,0.4585,29.32
1789438764520,198.7972,26.5896,0.2510,-0.3333,0.0400,0.2754,29.32
1789438764520,199.8796,26.5355,0.0134,0.5520,0.1621,0.4280,29.33
1789438764520,196.7086,26.6941,0.3782,-0.3943,0.2231,0.1838,29.34
1789438764524,200.1742,26.5208,0.1031,0.6130,0.0094,0.3975,29.33
1789438764530,197.2251,26.6683,0.2790,-0.3638,0.2231,0.2143,29.32
1789438764540,199.3820,26.5605,-0.1214,0.4909,0.3147,0.3975,29.33
1789438764550,197.1214,26.6736,0.3319,-0.3333,0.1926,0.3669,29.32
1789438764624,199.2686,26.5663,-0.0838,0.4299,0.2231,0.3059,29.33
1789438764624,196.8912,26.6853,0.3462,-0.1501,0.1926,0.3364,29.33
1789438764624,199.6689,26.5464,-0.0299,0.5520,0.1926,0.3364,29.31
1789438764624,196.6905,26.6954,0.3324,0.0941,0.2231,0.4890,29.31
1789438764624,199.6540,26.5472,-0.0560,0.4299,0.2842,0.3975,29.35
1789438764624,201.7687,26.4415,0.3317,-0.0891,0.3452,0.2754,29.31
1789438764624,198.7800,26.4874,-0.0495,0.5214,0.2536,0.3364,29.32
1789438764630,201.9693,26.4315,0.5441,0.0636,0.4063,0.5806,29.32
1789438764640,201.1660,26.4716,-0.0241,0.4909,0.2231,0.4585,29.32
1789438764650,201.8127,26.4393,0.4485,-0.0585,0.4063,0.4280,29.32
1789438764722,200.0746,26.5263,0.0462,0.6435,0.1315,0.4280,29.33
1789438764722,202.3235,26.4138,0.6557,0.0025,0.4978,0.2448,29.32
1789438764722,201.0924,26.4754,-0.0118,0.4299,0.1010,0.4280,29.32
1789438764722,200.1701,26.5215,0.8925,0.1857,0.7726,0.2143,29.29
1789438764722,199.5064,26.5547,0.1205,0.4299,-0.1432,0.5196,29.32
1789438764722,201.7418,26.4429,0.6073,0.0941,0.4978,0.4585,29.33
1789438764722,201.1514,26.4724,0.0140,0.3993,0.2231,0.3975,29.29
1789438764730,202.4609,26.4069,0.5798,0.2162,0.5589,0.4890,29.32
1789438764740,200.7668,26.4916,0.0189,0.5214,0.0400,0.3669,29.32
1789438764888,202.1321,26.4233,0.6250,0.1246,0.5589,0.4890,29.33
1789438764888,200.6750,26.4961,-0.0219,0.5214,-0.0821,0.4280,29.32
1789438764888,201.5134,26.4543,0.5537,-0.0585,0.4673,0.2754,29.30
1789438764888,200.0832,26.5258,0.0314,0.4604,-0.1127,0.4280,29.32
1789438764888,202.4306,26.4084,0.6026,0.1857,0.5589,0.4280,29.32
1789438764888,200.1003,26.5249,-0.0249,0.3688,0.0400,0.4280,29.30
1789438764888,200.5534,26.5023,0.6734,0.1551,0.5589,0.3975,29.31
1789438764888,199.8761,26.5362,0.0201,0.3993,-0.1432,0.4280,29.34
1789438764888,201.2733,26.4663,0.4916,-0.0280,0.5589,0.3975,29.31
1789438764962,200.9453,26.4828,-0.0663,0.5214,-0.0211,0.3364,29.30
1789438764962,201.3932,26.4605,0.8377,0.0025,0.5284,0.2754,29.31
1789438764962,200.8808,26.4861,-0.1674,0.3993,-0.0516,0.4585,29.32
1789438764962,201.0858,26.4760,0.6783,0.0941,0.3757,0.1227,29.30
1789438764962,200.2286,26.5188,-0.0238,0.4604,0.0400,0.5806,29.31
1789438764962,201.6077,26.4499,0.9696,0.1551,0.6810,0.0006,29.31
1789438764962,200.8640,26.4870,-0.0115,0.4299,-0.2348,0.6417,29.33
1789438765044,201.9316,26.4337,0.9646,0.2162,0.7115,-0.0299,29.30
1789438765044,200.5593,26.5023,-0.0315,0.4299,-0.0516,0.6111,29.33
1789438765044,201.9423,26.4332,1.3434,0.1551,0.6810,-0.4878,29.34
1789438765044,200.8584,26.4873,0.0173,0.5214,-0.0516,0.4890,29.32
1789438765044,202.1856,26.4210,0.9149,0.2162,0.6810,-0.2130,29.31
1789438765044,200.3276,26.5139,0.1096,0.4909,-0.2958,0.6111,29.31
1789438765044,202.4875,26.4060,1.3858,0.1246,0.9557,-0.4878,29.33
1789438765049,200.6024,26.5001,-0.0288,0.4299,-0.0821,0.7332,29.31
1789438765049,200.5039,26.5051,1.2411,0.1857,1.1999,-0.9151,29.32
1789438765049,199.6813,26.5462,-0.0475,0.5520,0.0705,0.7638,29.31
1789438765049,201.8314,26.4387,0.9945,0.0941,0.7726,-0.6709,29.32
1789438765049,201.1985,26.4703,-0.0735,0.4909,0.0705,0.6722,29.32
1789438765049,202.2630,26.4171,0.8344,0.0330,0.6199,-0.4267,29.32
1789438765049,200.8260,26.4889,-0.0360,0.4604,-0.0516,0.4890,29.31
1789438765121,202.1397,26.4233,1.0429,0.1857,0.7420,-0.6709,29.32
1789438765121,200.9629,26.4820,-0.1476,0.6130,0.0705,0.4585,29.32
1789438765121,201.2830,26.4661,1.0593,0.1551,0.9557,-0.8846,29.30
1789438765121,199.9650,26.5320,-0.0152,0.5520,-0.1127,0.6722,29.28
1789438765121,202.1426,26.4232,1.1975,0.1246,0.8947,-1.0372,29.31
1789438765121,200.0529,26.5276,-0.0830,0.4909,0.0094,0.5196,29.31
1789438765122,200.5188,26.5044,0.6562,0.0941,0.8031,-0.6404,29.33
1789438765122,199.8551,26.5376,0.0097,0.4604,0.1621,0.6417,29.32
1789438765130,200.8106,26.4898,0.6366,0.1551,0.6810,-0.5183,29.31
1789438765140,200.4393,26.5085,-0.0185,0.3993,0.1315,0.6417,29.27
1789438765150,201.2982,26.4656,1.1814,0.5520,0.9252,-1.2814,29.31
1789438765221,201.3207,26.4645,-0.0279,0.4299,0.1621,0.4890,29.28
1789438765221,201.1040,26.4754,0.8033,0.2162,0.8031,-1.0372,29.29
1789438765221,199.9449,26.5333,0.0074,0.4604,0.1315,0.7027,29.27
1789438765221,201.5591,26.4527,0.8107,0.4604,0.8336,-0.8541,29.30
1789438765221,201.2326,26.4690,0.0977,0.4909,0.1621,0.5806,29.32
1789438765221,201.7578,26.4428,0.9372,0.6435,0.7420,-0.7930,29.32
1789438765221,200.8443,26.4883,0.0523,0.2467,0.1926,0.3669,29.30
1789438765230,202.1195,26.4247,1.2569,1.2235,0.9862,-1.2814,29.31
1789438765240,201.1725,26.4719,0.2320,0.3078,0.0400,0.3975,29.33
1789438765250,202.0919,26.4260,0.9438,0.9488,0.8031,-0.6404,29.32
1789438765319,200.0930,26.5135,0.7020,-0.2722,-0.0821,0.6722,29.31
1789438765319,202.6310,26.3991,1.2661,1.4067,0.8336,-1.2509,29.31
1789438765319,202.0480,26.4281,0.2534,0.4299,0.1621,0.5196,29.29
1789438765319,198.6058,26.6003,0.7554,0.7962,0.9557,-0.5488,29.31
1789438765319,202.8989,26.3856,0.1497,0.3993,0.3452,0.3059,29.33
1789438765319,199.3748,26.5618,0.6508,0.7046,0.8641,-0.3657,29.33
1789438765320,202.5822,26.4013,0.1676,0.3993,0.4063,0.3975,29.32
1789438765330,198.1125,26.6248,0.7570,0.9793,0.7420,-0.5488,29.32
1789438765341,201.7569,26.4425,0.2606,0.3383,0.2842,0.4280,29.32
1789438765350,198.0152,26.6297,0.8651,0.9183,0.5894,-0.7014,29.32
1789438765421,202.6837,26.3962,0.3170,0.2772,0.2231,0.1838,29.31
1789438765421,198.1717,26.6218,0.8133,0.7962,0.5589,-0.7930,29.30
1789438765421,200.7517,26.4928,0.3855,0.1857,0.2536,0.6722,29.28
1789438765421,197.4070,26.6601,0.6112,0.5214,0.4368,-0.6404,29.31
1789438765421,201.2661,26.4671,0.1773,0.1551,0.2231,0.1838,29.32
1789438765421,198.5645,26.6022,0.5149,0.1857,0.4368,-0.4878,29.32
1789438765421,201.2986,26.4656,0.6978,-0.3638,0.2231,0.3975,29.35
1789438765430,198.9118,26.5849,0.4557,0.1551,0.2842,-0.4878,29.32
1789438765440,200.6751,26.4968,0.4757,-0.1196,0.1926,0.2754,29.31
1789438765451,197.1384,26.6737,0.5453,0.5214,0.3147,-0.7320,29.32
1789438765520,201.2401,26.4687,0.6890,-0.2417,0.1621,0.3975,29.30
1789438765520,198.0085,26.6303,0.4378,0.3383,0.2536,-0.5488,29.31
1789438765520,201.6285,26.4494,0.8959,-0.6080,0.1926,0.3975,29.32
1789438765520,197.8046,26.6406,0.4986,0.5214,0.1621,-0.7320,29.32
1789438765520,201.8924,26.4362,0.8260,-0.6080,0.1315,0.2448,29.33
1789438765520,198.0585,26.6279,0.3713,0.4299,0.1621,-0.5793,29.32
1789438765520,201.7166,26.4451,0.7692,-0.4859,0.1315,0.3975,29.32
1789438765530,197.6841,26.6467,0.5569,0.7962,0.2231,-0.7014,29.32
1789438765541,202.3801,26.4119,1.2846,-0.8522,0.3452,0.6111,29.28
1789438765550,198.4284,26.6095,0.3579,0.4909,0.1926,-0.3962,29.32
1789438765619,200.4235,26.5098,0.9826,-0.9132,0.2536,0.8859,29.31
1789438765619,197.1080,26.6756,0.3559,0.5825,0.1926,-0.5488,29.32
1789438765619,201.8501,26.4384,0.8488,-0.7606,0.1926,0.6722,29.32
1789438765619,198.6543,26.5982,0.3011,0.5214,0.2231,-0.3351,29.32
1789438765619,202.2461,26.4187,1.0363,-0.8827,0.1621,0.5806,29.32
1789438765619,198.6291,26.5995,0.3241,0.4909,0.1621,-0.3657,29.32
1789438765623,202.6388,26.3990,0.9539,-0.8522,0.4368,0.4890,29.32
1789438765630,198.1461,26.6235,0.2247,0.4604,0.1621,-0.2741,29.32
1789438765641,201.6815,26.4468,0.9992,-0.8827,0.6810,0.6111,29.31
1789438765717,197.9498,26.6333,0.3106,0.4299,0.1315,-0.4267,29.33
1789438765717,202.6736,26.3971,1.1982,-0.6996,0.7115,1.0690,29.31
1789438765717,198.0391,26.6288,0.2596,0.5214,0.1926,-0.2130,29.32
1789438765717,201.0294,26.4793,0.6736,-0.3333,0.5284,1.0690,29.35
1789438765717,197.2276,26.6694,0.2487,0.6130,0.2536,-0.0909,29.33
1789438765717,201.4180,26.4599,0.4793,-0.1196,0.5589,0.7943,29.31
1789438765718,198.8252,26.5895,0.2086,0.6435,0.1621,0.0617,29.32
1789438765720,201.2441,26.4687,1.1129,-0.8217,0.8641,1.0690,29.32
1789438765730,198.5217,26.6048,0.2365,0.7046,0.4063,0.0617,29.34
1789438765741,200.6977,26.4961,0.9101,-0.7911,0.7726,1.0080,29.39
1789438765817,196.9862,26.6817,0.2246,0.5520,0.0705,-0.1825,29.32
1789438765817,201.5210,26.4551,0.9896,-0.9438,0.8641,0.9774,29.32
1789438765817,197.9195,26.6351,0.1932,0.4604,-0.1737,-0.2130,29.32
1789438765817,201.6446,26.4490,1.0422,-1.1880,1.1083,0.8248,29.31
1789438765817,197.5133,26.6555,0.1564,0.1246,-0.0821,-0.3046,29.31
1789438765817,201.7662,26.4430,1.1717,-1.5848,1.1389,0.7943,29.31
1789438765819,197.9164,26.6354,0.0969,0.1857,-0.0211,-0.3046,29.32
1789438765823,201.5639,26.4531,0.8618,-0.9743,0.7115,0.5806,29.32
1789438765830,197.6293,26.6168,0.3722,0.6435,-0.2348,-0.2436,29.32
1789438765841,202.4958,26.4066,1.3411,-2.0427,1.4136,0.5501,29.31
1789438765850,198.2765,26.5301,0.1085,0.2467,-0.0211,-0.1215,29.29
1789438765920,200.3458,26.5141,0.7794,-1.1574,0.7420,0.6417,29.34
1789438765920,200.4758,26.5076,0.0895,0.0330,-0.0211,-0.2130,29.33
1789438765920,201.8288,26.6190,0.7277,-1.0964,0.7115,0.6417,29.33
1789438765920,200.5060,26.5060,0.0453,0.2467,-0.0516,-0.1215,29.34
1789438765920,202.2524,26.6551,0.9063,-1.6153,1.1083,0.4280,29.31
1789438765920,200.2827,26.5172,0.0854,0.3383,-0.0516,-0.1215,29.31
1789438765920,197.6158,26.6506,0.7816,-0.9743,1.0473,0.5501,29.32
1789438765930,200.6687,26.4978,0.0208,0.0330,-0.1432,-0.0909,29.32
1789438765942,197.8036,26.6412,0.7247,-1.0353,0.3452,0.6111,29.31
1789438765950,199.8576,26.5384,0.0458,0.1246,-0.0821,-0.2130,29.30
1789438766020,197.3946,26.6616,0.7579,-1.0964,0.9252,0.7027,29.31
1789438766020,199.9932,26.5316,0.0169,0.0636,-0.0516,-0.3046,29.32
1789438766020,198.2312,26.6198,0.4201,-0.5469,0.6810,0.7027,29.31
1789438766020,199.7715,26.5428,0.0443,0.1551,-0.0516,-0.1215,29.32
1789438766020,198.3933,26.6117,0.3444,-0.3027,0.7420,0.6722,29.32
1789438766020,199.6676,26.5479,0.0029,0.2162,0.1926,0.0006,29.31
1789438766020,196.5998,26.7014,0.6633,-0.8522,1.0778,0.7332,29.31
1789438766030,200.1181,26.5255,0.0700,0.4604,0.3757,0.2754,29.32
1789438766040,197.3293,26.6650,0.4302,-0.4554,0.6199,0.7943,29.31
1789438766117,199.4684,26.5581,-0.0465,0.5520,0.3452,0.2448,29.32
1789438766117,197.4060,26.6613,0.4160,-0.8217,0.4978,0.5196,29.31
1789438766117,199.1955,26.5718,-0.0814,0.4299,0.3452,-0.0909,29.31
1789438766117,196.5741,26.7030,0.4748,-0.6080,0.6810,0.7638,29.33
1789438766117,199.6906,26.5472,0.0490,0.3078,0.2842,0.0312,29.34
1789438766117,196.9714,26.6832,0.3546,-0.4554,0.5589,0.5806,29.33
1789438766118,199.8889,26.5373,-0.0374,0.4604,0.3452,0.2448,29.33
1789438766120,197.4321,26.6602,0.3321,-0.6690,0.5894,0.5196,29.32
1789438766130,198.5529,26.6041,0.1458,0.5825,-0.0821,0.1227,29.32
1789438766141,196.9311,26.6852,0.4425,-0.8217,0.6810,0.5806,29.32
1789438766151,201.2421,26.4695,-0.0049,0.3993,0.2536,0.1838,29.32
1789438766220,199.7609,26.5434,0.2402,-0.4554,0.1926,0.4890,29.31
1789438766220,201.0772,26.4775,0.0151,0.4604,0.3147,0.3669,29.33
1789438766220,198.4093,26.6108,0.3143,-0.4554,0.3147,0.3975,29.32
1789438766220,200.4535,26.5086,-0.0135,0.3688,0.2842,0.3975,29.32
1789438766220,197.1392,26.6743,0.4241,-0.5469,0.4978,0.3975,29.33
1789438766220,199.9558,26.5335,0.1296,0.7656,0.0705,0.3059,29.36
1789438766224,197.2755,26.6675,0.3284,-0.5469,0.2842,0.3364,29.28
1789438766230,200.4176,26.5103,-0.0258,0.4604,0.2842,0.3975,29.31
1789438766241,197.5779,26.6523,0.3441,-0.5775,0.2842,0.3975,29.34
1789438766251,199.6029,26.5511,0.0266,0.6130,0.1010,0.3669,29.32
1789438766320,197.1472,26.6739,0.2922,-0.4248,0.2536,0.4890,29.31
1789438766320,200.2728,26.5176,-0.0118,0.6130,0.1010,0.3975,29.31
1789438766320,198.1643,26.6231,0.3149,-0.3638,0.2842,0.4280,29.31
1789438766320,199.8909,26.5368,-0.0371,0.5520,0.2231,0.4585,29.32
1789438766320,198.7774,26.5925,0.3018,-0.3638,0.1315,0.1838,29.31
1789438766320,199.4575,26.5585,-0.0239,0.4604,0.1926,0.4585,29.33
1789438766320,196.5957,26.7016,0.3050,-0.5469,0.1621,0.3364,29.31
1789438766330,199.9699,26.5329,0.1095,0.5825,-0.1127,0.3975,29.32
1789438766341,197.1667,26.6732,0.2894,-0.4248,0.1621,0.3059,29.32
1789438766417,199.3229,26.5654,-0.0543,0.4604,0.1010,0.2754,29.31
1789438766417,197.2807,26.6676,0.3185,-0.3027,0.1926,0.2143,29.31
1789438766417,199.3446,26.5644,-0.1075,0.4604,0.2536,0.3364,29.32
1789438766417,196.8732,26.6881,0.2844,-0.3027,0.2231,0.2143,29.31
1789438766417,199.6577,26.5489,0.0721,0.4299,-0.0211,0.3059,29.32
1789438766417,196.8265,26.6905,0.3537,-0.1196,0.1010,0.3669,29.34
1789438766419,199.5935,26.5521,-0.0362,0.4604,0.1315,0.3669,29.33
1789438766422,197.5882,26.6524,0.3395,-0.2417,0.1315,0.3975,29.32
1789438766430,198.6266,26.6005,-0.0388,0.4299,0.2231,0.3364,29.32
1789438766441,197.0046,26.6816,0.4533,-0.1806,0.3147,0.4585,29.33
1789438766450,199.9291,26.5354,0.0013,0.4909,0.2231,0.4585,29.30
1789438766520,198.1408,26.4218,0.3756,0.0330,0.1621,0.3669,29.31
1789438766520,200.6966,26.4971,0.0721,0.4909,0.0400,0.3975,29.33
1789438766520,202.4741,26.4082,0.5284,-0.2722,0.1621,0.1533,29.31
1789438766520,200.7339,26.4951,0.0018,0.3993,-0.1432,0.3364,29.30
1789438766520,200.4295,26.5103,0.7159,-0.2417,0.2842,0.2448,29.31
1789438766520,199.5455,26.5545,0.1858,0.5214,-0.3263,0.2754,29.31
1789438766520,201.6890,26.4473,0.4379,-0.3333,0.2536,0.1838,29.31
1789438766530,201.0290,26.4803,0.0309,0.3688,0.1010,0.3059,29.32
1789438766540,202.1869,26.4224,0.4196,-0.3638,0.2842,0.1838,29.32
1789438766550,200.7078,26.4963,0.0663,0.3688,-0.0821,0.1838,29.36
1789438766620,202.2905,26.4172,0.5460,-0.1806,0.1621,0.1533,29.33
1789438766620,200.9496,26.4842,0.0282,0.2467,-0.1127,0.1533,29.32
1789438766620,201.6563,26.4489,0.5730,-0.1806,0.2536,0.1838,29.32
1789438766620,200.4500,26.5092,0.0612,0.3383,-0.2042,0.1838,29.32
1789438766620,202.4362,26.4099,0.6671,-0.1806,0.1315,0.1838,29.32
1789438766620,200.3286,26.5152,0.0546,0.2772,-0.1737,0.1838,29.32
1789438766623,200.7207,26.4957,0.4860,-0.2417,0.2842,0.0006,29.33
1789438766630,200.0403,26.5297,0.0811,0.2772,-0.2042,0.3059,29.33
1789438766641,200.9528,26.4841,0.4794,-0.3638,0.2536,-0.0299,29.31
1789438766717,200.7663,26.4936,-0.0182,0.3383,-0.1127,0.1838,29.33
1789438766717,201.3032,26.4668,0.7875,-0.2722,0.3147,0.0312,29.32
1789438766717,200.8392,26.4900,-0.0339,0.1551,-0.2042,0.0922,29.31
1789438766717,201.0757,26.4783,0.7673,-0.1501,0.3452,-0.0604,29.33
1789438766717,200.2179,26.5212,0.0499,0.2162,-0.1737,0.3364,29.33
1789438766717,201.5988,26.4521,0.8636,-0.1196,0.1926,-0.1825,29.32
1789438766719,201.4371,26.4602,0.0413,0.1246,-0.2042,0.3059,29.31
1789438766720,201.5892,26.4526,0.8488,-0.1501,0.3452,-0.1825,29.33
1789438766730,200.8835,26.4879,0.0549,0.3688,-0.3263,0.3364,29.32
1789438766741,202.2845,26.4180,1.1555,-0.0891,0.4063,-0.2741,29.32
1789438766750,201.2368,26.4703,0.0463,0.2162,-0.3263,0.3364,29.32
1789438766819,202.1627,26.4239,0.8335,-0.1501,0.4063,-0.2741,29.32
1789438766819,200.0338,26.5304,0.0962,0.3688,-0.3263,0.4585,29.32
1789438766820,202.7287,26.3957,1.5343,-0.0585,0.7726,-0.4878,29.33
1789438766820,200.8176,26.4911,0.0806,0.3078,-0.3569,0.3669,29.36
1789438766820,200.4475,26.5096,1.1795,-0.0585,0.8336,-0.8235,29.31
1789438766820,199.9076,26.5366,0.0255,0.2772,-0.3569,0.5806,29.31
1789438766824,201.5192,26.4561,1.0456,0.0025,0.6810,-0.5488,29.31
1789438766830,201.0388,26.4801,0.0436,0.3078,-0.3874,0.4280,29.32
1789438766840,202.1812,26.4230,0.9609,-0.0280,0.4368,-0.4878,29.30
1789438766850,200.7830,26.4929,0.0207,0.3688,-0.2042,0.5806,29.33
1789438766920,202.3310,26.4155,0.9774,0.0636,0.5284,-0.6099,29.32
1789438766920,200.9702,26.4835,-0.0127,0.2772,-0.1127,0.3059,29.32
1789438766920,201.5028,26.4569,1.1797,0.0941,0.7115,-0.7014,29.32
1789438766920,199.8840,26.5379,0.0275,0.0941,-0.2958,0.3669,29.31
1789438766920,202.5568,26.4043,1.3770,0.1246,0.8336,-0.8541,29.32
1789438766920,200.3992,26.5120,-0.0475,0.4299,-0.2348,0.4585,29.33
1789438766920,200.3199,26.5160,0.7541,-0.0280,0.6810,-0.6099,29.32
1789438766930,199.6805,26.5481,0.0429,0.3993,-0.3263,0.5501,29.32
1789438766940,201.1633,26.4740,0.7089,0.0025,0.3757,-0.4572,29.32
1789438767033,200.8906,26.4877,-0.0150,0.3078,-0.2042,0.4280,29.32
1789438767033,201.3687,26.4638,0.8865,0.1246,0.7420,-0.8235,29.31
1789438767033,200.8743,26.4886,0.0246,0.3383,-0.1432,0.3975,29.33
1789438767033,201.0825,26.4783,1.0251,0.1857,0.7115,-0.9151,29.32
1789438767033,199.6809,26.5483,0.0600,0.2467,-0.1432,0.3059,29.34
1789438767033,201.6922,26.4478,1.1158,0.2467,0.8336,-1.1288,29.34
1789438767033,197.0576,26.6797,0.3113,0.2772,-0.3569,0.5196,29.34
1789438767033,199.7977,26.5430,1.3423,0.6435,0.8641,-1.4035,29.32
1789438767033,200.1378,26.5262,0.1601,0.2162,-0.1127,0.3059,29.31
1789438767040,202.2246,26.4220,1.6590,1.0098,0.7420,-1.8309,29.32
1789438767050,201.3213,26.4670,0.1274,0.0330,-0.1737,0.3364,29.32
1789438767119,202.3295,26.4166,0.9765,0.3078,0.5284,-1.0677,29.32
1789438767119,200.3375,26.5161,0.5810,-0.0585,-0.3569,0.5806,29.31
1789438767119,202.8649,26.3898,1.3470,0.9488,0.6505,-1.5867,29.32
1789438767119,200.7956,26.4931,0.1081,0.1246,-0.1432,0.3975,29.32
1789438767119,200.6364,26.5011,0.6582,0.3688,0.7726,-0.7014,29.32
1789438767119,199.6512,26.5504,0.0676,0.0330,-0.1432,0.3059,29.32
1789438767120,201.9803,26.4339,0.8875,0.3078,0.6199,-1.0983,29.31
1789438767130,201.1957,26.4731,0.0622,0.0636,-0.0821,0.3669,29.30
1789438767141,202.4752,26.4091,0.9432,0.4909,0.5894,-1.1288,29.30
1789438767150,200.7767,26.4940,0.1182,0.0941,-0.1432,0.1533,29.31
1789438767220,202.3208,26.4168,1.0359,0.7046,0.6199,-1.0677,29.32
1789438767220,200.9637,26.4846,0.1806,0.0025,-0.1127,0.0922,29.32
1789438767220,201.6635,26.4497,0.9920,0.7046,0.4368,-1.0067,29.33
1789438767220,200.2920,26.4766,0.1154,-0.0280,-0.1127,0.1227,29.31
1789438767220,202.0366,26.6522,0.9296,0.6741,0.5589,-1.1593,29.32
1789438767220,201.3476,26.4654,-0.0148,0.0636,-0.2348,0.0312,29.36
1789438767220,198.6786,26.5989,0.5485,0.2772,0.4978,-0.4572,29.33
1789438767230,201.3571,26.4650,0.4479,0.0025,-0.1127,0.0617,29.32
1789438767241,198.9418,26.5858,0.4455,0.0941,0.3757,-0.4572,29.32
1789438767251,200.5663,26.5046,0.2359,0.0636,-0.3874,0.1533,29.35
1789438767320,196.7171,26.6972,0.7152,0.5825,0.4063,-0.9762,29.32
1789438767320,201.6846,26.4488,0.3206,-0.0585,0.0400,-0.0299,29.29
1789438767320,197.8381,26.6412,0.6175,0.4299,0.4063,-0.7930,29.32
1789438767320,201.5117,26.4576,0.4489,-0.1501,0.0094,0.0922,29.28
1789438767320,197.4445,26.6610,0.5628,0.5825,0.2536,-0.8541,29.31
1789438767320,201.7343,26.4465,0.6488,-0.1806,0.0400,0.4280,29.31
1789438767320,197.9007,26.6382,0.4743,0.5214,0.4368,-0.5183,29.31
1789438767330,201.5542,26.4555,0.5717,-0.0585,0.2231,0.5196,29.33
1789438767341,197.6293,26.6519,0.8466,1.0098,0.4673,-0.8235,29.34
1789438767350,202.7229,26.3972,0.8791,-0.1196,0.1926,0.6111,29.31
1789438767420,198.2603,26.6203,0.4810,0.7351,0.3452,-0.4267,29.31
1789438767420,200.3377,26.5165,1.0325,-0.6690,0.4978,0.9774,29.31
1789438767420,197.0586,26.6805,0.5928,1.0709,0.5589,-0.7320,29.32
1789438767420,202.0448,26.4310,0.6867,-0.2112,0.3452,0.8248,29.32
1789438767420,198.6058,26.6030,0.3522,0.6130,0.4063,-0.1825,29.32
1789438767420,202.1260,26.4270,0.8595,-0.2722,0.5589,0.6111,29.31
1789438767423,198.9790,26.5843,0.4307,0.6741,0.4978,-0.2741,29.32
1789438767430,202.3862,26.4140,0.8631,-0.3638,0.4978,0.5806,29.31
1789438767441,198.4868,26.6089,0.3224,0.5214,0.5894,-0.0604,29.32
1789438767517,201.4042,26.4631,0.9502,-0.5775,0.2231,0.6417,29.31
1789438767517,198.1698,26.6248,0.4290,0.8267,0.3757,-0.3351,29.32
1789438767517,202.4829,26.4091,1.1312,-0.7911,0.3452,0.7943,29.31
1789438767517,197.9417,26.6362,0.4088,0.8877,0.4673,-0.1520,29.32
1789438767517,201.2505,26.4707,0.7220,-0.7911,0.1621,0.5806,29.32
1789438767517,197.6799,26.6493,0.4058,0.7656,0.4673,-0.3046,29.35
1789438767518,201.4028,26.4631,0.4992,-0.4248,0.2536,0.3059,29.33
1789438767520,198.6340,26.6015,0.3437,0.7046,0.5589,-0.0909,29.31
1789438767530,201.3360,26.4665,1.0900,-0.9132,0.2536,0.7638,29.33
1789438767541,198.9319,26.5867,0.3028,0.7046,0.5284,0.0006,29.31
1789438767551,200.6813,26.4993,0.8209,-0.8217,0.2536,0.4585,29.32
1789438767620,197.1564,26.6756,0.3157,0.7351,0.4368,-0.0299,29.33
1789438767620,201.2511,26.4710,0.9673,-0.8827,0.3147,0.7943,29.32
1789438767620,197.6526,26.6509,0.3013,0.6741,0.4063,-0.2130,29.32
1789438767620,201.5080,26.4582,0.7617,-0.3027,0.2842,0.8553,29.31
1789438767620,197.7438,26.6465,0.2966,0.5214,0.2231,-0.2130,29.32
1789438767620,201.8842,26.4395,1.1704,-1.1574,0.8031,0.7332,29.30
1789438767620,197.5149,26.6579,0.2137,0.4299,0.1315,-0.1215,29.32
1789438767630,201.9120,26.4381,1.0063,-0.8522,0.9252,1.0690,29.31
1789438767641,197.7869,26.6443,0.3646,0.4299,-0.0211,-0.4267,29.31
1789438767718,202.5487,26.4062,1.5614,-1.6764,1.5052,1.0690,29.32
1789438767718,198.7327,26.5969,0.2856,0.4299,-0.2653,-0.3657,29.33
1789438767718,200.2839,26.5194,1.0208,-1.1269,0.9862,1.2216,29.31
1789438767718,197.0328,26.6819,0.1950,0.3383,-0.0516,-0.1520,29.31
1789438767718,202.0311,26.4320,0.8494,-0.7911,0.8336,1.0385,29.32
1789438767718,198.5971,26.6036,0.1579,0.2162,-0.1737,-0.3046,29.33
1789438767719,202.3375,26.4167,1.2347,-1.6458,1.1999,0.6722,29.33
1789438767720,198.9850,26.5842,0.1726,0.3078,-0.0821,-0.2436,29.32
1789438767730,202.4338,26.4118,1.0176,-1.1269,0.8031,0.6417,29.32
1789438767741,198.2834,26.6193,0.0917,0.4909,0.1315,0.2448,29.30
1789438767818,201.5301,26.4570,1.1064,-1.5848,0.9862,0.7332,29.31
1789438767818,198.0408,26.6314,0.1578,0.4604,-0.1432,-0.2130,29.28
1789438767818,202.6490,26.4011,1.0371,-1.6458,1.0168,0.6417,29.31
1789438767818,198.3248,26.5195,0.0866,0.2772,-0.0516,-0.0909,29.33
1789438767818,200.8300,26.4920,0.5657,-1.0048,0.3757,0.5501,29.32
1789438767818,199.8545,26.5408,0.0530,0.0941,0.1010,-0.3046,29.31
1789438767819,201.3112,26.4679,0.3607,-0.7911,0.1315,0.3975,29.30
1789438767823,199.5301,26.5569,0.0288,0.1246,-0.0516,-0.1825,29.31
1789438767830,201.6833,26.7072,1.0044,-1.5543,1.1389,0.4585,29.31
1789438767841,200.2664,26.5202,0.0700,0.0941,-0.0211,-0.0604,29.31
1789438767918,197.3171,26.6677,0.6676,-0.7606,0.8641,0.7332,29.30
1789438767918,199.3996,26.5636,0.0026,0.0330,0.0094,-0.2130,29.32
1789438767918,197.4249,26.6626,0.7622,-1.0353,1.1694,0.7638,29.32
1789438767918,199.3458,26.5664,-0.0346,0.1857,0.1010,-0.2436,29.32
1789438767918,196.8682,26.6905,0.6960,-0.9438,1.1389,0.7943,29.34
1789438767918,199.8332,26.5422,0.0399,0.1246,-0.0211,-0.1520,29.32
1789438767920,197.1774,26.6750,0.5723,-0.7911,1.1083,0.7332,29.32
1789438767920,199.9968,26.5340,-0.0288,0.2162,0.3147,0.0006,29.31
1789438767930,197.4869,26.6595,0.5061,-0.6385,0.7420,0.7943,29.31
1789438767941,198.5732,26.6052,0.2595,0.5825,-0.4179,-0.0604,29.31
1789438768018,197.0159,26.6831,0.6971,-0.8217,1.1083,0.8553,29.31
1789438768018,200.2057,26.5235,0.0822,0.3688,0.0705,0.0617,29.35
1789438768018,198.1089,26.6284,0.3998,-0.5469,0.6199,0.7332,29.33
1789438768018,200.5245,26.5077,0.0212,0.4909,0.3452,0.2448,29.33
1789438768018,198.3158,26.6181,0.4041,-0.5164,0.4063,0.7332,29.31
1789438768018,200.7119,26.4982,-0.0046,0.3688,0.3757,0.1227,29.31
1789438768020,197.6846,26.6497,0.5190,-0.7301,0.6199,0.6111,29.32
1789438768024,200.2228,26.5227,0.1094,0.6435,0.1010,0.2448,29.33
1789438768030,197.4129,26.6632,0.4446,-0.6080,0.4673,0.6417,29.32
1789438768041,200.9756,26.4850,-0.0394,0.3383,0.3147,0.1227,29.32
1789438768118,197.6630,26.6506,0.3733,-0.6080,0.4368,0.5196,29.32
1789438768118,199.6411,26.5517,0.0607,0.5520,0.2842,0.3975,29.32
1789438768118,197.1663,26.6755,0.3876,-0.7606,0.6505,0.5196,29.32
1789438768118,200.2898,26.5193,-0.0093,0.4909,0.3147,0.3059,29.32
1789438768118,198.5372,26.6069,0.2946,-0.4554,0.2231,0.4280,29.31
1789438768118,199.7678,26.5454,0.0213,0.3993,0.2842,0.4280,29.31
1789438768120,198.4908,26.6093,0.2541,-0.4554,0.0094,0.3975,29.32
1789438768120,199.3210,26.5677,0.0161,0.4909,0.1926,0.4585,29.31
1789438768130,196.6736,26.7002,0.3817,-0.5775,0.4063,0.3669,29.32
1789438768141,200.1502,26.5264,0.0485,0.5825,0.3452,0.3975,29.33
1789438768150,197.1941,26.6742,0.2838,-0.4554,0.3757,0.2754,29.31
1789438768220,199.5689,26.5555,-0.0505,0.4604,0.3757,0.3059,29.32
1789438768220,197.0798,26.6801,0.3314,-0.6080,0.2231,0.3669,29.33
1789438768220,199.1785,26.5751,-0.1559,0.3383,0.2842,0.1227,29.32
1789438768220,196.6799,26.7001,0.3337,-0.6385,0.2536,0.3059,29.32
1789438768220,199.7347,26.5474,0.0434,0.3993,0.1926,0.4280,29.32
1789438768220,196.7899,26.6947,0.2849,-0.4554,0.1621,0.2448,29.32
1789438768221,199.6496,26.5517,-0.0340,0.2162,0.1621,0.1227,29.32
1789438768230,197.5691,26.6557,0.3050,-0.5164,0.1926,0.1838,29.32
1789438768240,198.6192,26.6032,-0.1015,0.5214,0.1926,0.1838,29.32
1789438768318,196.7505,26.6967,0.4083,-0.5164,0.2536,0.3059,29.32
1789438768318,200.1442,26.5269,0.0167,0.3993,-0.0821,0.2448,29.32
1789438768318,198.3737,26.6155,0.3715,-0.4248,0.1926,0.2754,29.32
1789438768318,200.4743,26.5105,0.1434,0.4909,-0.2348,0.3059,29.31
1789438768318,198.4770,26.6103,0.3937,-0.3333,0.1926,0.3059,29.32
1789438768318,200.3485,26.5167,0.0107,0.1551,-0.0821,0.0617,29.32
1789438768320,197.3315,26.6676,0.4757,-0.3943,0.1621,0.0922,29.32
1789438768320,200.2419,26.5220,0.2103,0.3383,-0.4790,0.2754,29.31
1789438768330,197.8455,26.6418,0.4064,-0.3333,0.1926,0.2143,29.33
1789438768341,200.7863,26.4947,-0.0025,0.2162,-0.1127,0.1533,29.32
1789438768351,197.8628,26.6409,0.3366,-0.3943,0.1315,0.0922,29.31
1789438768420,199.8945,26.5393,0.0148,0.1551,-0.2348,0.0617,29.32
1789438768420,197.4097,26.6636,0.3773,-0.3027,0.1315,0.1838,29.33
1789438768420,200.0030,26.5339,-0.0142,0.2772,-0.1737,0.0922,29.32
1789438768420,198.2363,26.6223,0.4679,-0.3943,0.2536,0.1533,29.30
1789438768420,199.7847,26.5449,0.0394,0.1857,-0.2348,0.1227,29.31
1789438768420,198.9285,26.5877,0.4128,-0.3027,0.0094,0.1533,29.32
1789438768424,199.5087,26.5587,0.0292,0.2162,-0.2653,0.0617,29.33
1789438768430,200.4267,26.5129,0.5132,-0.3943,0.3147,0.2143,29.31
1789438768440,200.0778,26.5304,0.0697,0.3078,-0.4179,0.0922,29.32
1789438768451,201.2388,26.4723,0.4072,-0.3027,0.1010,0.2448,29.31
1789438768520,200.9090,26.4889,-0.1267,0.0330,-0.1127,-0.0604,29.32
1789438768520,201.5958,26.4545,0.4793,-0.3027,0.0705,0.2143,29.33
1789438768520,201.0670,26.4810,-0.1177,0.1857,-0.0821,0.0617,29.31
1789438768520,201.0299,26.4829,0.5108,-0.3027,0.2231,0.0922,29.33
1789438768520,200.0246,26.5332,0.0097,0.2772,-0.2348,0.1838,29.34
1789438768520,201.6171,26.4536,0.5751,-0.3943,0.2842,0.0617,29.32
1789438768520,201.2610,26.4714,0.0084,0.1246,-0.2042,-0.0299,29.26
1789438768530,201.9832,26.4353,0.5887,-0.2417,0.0705,0.0922,29.31
1789438768541,200.6842,26.5002,-0.0047,0.2162,-0.2653,0.1227,29.32
1789438768551,202.0030,26.4343,0.8273,-0.0585,0.2536,0.1838,29.31
1789438768620,200.8909,26.4899,0.0498,0.2162,-0.5705,0.2143,29.32
1789438768620,202.1995,26.4245,0.5904,-0.1501,0.5894,0.1227,29.32
1789438768620,200.3364,26.5177,0.0869,0.1551,-0.4790,0.2143,29.32
1789438768620,202.4816,26.4105,0.9658,0.0330,0.6505,0.2143,29.31
1789438768620,201.1720,26.4758,-0.0094,0.1246,-0.2958,0.1533,29.33
1789438768620,200.4783,26.5105,1.0966,0.1551,0.9862,-0.2436,29.31
1789438768624,199.5690,26.5560,0.0579,0.3078,-0.5095,0.3975,29.32
1789438768630,201.9382,26.4375,0.7847,0.1857,0.6199,0.2448,29.32
1789438768641,201.1768,26.4755,0.0133,0.1551,-0.2653,0.1227,29.32
1789438768718,201.9757,26.4355,0.6800,0.0636,0.7420,0.2448,29.33
1789438768718,200.6101,26.5038,-0.0266,0.1246,-0.2958,0.1533,29.32
1789438768718,202.0511,26.4318,0.8164,0.2162,0.7420,0.3059,29.32
1789438768718,200.8391,26.4924,-0.0471,0.1857,-0.3569,0.1533,29.30
1789438768718,201.4265,26.4631,0.9387,0.3078,0.7115,0.0922,29.32
1789438768718,200.3144,26.5187,0.0281,0.0636,-0.2958,0.2448,29.32
1789438768719,202.3349,26.4177,0.9445,0.1551,0.7115,0.2448,29.31
1789438768720,200.1512,26.5269,-0.0312,0.1246,-0.3569,0.1838,29.31
1789438768730,201.7936,26.4447,0.6831,0.2162,0.7115,0.2143,29.32
1789438768741,200.5102,26.5088,-0.0163,0.1857,-0.4790,0.2754,29.32
1789438768817,201.1359,26.4775,0.6351,0.1246,0.5284,0.2754,29.30
1789438768817,200.7816,26.4953,0.0170,0.1246,-0.3263,0.1838,29.31
1789438768817,201.3098,26.4690,1.0859,0.3078,1.0168,-0.3046,29.32
1789438768817,200.9224,26.4884,-0.0975,0.1551,-0.2958,0.2448,29.30
1789438768817,200.7994,26.4946,0.8558,0.3383,0.7115,-0.0604,29.33
1789438768817,199.7882,26.5452,0.0485,0.0941,-0.4179,0.2143,29.31
1789438768818,201.4808,26.4607,1.1283,0.4299,1.0778,-0.3351,29.31
1789438768822,201.1051,26.4794,-0.0042,0.1551,-0.3874,0.3364,29.33
1789438768830,201.9170,26.4389,1.1163,0.3688,1.1389,-0.3351,29.32
1789438768840,200.6433,26.5025,-0.0056,0.0941,-0.3569,0.1838,29.32
1789438768957,201.9789,26.4358,1.4976,0.5520,1.1694,-0.7320,29.32
1789438768957,200.8812,26.4906,-0.0179,0.0941,-0.4179,0.3364,29.33
1789438768957,202.1961,26.4249,0.9780,0.4604,0.9557,-0.4878,29.30
1789438768957,200.2690,26.5213,0.2274,-0.0280,-0.3263,0.2754,29.31
1789438768957,202.4488,26.4123,1.5735,0.8267,1.0473,-1.2204,29.32
1789438768957,201.1436,26.4774,-0.0304,0.4604,0.0705,0.5501,29.31
1789438768957,200.6145,26.5039,0.9844,0.3688,1.2304,-0.7625,29.34
1789438768957,199.9946,26.5349,-0.0783,0.3993,-0.0821,0.6722,29.28
1789438768957,201.5332,26.4580,0.7783,0.2162,0.9557,-0.6709,29.28
1789438768957,200.9668,26.4863,-0.1007,0.5214,-0.2042,0.6111,29.31
1789438768957,202.1370,26.4278,0.8248,0.2772,0.9557,-0.7320,29.32
1789438769026,200.7616,26.4965,0.0152,0.4299,0.0094,0.6722,29.32
1789438769026,201.9504,26.4371,0.9418,0.3993,0.7420,-0.7014,29.32
1789438769026,200.8648,26.4913,-0.0592,0.5520,0.1926,0.4890,29.32
1789438769026,201.3990,26.4647,1.0698,0.5520,0.8031,-0.9762,29.33
1789438769026,200.4197,26.5136,0.0179,0.4299,0.1010,0.4890,29.33
1789438769026,202.4513,26.4121,1.2939,0.8877,1.0778,-1.3119,29.34
1789438769033,200.3375,26.5177,-0.1276,0.4909,0.1010,0.6417,29.31
1789438769033,200.5306,26.5081,0.5676,0.2467,0.6199,-0.6404,29.32
1789438769040,200.0362,26.5329,0.0406,0.3993,0.1010,0.6111,29.31
1789438769050,200.9440,26.4875,0.4773,0.2467,0.5894,-0.4878,29.31
1789438769140,200.6679,26.5014,0.1313,0.4909,0.1926,0.5806,29.32
1789438769140,201.4729,26.4612,0.9279,0.6435,0.6505,-1.0983,29.32
1789438769140,200.8372,26.4930,0.1364,0.1246,0.0094,0.2143,29.32
1789438769140,200.9031,26.4898,0.7059,0.3993,0.5589,-0.8235,29.33
1789438769140,201.5359,26.4582,0.1803,0.2467,0.1315,0.2754,29.35
1789438769140,201.6879,26.6623,0.8038,0.6435,0.5284,-1.0677,29.33
1789438769140,201.7599,26.4470,0.3856,0.2162,-0.0821,0.2754,29.31
1789438769140,197.9151,26.6393,0.6651,0.5214,0.4978,-0.8235,29.31
1789438769140,201.8689,26.4415,0.2747,0.0025,-0.1127,-0.0299,29.31
1789438769218,197.5155,26.6593,0.9683,0.9488,0.4063,-1.1288,29.32
1789438769218,202.6731,26.4013,0.5913,-0.0891,-0.0211,0.1227,29.32
1789438769218,198.2550,26.6222,0.7475,0.6741,0.2842,-0.8235,29.32
1789438769218,200.3559,26.5172,0.9101,-0.7911,0.0094,0.8553,29.31
1789438769218,197.0675,26.6817,0.8639,1.0404,0.3452,-1.2204,29.32
1789438769218,201.8419,26.4428,0.3726,-0.1196,-0.0516,0.2448,29.32
1789438769219,198.5019,26.6098,0.5594,0.3993,0.2842,-0.7930,29.32
1789438769220,202.2902,26.4204,0.4934,-0.0891,0.1621,0.1533,29.32
1789438769230,198.9589,26.5870,0.5601,0.3383,0.3757,-0.7014,29.32
1789438769241,202.4237,26.4137,0.4112,0.2467,0.4368,0.3975,29.32
1789438769250,198.2615,26.6218,0.3860,0.2772,0.2842,-0.4267,29.33
1789438769319,201.5152,26.4591,0.7076,-0.2417,0.4673,0.5806,29.32
1789438769319,198.0324,26.6333,0.6674,0.5825,0.1926,-0.8541,29.32
1789438769319,202.6162,26.4041,0.7237,-0.2417,0.3147,0.4585,29.33
1789438769319,198.1194,26.6290,0.5201,0.4909,0.2231,-0.7320,29.30
1789438769319,200.8813,26.4909,0.5513,-0.2112,0.2231,0.5501,29.32
1789438769319,197.4738,26.6613,0.5482,0.6130,0.2536,-0.7930,29.32
1789438769324,201.5909,26.4554,0.3592,-0.0280,0.1926,0.0312,29.33
1789438769330,198.5820,26.6058,0.3993,0.2162,0.3757,-0.4572,29.32
1789438769341,201.7572,26.4471,0.9422,-0.6385,0.0400,0.6417,29.29
1789438769418,198.9043,26.5897,0.3480,0.3078,0.2536,-0.2130,29.32
1789438769418,200.9112,26.4894,0.7473,-0.5775,0.2231,0.2143,29.32
1789438769418,197.0738,26.6814,0.4204,0.4299,0.1621,-0.6709,29.33
1789438769418,201.8711,26.4415,0.8308,-0.5469,0.4368,0.4280,29.36
1789438769418,198.1207,26.6290,0.4306,0.5520,0.0705,-0.3657,29.32
1789438769418,201.5090,26.4597,0.9743,-0.4248,0.5589,0.9469,29.31
1789438769419,197.9848,26.6359,0.3683,0.4909,0.0705,-0.4572,29.32
1789438769420,201.8193,26.4442,1.2392,-0.6690,0.4673,1.0690,29.33
1789438769430,197.8140,26.6444,0.3347,0.4299,0.1315,-0.4878,29.32
1789438769441,201.8404,26.4431,0.9667,-0.5775,0.4063,0.8859,29.31
1789438769450,197.4963,26.6603,0.4990,0.6741,0.0400,-0.6099,29.31
1789438769520,202.9924,26.3855,1.5954,-1.1574,0.6810,0.8553,29.33
1789438769520,198.2523,26.6225,0.3427,0.4604,0.1010,-0.5183,29.32
1789438769520,200.3875,26.5157,0.9707,-1.1269,0.2536,0.9164,29.31
1789438769520,196.9387,26.6881,0.2637,0.3383,0.0400,-0.3046,29.32
1789438769520,201.8041,26.4448,0.8028,-0.8827,0.2842,0.6722,29.32
1789438769520,198.4809,26.6109,0.2492,0.2772,-0.0211,-0.3351,29.32
1789438769524,202.2781,26.4211,1.3428,-1.3711,0.5589,0.7027,29.31
1789438769530,198.9323,26.5884,0.2657,0.4604,0.0705,-0.1520,29.32
1789438769540,202.4101,26.4145,1.0938,-1.1269,0.3757,0.6417,29.37
1789438769618,198.2719,26.6213,0.1786,0.1857,-0.0211,-0.3657,29.31
1789438769618,201.7689,26.4465,1.2644,-1.3101,0.6199,0.8248,29.32
1789438769618,197.9769,26.6361,0.2340,0.3688,0.1315,-0.3046,29.32
1789438769618,197.4128,26.6643,1.2170,-1.0659,0.6505,1.0995,29.30
1789438769618,196.1266,26.7289,0.2880,0.3993,-0.0821,-0.5183,29.33
1789438769618,200.0254,26.5342,0.9451,-0.8827,0.7726,1.0690,29.29
1789438769619,197.5289,26.6590,0.2039,0.3383,-0.1737,-0.3351,29.31
1789438769620,201.3335,26.4688,0.4443,-0.2417,0.5589,0.7638,29.32
1789438769630,198.8928,26.5908,0.1739,0.2467,-0.0211,-0.2130,29.33
1789438769641,201.9124,26.4399,1.2436,-1.1880,1.2304,0.9469,29.32
1789438769718,199.5513,26.5578,0.1428,0.2467,-0.2042,-0.1520,29.31
1789438769718,200.8784,26.4916,0.8558,-0.9132,0.9557,0.7943,29.41
1789438769718,197.3819,26.6664,0.1161,0.1551,0.0400,-0.2436,29.33
1789438769718,201.3648,26.4674,0.9463,-1.2185,0.7420,0.7943,29.34
1789438769718,198.0748,26.6318,0.0965,0.1551,-0.0821,-0.3657,29.31
1789438769718,201.4317,26.4642,0.8627,-1.0659,0.8031,0.6417,29.29
1789438769719,197.7044,26.6505,0.1307,0.1857,-0.2042,-0.3351,29.32
1789438769723,201.5527,26.4582,0.9838,-1.5237,0.8947,0.5501,29.32
1789438769730,199.9126,26.5402,0.0267,0.0941,-0.0516,-0.3046,29.31
1789438769741,201.6775,26.4520,0.8221,-1.4322,0.7420,0.4890,29.32
1789438769750,198.5506,26.6083,0.3259,0.4909,-0.2348,-0.2741,29.32
1789438769820,202.6528,26.4033,1.1567,-2.8363,1.4136,-1.1593,29.34
1789438769820,199.9803,26.5368,0.1452,0.4909,-0.0211,-0.1215,29.30
1789438769820,198.2395,26.6238,0.6955,-0.9132,0.8031,0.7027,29.33
1789438769820,200.5989,26.5059,0.0572,0.3078,0.0400,-0.2741,29.34
1789438769820,198.8495,26.5933,0.5052,-0.3027,0.5894,1.0385,29.32
1789438769820,200.5335,26.5090,0.0065,0.3078,0.1010,0.0312,29.32
1789438769820,197.5934,26.6562,0.8126,-0.9438,1.1999,0.7943,29.32
1789438769830,200.1761,26.5269,0.1104,0.0636,0.0094,-0.0909,29.35
1789438769840,197.3899,26.6663,0.7619,-0.9438,1.1999,0.7638,29.32
1789438769917,200.4849,26.5114,-0.0028,-0.0280,0.0094,-0.1825,29.32
1789438769917,197.6267,26.6544,0.6405,-0.8217,1.1083,0.7332,29.32
1789438769917,199.5364,26.5588,0.0279,0.3688,0.1010,0.0312,29.32
1789438769917,197.1135,26.6801,0.6735,-0.8827,1.2304,0.7027,29.31
1789438769917,200.2762,26.5218,-0.0122,0.4604,0.1315,-0.0909,29.33
1789438769917,198.5306,26.6092,0.3931,-0.3943,0.6199,0.5806,29.33
1789438769918,199.7644,26.5475,0.0165,0.1857,0.1315,-0.1215,29.33
1789438769922,198.4890,26.6113,0.2515,-0.2112,0.5284,0.7027,29.31
1789438769930,199.7217,26.5496,-0.0089,0.1246,0.0705,-0.2130,29.30
1789438769941,196.6271,26.7044,0.5501,-0.6385,0.8947,0.7332,29.32
1789438770018,200.1264,26.5295,0.0467,0.5520,0.2842,0.3059,29.34
1789438770018,197.3358,26.6691,0.3814,-0.4248,0.5589,0.7027,29.33
1789438770018,199.4698,26.5624,-0.0511,0.5520,0.2536,0.1533,29.34
1789438770018,197.1655,26.6777,0.3814,-0.5775,0.5589,0.6722,29.32
1789438770018,199.4353,26.5642,-0.0801,0.4909,0.2231,0.2143,29.32
1789438770018,196.9492,26.6887,0.4142,-0.5775,0.4673,0.5501,29.32
1789438770019,199.4335,26.5644,0.0134,0.5214,0.2536,0.2754,29.32
1789438770022,197.3504,26.6686,0.3403,-0.4248,0.3147,0.5806,29.31
1789438770030,199.9915,26.5364,-0.1232,0.4299,0.1010,0.1533,29.32
1789438770041,197.4033,26.6658,0.3083,-0.5469,0.1315,0.4890,29.33
1789438770051,198.7755,26.5972,0.1319,0.6741,0.0094,0.4280,29.32
1789438770120,196.8237,26.6948,0.4312,-0.6690,0.4368,0.4585,29.33
1789438770120,200.1663,26.5276,-0.0046,0.6130,0.2231,0.4890,29.33
1789438770120,198.0124,26.6353,0.2623,-0.5775,0.1926,0.3364,29.31
1789438770120,200.4751,26.5122,0.1528,0.6130,0.0705,0.2448,29.30
1789438770120,198.2893,26.6215,0.3549,-0.4859,0.1010,0.2754,29.32
1789438770120,200.6982,26.5010,-0.0150,0.3383,0.1621,0.3364,29.31
1789438770120,197.6776,26.6521,0.4396,-0.6080,0.3147,0.2143,29.31
1789438770130,200.2213,26.5249,0.1450,0.5825,-0.0821,0.3059,29.31
1789438770141,197.4100,26.6654,0.3442,-0.4554,0.2231,0.2754,29.32
1789438770218,200.5508,26.5083,0.0075,0.3078,-0.0211,0.1838,29.32
1789438770218,197.6278,26.6545,0.2874,-0.4554,0.2231,0.3059,29.32
1789438770218,199.6300,26.5544,0.0777,0.3383,-0.2653,0.3059,29.32
1789438770218,197.1599,26.6779,0.3064,-0.1501,0.3757,0.5806,29.33
1789438770218,200.4606,26.5128,-0.0458,0.2162,0.1926,0.1533,29.32
1789438770218,198.4662,26.6125,0.3186,-0.3638,0.1926,0.4890,29.31
1789438770220,199.9025,26.5407,-0.0248,0.3993,-0.0821,0.2448,29.34
1789438770220,198.4600,26.6128,0.2739,0.0025,0.2231,0.5196,29.32
1789438770230,199.7095,26.5503,-0.0350,0.4299,0.2231,0.3059,29.34
1789438770241,196.6191,26.7049,0.3110,-0.3638,0.2536,0.3669,29.31
1789438770318,200.1301,26.5294,0.1024,0.7351,0.0094,0.4280,29.31
1789438770318,197.3529,26.6682,0.3048,-0.3943,0.2842,0.3975,29.34
1789438770318,199.4104,26.5654,-0.1100,0.3688,0.0705,0.3364,29.32
1789438770318,197.3061,26.6707,0.3694,-0.3943,0.0705,0.2754,29.33
1789438770318,199.3529,26.5684,-0.0890,0.3688,0.2842,0.1227,29.33
1789438770318,196.9415,26.6891,0.3528,-0.2722,0.0094,0.1838,29.32
1789438770319,199.6921,26.5516,0.0051,0.2772,-0.0211,0.1533,29.30
1789438770323,196.7038,26.7010,0.3784,-0.3333,0.1315,0.1838,29.31
1789438770330,199.6687,26.5527,-0.0058,0.3688,-0.1127,0.2143,29.33
1789438770341,197.2895,26.6717,0.3785,-0.3333,0.0094,0.1838,29.31
1789438770418,198.7964,26.5963,-0.0041,0.2467,-0.1737,0.1838,29.30
1789438770418,202.1968,26.4263,0.5066,-0.3027,0.1926,0.0617,29.31
1789438770418,200.1932,26.5265,-0.0155,0.1857,-0.0516,-0.0604,29.32
1789438770418,202.1107,26.4306,0.3885,-0.3027,0.1315,0.1838,29.32
1789438770418,200.4820,26.5121,0.0751,0.2162,-0.2958,0.1838,29.32
1789438770418,202.3434,26.4190,0.6160,-0.3027,0.1621,0.1227,29.31
1789438770419,200.6793,26.5022,0.0183,0.1857,-0.1737,0.1533,29.29
1789438770420,200.3945,26.5165,0.7500,-0.1501,0.1926,0.0006,29.31
1789438770430,199.5261,26.5599,0.1252,0.1857,-0.4484,0.1227,29.32
1789438770441,202.6349,26.4043,0.5079,-0.2417,0.1621,0.1838,29.31
1789438770518,201.5159,26.4602,-0.0028,0.2772,-0.2348,0.1533,29.30
1789438770518,202.4378,26.4141,0.5338,-0.2417,0.3757,0.1838,29.32
1789438770518,200.8338,26.4943,-0.0022,0.1551,-0.2348,0.0006,29.32
1789438770518,202.3733,26.4173,0.5814,-0.2112,0.2231,0.3059,29.31
1789438770518,200.9931,26.4863,-0.0307,0.1857,-0.3263,0.3059,29.32
1789438770518,201.5042,26.4608,0.6141,0.0330,0.6199,0.3364,29.34
1789438770519,200.2104,26.5255,-0.0459,0.4299,-0.2653,0.3975,29.31
1789438770523,202.2816,26.4219,0.6760,0.1857,0.4978,0.4585,29.31
1789438770530,200.1241,26.5298,-0.0162,0.4299,-0.1737,0.3975,29.31
1789438770541,200.5668,26.5077,0.6055,0.1246,0.5284,0.4280,29.32
1789438770550,199.8828,26.5419,0.0067,0.4909,-0.1432,0.5196,29.32
1789438770620,201.0212,26.4850,0.4434,-0.0280,0.5894,0.3669,29.32
1789438770620,200.9394,26.4892,-0.0609,0.2467,0.0705,0.0922,29.31
1789438770620,201.4045,26.4660,0.7756,0.1246,0.6505,0.3669,29.32
1789438770620,200.8795,26.4923,-0.1433,0.3688,0.1315,0.3364,29.31
1789438770620,200.9333,26.4897,0.6620,0.0025,0.5589,0.0922,29.32
1789438770620,200.0632,26.5332,-0.0227,0.4299,0.0705,0.3669,29.31
1789438770620,201.4227,26.4653,0.7500,-0.0891,0.4673,-0.0299,29.32
1789438770630,201.2576,26.4736,0.0591,0.5214,-0.0211,0.5196,29.32
1789438770641,201.7706,26.4480,0.7044,-0.2112,0.4368,-0.0604,29.31
1789438770650,200.8508,26.4939,0.0427,0.2772,-0.1432,0.4585,29.29
1789438770720,202.1910,26.4269,1.1599,-0.1196,0.5284,-0.4267,29.32
1789438770720,201.1898,26.4769,0.0636,0.5214,-0.2653,0.6417,29.33
1789438770720,202.1209,26.4304,0.9216,-0.0891,0.5284,-0.3657,29.31
1789438770720,200.1078,26.5311,0.2100,0.3993,-0.1127,0.6417,29.32
1789438770720,202.6352,26.4048,1.4738,0.0330,0.6505,-0.6709,29.32
1789438770720,200.8697,26.4929,0.0330,0.5825,-0.2042,0.7638,29.35
1789438770724,200.4858,26.5121,1.0879,-0.0585,0.8336,-0.7625,29.32
1789438770730,199.9227,26.5403,0.1118,0.3383,-0.2653,0.7027,29.34
1789438770741,201.5053,26.4611,0.9812,-0.0891,0.6505,-0.5183,29.33
1789438770818,201.5216,26.4603,0.0244,0.4299,-0.0516,0.6417,29.30
1789438770818,201.9370,26.4395,0.8989,0.0330,0.5589,-0.4572,29.30
1789438770818,201.0708,26.4828,0.0448,0.2162,-0.1127,0.4890,29.32
1789438770818,202.2046,26.4262,1.0547,0.0025,0.4978,-0.4878,29.32
1789438770818,200.6355,26.5046,-0.0488,0.1857,-0.3263,0.3975,29.32
1789438770818,201.4835,26.4622,1.0469,-0.0280,0.7115,-0.5183,29.32
1789438770819,200.0546,26.5337,0.0331,0.3078,-0.3569,0.5806,29.34
1789438770820,202.4061,26.4161,0.8882,-0.0585,0.5284,-0.3962,29.31
1789438770830,200.0920,26.5318,0.0161,0.2772,-0.3263,0.4585,29.33
1789438770840,200.5376,26.5095,0.8036,0.0636,0.6505,-0.7625,29.30
1789438770918,199.8672,26.5431,0.1168,0.2162,-0.3569,0.3975,29.30
1789438770918,200.8180,26.4956,0.6787,-0.0280,0.5284,-0.5488,29.32
1789438770918,200.4727,26.5129,-0.0020,0.2162,-0.3874,0.3975,29.32
1789438770918,201.3004,26.4716,1.2853,0.0941,0.8947,-1.2204,29.33
1789438770918,201.1392,26.4797,-0.0082,0.1246,-0.3263,0.1227,29.32
1789438770918,201.1153,26.4810,0.9925,0.5214,0.9557,-0.4267,29.32
1789438770919,199.6868,26.5525,0.0113,0.0636,-0.2348,0.2448,29.27
1789438770923,201.6967,26.4520,1.1903,0.4604,1.2304,-0.9762,29.31
1789438770930,201.4873,26.4624,0.0524,0.0636,-0.3874,0.2754,29.32
1789438770940,201.8880,26.4424,0.9615,0.6130,1.1389,-0.7625,29.32
1789438771018,200.9135,26.4910,-0.0341,-0.0585,-0.1127,0.3364,29.28
1789438771018,202.2190,26.4259,1.5176,1.1625,0.9557,-1.3119,29.32
1789438771018,201.2234,26.4756,0.1290,0.0330,-0.2653,0.0617,29.32
1789438771018,202.3289,26.4203,1.0872,1.0098,1.0168,-0.7930,29.32
1789438771018,200.1000,26.5317,0.4472,-0.0891,-0.4179,0.4280,29.32
1789438771018,202.6330,26.4051,1.2779,1.2235,0.9862,-1.2204,29.32
1789438771019,200.6850,26.5024,0.1237,0.0636,-0.2348,0.2448,29.30
1789438771020,200.3840,26.5176,0.7706,0.6130,1.0473,-0.6709,29.31
1789438771030,199.7188,26.5508,0.0339,0.1246,0.1926,0.2448,29.30
1789438771041,201.5875,26.4574,0.6543,0.7656,0.9557,-0.6099,29.37
1789438771050,201.1967,26.4769,0.0541,0.2772,0.0705,0.4280,29.32
1789438771120,202.2621,26.4236,0.6677,0.7046,0.9862,-0.5488,29.32
1789438771120,200.8256,26.4954,0.1381,0.3383,0.2231,0.4585,29.30
1789438771120,202.1395,26.4297,0.8793,0.8572,0.7420,-0.7014,29.32
1789438771120,202.6784,26.4027,0.1193,0.4299,0.2231,0.4890,29.31
1789438771120,201.4630,26.6346,0.8502,0.9183,0.6199,-0.7320,29.32
1789438771120,201.0214,26.4856,0.2607,0.1246,-0.0516,0.3364,29.28
1789438771124,197.3100,26.6713,0.9237,1.0098,0.5589,-0.9456,29.32
1789438771130,201.4599,26.4636,0.0217,0.1551,0.0094,0.2143,29.29
1789438771141,198.8466,26.5943,0.4243,0.3383,0.5284,-0.1520,29.32
1789438771217,201.2519,26.4741,0.1691,0.1246,0.1621,0.3059,29.31
1789438771217,198.6693,26.6033,0.4622,0.3993,0.6199,-0.2741,29.33
1789438771217,200.7715,26.4983,0.3685,-0.1196,0.0705,0.1838,29.29
1789438771217,197.0248,26.6857,0.6717,0.9488,0.6199,-0.4267,29.30
1789438771217,201.5396,26.4600,0.3155,0.0330,0.1010,0.0617,29.32
1789438771217,197.9323,26.6404,0.5972,0.6741,0.6199,-0.3657,29.32
1789438771219,201.6512,26.4545,0.6354,-0.3027,-0.0211,0.1838,29.28
1789438771220,197.5626,26.6590,0.6874,1.0098,0.6810,-0.5793,29.30
1789438771230,201.8136,26.4464,0.7808,-0.3943,0.0400,0.3059,29.32
1789438771241,197.9406,26.6400,0.5767,0.8877,0.6199,-0.3046,29.32
1789438771250,201.8804,26.4430,0.5811,-0.4248,0.1621,0.2143,29.30
1789438771320,197.5590,26.6591,0.7868,1.0709,0.5284,-0.6404,29.31
1789438771320,202.6917,26.4024,1.0462,-0.5469,0.1621,0.3059,29.32
1789438771320,198.2389,26.6251,0.4869,0.9183,0.4978,-0.3351,29.33
1789438771320,198.0160,26.6363,1.0694,-0.8827,0.5894,1.1301,29.31
1789438771320,196.1020,26.7322,0.6968,1.1930,0.4673,-0.8235,29.31
1789438771320,201.1221,26.4813,0.7923,-0.3638,0.4978,0.8248,29.37
1789438771324,198.9483,26.5900,0.3895,0.6435,0.4978,-0.1520,29.33
1789438771330,202.3985,26.4175,0.8067,-0.0280,0.5284,0.4890,29.33
1789438771341,199.1191,26.5814,0.4650,0.8572,0.5589,-0.1825,29.32
1789438771350,202.5023,26.4122,0.7611,-0.1196,0.3147,0.6111,29.32
1789438771421,198.3017,26.6222,0.3404,0.6435,0.4673,-0.2436,29.33
1789438771421,201.5616,26.4593,0.8966,-0.5164,0.1926,0.6417,29.31
1789438771421,198.0601,26.6344,0.4543,0.7046,0.3757,-0.4572,29.31
1789438771421,202.7280,26.4009,0.9871,-0.5775,0.1926,0.7638,29.32
1789438771421,198.0670,26.6340,0.3441,0.5825,0.3757,-0.3657,29.32
1789438771421,200.8690,26.4938,0.5808,-0.5469,0.1315,0.4585,29.31
1789438771421,197.6340,26.6556,0.3214,0.6741,0.2536,-0.3351,29.33
1789438771430,201.3589,26.4693,0.4867,-0.4554,0.1315,0.3669,29.32
1789438771441,198.6813,26.6032,0.2698,0.4909,0.1926,-0.1825,29.30
1789438771518,201.3584,26.4695,1.0420,-0.8522,0.2231,0.7027,29.32
1789438771518,198.9425,26.5902,0.2453,0.3993,0.2842,-0.1825,29.31
1789438771518,200.5679,26.5091,0.8793,-0.9438,0.3757,0.5196,29.31
1789438771518,197.2213,26.6764,0.2558,0.5520,0.2536,-0.1215,29.32
1789438771518,201.4871,26.4633,1.1585,-1.0964,0.6810,0.9469,29.30
1789438771518,198.2163,26.6268,0.2758,0.5825,0.2842,-0.1215,29.31
1789438771519,201.7344,26.4510,1.2019,-0.8217,0.8031,1.2522,29.31
1789438771524,197.8568,26.6448,0.2618,0.7046,0.3757,-0.0604,29.33
1789438771530,201.9421,26.4406,1.2385,-0.8827,0.8641,1.0690,29.32
1789438771541,198.0064,26.6373,0.2249,0.6435,0.2842,0.0617,29.31
1789438771618,201.9173,26.4418,0.9935,-0.9743,0.7115,0.7027,29.32
1789438771618,197.5735,26.6589,0.3428,0.7962,0.3757,-0.1215,29.34
1789438771618,203.0017,26.3876,1.6104,-1.7679,1.1999,0.7027,29.32
1789438771618,198.2595,26.6246,0.1921,0.6435,0.2842,0.0006,29.32
1789438771618,200.3590,26.5197,1.0243,-1.3406,0.6199,0.7638,29.31
1789438771618,197.0696,26.6841,0.1790,0.6130,0.3452,0.0006,29.32
1789438771619,202.1446,26.4304,0.9447,-1.3101,0.6810,0.7638,29.31
1789438771620,198.6574,26.6047,0.1003,0.4909,0.2536,0.0617,29.32
1789438771630,202.1525,26.4300,1.2090,-1.6458,1.0168,0.6111,29.32
1789438771641,198.9926,26.5879,0.1877,0.6435,0.0094,0.1227,29.32
1789438771717,202.4489,26.4151,1.0159,-1.3406,0.7115,0.5501,29.39
1789438771717,198.2748,26.6237,0.0971,0.2467,-0.1127,0.0006,29.31
1789438771717,201.5686,26.4591,0.9130,-1.0353,0.9252,0.7638,29.33
1789438771717,198.0392,26.6355,0.1168,0.6741,0.1315,0.0922,29.33
1789438771717,202.6924,26.4029,1.0428,-1.4322,1.3220,0.7332,29.31
1789438771717,198.0992,26.6325,0.0999,0.4909,0.2231,0.1838,29.32
1789438771719,200.9253,26.4913,0.5479,-0.5469,0.8641,0.9164,29.38
1789438771723,199.7754,26.5488,0.0623,0.4909,0.1315,0.1227,29.33
1789438771730,201.5460,26.4603,0.4819,-0.5775,0.6505,0.8859,29.33
1789438771741,199.6804,26.5535,0.0360,0.3993,0.3147,0.0006,29.32
1789438771817,201.5135,26.4620,0.9208,-1.2795,1.1999,0.6111,29.32
1789438771817,200.1214,26.5315,0.0734,0.3383,0.1010,0.1533,29.30
1789438771817,197.3316,26.6711,0.6556,-0.7301,1.2304,1.0080,29.42
1789438771817,199.4780,26.5638,0.0051,0.4909,0.2842,0.1227,29.32
1789438771817,197.2519,26.6753,0.6434,-1.0353,0.6810,0.4585,29.31
1789438771817,199.4793,26.5639,-0.0163,0.3993,0.1315,-0.0909,29.32
1789438771819,196.9717,26.6894,0.5843,-1.1574,0.6505,0.4890,29.32
1789438771820,199.5616,26.5599,0.0757,0.3078,0.0705,0.0617,29.32
1789438771830,197.0719,26.6844,0.5445,-1.1574,0.7420,0.4280,29.32
1789438771841,199.9448,26.5407,-0.0422,0.1246,-0.0211,0.0617,29.33
1789438771850,197.4592,26.6650,0.4674,-0.9743,0.3452,0.3364,29.31
1789438771920,198.5571,26.6101,0.2930,0.5214,-0.3874,0.0617,29.31
1789438771920,197.0102,26.6875,0.6833,-1.2795,0.8947,0.4585,29.33
1789438771920,199.7807,26.5489,0.0946,0.2467,-0.1127,-0.0604,29.33
1789438771920,198.1299,26.6314,0.4495,-0.8827,0.4673,0.5196,29.30
1789438771920,200.5352,26.5112,0.0843,0.1857,-0.0516,-0.1825,29.32
1789438771920,198.4669,26.6146,0.3994,-0.9132,0.2536,0.3669,29.31
1789438771920,200.6480,26.5055,0.0271,-0.0280,-0.1127,-0.1825,29.32
1789438771930,197.6543,26.6552,0.5451,-0.8522,0.8336,0.3364,29.32
1789438771941,200.2045,26.5277,0.1358,0.0941,-0.2042,0.0006,29.32
1789438772019,197.4030,26.6678,0.4811,-0.6080,0.8336,0.5501,29.30
1789438772019,200.5936,26.5081,-0.0136,0.1246,0.0094,0.0617,29.31
1789438772019,197.6221,26.6567,0.4099,-0.4248,0.6505,0.6111,29.33
1789438772019,199.5420,26.5607,0.0415,0.0941,-0.0516,-0.1825,29.35
1789438772019,197.4461,26.6656,0.3763,-0.4248,0.7115,0.7943,29.32
1789438772019,200.2793,26.5238,-0.0066,0.0636,-0.0211,-0.0604,29.32
1789438772020,198.4457,26.6156,0.2874,-0.2112,0.4978,0.7638,29.31
1789438772020,199.8920,26.5433,0.0768,0.1551,-0.3263,-0.0604,29.30
1789438772030,198.9881,26.5884,0.2379,-0.0585,0.3757,0.7638,29.33
1789438772041,199.5398,26.5608,0.0158,0.3078,-0.0821,0.1838,29.32
1789438772117,196.5342,26.7112,0.3881,-0.4248,0.5284,0.5196,29.31
1789438772117,200.0868,26.5336,0.1495,0.5520,-0.2348,0.2754,29.32
1789438772117,197.3308,26.6714,0.2879,-0.4248,0.4368,0.5196,29.32
1789438772117,199.4065,26.5677,-0.0955,0.4604,0.3757,0.3059,29.34
1789438772117,197.3236,26.6718,0.2774,-0.4859,0.4063,0.4585,29.32
1789438772117,199.3654,26.5697,-0.1104,0.4299,0.2536,0.1227,29.32
1789438772119,196.8647,26.6949,0.2722,-0.5164,0.2536,0.4890,29.30
1789438772123,199.6528,26.5555,0.0349,0.4909,0.1926,0.4280,29.32
1789438772130,196.8494,26.6957,0.2625,-0.3638,0.3452,0.2754,29.30
1789438772141,199.6348,26.5563,-0.0142,0.3993,0.1926,0.4280,29.32
1789438772150,197.7670,26.6499,0.3523,-0.4554,0.2231,0.3059,29.32
1789438772221,198.7167,26.6024,0.0228,0.6130,0.0400,0.3975,29.31
1789438772221,197.1241,26.6821,0.3063,-0.5775,0.2231,0.1838,29.33
1789438772221,200.3203,26.5222,0.0710,0.4299,-0.0516,0.3669,29.31
1789438772221,198.4413,26.6162,0.3476,-0.3943,0.2231,0.2143,29.33
1789438772221,200.5272,26.5119,0.1745,0.2467,-0.2653,0.2143,29.32
1789438772221,198.4735,26.6145,0.3057,-0.3027,0.1621,0.2754,29.31
1789438772221,200.3432,26.5210,0.0240,0.1246,0.0400,0.0922,29.32
1789438772230,197.8558,26.6455,0.5237,-0.3027,0.2842,0.2448,29.33
1789438772240,200.1829,26.5291,0.1378,0.3078,-0.3569,0.2143,29.34
1789438772250,197.6477,26.6558,0.4283,-0.3943,0.2842,0.0617,29.32
1789438772319,200.8275,26.4968,-0.0145,0.1246,-0.1432,0.0617,29.32
1789438772319,197.8824,26.6440,0.3501,-0.1196,0.2231,0.4280,29.32
1789438772319,199.7320,26.5515,-0.0191,0.0636,-0.3263,0.0006,29.31
1789438772319,197.4314,26.6665,0.4390,0.0941,0.2231,0.4585,29.32
1789438772319,200.0345,26.5364,-0.0193,0.0330,-0.2042,-0.0604,29.32
1789438772319,198.3955,26.6184,0.4248,-0.0585,0.4978,0.4280,29.32
1789438772324,200.1378,26.5313,-0.0028,0.1857,-0.2348,0.0617,29.33
1789438772330,198.9045,26.5929,0.3911,0.0330,0.4368,0.5196,29.32
1789438772341,199.5307,26.5616,-0.0162,0.0636,-0.0516,-0.0909,29.30
1789438772421,196.6310,26.5103,0.3923,-0.0585,0.4978,0.4585,29.31
1789438772421,199.8458,26.5459,0.0178,0.2467,0.0094,0.0922,29.31
1789438772421,200.9499,26.4907,0.3315,-0.0585,0.4978,0.5196,29.31
1789438772421,199.2128,26.5777,-0.1304,0.3383,0.1010,0.0312,29.32
1789438772421,201.2747,26.4746,0.5004,0.0330,0.5284,0.4280,29.31
1789438772421,200.8260,26.4971,-0.1363,0.4604,0.2536,0.1838,29.30
1789438772421,200.8970,26.4937,0.4984,0.1246,0.4978,0.5196,29.31
1789438772421,200.0445,26.5363,0.0115,0.5214,0.1010,0.3059,29.31
1789438772430,201.5136,26.4629,0.5060,0.0636,0.4063,0.3059,29.31
1789438772441,201.2988,26.4736,-0.0303,0.5214,0.1926,0.4585,29.30
1789438772450,201.7917,26.4490,0.5629,-0.0585,0.3452,0.3364,29.32
1789438772519,200.8616,26.4955,0.0870,0.3993,-0.2348,0.3975,29.30
1789438772519,202.1937,26.4289,0.7440,-0.1196,0.2231,0.2143,29.32
1789438772519,201.2118,26.4779,0.0448,0.3383,-0.1737,0.3669,29.32
1789438772519,202.3372,26.4217,0.6143,-0.2417,0.1315,0.1227,29.31
1789438772519,200.0971,26.5337,0.1612,0.4604,-0.1737,0.3669,29.31
1789438772519,202.6334,26.4069,0.8008,-0.1806,0.1926,0.0312,29.32
1789438772523,200.6771,26.5046,0.0682,0.2162,-0.2042,0.3669,29.31
1789438772530,200.3533,26.5208,0.9673,-0.1806,0.5284,-0.3351,29.31
1789438772541,199.6102,26.5579,0.1189,0.1551,-0.5400,0.4280,29.30
1789438772617,201.7950,26.4486,0.7738,-0.2722,0.2842,0.0312,29.32
1789438772617,201.1798,26.4793,0.1142,0.2467,-0.2958,0.3364,29.33
1789438772617,202.4808,26.4143,0.6972,-0.2722,0.2536,0.0312,29.32
1789438772617,200.8793,26.4943,0.0922,0.1857,-0.3874,0.3364,29.32
1789438772617,202.4033,26.4182,0.7292,-0.1196,0.1010,0.0312,29.31
1789438772617,200.7174,26.5024,-0.0017,0.1551,-0.3263,0.1838,29.32
1789438772619,201.5255,26.4621,0.7863,-0.2417,0.2842,-0.1520,29.30
1789438772620,200.0894,26.5339,0.0550,0.1246,-0.4179,0.2143,29.32
1789438772630,202.2180,26.4275,0.9086,-0.0585,0.6199,0.0312,29.31
1789438772641,200.0914,26.5337,-0.0046,0.2162,-0.4484,0.2754,29.33
1789438772717,200.6005,26.5083,0.6976,0.0941,0.4673,0.1533,29.31
1789438772717,199.9787,26.5395,0.0617,0.0941,-0.3569,0.1838,29.37
1789438772717,200.9146,26.4927,0.5999,0.0330,0.5589,0.2143,29.32
1789438772717,200.6672,26.5051,-0.0099,0.1246,-0.4790,0.3059,29.32
1789438772717,201.2500,26.4761,1.0308,0.3078,0.8336,-0.1825,29.32
1789438772717,200.8217,26.4975,-0.0588,0.0941,-0.3569,0.1838,29.32
1789438772718,200.8951,26.4939,0.8175,0.2467,0.6505,-0.1215,29.32
1789438772723,200.1229,26.5326,-0.0220,0.3993,-0.3569,0.5806,29.36
1789438772730,201.7276,26.4524,1.0714,0.1857,0.8336,-0.4878,29.33
1789438772741,201.4123,26.4681,-0.0066,0.4909,-0.0211,0.6417,29.32
1789438772750,201.8509,26.4462,0.9293,0.0025,0.8031,-0.4878,29.33
1789438772819,200.8945,26.4939,-0.0240,0.4909,-0.0516,0.6417,29.33
1789438772820,202.2112,26.4282,1.3823,0.1246,0.9557,-0.9762,29.33
1789438772820,201.2182,26.4777,0.0093,0.3383,0.1010,0.6111,29.33
1789438772820,202.1141,26.4329,1.0250,0.0330,0.7420,-0.7320,29.33
1789438772820,200.1040,26.5335,0.2755,0.4604,-0.1127,0.6722,29.32
1789438772820,202.8603,26.3957,1.6542,0.4909,0.8947,-1.3119,29.33
1789438772820,200.8891,26.4941,0.0549,0.2467,-0.0821,0.3669,29.26
1789438772830,200.4945,26.5139,1.0442,0.0636,0.9252,-1.0372,29.28
1789438772841,199.9273,26.5422,0.0459,0.3688,-0.2958,0.6111,29.32
1789438772850,201.4987,26.4637,0.9123,0.0636,0.6810,-0.8846,29.32
1789438772920,201.0053,26.4883,-0.0353,0.1551,-0.1432,0.1227,29.31
1789438772920,202.3406,26.4216,1.0484,0.0636,0.7420,-1.0372,29.32
1789438772920,200.6948,26.5038,0.0769,0.1857,-0.2958,0.4585,29.32
1789438772920,202.0914,26.4340,1.1447,0.2772,0.7420,-0.9151,29.32
1789438772920,200.9382,26.4916,0.0089,0.0941,-0.2653,0.2754,29.33
1789438772920,201.4811,26.4646,1.1459,0.5520,0.8031,-1.0067,29.32
1789438772924,199.8867,26.5443,0.0009,0.1551,-0.3263,0.3669,29.32
1789438772930,202.3309,26.4221,1.2450,0.3993,1.0473,-1.3730,29.36
1789438772940,200.2879,26.5242,-0.1129,0.0330,-0.1737,0.1533,29.32
1789438772950,200.6982,26.5037,0.5685,0.3688,0.9862,-0.5183,29.32
1789438773020,200.0276,26.5373,0.0336,0.0941,-0.1737,0.2143,29.32
1789438773020,200.9417,26.4916,0.5811,0.4909,0.8641,-0.3046,29.32
1789438773020,200.6651,26.5055,-0.0209,0.1857,0.1926,0.3059,29.27
1789438773020,201.4622,26.4657,1.0141,1.0098,0.9557,-0.8541,29.31
1789438773020,200.9960,26.4890,0.0357,0.5214,0.2842,0.5196,29.37
1789438773020,203.1400,26.3818,0.5395,0.4909,0.7420,-0.3351,29.32
1789438773020,203.0685,26.3852,-0.0245,0.3383,-0.0211,0.4280,29.31
1789438773030,201.9494,26.6186,0.8097,0.7351,0.9862,-0.5793,29.32
1789438773040,201.8147,26.4479,0.4178,0.3383,0.1010,0.4280,29.31
1789438773117,197.9412,26.6416,0.6349,0.7351,0.8641,-0.4878,29.31
1789438773117,201.4501,26.4661,0.2913,0.3383,0.2231,0.5196,29.31
1789438773117,197.3790,26.6698,1.1011,1.3151,0.7726,-1.0372,29.32
1789438773117,202.7728,26.4000,0.6169,0.2162,-0.3874,0.4280,29.35
1789438773117,198.5013,26.6136,0.4891,0.6435,0.7115,-0.1825,29.34
1789438773117,200.3992,26.5188,0.9620,-0.8522,0.0705,0.7638,29.32
1789438773119,196.9441,26.6916,0.9741,1.3761,0.7115,-0.9762,29.33
1789438773122,201.8019,26.4485,0.3756,-0.0585,0.0400,0.2143,29.31
1789438773130,198.4814,26.6146,0.5394,0.6741,0.8031,-0.5488,29.32
1789438773140,202.0642,26.4355,0.5354,-0.1806,-0.0211,0.2143,29.31
1789438773263,198.9473,26.5913,0.5225,0.6435,0.5589,-0.2436,29.31
1789438773263,202.3634,26.4205,0.5489,-0.2112,-0.0211,0.1838,29.32
1789438773263,198.5009,26.6136,0.4217,0.4909,0.6199,-0.2741,29.32
1789438773263,201.4095,26.4681,0.6189,-0.4248,0.2231,0.1838,29.32
1789438773263,198.1741,26.6300,0.6247,0.8877,0.4978,-0.3351,29.32
1789438773263,202.7079,26.4032,0.7775,-0.4554,0.1926,0.2754,29.30
1789438773263,198.3061,26.6233,0.4986,0.8877,0.4368,-0.3962,29.33
1789438773263,201.1416,26.4816,0.5967,-0.2112,0.1926,0.7332,29.31
1789438773263,197.6237,26.6576,0.4921,0.9488,0.4368,-0.4572,29.31
1789438773263,201.3770,26.4698,0.3709,0.1551,0.4063,0.4890,29.31
1789438773334,198.6213,26.6076,0.3507,0.5520,0.3757,-0.1520,29.32
1789438773334,201.5553,26.4610,0.9560,-0.2417,0.4673,0.8248,29.31
1789438773334,198.9313,26.5922,0.3413,0.4909,0.4368,-0.0604,29.32
1789438773334,200.9175,26.4930,0.7705,-0.2722,0.4978,0.5501,29.32
1789438773334,197.0833,26.6847,0.4134,0.7962,0.5894,-0.3046,29.33
1789438773334,201.8760,26.4451,0.9418,-0.6690,0.1621,0.5501,29.31
1789438773334,198.0649,26.6356,0.3416,0.6435,0.2842,-0.2130,29.31
1789438773339,201.7176,26.4530,0.9969,-0.8522,0.1315,0.5806,29.29
1789438773339,197.9627,26.6408,0.3032,0.6130,0.3757,-0.1825,29.34
1789438773342,201.6849,26.4546,0.7828,-0.5164,0.0400,0.3975,29.32
1789438773423,197.5637,26.6607,0.2748,0.7351,0.3452,-0.1215,29.32
1789438773423,201.7122,26.4533,0.8417,-0.8217,0.2231,0.5501,29.31
1789438773423,197.5107,26.6634,0.5658,0.9488,0.2231,-0.4267,29.32
1789438773423,202.4853,26.4146,1.4022,-1.1574,0.7420,0.8859,29.32
1789438773423,198.4823,26.6147,0.2946,0.6741,0.4368,-0.1215,29.33
1789438773423,200.4523,26.5163,1.0380,-0.8827,0.6199,1.3437,29.31
1789438773424,197.1168,26.6831,0.3081,0.7962,0.3147,-0.2741,29.32
1789438773424,202.0745,26.4351,0.8871,-0.6690,0.6505,1.0385,29.31
1789438773430,198.6210,26.6077,0.2185,0.5520,0.3147,-0.1520,29.32
1789438773440,202.3512,26.4213,1.3168,-0.9438,0.7420,1.0385,29.32
1789438773450,198.9901,26.5893,0.2653,0.5825,0.1621,-0.1520,29.31
1789438773518,202.4382,26.4169,1.0582,-1.0048,0.7420,0.7943,29.33
1789438773518,198.2689,26.6253,0.1828,0.3993,0.1010,-0.2436,29.34
1789438773518,201.5459,26.4615,1.1139,-1.1269,0.5894,0.7943,29.31
1789438773518,198.0503,26.6363,0.2664,0.5520,-0.0211,-0.1825,29.32
1789438773518,202.7014,26.4038,1.2635,-1.4322,0.7115,0.8553,29.32
1789438773518,198.0536,26.6361,0.1554,0.3993,0.1315,-0.1825,29.32
1789438773520,201.0340,26.4871,0.7107,-0.9438,0.3757,0.7332,29.32
1789438773530,197.7206,26.6528,0.1721,0.4909,0.0705,-0.2130,29.31
1789438773541,201.3999,26.4688,0.5395,-0.8217,0.3757,0.4585,29.32
1789438773550,198.6325,26.6071,0.1426,0.2162,-0.0821,-0.0909,29.32
1789438773619,201.3353,26.4721,1.1597,-1.2795,1.0168,0.7943,29.28
1789438773619,198.9315,26.5923,0.1451,0.1246,-0.1432,-0.1520,29.30
1789438773619,200.8963,26.4941,0.8708,-0.8522,0.9557,0.9164,29.41
1789438773619,197.0872,26.6846,0.1198,0.3078,-0.1737,-0.1520,29.33
1789438773619,201.5954,26.4593,0.9456,-1.1880,1.1999,0.9164,29.32
1789438773619,198.1317,26.6324,0.1107,0.3688,-0.0211,-0.2130,29.32
1789438773624,201.5114,26.4636,0.9481,-1.4627,1.0473,0.6417,29.32
1789438773630,197.9664,26.6408,0.0983,0.2467,-0.0516,-0.1825,29.31
1789438773640,201.6861,26.4549,0.8985,-1.5237,0.9862,0.5806,29.23
1789438773718,199.9980,26.5392,0.0152,0.1551,-0.1432,-0.2130,29.33
1789438773718,201.9357,26.4424,0.8083,-1.3101,0.8031,0.5196,29.31
1789438773718,198.9619,26.5910,0.2868,0.3383,-0.1127,-0.3351,29.32
1789438773718,202.8157,26.6896,1.1236,-1.7679,1.3220,0.5196,29.33
1789438773718,200.2528,26.5264,0.0742,0.2162,-0.0516,-0.1825,29.33
1789438773718,198.0567,26.6363,0.7124,-1.1269,0.6505,0.5501,29.32
1789438773719,200.4614,26.5161,0.0748,0.1551,-0.0211,-0.3046,29.32
1789438773720,198.6308,26.6076,0.5527,-0.8217,0.4063,0.4585,29.31
1789438773730,200.4302,26.5175,0.0211,0.1551,0.1010,-0.1825,29.31
1789438773741,197.8988,26.6443,0.7848,-1.0964,0.8947,0.6417,29.32
1789438773817,200.2051,26.5289,0.1873,0.0636,-0.1127,-0.0909,29.32
1789438773817,197.8260,26.6478,0.6866,-0.9438,0.8336,0.6722,29.32
1789438773817,200.7899,26.4995,-0.0095,0.0025,-0.1432,-0.1215,29.32
1789438773817,198.0325,26.6374,0.5926,-0.7301,1.0473,0.8553,29.32
1789438773817,199.8382,26.5471,0.0093,0.2467,-0.1127,-0.0604,29.29
1789438773817,197.7883,26.6496,0.6264,-0.9438,1.1083,0.6111,29.31
1789438773818,200.4511,26.5164,0.0052,0.1857,0.1315,-0.1215,29.32
1789438773823,198.4719,26.6153,0.3964,-0.4248,0.5589,0.6417,29.31
1789438773830,199.9477,26.5415,0.0163,0.1857,0.2231,-0.0299,29.32
1789438773841,199.0125,26.5883,0.2400,-0.1806,0.3757,0.7943,29.32
1789438773850,199.7095,26.5534,0.0027,0.5520,0.3757,0.2754,29.32
1789438773920,196.8852,26.6948,0.4994,-0.6996,0.6199,0.6417,29.31
1789438773920,197.7390,26.6523,0.2613,0.7046,0.2231,0.3059,29.32
1789438773920,196.1285,26.7331,0.4766,-0.7301,0.5894,0.5501,29.32
1789438773920,199.3358,26.5727,-0.0281,0.4909,0.4368,0.1838,29.32
1789438773920,197.6386,26.6577,0.3744,-0.7301,0.4978,0.4890,29.32
1789438773920,199.6771,26.5556,-0.0916,0.5214,0.4063,0.3059,29.31
1789438773920,197.0434,26.6874,0.3982,-0.9132,0.3757,0.4280,29.32
1789438773930,199.9228,26.5434,0.0410,0.6435,0.2842,0.4890,29.32
1789438773941,197.1148,26.6838,0.3561,-0.6690,0.2842,0.4280,29.32
1789438773950,199.8708,26.5459,-0.0313,0.5214,0.2231,0.1838,29.31
1789438774019,197.3727,26.6709,0.3400,-0.6996,0.1010,0.3975,29.32
1789438774019,198.8390,26.5975,0.0817,0.8267,0.1010,0.4280,29.33
1789438774019,196.8625,26.6964,0.4792,-0.7911,0.5284,0.3975,29.32
1789438774019,200.2016,26.5293,0.0420,0.6435,0.1010,0.3059,29.31
1789438774019,198.2601,26.6264,0.3158,-0.5469,0.0400,0.3975,29.30
1789438774019,200.4182,26.5185,0.1150,0.3383,0.2536,0.2754,29.32
1789438774024,198.4177,26.6185,0.3233,-0.5775,0.3147,0.3975,29.33
1789438774030,200.3169,26.5235,0.0440,0.3688,-0.0516,0.1838,29.32
1789438774041,197.6755,26.6556,0.4498,-0.4554,0.3452,0.4585,29.32
1789438774118,200.0905,26.5348,0.2384,0.3688,-0.3874,0.1227,29.32
1789438774118,197.7680,26.6509,0.3883,-0.6385,0.3147,0.3059,29.32
1789438774118,200.7437,26.5020,0.0246,0.1857,-0.0211,0.0006,29.31
1789438774118,198.0138,26.6385,0.3465,-0.5469,0.3452,0.2448,29.33
1789438774118,199.8282,26.5478,0.0148,0.2162,-0.2042,0.2143,29.31
1789438774118,197.5970,26.6594,0.3260,-0.4248,0.4978,0.4585,29.31
1789438774119,200.3493,26.5217,0.0172,0.0330,-0.0821,0.0006,29.32
1789438774120,198.4076,26.6188,0.3617,-0.2722,0.2536,0.5196,29.33
1789438774130,199.8723,26.5456,0.0210,0.3993,0.2842,0.4280,29.33
1789438774141,198.4722,26.6156,0.2659,-0.4248,0.1010,0.2754,29.32
1789438774218,199.7086,26.5538,0.0195,0.2467,0.2536,0.2754,29.31
1789438774218,196.9669,26.6909,0.3848,-0.5469,0.3147,0.3059,29.31
1789438774218,200.1620,26.5312,0.1199,0.4604,-0.2653,0.1227,29.32
1789438774218,197.1107,26.6837,0.3200,-0.4554,0.1926,0.3975,29.31
1789438774218,199.3672,26.5710,-0.0373,0.2467,0.0400,0.1533,29.32
1789438774218,197.1004,26.6844,0.3654,-0.3333,0.1926,0.3669,29.32
1789438774219,199.2500,26.5768,-0.0995,0.0025,0.0705,-0.0604,29.32
1789438774223,196.6747,26.7057,0.3498,-0.3638,0.1926,0.3364,29.33
1789438774230,199.7344,26.5528,0.0325,0.1857,-0.1127,0.1533,29.31
1789438774241,196.9929,26.6899,0.3573,-0.4248,0.1315,0.1838,29.32
1789438774318,199.9045,26.5443,-0.0403,0.2467,-0.1127,0.2754,29.31
1789438774318,197.3562,26.6717,0.3946,-0.3638,0.3452,0.2143,29.31
1789438774318,198.7603,26.6015,0.0596,0.2162,-0.2958,0.1227,29.31
1789438774318,196.8906,26.6950,0.4952,-0.2112,0.4673,0.2754,29.32
1789438774318,200.2010,26.5295,-0.0136,0.2162,-0.2348,0.0312,29.32
1789438774318,198.4002,26.6195,0.4594,-0.0891,0.2536,0.3059,29.32
1789438774319,200.5021,26.5144,0.1079,0.2467,-0.4484,0.0617,29.31
1789438774321,198.4920,26.6149,0.5400,0.1246,0.4978,0.5196,29.31
1789438774330,200.8106,26.4989,-0.0253,0.0941,-0.3874,0.0922,29.31
1789438774341,197.7352,26.6527,0.6781,0.0636,0.5589,0.5501,29.33
1789438774417,200.2514,26.5269,0.0485,0.3993,-0.2653,0.2754,29.33
1789438774417,201.5590,26.4614,0.4814,0.1246,0.5589,0.5806,29.34
1789438774417,200.8721,26.4957,-0.0869,0.5520,0.0094,0.3669,29.34
1789438774417,201.9646,26.4411,0.4431,0.0636,0.6199,0.6111,29.33
1789438774417,199.5308,26.4852,-0.0452,0.4909,0.1621,0.4280,29.31
1789438774417,202.2123,26.4287,0.4692,-0.1806,0.4978,0.4280,29.31
1789438774419,200.6405,26.5073,-0.0312,0.4604,0.1621,0.3059,29.33
1789438774423,201.6929,26.4547,0.4523,-0.1501,0.3452,0.2754,29.31
1789438774430,200.0618,26.5363,0.0607,0.3688,0.0705,0.3059,29.31
1789438774441,202.6426,26.4072,0.5319,0.0330,0.2231,0.4585,29.32
1789438774518,199.8983,26.5444,0.0680,0.4909,0.0400,0.4280,29.30
1789438774518,200.6720,26.5057,0.4272,-0.2722,0.2842,0.1838,29.33
1789438774518,199.7436,26.5522,0.1223,0.3688,-0.2348,0.3059,29.32
1789438774518,201.1737,26.4806,0.3703,-0.3027,0.2842,0.2448,29.32
1789438774518,200.8003,26.4994,-0.0209,0.3383,-0.0211,0.1227,29.32
1789438774518,201.3322,26.4729,0.6719,-0.2417,0.1315,0.0617,29.32
1789438774519,200.8647,26.4963,-0.0521,0.3078,-0.0211,0.3059,29.34
1789438774520,201.0314,26.4880,0.5709,-0.2417,0.1926,0.0312,29.32
1789438774530,200.0229,26.5385,0.0884,0.3383,-0.2348,0.4280,29.31
1789438774541,201.4009,26.4697,0.7010,-0.1196,0.2842,0.1227,29.33
1789438774550,201.2444,26.4775,0.0466,0.3383,-0.1432,0.3669,29.32
1789438774620,201.9640,26.4415,0.7152,-0.2417,0.2231,-0.0604,29.31
1789438774620,200.6730,26.5061,0.0225,0.3993,-0.2042,0.3975,29.36
1789438774620,201.9956,26.4400,1.0028,-0.2722,0.3147,-0.0909,29.32
1789438774620,200.8898,26.4953,0.1452,0.1551,-0.3874,0.2754,29.35
1789438774620,202.1085,26.4343,0.6499,-0.1806,0.3147,-0.0909,29.32
1789438774620,200.1982,26.5299,0.1255,0.2772,-0.4179,0.4585,29.32
1789438774620,202.4192,26.4188,1.3398,0.0330,0.5894,-0.4572,29.32
1789438774630,201.1255,26.4834,0.0517,0.2772,-0.3263,0.2448,29.31
1789438774640,200.6052,26.5094,1.1757,0.0330,0.8947,-0.4878,29.32
1789438774650,199.9898,26.5402,0.0748,0.1246,-0.3874,0.3364,29.33
1789438774720,201.5310,26.4631,0.9426,-0.0280,0.6199,-0.3046,29.33
1789438774720,201.5376,26.4627,-0.0029,0.0941,-0.4179,0.2448,29.31
1789438774720,201.9920,26.4400,0.9010,0.0941,0.6810,0.0312,29.31
1789438774720,201.1069,26.4843,0.0176,0.2772,-0.4179,0.3975,29.32
1789438774720,201.9478,26.4422,0.9897,0.2467,0.8031,-0.1520,29.32
1789438774720,200.5907,26.5100,-0.0509,0.0330,-0.3263,0.2143,29.34
1789438774720,198.3258,26.6234,1.0106,0.3688,0.8641,-0.2436,29.32
1789438774730,200.4011,26.5197,-0.0227,0.1551,-0.4790,0.3975,29.32
1789438774741,202.5967,26.4100,1.1553,0.1246,0.8336,-0.5488,29.32
1789438774817,200.5319,26.5131,-0.0832,0.3078,-0.3569,0.4890,29.28
1789438774817,200.6318,26.5081,0.7026,0.2162,0.7115,-0.1825,29.31
1789438774817,200.2715,26.5262,-0.0209,0.2772,-0.2042,0.5196,29.31
1789438774817,201.0721,26.4862,0.6716,0.1246,0.5589,-0.0909,29.33
1789438774817,200.8423,26.4978,-0.1287,0.4909,-0.2653,0.4890,29.33
1789438774817,201.3437,26.4728,1.0049,0.1857,0.8641,-0.4267,29.31
1789438774818,200.8604,26.4970,-0.1242,0.3993,-0.1432,0.3669,29.31
1789438774823,200.9138,26.4944,0.8409,0.1551,0.6505,-0.5183,29.32
1789438774830,200.1391,26.5331,-0.0304,0.4909,-0.0211,0.7638,29.32
1789438774841,201.5620,26.4621,1.1994,0.1551,0.9557,-1.0983,29.32
1789438774850,201.4182,26.4692,0.0804,0.3993,-0.1737,0.5806,29.24
1789438774920,201.8558,26.4473,0.9715,0.0636,0.8031,-0.7930,29.32
1789438774920,200.8956,26.4953,0.0487,0.2772,-0.2042,0.4585,29.32
1789438774920,201.9941,26.4405,1.4640,0.4604,0.8641,-1.3425,29.30
1789438774920,201.1952,26.4803,0.0622,0.2772,-0.1737,0.5501,29.27
1789438774920,202.3176,26.4242,1.0702,0.2772,0.7420,-1.1288,29.30
1789438774920,200.1131,26.5344,0.4063,0.1246,-0.3874,0.4585,29.36
1789438774920,202.7693,26.4016,1.6694,0.9183,0.7726,-1.8003,29.32
1789438774930,200.8384,26.4980,0.0794,0.0330,-0.2042,0.3364,29.31
1789438774940,200.4697,26.5165,1.0054,0.2467,0.9557,-1.1898,29.31
1789438774950,199.9242,26.5438,0.0884,0.0025,-0.2348,0.2448,29.32
1789438775019,201.7042,26.4547,0.9259,0.1551,0.7115,-1.0372,29.32
1789438775019,201.3381,26.4730,0.0027,0.0636,-0.2653,0.1838,29.33
1789438775019,201.8598,26.4469,0.9065,0.3688,0.8336,-1.0067,29.35
1789438775019,201.0268,26.4885,0.1508,0.0941,-0.2653,0.2448,29.32
1789438775019,202.3859,26.4207,1.1328,0.9183,1.1083,-0.8235,29.32
1789438775019,201.0930,26.4852,-0.0183,0.1857,-0.1432,-0.0299,29.32
1789438775024,201.5657,26.4616,1.0789,1.1014,0.9557,-0.7930,29.33
1789438775030,199.9299,26.5434,0.1702,0.3688,0.0094,0.5196,29.41
1789438775040,202.5601,26.4120,0.9519,0.9488,1.0778,-0.9151,29.33
1789438775118,200.4038,26.5197,-0.1362,0.5214,0.1621,0.5806,29.32
1789438775118,200.5645,26.5117,0.4472,0.3078,0.4368,-0.4267,29.30
1789438775118,200.0524,26.4628,0.2193,0.4604,0.2536,0.4890,29.30
1789438775118,201.1608,26.6133,0.4741,0.2467,0.5894,-0.4878,29.31
1789438775118,200.9914,26.4905,0.1120,0.3383,0.1926,0.4280,29.30
1789438775118,196.9815,26.6910,0.7889,0.8877,0.5894,-0.8235,29.32
1789438775119,201.5207,26.4641,0.2657,0.3078,0.1621,0.4890,29.31
1789438775120,197.9090,26.6448,0.6937,0.6741,0.5284,-0.5793,29.32
1789438775130,201.5481,26.4629,0.6501,-1.9206,-0.1127,0.3364,29.33
1789438775141,198.0048,26.6401,0.6413,0.6741,0.6810,-0.6099,29.33
1789438775150,201.9327,26.4437,0.3422,-1.1269,-0.0211,0.4280,29.32
1789438775219,197.7654,26.6521,0.6902,0.8877,0.6505,-0.5793,29.32
1789438775219,201.7943,26.4506,0.4093,-0.1196,-0.1127,0.2143,29.31
1789438775219,197.5547,26.6627,0.9499,1.2846,0.7115,-0.9456,29.32
1789438775219,202.5853,26.4111,0.7746,-0.3027,0.0094,0.3975,29.41
1789438775219,198.4103,26.6198,0.7095,0.9793,0.5284,-0.4572,29.33
1789438775219,200.5648,26.5121,0.8484,-0.8522,0.2842,0.5806,29.31
1789438775223,197.1820,26.6813,0.7039,1.1625,0.4368,-0.8235,29.32
1789438775230,201.8952,26.4455,0.6316,-0.3027,0.4368,0.4890,29.31
1789438775241,198.6748,26.6065,0.4433,0.4604,0.2842,-0.5793,29.31
1789438775319,202.1614,26.4322,0.6780,-0.0280,0.4673,0.6722,29.32
1789438775319,198.9971,26.5904,0.4653,0.4604,0.2536,-0.6404,29.32
1789438775319,202.6861,26.4059,0.7231,0.0025,0.2842,0.5806,29.32
1789438775319,198.4394,26.6182,0.3935,0.2772,0.2536,-0.5183,29.32
1789438775319,201.6094,26.4597,0.8698,-0.6385,0.1926,0.3669,29.32
1789438775319,198.0849,26.6360,0.5526,0.5825,0.2536,-0.7014,29.32
1789438775320,202.6678,26.4068,0.8898,-0.6996,0.1621,0.2754,29.32
1789438775320,198.3360,26.6234,0.4385,0.5214,0.1315,-0.5793,29.32
1789438775330,201.0379,26.4883,0.5333,-0.5164,0.1315,0.3059,29.31
1789438775341,197.4415,26.6682,0.4199,0.5825,0.1621,-0.6404,29.32
1789438775351,201.5787,26.4613,0.4675,-0.3638,0.0400,0.1838,29.31
1789438775419,198.5786,26.6113,0.3214,0.1857,0.1926,-0.4267,29.32
1789438775419,201.5221,26.4642,1.0705,-0.5469,0.4368,0.9469,29.31
1789438775419,198.9191,26.5943,0.3169,0.3383,0.2536,-0.3351,29.31
1789438775419,200.9044,26.4951,0.7909,-0.3943,0.5589,0.8859,29.31
1789438775419,197.0900,26.6859,0.3410,0.4299,0.1621,-0.5183,29.32
1789438775419,201.8759,26.4466,0.9597,-0.4859,0.4368,0.9469,29.29
1789438775423,198.1223,26.6342,0.3472,0.3688,0.1926,-0.4878,29.32
1789438775430,201.5098,26.4650,1.1185,-1.0659,0.3452,0.7332,29.32
1789438775441,197.9632,26.6423,0.2854,0.4604,0.0094,-0.3657,29.32
1789438775518,201.6882,26.4561,1.1524,-1.0353,0.2536,0.8553,29.33
1789438775518,197.5637,26.6623,0.2493,0.3688,-0.1737,-0.3657,29.30
1789438775518,201.9335,26.4438,0.9469,-0.9743,0.2842,0.6722,29.32
1789438775518,197.7925,26.6508,0.4249,0.5520,-0.1127,-0.4572,29.33
1789438775518,202.5835,26.4113,1.5616,-1.6764,0.9862,0.8553,29.31
1789438775518,198.6577,26.6075,0.2679,0.3993,0.0400,-0.1825,29.32
1789438775519,200.2673,26.5271,1.0801,-0.9743,0.8641,1.3437,29.32
1789438775520,197.0244,26.6892,0.2694,0.7046,0.1315,-0.0604,29.33
1789438775530,201.8429,26.4482,0.7273,-0.5164,0.5894,1.0080,29.28
1789438775541,198.5029,26.6152,0.2064,0.6130,0.4063,0.0006,29.34
1789438775617,202.2923,26.4258,1.2812,-1.1269,0.8947,0.8553,29.32
1789438775617,198.9405,26.5933,0.2270,0.6435,0.1315,0.0617,29.29
1789438775617,202.4206,26.4193,1.1396,-1.1574,0.7115,0.6722,29.31
1789438775617,201.3300,26.4737,0.1133,0.5520,0.1315,0.1533,29.31
1789438775617,203.1038,26.3848,0.7943,-0.9438,0.5589,0.5806,29.34
1789438775617,198.7238,26.6036,0.1864,0.5214,-0.0821,-0.0909,29.33
1789438775618,202.7636,26.4016,1.0753,-1.5237,0.7115,0.7638,29.32
1789438775622,197.9783,26.6408,0.1305,0.3383,0.0400,-0.1520,29.33
1789438775630,200.9955,26.4900,0.5773,-0.7301,0.1926,0.4585,29.33
1789438775641,197.3127,26.6741,0.1196,0.3993,0.0705,0.0006,29.32
1789438775718,201.2473,26.4774,0.5354,-0.5164,0.7420,1.0080,29.31
1789438775718,198.5479,26.6123,0.0497,0.2162,-0.0211,-0.0909,29.34
1789438775718,201.2920,26.4753,1.0180,-1.1574,1.3220,0.7638,29.33
1789438775718,198.9085,26.5944,0.0681,0.1551,-0.1127,-0.0604,29.33
1789438775718,200.5505,26.5124,0.7345,-1.0659,0.8641,0.6111,29.32
1789438775718,199.5585,26.5620,0.0254,0.1246,-0.1127,-0.1215,29.33
1789438775719,201.5463,26.6944,0.8174,-1.4322,0.7115,0.5806,29.32
1789438775720,199.2595,26.5771,0.0546,0.3993,-0.0211,-0.0909,29.32
1789438775730,196.6099,26.7097,0.7892,-1.4016,0.8336,0.5501,29.33
1789438775741,199.6992,26.5552,0.0320,0.1857,0.0400,-0.2130,29.33
1789438775750,197.1409,26.6832,0.6787,-1.2795,0.8641,0.4585,29.32
1789438775820,199.9777,26.5413,-0.0017,0.0941,-0.0821,-0.0909,29.32
1789438775820,197.3965,26.6704,0.5770,-1.0659,0.7420,0.3669,29.32
1789438775820,198.3737,26.6215,0.2812,0.4909,-0.3263,-0.0909,29.32
1789438775820,196.8352,26.6985,0.8409,-1.3711,1.3525,0.5196,29.31
1789438775820,200.1723,26.5316,0.0219,0.1551,0.0094,-0.2436,29.32
1789438775820,198.0155,26.6395,0.5438,-0.9132,0.5589,0.5501,29.31
1789438775820,200.4428,26.5181,0.0784,0.1551,0.0094,-0.1520,29.32
1789438775830,198.5269,26.6139,0.4102,-0.4859,0.6199,0.6417,29.32
1789438775841,200.3663,26.5219,0.0046,0.1246,-0.0211,-0.0299,29.32
1789438775920,197.8738,26.6466,0.5944,-0.6996,1.0168,0.7943,29.30
1789438775920,200.1922,26.5306,0.1812,0.1551,-0.1127,0.0617,29.33
1789438775920,197.8200,26.6493,0.5099,-0.7606,0.8336,0.7332,29.31
1789438775920,200.7732,26.5015,-0.0050,0.3078,0.4368,0.0312,29.30
1789438775920,198.0043,26.6400,0.4827,-0.7911,0.7115,0.5806,29.32
1789438775920,199.8233,26.5490,0.0344,0.4604,0.3757,0.2143,29.34
1789438775921,197.5941,26.6605,0.4114,-0.7911,0.5284,0.4585,29.32
1789438775921,200.3458,26.5228,-0.0080,0.4604,0.3147,0.2448,29.32
1789438775930,198.4074,26.6198,0.2993,-0.6080,0.1926,0.5196,29.32
1789438775940,199.8722,26.5465,0.0264,0.3688,0.3147,0.3364,29.32
1789438775950,198.4727,26.6165,0.1681,-0.4859,-0.0821,0.4280,29.32
1789438776027,199.7069,26.5548,0.0170,0.2162,0.2536,0.1533,29.32
1789438776027,196.6181,26.7093,0.4533,-0.8217,0.4063,0.3059,29.32
1789438776027,200.1338,26.5335,0.1607,0.4909,0.0400,0.3364,29.32
1789438776027,197.1975,26.6803,0.3453,-0.6385,0.0094,0.3669,29.32
1789438776027,199.3459,26.5730,-0.0698,0.3383,0.1010,0.1533,29.34
1789438776027,197.2902,26.6758,0.3229,-0.5775,0.2536,0.3975,29.32
1789438776027,199.3378,26.5734,-0.0683,0.3078,0.1926,0.0922,29.32
1789438776031,196.8699,26.6969,0.3477,-0.6080,0.3147,0.3669,29.32
1789438776040,199.6554,26.5576,0.0563,0.2162,-0.1127,0.1838,29.32
1789438776050,196.6839,26.7063,0.3365,-0.5775,0.2536,0.3059,29.32
1789438776131,199.6602,26.5575,-0.0313,0.2467,0.0400,0.1227,29.31
1789438776131,197.2581,26.6776,0.3335,-0.5164,0.1621,0.3669,29.32
1789438776131,198.7803,26.6015,0.0234,0.3688,-0.2348,0.1838,29.32
1789438776131,196.8319,26.6989,0.3718,-0.3943,0.1010,0.3975,29.32
1789438776131,200.1879,26.5310,0.0189,0.2467,-0.1737,0.0922,29.31
1789438776131,198.3922,26.6208,0.3401,-0.4554,0.3452,0.2754,29.32
1789438776131,200.5021,26.5153,0.1310,0.2772,-0.2653,-0.0299,29.32
1789438776131,198.4629,26.6173,0.3205,-0.0280,0.5894,0.5806,29.31
1789438776140,200.3277,26.5239,-0.0133,0.0636,-0.2042,0.0006,29.32
1789438776150,197.4900,26.6660,0.5114,-0.1806,0.5589,0.5196,29.33
1789438776233,200.3228,26.5243,0.1615,0.2467,-0.2958,0.1533,29.31
1789438776233,197.7185,26.6544,0.3494,-0.2112,0.4978,0.4280,29.31
1789438776233,200.8614,26.4972,-0.0893,0.1857,-0.0516,0.0006,29.33
1789438776233,197.8758,26.6465,0.3372,-0.0280,0.4978,0.6722,29.31
1789438776233,199.7351,26.5536,-0.0175,0.2467,0.0400,0.0617,29.30
1789438776233,197.4313,26.6688,0.2891,-0.0585,0.2231,0.4890,29.31
1789438776233,200.4156,26.5195,-0.0894,0.4604,-0.0821,0.2143,29.32
1789438776233,198.3772,26.6214,0.3345,-0.1501,0.2231,0.4890,29.32
1789438776240,200.0007,26.5403,-0.0399,0.3688,0.2231,0.4280,29.32
1789438776250,198.8332,26.5987,0.3297,-0.1806,0.1315,0.4585,29.33
1789438776327,199.4938,26.5656,-0.0211,0.5214,0.1926,0.3059,29.31
1789438776327,196.7637,26.7022,0.3456,-0.3943,0.2842,0.2143,29.32
1789438776327,200.1963,26.5306,0.0560,0.5214,0.0705,0.4585,29.31
1789438776327,197.2177,26.6795,0.2974,-0.2417,0.1315,0.4890,29.32
1789438776327,199.5811,26.5614,-0.0470,0.3688,0.0400,0.2754,29.30
1789438776327,197.0846,26.6863,0.4656,-0.2417,0.0400,0.2448,29.32
1789438776327,199.2321,26.5789,-0.0704,0.1551,-0.1127,0.1227,29.30
1789438776330,201.0306,26.4891,0.3401,-0.3333,0.0705,0.2448,29.31
1789438776340,199.7327,26.5540,0.0440,0.2162,-0.3263,0.2143,29.32
1789438776350,201.3770,26.4718,0.4390,-0.2417,0.1621,0.2143,29.31
1789438776437,200.8662,26.4974,0.0032,0.1246,-0.1737,0.0312,29.32
1789438776437,201.6478,26.4583,0.4787,-0.3333,0.1315,0.0922,29.32
1789438776437,200.3463,26.5234,0.0418,0.2162,-0.2348,0.1227,29.32
1789438776437,202.0686,26.4373,0.5138,-0.3333,0.3147,0.0617,29.32
1789438776437,201.2218,26.4796,-0.0404,0.0941,-0.1127,0.0922,29.31
1789438776437,202.3497,26.4232,0.6182,-0.1196,0.5894,0.2754,29.32
1789438776437,200.2753,26.5270,0.1081,0.2467,-0.4179,0.2754,29.32
1789438776437,202.7280,26.4044,0.7334,0.0636,0.5589,0.3975,29.32
1789438776441,198.5572,26.6130,0.0202,0.2162,-0.3263,0.2754,29.32
1789438776534,199.4303,26.5695,1.0636,0.1246,0.8031,0.0617,29.32
1789438776534,199.3883,26.5716,0.0736,0.5214,-0.1127,0.5501,29.32
1789438776534,201.8881,26.4466,0.6928,0.1246,0.5894,0.4890,29.32
1789438776534,201.3157,26.4752,0.0076,0.4909,0.0094,0.4890,29.32
1789438776534,202.5990,26.4109,0.5381,-0.0585,0.5589,0.3669,29.31
1789438776534,200.9995,26.4909,0.0164,0.4909,0.0705,0.4280,29.31
1789438776535,202.4399,26.4189,0.6284,-0.0891,0.2536,0.2143,29.31
1789438776535,200.8439,26.4987,0.0718,0.3993,-0.1432,0.4280,29.30
1789438776535,201.5998,26.4608,0.6464,-0.2417,0.3452,0.0006,29.30
1789438776540,200.1141,26.5351,0.0645,0.3078,-0.1127,0.4280,29.32
1789438776633,202.6744,26.4071,0.7310,-0.1806,0.2536,0.0312,29.31
1789438776633,200.4726,26.5171,0.0686,0.3688,-0.2348,0.4280,29.31
1789438776633,200.8232,26.4997,0.6555,-0.2417,0.1621,-0.0909,29.31
1789438776633,200.1874,26.5315,0.1131,0.4604,-0.2348,0.4890,29.32
1789438776633,201.0215,26.4898,0.4686,-0.1806,0.4063,0.0006,29.32
1789438776633,200.7048,26.5057,0.0617,0.2467,-0.2348,0.3364,29.35
1789438776635,201.4869,26.4667,0.9603,-0.0891,0.4368,-0.1215,29.33
1789438776635,201.4200,26.4700,-0.0623,0.0330,-0.2042,0.0312,29.31
1789438776635,200.9697,26.4925,0.8115,-0.1196,0.3147,0.0312,29.30
1789438776640,199.9939,26.5414,0.0375,0.1551,-0.4179,0.3364,29.30
1789438776650,201.5813,26.4621,0.9513,0.2162,0.7115,0.1227,29.31
1789438776742,200.9614,26.4930,-0.0010,0.1246,-0.2958,0.2448,29.29
1789438776742,201.9942,26.4414,0.9529,0.2467,0.8336,-0.0604,29.30
1789438776742,200.5893,26.5116,-0.0199,0.3993,-0.3263,0.4280,29.31
1789438776742,201.9874,26.4417,1.2103,0.2467,0.9252,-0.2436,29.31
1789438776742,201.2575,26.4782,-0.0538,0.2772,-0.3874,0.5196,29.32
1789438776742,201.9003,26.4460,0.9333,0.1857,0.7726,-0.3962,29.32
1789438776742,200.1092,26.5356,0.2002,0.3078,-0.1432,0.4890,29.34
1789438776742,202.8766,26.3973,1.4548,0.0941,0.9557,-0.6404,29.33
1789438776742,200.8917,26.4964,-0.0398,0.4299,-0.1432,0.5196,29.31
1789438776750,200.6820,26.5069,1.1473,0.0025,1.0778,-0.9151,29.32
1789438776843,199.9403,26.5440,0.0260,0.3993,-0.0821,0.8553,29.33
1789438776843,201.6919,26.4564,0.9833,-0.0280,0.7420,-0.6404,29.29
1789438776843,201.2531,26.4783,0.0565,0.1857,-0.2348,0.5806,29.31
1789438776843,202.2877,26.4265,0.9661,-0.0585,0.6199,-0.5488,29.32
1789438776843,200.8401,26.4989,0.0481,0.3078,-0.3263,0.5196,29.31
1789438776843,202.3615,26.4228,1.1108,0.0330,0.7420,-0.5793,29.31
1789438776843,200.9858,26.4916,-0.0258,0.1246,-0.3569,0.3364,29.32
1789438776843,201.6731,26.4572,1.2064,0.1551,0.6199,-0.6709,29.31
1789438776843,200.3196,26.5249,0.0437,0.0330,-0.4790,0.3975,29.30
1789438776850,202.0538,26.4382,1.2514,0.1857,0.8641,-0.9151,29.31
1789438776939,200.1343,26.5341,-0.0407,0.2467,-0.2958,0.3059,29.29
1789438776939,200.6183,26.5099,0.8179,0.2162,0.7420,-0.5488,29.32
1789438776939,199.9060,26.5456,0.0547,0.0941,-0.3874,0.3059,29.25
1789438776939,200.9004,26.4959,0.7060,0.3078,0.8031,-0.3046,29.31
1789438776939,200.5442,26.5138,-0.0033,0.0636,-0.3874,0.3059,29.27
1789438776939,201.4390,26.4691,1.0921,0.4909,1.1389,-0.8541,29.31
1789438776939,200.9087,26.4957,0.0050,-0.0585,-0.2348,0.1838,29.32
1789438776939,200.9473,26.4938,0.8984,0.5214,0.9862,-0.6709,29.31
1789438776940,200.1521,26.5336,-0.0214,0.1551,-0.3874,0.2448,29.31
1789438776950,201.5563,26.4635,0.9561,0.6130,1.0778,-0.8235,29.31
1789438777039,201.3233,26.4751,0.0743,0.3688,-0.1432,0.5196,29.31
1789438777039,202.0183,26.4404,0.9327,0.5214,0.8336,-0.8846,29.32
1789438777039,200.8874,26.4968,0.0661,0.4604,0.1010,0.6722,29.32
1789438777039,202.2076,26.4309,1.3566,1.0404,0.6505,-1.5561,29.33
1789438777039,200.9955,26.4914,0.1525,0.2772,-0.0211,0.4585,29.33
1789438777039,202.1640,26.4330,0.8782,0.3688,0.6505,-0.7625,29.32
1789438777039,200.2880,26.5268,0.5900,-0.2417,-0.0211,0.5501,29.27
1789438777039,202.4570,26.4185,1.2573,1.1319,0.4978,-1.6477,29.31
1789438777043,201.1491,26.4837,0.2338,-0.0280,-0.1432,0.1838,29.28
1789438777142,200.6172,26.5103,0.7548,0.3383,0.5284,-0.7930,29.31
1789438777142,199.9945,26.4329,0.1779,-0.0280,-0.1737,0.0922,29.32
1789438777142,201.5322,26.4645,0.5632,-1.3406,-0.5095,-1.6477,29.37
1789438777142,201.0275,26.4215,0.1951,0.0636,-0.1432,0.0312,29.32
1789438777142,202.0636,26.6141,0.7134,0.2772,0.5589,-0.8541,29.31
1789438777142,201.4478,26.4687,0.2762,-0.0891,-0.1432,0.2143,29.30
1789438777142,202.0239,26.6315,0.8892,0.5214,0.4368,-0.8541,29.30
1789438777142,202.4715,26.4175,0.2393,0.0330,0.1315,0.1838,29.33
1789438777142,198.3436,26.6240,0.8145,0.6741,0.5589,-0.7625,29.31
1789438777142,201.2448,26.4789,0.1754,0.3383,0.0094,0.3669,29.32
1789438777150,197.4373,26.6693,1.0033,0.9793,0.6505,-1.0067,29.33
1789438777239,201.5260,26.4648,-0.0409,0.5214,0.2842,0.5196,29.32
1789438777239,198.8805,26.5970,0.5201,0.5825,0.7726,-0.1825,29.33
1789438777239,201.5647,26.4629,0.4529,0.0330,0.1315,0.0617,29.30
1789438777239,199.1121,26.5855,0.4712,0.5214,0.8336,0.0006,29.32
1789438777239,200.5929,26.5116,0.5119,-0.1806,0.1010,0.3059,29.31
1789438777239,196.9259,26.6950,0.6835,0.9793,0.7115,-0.6099,29.32
1789438777239,201.4844,26.4671,0.2359,-0.0585,0.0094,0.0006,29.32
1789438777239,197.9046,26.6462,0.5799,0.9488,0.6199,-0.2741,29.32
1789438777243,201.5328,26.4649,0.5790,-0.2722,-0.0821,0.2448,29.31
1789438777250,197.4558,26.6688,0.5611,0.9488,0.5894,-0.3657,29.32
1789438777336,201.7593,26.4535,0.8491,-0.5469,0.0400,0.3975,29.32
1789438777336,197.9152,26.6457,0.5280,0.8267,0.6199,-0.3962,29.32
1789438777336,201.8686,26.4480,0.6379,-0.1196,0.2536,0.5806,29.33
1789438777336,197.5129,26.6659,0.6988,1.0404,0.5589,-0.5488,29.33
1789438777336,202.9914,26.3921,1.0985,-0.2722,0.5284,0.7638,29.25
1789438777336,198.8041,26.6014,0.4992,0.7656,0.5284,-0.3046,29.31
1789438777336,200.6947,26.5069,1.0315,-0.9132,0.3757,0.8553,29.30
1789438777336,197.2485,26.6792,0.4371,0.7046,0.4368,-0.5488,29.33
1789438777340,202.2017,26.4315,0.8187,-0.4859,0.2536,0.5501,29.33
1789438777350,198.6869,26.6072,0.3189,0.5520,0.4063,-0.4267,29.33
1789438777433,202.1675,26.4332,0.9428,-0.7301,0.1926,0.4585,29.30
1789438777433,199.0003,26.5915,0.3407,0.4909,0.2536,-0.4878,29.33
1789438777433,202.3938,26.4219,0.9642,-0.7606,0.1926,0.6111,29.31
1789438777433,198.5148,26.6158,0.2598,0.3078,0.1926,-0.3046,29.31
1789438777433,201.4157,26.4707,1.0162,-0.7301,0.1621,0.8248,29.31
1789438777433,198.1757,26.6328,0.4132,0.4909,0.2231,-0.5183,29.32
1789438777433,202.7070,26.4062,1.1556,-0.6690,0.3452,0.8859,29.31
1789438777433,198.4705,26.6180,0.2805,0.3688,0.1315,-0.4267,29.30
1789438777440,200.9003,26.4965,0.6236,-0.4859,0.5284,0.6111,29.32
1789438777577,197.4814,26.6675,0.2779,0.3993,0.1010,-0.3962,29.33
1789438777577,201.5764,26.4627,0.5761,-0.3943,0.5589,0.6111,29.33
1789438777577,198.5773,26.6126,0.2540,0.3688,-0.1432,-0.2741,29.33
1789438777577,201.7511,26.4540,1.2441,-1.0659,0.5589,0.8553,29.32
1789438777577,199.4688,26.5681,0.2146,0.3078,-0.0821,-0.3046,29.30
1789438777577,200.7695,26.5031,0.9422,-0.9132,0.3452,0.6722,29.31
1789438777660,197.0136,26.6909,0.2377,0.3383,-0.1127,-0.3351,29.32
1789438777660,201.8367,26.4498,1.0239,-1.0964,0.2842,0.7638,29.30
1789438777660,198.1047,26.6364,0.2309,0.3383,0.0705,-0.4267,29.29
1789438777660,201.4988,26.4668,1.1576,-1.2185,0.5284,0.8553,29.32
1789438777660,197.9576,26.6439,0.1835,0.3688,0.1010,-0.2130,29.31
1789438777660,201.6838,26.4576,1.1768,-1.4322,0.8641,0.7638,29.23
1789438777660,197.5611,26.6637,0.1532,0.3688,-0.2042,-0.2741,29.31
1789438777748,201.9354,26.4450,0.9775,-0.8827,0.8947,1.0080,29.37
1789438777748,197.7944,26.6520,0.3629,0.3383,0.1010,-0.1825,29.32
1789438777748,202.5427,26.4147,1.5253,-1.6764,1.4441,0.9164,29.35
1789438777748,198.3071,26.6263,0.1953,0.4299,-0.0211,-0.2436,29.32
1789438777748,200.3616,26.5237,0.9123,-1.1880,0.5589,0.7027,29.32
1789438777748,197.0780,26.6879,0.1271,0.3688,0.1315,-0.1215,29.32
1789438777748,201.8326,26.4501,0.8775,-1.3406,0.6505,0.5196,29.31
1789438777753,198.6454,26.6094,0.1152,0.3688,0.2536,0.1533,29.30
1789438777753,202.2434,26.4296,1.1544,-1.5237,1.1083,0.5806,29.29
1789438777753,198.4828,26.6176,0.1092,0.5214,0.2231,0.1838,29.33
1789438777753,202.3188,26.4258,0.9306,-1.3406,0.8641,0.5196,29.23
1789438777753,198.0973,26.6368,0.0610,0.5520,0.3452,0.2448,29.31
1789438777753,201.6752,26.4580,1.0395,-1.4932,1.3525,0.5196,29.30
1789438777753,199.8267,26.5503,0.0739,0.5520,0.3452,0.1838,29.31
1789438777830,202.8494,26.3993,0.9908,-1.2490,1.4136,0.9164,29.34
1789438777830,200.2161,26.5308,0.0711,0.6130,0.4063,0.0922,29.32
1789438777830,201.4527,26.5967,0.4840,-0.4859,0.6505,0.9774,29.30
1789438777830,200.1129,26.5359,0.0541,0.5520,0.4063,0.2448,29.30
1789438777830,201.6656,26.6132,0.4428,-0.6385,0.7420,0.7943,29.33
1789438777830,199.7576,26.5536,0.0335,0.1857,0.0094,-0.0909,29.32
1789438777830,196.6445,26.7094,0.8183,-1.2490,1.2304,0.5196,29.31
1789438777832,200.1429,26.5344,0.0905,0.1551,-0.0211,-0.0299,29.32
1789438777832,197.3594,26.6737,0.5122,-0.6690,0.8947,0.7638,29.31
1789438777832,199.4117,26.5711,0.0078,0.3383,0.0705,-0.0604,29.31
1789438777832,197.3061,26.6765,0.5936,-0.7911,0.9557,0.8553,29.32
1789438777832,199.3480,26.5744,-0.0218,0.3993,0.1010,0.0312,29.31
1789438777840,196.9387,26.6950,0.5541,-0.8522,0.7420,0.7027,29.31
1789438777851,199.6907,26.5574,0.0279,0.4299,0.3147,0.1533,29.32
1789438777926,196.8689,26.6985,0.5050,-1.0048,0.7115,0.4585,29.31
1789438777926,199.7126,26.5562,-0.0121,0.5520,0.4063,0.2143,29.32
1789438777927,197.5912,26.6624,0.4330,-0.7606,0.3147,0.5196,29.31
1789438777927,198.6260,26.6106,0.2439,0.7046,-0.1432,0.1838,29.32
1789438777927,197.0420,26.6898,0.5888,-1.2795,0.7420,0.3364,29.32
1789438777927,200.1870,26.5325,0.0573,0.1857,-0.0516,0.0922,29.31
1789438777927,198.1241,26.6357,0.4349,-0.7911,0.4063,0.4280,29.32
1789438777931,200.5350,26.5152,0.1082,0.1551,-0.0821,0.0617,29.32
1789438777940,198.8503,26.5994,0.3300,-0.6996,0.2842,0.4280,29.31
1789438777950,200.5425,26.5147,0.0279,0.0636,-0.1737,0.0312,29.32
1789438778024,197.5952,26.6622,0.5179,-0.7606,0.4368,0.4585,29.32
1789438778024,200.3652,26.5236,0.2268,0.1551,-0.2958,-0.0604,29.31
1789438778024,197.8893,26.6473,0.4305,-0.4554,0.7726,0.6722,29.31
1789438778024,200.8087,26.5013,-0.0303,0.1246,0.0400,0.0922,29.32
1789438778024,197.8742,26.6480,0.4216,-0.3333,0.8336,0.7332,29.32
1789438778024,199.8938,26.5470,0.0245,0.1551,-0.2348,-0.1215,29.31
1789438778024,197.4406,26.6697,0.3427,-0.4859,0.4978,0.6722,29.31
1789438778030,200.4225,26.5205,-0.0482,0.2467,0.2842,-0.0299,29.31
1789438778040,198.3810,26.6226,0.3614,-0.3638,0.3147,0.6417,29.32
1789438778050,200.0026,26.5416,0.0086,0.4604,0.1621,0.3059,29.36
1789438778123,198.5821,26.6126,0.2436,-0.3333,0.1621,0.3669,29.32
1789438778123,199.7695,26.5532,-0.0320,0.2467,0.3452,0.1533,29.32
1789438778123,196.6516,26.7092,0.3498,-0.5469,0.3452,0.4890,29.32
1789438778123,200.1396,26.5348,0.0882,0.5520,0.1926,0.4280,29.32
1789438778123,197.1871,26.6824,0.2326,-0.4248,0.1315,0.4280,29.33
1789438778123,199.5589,26.5639,-0.0653,0.2772,0.2231,0.1838,29.34
1789438778127,197.0747,26.6882,0.3435,-0.4554,0.2842,0.3364,29.32
1789438778130,199.1665,26.5835,-0.1055,0.3383,0.2231,0.1533,29.30
1789438778140,196.7755,26.7032,0.3397,-0.4554,0.1621,0.3364,29.31
1789438778220,197.6485,26.6598,0.1854,0.4604,-0.2348,0.1533,29.31
1789438778220,195.8971,26.7476,0.3441,-0.3943,0.1621,0.3364,29.31
1789438778220,199.6736,26.5589,0.0343,0.2467,0.1010,0.2143,29.31
1789438778220,197.8109,26.6520,0.3414,-0.4859,0.2536,0.1227,29.32
1789438778220,199.0613,26.5894,-0.0981,0.0941,0.0705,0.1227,29.31
1789438778220,197.4523,26.6699,0.3909,-0.3943,0.2231,0.4890,29.31
1789438778222,200.4883,26.5180,-0.0033,0.0941,-0.2958,0.0006,29.32
1789438778222,198.9237,26.5961,0.3606,-0.2112,0.4673,0.4280,29.32
1789438778230,200.6705,26.5087,0.0805,0.2772,-0.2042,-0.0604,29.31
1789438778241,198.5787,26.6133,0.4120,-0.0891,0.5589,0.5196,29.32
1789438778321,200.3908,26.5226,-0.0492,0.1246,-0.0821,-0.0604,29.33
1789438778321,197.6423,26.6601,0.4715,-0.2112,0.5284,0.5196,29.31
1789438778321,200.5177,26.5163,0.1319,0.4909,-0.1737,0.2754,29.33
1789438778321,197.7538,26.6544,0.3500,-0.3638,0.3757,0.3364,29.32
1789438778321,200.7464,26.5047,0.0197,0.4604,0.1315,0.2754,29.32
1789438778321,198.0113,26.6415,0.2972,-0.3943,0.1010,0.3364,29.32
1789438778323,199.8248,26.5508,-0.0021,0.6130,0.0705,0.3059,29.32
1789438778323,197.5963,26.6622,0.3104,-0.2722,0.1010,0.4280,29.32
1789438778330,200.3525,26.5244,0.0471,0.5520,-0.0211,0.4280,29.32
1789438778340,198.4117,26.6215,0.3730,-0.3943,0.1926,0.2143,29.30
1789438778420,199.8725,26.5485,0.0734,0.3993,-0.1432,0.1533,29.31
1789438778420,199.0004,26.5920,0.3677,-0.1501,-0.0821,0.3059,29.30
1789438778420,199.7139,26.5563,0.0667,0.1551,-0.2348,0.0922,29.32
1789438778420,196.8740,26.6984,0.4688,-0.2722,0.0400,0.3059,29.32
1789438778420,200.1160,26.5364,0.0923,0.2467,-0.3874,0.0922,29.32
1789438778420,201.1257,26.4859,0.4015,-0.2722,0.3147,0.3669,29.31
1789438778421,199.4275,26.5709,-0.0573,0.1857,-0.2348,0.0922,29.33
1789438778421,201.3141,26.4766,0.4809,0.0941,0.4673,0.5501,29.32
1789438778430,199.7177,26.5564,-0.1580,0.0941,-0.1432,0.0617,29.30
1789438778441,201.1079,26.4870,0.4233,0.0330,0.5894,0.3975,29.33
1789438778517,199.9557,26.5446,0.0541,0.4299,0.0705,0.3975,29.27
1789438778517,201.4027,26.4723,0.5152,0.1246,0.5284,0.5501,29.31
1789438778517,201.0683,26.4890,-0.0232,0.4909,0.1926,0.3975,29.33
1789438778517,202.0656,26.4391,0.5634,0.0941,0.4978,0.4585,29.32
1789438778517,200.6252,26.5111,0.0808,0.6741,-0.0516,0.4890,29.32
1789438778517,202.0045,26.4421,0.6087,-0.0280,0.4978,0.3669,29.31
1789438778518,201.2674,26.4789,0.0168,0.4299,0.1010,0.4280,29.31
1789438778524,201.9403,26.4453,0.5865,-0.1501,0.4063,0.0922,29.31
1789438778530,200.1326,26.5358,0.1278,0.4909,-0.0211,0.5196,29.31
1789438778540,202.8851,26.3981,0.7768,-0.1196,0.3452,0.1838,29.32
1789438778550,200.8977,26.4974,0.1178,0.2772,-0.2958,0.3975,29.36
1789438778625,200.6814,26.5082,1.0785,-0.1806,0.5894,-0.3962,29.33
1789438778625,199.7795,26.5533,0.1212,0.2772,-0.2348,0.4280,29.36
1789438778625,201.8796,26.4483,0.7375,-0.2722,0.1926,-0.0604,29.32
1789438778625,201.2220,26.4811,0.0984,0.1857,-0.3263,0.1838,29.31
1789438778625,202.4952,26.4174,0.6759,-0.2112,0.2536,0.0617,29.31
1789438778625,201.3661,26.4738,0.0927,0.0330,-0.2653,0.2143,29.31
1789438778626,202.3595,26.4242,0.7086,-0.2112,0.3147,0.0006,29.32
1789438778630,200.7298,26.5056,-0.1207,0.0636,-0.2348,0.0922,29.32
1789438778640,201.7772,26.4533,0.9108,-0.1806,0.1621,-0.2130,29.32
1789438778650,200.2183,26.5312,0.0402,0.1551,-0.4179,0.2143,29.29
1789438778719,202.2704,26.4286,0.8736,-0.0891,0.2842,0.0922,29.31
1789438778719,200.1173,26.5362,0.0171,0.0636,-0.3874,0.1533,29.29
1789438778719,200.5621,26.5140,0.7804,0.2162,0.7726,0.2754,29.29
1789438778719,199.8806,26.5482,0.0194,0.2467,-0.4179,0.3975,29.30
1789438778719,201.0285,26.4908,0.5477,0.0636,0.4978,0.1533,29.30
1789438778719,200.9389,26.4953,-0.0547,0.5520,-0.1432,0.5806,29.33
1789438778724,201.4027,26.4722,0.9383,0.1246,0.7420,-0.1520,29.32
1789438778730,200.9152,26.4966,-0.1358,0.5520,0.0094,0.5501,29.31
1789438778741,201.1286,26.4860,0.8448,0.1246,0.6810,-0.1520,29.32
1789438778750,200.0738,26.5388,-0.0656,0.5214,-0.1432,0.8248,29.32
1789438778819,201.4284,26.4712,0.8904,0.0941,0.5284,-0.2436,29.32
1789438778819,201.2592,26.4796,0.0210,0.5520,-0.0211,0.6722,29.27
1789438778819,201.7712,26.4541,0.9891,0.0025,0.5589,-0.5793,29.31
1789438778819,200.8537,26.4999,-0.0178,0.4299,-0.0516,0.7027,29.31
1789438778819,201.9701,26.4441,1.4037,0.0941,0.8336,-0.7930,29.31
1789438778819,201.1868,26.4832,0.0502,0.4604,-0.1127,0.6111,29.28
1789438778820,202.3085,26.4272,1.0882,0.1551,0.6810,-0.7014,29.31
1789438778830,200.1089,26.5371,0.2957,0.3078,-0.2958,0.5196,29.31
1789438778841,202.4157,26.4218,1.5070,0.2162,0.8641,-0.9456,29.32
1789438778850,200.6547,26.5098,0.0677,0.0941,-0.4790,0.4280,29.33
1789438778919,200.3544,26.5248,0.9731,0.0330,0.7726,-0.9456,29.36
1789438778919,199.6107,26.5620,0.0258,0.1246,-0.4484,0.3669,29.31
1789438778919,201.7943,26.4528,1.1565,0.1857,0.8641,-0.7930,29.29
1789438778919,201.1945,26.4827,-0.0313,0.0636,-0.3569,0.2448,29.31
1789438778919,202.1873,26.4330,0.9093,0.3993,1.0168,-0.4267,29.32
1789438778919,201.2083,26.4820,0.0278,0.0636,-0.2958,0.3364,29.32
1789438778923,202.2803,26.4284,1.1190,0.6130,0.9252,-0.5183,29.32
1789438778930,200.6740,26.5086,-0.0335,0.0025,-0.3569,0.3059,29.31
1789438778941,201.7100,26.4569,0.8583,0.3993,1.1083,-0.5183,29.31
1789438778950,200.0706,26.5388,-0.0518,0.0330,-0.1737,0.3975,29.31
1789438779021,202.4261,26.4211,1.2766,0.6130,1.1694,-1.0372,29.32
1789438779021,200.0891,26.5379,-0.0852,0.3688,0.0705,0.5806,29.27
1789438779021,200.5634,26.5142,0.7260,0.3383,0.8947,-0.5793,29.31
1789438779021,199.8741,26.5487,0.0475,0.3993,0.1621,0.6417,29.30
1789438779021,202.0313,26.4408,0.5767,0.0330,0.7115,-0.6404,29.30
1789438779021,201.3358,26.4756,-0.0059,0.2467,0.1010,0.5196,29.31
1789438779021,201.6075,26.4620,0.9854,0.4604,0.7726,-0.9151,29.30
1789438779030,200.9834,26.4932,0.0411,0.2467,0.0094,0.5501,29.31
1789438779040,201.1869,26.4831,0.8226,0.2772,0.5589,-0.9151,29.32
1789438779050,200.1023,26.5373,0.1233,0.0636,-0.1432,0.1838,29.24
1789438779119,201.4430,26.4704,0.8225,0.2772,0.7420,-1.0983,29.31
1789438779119,201.2680,26.4791,0.3585,-0.0585,-0.2653,0.2754,29.30
1789438779119,201.9883,26.4432,0.9183,0.5214,0.4368,-1.0372,29.32
1789438779119,200.6855,26.5082,0.1371,0.0330,-0.1737,0.0617,29.34
1789438779119,202.0052,26.4424,1.3135,1.1625,0.6199,-1.3119,29.31
1789438779119,202.5948,26.4128,0.3332,0.2772,-0.0211,0.3059,29.24
1789438779124,198.5970,26.6127,0.9377,0.9793,0.8031,-0.5488,29.31
1789438779130,200.5101,26.5170,0.7141,-0.2112,0.2842,0.8553,29.31
1789438779140,197.1487,26.6852,1.2568,1.5593,0.8641,-1.2509,29.31
1789438779218,201.9066,26.4471,0.4753,0.2772,0.2536,0.4890,29.37
1789438779218,198.5350,26.6157,0.7246,0.7351,0.6505,-0.6404,29.32
1789438779218,202.5415,26.4154,0.3316,0.2772,0.2536,0.3059,29.33
1789438779218,198.9580,26.5946,0.7122,0.7351,0.7726,-0.5793,29.33
1789438779218,202.5621,26.4143,0.3034,0.0941,0.2536,0.2448,29.31
1789438779218,198.2243,26.6312,0.5815,0.6741,0.5589,-0.6404,29.31
1789438779219,201.8152,26.4516,0.4339,-0.0585,0.1010,0.0617,29.32
1789438779220,198.4104,26.6219,0.6881,0.6741,0.3452,-0.5793,29.31
1789438779230,202.6068,26.4120,0.4659,-0.0280,-0.0821,0.1227,29.31
1789438779241,198.0033,26.6422,0.6787,0.7656,0.3757,-0.8235,29.31
1789438779250,201.1008,26.4873,0.3033,-0.1196,-0.0516,0.1838,29.31
1789438779320,197.6028,26.6622,0.6414,0.6741,0.2536,-0.9456,29.31
1789438779320,201.3664,26.4739,0.1361,0.1857,0.4063,0.1838,29.32
1789438779320,198.6158,26.6115,0.4106,0.1551,0.3147,-0.5183,29.32
1789438779320,201.3249,26.4761,0.7391,-0.1196,0.3452,0.7027,29.32
1789438779320,198.9253,26.5961,0.3733,0.2162,0.3147,-0.4267,29.32
1789438779320,200.6784,26.5085,0.5556,0.0025,0.2842,0.4280,29.31
1789438779320,197.0970,26.6877,0.4825,0.4299,0.1926,-0.7625,29.32
1789438779330,201.3641,26.4744,0.6973,-0.4248,0.1926,0.2143,29.31
1789438779340,197.9541,26.6449,0.4863,0.3993,0.1315,-0.6709,29.31
1789438779350,201.5581,26.4648,0.7773,-0.5469,0.1010,0.3364,29.29
1789438779420,198.0094,26.6423,0.4741,0.3383,0.1315,-0.7014,29.32
1789438779420,201.8250,26.4515,1.0501,-0.7606,0.2842,0.5806,29.33
1789438779420,197.8150,26.6520,0.4845,0.4299,0.2842,-0.6404,29.32
1789438779420,201.8181,26.4518,0.7072,-0.3943,0.1010,0.5501,29.33
1789438779420,197.5649,26.6645,0.7055,0.7046,0.2536,-0.9456,29.32
1789438779420,202.5131,26.4171,1.1964,-0.5469,0.4978,0.9164,29.31
1789438779420,198.4931,26.6181,0.4717,0.6130,0.1315,-0.3962,29.32
1789438779430,200.4581,26.5199,1.1166,-1.0353,0.4368,1.0080,29.32
1789438779441,197.6319,26.6612,0.4425,0.8877,0.4673,-0.3046,29.32
1789438779450,201.8821,26.4486,0.7549,-0.6996,0.3147,0.5806,29.27
1789438779519,198.9521,26.5951,0.2958,0.6741,0.4978,0.0006,29.31
1789438779519,202.3986,26.4228,1.0572,-0.8522,0.1621,0.5196,29.29
1789438779519,199.2567,26.5798,0.3739,0.7046,0.5589,-0.0909,29.31
1789438779519,202.5251,26.4163,1.1201,-0.9438,0.2842,0.6417,29.32
1789438779519,198.5181,26.6166,0.2669,0.5520,0.4368,-0.1215,29.32
1789438779519,201.6496,26.4600,1.1103,-0.9132,0.2536,0.7332,29.31
1789438779523,198.0993,26.6375,0.3685,0.6435,0.0400,-0.3351,29.32
1789438779530,202.9924,26.3928,1.0596,-0.5775,0.6810,0.9469,29.30
1789438779541,198.3457,26.6251,0.2798,0.5214,0.2536,-0.1825,29.33
1789438779618,201.0515,26.4898,0.7577,-0.5469,0.5894,1.0080,29.30
1789438779618,197.4475,26.6700,0.2596,0.5520,0.1621,-0.3046,29.31
1789438779618,201.3333,26.4757,0.4926,-0.4248,0.3452,0.6722,29.31
1789438779618,198.8922,26.5977,0.1499,0.1551,0.1315,-0.1520,29.30
1789438779618,201.2752,26.4786,0.9023,-0.5775,0.4673,0.7027,29.31
1789438779618,198.6591,26.6094,0.1827,0.2162,0.2536,-0.0604,29.33
1789438779620,200.7763,26.5037,0.9724,-1.0353,0.4978,0.6417,29.32
1789438779620,197.0262,26.6912,0.1637,0.3993,0.0400,-0.0909,29.32
1789438779630,201.8435,26.4504,1.0524,-1.2490,0.5284,0.7638,29.32
1789438779640,198.1082,26.6371,0.1834,0.4909,0.1010,-0.1825,29.32
1789438779718,201.7186,26.4567,1.1517,-1.5543,0.7726,0.7027,29.31
1789438779718,197.9629,26.6444,0.1601,0.4604,-0.1127,-0.1215,29.30
1789438779718,201.9719,26.4440,1.1485,-1.3711,0.8641,0.8553,29.31
1789438779718,198.0968,26.6377,0.1022,0.2162,-0.1432,-0.1825,29.33
1789438779718,201.6543,26.4599,0.9281,-1.0048,0.8947,0.9164,29.34
1789438779718,201.6543,26.4596,7.3079,3.8181,-0.8453,-2.0445,29.34
1789438779719,196.6239,26.7116,2.3354,-2.5311,2.1767,0.6111,29.39
1789438779723,194.9779,26.7940,-0.0264,1.6203,0.3757,-0.8235,29.32
1789438779730,191.7928,26.9538,0.4496,-0.8827,0.3452,0.3975,29.29
1789438779741,197.9395,26.6469,0.7373,1.0098,-0.4484,0.4890,29.30
1789438779818,197.1296,26.6876,0.3618,-0.5469,0.0705,0.3059,29.31
1789438779818,200.9320,26.4975,0.0598,0.1857,0.1010,0.0006,29.32
1789438779818,198.5099,26.6186,0.4373,-0.5775,0.3757,0.3669,29.33
1789438779818,200.7749,26.5052,0.0948,0.2467,-0.0516,0.2143,29.33
1789438779818,198.2040,26.6337,0.4250,-0.7606,0.4673,0.2448,29.32
1789438779818,201.3559,26.4760,0.0009,0.0636,-0.0821,-0.1215,29.31
1789438779819,197.8574,26.6509,0.3591,-0.7911,0.4063,0.3364,29.32
1789438779820,200.2160,26.5328,0.0218,0.0636,-0.0516,0.1227,29.31
1789438779830,197.6056,26.6634,0.3075,-0.3027,0.5894,0.6111,29.31
1789438779841,200.5049,26.5184,-0.0394,0.0025,-0.1127,-0.0909,29.32
1789438779850,198.4232,26.6224,0.3367,-0.1806,0.5589,0.7943,29.31
1789438779919,200.4858,26.5193,-0.0151,0.3078,-0.1737,0.2448,29.31
1789438779919,200.3505,26.5260,0.1537,-0.2722,0.2536,0.5501,29.32
1789438779919,200.4027,26.5232,-0.0224,0.3383,0.1926,0.1533,29.32
1789438779919,196.7272,26.7071,0.3055,-0.4248,0.3147,0.4890,29.32
1789438779919,200.1853,26.5342,0.1459,0.5520,0.1010,0.3975,29.30
1789438779919,197.2104,26.6829,0.2739,-0.4859,0.2231,0.2143,29.31
1789438779923,199.4134,26.5729,-0.0618,0.3383,0.2842,0.3059,29.33
1789438779930,197.0942,26.6889,0.3466,-0.4248,0.2842,0.3669,29.31
1789438779941,199.2529,26.5809,-0.0390,0.2772,-0.0516,0.1838,29.32
1789438780022,196.6868,26.7094,0.3170,-0.3333,0.2842,0.3059,29.31
1789438780022,199.7352,26.5570,0.0356,0.2467,0.0400,0.2448,29.30
1789438780022,196.6480,26.7114,0.2879,-0.3638,0.0400,0.3364,29.32
1789438780022,200.1987,26.5338,-0.0183,0.1246,-0.0821,0.0617,29.30
1789438780022,197.5914,26.6642,0.3723,-0.0891,0.3452,0.4890,29.31
1789438780022,198.6261,26.6124,-0.0119,-0.0585,-0.1737,0.0922,29.36
1789438780022,197.1886,26.6843,0.4549,-0.1501,0.5894,0.5196,29.32
1789438780022,200.2535,26.5310,-0.0140,0.1551,-0.2042,-0.0299,29.33
1789438780030,198.1581,26.6358,0.3316,0.0025,0.4368,0.5501,29.32
1789438780040,200.6940,26.5091,0.0735,0.3688,-0.3569,0.3059,29.32
1789438780050,198.5881,26.6143,0.4085,0.0636,0.4063,0.5501,29.32
1789438780126,200.4079,26.5232,-0.0605,0.4604,0.1926,0.3364,29.31
1789438780126,197.6447,26.6614,0.5357,-0.1501,0.3757,0.3669,29.31
1789438780126,200.3436,26.5265,0.0650,0.6435,0.0094,0.6111,29.33
1789438780126,197.4748,26.6698,0.3840,-0.3638,0.1926,0.2143,29.33
1789438780126,200.6757,26.5098,0.0191,0.3688,0.1315,0.3669,29.32
1789438780126,197.5376,26.6666,0.3420,-0.3943,0.0705,0.1838,29.31
1789438780126,199.7214,26.5575,0.0613,0.2467,-0.1737,0.1227,29.33
1789438780130,201.8594,26.4506,0.3773,-0.3943,0.1315,0.2143,29.32
1789438780140,200.2884,26.5291,0.0416,0.0941,-0.1737,0.1838,29.33
1789438780150,201.5880,26.4641,0.4704,-0.2417,0.0400,0.2143,29.32
1789438780222,199.9675,26.5452,0.0278,0.1551,-0.2958,0.1533,29.32
1789438780222,202.3877,26.4242,0.4996,-0.1806,0.3757,0.2754,29.31
1789438780222,199.7756,26.5346,-0.0064,0.1857,-0.2042,0.1227,29.32
1789438780222,200.5917,26.5140,0.4983,-0.0585,0.4063,0.2143,29.32
1789438780222,199.8945,26.5489,0.0912,0.3383,-0.4790,0.2448,29.32
1789438780222,201.0666,26.4903,0.3839,0.0636,0.5589,0.4280,29.32
1789438780222,200.8408,26.5017,-0.0777,0.4909,0.0094,0.2448,29.28
1789438780230,201.5524,26.4662,0.5681,0.1857,0.5589,0.5501,29.31
1789438780240,201.0526,26.4911,-0.1399,0.5214,0.3452,0.3975,29.32
1789438780250,201.0078,26.4935,0.4948,-0.0280,0.4368,0.2754,29.32
1789438780320,200.0134,26.5432,0.0409,0.5214,0.0094,0.5501,29.32
1789438780320,201.5910,26.4644,0.6266,-0.1806,0.1621,0.2754,29.32
1789438780320,200.9664,26.4956,0.0388,0.3078,-0.0211,0.3669,29.32
1789438780320,201.9952,26.4442,0.5967,-0.2722,0.2842,0.2143,29.31
1789438780320,200.5898,26.5144,0.0580,0.4604,-0.1432,0.4585,29.31
1789438780320,201.9876,26.4445,0.7721,-0.2722,0.1010,0.1227,29.31
1789438780320,200.7027,26.5087,0.1212,0.4604,-0.3569,0.4280,29.31
1789438780330,201.9444,26.4467,0.6771,-0.2112,0.2231,-0.0604,29.32
1789438780341,200.1133,26.5383,0.1422,0.3383,-0.3569,0.4585,29.32
1789438780350,202.6590,26.4110,1.0970,-0.1806,0.3147,-0.0909,29.32
1789438780421,201.1220,26.4878,0.1009,0.2467,-0.3874,0.3364,29.31
1789438780421,200.6121,26.5133,1.1140,-0.0891,0.6505,-0.6404,29.32
1789438780421,199.9875,26.5445,0.1348,0.1857,-0.6011,0.2448,29.31
1789438780421,201.7323,26.4572,0.8957,0.0636,0.3757,0.0006,29.34
1789438780421,201.3527,26.4761,-0.0131,0.1857,-0.2653,0.4585,29.32
1789438780421,202.1263,26.4375,0.7952,0.1857,0.5589,0.1838,29.34
1789438780421,201.0374,26.4919,0.0279,0.1551,-0.2958,0.2448,29.33
1789438780430,202.2541,26.4310,0.9232,0.3383,0.6199,0.1533,29.31
1789438780440,201.0269,26.4923,-0.0783,0.1551,-0.4179,0.1533,29.32
1789438780518,201.5233,26.4676,0.8496,0.3383,0.7420,0.0922,29.32
1789438780518,199.9750,26.5450,-0.0008,0.2772,-0.4790,0.3364,29.35
1789438780518,202.3763,26.4250,0.7173,0.1551,0.6810,0.2754,29.32
1789438780518,200.0635,26.5406,0.0100,0.1857,-0.4179,0.2754,29.31
1789438780518,200.5355,26.5170,0.8407,0.1246,0.8947,-0.2741,29.32
1789438780518,199.8669,26.5505,0.0065,0.2162,-0.1432,0.3669,29.32
1789438780519,201.2686,26.4804,0.5592,-0.0280,0.4978,0.1838,29.35
1789438780523,200.9604,26.4959,0.0823,0.1246,-0.4790,0.2448,29.32
1789438780530,201.4128,26.4733,1.0977,0.1551,0.8641,-0.4572,29.32
1789438780541,200.8994,26.4990,-0.0106,0.1246,-0.4179,0.2448,29.36
1789438780550,201.0504,26.4916,0.9895,0.3383,0.9252,-0.2436,29.33
1789438780619,200.0327,26.5425,-0.0155,0.2162,-0.5095,0.4280,29.33
1789438780619,201.6229,26.4631,1.0760,0.3383,1.1389,-0.4267,29.31
1789438780619,201.1779,26.4852,-0.0193,0.2772,-0.3263,0.4280,29.24
1789438780619,202.1051,26.4389,1.1390,0.1857,1.1999,-0.7014,29.30
1789438780619,200.6442,26.5119,-0.0666,0.4299,-0.1432,0.6417,29.36
1789438780619,202.2318,26.4325,1.3668,0.4299,1.0473,-0.7930,29.31
1789438780620,201.2934,26.4794,0.0186,0.5214,0.0094,0.7332,29.31
1789438780630,202.1526,26.4364,0.9548,0.2467,0.7420,-0.5793,29.32
1789438780641,200.2913,26.5295,0.4162,0.3383,-0.0821,0.7943,29.32
1789438780650,202.8605,26.4011,1.7498,0.8267,0.9862,-1.4035,29.32
1789438780719,200.8835,26.4998,-0.0466,0.2467,-0.2042,0.5501,29.32
1789438780719,200.4929,26.5194,1.0005,0.1857,0.8336,-1.3425,29.34
1789438780719,199.9264,26.5477,0.0819,0.2772,-0.0516,0.5501,29.32
1789438780719,201.5072,26.4687,0.9099,0.0636,0.7726,-1.0677,29.33
1789438780719,201.5213,26.4679,0.0139,0.0941,-0.2348,0.1838,29.32
1789438780719,201.9490,26.4465,0.8939,0.0941,0.7726,-0.7930,29.31
1789438780723,197.5975,26.6643,0.1060,0.1857,-0.1737,0.4280,29.30
1789438780730,201.2634,26.4812,1.5131,0.8267,0.7115,-1.4340,29.31
1789438780741,200.4326,26.5227,0.0952,0.1551,-0.2348,0.3059,29.35
1789438780818,201.8138,26.4538,1.2251,0.7046,0.5894,-1.1898,29.32
1789438780818,200.3527,26.5267,0.0768,0.0941,-0.3263,0.2754,29.32
1789438780818,202.7676,26.4060,1.1962,0.7962,0.7420,-1.3119,29.32
1789438780818,200.3728,26.5256,-0.0333,0.0636,-0.2958,0.2448,29.32
1789438780818,200.7048,26.5090,0.6314,0.3993,0.8947,-0.3657,29.32
1789438780818,200.2403,26.5323,-0.0185,0.0330,-0.2958,0.0922,29.30
1789438780819,201.0485,26.4918,0.4327,0.5520,0.8947,-0.3351,29.35
1789438780820,200.7214,26.5083,0.0399,0.0941,0.2536,0.2754,29.34
1789438780830,201.0903,26.4899,0.8738,0.7351,1.0473,-0.7014,29.31
1789438780841,200.8974,26.4996,0.1338,0.3078,0.0094,0.4585,29.31
1789438780850,200.9509,26.4970,0.7353,0.7046,0.7115,-0.5793,29.32
1789438780920,199.9828,26.4719,0.1944,0.3078,0.2231,0.3975,29.29
1789438780920,201.5926,26.6469,0.7464,0.6435,0.5589,-0.8235,29.31
1789438780920,202.0376,26.4427,0.4176,0.1551,0.1010,0.3364,29.32
1789438780920,197.8120,26.6540,0.8205,0.6741,0.5894,-0.8846,29.32
1789438780920,202.0638,26.4413,0.2079,0.0025,-0.0211,0.0922,29.32
1789438780920,198.1449,26.6374,1.0184,0.8572,0.4368,-1.1898,29.32
1789438780920,202.5835,26.4154,0.4157,0.0330,-0.0516,0.0922,29.31
1789438780930,198.3222,26.6285,0.7393,0.5520,0.4063,-0.9151,29.32
1789438780941,200.3914,26.5250,0.8982,-0.7606,-0.0211,0.6722,29.32
1789438780950,197.3869,26.6753,0.8859,0.9793,0.2536,-1.3425,29.32
1789438781019,201.9261,26.4482,0.2790,0.0330,-0.0211,0.2143,29.31
1789438781019,198.9845,26.5953,0.5752,0.3688,0.3757,-0.7014,29.32
1789438781019,202.3541,26.4268,0.4678,0.2467,0.1010,0.3059,29.30
1789438781019,198.8630,26.6014,0.7291,0.5520,0.4063,-0.7014,29.32
1789438781019,202.7444,26.4072,0.3230,0.3383,0.3452,0.4280,29.27
1789438781019,198.2009,26.6344,0.6007,0.4604,0.3452,-0.8235,29.32
1789438781020,201.7092,26.4589,0.4942,0.0330,0.2842,0.1838,29.31
1789438781030,198.3303,26.6279,0.7171,0.6435,0.2231,-0.6709,29.31
1789438781041,202.7842,26.4052,0.6539,-0.1806,0.1621,0.1227,29.32
1789438781119,198.3446,26.6272,0.6322,0.9183,0.5589,-0.4878,29.31
1789438781119,201.1644,26.4863,0.5348,-0.4248,0.1926,0.1838,29.34
1789438781119,197.6358,26.6627,0.6618,0.9488,0.6199,-0.4878,29.32
1789438781119,201.3802,26.4754,0.2190,-0.0891,0.0705,-0.0604,29.33
1789438781119,198.6225,26.6133,0.4304,0.6130,0.5284,-0.0909,29.31
1789438781119,201.3301,26.4781,0.8152,-0.3638,0.0705,0.7027,29.33
1789438781120,198.9280,26.5981,0.3455,0.4909,0.4978,-0.0909,29.31
1789438781120,200.6799,26.5106,0.6292,-0.1806,0.5589,0.5501,29.31
1789438781130,197.0958,26.6899,0.4739,0.8877,0.5589,-0.2741,29.31
1789438781141,201.5760,26.4660,0.5207,-0.0585,0.3757,0.3059,29.31
1789438781150,197.9534,26.6471,0.3984,0.5825,0.4063,-0.4878,29.32
1789438781220,201.5544,26.4672,0.9256,-0.7606,0.1621,0.5806,29.32
1789438781220,198.0072,26.6446,0.3442,0.4604,0.3757,-0.4572,29.32
1789438781220,201.8114,26.4544,1.1658,-0.9743,0.2231,0.7027,29.36
1789438781220,197.8245,26.6537,0.3581,0.4909,0.2536,-0.4878,29.31
1789438781220,201.8242,26.4537,0.5163,-0.2112,0.1010,0.2754,29.33
1789438781220,197.3817,26.6759,0.4421,0.7046,-0.0211,-0.5793,29.33
1789438781220,202.6512,26.4124,1.3575,-0.8827,0.7726,0.8859,29.31
1789438781230,198.6315,26.6133,0.3820,0.5214,0.0400,-0.4572,29.32
1789438781241,200.5277,26.5185,0.7576,-0.3027,0.5894,0.9469,29.31
1789438781317,197.1625,26.6868,0.2946,0.5214,0.0094,-0.5183,29.31
1789438781317,201.8759,26.4511,0.9438,-0.8827,0.3757,0.8248,29.32
1789438781317,198.6675,26.6115,0.2380,0.2772,0.1010,-0.3657,29.32
1789438781317,202.1608,26.4369,1.0767,-0.6996,0.3452,0.8248,29.33
1789438781317,198.9969,26.5950,0.2648,0.2162,0.0400,-0.3351,29.30
1789438781317,202.3887,26.4254,1.1201,-1.0353,0.2842,0.7027,29.31
1789438781319,198.0084,26.6444,0.2425,0.2772,-0.0516,-0.3351,29.32
1789438781323,201.6319,26.4633,0.8522,-0.7301,0.2231,0.4890,29.29
1789438781330,197.9244,26.6486,0.3175,0.4604,-0.0211,-0.4572,29.31
1789438781341,202.6619,26.4117,1.2972,-1.4016,0.8641,0.7027,29.31
1789438781417,198.3857,26.6255,0.2570,0.6435,0.2231,-0.0299,29.29
1789438781417,200.9258,26.4986,0.7546,-0.6080,0.5589,1.1606,29.31
1789438781417,197.6564,26.6621,0.2160,0.7046,0.3147,0.0617,29.32
1789438781418,201.3941,26.4752,0.4949,-0.6690,0.3452,0.6417,29.31
1789438781418,198.6300,26.6134,0.1756,0.5825,0.2536,0.0006,29.32
1789438781418,201.5495,26.4675,1.1771,-1.3406,0.6810,0.7943,29.32
1789438781419,198.9331,26.5983,0.1644,0.6130,0.2536,0.1838,29.33
1789438781420,200.9053,26.4998,0.8773,-1.1574,0.4673,0.6722,29.32
1789438781430,197.0939,26.6903,0.1170,0.5214,0.0400,0.0922,29.32
1789438781440,201.5939,26.4654,0.9540,-1.2185,0.7115,0.8859,29.31
1789438781450,198.1448,26.6378,0.1300,0.5520,0.0094,-0.0604,29.32
1789438781519,201.5215,26.4692,1.0390,-1.1880,1.1999,1.0080,29.32
1789438781519,197.9695,26.6467,0.1040,0.4299,0.1621,0.0617,29.32
1789438781519,201.9768,26.4465,0.9860,-1.2185,1.2915,0.7943,29.29
1789438781519,198.0997,26.6402,0.0711,0.2772,0.1010,-0.0909,29.33
1789438781519,201.6558,26.4625,0.8083,-1.0964,0.9252,0.7638,29.31
1789438781519,198.8579,26.6023,0.2248,0.4299,0.0094,-0.0299,29.31
1789438781523,202.9891,26.3958,1.2870,-1.9511,1.4746,0.5196,29.19
1789438781530,200.1880,26.5358,0.0868,0.2467,-0.0821,-0.2436,29.31
1789438781541,198.3938,26.6255,0.6056,-1.1269,0.5894,0.4890,29.30
1789438781618,200.5029,26.5200,0.0726,0.1551,-0.0516,-0.1825,29.31
1789438781618,198.4611,26.6221,0.5334,-0.8827,0.5894,0.4280,29.33
1789438781618,200.6707,26.5116,0.0092,0.1246,0.0094,-0.0604,29.32
1789438781618,198.4494,26.6226,0.8140,-1.4016,1.0778,0.3669,29.31
1789438781618,200.8140,26.5043,0.1188,0.0941,0.0400,-0.0604,29.31
1789438781618,197.9710,26.6464,0.6972,-1.1269,1.0778,0.4585,29.31
1789438781619,200.9907,26.4953,0.0120,0.1246,-0.0211,-0.0299,29.32
1789438781620,197.6026,26.6648,0.7080,-0.8217,1.1999,0.7638,29.32
1789438781630,197.4995,26.6702,0.2586,0.5214,-0.0821,0.0312,29.31
1789438781640,196.3174,26.7295,0.8042,-1.1880,1.2304,0.7638,29.31
1789438781650,200.1112,26.5397,0.0446,0.4909,0.2842,0.1838,29.34
1789438781719,198.7785,26.6064,0.3917,-0.4248,0.4978,0.7027,29.34
1789438781719,200.4729,26.5216,0.0631,0.3993,0.3147,0.2754,29.33
1789438781719,198.8540,26.6025,0.3044,-0.5469,0.3452,0.4890,29.34
1789438781719,200.0751,26.5414,0.0278,0.4604,0.2536,0.2448,29.32
1789438781719,196.9185,26.6993,0.5725,-1.0353,0.6199,0.4890,29.31
1789438781719,200.4201,26.5241,0.0396,0.3078,0.3147,0.2448,29.32
1789438781720,197.3309,26.6787,0.4248,-0.8827,0.3147,0.4890,29.31
1789438781730,199.6391,26.5633,-0.0065,0.3078,0.2231,0.1227,29.33
1789438781740,196.9170,26.6995,0.4878,-1.0353,0.4368,0.3364,29.32
1789438781868,199.1912,26.5857,-0.0643,0.2467,0.1010,0.0006,29.32
1789438781868,196.6171,26.7146,0.4611,-0.9743,0.4368,0.4280,29.31
1789438781868,199.7049,26.5602,0.0640,0.1246,-0.0516,0.0006,29.31
1789438781868,196.9778,26.6967,0.4197,-0.6080,0.2536,0.4890,29.32
1789438781868,199.8972,26.5506,-0.0428,0.1246,0.0094,-0.0604,29.32
1789438781868,197.2077,26.6852,0.3670,-0.4248,0.4978,0.6417,29.33
1789438781868,198.8186,26.6046,0.1739,0.2772,-0.2042,0.0922,29.33
1789438781868,196.9220,26.6995,0.5097,-0.5469,1.0778,0.7943,29.31
1789438781868,200.2168,26.5347,0.0527,0.0330,-0.1127,-0.0909,29.31
1789438781868,198.4073,26.6251,0.3201,-0.2722,0.5589,0.7943,29.32
1789438781868,200.5063,26.5202,0.1099,0.4909,0.0094,0.3364,29.32
1789438781868,198.4934,26.6208,0.3012,-0.4554,0.2536,0.4585,29.31
1789438781939,200.8112,26.5048,-0.0131,0.2162,0.1621,0.0922,29.31
1789438781939,197.7355,26.6587,0.4038,-0.5164,0.4063,0.3669,29.32
1789438781939,200.2490,26.5330,0.1637,0.6130,0.1010,0.3364,29.32
1789438781939,197.4256,26.6742,0.3703,-0.6996,0.2842,0.3364,29.31
1789438781939,200.5716,26.5168,0.0045,0.2467,0.1926,0.1838,29.31
1789438781939,197.6304,26.6638,0.3386,-0.6385,0.1926,0.3364,29.31
1789438781946,199.5459,26.5680,0.0144,0.2162,-0.0211,0.0617,29.29
1789438781946,197.4491,26.6729,0.3636,-0.5469,0.1621,0.3975,29.31
1789438782022,200.2774,26.5314,0.0372,0.2162,-0.1127,0.1838,29.33
1789438782022,198.3733,26.6267,0.3493,-0.4248,0.1315,0.2754,29.32
1789438782022,199.6814,26.5613,0.0496,0.1551,-0.1127,0.1227,29.31
1789438782022,198.4465,26.6231,0.2753,-0.1196,0.2231,0.6417,29.33
1789438782022,199.3087,26.5799,0.0404,0.1246,-0.1737,0.1533,29.30
1789438782022,196.5131,26.7198,0.3652,-0.1806,0.7420,0.6417,29.33
1789438782023,199.7875,26.5561,0.0751,0.3078,-0.2653,0.0617,29.31
1789438782023,196.9190,26.6996,0.2432,-0.3027,0.5589,0.5501,29.32
1789438782030,199.2494,26.5831,-0.1011,0.3688,0.0400,0.3059,29.31
1789438782040,197.2021,26.6855,0.2119,-0.2112,0.1010,0.3669,29.32
1789438782050,199.3044,26.5805,-0.1103,0.2772,0.1315,0.1227,29.32
1789438782119,196.9001,26.7008,0.3177,-0.3027,0.3147,0.4890,29.32
1789438782119,199.6715,26.5623,-0.0234,0.4909,0.1926,0.4585,29.33
1789438782119,196.6922,26.7113,0.2884,-0.3638,0.1621,0.3364,29.32
1789438782119,199.6644,26.5627,-0.0060,0.3993,0.1315,0.2754,29.31
1789438782119,197.2598,26.6829,0.3470,-0.3638,0.0705,0.3059,29.31
1789438782119,198.7812,26.6068,0.0217,0.3383,-0.0516,0.2448,29.35
1789438782120,196.8340,26.7042,0.4753,-0.2417,0.1010,0.2143,29.33
1789438782130,200.1869,26.5365,-0.0197,0.0941,-0.1127,0.0617,29.35
1789438782140,198.1837,26.6366,0.3457,-0.2112,0.0094,0.2754,29.33
1789438782150,200.7169,26.5100,0.1350,0.1246,-0.3874,0.1227,29.31
1789438782219,198.3713,26.6273,0.5006,-0.0585,0.1621,0.4890,29.30
1789438782219,200.4678,26.5224,-0.0009,0.0941,-0.1737,0.0922,29.31
1789438782219,197.2751,26.5298,0.6892,-0.2417,0.4978,0.2143,29.31
1789438782219,200.2130,26.5352,0.1194,0.1246,-0.3874,0.2143,29.33
1789438782219,201.8667,26.4524,0.5187,-0.0585,0.5589,0.4280,29.30
1789438782219,200.7813,26.5067,-0.0405,0.2772,0.1010,0.2143,29.32
1789438782224,202.2701,26.4322,0.4007,0.0636,0.4978,0.4280,29.31
1789438782230,199.7199,26.5042,-0.0357,0.4299,0.0400,0.3975,29.32
1789438782241,202.3738,26.4270,0.3958,-0.0585,0.2536,0.4585,29.31
1789438782317,200.9934,26.4960,0.0291,0.5214,0.0094,0.3364,29.34
1789438782317,201.6802,26.4617,0.5070,-0.1196,0.4063,0.3364,29.30
1789438782317,200.4605,26.5227,0.0575,0.4299,-0.1127,0.4280,29.32
1789438782317,202.1261,26.4394,0.5197,-0.2722,0.1315,0.1533,29.31
1789438782317,200.1714,26.5371,0.0571,0.1551,-0.1737,0.3059,29.32
1789438782317,200.6374,26.5138,0.4385,-0.3027,0.1010,0.1227,29.32
1789438782319,199.9157,26.5500,0.1176,0.2772,-0.3874,0.3059,29.31
1789438782320,200.8805,26.5018,0.4464,-0.3333,0.1926,0.0312,29.33
1789438782330,200.9644,26.4977,-0.0544,0.0941,-0.1127,0.0006,29.31
1789438782341,201.4046,26.4757,0.6872,-0.2417,0.4368,0.0617,29.32
1789438782350,200.8982,26.5011,-0.1013,0.0941,-0.2348,0.0312,29.32
1789438782421,201.1302,26.4895,0.5953,0.0636,0.4063,0.3059,29.31
1789438782421,200.0760,26.5423,0.0240,0.3383,-0.2958,0.3364,29.31
1789438782421,201.6431,26.4640,0.6544,0.1551,0.5284,0.3975,29.31
1789438782421,201.1870,26.4867,0.0105,0.4299,0.0400,0.4585,29.30
1789438782421,201.9523,26.4485,0.7056,-0.1501,0.4673,0.2448,29.31
1789438782421,200.6602,26.5130,0.0396,0.4909,-0.0821,0.4585,29.33
1789438782421,202.0237,26.4449,0.9057,-0.3027,0.3452,-0.1215,29.32
1789438782430,196.9901,26.6968,0.1798,0.3078,-0.2653,0.4585,29.32
1789438782440,200.4806,26.5225,1.0617,-0.3027,0.4368,-0.3962,29.32
1789438782450,199.8168,26.5558,0.2313,0.2772,-0.3569,0.3669,29.31
1789438782518,202.6267,26.4153,1.1515,-0.1501,0.3452,-0.1520,29.33
1789438782519,201.1685,26.4881,0.1383,0.0941,-0.2653,0.2448,29.33
1789438782519,201.2115,26.4858,1.1018,-0.0891,0.6199,-0.5793,29.31
1789438782519,200.2264,26.5351,0.1013,0.0636,-0.4484,0.3669,29.30
1789438782519,202.0462,26.4440,0.8159,0.0636,0.6199,0.0312,29.33
1789438782519,201.3955,26.4765,0.0009,0.1551,-0.2958,0.1533,29.33
1789438782520,202.4292,26.4247,0.7077,0.0941,0.6810,0.2754,29.31
1789438782530,201.1971,26.4863,0.0285,0.2772,-0.2958,0.3669,29.29
1789438782540,202.5398,26.4191,0.7908,0.0636,0.5589,0.1838,29.32
1789438782550,201.0784,26.4922,-0.0758,0.5825,-0.0516,0.4585,29.32
1789438782619,201.7203,26.4601,0.9313,0.0636,0.5894,-0.2436,29.31
1789438782619,200.4828,26.5220,0.0170,0.3993,0.0094,0.6111,29.39
1789438782619,202.1360,26.4393,0.7081,-0.1806,0.4063,-0.0909,29.31
1789438782619,200.1763,26.5372,-0.0212,0.5520,-0.0516,0.5806,29.33
1789438782619,200.6395,26.5141,0.7437,-0.1501,0.4368,-0.3657,29.32
1789438782619,199.9194,26.5502,0.0826,0.4604,-0.2958,0.5501,29.31
1789438782623,200.8334,26.5045,0.6322,-0.2112,0.3147,-0.1825,29.32
1789438782630,200.4553,26.5235,0.0939,0.1246,-0.4484,0.3975,29.31
1789438782641,201.3918,26.4767,1.0763,0.1551,0.5284,-0.4572,29.32
1789438782717,201.0640,26.4932,-0.0165,0.0330,-0.4484,0.2143,29.33
1789438782717,201.1796,26.4875,1.0017,0.4299,0.9252,-0.1825,29.32
1789438782717,200.2695,26.5330,-0.0344,0.0941,-0.4179,0.3059,29.32
1789438782717,201.6303,26.4650,1.2028,0.3383,1.0473,-0.4878,29.31
1789438782717,201.4533,26.4738,0.0015,0.0941,-0.3874,0.2143,29.32
1789438782717,201.5928,26.4668,1.0080,0.3688,1.1389,-0.4878,29.32
1789438782718,200.8824,26.5023,-0.0092,0.2467,-0.2958,0.4890,29.31
1789438782719,202.0012,26.4465,1.4463,0.4909,1.0168,-1.0372,29.32
1789438782730,201.2069,26.4861,-0.0312,0.2772,-0.0211,0.4585,29.31
1789438782741,202.3219,26.4304,0.8548,0.0636,0.5589,-0.4878,29.32
1789438782818,200.1141,26.5407,0.2411,0.4604,-0.0516,0.5806,29.31
1789438782818,202.7648,26.4082,1.6959,0.8877,0.8947,-1.6477,29.31
1789438782818,200.8359,26.5045,0.1506,0.2467,-0.0821,0.4585,29.38
1789438782818,200.6507,26.5138,1.0154,0.1246,0.8641,-1.4035,29.31
1789438782818,199.9258,26.5500,0.0547,0.1551,-0.2042,0.2754,29.31
1789438782818,201.6847,26.4621,0.9286,0.2162,0.9252,-0.8846,29.34
1789438782819,201.3269,26.4799,0.0128,0.0941,-0.2348,0.2448,29.35
1789438782823,202.3287,26.4298,1.0142,0.3078,0.6199,-1.0677,29.33
1789438782830,200.8612,26.5031,0.0296,0.0941,-0.2653,0.3059,29.28
1789438782841,202.3691,26.4278,1.0996,0.2162,0.7420,-1.0372,29.31
1789438782850,200.9897,26.4967,0.0301,0.0636,-0.2653,0.2448,29.32
1789438782919,201.6799,26.4622,1.1026,0.5825,0.9252,-1.1593,29.32
1789438782919,200.3216,26.5301,0.0127,0.0636,-0.3263,0.2754,29.30
1789438782919,202.0518,26.4436,1.1507,0.6741,1.1083,-1.1288,29.35
1789438782919,200.1324,26.5395,-0.0774,0.0636,-0.3263,0.1533,29.30
1789438782919,200.5699,26.5177,0.5938,0.4604,0.9862,-0.4878,29.30
1789438782919,199.8845,26.5520,0.1062,0.2467,0.1010,0.4585,29.30
1789438782920,201.2776,26.4823,0.3707,0.3383,0.7420,-0.5488,29.34
1789438782930,200.9470,26.4989,0.0721,0.3383,0.2842,0.5806,29.30
1789438782941,201.4163,26.4756,0.7444,0.4299,0.6199,-0.8846,29.31
1789438782950,201.3825,26.4772,0.1626,0.3383,0.0705,0.4280,29.29
1789438783019,201.0714,26.4928,0.6507,0.3383,0.5589,-0.6709,29.31
1789438783020,201.8242,26.4552,0.2690,0.2467,0.2231,0.3669,29.28
1789438783020,201.6618,26.6331,0.6569,0.4909,0.4978,-0.7930,29.32
1789438783020,201.8598,26.4534,0.0984,0.0941,-0.0516,0.2448,29.33
1789438783020,198.0399,26.6444,0.6414,0.3688,0.4063,-0.8235,29.33
1789438783020,201.7210,26.4603,0.3581,0.0025,-0.0516,0.0617,29.32
1789438783020,197.6862,26.6622,1.0387,0.9183,0.3452,-1.2204,29.30
1789438783030,202.5270,26.4200,0.5328,-0.1196,0.0094,0.0617,29.30
1789438783040,198.2677,26.6330,0.7837,0.6130,0.2536,-0.9151,29.33
1789438783050,200.3633,26.5283,0.9169,-0.4554,0.2231,1.0995,29.31
1789438783119,197.5453,26.6692,0.8970,0.9183,0.1926,-1.2509,29.31
1789438783119,201.6322,26.4647,0.4612,0.0025,0.3147,0.6417,29.33
1789438783119,198.9247,26.6001,0.6023,0.4604,0.3452,-0.7014,29.31
1789438783119,202.3874,26.4270,0.3962,0.2772,0.3452,0.3669,29.31
1789438783119,199.2559,26.5835,0.5905,0.5520,0.6810,-0.3962,29.32
1789438783119,202.5247,26.4200,0.5153,0.0330,0.1010,0.2754,29.32
1789438783120,198.5753,26.6175,0.5116,0.6435,0.6505,-0.3351,29.31
1789438783130,201.4667,26.4729,0.6651,-0.2722,0.0400,0.3059,29.33
1789438783140,198.1250,26.6400,0.7213,0.9488,0.6505,-0.5488,29.32
1789438783150,202.6606,26.4131,0.5881,-0.1806,0.0400,0.2143,29.31
1789438783220,198.3315,26.6296,0.5562,0.8572,0.4978,-0.4572,29.32
1789438783220,201.0356,26.4945,0.5244,-0.3333,0.4063,0.4585,29.32
1789438783220,197.4323,26.6747,0.5833,1.0098,0.4063,-0.7930,29.32
1789438783220,201.5225,26.4701,0.1904,0.2772,0.4673,0.2143,29.32
1789438783220,198.8787,26.6023,0.3392,0.3383,0.3757,-0.3046,29.31
1789438783220,201.5637,26.4681,0.7556,-0.1501,0.5589,0.6722,29.30
1789438783220,199.0485,26.5938,0.3407,0.3078,0.3452,-0.3046,29.34
1789438783230,200.6191,26.5154,0.6447,-0.2722,0.1621,0.4585,29.32
1789438783240,196.7845,26.7072,0.4578,0.6435,0.2536,-0.6404,29.31
1789438783250,201.7231,26.4603,0.9000,-0.6996,0.1010,0.4585,29.32
1789438783322,197.8946,26.6517,0.3097,0.3993,0.1315,-0.5183,29.32
1789438783322,201.6284,26.4651,0.9992,-0.8827,0.1010,0.6111,29.31
1789438783322,197.9167,26.6507,0.3545,0.2772,0.1621,-0.5183,29.32
1789438783322,203.0863,26.3924,1.1417,-0.5164,0.5589,1.0080,29.31
1789438783322,198.6691,26.6131,0.2785,0.3078,0.1010,-0.3657,29.34
1789438783322,202.0294,26.4451,0.5793,-0.1196,0.4673,0.7943,29.31
1789438783322,0.0000,0.0000,0.2729,0.1246,-0.0821,-0.0299,29.32
1789438783330,0.0000,0.0000,0.1837,0.0330,0.0705,0.1227,29.31
1789438783340,0.0000,0.0000,0.2282,0.2772,0.0705,0.2143,29.31
1789438783418,0.0000,0.0000,0.1685,0.0330,-0.0211,-0.0299,29.31
1789438783418,0.0000,0.0000,0.2707,0.3383,0.4063,0.3364,29.31
1789438783418,0.0000,0.0000,0.2448,0.0025,0.0094,0.0006,29.33
1789438783418,0.0000,0.0000,0.2333,0.2467,0.2842,0.2448,29.32
1789438783418,0.0000,0.0000,0.2313,-0.0585,-0.0211,-0.0604,29.32
1789438783418,0.0000,0.0000,0.1754,0.0330,0.1315,0.0922,29.32
1789438783419,0.0000,0.0000,0.2689,0.3383,0.1621,0.2754,29.31
1789438783423,0.0000,0.0000,0.2200,0.0636,0.0094,0.0312,29.32
1789438783429,0.0000,0.0000,0.2507,0.3688,0.3757,0.3059,29.32
1789438783440,0.0000,0.0000,0.2251,0.0330,0.0094,-0.0604,29.31
1789438783450,0.0000,0.0000,0.2266,0.2772,0.4368,0.3364,29.32
1789438783520,0.0000,0.0000,0.2390,-0.0280,0.0400,-0.0604,29.31
1789438783520,0.0000,0.0000,0.2220,0.1551,0.2536,0.1533,29.31
1789438783520,0.0000,0.0000,0.2907,0.2772,0.1010,0.1533,29.32
1789438783520,0.0000,0.0000,0.2260,0.0025,0.0705,0.0617,29.32
1789438783520,0.0000,0.0000,0.2480,0.2772,0.1621,0.2448,29.31
1789438783520,0.0000,0.0000,0.1366,-0.0585,0.0705,0.0006,29.31
1789438783520,0.0000,0.0000,0.2665,0.4604,0.3147,0.4280,29.32
1789438783530,0.0000,0.0000,0.2300,0.0636,-0.0211,0.0312,29.33
1789438783541,0.0000,0.0000,0.2048,0.1857,0.3452,0.2448,29.32
1789438783550,0.0000,0.0000,0.2240,0.0636,-0.0211,0.0006,29.31
1789438783619,0.0000,0.0000,0.2026,0.1551,0.1010,0.0922,29.32
1789438783619,0.0000,0.0000,0.2613,0.1551,-0.0211,0.0617,29.31
1789438783619,0.0000,0.0000,0.2162,-0.0280,0.2231,0.0312,29.31
1789438783619,0.0000,0.0000,0.2470,0.3993,0.4673,0.3975,29.33
1789438783619,0.0000,0.0000,0.2173,-0.0585,-0.0211,0.0006,29.31
1789438783619,0.0000,0.0000,0.2390,0.2772,0.4063,0.2754,29.32
1789438783623,0.0000,0.0000,0.2679,0.0636,0.1315,-0.0909,29.31
1789438783629,0.0000,0.0000,0.2403,0.1246,0.2842,0.1227,29.31
1789438783640,0.0000,0.0000,0.2974,0.1246,0.0400,0.1838,29.33
1789438783650,0.0000,0.0000,0.2167,0.1246,0.0705,0.1533,29.32
1789438783719,0.0000,0.0000,0.2490,0.1551,0.2842,0.1838,29.31
1789438783719,0.0000,0.0000,0.1822,0.0330,-0.0211,0.0312,29.32
1789438783719,0.0000,0.0000,0.2400,0.3383,0.3452,0.3059,29.33
1789438783719,0.0000,0.0000,0.2352,0.0636,0.0400,-0.0604,29.32
1789438783719,0.0000,0.0000,0.1816,0.2467,0.1315,0.3059,29.32
1789438783719,0.0000,0.0000,0.2873,-0.0891,0.1315,-0.0299,29.32
1789438783719,0.0000,0.0000,0.1985,0.1246,0.1010,0.0922,29.32
1789438783730,0.0000,0.0000,0.2874,0.2772,0.3757,0.2448,29.32
1789438783740,0.0000,0.0000,0.1977,0.0025,-0.1127,0.0617,29.32
1789438783817,0.0000,0.0000,0.2619,0.3688,0.4063,0.3669,29.32
1789438783817,0.0000,0.0000,0.2255,0.0636,0.0400,-0.0299,29.32
1789438783817,0.0000,0.0000,0.1999,0.2772,0.1926,0.3364,29.33
1789438783817,0.0000,0.0000,0.2405,-0.0585,0.1010,-0.0909,29.31
1789438783817,0.0000,0.0000,0.1970,0.1246,-0.0211,0.1533,29.31
1789438783817,0.0000,0.0000,0.2537,0.1857,0.3452,0.1533,29.32
1789438783819,0.0000,0.0000,0.2064,0.0636,-0.0211,-0.0604,29.33
1789438783823,0.0000,0.0000,0.2508,0.1857,0.4063,0.2143,29.31
1789438783830,0.0000,0.0000,0.1746,-0.0280,-0.0211,0.0006,29.31
1789438783841,0.0000,0.0000,0.2398,0.3383,0.3452,0.3364,29.31
1789438783850,0.0000,0.0000,0.2445,0.0330,0.0094,0.0006,29.33
1789438783920,0.0000,0.0000,0.1939,0.3383,0.1010,0.3975,29.33
1789438783920,0.0000,0.0000,0.2721,0.0025,0.1010,-0.0909,29.32
1789438783920,0.0000,0.0000,0.1907,0.1246,0.0094,0.1227,29.32
1789438783920,0.0000,0.0000,0.2579,0.2772,0.2842,0.2448,29.31
1789438783920,0.0000,0.0000,0.2181,0.0636,0.0400,0.0006,29.31
1789438783920,0.0000,0.0000,0.2490,0.5214,0.3147,0.3364,29.32
1789438783921,0.0000,0.0000,0.2566,0.0941,-0.1127,0.0617,29.32
1789438783930,0.0000,0.0000,0.2082,0.1857,0.1315,0.3059,29.32
1789438783940,0.0000,0.0000,0.2811,0.1246,0.1926,0.0006,29.31
1789438783949,0.0000,0.0000,0.1934,-0.0280,0.0400,0.1533,29.32
1789438784030,0.0000,0.0000,0.2516,0.2467,0.3757,0.2754,29.32
1789438784030,0.0000,0.0000,0.2689,-0.1196,0.0400,-0.0604,29.33
1789438784030,0.0000,0.0000,0.1902,0.3078,0.1315,0.3364,29.31
1789438784030,0.0000,0.0000,0.2034,-0.0891,-0.0516,-0.0299,29.31
1789438784030,0.0000,0.0000,0.2087,0.1246,0.0400,0.1533,29.31
1789438784030,0.0000,0.0000,0.3084,0.2467,0.2536,0.1533,29.33
1789438784030,0.0000,0.0000,0.2234,0.0330,-0.0821,0.0312,29.31
1789438784030,0.0000,0.0000,0.2367,0.3993,0.3147,0.5196,29.32
1789438784039,0.0000,0.0000,0.2234,0.0330,-0.0516,0.0617,29.31
1789438784049,0.0000,0.0000,0.2231,0.3078,0.2842,0.3059,29.32
1789438784131,0.0000,0.0000,0.2415,0.0330,-0.0211,-0.0604,29.32
1789438784131,0.0000,0.0000,0.2091,0.1246,0.1315,0.1227,29.32
1789438784131,0.0000,0.0000,0.2587,0.1857,0.0400,0.0922,29.32
1789438784131,0.0000,0.0000,0.1735,0.0636,0.0094,0.1227,29.31
1789438784131,0.0000,0.0000,0.2496,0.2772,0.3147,0.3059,29.33
1789438784131,0.0000,0.0000,0.2072,0.0025,0.0094,0.0312,29.32
1789438784131,0.0000,0.0000,0.2525,0.3078,0.3757,0.3669,29.33
1789438784131,0.0000,0.0000,0.2558,0.0636,0.0400,0.1227,29.33
1789438784140,0.0000,0.0000,0.1892,0.1551,0.2842,0.2143,29.31
1789438784149,0.0000,0.0000,0.2321,0.0330,-0.0516,-0.0909,29.30
1789438784227,0.0000,0.0000,0.1940,0.1551,0.1315,0.1227,29.31
1789438784227,0.0000,0.0000,0.3420,0.2162,0.1621,0.1838,29.33
1789438784227,0.0000,0.0000,0.2144,0.0330,0.0094,0.0617,29.33
1789438784227,0.0000,0.0000,0.2561,0.3993,0.4063,0.3669,29.32
1789438784227,0.0000,0.0000,0.2278,0.0330,-0.0211,0.0006,29.31
1789438784227,0.0000,0.0000,0.2125,0.2467,0.2536,0.2754,29.32
1789438784227,0.0000,0.0000,0.2756,0.0330,0.0705,0.0312,29.32
1789438784231,0.0000,0.0000,0.1898,0.0636,0.1010,0.0312,29.32
1789438784240,0.0000,0.0000,0.2921,0.2772,0.1010,0.2754,29.31
1789438784250,0.0000,0.0000,0.1768,-0.0585,0.1010,0.0617,29.31
1789438784330,0.0000,0.0000,0.2762,0.3688,0.2536,0.2754,29.31
1789438784330,0.0000,0.0000,0.2206,-0.0585,0.0400,-0.0604,29.31
1789438784330,0.0000,0.0000,0.2007,0.2467,0.2536,0.3059,29.32
1789438784330,0.0000,0.0000,0.2485,-0.1196,0.1315,-0.0604,29.32
1789438784330,0.0000,0.0000,0.1832,0.0941,0.1621,0.0006,29.32
1789438784330,0.0000,0.0000,0.2588,0.2772,0.1926,0.2448,29.31
1789438784330,0.0000,0.0000,0.1772,-0.0585,0.0094,0.0006,29.32
1789438784330,0.0000,0.0000,0.3019,0.3078,0.3757,0.3364,29.32
1789438784340,0.0000,0.0000,0.2524,0.0330,0.0094,-0.0604,29.33
1789438784350,0.0000,0.0000,0.2304,0.2772,0.3452,0.3059,29.32
1789438784437,0.0000,0.0000,0.2958,-0.0891,0.0400,0.0617,29.32
1789438784437,0.0000,0.0000,0.2087,0.1551,0.2536,0.1533,29.33
1789438784437,0.0000,0.0000,0.2650,0.1246,0.0094,0.0617,29.32
1789438784437,0.0000,0.0000,0.2063,0.0330,0.1315,0.0617,29.32
1789438784437,0.0000,0.0000,0.2773,0.3993,0.3757,0.0922,29.31
1789438784437,0.0000,0.0000,0.2340,0.0330,-0.0821,-0.0299,29.32
1789438784437,0.0000,0.0000,0.2820,0.2772,0.4978,0.2143,29.32
1789438784437,0.0000,0.0000,0.2486,-0.0891,0.0705,0.0006,29.32
1789438784440,0.0000,0.0000,0.2077,0.0941,0.1315,0.2143,29.31
1789438784449,0.0000,0.0000,0.2713,0.0025,0.1010,-0.0604,29.32
1789438784535,0.0000,0.0000,0.1878,0.0330,-0.0211,0.0006,29.32
1789438784535,0.0000,0.0000,0.2293,0.2772,0.3147,0.2754,29.31
1789438784535,0.0000,0.0000,0.2172,0.0025,-0.0211,-0.0909,29.31
1789438784535,0.0000,0.0000,0.2146,0.3078,0.1315,0.2143,29.32
1789438784535,0.0000,0.0000,0.2550,0.0025,-0.0821,0.0312,29.32
1789438784535,0.0000,0.0000,0.2451,0.1551,0.1315,0.0922,29.32
1789438784535,0.0000,0.0000,0.2889,0.0636,0.3147,0.0006,29.32
1789438784535,0.0000,0.0000,0.2134,0.0025,0.0400,0.0006,29.32
1789438784539,0.0000,0.0000,0.2782,0.3688,0.3452,0.3059,29.32
1789438784550,0.0000,0.0000,0.2201,0.0025,-0.0821,0.0006,29.32
1789438784661,0.0000,0.0000,0.2251,0.3078,0.1010,0.2754,29.32
1789438784661,0.0000,0.0000,0.2677,0.0941,-0.0516,0.0617,29.32
1789438784661,0.0000,0.0000,0.1964,0.2162,0.1010,0.1533,29.32
1789438784661,0.0000,0.0000,0.2965,0.0636,0.2842,0.0312,29.30
1789438784661,0.0000,0.0000,0.2085,0.0025,-0.0821,-0.0909,29.31
1789438784661,0.0000,0.0000,0.2794,0.5214,0.4673,0.3059,29.33
1789438784676,0.0000,0.0000,0.2096,-0.0280,-0.0211,0.0312,29.32
1789438784676,0.0000,0.0000,0.1958,0.2772,0.1926,0.2448,29.31
1789438784676,0.0000,0.0000,0.2419,-0.0585,0.0705,-0.0604,29.31
1789438784676,0.0000,0.0000,0.2178,0.1246,0.0400,0.1227,29.33
1789438784676,0.0000,0.0000,0.2863,0.2162,0.2536,0.0922,29.33
1789438784676,0.0000,0.0000,0.2375,0.0330,-0.1127,-0.0604,29.32
1789438784779,0.0000,0.0000,0.2474,0.3993,0.3452,0.3975,29.32
1789438784779,0.0000,0.0000,0.2480,0.0941,0.0705,-0.0604,29.32
1789438784779,0.0000,0.0000,0.1979,0.2467,0.1315,0.1838,29.31
1789438784779,0.0000,0.0000,0.2821,-0.1196,0.0705,-0.0604,29.32
1789438784779,0.0000,0.0000,0.2297,0.1551,0.1010,0.0922,29.33
1789438784779,0.0000,0.0000,0.2769,0.2162,0.2842,0.1838,29.32
1789438784779,0.0000,0.0000,0.2056,-0.0585,0.0094,-0.0299,29.32
1789438784779,0.0000,0.0000,0.2434,0.3993,0.2536,0.3364,29.31
1789438784779,0.0000,0.0000,0.2431,0.0025,0.0400,-0.0909,29.32
1789438784779,0.0000,0.0000,0.2030,0.3993,0.1010,0.3059,29.32
1789438784876,0.0000,0.0000,0.3000,-0.0585,0.1010,-0.0604,29.32
1789438784876,0.0000,0.0000,0.1782,0.1551,0.1621,0.0312,29.30
1789438784876,0.0000,0.0000,0.2690,0.0330,-0.0211,0.1533,29.32
1789438784876,0.0000,0.0000,0.2292,-0.0585,-0.0211,0.0312,29.32
1789438784876,0.0000,0.0000,0.2928,0.3383,0.3757,0.2754,29.33
1789438784876,0.0000,0.0000,0.2241,-0.0280,-0.0211,0.0006,29.32
1789438784973,0.0000,0.0000,0.2855,0.3688,0.4978,0.3059,29.32
1789438784973,0.0000,0.0000,0.2551,0.1551,-0.1127,-0.0604,29.32
1789438784973,0.0000,0.0000,0.2040,0.1857,0.1926,0.2143,29.31
1789438784973,0.0000,0.0000,0.2383,-0.0585,-0.0211,0.0617,29.32
1789438784973,0.0000,0.0000,0.1992,0.0941,0.1010,0.0922,29.32
1789438784973,0.0000,0.0000,0.2593,0.3688,0.3147,0.3059,29.32
1789438784973,0.0000,0.0000,0.2485,0.0636,-0.0821,0.0006,29.31
1789438784975,0.0000,0.0000,0.1898,0.1551,0.3147,0.1838,29.31
1789438784975,0.0000,0.0000,0.2485,0.0330,-0.0516,-0.0299,29.32
1789438784975,0.0000,0.0000,0.2194,0.0636,0.1010,0.0617,29.32
1789438784975,0.0000,0.0000,0.2807,0.3383,0.1010,0.3364,29.32
1789438784975,0.0000,0.0000,0.1648,-0.0585,-0.0821,-0.0604,29.31
1789438784975,0.0000,0.0000,0.2210,0.2162,0.3147,0.2754,29.31
1789438784975,0.0000,0.0000,0.2521,0.0025,0.0094,0.0922,29.32
1789438785090,0.0000,0.0000,0.1964,0.0636,0.2842,0.1533,29.31
1789438785090,0.0000,0.0000,0.2632,0.1246,0.0094,0.1533,29.32
1789438785090,0.0000,0.0000,0.2260,0.0941,0.0705,0.0312,29.31
1789438785090,0.0000,0.0000,0.2705,0.3078,0.2842,0.3975,29.31
1789438785090,0.0000,0.0000,0.2319,0.0330,-0.0211,0.0006,29.32
1789438785090,0.0000,0.0000,0.2466,0.3688,0.2536,0.3364,29.32
1789438785183,0.0000,0.0000,0.2773,0.0330,0.1010,0.0312,29.31
1789438785183,0.0000,0.0000,0.2062,0.1246,0.1315,0.1227,29.31
1789438785183,0.0000,0.0000,0.2772,0.2162,0.0705,0.0617,29.31
1789438785183,0.0000,0.0000,0.2135,0.0025,0.0705,0.0006,29.31
1789438785183,0.0000,0.0000,0.2763,0.2772,0.0094,0.3364,29.31
1789438785183,0.0000,0.0000,0.2181,0.0025,-0.0211,0.0922,29.32
1789438785183,0.0000,0.0000,0.2547,0.3993,0.3452,0.3669,29.32
1789438785273,0.0000,0.0000,0.1718,-0.0280,-0.0211,-0.0909,29.30
1789438785273,0.0000,0.0000,0.1937,0.3383,0.3452,0.2448,29.30
1789438785273,0.0000,0.0000,0.2558,0.0941,0.0094,0.0617,29.32
1789438785273,0.0000,0.0000,0.2009,0.1857,0.3147,0.2143,29.32
1789438785273,0.0000,0.0000,0.2562,0.1551,-0.1127,0.0617,29.32
1789438785273,0.0000,0.0000,0.2024,0.0330,0.0400,0.2448,29.32
1789438785273,0.0000,0.0000,0.2624,-0.0585,0.1621,-0.0604,29.31
1789438785273,0.0000,0.0000,0.2080,0.0330,0.0094,0.1838,29.32
1789438785273,0.0000,0.0000,0.2968,0.1857,0.3757,0.1533,29.32
1789438785273,0.0000,0.0000,0.2219,0.0025,0.0094,0.0006,29.33
1789438785273,0.0000,0.0000,0.2363,0.4604,0.2842,0.3364,29.32
1789438785273,0.0000,0.0000,0.2623,0.0025,0.0400,-0.0604,29.32
1789438785274,0.0000,0.0000,0.1988,0.3383,0.2536,0.2448,29.32
1789438785274,0.0000,0.0000,0.2655,-0.0891,0.0705,-0.0909,29.31
1789438785274,0.0000,0.0000,0.2341,0.0330,0.0705,0.0617,29.32
1789438785274,0.0000,0.0000,0.2923,0.3688,0.3757,0.3059,29.32
1789438785274,0.0000,0.0000,0.2138,-0.0280,0.0094,-0.0909,29.31
