Timestamp_ms,Velocity(RPM),TargetIq,ActualIq,PhaseU,PhaseV,PhaseW,Vbus(V)
1788953731062,199.9862,0.0000,0.0221,0.0344,0.1383,0.0438,39.14
1788953731062,199.9862,0.0000,-0.0539,0.1260,-0.0143,0.1049,39.14
1788953731062,199.9862,0.0000,-0.0612,0.3091,0.3825,0.4712,39.13
1788953731062,199.9862,0.0000,-0.0038,-0.1182,-0.0754,-0.0783,39.13
1788953731062,199.9862,0.0000,-0.1363,-0.1487,0.1078,-0.0783,39.14
1788953731062,199.9862,0.0000,-0.0908,0.3091,0.1688,0.2575,39.14
1788953731062,199.9862,0.0000,-0.0473,-0.0572,-0.1059,0.0133,39.13
1788953731062,199.9862,0.0000,-0.0413,-0.0572,0.0162,-0.0477,39.13
1788953731062,199.9862,0.0000,-0.1294,0.1565,0.1078,0.2575,39.14
1788953731062,199.9862,0.0000,-0.1089,-0.0877,-0.0143,0.0133,39.13
1788953731062,199.9862,0.0000,-0.1555,-0.0877,-0.0448,-0.1393,39.14
1788953731062,199.9862,0.0000,-0.0942,-0.0877,0.1688,0.0133,39.14
1788953731062,199.9862,0.0000,-0.0736,0.3702,-0.1059,0.4712,39.14
1788953731157,199.9862,0.0000,-0.1011,-0.0572,0.4741,0.0744,39.14
1788953731157,199.9862,0.0000,-0.1580,0.1565,0.2604,0.1965,39.14
1788953731157,199.9862,0.0000,-0.0539,-0.2098,0.0162,0.0133,39.13
1788953731157,199.9862,0.0000,-0.1348,0.3702,0.1383,0.2575,39.14
1788953731157,199.9862,0.0000,-0.0134,-0.1793,-0.0448,-0.1698,39.14
1788953731157,199.9862,0.0000,0.0018,-0.0572,-0.0754,0.0438,39.13
1788953731157,199.9862,0.0000,-0.0287,0.2786,-0.0143,0.3186,39.13
1788953731266,199.9862,0.0000,-0.1129,-0.0266,0.4436,0.0438,39.14
1788953731266,199.9862,0.0000,-0.0166,0.1870,0.1078,0.2575,39.13
1788953731266,199.9862,0.0000,-0.2161,0.4007,0.4436,0.3796,39.13
1788953731266,199.9862,0.0000,-0.0398,0.2786,0.1078,0.3186,39.14
1788953731266,199.9862,0.0000,0.0265,-0.1182,-0.1364,-0.0172,39.14
1788953731266,199.9862,0.0000,0.0066,0.1870,0.1383,0.4101,39.13
1788953731266,199.9862,0.0000,-0.0481,-0.1182,0.0467,-0.0172,39.14
1788953731394,199.9862,0.0000,-0.0315,-0.0572,0.0162,0.1049,39.13
1788953731394,199.9862,0.0000,-0.0688,-0.0266,-0.1364,-0.0477,39.14
1788953731394,199.9862,0.0000,-0.0801,0.3091,-0.1364,0.4407,39.13
1788953731394,199.9862,0.0000,-0.0555,0.0649,0.2604,0.1049,39.13
1788953731394,199.9862,0.0000,-0.0648,-0.1487,-0.0143,-0.1088,39.13
1788953731394,199.9862,0.0000,-0.0443,-0.0572,0.0773,-0.0783,39.13
1788953731394,199.9862,0.0000,-0.1220,0.4312,0.3520,0.4407,39.14
1788953731394,199.9862,0.0000,-0.0943,-0.0572,0.1994,0.0438,39.13
1788953731394,199.9862,0.0000,-0.1275,-0.1487,0.0467,-0.0172,39.13
1788953731394,199.9862,0.0000,-0.0945,0.0649,0.0467,0.0438,39.14
1788953731394,199.9862,0.0000,-0.0875,0.0955,0.1688,0.0744,39.14
1788953731394,199.9862,0.0000,-0.0285,-0.0572,0.1078,0.0744,39.13
1788953731394,199.9862,0.0000,-0.1144,0.4312,0.0467,0.4712,39.14
1788953731394,199.9862,0.0000,-0.0347,-0.1182,-0.0143,-0.0783,39.13
1788953731557,199.9862,0.0000,0.0196,0.3091,-0.1975,0.3186,39.13
1788953731558,199.9862,0.0000,-0.0637,-0.0877,-0.0754,-0.1088,39.13
1788953731558,199.9862,0.0000,0.0040,0.1565,0.0467,0.1965,39.13
1788953731558,199.9862,0.0000,-0.0964,-0.0572,-0.0754,0.0133,39.13
1788953731558,199.9862,0.0000,-0.0959,0.0344,-0.1059,0.0744,39.13
1788953731558,199.9862,0.0000,-0.1022,-0.0877,0.0773,0.0438,39.13
1788953731558,199.9862,0.0000,-0.0449,0.0649,0.0467,0.1049,39.13
1788953731558,199.9862,0.0000,0.0094,-0.0572,-0.1364,0.0744,39.13
1788953731558,199.9862,0.0000,-0.0777,-0.0266,0.0773,0.0438,39.14
1788953731558,199.9862,0.0000,-0.0378,-0.1793,-0.1364,-0.1698,39.12
1788953731558,199.9862,0.0000,-0.0728,0.0955,0.1078,0.0438,39.12
1788953731558,199.9862,0.0000,-0.0928,-0.0572,-0.1059,-0.0477,39.14
1788953731558,199.9862,0.0000,-0.0463,-0.0266,0.0773,0.1354,39.14
1788953731558,199.9862,0.0000,-0.1320,0.4312,-0.0448,0.3796,39.13
1788953731558,199.9862,0.0000,-0.0169,-0.1182,0.1994,-0.0172,39.13
1788953731558,199.9862,0.0000,-0.0172,0.0344,-0.1669,0.0133,39.13
1788953731558,199.9862,0.0000,-0.0939,-0.0877,0.0773,0.1049,39.13
1788953731558,199.9862,0.0000,-0.0593,-0.1182,-0.0448,-0.1698,39.13
1788953731558,199.9862,0.0000,0.0005,-0.0572,-0.1669,-0.0477,39.13
1788953731558,199.9862,0.0000,-0.1459,0.0649,-0.0754,0.2270,39.14
1788953731558,199.9862,0.0000,-0.0576,-0.0877,0.0162,-0.0477,39.14
1788953731558,199.9862,0.0000,-0.0655,0.0955,-0.1059,-0.0783,39.13
1788953731558,199.9862,0.0000,-0.0608,-0.1487,0.0773,0.0133,39.13
1788953731558,199.9862,0.0000,-0.1020,0.1565,0.1078,0.1659,39.14
1788953731558,199.9862,0.0000,-0.0553,-0.1182,-0.1364,-0.1698,39.13
1788953731558,199.9862,0.0000,-0.0952,0.1260,-0.0754,0.1659,39.13
1788953731558,199.9862,0.0000,-0.0831,-0.0266,-0.1059,-0.0172,39.13
1788953731714,199.9862,0.0000,-0.0251,-0.2403,0.0773,0.0438,39.14
1788953731714,199.9862,0.0000,-0.1311,0.1870,-0.1059,0.1049,39.14
1788953731714,199.9862,0.0000,-0.0990,-0.1182,0.1383,-0.1088,39.13
1788953731714,199.9862,0.0000,-0.1226,-0.0572,-0.0448,-0.0783,39.14
1788953731714,199.9862,0.0000,-0.0402,0.0039,0.3520,0.0744,39.13
1788953731714,199.9862,0.0000,-0.0799,0.3091,0.2299,0.3491,39.13
1788953731714,199.9862,0.0000,-0.0362,-0.0266,0.1383,0.0744,39.13
1788953731818,199.9862,0.0000,-0.1229,-0.1182,0.1688,0.0133,39.13
1788953731818,199.9862,0.0000,-0.0133,-0.1182,0.0467,-0.0477,39.14
1788953731818,199.9862,0.0000,-0.1312,0.0955,0.0467,0.1049,39.14
1788953731818,199.9862,0.0000,-0.0716,-0.0877,0.4130,0.0438,39.14
1788953731818,199.9862,0.0000,-0.1120,-0.1487,-0.1059,-0.0477,39.13
1788953731818,199.9862,0.0000,-0.0504,-0.0572,-0.1364,0.0133,39.13
1788953731818,199.9862,0.0000,-0.0759,-0.0266,0.0467,0.0133,39.14
1788953731818,199.9862,0.0000,-0.0442,-0.1487,-0.0448,-0.0172,39.13
1788953731818,199.9862,0.0000,-0.1659,0.0344,0.2604,0.1354,39.13
1788953731818,199.9862,0.0000,-0.1337,0.1260,0.4130,0.1659,39.14
1788953731818,199.9862,0.0000,-0.1402,-0.0572,0.0162,0.0744,39.14
1788953731818,199.9862,0.0000,-0.0343,-0.0877,-0.1059,-0.0783,39.14
1788953731818,199.9862,0.0000,-0.0359,0.0344,-0.0143,0.1965,39.13
1788953731818,199.9862,0.0000,-0.0678,-0.1793,0.2909,-0.2004,39.14
1788953731917,199.9862,0.0000,-0.0969,-0.0877,0.0773,0.0133,39.13
1788953731917,199.9862,0.0000,-0.0626,0.3397,0.2909,0.3796,39.12
1788953731917,199.9862,0.0000,-0.1452,0.0955,0.1383,0.1659,39.14
1788953731917,199.9862,0.0000,-0.0634,0.2786,0.2299,0.4407,39.14
1788953731917,199.9862,0.0000,-0.0546,0.2481,0.2299,0.2575,39.14
1788953731917,199.9862,0.0000,-0.0897,-0.1182,-0.0143,-0.0477,39.13
1788953731917,199.9862,0.0000,0.0057,0.0649,-0.0448,0.2575,39.13
1788953732012,199.9862,0.0000,-0.1042,0.2786,-0.1364,0.2880,39.12
1788953732012,199.9862,0.0000,-0.1174,-0.0266,0.1078,0.0744,39.13
1788953732012,199.9862,0.0000,-0.0472,0.0955,0.3520,0.0133,39.13
1788953732012,199.9862,0.0000,-0.0731,-0.0877,-0.0754,-0.0477,39.13
1788953732012,199.9862,0.0000,-0.0493,-0.0266,-0.0143,0.0133,39.14
1788953732012,199.9862,0.0000,-0.1820,0.2786,0.2299,0.2575,39.14
1788953732012,199.9862,0.0000,-0.1148,-0.0877,-0.0754,0.1049,39.14
1788953732111,199.9862,0.0000,-0.0357,-0.1793,0.2299,-0.0783,39.13
1788953732111,199.9862,0.0000,0.0242,-0.0877,-0.1059,0.1049,39.13
1788953732111,199.9862,0.0000,-0.0779,0.3091,0.1078,0.5322,39.13
1788953732111,199.9862,0.0000,-0.0330,0.0649,-0.1059,0.1659,39.13
1788953732111,199.9862,0.0000,-0.1456,0.0649,0.2604,0.1659,39.14
1788953732111,199.9862,0.0000,-0.0054,-0.1487,-0.0754,0.0133,39.14
1788953732111,199.9862,0.0000,0.0001,-0.3014,-0.1059,-0.1393,39.14
1788953732112,199.9862,0.0000,-0.0024,-0.1182,-0.0754,-0.1088,39.13
1788953732112,199.9862,0.0000,-0.0280,0.4312,-0.1669,0.4407,39.13
1788953732112,199.9862,0.0000,-0.0690,0.2481,0.1078,0.2575,39.14
1788953732112,199.9862,0.0000,-0.1190,0.0649,0.1383,0.1965,39.14
1788953732112,199.9862,0.0000,-0.0264,-0.0877,-0.0754,-0.0172,39.13
1788953732112,199.9862,0.0000,-0.0609,0.2481,0.1078,0.2575,39.13
1788953732112,199.9862,0.0000,0.0046,-0.0572,-0.1364,0.0438,39.14
1788953732112,199.9862,0.0000,-0.1239,0.1565,-0.0448,0.0744,39.14
1788953732112,199.9862,0.0000,-0.0201,-0.0572,-0.0754,-0.0172,39.11
1788953732112,199.9862,0.0000,-0.0686,-0.0266,-0.1364,-0.0172,39.13
1788953732112,199.9862,0.0000,-0.0691,0.3091,0.1078,0.3491,39.14
1788953732112,199.9862,0.0000,-0.0493,-0.1793,0.3520,-0.0477,39.13
1788953732112,199.9862,0.0000,-0.1065,0.2176,0.0162,0.2575,39.13
1788953732112,199.9862,0.0000,-0.0353,0.0649,0.3215,0.1965,39.13
1788953732222,199.9862,0.0000,-0.0991,-0.0266,0.2604,-0.0477,39.14
1788953732222,199.9862,0.0000,-0.0701,0.4007,0.1383,0.4101,39.13
1788953732222,199.9862,0.0000,-0.0147,-0.2098,-0.0143,0.0744,39.13
1788953732222,199.9862,0.0000,-0.1144,0.0344,0.3520,0.1049,39.13
1788953732222,199.9862,0.0000,-0.0908,-0.1182,0.3215,-0.0172,39.13
1788953732222,199.9862,0.0000,-0.0833,0.2176,0.3215,0.3796,39.14
1788953732222,199.9862,0.0000,-0.0146,-0.0572,0.3825,0.0438,39.13
1788953732222,199.9862,0.0000,-0.0189,0.2176,0.0162,0.0744,39.13
1788953732222,199.9862,0.0000,-0.0314,0.0344,0.4741,-0.0172,39.14
1788953732222,199.9862,0.0000,-0.0146,0.0344,0.1078,0.1049,39.14
1788953732222,199.9862,0.0000,-0.0466,0.1565,-0.1975,0.2880,39.13
1788953732222,199.9862,0.0000,-0.0731,0.1870,0.1383,0.1659,39.14
1788953732222,199.9862,0.0000,-0.0788,-0.0572,0.1994,-0.1088,39.13
1788953732322,199.9862,0.0000,-0.0754,0.0649,0.0773,0.2880,39.12
1788953732322,199.9862,0.0000,-0.1425,-0.1487,0.2909,-0.0783,39.13
1788953732322,199.9862,0.0000,-0.0779,0.1565,0.1078,0.1049,39.13
1788953732322,199.9862,0.0000,-0.0243,-0.1182,-0.1364,-0.0783,39.13
1788953732322,199.9862,0.0000,-0.0720,0.1565,0.0773,0.0744,39.14
1788953732322,199.9862,0.0000,-0.1550,0.3702,0.3825,0.4101,39.13
1788953732322,199.9862,0.0000,-0.0184,-0.0877,-0.1364,0.0438,39.12
1788953732412,199.9862,0.0000,-0.0523,0.2481,0.3825,0.3491,39.14
1788953732412,199.9862,0.0000,-0.1016,0.1565,0.2604,0.1965,39.14
1788953732412,199.9862,0.0000,-0.0014,0.0039,-0.1059,-0.0172,39.13
1788953732412,199.9862,0.0000,-0.1093,0.0039,0.1383,0.1659,39.13
1788953732412,199.9862,0.0000,-0.0653,0.0649,0.1688,0.1965,39.14
1788953732412,199.9862,0.0000,-0.0387,-0.0877,-0.1059,-0.0783,39.14
1788953732412,199.9862,0.0000,-0.0990,0.0039,-0.1059,0.0133,39.14
1788953732514,199.9862,0.0000,-0.0882,0.4923,-0.1975,0.4712,39.14
1788953732514,199.9862,0.0000,-0.0453,0.0039,-0.1669,0.0438,39.14
1788953732514,199.9862,0.0000,-0.1531,0.2481,-0.0754,0.2270,39.13
1788953732514,199.9862,0.0000,-0.1212,0.1260,-0.1669,0.2575,39.14
1788953732514,199.9862,0.0000,-0.0139,-0.1182,-0.0143,0.0438,39.13
1788953732514,199.9862,0.0000,-0.1024,0.2786,0.1994,0.3491,39.14
1788953732514,199.9862,0.0000,-0.0454,0.0039,0.0467,-0.0172,39.14
1788953732618,199.9862,0.0000,-0.1360,-0.0572,-0.0448,0.0438,39.13
1788953732618,199.9862,0.0000,-0.0111,-0.0572,0.2299,0.0133,39.13
1788953732618,199.9862,0.0000,-0.1022,0.3091,0.0467,0.3186,39.14
1788953732618,199.9862,0.0000,-0.1057,-0.1487,0.1383,-0.1698,39.14
1788953732618,199.9862,0.0000,-0.1069,0.2786,0.3520,0.4101,39.13
1788953732618,199.9862,0.0000,-0.0979,-0.1793,0.0162,-0.1393,39.13
1788953732618,199.9862,0.0000,-0.0840,-0.0572,-0.0143,-0.0172,39.14
1788953732716,199.9862,0.0000,-0.1130,0.2176,-0.1059,0.2880,39.14
1788953732716,199.9862,0.0000,-0.1415,0.2176,0.2604,0.1659,39.14
1788953732716,199.9862,0.0000,-0.0245,0.1260,0.0467,0.2270,39.13
1788953732716,199.9862,0.0000,-0.0042,-0.0877,-0.1364,-0.0477,39.13
1788953732716,199.9862,0.0000,-0.1011,0.4312,0.1078,0.4407,39.13
1788953732716,199.9862,0.0000,-0.0063,-0.0572,-0.1669,-0.0783,39.13
1788953732716,199.9862,0.0000,-0.0697,0.0649,0.0467,0.1049,39.13
1788953732809,199.9862,0.0000,-0.0565,0.2176,0.0773,0.1965,39.14
1788953732809,199.9862,0.0000,-0.0706,0.2786,0.2909,0.3491,39.14
1788953732809,199.9862,0.0000,-0.0830,-0.0877,-0.0143,-0.0477,39.13
1788953732809,199.9862,0.0000,-0.1474,0.1565,0.4130,0.2270,39.13
1788953732809,199.9862,0.0000,-0.0796,0.4007,0.0467,0.4712,39.14
1788953732809,199.9862,0.0000,-0.1318,0.3091,0.3825,0.3491,39.14
1788953732809,199.9862,0.0000,-0.0103,0.3702,0.4436,0.3186,39.13
1788953732811,199.9862,0.0000,-0.1229,-0.0572,-0.1364,0.0133,39.14
1788953732811,199.9862,0.0000,0.0018,0.0344,-0.1364,0.1659,39.14
1788953732811,199.9862,0.0000,-0.0963,-0.0877,0.1383,-0.0172,39.14
1788953732811,199.9862,0.0000,-0.0630,-0.0266,-0.1364,-0.0783,39.13
1788953732811,199.9862,0.0000,-0.0162,0.1870,0.2299,0.1965,39.13
1788953732811,199.9862,0.0000,-0.0938,0.0649,0.1078,0.1049,39.13
1788953732811,199.9862,0.0000,-0.0336,-0.2098,-0.1364,-0.0477,39.13
1788953732908,199.9862,0.0000,0.0109,0.0039,-0.0754,0.0438,39.13
1788953732908,199.9862,0.0000,-0.0557,0.0039,-0.1059,0.1659,39.14
1788953732908,199.9862,0.0000,-0.1060,-0.1182,-0.0448,-0.1393,39.14
1788953732908,199.9862,0.0000,-0.1318,0.0955,0.0162,0.1049,39.13
1788953732908,199.9862,0.0000,-0.0424,-0.1793,0.1078,-0.1393,39.13
1788953732908,199.9862,0.0000,-0.0091,0.1260,-0.0143,0.1049,39.13
1788953732910,199.9862,0.0000,-0.1014,-0.0572,0.3215,-0.0477,39.14
1788953732910,199.9862,0.0000,-0.1677,-0.1182,-0.0143,-0.0783,39.14
1788953732910,199.9862,0.0000,-0.0325,0.2786,0.1994,0.1965,39.13
1788953732910,199.9862,0.0000,-0.1292,0.0649,0.2299,0.2270,39.13
1788953732910,199.9862,0.0000,-0.1285,-0.0266,0.0467,0.0438,39.14
1788953732910,199.9862,0.0000,-0.1406,0.0344,0.1688,0.0438,39.14
1788953732910,199.9862,0.0000,-0.0642,-0.0266,0.3825,0.1049,39.14
1788953732910,199.9862,0.0000,-0.0597,0.0039,0.1383,0.0744,39.14
1788953732910,199.9862,0.0000,-0.0386,0.1565,0.1688,0.2575,39.13
1788953732910,199.9862,0.0000,-0.0706,-0.0572,-0.1669,-0.0172,39.13
1788953732910,199.9862,0.0000,0.0058,-0.1182,-0.1059,-0.0172,39.13
1788953732910,199.9862,0.0000,-0.0308,0.0039,0.0162,0.1049,39.13
1788953732910,199.9862,0.0000,-0.0721,-0.1793,-0.0448,-0.0783,39.14
1788953732910,199.9862,0.0000,-0.0964,0.1870,0.0773,0.3796,39.14
1788953732910,199.9862,0.0000,-0.0997,-0.2098,-0.1669,-0.1088,39.13
1788953732910,199.9862,0.0000,-0.1188,0.2176,-0.0143,0.2575,39.13
1788953733002,199.9862,0.0000,-0.1252,0.2786,0.0467,0.2880,39.12
1788953733002,199.9862,0.0000,-0.1076,0.3702,0.4130,0.3491,39.14
1788953733002,199.9862,0.0000,-0.1479,0.0955,0.0467,-0.0783,39.13
1788953733002,199.9862,0.0000,-0.0920,0.3702,0.3520,0.3491,39.12
1788953733002,199.9862,0.0000,-0.1916,0.0039,-0.0754,0.0133,39.14
1788953733002,199.9862,0.0000,-0.0452,-0.0572,0.1383,0.0133,39.14
1788953733002,199.9862,0.0000,-0.0991,0.3091,0.2909,0.2880,39.13
1788953733002,199.9862,0.0000,-0.0595,0.4007,-0.0143,0.3796,39.13
1788953733002,199.9862,0.0000,-0.1097,0.2786,-0.0143,0.3796,39.13
1788953733010,199.9862,0.0000,-0.0180,-0.0877,0.4130,-0.0172,39.13
1788953733108,199.9862,0.0000,-0.0996,0.2176,0.1383,0.1659,39.13
1788953733108,199.9862,0.0000,-0.0326,-0.1182,-0.1669,0.0438,39.13
1788953733108,199.9862,0.0000,-0.0565,0.2481,0.0467,0.1354,39.14
1788953733108,199.9862,0.0000,-0.0678,0.2481,-0.0143,0.4101,39.14
1788953733108,199.9862,0.0000,-0.0206,0.1565,0.0467,0.2270,39.13
1788953733108,199.9862,0.0000,-0.0644,-0.0877,-0.0448,0.0133,39.13
1788953733108,199.9862,0.0000,-0.1413,0.2176,0.0162,0.1659,39.14
1788953733108,199.9862,0.0000,-0.1279,-0.0572,-0.0754,-0.0172,39.14
1788953733108,199.9862,0.0000,-0.0472,-0.1182,0.1688,-0.0477,39.13
1788953733114,199.9862,0.0000,-0.0510,0.1260,0.1688,0.1659,39.13
1788953733204,199.9862,0.0000,-0.1985,0.1870,0.1383,0.2575,39.13
1788953733204,199.9862,0.0000,-0.0556,0.4923,-0.0754,0.4407,39.13
1788953733204,199.9862,0.0000,-0.0594,-0.0266,-0.0448,0.0133,39.14
1788953733204,199.9862,0.0000,-0.0672,0.3397,0.4741,0.2270,39.14
1788953733204,199.9862,0.0000,-0.0116,0.2481,0.0467,0.2575,39.14
1788953733204,199.9862,0.0000,-0.0880,0.4312,0.3825,0.3796,39.14
1788953733204,199.9862,0.0000,-0.1109,0.0344,0.0162,0.0133,39.13
1788953733204,199.9862,0.0000,0.0162,-0.0877,-0.0754,-0.0783,39.14
1788953733204,199.9862,0.0000,-0.0119,-0.0572,-0.0448,-0.0783,39.14
1788953733210,199.9862,0.0000,-0.0891,-0.0877,-0.0754,-0.0783,39.13
1788953733306,199.9862,0.0000,-0.1085,0.0344,0.1078,0.0744,39.13
1788953733306,199.9862,0.0000,-0.0259,0.0955,0.3215,0.0438,39.13
1788953733306,199.9862,0.0000,-0.0949,0.2176,0.2909,0.2575,39.14
1788953733307,199.9862,0.0000,-0.0318,0.1870,-0.1669,0.1659,39.13
1788953733307,199.9862,0.0000,-0.1276,0.4312,0.4130,0.4712,39.12
1788953733307,199.9862,0.0000,-0.1130,0.0039,0.1688,0.0133,39.13
1788953733307,199.9862,0.0000,-0.1129,-0.2098,-0.0143,-0.1088,39.14
1788953733307,199.9862,0.0000,-0.1027,-0.1793,-0.0143,-0.0783,39.14
1788953733307,199.9862,0.0000,-0.0818,-0.0572,-0.1059,0.0133,39.14
1788953733311,199.9862,0.0000,0.0039,0.0344,-0.1059,0.0438,39.13
1788953733401,199.9862,0.0000,-0.1118,0.3397,0.1078,0.2270,39.13
1788953733401,199.9862,0.0000,-0.0810,0.2786,0.0773,0.3491,39.14
1788953733401,199.9862,0.0000,-0.0496,-0.1182,-0.1059,-0.0477,39.14
1788953733401,199.9862,0.0000,-0.0008,0.3702,0.1688,0.4407,39.13
1788953733401,199.9862,0.0000,-0.0439,-0.1182,-0.0754,-0.0477,39.14
1788953733401,199.9862,0.0000,-0.1310,-0.1793,0.0162,-0.0172,39.14
1788953733401,199.9862,0.0000,-0.0586,-0.1182,0.1688,-0.1393,39.13
1788953733401,199.9862,0.0000,-0.0756,0.1565,0.2299,0.1965,39.13
1788953733401,199.9862,0.0000,-0.1559,-0.0266,0.2299,0.0133,39.14
1788953733410,199.9862,0.0000,-0.0828,0.0649,-0.1059,0.0744,39.14
1788953733507,199.9862,0.0000,-0.0529,0.1565,0.3215,0.1049,39.13
1788953733507,199.9862,0.0000,-0.0936,-0.0266,-0.1059,-0.0172,39.13
1788953733507,199.9862,0.0000,-0.0297,-0.1182,0.0773,0.1049,39.14
1788953733507,199.9862,0.0000,-0.0830,0.1565,-0.1059,0.1659,39.14
1788953733507,199.9862,0.0000,-0.0582,0.0344,-0.0448,0.1659,39.13
1788953733507,199.9862,0.0000,-0.0830,0.1565,0.1994,0.1354,39.13
1788953733507,199.9862,0.0000,-0.0333,0.0039,-0.0448,0.1354,39.13
1788953733507,199.9862,0.0000,-0.0628,-0.0877,-0.0448,0.0744,39.13
1788953733507,199.9862,0.0000,-0.0671,-0.0877,0.2909,-0.0477,39.13
1788953733511,199.9862,0.0000,-0.0318,0.0955,0.0467,0.1049,39.13
1788953733609,199.9862,0.0000,-0.0302,-0.0266,-0.1059,0.0744,39.14
1788953733609,199.9862,0.0000,-0.0193,0.0039,-0.1059,-0.0172,39.13
1788953733609,199.9862,0.0000,-0.0886,-0.0877,-0.1364,-0.0477,39.13
1788953733609,199.9862,0.0000,-0.0650,0.0344,0.1994,0.1049,39.13
1788953733609,199.9862,0.0000,-0.1565,0.0955,0.1383,0.2270,39.14
1788953733609,199.9862,0.0000,-0.0106,-0.0266,-0.1364,0.0133,39.14
1788953733609,199.9862,0.0000,-0.0453,0.3091,0.2909,0.2270,39.13
1788953733609,199.9862,0.0000,-0.0236,-0.0877,-0.1364,0.0438,39.13
1788953733609,199.9862,0.0000,-0.1256,0.1870,0.0162,0.3186,39.14
1788953733610,199.9862,0.0000,-0.0550,0.1260,0.2604,0.1354,39.15
1788953733723,199.9862,0.0000,-0.1543,0.3397,0.4436,0.4101,39.14
1788953733723,199.9862,0.0000,-0.0619,0.1870,-0.1364,0.1659,39.13
1788953733723,199.9862,0.0000,-0.0993,0.0344,0.2604,-0.0172,39.13
1788953733723,199.9862,0.0000,0.0123,-0.1487,-0.0143,-0.0477,39.14
1788953733723,199.9862,0.0000,-0.0683,0.1565,0.1994,0.1659,39.13
1788953733723,199.9862,0.0000,-0.0668,-0.0877,0.0467,-0.0172,39.13
1788953733822,199.9862,0.0000,-0.0399,0.4007,-0.1669,0.5017,39.14
1788953733822,199.9862,0.0000,-0.0346,0.2481,-0.1059,0.3186,39.14
1788953733822,199.9862,0.0000,-0.0263,0.0039,-0.0143,0.0744,39.13
1788953733822,199.9862,0.0000,-0.0528,0.0955,0.1383,0.2270,39.13
1788953733822,199.9862,0.0000,-0.0814,-0.0572,-0.0754,0.0133,39.14
1788953733822,199.9862,0.0000,-0.0672,0.0649,0.2604,0.2270,39.14
1788953733822,199.9862,0.0000,-0.0382,0.0344,-0.0754,-0.0783,39.13
1788953733822,199.9862,0.0000,-0.1101,-0.0572,0.1994,0.0744,39.13
1788953733822,199.9862,0.0000,-0.0606,-0.0572,-0.0448,0.0438,39.14
1788953733822,199.9862,0.0000,-0.0429,-0.1182,-0.0754,-0.0477,39.14
1788953733822,199.9862,0.0000,-0.0351,-0.0877,0.0162,-0.2309,39.14
1788953733822,199.9862,0.0000,-0.0832,-0.0877,0.0467,-0.0477,39.13
1788953733927,199.9862,0.0000,-0.0964,0.0955,0.0773,0.2270,39.13
1788953733927,199.9862,0.0000,-0.0842,0.0955,0.1078,0.2880,39.14
1788953733927,199.9862,0.0000,-0.0652,0.2481,0.4741,0.2270,39.13
1788953733927,199.9862,0.0000,-0.0753,0.2176,0.0773,0.1049,39.15
1788953733927,199.9862,0.0000,-0.1648,0.2176,0.2604,0.2575,39.14
1788953733927,199.9862,0.0000,-0.0353,-0.0266,0.0467,0.0438,39.14
1788953733927,199.9862,0.0000,-0.0324,-0.0572,-0.0754,-0.1393,39.13
1788953733927,199.9862,0.0000,-0.0894,0.1565,-0.0143,0.1354,39.13
1788953733927,199.9862,0.0000,-0.1694,0.0344,0.3215,0.0438,39.14
1788953733927,199.9862,0.0000,-0.0810,-0.0572,-0.0143,-0.0783,39.14
1788953733927,199.9862,0.0000,-0.1169,-0.1182,-0.1364,-0.0172,39.13
1788953733927,199.9862,0.0000,-0.1412,-0.1182,-0.0754,-0.0783,39.13
1788953733927,199.9862,0.0000,-0.0156,-0.1487,-0.1364,-0.0783,39.14
1788953734023,199.9862,0.0000,0.0049,-0.0877,0.0773,0.0438,39.14
1788953734023,199.9862,0.0000,-0.0656,0.0649,-0.0754,0.1049,39.13
1788953734023,199.9862,0.0000,-0.0535,-0.1487,0.1078,-0.1088,39.13
1788953734023,199.9862,0.0000,-0.0469,0.0955,0.1688,0.1659,39.13
1788953734023,199.9862,0.0000,-0.0214,0.1565,0.1078,0.2575,39.13
1788953734023,199.9862,0.0000,-0.0760,-0.0572,-0.0143,-0.1088,39.13
1788953734023,199.9862,0.0000,-0.1145,0.0344,-0.0143,-0.0477,39.14
1788953734118,199.9862,0.0000,-0.1340,0.1260,-0.0448,0.1659,39.13
1788953734118,199.9862,0.0000,-0.0100,0.3397,0.0162,0.4407,39.13
1788953734118,199.9862,0.0000,-0.0925,-0.1793,0.0773,-0.0783,39.13
1788953734118,199.9862,0.0000,-0.0604,-0.1487,-0.0754,0.0133,39.13
1788953734118,199.9862,0.0000,-0.0207,0.2176,-0.0754,0.3491,39.13
1788953734118,199.9862,0.0000,-0.0505,0.4312,0.3215,0.3491,39.12
1788953734118,199.9862,0.0000,0.0140,0.2786,-0.0448,0.3796,39.13
1788953734118,199.9862,0.0000,-0.0386,0.2176,0.0773,0.1049,39.13
1788953734118,199.9862,0.0000,-0.0164,-0.2098,-0.0448,-0.0783,39.14
1788953734118,199.9862,0.0000,-0.1870,-0.0572,0.2909,0.0744,39.14
1788953734118,199.9862,0.0000,-0.1040,0.1870,0.1383,0.3491,39.14
1788953734118,199.9862,0.0000,-0.0393,0.1565,-0.0448,0.2575,39.14
1788953734211,199.9862,0.0000,-0.0445,-0.1182,0.1688,-0.0783,39.13
1788953734211,199.9862,0.0000,-0.0567,0.0344,0.2299,0.1049,39.13
1788953734211,199.9862,0.0000,-0.0754,0.0955,0.2604,0.1659,39.13
1788953734211,199.9862,0.0000,-0.0094,0.4923,0.1078,0.4407,39.14
1788953734211,199.9862,0.0000,-0.1357,0.2786,0.2909,0.2575,39.13
1788953734211,199.9862,0.0000,-0.0067,-0.0877,-0.1059,0.0438,39.13
1788953734310,199.9862,0.0000,-0.1535,0.3091,0.4436,0.4101,39.13
1788953734310,199.9862,0.0000,-0.0398,-0.0877,-0.1975,-0.0172,39.13
1788953734310,199.9862,0.0000,-0.0915,0.0039,0.1994,-0.0477,39.13
1788953734310,199.9862,0.0000,-0.1005,0.0344,-0.0448,0.0438,39.14
1788953734310,199.9862,0.0000,-0.1075,0.1870,-0.0448,0.2270,39.13
1788953734310,199.9862,0.0000,-0.0828,0.1565,0.3520,0.2575,39.13
1788953734310,199.9862,0.0000,-0.0904,0.0649,0.1383,0.0744,39.14
1788953734312,199.9862,0.0000,-0.0789,-0.2403,0.1383,-0.2004,39.14
1788953734312,199.9862,0.0000,-0.0754,0.0344,-0.0143,0.0438,39.14
1788953734312,199.9862,0.0000,-0.1114,0.2176,0.0467,0.1965,39.14
1788953734312,199.9862,0.0000,-0.0283,0.0039,0.1383,0.1354,39.14
1788953734312,199.9862,0.0000,-0.0179,-0.0266,0.0467,0.0438,39.13
1788953734312,199.9862,0.0000,-0.0575,0.3702,-0.0143,0.4101,39.13
1788953734312,199.9862,0.0000,-0.1138,-0.0266,0.1383,-0.0783,39.14
1788953734406,199.9862,0.0000,-0.0416,0.0039,0.2299,0.0438,39.14
1788953734406,199.9862,0.0000,-0.0497,0.4007,-0.0448,0.4712,39.13
1788953734406,199.9862,0.0000,-0.0685,-0.0877,-0.1364,-0.0783,39.13
1788953734406,199.9862,0.0000,-0.0225,0.3397,0.0162,0.4407,39.13
1788953734406,199.9862,0.0000,0.0102,-0.1487,0.0162,-0.0172,39.14
1788953734406,199.9862,0.0000,-0.0776,0.3702,0.2909,0.4101,39.14
1788953734407,199.9862,0.0000,0.0096,0.1565,0.0162,0.2575,39.12
1788953734407,199.9862,0.0000,-0.1236,0.0344,0.0162,0.1659,39.13
1788953734407,199.9862,0.0000,-0.1516,-0.1793,0.3215,-0.1088,39.13
1788953734410,199.9862,0.0000,-0.1149,-0.0877,-0.0448,0.0133,39.14
1788953734420,199.9862,0.0000,-0.0825,-0.0877,0.2299,-0.0783,39.13
1788953734515,199.9862,0.0000,-0.1293,0.3091,0.0467,0.3491,39.14
1788953734515,199.9862,0.0000,-0.0569,0.1870,0.3520,0.2270,39.13
1788953734515,199.9862,0.0000,0.0024,-0.0572,0.1383,-0.1393,39.13
1788953734515,199.9862,0.0000,-0.0306,0.0344,-0.0754,0.0133,39.13
1788953734515,199.9862,0.0000,-0.0933,0.0344,0.1078,0.1354,39.13
1788953734515,199.9862,0.0000,-0.0703,0.3397,0.4436,0.2575,39.14
1788953734515,199.9862,0.0000,-0.0744,0.0039,0.1383,0.0133,39.14
1788953734515,199.9862,0.0000,-0.0558,0.3091,-0.0754,0.4101,39.13
1788953734515,199.9862,0.0000,-0.1317,-0.1182,0.2604,-0.1393,39.13
1788953734612,199.9862,0.0000,-0.0505,-0.1182,-0.1364,0.0133,39.13
1788953734612,199.9862,0.0000,-0.0974,-0.0266,0.2604,0.0744,39.13
1788953734612,199.9862,0.0000,-0.1315,-0.0572,0.3520,0.0438,39.13
1788953734612,199.9862,0.0000,-0.0091,-0.1182,0.1383,-0.0172,39.14
1788953734612,199.9862,0.0000,-0.0540,0.3091,0.3825,0.4101,39.14
1788953734612,199.9862,0.0000,-0.0655,0.2786,0.1383,0.3186,39.14
1788953734706,199.9862,0.0000,-0.1370,0.1260,0.1688,0.1049,39.14
1788953734706,199.9862,0.0000,-0.0431,-0.0877,-0.0754,-0.0783,39.13
1788953734706,199.9862,0.0000,-0.0912,0.1870,-0.0754,0.2270,39.14
1788953734706,199.9862,0.0000,-0.0898,0.3091,0.1383,0.3186,39.13
1788953734706,199.9862,0.0000,-0.0951,-0.0572,0.0162,-0.0477,39.14
1788953734706,199.9862,0.0000,-0.1062,0.4007,0.3215,0.4101,39.13
1788953734706,199.9862,0.0000,-0.0124,-0.0266,0.0773,0.1354,39.14
1788953734707,199.9862,0.0000,0.0283,-0.1182,-0.0448,-0.0783,39.13
1788953734707,199.9862,0.0000,-0.0688,-0.0877,-0.1059,-0.0172,39.13
1788953734707,199.9862,0.0000,0.0163,-0.1182,-0.0143,-0.0783,39.13
1788953734707,199.9862,0.0000,-0.0250,0.0039,-0.1059,0.0133,39.14
1788953734707,199.9862,0.0000,-0.0701,-0.1182,-0.1059,-0.0172,39.14
1788953734707,199.9862,0.0000,-0.0999,-0.0266,-0.0143,0.0438,39.13
1788953734710,199.9862,0.0000,-0.0598,-0.0572,-0.0448,0.0438,39.13
1788953734951,199.9862,0.0000,0.0244,-0.1487,-0.0448,-0.0477,39.13
1788953734951,199.9862,0.0000,-0.0455,0.4007,-0.1059,0.2575,39.14
1788953734951,199.9862,0.0000,-0.0713,0.2786,0.3215,0.3491,39.14
1788953734951,199.9862,0.0000,-0.0065,-0.0877,-0.1364,0.0438,39.14
1788953734951,199.9862,0.0000,-0.0203,-0.1487,-0.0448,-0.0477,39.13
1788953734951,199.9862,0.0000,-0.1312,-0.0877,0.1078,-0.0172,39.13
1788953734951,199.9862,0.0000,-0.0120,0.0344,-0.0754,0.1049,39.14
1788953734951,199.9862,0.0000,-0.1185,0.1870,0.3825,0.1354,39.13
1788953734951,199.9862,0.0000,-0.0175,0.0344,-0.0448,0.0744,39.13
1788953734951,199.9862,0.0000,-0.0153,0.4007,-0.1975,0.4101,39.13
1788953734951,199.9862,0.0000,-0.1369,0.1870,0.2909,0.1659,39.13
1788953735049,199.9862,0.0000,-0.1027,0.0344,0.4130,0.0744,39.13
1788953735049,199.9862,0.0000,0.0113,0.3091,-0.0754,0.4407,39.14
1788953735049,199.9862,0.0000,-0.1800,-0.1487,-0.1059,-0.0783,39.13
1788953735049,199.9862,0.0000,-0.1209,-0.0877,0.1994,-0.0477,39.13
1788953735049,199.9862,0.0000,-0.0525,0.1870,0.1994,0.2270,39.13
1788953735049,199.9862,0.0000,-0.1024,0.2176,-0.0754,0.1965,39.14
1788953735049,199.9862,0.0000,-0.0267,0.0344,-0.0448,0.0438,39.13
1788953735156,199.9862,0.0000,-0.1196,0.3702,-0.0448,0.3796,39.14
1788953735156,199.9862,0.0000,-0.0862,-0.1793,0.0467,-0.0477,39.14
1788953735156,199.9862,0.0000,-0.0310,-0.0877,-0.1669,-0.1393,39.13
1788953735156,199.9862,0.0000,-0.0793,0.1870,0.1994,0.2575,39.13
1788953735156,199.9862,0.0000,-0.0902,0.0344,-0.0754,0.0133,39.13
1788953735156,199.9862,0.0000,-0.0320,0.1260,0.3215,0.2880,39.13
1788953735156,199.9862,0.0000,-0.0591,0.1260,0.1688,0.1965,39.14
1788953735262,199.9862,0.0000,-0.1403,0.4312,0.2909,0.4712,39.14
1788953735262,199.9862,0.0000,-0.0418,0.0344,0.1078,0.1354,39.13
1788953735262,199.9862,0.0000,-0.0474,0.2481,-0.1059,0.2880,39.13
1788953735262,199.9862,0.0000,-0.0771,0.1260,-0.0754,0.0744,39.14
1788953735262,199.9862,0.0000,-0.0510,-0.1487,0.0162,-0.1088,39.14
1788953735262,199.9862,0.0000,-0.0488,0.0039,0.1688,0.0438,39.13
1788953735262,199.9862,0.0000,-0.1037,0.1870,0.2604,0.2880,39.14
1788953735367,199.9862,0.0000,-0.0437,-0.1487,-0.0143,-0.1698,39.14
1788953735367,199.9862,0.0000,-0.0261,-0.1182,-0.0143,-0.0477,39.14
1788953735367,199.9862,0.0000,-0.0708,-0.0572,0.1383,0.0744,39.14
1788953735367,199.9862,0.0000,-0.1281,0.0955,-0.0448,0.1965,39.14
1788953735367,199.9862,0.0000,-0.0664,0.0649,0.1688,0.1049,39.14
1788953735367,199.9862,0.0000,0.0146,0.1870,0.0467,0.1049,39.13
1788953735367,199.9862,0.0000,0.0178,0.0039,0.3825,0.1049,39.13
1788953735461,199.9862,0.0000,-0.0317,0.0039,0.0162,0.1354,39.13
1788953735461,199.9862,0.0000,-0.0471,0.3091,-0.1059,0.4407,39.14
1788953735461,199.9862,0.0000,-0.0770,0.0344,0.1078,0.1965,39.14
1788953735461,199.9862,0.0000,-0.0018,0.1260,-0.1669,0.1049,39.13
1788953735461,199.9862,0.0000,-0.0298,-0.2098,-0.0448,-0.1698,39.13
1788953735461,199.9862,0.0000,-0.1159,-0.0572,0.0162,0.0438,39.14
1788953735461,199.9862,0.0000,-0.0924,0.0039,0.0467,0.0744,39.14
1788953735561,199.9862,0.0000,-0.0728,0.0039,0.1383,0.1049,39.13
1788953735561,199.9862,0.0000,-0.0603,-0.1487,-0.0754,-0.0783,39.13
1788953735561,199.9862,0.0000,-0.0972,-0.0572,-0.1059,-0.0172,39.14
1788953735561,199.9862,0.0000,-0.0852,0.4007,0.0162,0.4101,39.14
1788953735561,199.9862,0.0000,-0.0720,-0.0877,-0.0143,0.0438,39.13
1788953735561,199.9862,0.0000,-0.0136,-0.1182,-0.1364,-0.0172,39.13
1788953735561,199.9862,0.0000,-0.0843,-0.0877,-0.0754,0.0133,39.14
1788953735656,199.9862,0.0000,0.0070,0.1870,-0.0143,0.2880,39.13
1788953735656,199.9862,0.0000,0.0059,-0.0572,-0.1059,-0.0172,39.13
1788953735656,199.9862,0.0000,-0.0999,-0.0572,0.1688,-0.0783,39.13
1788953735656,199.9862,0.0000,-0.0275,-0.1487,-0.1059,0.0133,39.14
1788953735656,199.9862,0.0000,-0.1160,-0.1793,-0.1364,-0.0172,39.14
1788953735656,199.9862,0.0000,-0.1313,0.3091,-0.0754,0.2575,39.13
1788953735750,199.9862,0.0000,-0.0189,-0.0572,-0.0143,-0.0477,39.13
1788953735750,199.9862,0.0000,-0.1295,0.0344,0.1688,0.1049,39.14
1788953735750,199.9862,0.0000,-0.1042,0.0649,-0.1059,0.1049,39.14
1788953735750,199.9862,0.0000,-0.0477,-0.0266,-0.0143,0.0438,39.13
1788953735750,199.9862,0.0000,-0.0246,-0.1182,-0.0448,0.0133,39.13
1788953735750,199.9862,0.0000,-0.0916,0.0955,-0.1059,0.2270,39.14
1788953735750,199.9862,0.0000,0.0023,-0.0266,-0.0754,-0.0783,39.14
1788953735846,199.9862,0.0000,-0.0750,-0.0877,0.3825,-0.1393,39.14
1788953735846,199.9862,0.0000,-0.0898,0.3091,0.0467,0.3796,39.13
1788953735846,199.9862,0.0000,-0.0259,-0.0877,-0.1364,-0.0477,39.13
1788953735846,199.9862,0.0000,-0.0504,-0.0572,0.0773,0.1659,39.13
1788953735846,199.9862,0.0000,-0.0285,-0.1487,0.4436,-0.0477,39.13
1788953735846,199.9862,0.0000,-0.0465,0.0955,0.0467,0.1049,39.13
1788953735846,199.9862,0.0000,-0.0492,0.2786,0.1688,0.2880,39.14
1788953735951,199.9862,0.0000,-0.0725,-0.0266,-0.1364,0.1965,39.13
1788953735951,199.9862,0.0000,-0.1178,0.3091,0.0773,0.4101,39.13
1788953735951,199.9862,0.0000,-0.0483,-0.1793,-0.0143,-0.1088,39.13
1788953735951,199.9862,0.0000,-0.1294,0.1565,0.1688,0.2575,39.14
1788953735951,199.9862,0.0000,-0.0793,0.0039,-0.1669,0.0438,39.14
1788953735951,199.9862,0.0000,-0.1155,0.4007,0.4741,0.4101,39.13
1788953735951,199.9862,0.0000,-0.1125,-0.1487,0.0773,-0.2004,39.13
1788953735951,199.9862,0.0000,-0.1073,-0.0877,-0.0754,-0.0783,39.14
1788953735951,199.9862,0.0000,-0.0830,-0.1182,-0.0448,0.1965,39.13
1788953735951,199.9862,0.0000,-0.0109,0.2481,-0.0143,0.3186,39.14
1788953735951,199.9862,0.0000,-0.0035,-0.0266,-0.1059,0.0133,39.14
1788953735951,199.9862,0.0000,-0.0814,0.0344,-0.0448,0.1049,39.13
1788953735951,199.9862,0.0000,-0.0106,0.0039,0.2299,0.1659,39.13
1788953735951,199.9862,0.0000,-0.0719,-0.0572,0.1078,-0.0477,39.13
1788953736043,199.9862,0.0000,-0.0063,-0.0266,-0.1364,-0.0783,39.13
1788953736043,199.9862,0.0000,-0.1710,0.3397,-0.0448,0.3796,39.14
1788953736043,199.9862,0.0000,-0.0165,-0.1487,-0.0448,-0.0783,39.14
1788953736043,199.9862,0.0000,-0.1275,-0.0266,0.1383,0.1659,39.13
1788953736043,199.9862,0.0000,-0.0817,0.1870,0.4436,0.1965,39.13
1788953736043,199.9862,0.0000,-0.0447,0.1870,0.1994,0.1965,39.14
1788953736043,199.9862,0.0000,-0.0668,0.1870,0.2299,0.2575,39.14
1788953736133,199.9862,0.0000,-0.0408,0.2786,-0.0448,0.3491,39.13
1788953736133,199.9862,0.0000,-0.1356,0.0039,0.1994,0.0438,39.13
1788953736133,199.9862,0.0000,-0.0661,-0.1793,-0.1059,-0.1088,39.14
1788953736133,199.9862,0.0000,-0.1165,-0.1182,0.0467,-0.1088,39.13
1788953736133,199.9862,0.0000,-0.1227,0.1565,0.2299,0.1965,39.14
1788953736133,199.9862,0.0000,-0.1097,-0.0266,0.1078,-0.0477,39.14
1788953736133,199.9862,0.0000,-0.0149,0.0955,-0.0448,0.1049,39.13
1788953736135,199.9862,0.0000,-0.0397,0.4312,0.0467,0.5017,39.13
1788953736135,199.9862,0.0000,-0.0336,0.0039,-0.0448,-0.0172,39.13
1788953736135,199.9862,0.0000,-0.0271,-0.1182,0.3520,-0.0783,39.14
1788953736135,199.9862,0.0000,-0.1186,0.0955,0.0773,0.1965,39.14
1788953736135,199.9862,0.0000,-0.1556,0.1260,0.3825,0.1049,39.14
1788953736135,199.9862,0.0000,-0.0938,-0.0572,-0.0754,-0.0477,39.13
1788953736135,199.9862,0.0000,-0.0982,0.1870,0.2604,0.1049,39.13
1788953736227,199.9862,0.0000,-0.0914,-0.0266,-0.1669,0.0744,39.14
1788953736227,199.9862,0.0000,-0.1012,0.0955,0.1688,0.1659,39.14
1788953736227,199.9862,0.0000,-0.0750,-0.0266,-0.1669,-0.1088,39.13
1788953736227,199.9862,0.0000,-0.0281,0.0649,-0.1975,0.1354,39.13
1788953736227,199.9862,0.0000,-0.0887,0.3091,0.3520,0.3796,39.14
1788953736227,199.9862,0.0000,0.0227,-0.0266,-0.1059,0.0438,39.14
1788953736227,199.9862,0.0000,-0.0716,0.4312,0.1688,0.3491,39.13
1788953736319,199.9862,0.0000,-0.1226,-0.1182,0.3825,0.0133,39.13
1788953736319,199.9862,0.0000,-0.0961,-0.0572,-0.1364,-0.0783,39.13
1788953736319,199.9862,0.0000,-0.1107,0.4007,-0.1059,0.3491,39.14
1788953736319,199.9862,0.0000,-0.1220,0.1870,0.0773,0.0744,39.13
1788953736319,199.9862,0.0000,-0.0532,0.2786,0.4741,0.2575,39.14
1788953736319,199.9862,0.0000,-0.0759,0.0344,-0.0143,0.0133,39.14
1788953736426,199.9862,0.0000,-0.0450,-0.0572,0.4130,0.0438,39.13
1788953736426,199.9862,0.0000,-0.0397,-0.0572,-0.1364,-0.1088,39.13
1788953736426,199.9862,0.0000,-0.0802,0.2481,0.2909,0.2575,39.13
1788953736426,199.9862,0.0000,-0.0472,0.1870,-0.0448,0.1659,39.13
1788953736426,199.9862,0.0000,-0.0711,-0.1487,0.1078,-0.0172,39.14
1788953736426,199.9862,0.0000,-0.0751,0.1870,0.2604,0.2575,39.13
1788953736426,199.9862,0.0000,-0.0755,-0.0266,0.0773,0.0438,39.13
1788953736426,199.9862,0.0000,-0.0543,0.0344,-0.1364,0.1049,39.13
1788953736426,199.9862,0.0000,-0.0176,0.0344,0.0162,0.1049,39.13
1788953736426,199.9862,0.0000,-0.0770,-0.1487,-0.0754,-0.0477,39.13
1788953736426,199.9862,0.0000,-0.0545,0.3091,0.3520,0.2575,39.14
1788953736426,199.9862,0.0000,-0.0300,-0.1487,-0.0448,0.0133,39.13
1788953736426,199.9862,0.0000,-0.0743,0.1260,0.1078,0.1659,39.13
1788953736426,199.9862,0.0000,-0.0504,0.0039,0.2604,0.0744,39.13
1788953736523,199.9862,0.0000,-0.0888,0.2481,0.2299,0.2270,39.14
1788953736523,199.9862,0.0000,-0.1400,0.4618,-0.0448,0.4101,39.14
1788953736523,199.9862,0.0000,-0.0086,0.0649,-0.0143,0.1354,39.14
1788953736523,199.9862,0.0000,-0.0237,0.2176,0.1078,0.2575,39.11
1788953736523,199.9862,0.0000,-0.1167,0.1870,-0.0448,0.1354,39.13
1788953736523,199.9862,0.0000,-0.0694,-0.1182,-0.1059,0.0133,39.14
1788953736523,199.9862,0.0000,-0.1055,0.1565,-0.0448,0.1965,39.14
1788953736632,199.9862,0.0000,-0.0654,-0.1793,-0.1669,-0.1088,39.13
1788953736632,199.9862,0.0000,-0.1077,0.0649,0.1078,0.0438,39.13
1788953736632,199.9862,0.0000,-0.1540,-0.1793,0.3215,-0.0783,39.13
1788953736632,199.9862,0.0000,-0.0823,-0.0572,0.0773,0.0133,39.14
1788953736632,199.9862,0.0000,-0.0856,-0.1487,-0.0448,-0.1088,39.14
1788953736632,199.9862,0.0000,-0.0595,-0.0877,-0.1059,0.0133,39.14
1788953736632,199.9862,0.0000,-0.0361,0.1870,-0.1669,0.1049,39.14
1788953736734,199.9862,0.0000,-0.0053,-0.1182,-0.0754,-0.0477,39.13
1788953736734,199.9862,0.0000,-0.0212,-0.0266,-0.0143,0.0438,39.13
1788953736734,199.9862,0.0000,0.0190,-0.0266,-0.1364,0.0133,39.14
1788953736734,199.9862,0.0000,-0.0952,0.4007,-0.1364,0.4101,39.15
1788953736734,199.9862,0.0000,-0.0196,-0.0266,0.0162,0.0438,39.14
1788953736734,199.9862,0.0000,-0.0945,-0.1487,-0.1059,0.0744,39.13
1788953736734,199.9862,0.0000,-0.0200,0.0039,-0.1364,0.1049,39.13
1788953736841,199.9862,0.0000,-0.1054,-0.0877,-0.0448,-0.0477,39.14
1788953736841,199.9862,0.0000,-0.0995,0.0649,0.1383,0.0744,39.13
1788953736841,199.9862,0.0000,-0.0368,-0.1487,0.0467,-0.0783,39.13
1788953736841,199.9862,0.0000,-0.0299,0.0649,-0.1059,0.1354,39.13
1788953736841,199.9862,0.0000,-0.0094,-0.0266,-0.0754,0.1354,39.14
1788953736841,199.9862,0.0000,-0.0319,-0.0877,-0.0448,-0.1088,39.14
1788953736841,199.9862,0.0000,-0.2098,-0.1487,0.4130,-0.0172,39.14
1788953736940,199.9862,0.0000,-0.0969,0.0955,-0.1059,0.1354,39.13
1788953736940,199.9862,0.0000,0.0175,-0.1487,-0.1059,-0.0783,39.13
1788953736940,199.9862,0.0000,-0.0166,0.0039,-0.1364,0.0133,39.13
1788953736940,199.9862,0.0000,-0.0993,0.0649,-0.1059,0.0438,39.13
1788953736940,199.9862,0.0000,-0.0160,-0.1182,-0.1669,0.0744,39.14
1788953736940,199.9862,0.0000,-0.1511,0.2176,0.3520,0.2880,39.14
1788953736940,199.9862,0.0000,-0.1234,-0.0877,-0.0448,-0.0172,39.14
1788953737037,199.9862,0.0000,-0.0675,0.3702,0.3520,0.5017,39.14
1788953737037,199.9862,0.0000,-0.0812,-0.0572,0.1078,0.0438,39.13
1788953737037,199.9862,0.0000,-0.1077,0.0955,0.3520,0.1659,39.14
1788953737037,199.9862,0.0000,-0.0218,0.0955,0.0773,0.0133,39.14
1788953737037,199.9862,0.0000,-0.0444,-0.1182,-0.0448,-0.0172,39.13
1788953737037,199.9862,0.0000,-0.0467,0.0039,-0.0448,0.0133,39.13
1788953737037,199.9862,0.0000,-0.0708,0.3397,0.1383,0.3491,39.14
1788953737133,199.9862,0.0000,-0.0592,0.0344,-0.0448,0.0438,39.14
1788953737133,199.9862,0.0000,-0.1340,0.3397,0.3825,0.2880,39.14
1788953737133,199.9862,0.0000,-0.1475,0.0039,0.1994,0.0744,39.14
1788953737133,199.9862,0.0000,-0.0035,0.1260,-0.0754,0.2270,39.13
1788953737133,199.9862,0.0000,-0.0657,0.0039,-0.0448,0.0133,39.13
1788953737133,199.9862,0.0000,-0.0489,0.3091,-0.1364,0.2880,39.13
1788953737229,199.9862,0.0000,0.0384,0.1870,-0.0448,0.1965,39.13
1788953737229,199.9862,0.0000,0.0136,0.0344,-0.1364,0.1965,39.14
1788953737229,199.9862,0.0000,-0.1244,-0.1487,0.0467,0.0133,39.14
1788953737229,199.9862,0.0000,-0.1076,-0.1182,-0.1669,0.0438,39.13
1788953737229,199.9862,0.0000,-0.0246,-0.1487,-0.0754,-0.0783,39.13
1788953737229,199.9862,0.0000,-0.1109,-0.0266,0.1994,0.0438,39.14
1788953737229,199.9862,0.0000,-0.0541,0.1260,-0.0754,0.2270,39.14
1788953737231,199.9862,0.0000,-0.1573,0.1260,0.1688,0.1965,39.13
1788953737231,199.9862,0.0000,-0.0856,-0.0266,-0.0448,-0.0172,39.13
1788953737231,199.9862,0.0000,-0.0544,0.2786,0.3215,0.4407,39.14
1788953737231,199.9862,0.0000,-0.0607,-0.1793,0.3825,0.0438,39.14
1788953737231,199.9862,0.0000,-0.0578,0.1565,0.0467,0.1659,39.14
1788953737231,199.9862,0.0000,-0.0818,0.0649,0.1383,0.1354,39.13
1788953737231,199.9862,0.0000,0.0156,0.2176,-0.1364,0.1659,39.14
1788953737326,199.9862,0.0000,-0.0417,-0.1182,-0.1059,-0.1393,39.13
1788953737326,199.9862,0.0000,0.0247,0.0344,-0.1059,0.1049,39.13
1788953737326,199.9862,0.0000,-0.0819,-0.0572,0.4436,-0.0172,39.13
1788953737326,199.9862,0.0000,-0.0905,-0.0877,0.0467,-0.0783,39.14
1788953737326,199.9862,0.0000,-0.0754,0.1565,0.2604,0.1659,39.14
1788953737326,199.9862,0.0000,-0.1710,-0.0877,0.1383,-0.0477,39.13
1788953737326,199.9862,0.0000,0.0015,-0.0877,-0.1669,-0.1393,39.13
1788953737423,199.9862,0.0000,-0.0798,-0.1793,-0.0143,0.0438,39.14
1788953737423,199.9862,0.0000,-0.0415,0.1870,0.2604,0.2575,39.14
1788953737423,199.9862,0.0000,-0.0239,0.0955,0.2299,0.1354,39.13
1788953737423,199.9862,0.0000,-0.0198,-0.0572,0.0467,0.0133,39.13
1788953737423,199.9862,0.0000,-0.0214,0.3091,0.1078,0.3186,39.14
1788953737423,199.9862,0.0000,-0.0131,0.1260,-0.0754,0.0744,39.14
1788953737423,199.9862,0.0000,-0.1268,0.2481,0.2604,0.2880,39.14
1788953737520,199.9862,0.0000,-0.1171,-0.0266,-0.0448,0.0438,39.13
1788953737520,199.9862,0.0000,-0.0777,0.4312,-0.0754,0.4101,39.14
1788953737520,199.9862,0.0000,-0.0471,-0.0877,0.0162,-0.0172,39.14
1788953737520,199.9862,0.0000,-0.0652,-0.0572,-0.0143,-0.1393,39.14
1788953737520,199.9862,0.0000,0.0193,0.0344,0.1383,0.0133,39.14
1788953737520,199.9862,0.0000,-0.0288,0.1565,-0.1059,0.1965,39.14
1788953737520,199.9862,0.0000,-0.1025,0.0344,0.2909,0.0744,39.14
1788953737620,199.9862,0.0000,-0.0260,0.0955,0.0467,0.1049,39.13
1788953737620,199.9862,0.0000,-0.0308,-0.0572,-0.1975,0.0438,39.13
1788953737620,199.9862,0.0000,-0.1770,0.3702,-0.0143,0.3796,39.14
1788953737620,199.9862,0.0000,-0.1120,0.0344,0.1383,0.1049,39.14
1788953737620,199.9862,0.0000,-0.1084,0.0344,0.1078,0.1659,39.13
1788953737620,199.9862,0.0000,-0.1587,0.3397,0.3825,0.3491,39.12
1788953737620,199.9862,0.0000,-0.2214,-0.1182,0.2909,-0.1088,39.14
1788953737714,199.9862,0.0000,-0.1497,0.0344,0.3825,0.0438,39.13
1788953737714,199.9862,0.0000,-0.0605,-0.0266,0.3520,0.0744,39.13
1788953737714,199.9862,0.0000,-0.0008,-0.1182,-0.1669,-0.0783,39.14
1788953737714,199.9862,0.0000,0.0167,0.0955,0.0162,0.1049,39.14
1788953737714,199.9862,0.0000,-0.0415,-0.1793,-0.0448,-0.1393,39.13
1788953737714,199.9862,0.0000,-0.1304,0.0955,-0.0143,0.1965,39.13
1788953737714,199.9862,0.0000,-0.0965,-0.0266,-0.0143,-0.0172,39.14
1788953737813,199.9862,0.0000,-0.0957,0.0039,0.1078,-0.0172,39.14
1788953737813,199.9862,0.0000,-0.0637,0.0649,0.3825,0.1659,39.14
1788953737813,199.9862,0.0000,0.0040,0.0955,-0.0448,0.1049,39.13
1788953737813,199.9862,0.0000,-0.1009,0.0955,0.1078,0.1049,39.13
1788953737813,199.9862,0.0000,-0.0843,0.1260,-0.1059,0.1965,39.14
1788953737813,199.9862,0.0000,-0.0480,0.1565,0.1383,0.2575,39.13
1788953737813,199.9862,0.0000,-0.1610,-0.0877,-0.0143,0.0133,39.13
1788953737813,199.9862,0.0000,-0.0202,-0.1182,-0.0448,-0.1698,39.13
1788953737813,199.9862,0.0000,-0.1004,-0.0877,0.0162,-0.0477,39.14
1788953737813,199.9862,0.0000,-0.0804,0.3397,0.3215,0.2575,39.14
1788953737813,199.9862,0.0000,-0.0484,0.4007,0.3520,0.3796,39.13
1788953737813,199.9862,0.0000,-0.0600,0.0039,-0.1364,0.1659,39.14
1788953737813,199.9862,0.0000,-0.0579,-0.0572,-0.0448,-0.0477,39.13
1788953737813,199.9862,0.0000,-0.0251,0.0344,0.0162,0.1049,39.13
1788953737814,199.9862,0.0000,-0.1103,0.4923,0.3520,0.5017,39.14
1788953737814,199.9862,0.0000,-0.0810,0.0039,-0.0754,0.0438,39.14
1788953737814,199.9862,0.0000,-0.1030,0.1260,0.1078,0.1659,39.14
1788953737814,199.9862,0.0000,-0.0906,-0.0572,0.1078,-0.1088,39.14
1788953737814,199.9862,0.0000,-0.0030,-0.2098,-0.1059,-0.1698,39.13
1788953737814,199.9862,0.0000,-0.1247,-0.1487,0.0467,-0.1393,39.13
1788953737903,199.9862,0.0000,-0.2029,-0.0877,0.5046,0.0438,39.14
1788953737903,199.9862,0.0000,-0.1050,-0.0877,0.1994,-0.2004,39.14
1788953737903,199.9862,0.0000,-0.1281,0.4618,0.4741,0.4407,39.13
1788953737903,199.9862,0.0000,-0.1267,-0.0266,0.0162,-0.0172,39.14
1788953737903,199.9862,0.0000,-0.0775,0.3091,-0.1364,0.2270,39.14
1788953737903,199.9862,0.0000,-0.0304,0.1260,-0.1669,0.3491,39.14
1788953737903,199.9862,0.0000,-0.0411,0.3702,0.1383,0.4407,39.14
1788953737905,199.9862,0.0000,-0.0962,0.1870,-0.0754,0.1659,39.14
1788953737905,199.9862,0.0000,-0.1546,0.4007,0.3520,0.4407,39.13
1788953737905,199.9862,0.0000,-0.0741,0.0649,0.2604,0.1965,39.13
1788953737905,199.9862,0.0000,-0.0151,-0.1793,-0.2280,-0.0477,39.13
1788953737905,199.9862,0.0000,-0.0565,0.1565,0.3215,0.1354,39.14
1788953737905,199.9862,0.0000,-0.1497,0.4007,-0.1364,0.4712,39.14
1788953737905,199.9862,0.0000,-0.0667,-0.0572,-0.0143,-0.0172,39.13
1788953737905,199.9862,0.0000,-0.0681,0.2786,0.0162,0.3796,39.13
1788953737905,199.9862,0.0000,-0.0710,0.3091,0.1078,0.3186,39.13
1788953737905,199.9862,0.0000,0.0057,0.0649,0.1078,0.2270,39.14
1788953737905,199.9862,0.0000,-0.1013,0.0955,0.3215,0.1659,39.14
1788953737905,199.9862,0.0000,-0.0627,0.0649,0.0162,0.0438,39.13
1788953737905,199.9862,0.0000,0.0008,-0.1487,-0.1364,-0.0783,39.13
1788953737905,199.9862,0.0000,-0.2024,0.0955,0.0467,0.2270,39.14
1788953737905,199.9862,0.0000,-0.0507,-0.1182,-0.0448,-0.0172,39.13
1788953737905,199.9862,0.0000,-0.1344,0.0039,-0.0143,0.0438,39.14
1788953737905,199.9862,0.0000,-0.0119,-0.1487,-0.0448,-0.1088,39.13
1788953737905,199.9862,0.0000,-0.0356,-0.0572,0.0162,0.0438,39.13
1788953737905,199.9862,0.0000,-0.0558,-0.1182,0.0467,0.0133,39.13
1788953737905,199.9862,0.0000,-0.1157,0.0039,0.0162,0.2575,39.13
1788953737905,199.9862,0.0000,-0.0542,0.4312,0.2299,0.4407,39.13
1788953737905,199.9862,0.0000,-0.1268,0.1870,-0.1059,0.2270,39.14
1788953737905,199.9862,0.0000,-0.1151,-0.1182,0.2909,-0.0783,39.13
1788953737905,199.9862,0.0000,-0.0994,0.0649,0.0467,0.0438,39.13
1788953737905,199.9862,0.0000,-0.0443,-0.1487,-0.0448,0.0133,39.13
1788953737905,199.9862,0.0000,-0.0500,-0.1182,-0.1059,0.0133,39.14
1788953737905,199.9862,0.0000,-0.0743,0.2786,0.3520,0.3491,39.14
1788953737905,199.9862,0.0000,0.0288,-0.0266,-0.0143,-0.1088,39.13
1788953737905,199.9862,0.0000,-0.1144,0.1870,-0.0754,0.2575,39.14
1788953737905,199.9862,0.0000,-0.0825,-0.1182,-0.1059,0.0133,39.14
1788953737905,199.9862,0.0000,-0.0681,0.0344,0.1994,-0.0477,39.13
1788953737905,199.9862,0.0000,-0.0767,-0.1793,-0.0448,0.0133,39.14
1788953737905,199.9862,0.0000,-0.0300,-0.0877,-0.1059,0.0133,39.14
1788953737905,199.9862,0.0000,-0.0088,-0.1182,-0.0754,-0.1393,39.13
1788953737905,199.9862,0.0000,0.0076,-0.1487,-0.1059,-0.0783,39.13
1788953737909,199.9862,0.0000,-0.0012,-0.1487,-0.1975,-0.0783,39.14
1788953737909,199.9862,0.0000,-0.1494,0.0955,-0.0754,0.0744,39.14
1788953737909,199.9862,0.0000,0.0255,-0.0572,-0.0143,-0.0172,39.14
1788953737909,199.9862,0.0000,-0.1026,0.1260,0.1994,0.1659,39.13
1788953737909,199.9862,0.0000,-0.1006,0.0344,0.0467,0.1659,39.13
1788953737909,199.9862,0.0000,-0.0130,0.4618,0.0773,0.4407,39.13
1788953737909,199.9862,0.0000,-0.0466,0.0649,0.1383,-0.0172,39.14
1788953737909,199.9862,0.0000,-0.1174,0.4312,0.3825,0.4712,39.14
1788953737909,199.9862,0.0000,-0.1256,0.1260,0.0773,0.1965,39.13
1788953737909,199.9862,0.0000,-0.1333,0.3091,0.3215,0.5017,39.15
1788953737909,199.9862,0.0000,-0.0421,0.2481,0.0773,0.1659,39.14
1788953737909,199.9862,0.0000,-0.0337,-0.1182,-0.0143,-0.1393,39.14
1788953737909,199.9862,0.0000,-0.0920,-0.0877,-0.0754,-0.0783,39.13
1788953737909,199.9862,0.0000,-0.0654,-0.0877,-0.0448,0.0133,39.14
1788953737909,199.9862,0.0000,-0.1136,0.1870,0.3825,0.2575,39.14
1788953737909,199.9862,0.0000,-0.0347,-0.1182,0.0467,-0.0783,39.13
1788953737909,199.9862,0.0000,-0.1127,0.0649,0.1383,0.0438,39.13
1788953737909,199.9862,0.0000,-0.0298,0.1260,0.1078,0.2270,39.14
1788953737909,199.9862,0.0000,0.0159,0.1565,-0.0143,0.2575,39.14
1788953737909,199.9862,0.0000,-0.1480,0.4312,0.1078,0.4712,39.13
1788953737910,199.9862,0.0000,-0.0479,-0.0266,-0.0143,0.0744,39.12
1788953737910,199.9862,0.0000,-0.0958,-0.1487,0.4436,0.0438,39.13
1788953737910,199.9862,0.0000,-0.0929,-0.1182,0.0773,-0.0783,39.14
1788953737910,199.9862,0.0000,-0.1048,0.1870,-0.0754,0.2270,39.14
1788953737910,199.9862,0.0000,-0.0458,0.0649,-0.1364,0.1354,39.13
1788953737910,199.9862,0.0000,-0.0352,-0.0266,-0.0448,0.0133,39.13
1788953737920,199.9862,0.0000,-0.1182,0.3702,0.0467,0.4407,39.14
1788953738013,199.9862,0.0000,-0.1246,0.3397,0.2604,0.2270,39.13
1788953738013,199.9862,0.0000,-0.0397,0.3091,0.0162,0.2880,39.13
1788953738013,199.9862,0.0000,-0.0850,0.0344,-0.0754,0.0438,39.13
1788953738013,199.9862,0.0000,-0.1418,0.2176,0.3520,0.2575,39.13
1788953738013,199.9862,0.0000,-0.1049,0.1565,0.3520,0.1659,39.13
1788953738013,199.9862,0.0000,-0.0674,-0.0572,-0.0448,-0.0172,39.13
1788953738013,199.9862,0.0000,-0.0667,0.0039,0.2604,0.0438,39.13
1788953738013,199.9862,0.0000,-0.1175,-0.1182,-0.1059,-0.0477,39.14
1788953738013,199.9862,0.0000,-0.1521,0.0649,0.1078,0.0133,39.13
1788953738108,199.9862,0.0000,0.0230,0.2481,0.2909,0.3491,39.12
1788953738108,199.9862,0.0000,-0.0192,-0.0877,-0.1059,-0.0477,39.13
1788953738108,199.9862,0.0000,-0.0928,0.0955,0.1383,0.1354,39.14
1788953738108,199.9862,0.0000,-0.1718,0.1870,0.1688,0.0744,39.14
1788953738108,199.9862,0.0000,-0.0621,0.2786,0.3215,0.2880,39.13
1788953738108,199.9862,0.0000,-0.0822,-0.0266,0.1383,0.1354,39.13
1788953738110,199.9862,0.0000,-0.0812,-0.1487,-0.0754,-0.1698,39.14
1788953738110,199.9862,0.0000,-0.0747,0.0039,-0.2280,-0.0172,39.14
1788953738110,199.9862,0.0000,-0.0511,0.3091,0.1078,0.3796,39.14
1788953738110,199.9862,0.0000,-0.0507,0.2786,0.3215,0.1659,39.13
1788953738206,199.9862,0.0000,-0.1179,0.0955,0.3825,0.1659,39.13
1788953738206,199.9862,0.0000,-0.0778,-0.0877,-0.0448,0.0133,39.13
1788953738206,199.9862,0.0000,-0.0288,-0.0877,-0.0754,-0.0477,39.13
1788953738206,199.9862,0.0000,-0.0365,-0.2403,-0.1059,-0.1698,39.13
1788953738206,199.9862,0.0000,-0.0878,-0.0572,0.0467,0.0438,39.14
1788953738206,199.9862,0.0000,-0.1254,0.0039,0.2604,0.1659,39.13
1788953738207,199.9862,0.0000,-0.0828,0.1565,-0.0448,0.1354,39.13
1788953738207,199.9862,0.0000,-0.0675,0.0955,0.2909,0.1049,39.13
1788953738207,199.9862,0.0000,-0.0176,0.0955,0.1383,-0.0172,39.14
1788953738210,199.9862,0.0000,-0.0162,0.0649,-0.2280,0.0438,39.14
1788953738220,199.9862,0.0000,-0.0444,-0.0266,-0.1364,0.0438,39.13
1788953738316,199.9862,0.0000,0.0011,-0.0572,-0.1059,-0.1088,39.13
1788953738316,199.9862,0.0000,-0.0239,0.1565,-0.0143,0.0133,39.14
1788953738316,199.9862,0.0000,-0.0085,0.0039,-0.0448,0.0438,39.13
1788953738316,199.9862,0.0000,-0.0208,-0.0572,0.0467,0.0133,39.13
1788953738316,199.9862,0.0000,-0.1180,0.3091,0.1994,0.4101,39.13
1788953738316,199.9862,0.0000,0.0193,0.0344,-0.0448,0.0744,39.13
1788953738316,199.9862,0.0000,-0.0948,-0.0572,-0.0754,-0.1393,39.13
1788953738316,199.9862,0.0000,-0.1220,-0.0572,0.0773,0.1049,39.13
1788953738316,199.9862,0.0000,-0.1101,0.2176,-0.0448,0.1354,39.14
1788953738418,199.9862,0.0000,-0.1243,0.2176,0.2909,0.1659,39.13
1788953738418,199.9862,0.0000,-0.0716,0.3091,0.0467,0.3491,39.13
1788953738418,199.9862,0.0000,0.0061,0.3091,0.1994,0.2575,39.13
1788953738418,199.9862,0.0000,-0.0967,-0.1182,0.1383,0.0133,39.14
1788953738418,199.9862,0.0000,-0.0235,0.0039,-0.1364,0.0438,39.14
1788953738418,199.9862,0.0000,-0.1922,0.0649,0.1383,0.1965,39.14
1788953738418,199.9862,0.0000,-0.0789,0.3091,0.4130,0.3491,39.13
1788953738418,199.9862,0.0000,-0.1358,-0.0877,0.3215,-0.0172,39.14
1788953738418,199.9862,0.0000,-0.1526,-0.0877,-0.0143,-0.1088,39.14
1788953738418,199.9862,0.0000,-0.1256,0.1870,0.0773,0.3186,39.14
1788953738505,199.9862,0.0000,-0.0011,-0.2098,-0.0448,-0.0172,39.14
1788953738505,199.9862,0.0000,-0.1462,0.3091,0.3215,0.2880,39.13
1788953738505,199.9862,0.0000,-0.0648,0.0955,0.1078,0.1659,39.14
1788953738505,199.9862,0.0000,-0.0671,-0.1487,-0.1364,0.0744,39.13
1788953738505,199.9862,0.0000,-0.1220,0.1260,0.1688,0.1354,39.13
1788953738505,199.9862,0.0000,-0.1295,0.2176,0.1688,0.2880,39.13
1788953738507,199.9862,0.0000,-0.1057,0.4312,0.3215,0.4101,39.14
1788953738507,199.9862,0.0000,-0.0708,0.0344,0.2299,0.0133,39.13
1788953738507,199.9862,0.0000,-0.0483,-0.1487,0.2909,-0.1088,39.13
1788953738511,199.9862,0.0000,-0.0904,-0.1182,0.2299,-0.0477,39.13
1788953738617,199.9862,0.0000,-0.1872,0.2481,0.3520,0.1659,39.14
1788953738617,199.9862,0.0000,-0.1056,0.0344,0.1383,0.0744,39.13
1788953738617,199.9862,0.0000,-0.1068,0.2481,0.3825,0.3796,39.13
1788953738617,199.9862,0.0000,-0.0200,-0.0877,-0.0448,0.0438,39.13
1788953738617,199.9862,0.0000,-0.0693,0.4007,0.0162,0.4101,39.14
1788953738617,199.9862,0.0000,-0.0185,0.0344,0.0773,0.0133,39.13
1788953738617,199.9862,0.0000,-0.0558,0.4312,0.4130,0.4101,39.14
1788953738617,199.9862,0.0000,-0.1215,-0.0266,0.0467,0.0438,39.14
1788953738617,199.9862,0.0000,-0.0165,0.4618,-0.0448,0.5017,39.13
1788953738617,199.9862,0.0000,-0.1039,0.0955,0.0773,0.0438,39.13
1788953738712,199.9862,0.0000,-0.0484,0.3091,-0.1669,0.4407,39.13
1788953738712,199.9862,0.0000,-0.0608,0.2786,-0.0143,0.2880,39.14
1788953738712,199.9862,0.0000,-0.0380,-0.1793,-0.1364,-0.0477,39.14
1788953738712,199.9862,0.0000,-0.0248,-0.0877,-0.0754,-0.1088,39.13
1788953738712,199.9862,0.0000,-0.0522,0.2176,0.0162,0.3186,39.13
1788953738712,199.9862,0.0000,-0.1390,0.0344,0.1078,0.1354,39.13
1788953738817,199.9862,0.0000,-0.0904,0.2786,0.3825,0.5017,39.13
1788953738817,199.9862,0.0000,-0.0663,-0.1182,0.0162,-0.0477,39.14
1788953738817,199.9862,0.0000,-0.0441,-0.0572,-0.1975,-0.0477,39.13
1788953738817,199.9862,0.0000,-0.0695,0.1870,-0.0754,0.1354,39.13
1788953738818,199.9862,0.0000,-0.1147,-0.0266,0.3215,0.0744,39.13
1788953738818,199.9862,0.0000,-0.1062,0.3091,0.2604,0.3491,39.13
1788953738818,199.9862,0.0000,0.0028,0.0649,-0.0448,0.0438,39.13
1788953738818,199.9862,0.0000,-0.0892,0.3397,-0.0448,0.2880,39.13
1788953738818,199.9862,0.0000,-0.1459,0.0039,0.1383,0.0133,39.14
1788953738818,199.9862,0.0000,-0.0604,-0.0572,0.1383,0.0133,39.13
1788953738818,199.9862,0.0000,0.0115,-0.0572,-0.0143,-0.0172,39.13
1788953738818,199.9862,0.0000,-0.0658,0.3091,0.5046,0.3186,39.14
1788953738818,199.9862,0.0000,-0.1024,-0.1182,-0.0143,0.1659,39.14
1788953738818,199.9862,0.0000,-0.0664,0.1870,0.3825,0.1965,39.14
1788953738918,199.9862,0.0000,-0.0612,-0.1793,0.1383,-0.1088,39.13
1788953738918,199.9862,0.0000,-0.0666,-0.0266,-0.1059,0.1049,39.13
1788953738918,199.9862,0.0000,-0.0524,0.3091,0.1383,0.3796,39.14
1788953738918,199.9862,0.0000,0.0044,0.0649,-0.0448,0.1049,39.14
1788953738918,199.9862,0.0000,-0.0832,0.0955,0.1994,0.1659,39.13
1788953738918,199.9862,0.0000,-0.1352,-0.0572,0.1994,-0.0477,39.13
1788953739024,199.9862,0.0000,-0.1844,-0.0877,0.4741,0.0133,39.14
1788953739024,199.9862,0.0000,-0.0499,0.0344,0.1383,0.1965,39.13
1788953739024,199.9862,0.0000,-0.1083,0.3091,0.3520,0.3796,39.13
1788953739024,199.9862,0.0000,0.0129,0.1870,0.0162,0.1659,39.13
1788953739024,199.9862,0.0000,-0.0531,0.3702,0.3520,0.3491,39.13
1788953739024,199.9862,0.0000,-0.1077,0.1565,0.0162,0.0438,39.13
1788953739024,199.9862,0.0000,-0.1000,0.4312,-0.1059,0.5322,39.13
1788953739024,199.9862,0.0000,-0.0380,0.0344,-0.1059,0.0744,39.13
1788953739024,199.9862,0.0000,-0.1108,-0.1182,0.1994,-0.1393,39.13
1788953739024,199.9862,0.0000,0.0017,0.0649,0.0162,0.0438,39.13
1788953739024,199.9862,0.0000,-0.0464,-0.2708,-0.1364,-0.1088,39.13
1788953739024,199.9862,0.0000,-0.1076,0.0649,0.0467,0.0744,39.13
1788953739024,199.9862,0.0000,0.0055,0.5228,-0.0143,0.4407,39.14
1788953739024,199.9862,0.0000,-0.0892,0.0344,-0.1364,0.0133,39.13
1788953739024,199.9862,0.0000,-0.1032,0.0039,0.1383,0.0744,39.13
1788953739120,199.9862,0.0000,-0.1740,0.1870,0.2604,0.3796,39.14
1788953739120,199.9862,0.0000,-0.0692,-0.0877,0.3215,-0.0172,39.14
1788953739120,199.9862,0.0000,-0.0251,-0.1793,-0.0448,-0.1088,39.14
1788953739120,199.9862,0.0000,-0.1025,-0.0877,0.0162,0.1659,39.14
1788953739120,199.9862,0.0000,-0.0764,-0.1182,-0.0448,-0.0783,39.14
1788953739120,199.9862,0.0000,-0.0438,0.0344,-0.0448,0.1965,39.13
1788953739223,199.9862,0.0000,-0.0309,-0.0572,-0.1059,0.0133,39.13
1788953739223,199.9862,0.0000,0.0191,-0.0877,0.1688,0.0438,39.13
1788953739223,199.9862,0.0000,-0.0560,0.4312,-0.1059,0.4712,39.13
1788953739223,199.9862,0.0000,-0.0111,0.0039,-0.1059,0.0438,39.14
1788953739223,199.9862,0.0000,-0.0928,0.3397,0.1688,0.4407,39.13
1788953739223,199.9862,0.0000,-0.0395,0.1565,-0.2280,0.1965,39.13
1788953739223,199.9862,0.0000,-0.0958,0.2176,0.2604,0.2575,39.13
1788953739223,199.9862,0.0000,-0.0769,0.0039,-0.0143,0.0744,39.14
1788953739223,199.9862,0.0000,-0.0589,-0.0572,0.0467,-0.0783,39.13
1788953739223,199.9862,0.0000,-0.0573,0.0039,-0.1059,0.0438,39.13
1788953739223,199.9862,0.0000,-0.0295,0.0344,0.0162,0.0438,39.13
1788953739223,199.9862,0.0000,-0.0518,0.0955,0.0467,0.1049,39.14
1788953739223,199.9862,0.0000,-0.0960,0.4007,0.1688,0.3796,39.14
1788953739223,199.9862,0.0000,-0.0312,0.4618,0.3825,0.3796,39.14
1788953739316,199.9862,0.0000,-0.1147,-0.0572,0.1078,-0.0783,39.13
1788953739316,199.9862,0.0000,-0.0291,0.2786,-0.0448,0.2575,39.14
1788953739316,199.9862,0.0000,-0.0836,-0.0877,0.0773,-0.1393,39.14
1788953739316,199.9862,0.0000,-0.0299,0.2481,0.3825,0.3796,39.13
1788953739316,199.9862,0.0000,-0.0939,-0.1182,-0.0143,-0.0783,39.14
1788953739316,199.9862,0.0000,-0.1104,0.4618,-0.0143,0.4712,39.14
1788953739415,199.9862,0.0000,-0.1365,-0.0266,0.0773,-0.0477,39.14
1788953739415,199.9862,0.0000,-0.1074,0.0649,0.1994,0.1049,39.13
1788953739415,199.9862,0.0000,0.0206,0.1565,0.0467,0.1659,39.14
1788953739415,199.9862,0.0000,-0.1931,0.1870,0.3520,0.3186,39.14
1788953739415,199.9862,0.0000,-0.0990,0.3397,-0.0448,0.2575,39.14
1788953739415,199.9862,0.0000,-0.0732,0.1870,0.2604,0.1965,39.13
1788953739415,199.9862,0.0000,-0.0230,0.0344,-0.1364,-0.0172,39.13
1788953739504,199.9862,0.0000,-0.0777,0.0039,0.1078,0.0438,39.14
1788953739505,199.9862,0.0000,-0.0652,0.3397,0.1078,0.4101,39.13
1788953739505,199.9862,0.0000,-0.0729,-0.0266,0.0162,0.0744,39.13
1788953739505,199.9862,0.0000,-0.0622,-0.2098,0.3825,0.0438,39.14
1788953739505,199.9862,0.0000,-0.1158,-0.1793,0.0467,-0.1393,39.14
1788953739505,199.9862,0.0000,-0.0421,0.2786,-0.1364,0.3796,39.13
1788953739505,199.9862,0.0000,0.0185,0.2481,-0.1669,0.1659,39.13
1788953739506,199.9862,0.0000,-0.0189,-0.0266,-0.0143,0.0438,39.14
1788953739506,199.9862,0.0000,-0.0861,-0.0266,-0.0754,0.0438,39.14
1788953739506,199.9862,0.0000,-0.0768,-0.1182,-0.0448,-0.1393,39.15
1788953739506,199.9862,0.0000,-0.0489,0.2176,-0.0754,0.2575,39.13
1788953739506,199.9862,0.0000,-0.0476,0.1870,0.0467,0.2880,39.13
1788953739506,199.9862,0.0000,-0.0753,0.0344,0.1994,0.1354,39.14
1788953739506,199.9862,0.0000,-0.0330,0.0344,-0.0754,0.0438,39.13
1788953739506,199.9862,0.0000,-0.0665,0.2786,-0.0143,0.3186,39.13
1788953739510,199.9862,0.0000,-0.1285,-0.0572,-0.1669,-0.0477,39.14
1788953739601,199.9862,0.0000,-0.0639,0.4312,-0.0143,0.4101,39.14
1788953739601,199.9862,0.0000,-0.0624,0.0344,0.3825,0.1049,39.14
1788953739601,199.9862,0.0000,0.0297,0.3702,-0.1059,0.3796,39.14
1788953739601,199.9862,0.0000,-0.0930,0.0955,-0.0143,0.1659,39.13
1788953739601,199.9862,0.0000,-0.0464,0.0955,0.0162,0.1354,39.14
1788953739601,199.9862,0.0000,-0.0367,0.0039,0.2299,0.1354,39.15
1788953739602,199.9862,0.0000,-0.0301,-0.0572,-0.0143,0.0133,39.13
1788953739602,199.9862,0.0000,-0.0350,0.0344,0.1994,-0.0172,39.13
1788953739602,199.9862,0.0000,-0.0730,-0.0266,0.5046,0.0438,39.14
1788953739610,199.9862,0.0000,-0.0305,0.0344,-0.1669,0.0438,39.13
1788953739707,199.9862,0.0000,-0.0025,-0.1793,-0.1364,0.0133,39.13
1788953739707,199.9862,0.0000,-0.0054,0.2786,-0.1059,0.2575,39.13
1788953739707,199.9862,0.0000,-0.0488,0.2786,0.1383,0.2880,39.14
1788953739707,199.9862,0.0000,0.0085,0.0955,-0.0448,0.1659,39.14
1788953739707,199.9862,0.0000,-0.0996,0.2176,0.0467,0.2270,39.12
1788953739707,199.9862,0.0000,-0.0755,-0.0572,0.1383,0.0744,39.13
1788953739707,199.9862,0.0000,-0.0743,-0.1182,-0.0143,-0.1088,39.14
1788953739707,199.9862,0.0000,-0.0407,0.0344,0.3215,0.0438,39.14
1788953739707,199.9862,0.0000,-0.0685,0.2481,0.0467,0.3796,39.13
1788953739710,199.9862,0.0000,-0.0314,0.1565,0.0162,0.3186,39.13
1788953739720,199.9862,0.0000,0.0174,-0.1487,-0.1669,-0.1698,39.13
1788953739813,199.9862,0.0000,-0.0738,0.2176,0.4436,0.3186,39.13
1788953739813,199.9862,0.0000,-0.0081,-0.1182,0.1383,0.0133,39.13
1788953739813,199.9862,0.0000,-0.0512,-0.0572,0.2909,0.0438,39.13
1788953739813,199.9862,0.0000,-0.0660,0.0039,-0.1364,-0.0783,39.14
1788953739813,199.9862,0.0000,-0.0268,-0.0572,-0.0143,-0.0783,39.13
1788953739813,199.9862,0.0000,-0.0166,-0.1182,0.1383,-0.1393,39.13
1788953739813,199.9862,0.0000,-0.0604,0.4923,0.1078,0.4101,39.13
1788953739813,199.9862,0.0000,-0.0009,0.0039,-0.1364,-0.0783,39.14
1788953739813,199.9862,0.0000,-0.1112,0.3397,0.3215,0.4407,39.14
1788953739922,199.9862,0.0000,-0.1020,-0.1182,-0.1059,0.0133,39.14
1788953739922,199.9862,0.0000,-0.0595,-0.0877,0.1994,-0.0477,39.14
1788953739922,199.9862,0.0000,-0.0668,-0.1793,0.1383,-0.1698,39.14
1788953739922,199.9862,0.0000,0.0086,-0.1487,0.3520,0.0133,39.13
1788953739922,199.9862,0.0000,-0.0511,-0.0266,-0.1364,-0.0477,39.13
1788953739922,199.9862,0.0000,-0.0476,-0.1487,-0.1059,-0.2004,39.13
1788953739922,199.9862,0.0000,-0.0091,-0.1182,0.2299,0.0438,39.14
1788953739922,199.9862,0.0000,-0.0727,0.3091,0.0162,0.3491,39.14
1788953739922,199.9862,0.0000,0.0085,-0.1182,-0.0754,-0.0172,39.13
1788953739922,199.9862,0.0000,-0.0895,0.2786,-0.0754,0.4101,39.14
1788953739922,199.9862,0.0000,-0.0343,0.0039,0.0162,0.0438,39.14
1788953740012,199.9862,0.0000,-0.0446,-0.0877,-0.1059,-0.0172,39.13
1788953740012,199.9862,0.0000,-0.0963,0.0649,0.0162,0.1049,39.13
1788953740012,199.9862,0.0000,-0.0626,0.2786,-0.1059,0.2880,39.13
1788953740012,199.9862,0.0000,-0.0394,-0.0266,0.0773,0.0744,39.14
1788953740012,199.9862,0.0000,0.0176,0.0649,0.0773,0.2880,39.14
1788953740012,199.9862,0.0000,-0.0706,0.0344,-0.0143,0.1965,39.13
1788953740121,199.9862,0.0000,-0.0767,-0.0877,-0.0448,-0.0783,39.14
1788953740121,199.9862,0.0000,-0.0787,0.0344,-0.0754,0.1049,39.14
1788953740121,199.9862,0.0000,-0.0104,-0.0572,0.0467,-0.0172,39.14
1788953740121,199.9862,0.0000,-0.0451,0.0039,0.0773,0.0438,39.14
1788953740121,199.9862,0.0000,0.0238,-0.1793,-0.1059,-0.1393,39.14
1788953740121,199.9862,0.0000,-0.0331,-0.0877,-0.1364,-0.0172,39.14
1788953740121,199.9862,0.0000,-0.0054,-0.1793,-0.1059,-0.1088,39.13
1788953740121,199.9862,0.0000,-0.0399,-0.0877,0.1078,-0.1088,39.13
1788953740223,199.9862,0.0000,-0.0316,0.2176,0.1383,0.2575,39.14
1788953740223,199.9862,0.0000,-0.0177,-0.0266,-0.1669,-0.1393,39.14
1788953740223,199.9862,0.0000,-0.0399,-0.0572,0.1383,-0.1088,39.13
1788953740223,199.9862,0.0000,-0.0483,0.0955,-0.0754,0.1659,39.13
1788953740223,199.9862,0.0000,-0.1275,-0.1182,0.4436,-0.0783,39.13
1788953740223,199.9862,0.0000,-0.1066,0.0039,0.1078,0.1049,39.14
1788953740223,199.9862,0.0000,-0.1138,0.2176,0.2909,0.2880,39.13
1788953740320,199.9862,0.0000,0.0078,0.0039,-0.0754,0.0133,39.13
1788953740320,199.9862,0.0000,-0.0595,0.2481,0.3215,0.3796,39.13
1788953740320,199.9862,0.0000,-0.0212,-0.0266,0.1078,0.1049,39.14
1788953740320,199.9862,0.0000,-0.0741,0.4312,0.0773,0.5017,39.14
1788953740320,199.9862,0.0000,-0.1001,0.1565,0.0162,0.2270,39.14
1788953740320,199.9862,0.0000,-0.0630,0.2786,0.3825,0.3186,39.13
1788953740320,199.9862,0.0000,-0.0390,0.0649,-0.0754,0.0744,39.14
1788953740427,199.9862,0.0000,-0.0765,-0.0266,0.0162,0.0744,39.13
1788953740427,199.9862,0.0000,-0.0805,-0.1182,0.3825,-0.0172,39.13
1788953740427,199.9862,0.0000,-0.0570,-0.0572,-0.0754,-0.0477,39.14
1788953740427,199.9862,0.0000,-0.0680,0.1870,-0.0754,0.1965,39.14
1788953740427,199.9862,0.0000,-0.0230,0.0649,0.1383,-0.0172,39.13
1788953740427,199.9862,0.0000,-0.0564,0.3091,0.3520,0.4712,39.13
1788953740427,199.9862,0.0000,-0.1253,0.0344,0.0467,0.0133,39.13
1788953740427,199.9862,0.0000,-0.1055,-0.1487,-0.0143,0.0438,39.14
1788953740427,199.9862,0.0000,-0.0887,0.0039,0.0467,-0.0172,39.13
1788953740427,199.9862,0.0000,-0.0263,-0.1182,0.3825,-0.0783,39.12
1788953740427,199.9862,0.0000,-0.1570,-0.0877,0.1078,-0.0477,39.14
1788953740427,199.9862,0.0000,-0.1032,0.0344,0.1688,0.1354,39.15
1788953740427,199.9862,0.0000,-0.1190,0.0649,0.1383,0.0438,39.15
1788953740427,199.9862,0.0000,-0.2029,0.1870,0.4130,0.1049,39.13
1788953740522,199.9862,0.0000,-0.0816,-0.1487,0.2909,-0.1393,39.14
1788953740522,199.9862,0.0000,-0.1383,0.0955,0.0467,0.0133,39.14
1788953740522,199.9862,0.0000,-0.0550,0.0344,0.1383,0.1049,39.13
1788953740522,199.9862,0.0000,-0.0121,0.0955,0.0162,0.1965,39.13
1788953740522,199.9862,0.0000,-0.1344,0.3702,-0.1669,0.4101,39.14
1788953740522,199.9862,0.0000,-0.0544,0.0344,0.0467,0.0438,39.14
1788953740621,199.9862,0.0000,-0.0860,-0.1487,0.2299,-0.0477,39.13
1788953740621,199.9862,0.0000,0.0155,0.1260,0.1688,0.0744,39.13
1788953740621,0.0000,11.8484,5.4497,-8.8484,9.1432,0.2270,39.11
1788953740622,0.0000,12.0074,5.6224,-9.0621,9.0822,0.0133,39.10
1788953740622,2.0910,11.9580,5.7935,-3.8728,0.2299,3.7984,39.10
1788953740622,2.0910,12.1179,3.2203,-6.0401,0.1383,6.5762,39.12
1788953740622,2.0910,12.2781,5.5290,-9.0926,-0.0448,9.4761,39.09
1788953740622,11.6024,11.4874,6.6189,-2.8349,-3.6163,4.3173,39.24
1788953740622,11.6024,11.6445,5.5082,-0.2098,-8.3476,8.3161,38.88
1788953740622,32.6897,9.6840,2.7908,3.9721,-4.1962,-0.0477,39.11
1788953740622,47.1680,8.3795,1.6215,2.0796,-0.2280,-1.7877,39.13
1788953740718,57.8060,7.4563,1.9727,-0.0572,0.8099,-0.9330,39.15
1788953740718,57.8060,7.5935,3.2784,0.2786,4.0150,-3.8329,39.14
1788953740718,69.4772,6.5588,2.5215,-1.6139,2.7329,-1.1466,39.14
1788953740718,75.1460,6.1232,-0.0132,0.0955,-0.1364,0.0744,39.15
1788953740718,79.9445,5.7739,3.3141,-3.2623,0.0773,3.3711,39.13
1788953740718,79.9445,5.9028,1.2440,-0.5456,-1.1743,1.8448,39.15
1788953740806,78.9094,6.1359,1.7892,0.6449,-0.7774,0.0438,39.15
1788953740806,78.9094,6.2668,1.4571,1.8964,-1.8763,0.2270,39.14
1788953740806,81.2447,6.1648,0.8221,1.0417,0.2604,-0.6582,39.14
1788953740806,81.2447,6.2956,2.9958,3.6058,-1.0216,-1.7877,39.15
1788953740806,79.5609,6.5970,0.3440,0.1260,0.3520,-0.2309,39.13
1788953740806,79.5609,6.7301,4.2811,0.3091,3.9845,-3.7413,39.13
1788953740806,80.8301,6.7375,1.5340,-1.1255,1.9698,-0.8719,39.13
1788953740807,80.1813,6.9365,3.1944,-1.1561,0.1383,1.5090,39.13
1788953740807,80.1813,7.0724,2.0800,-2.5907,-0.0143,2.5469,39.13
1788953740807,82.7773,6.9485,0.7142,-0.0572,-0.6859,1.0512,39.13
1788953740807,82.7773,7.0842,4.1361,-0.2403,-3.6468,4.6226,39.13
1788953740807,82.8340,7.2150,0.8742,1.1638,-1.2658,-0.0783,39.14
1788953740812,86.1512,7.0197,1.3630,1.4386,0.2299,-0.9330,39.13
1788953740919,86.1512,7.1562,4.0272,4.1553,-0.7774,-3.1918,39.14
1788953740919,86.0878,7.2997,0.6796,-0.1182,1.0846,-0.7498,39.14
1788953740919,89.4324,7.1026,1.5840,-1.0340,1.3593,-0.0783,39.13
1788953740919,89.4324,7.2392,3.9107,-2.5602,4.3813,-0.8414,39.13
1788953740919,88.9813,7.4223,0.5539,-0.7287,0.1994,1.0206,39.13
1788953740919,92.2809,7.2303,1.2954,0.0344,-0.7774,1.2954,39.14
1788953740919,92.2809,7.3682,3.7635,-1.0645,-2.9447,4.3173,39.13
1788953740919,91.3453,7.6005,0.7303,1.1028,-1.0216,0.2270,39.13
1788953740919,95.2304,7.3511,1.1139,0.9807,-0.1669,-1.0551,39.13
1788953740919,95.2304,7.4895,4.6245,4.6437,-1.1132,-3.6497,39.14
1788953741022,93.4539,7.8071,1.2883,-0.0266,1.6646,-1.5129,39.14
1788953741022,98.0873,7.4835,1.3280,-1.2476,1.4509,0.0133,39.13
1788953741022,97.3869,7.6929,4.8609,-1.2782,0.3520,1.7838,39.13
1788953741022,97.3869,7.8331,2.0725,-2.4381,0.0773,2.7911,39.13
1788953741022,99.5704,7.7553,1.7668,-0.7287,-1.8458,2.3027,39.12
1788953741022,98.5559,7.9976,1.9087,1.3165,-1.6321,0.0133,39.14
1788953741022,98.5559,8.1397,4.4853,4.9489,-4.5015,0.2270,39.13
1788953741022,102.6037,7.8758,3.1568,3.6669,-1.2048,-2.2456,39.13
1788953741022,101.0511,8.1735,0.7848,-0.0572,0.7183,-0.8414,39.14
1788953741022,104.3755,7.9831,2.7133,-0.5456,1.6646,-1.1772,39.13
1788953741022,104.3755,8.1254,4.9897,-3.9644,5.2971,-1.4214,39.12
1788953741128,104.0641,8.2995,1.7005,-2.1329,0.0162,2.1806,39.13
1788953741129,106.3782,8.2119,1.7927,-0.7287,-1.6627,2.2722,39.13
1788953741129,105.4196,8.4512,1.3681,1.4080,-1.2964,0.0133,39.14
1788953741129,108.4809,8.2891,5.2782,4.0027,-4.4099,0.0438,39.13
1788953741129,108.4809,8.4336,4.2419,4.6742,-1.4185,-3.0697,39.14
1788953741129,107.5564,8.6710,1.3513,0.4007,1.4814,-1.1772,39.15
1788953741129,110.3482,8.5371,2.1224,-1.8276,2.0919,-0.5056,39.13
1788953741129,109.7124,8.7454,2.0050,-1.4308,-0.0143,1.3869,39.14
1788953741129,112.9580,8.5676,4.9977,-4.8191,0.0162,4.7752,39.13
1788953741129,112.9580,8.7129,4.3483,-1.3087,-3.3721,5.0499,39.12
1788953741222,111.1232,9.0431,1.5129,1.9270,-1.8763,0.1659,39.14
1788953741222,115.2723,8.7750,2.2548,2.4764,-0.5943,-2.2456,39.14
1788953741222,114.0247,9.0458,1.2801,-0.1793,1.0235,-1.2077,39.15
1788953741222,116.6944,8.9270,4.9413,0.3091,2.8245,-2.4898,39.13
1788953741222,116.6944,9.0738,5.9146,-4.7885,6.1823,-1.5129,39.13
1788953741222,116.5045,9.2415,2.9110,-3.2928,0.1688,3.9205,39.12
1788953741314,119.0731,9.1319,3.4224,-0.7592,-3.0058,4.5615,39.12
1788953741314,117.3836,9.4502,1.1477,1.6828,-1.0827,0.2880,39.14
1788953741314,121.4030,9.1970,2.3496,2.5375,-0.8080,-1.8487,39.13
1788953741314,119.6443,9.5218,2.1427,0.2786,1.3593,-1.3298,39.15
1788953741314,123.6941,9.2669,4.2721,-0.0266,2.5498,-2.5203,39.13
1788953741314,123.6941,9.4161,6.3965,-5.3685,6.7623,-1.2382,39.12
1788953741314,122.0167,9.7342,4.2046,-4.6054,-0.0754,5.3552,39.12
1788953741427,125.3261,9.5533,4.7599,-1.4308,-3.7384,5.6910,39.13
1788953741427,123.6826,9.8687,2.2261,2.5985,-2.9142,-0.2004,39.15
1788953741427,126.4391,9.7438,3.4280,3.7585,-0.9606,-2.9476,39.13
1788953741427,125.7240,9.9670,1.5223,0.0649,1.8782,-1.4824,39.15
1788953741427,128.4302,9.8485,2.7742,-1.6750,2.7940,-1.1466,39.14
1788953741427,127.3844,10.1049,1.4105,-1.0340,0.4130,1.8753,39.16
1788953741427,130.0326,9.9931,2.9094,-1.2476,-0.2585,2.7911,39.13
1788953741427,128.5292,10.2961,3.2149,1.9880,-1.9069,0.1049,39.16
1788953741533,132.5974,10.0428,4.7108,2.7817,-2.7310,-0.0783,39.13
1788953741533,132.5974,10.1956,7.2267,7.2383,-1.4490,-6.3054,39.14
1788953741533,133.5208,10.2580,6.8344,0.0649,7.0370,-7.0685,39.13
1788953741533,133.5208,10.4121,6.9079,-5.3685,7.8917,-1.6045,39.12
1788953741533,133.0060,10.6182,5.0953,-5.7348,0.1383,5.9657,39.13
1788953741533,135.5382,10.5193,6.1243,-1.7360,-5.1425,6.8509,39.12
1788953741533,134.0797,10.8209,4.5400,5.3458,-5.0815,0.2270,39.14
1788953741533,138.2963,10.5540,5.8496,6.2920,-1.6932,-4.7791,39.13
1788953741533,136.0549,10.9349,4.3179,-0.0877,4.8087,-4.9318,39.14
1788953741533,139.2809,10.7675,6.0402,-4.8191,6.5181,-1.8793,39.12
1788953741533,138.1101,11.0414,3.6364,-4.1170,-0.0754,5.0499,39.14
1788953741533,141.8756,10.8213,5.6697,-1.4003,-4.6541,6.8814,39.13
1788953741533,139.6205,11.2041,4.3046,5.0710,-4.8678,0.1659,39.13
1788953741533,142.7165,11.0508,6.3421,6.7194,-1.3269,-5.2065,39.13
1788953741533,141.5293,11.3282,5.0503,-0.0877,5.7854,-5.6949,39.14
1788953741533,144.2598,11.2128,6.9772,-5.6127,7.4033,-1.9403,39.12
1788953741533,143.6840,11.4284,5.5944,-6.4979,0.1994,6.6372,39.13
1788953741533,147.1263,11.2423,7.1918,-1.3087,-6.3940,8.1940,39.12
1788953741533,148.7128,11.2426,6.9451,5.6205,-5.5699,0.1049,39.13
1788953741533,146.5176,11.6209,8.2371,7.6657,-1.0522,-6.9464,39.12
1788953741627,149.4975,11.4829,6.8000,-0.1487,4.8087,-4.4434,39.13
1788953741627,148.4784,11.7442,3.2055,-1.8581,0.0162,1.9059,39.17
1788953741627,151.6366,13.0879,3.3794,0.6144,-4.2268,3.3100,39.13
1788953741627,161.7458,12.2342,3.0337,4.0027,-2.6089,-0.6277,39.12
1788953741627,177.1350,10.8455,1.3544,0.1260,1.6646,-1.8487,39.12
1788953741627,179.5235,10.7555,0.7516,-1.1255,0.7793,-0.1698,39.13
1788953741627,198.4979,9.0012,0.7270,-0.6066,0.6267,0.6238,39.10
1788953741627,203.8971,8.5991,0.2614,-0.1793,-0.4111,0.2880,39.13
1788953741627,209.1598,8.2091,0.0946,0.1565,0.0162,-0.1393,39.13
1788953741722,207.3164,8.5294,0.0239,0.1870,0.1994,-0.3530,39.14
1788953741722,206.4669,8.7515,0.0001,-0.0572,0.0162,0.1049,39.11
1788953741722,202.7710,9.2602,0.0214,0.2786,0.1688,0.4101,39.13
1788953741722,202.1142,9.4664,0.1264,0.0344,-0.1059,-0.0172,39.13
1788953741722,196.1355,10.2077,0.0405,-0.2403,-0.1364,0.0133,39.13
1788953741722,198.6418,10.1017,0.0806,-0.1487,-0.1059,-0.0783,39.13
1788953741826,195.8724,10.5249,0.0024,0.6754,-0.1059,0.4407,39.14
1788953741826,194.4905,10.8109,0.5270,1.0112,0.3825,-0.4140,39.18
1788953741826,196.7461,10.7346,0.4124,0.0649,0.6878,0.0744,39.14
1788953741826,197.2084,10.8373,0.3834,-0.5456,0.0467,0.6543,39.13
1788953741826,199.8405,10.7225,0.1501,0.0649,-0.1364,0.2880,39.15
1788953741826,202.2659,10.6278,0.0636,0.3702,-0.0448,0.1049,39.13
1788953741826,205.6043,10.4412,0.3284,0.4007,0.1994,0.0744,39.13
1788953741826,204.6889,10.6807,0.1873,-0.3929,0.1994,0.0438,39.12
1788953741826,206.4646,10.6503,0.0615,-0.1487,-0.0448,0.1354,39.15
1788953741826,206.6416,10.7799,0.0439,0.2176,-0.0448,0.1659,39.13
1788953741827,205.9097,11.0027,0.4339,0.4007,0.3215,-0.2004,39.14
1788953741827,205.8568,11.1583,0.4706,-0.5456,0.2604,0.1354,39.14
1788953741827,207.4299,11.1491,-0.0407,-0.0877,-0.2280,0.2575,39.07
1788953741916,208.7058,11.1726,0.2359,0.3091,0.1383,0.1659,39.12
1788953741916,211.8976,11.0040,0.2138,0.0649,0.6267,-0.5361,39.12
1788953741916,210.2610,11.3177,0.4635,-0.4235,0.3520,0.1965,39.13
1788953741916,213.9336,11.1004,-0.0808,0.0649,-0.2585,0.2575,39.18
1788953741916,214.0725,11.2367,0.1020,-0.0572,0.2909,-0.1393,39.13
1788953741916,215.9586,11.1996,0.3595,0.4312,0.5351,-0.2614,39.12
1788953741916,214.1225,11.5344,0.4732,-0.5761,0.4130,0.2270,39.14
1788953742011,217.3291,11.3647,0.1407,0.0955,-0.4111,0.3796,39.03
1788953742011,216.7905,11.5706,0.2489,0.1870,-0.2890,-0.1698,39.12
1788953742011,221.7608,11.2256,0.2834,0.3397,0.0773,-0.2309,39.12
1788953742011,217.9750,11.7561,0.5800,-0.8508,0.0773,0.4407,39.13
1788953742011,221.9627,11.5088,0.1269,-0.0266,-0.3501,0.1354,39.13
1788953742011,221.5364,11.7045,0.1971,0.4618,0.0773,-0.1393,39.13
1788953742011,223.6561,11.6449,0.3848,0.2481,0.0773,-0.4140,39.12
1788953742105,224.9659,11.6668,0.3560,-0.6371,0.5046,0.1354,39.15
1788953742105,224.9252,11.8235,0.0628,-0.0572,-0.2585,0.1659,39.15
1788953742105,225.4008,11.9300,0.4899,0.5228,-0.2890,-0.7193,39.13
1788953742105,228.3126,11.7925,0.1461,0.1870,-0.1364,0.2270,39.13
1788953742105,229.4798,11.8293,0.0350,-0.0266,0.4741,0.0438,39.12
1788953742105,229.7255,11.9586,0.1584,0.5533,-0.0448,0.5322,39.13
1788953742105,230.6129,12.0230,0.3323,0.1870,0.9320,-0.2919,39.13
1788953742106,229.3076,12.3091,0.6019,-0.8813,0.8404,0.1354,39.13
1788953742106,232.7567,12.1185,0.1513,0.0344,-0.1975,0.5322,39.12
1788953742106,234.1120,12.1378,0.2747,0.4923,0.0162,0.1049,39.14
1788953742106,237.2283,11.9810,0.2941,0.0955,-0.1059,-0.3835,39.14
1788953742106,237.9977,12.0593,0.5372,-0.6066,0.1078,0.2270,39.12
1788953742106,238.5104,12.1631,0.0624,-0.1182,-0.3806,-0.0172,39.08
1788953742106,236.1091,12.5595,0.6467,1.1028,0.1994,-0.4446,39.13
1788953742107,238.0521,12.5209,0.3321,-0.5456,0.3215,0.1659,39.13
1788953742354,241.8039,12.3018,0.0341,-0.1182,-0.0754,0.1354,39.11
1788953742354,240.8987,12.5484,0.2956,0.2176,-0.4417,0.1049,39.13
1788953742354,244.7002,12.3251,0.5525,0.1260,0.4436,-0.3835,39.13
1788953742354,246.4630,12.3055,0.8190,-0.6677,0.3520,0.5017,39.16
1788953742354,245.2791,12.5798,0.1337,0.3091,-0.3196,0.3186,39.13
1788953742354,245.5883,12.7063,0.7830,1.1028,-0.2585,-0.5667,39.13
1788953742354,245.5948,12.8624,0.2094,-0.3014,0.2604,0.4101,39.12
1788953742354,250.8767,12.4908,0.0745,0.0649,-0.2890,0.1659,39.07
1788953742354,249.6297,12.7719,0.1209,0.0955,0.0467,-0.1088,39.12
1788953742354,253.1882,12.5740,0.5197,0.0649,0.1688,-0.2919,39.14
1788953742354,253.3280,12.7178,0.6078,-0.5456,0.2909,0.4101,39.08
1788953742354,251.4960,13.0586,0.3214,0.8281,-0.6248,0.5933,39.13
1788953742354,257.4005,12.6280,1.1952,0.8891,0.2909,-1.2077,39.14
1788953742451,252.9506,13.2313,1.1468,-1.5529,1.1151,-0.0477,39.13
1788953742451,258.6023,12.8229,0.1201,0.0649,-0.2890,0.2270,39.12
1788953742451,257.4541,13.0968,0.6181,0.6754,-0.0448,-0.8414,39.14
1788953742451,259.1186,13.0884,0.1794,-0.4540,0.1078,0.0744,39.14
1788953742451,260.4301,13.1166,0.4422,0.0649,-0.1364,0.6543,39.13
1788953742451,262.2241,13.0959,0.2005,0.2176,-0.1364,-0.2614,39.14
1788953742451,265.2712,12.9501,0.6395,0.0039,0.0773,0.0133,39.13
1788953742557,265.6389,13.0733,0.4024,-0.4235,0.2909,0.2575,39.11
1788953742557,265.7101,13.2249,0.2106,0.2786,-0.4722,0.3186,39.13
1788953742557,266.5757,13.2987,0.8728,0.0955,0.7183,-1.1772,39.10
1788953742557,268.7360,13.2428,0.7245,-0.7287,0.1994,0.3796,39.22
1788953742557,268.9817,13.3790,0.5659,0.6754,-0.3806,0.4712,39.17
1788953742557,272.2587,13.2111,0.9308,0.4618,0.6572,-0.8719,39.14
1788953742658,273.4645,13.2510,1.1821,-1.2782,0.9930,0.3186,39.01
1788953742658,272.7292,13.4843,0.1347,0.0344,-0.2585,0.3186,39.14
1788953742658,270.9458,13.8241,0.9011,0.8586,-0.0754,-0.9940,39.14
1788953742658,271.8508,13.8948,0.9421,-0.8508,1.0846,0.5017,39.13
1788953742658,275.6745,13.6733,0.2729,0.0344,-0.3501,0.2575,39.10
1788953742658,273.9118,14.0120,1.0633,1.1944,-0.2280,-0.9635,39.12
1788953742658,274.8572,13.9746,0.6705,-1.0950,0.9320,0.2270,39.14
1788953742658,279.1258,13.5583,0.2760,-0.1487,-0.3806,0.1965,39.14
1788953742658,277.1020,13.7716,0.6380,0.8281,0.0467,-0.7193,39.13
1788953742658,278.3011,13.6618,0.2877,-0.4235,0.3215,0.2880,39.14
1788953742658,278.5857,13.6440,0.2383,0.2481,-0.4111,0.6849,39.14
1788953742658,276.4149,13.8718,0.4587,0.8586,0.0773,-0.4140,39.13
1788953742658,278.2840,13.6948,0.0969,-0.4235,-0.0754,0.0438,39.13
1788953742658,278.4714,13.6866,0.0876,-0.2098,-0.3501,0.1049,39.15
1788953742658,277.4556,13.7991,0.2771,0.5228,-0.1059,-0.3530,39.14
1788953742658,275.6171,13.9937,0.2079,-0.3624,0.5046,0.0438,39.16
1788953742658,278.1680,13.7499,0.1540,0.0039,0.0467,0.3186,39.07
1788953742658,277.6993,13.8075,0.1850,0.1565,0.1383,-0.0783,39.12
1788953742658,279.3697,13.6512,0.2871,0.1565,0.4741,0.1659,39.13
1788953742658,279.9850,13.6005,0.2391,-0.1182,-0.1669,0.1965,39.12
1788953742658,278.4205,13.7671,0.2357,0.0649,-0.1669,-0.2004,39.13
1788953742769,281.8076,13.4391,0.5002,-0.0266,0.2604,-0.0172,39.12
1788953742769,280.7723,13.5529,0.4012,-0.3319,0.0162,0.1965,39.10
1788953742769,278.8622,13.7538,0.1559,0.1260,0.0162,0.1354,39.13
1788953742769,281.2892,13.5215,0.3980,-0.0877,-0.0143,-0.5361,39.13
1788953742769,280.8967,13.5713,0.4629,-0.3014,0.5046,0.0133,39.12
1788953742769,278.7558,13.7957,0.4338,0.8281,-0.6859,0.4407,39.14
1788953742769,282.0867,13.4731,0.5673,0.1565,0.3825,-0.5972,39.15
1788953742869,280.9326,13.5989,0.8341,-0.6371,0.1383,0.3491,39.13
1788953742869,280.6040,13.6412,0.1575,0.1565,-0.2890,0.2270,39.13
1788953742869,281.5836,13.5534,0.6916,0.4007,0.5962,-0.3835,39.19
1788953742869,281.6863,13.5533,0.7404,-0.5150,0.4436,0.5017,39.10
1788953742869,278.0805,13.9235,0.2425,0.3091,-0.7469,0.0438,39.13
1788953742869,282.9224,13.4497,0.9401,0.1260,0.5046,-0.9024,39.12
1788953742869,283.3572,13.4160,1.4071,-0.8813,0.7183,0.4101,39.12
1788953742978,280.1541,13.7453,0.1584,0.0344,-0.3196,0.1354,39.15
1788953742978,283.5770,13.4127,0.6577,0.4923,0.4741,-0.1393,39.13
1788953742978,279.5707,13.8228,0.7212,-0.9119,0.6572,0.4712,39.13
1788953742978,281.2965,13.6600,0.3047,0.0955,0.0162,0.2270,39.13
1788953742978,283.7442,13.4255,1.7277,1.2859,0.0773,-1.8182,39.12
1788953742978,282.9895,13.5102,0.8061,-0.9119,0.6878,0.4101,39.09
1788953742978,281.9866,13.6191,0.0426,0.4007,0.1078,0.4407,39.14
1788953743070,279.4779,13.8796,0.7742,0.5533,0.0467,-0.9635,39.13
1788953743070,279.9093,13.8463,0.9595,-0.9119,0.9930,0.2880,39.13
1788953743070,279.9733,13.8489,0.4591,0.4007,-0.4722,0.8680,39.13
1788953743070,280.3532,13.8205,0.8685,0.6144,0.1078,-0.7498,39.14
1788953743070,279.7980,13.8853,0.8503,-1.1561,0.9014,0.1659,39.14
1788953743070,282.2440,13.6491,0.1499,-0.0266,-0.4111,0.1965,39.16
1788953743070,280.3843,13.8443,0.5478,0.4618,-0.0143,-0.5667,39.14
1788953743169,278.4416,14.0478,0.7692,-1.0340,0.8404,0.2575,39.13
1788953743169,281.4370,13.7576,0.2260,0.0344,-0.2890,0.2575,39.12
1788953743169,279.4385,13.9674,0.9079,0.7670,-0.1059,-0.7803,39.14
1788953743169,278.4211,14.0780,0.5331,-0.9424,0.8099,0.2270,39.13
1788953743169,282.6161,13.6673,0.1312,0.0039,-0.3501,0.2880,39.13
1788953743169,279.4703,13.9912,0.6071,0.6754,-0.1059,-0.9940,39.13
1788953743169,280.4566,13.9016,0.3137,-0.3929,0.5351,0.4712,39.14
1788953743262,281.3902,13.8176,0.2855,-0.0572,-0.4417,0.1659,39.13
1788953743262,278.2444,14.1417,0.5800,0.8586,-0.2280,-0.8109,39.13
1788953743262,281.1078,13.8642,0.1242,-0.5150,0.5046,0.1354,39.12
1788953743262,281.5471,13.8290,0.1521,-0.0572,-0.4417,0.3491,39.15
1788953743262,280.8765,13.9053,0.3788,0.9502,0.1994,-0.2919,39.14
1788953743262,278.4958,14.1525,0.2837,-0.2708,0.2909,0.4712,39.13
1788953743358,281.3763,13.8738,0.0812,0.0039,-0.4417,0.2880,39.13
1788953743358,282.1938,13.8010,0.2823,0.6449,-0.1669,0.0438,39.14
1788953743358,279.5610,14.0728,0.0558,-0.0266,0.0162,0.4101,39.12
1788953743358,283.7634,13.6616,0.0268,0.1565,0.1994,0.3186,39.12
1788953743358,278.4818,14.1985,0.1307,0.2786,-0.0143,-0.3225,39.15
1788953743358,279.4305,14.1130,0.3093,-0.2098,0.3215,0.1049,39.12
1788953743358,284.4897,13.6160,0.0593,-0.0572,-0.0143,0.1354,39.12
1788953743464,279.9897,14.0747,0.2024,0.7060,0.3215,0.0438,39.13
1788953743464,284.0959,13.6729,0.2097,0.0039,-0.1059,0.2880,39.14
1788953743464,282.1373,13.8778,0.0599,0.1565,-0.0754,0.3491,39.08
1788953743464,282.2111,13.8793,0.3444,0.5839,-0.1059,0.1659,39.13
1788953743464,285.4106,13.5679,0.2702,-0.0572,0.0467,0.0133,39.11
1788953743464,285.3064,13.5869,0.2003,-0.1793,0.0773,0.1965,39.09
1788953743464,283.3511,13.7904,0.1248,0.3091,-0.1059,0.1965,39.13
1788953743569,285.0392,13.6300,0.4541,-0.2098,0.4741,-0.2614,39.12
1788953743569,284.9298,13.6495,0.2961,-0.0266,0.1383,0.1049,39.13
1788953743569,281.2587,14.0251,0.6765,0.7975,-0.5943,0.1354,39.14
1788953743569,286.1148,13.5478,0.4516,-0.1182,0.2299,-0.2004,39.11
1788953743569,286.1470,13.5529,0.2878,-0.0572,0.0467,0.0133,39.13
1788953743569,282.5471,13.9212,0.5627,0.6144,-0.6553,0.2270,39.13
1788953743569,286.9245,13.4913,0.4404,0.1260,0.5657,0.0133,39.15
1788953743663,282.6333,13.9290,0.8521,-0.7287,0.2604,1.0206,39.13
1788953743663,284.5072,13.7496,0.3630,0.1870,-0.3501,0.1965,39.14
1788953743663,287.7670,13.4316,0.4755,-0.1487,-0.0448,-0.2919,39.17
1788953743663,285.6130,13.6548,0.3793,-0.3624,0.1994,0.1354,39.12
1788953743663,285.1506,13.7084,0.2380,0.1260,-0.4417,0.1965,39.14
1788953743663,283.5517,13.8768,1.0738,0.5839,0.7183,-0.6582,39.12
1788953743663,286.7568,13.5644,0.4252,-0.1793,0.3520,0.0133,39.12
1788953743758,283.5242,13.8958,0.5456,0.4923,-0.6248,0.2575,39.13
1788953743758,286.3887,13.6172,0.4970,0.2176,0.3520,-0.4446,39.14
1788953743758,287.4000,13.5238,0.6606,-0.3014,-0.0448,0.2880,39.11
1788953743758,284.8911,13.7819,0.2069,0.5839,-0.2280,0.5628,39.13
1788953743758,287.1062,13.5681,0.5288,0.0649,0.1994,-0.3835,39.14
1788953743758,285.4707,13.7396,0.6337,-0.3014,0.2604,0.5017,39.15
1788953743758,282.4958,14.0449,0.2849,0.5839,-0.1975,0.3796,39.13
1788953743856,287.1550,13.5874,0.7948,0.1870,0.2604,-0.4751,39.12
1788953743856,287.1506,13.5957,0.8197,-0.4540,0.0467,0.2575,39.14
1788953743856,284.0642,13.9118,0.3444,0.3702,-0.5638,0.2575,39.13
1788953743856,286.2100,13.7052,0.8332,0.0039,0.9625,-0.9024,39.15
1788953743856,284.5279,13.8812,0.4863,-0.1487,0.5351,0.6849,39.18
1788953743856,284.5899,13.8828,0.2624,0.1260,-0.4417,0.1965,39.15
1788953743856,287.7515,13.5745,0.9159,0.0955,0.3520,-0.5667,39.13
1788953743857,285.2419,13.8329,0.5589,-0.6066,0.0467,0.1659,39.06
1788953743857,285.0284,13.8618,0.2137,0.0039,-0.0143,0.0438,39.13
1788953743857,284.9635,13.8762,0.5998,0.2481,0.8099,-0.6277,39.15
1788953743857,287.2376,13.6569,1.0249,-0.2403,0.5046,0.5628,39.13
1788953743857,284.7900,13.9090,0.2413,0.1870,-0.5943,0.1049,39.13
1788953743857,286.3791,13.7576,0.3229,-0.0572,0.0467,-0.5667,39.12
1788953743857,286.1348,13.7898,0.8308,-0.8203,0.1688,0.1659,39.16
1788953743954,283.7746,14.0330,0.0718,0.0955,-0.2280,0.2575,39.14
1788953743954,286.5434,13.7645,0.9609,0.3091,0.5046,-0.6582,39.16
1788953743954,286.3682,13.7898,0.9002,-0.6371,0.2909,0.6543,39.12
1788953743954,283.6344,14.0702,0.1357,-0.0266,-0.3806,-0.0172,39.14
1788953743954,287.0805,13.7338,1.0602,0.2176,0.5046,-0.8109,39.12
1788953743954,286.3042,13.8190,0.8191,-0.4845,0.1078,0.8070,39.13
1788953743954,284.7120,13.9854,0.3213,0.0649,-0.1669,0.0438,39.15
1788953744047,287.3655,13.7279,1.0086,0.3091,0.4436,-0.8109,39.13
1788953744048,288.0352,13.6683,1.2928,-0.8813,0.4436,0.4712,39.08
1788953744048,285.0710,13.9712,0.2046,0.3397,-0.2280,0.5322,39.13
1788953744048,288.8401,13.6018,0.7528,0.2176,0.3520,-0.7498,39.22
1788953744048,287.0610,13.7867,0.9029,-0.8813,0.6267,0.3491,39.15
1788953744048,283.7722,14.1222,0.1963,0.1260,-0.4722,0.0744,39.14
1788953744143,289.7321,13.5341,1.4345,0.6754,0.0773,-1.0856,39.16
1788953744143,288.9280,13.6213,1.5968,-1.2171,1.3288,0.5017,39.12
1788953744143,285.9110,13.9293,0.2248,0.3702,-0.4722,0.3796,39.13
1788953744143,288.2183,13.7056,0.7125,0.2481,0.4741,-0.4751,39.13
1788953744143,285.2617,14.0085,0.9770,-0.6066,0.2299,0.5017,39.12
1788953744143,286.6293,13.8790,0.4475,0.2176,-0.5943,0.1659,39.13
1788953744143,289.8535,13.5638,1.5469,1.2859,0.4741,-0.7498,39.11
1788953744241,288.0990,13.7456,0.7961,-0.6982,0.5351,0.3186,39.13
1788953744241,287.3700,13.8245,0.0483,0.2481,-0.3501,0.2575,39.13
1788953744241,286.7951,13.8889,0.6756,0.2176,0.5046,-0.6582,39.13
1788953744241,288.9394,13.6815,0.9105,-0.6677,0.3825,0.3491,39.10
1788953744241,285.3727,14.0448,0.4770,0.2176,-0.6248,0.2270,39.14
1788953744241,288.3499,13.7542,0.6957,0.0344,0.3520,-0.7498,39.12
1788953744241,289.1370,13.6823,1.2736,-0.9729,0.9320,0.2270,39.20
1788953744344,286.8018,13.9217,0.2414,0.2481,-0.3501,0.2880,39.14
1788953744344,288.9185,13.7170,1.0102,0.2786,0.3825,-0.6888,39.16
1788953744344,286.7742,13.9382,1.0730,-0.8813,0.6572,0.5933,39.13
1788953744344,285.6699,14.0551,0.1915,0.2176,-0.2890,0.2270,39.11
1788953744344,288.9383,13.7355,0.9961,0.3091,0.5351,-0.7193,39.13
1788953744344,289.8675,13.6492,1.3123,-0.7898,1.1151,0.6238,39.13
1788953744344,286.4636,13.9955,0.2463,0.0344,-0.4417,0.1049,39.13
1788953744431,288.9239,13.7565,1.1397,0.4618,0.3215,-0.9024,39.15
1788953744431,286.8564,13.9697,0.6363,-1.0340,0.2299,0.2575,39.13
1788953744431,286.5798,14.0040,0.3073,0.0649,-0.2585,0.1965,39.13
1788953744431,290.6391,13.6049,1.0627,0.3091,0.3215,-0.9330,39.15
1788953744431,287.7260,13.9022,0.5956,-0.7287,0.1383,0.1049,39.13
1788953744431,287.0578,13.9753,0.2814,0.3397,-0.1364,0.5933,39.14
1788953744432,287.8002,13.9077,0.4421,0.1565,0.2299,-0.6888,39.11
1788953744547,287.8688,13.9079,1.1278,-0.9729,0.5351,0.4712,39.14
1788953744547,286.6819,14.0330,0.2664,0.5839,-0.1364,0.5933,39.16
1788953744547,288.0917,13.8987,0.5151,0.2176,0.4130,-0.5972,39.13
1788953744547,287.6882,13.9459,1.1309,-0.6371,0.9930,0.5628,39.13
1788953744547,286.8161,14.0389,0.1208,0.4007,0.1688,0.5017,39.13
1788953744547,289.1605,13.8116,1.0693,0.4312,0.5351,-0.7498,39.14
1788953744547,289.3705,13.7970,0.8285,-0.3014,0.7488,0.8375,39.13
1788953744642,285.6438,14.1754,0.2353,0.1260,-0.4111,0.1965,39.14
1788953744642,288.6507,13.8817,0.8052,0.3091,0.4130,-0.5667,39.12
1788953744642,288.7285,13.8804,0.8421,-0.7287,0.3520,0.4407,39.14
1788953744642,286.4658,14.1130,0.2613,0.2786,-0.5027,0.2880,39.13
1788953744642,289.7713,13.7892,0.8879,0.5228,0.7488,-0.4751,39.12
1788953744642,289.5219,13.8205,1.3190,-1.2171,0.5351,0.5017,39.11
1788953744642,288.2881,13.9494,0.2677,-0.0266,0.0773,0.1659,39.14
1788953744740,290.0951,13.7749,0.7759,0.1260,0.3825,-0.6888,39.12
1788953744740,290.2264,13.7679,0.9795,-0.4235,0.3215,0.7459,39.02
1788953744740,285.8760,14.2085,0.3508,0.3397,-0.5027,0.2575,39.11
1788953744740,290.6752,13.7352,1.1710,0.3091,0.4436,-0.6277,39.12
1788953744740,290.5462,13.7542,1.2703,-0.5456,0.7488,0.9291,39.11
1788953744740,287.4512,14.0691,0.3794,0.5533,-0.2280,0.5017,39.13
1788953744740,290.9104,13.7292,0.7749,0.0039,0.2604,-0.6888,39.12
1788953744840,287.2701,14.0993,0.9128,-1.0645,0.2909,0.5017,39.08
1788953744840,288.4925,13.9831,0.5927,0.3091,-0.7774,0.1659,39.13
1788953744840,291.5016,13.6884,1.2973,0.0955,0.9625,-0.9940,39.14
1788953744840,290.9123,13.7527,0.5976,-0.3624,0.5351,0.1659,39.24
1788953744840,289.9746,13.8514,0.2024,0.6449,-0.1059,0.5628,39.16
1788953744840,288.9316,13.9614,0.8960,0.1565,0.6267,-0.8719,39.13
1788953744840,290.5280,13.8077,0.7011,-0.2403,0.2909,0.6543,39.14
1788953744936,287.9066,14.0757,0.6600,0.4007,-0.7774,0.0744,39.13
1788953744936,290.8284,13.7893,0.6094,0.0039,0.4130,-0.8109,39.14
1788953744936,291.3317,13.7445,0.6500,-0.3014,0.3520,0.4712,39.06
1788953744936,288.7001,14.0126,0.1644,0.0649,-0.4111,-0.0172,39.12
1788953744936,290.8152,13.8068,0.6719,-0.0266,0.1994,-0.5667,39.14
1788953744936,289.4922,13.9449,0.7292,-0.6982,0.2604,0.1049,39.14
1788953744936,287.1924,14.1805,0.3869,0.3091,-0.6553,0.0438,39.13
1788953744938,291.8767,13.7180,0.5343,-0.0266,0.1994,-0.4140,39.12
1788953744938,291.2666,13.7846,0.6921,-0.4235,0.0467,0.1659,39.14
1788953744938,289.0402,14.0126,0.2217,0.3397,-0.1669,0.3186,39.12
1788953744938,290.2392,13.8986,0.7454,0.0039,0.3520,-0.6888,39.12
1788953744938,288.4790,14.0805,0.7028,-0.7287,0.1383,0.4407,39.10
1788953744938,289.2332,14.0107,0.3005,0.4618,-0.0754,0.3491,39.14
1788953745035,292.0219,13.7374,0.5153,0.0344,0.0162,-0.2309,39.13
1788953745035,289.9033,13.9546,0.2956,-0.3929,0.1078,0.0133,39.13
1788953745035,288.7733,14.0733,0.3847,0.1870,-0.2585,0.1659,39.14
1788953745035,289.4732,14.0089,0.4918,0.1565,0.3825,-0.4446,39.13
1788953745035,290.8126,13.8811,0.6115,-0.4235,0.1383,0.1659,39.15
1788953745035,288.7896,14.0890,0.4514,0.4312,-0.5027,0.1354,39.14
1788953745035,290.4123,13.9319,0.4790,-0.1487,0.2909,-0.2004,39.13
1788953745123,289.9810,13.9809,0.4919,-0.2403,0.0773,0.3796,39.14
1788953745123,287.6617,14.2181,0.3431,0.1260,-0.0448,-0.1393,39.13
1788953745123,291.8889,13.8012,0.4538,-0.1793,-0.0143,-0.2614,39.11
1788953745123,290.6897,13.9267,0.3443,-0.1487,0.1994,-0.0783,39.11
1788953745123,287.8529,14.2155,0.2573,0.1870,-0.0754,-0.0783,39.14
1788953745123,290.3992,13.9666,0.5123,-0.1182,0.0467,-0.2614,39.13
1788953745123,290.3027,13.9821,0.3949,0.1565,0.4741,0.2880,39.14
1788953745221,288.9555,14.1224,0.4450,0.6144,0.0467,0.2880,39.15
1788953745221,291.8897,13.8342,0.3691,-0.2708,0.0773,-0.1393,39.13
1788953745221,291.9547,13.8330,0.3468,-0.2708,-0.0143,-0.0783,39.14
1788953745221,289.8436,14.0489,0.1503,0.2786,-0.1975,0.1965,39.13
1788953745221,291.9003,13.8484,0.2698,0.0039,0.0467,0.0133,39.13
1788953745221,289.8076,14.0627,0.2503,-0.1487,0.0467,0.0133,39.20
1788953745221,287.4156,14.3076,0.9846,1.0417,-0.8385,-0.0477,39.14
1788953745314,293.2179,13.7323,0.3198,-0.2403,0.0162,-0.1088,39.12
1788953745314,290.9046,13.9688,0.2637,-0.1182,-0.0754,0.0438,39.07
1788953745314,288.4822,14.2161,0.5927,0.6144,-0.4722,-0.2004,39.11
1788953745314,288.2867,14.2402,0.2252,-0.3624,0.1383,-0.1088,39.13
1788953745314,289.5410,14.1206,1.0339,-0.7898,-0.4722,0.8375,39.09
1788953745314,287.3038,14.3493,0.3531,0.6449,-0.0754,-0.2004,39.13
1788953745314,288.6003,14.2241,0.2033,-0.1182,0.4436,0.3491,39.14
1788953745314,291.3412,13.9548,0.1864,-0.1182,-0.0143,0.2270,39.26
1788953745314,289.1516,14.1782,0.3361,0.4618,-0.0754,-0.5361,39.16
1788953745314,289.0629,14.1922,0.4482,-0.5456,0.2299,-0.0783,39.14
1788953745314,289.3663,14.1665,0.1919,-0.1487,-0.3806,0.3186,39.12
1788953745314,289.6242,14.1459,0.6274,1.0112,-0.2890,-0.4140,39.12
1788953745314,288.1436,14.2984,0.2662,-0.7898,0.5046,-0.0172,39.16
1788953745314,291.9292,13.9240,0.1443,-0.1487,-0.3806,0.1049,39.13
1788953745419,288.0186,14.3198,0.3304,0.6754,0.0162,-0.3835,39.13
1788953745419,287.0546,14.4211,0.3689,-0.5456,1.1762,0.3796,39.13
1788953745419,290.5247,14.0790,0.0743,0.0039,-0.2585,0.3491,39.16
1788953745419,287.2877,14.4082,0.7078,0.8281,-0.2890,-0.9940,39.14
1788953745419,287.0459,14.4371,0.4402,-0.7592,0.7793,0.4712,39.13
1788953745419,290.5515,14.0911,0.1187,0.3702,-0.3806,0.6238,39.12
1788953745419,287.9343,14.3579,0.6041,0.7670,-0.0448,-0.9330,39.13
1788953745517,289.0175,14.2543,0.3467,-0.8203,0.5351,0.0744,39.12
1788953745517,290.4008,14.1208,0.1674,0.3702,-0.0754,0.5628,39.16
1788953745517,287.6521,14.4011,0.8752,1.3775,-0.0754,-0.8414,39.13
1788953745517,289.2733,14.2434,0.3650,-0.6982,0.4741,0.2270,39.14
1788953745517,290.6207,14.1134,0.2975,0.3702,-0.3501,0.8985,39.07
1788953745517,289.8353,14.1969,0.6765,0.8891,-0.1059,-0.2309,39.13
1788953745517,286.8418,14.5013,0.9686,-1.4918,1.1456,0.1659,39.12
1788953745620,291.0880,14.0810,0.1106,0.3091,-0.3196,0.5628,39.12
1788953745620,290.6966,14.1248,0.3071,0.3091,-0.0143,-0.0783,39.13
1788953745620,287.1695,14.4826,0.7920,-0.9119,0.8709,0.4101,39.12
1788953745620,291.7737,14.0266,0.1457,0.3091,-0.3501,0.4101,39.13
1788953745620,285.7121,14.6388,1.2487,1.2554,0.1078,-1.4824,39.13
1788953745620,287.8754,14.4276,1.0263,-1.2476,1.0235,0.2270,39.13
1788953745620,291.8851,14.0306,0.1908,-0.0266,-0.2890,0.1354,39.13
1788953745723,292.6435,13.9603,0.9803,0.8281,0.1078,-1.2077,39.15
1788953745723,292.4655,13.9828,1.1688,-1.4918,0.8709,0.3491,39.09
1788953745723,290.1968,14.2138,0.1932,0.1260,-0.1364,0.2880,39.13
1788953745723,293.7407,13.8646,1.2671,1.1944,0.5657,-1.0245,39.14
1788953745723,293.5429,13.8887,1.2948,-1.4613,1.1762,0.4101,39.12
1788953745723,290.8640,14.1603,0.1310,0.4312,-0.0143,0.6849,39.13
1788953745723,293.3321,13.9184,1.0053,0.4007,0.3825,-0.9940,39.13
1788953745723,293.0136,13.9547,1.0548,-0.8813,0.6878,0.1965,39.14
1788953745723,288.7970,14.3804,0.3455,0.1565,-0.5943,0.2270,39.13
1788953745723,293.1125,13.9541,1.3224,0.4312,0.6267,-1.1161,39.13
1788953745723,294.3439,13.8355,1.4840,-1.1866,0.8099,-0.0172,39.12
1788953745723,290.5066,14.2230,0.3449,0.2481,-0.2890,0.2880,39.13
1788953745723,294.2236,13.8558,0.7817,0.2481,0.5962,-0.5361,39.14
1788953745822,290.8983,14.1926,0.9609,-0.7592,0.4436,1.0206,39.14
1788953745822,292.4326,14.0434,0.3026,0.1565,-0.5943,0.1049,39.13
1788953745822,295.1492,13.7760,1.1342,0.1870,0.2909,-0.7803,39.12
1788953745822,292.2922,14.0657,0.7543,-0.7592,0.3520,0.5933,39.13
1788953745822,292.5233,14.0462,0.2425,0.3702,-0.2890,0.2575,39.11
1788953745822,291.3499,14.1680,0.9004,0.3702,0.9014,-0.7498,39.11
1788953745822,294.5739,13.8499,0.5518,-0.1793,-0.0143,0.3796,39.08
1788953745913,290.9596,14.2154,0.5540,0.7365,-0.7469,0.5017,39.12
1788953745913,293.9587,13.9195,0.7308,0.3702,0.3215,-0.1698,39.13
1788953745913,294.2429,13.8951,0.5807,-0.2708,0.0162,0.3796,39.06
1788953745913,292.2964,14.0934,0.2946,-0.0877,-0.2280,0.0133,39.12
1788953745913,294.0403,13.9231,0.3985,0.3091,0.5046,0.2880,39.13
1788953745913,292.4411,14.0876,0.7249,-0.6066,-0.0143,0.2270,39.14
1788953745913,290.0104,14.3350,0.6845,0.7365,-0.5332,0.1659,39.14
1788953746007,294.6059,13.8795,0.4098,-0.1182,0.1078,-0.2004,39.13
1788953746007,294.1380,13.9304,0.2027,-0.0572,0.1688,0.0438,39.15
1788953746007,291.1830,14.2299,0.3936,0.2481,-0.4417,-0.1088,39.14
1788953746007,293.2937,14.0230,0.4757,0.3091,-0.1364,0.4712,39.14
1788953746007,291.3640,14.2205,0.4970,-0.3014,-0.0143,0.4101,39.17
1788953746007,289.0453,14.4564,0.3136,0.1565,-0.1059,-0.2309,39.14
1788953746007,291.2734,14.2373,0.0570,-0.2708,0.1994,-0.2004,39.14
1788953746008,292.3423,14.1342,0.1480,0.0649,-0.0448,0.3796,39.14
1788953746008,291.8736,14.1850,0.2744,0.2786,0.2299,-0.2919,39.13
1788953746008,288.4743,14.5290,0.2417,-0.1182,0.7488,-0.0172,39.14
1788953746008,291.4517,14.2354,0.1484,-0.1182,-0.3501,0.0438,39.14
1788953746008,290.8082,14.3039,0.2460,0.5533,-0.1364,-0.2004,39.14
1788953746008,288.9912,14.4898,0.3134,-0.5761,0.4436,0.2880,39.12
1788953746008,293.2623,14.0667,0.1861,-0.0572,-0.3501,0.2270,39.13
1788953746008,288.5402,14.5435,0.5989,1.2554,-0.3501,-0.4140,39.15
1788953746008,289.8914,14.4125,0.3312,-0.7287,0.4741,0.2880,39.13
1788953746008,294.1370,13.9914,0.1915,0.2481,-0.2280,0.3796,39.13
1788953746008,290.3398,14.3755,0.6212,0.6754,0.1383,-0.8109,39.12
1788953746008,288.5850,14.5550,0.5403,-1.2171,0.6572,0.1354,39.13
1788953746008,292.5060,14.1669,0.2896,-0.0572,-0.3806,0.4712,39.10
1788953746008,289.9961,14.4221,0.7773,0.9196,-0.1975,-0.8414,39.14
1788953746009,289.2582,14.4997,0.6584,-1.1561,0.8709,0.2575,39.13
1788953746009,293.3193,14.0970,0.1450,0.2786,-0.2280,0.5933,39.12
1788953746009,289.8594,14.4472,1.0247,0.8891,0.0773,-1.3298,39.13
1788953746009,290.0092,14.4359,0.8191,-1.2476,1.2067,0.1049,39.12
1788953746009,293.1409,14.1261,0.1404,0.1565,-0.3806,0.3491,39.19
1788953746009,289.9222,14.4528,1.4903,1.1944,-0.0448,-1.6961,39.17
1788953746009,289.4697,14.5018,1.3680,-1.7055,1.2983,0.3186,39.13
1788953746009,293.4673,14.1049,0.1009,0.3091,0.2299,0.4101,39.15
1788953746009,295.4595,13.9096,1.0457,0.8586,0.5046,-0.8109,39.14
1788953746009,292.3956,14.2196,1.1618,-1.2171,1.0235,0.4101,39.17
1788953746009,293.2906,14.1337,0.4154,0.1565,-0.5027,0.1965,39.14
1788953746009,296.7771,13.7892,1.8757,1.3775,0.0162,-1.8487,39.16
1788953746009,294.2657,14.0433,0.9323,-0.9119,0.6267,0.3796,39.13
1788953746009,294.2028,14.0525,0.2310,0.1565,-0.2890,0.2575,39.13
1788953746009,292.3390,14.2425,0.7750,0.0955,0.6572,-1.0856,39.14
1788953746009,295.5196,13.9284,1.0665,-0.8813,0.2604,0.2270,39.09
1788953746009,292.5705,14.2266,0.4385,0.1565,-0.6553,0.1659,39.11
1788953746009,294.7035,14.0170,0.7811,0.1870,0.4436,-0.5972,39.11
1788953746009,296.2716,13.8636,0.7688,-0.1793,0.5046,0.5933,39.16
1788953746009,293.3613,14.1574,0.2894,0.0344,-0.4111,0.0438,39.15
1788953746009,295.8510,13.9120,0.6927,0.0344,0.6267,-0.3530,39.14
1788953746009,293.7109,14.1298,0.7635,-0.2403,0.0162,0.9291,39.13
1788953746009,291.6527,14.3390,0.4161,0.4007,-0.6248,0.0438,39.14
1788953746009,295.2586,13.9822,0.7213,0.4007,0.4741,-0.2004,39.13
1788953746009,294.9749,14.0143,0.5223,-0.1793,0.1994,0.2575,39.05
1788953746009,292.4783,14.2673,0.4078,0.4007,-0.4111,0.1965,39.12
1788953746009,295.6048,13.9582,0.5472,0.2786,0.2299,-0.1088,39.13
1788953746009,293.4524,14.1771,0.4966,-0.3014,0.0467,0.4712,39.13
1788953746009,292.2865,14.2973,0.5639,0.6144,-0.3501,0.2575,39.13
1788953746009,296.4989,13.8795,0.2571,-0.1182,-0.1059,-0.2309,39.14
1788953746009,293.9631,14.1364,0.2242,0.1260,0.0773,0.4407,39.13
1788953746009,292.4616,14.2902,0.2851,0.1565,-0.0448,-0.1698,39.14
1788953746009,289.1820,14.6215,0.2276,-0.2403,-0.1059,0.0438,39.13
1788953746009,292.5648,14.2873,0.2448,0.0039,-0.0754,0.2880,39.11
1788953746009,293.3375,14.2136,0.3680,0.3397,0.1078,-0.0783,39.15
1788953746009,290.0355,14.5469,0.0956,-0.4235,0.1994,0.0133,39.13
1788953746009,294.6788,14.0863,0.3345,0.0344,-0.2280,0.3186,39.17
1788953746009,289.2260,14.6351,0.3588,0.5533,-0.3501,-0.7498,39.14
1788953746009,290.6356,14.4977,0.1857,-0.6982,0.4741,-0.0477,39.13
1788953746009,295.0215,14.0625,0.1756,-0.0572,-0.2280,0.1659,39.12
1788953746009,291.0833,14.4598,0.4867,0.5228,0.2604,-0.7193,39.13
1788953746009,290.5060,14.5210,0.3854,-0.6066,0.5657,0.6238,39.15
1788953746009,292.7835,14.2968,0.2269,-0.1487,-0.4417,0.3491,39.12
1788953746009,291.1003,14.4690,0.8383,0.9502,0.1383,-0.9330,39.13
1788953746009,290.5940,14.5228,0.6343,-0.8508,0.8404,0.5933,39.14
1788953746009,295.1566,14.0692,0.1828,-0.0266,-0.3501,0.1659,39.13
1788953746009,291.7119,14.4171,0.8236,0.8891,-0.1669,-0.9940,39.13
1788953746009,291.2628,14.4649,0.6966,-1.0950,0.9014,0.3796,39.14
1788953746009,293.9091,14.2032,0.2347,0.3091,-0.4417,0.4101,39.17
1788953746009,291.3371,14.4647,1.4374,1.5912,0.1078,-1.1772,39.14
1788953746009,290.0934,14.5924,1.4373,-1.3392,1.3593,0.5322,39.13
1788953746009,294.8216,14.1219,0.2034,-0.0877,-0.1059,0.1659,39.14
1788953746009,297.0219,13.9054,1.1660,0.7975,0.0162,-1.1772,39.13
1788953746009,293.0859,14.3017,0.8443,-0.9119,0.6878,0.8070,39.13
1788953746009,294.3604,14.1774,0.1067,0.3091,-0.0448,0.4101,39.13
1788953746009,297.3078,13.8862,1.7347,1.0417,0.2604,-1.4214,39.16
1788953746009,295.4138,14.0783,1.0659,-0.8508,0.5962,0.6543,39.17
1788953746009,295.2802,14.0940,0.1959,-0.0266,-0.1975,0.1659,39.15
1788953746009,293.0581,14.3194,0.7855,0.2176,0.5962,-1.0245,39.13
1788953746009,295.9848,14.0303,0.9175,-0.7592,0.4436,0.3491,39.14
1788953746009,293.3579,14.2960,0.5624,0.9196,-0.7774,0.6849,39.13
1788953746009,296.3901,13.9959,0.7937,0.2176,0.2604,-0.6582,39.14
1788953746009,297.0155,13.9362,0.7356,-0.6371,0.5962,0.1659,39.10
1788953746009,294.6607,14.1739,0.2429,-0.0572,-0.3501,0.0133,39.13
1788953746009,295.5917,14.0840,0.8005,0.0344,0.8099,-0.5972,39.14
1788953746009,295.0431,14.1421,0.6828,-0.5456,0.1078,0.2575,39.15
1788953746009,292.4353,14.4061,0.6573,0.6144,-0.7469,0.0438,39.14
1788953746011,297.0296,13.9498,0.6444,0.1870,0.1078,-0.2919,39.13
1788953746103,296.4381,14.0118,0.2501,-0.0266,0.1688,0.0744,39.13
1788953746103,293.4088,14.3177,0.5358,0.6449,-0.4722,0.2270,39.14
1788953746103,296.7095,13.9905,0.2807,-0.0572,-0.0754,0.0438,39.13
1788953746103,294.3805,14.2265,0.4394,-0.4540,0.1688,0.1965,39.13
1788953746103,292.0884,14.4589,0.5974,0.4312,-0.2890,-0.2614,39.13
1788953746103,292.8242,14.3878,0.1444,-0.1487,-0.0143,0.2880,39.13
1788953746103,294.2686,14.2462,0.1359,-0.1487,-0.1364,0.1354,39.09
1788953746103,293.8507,14.2910,0.3523,0.3702,-0.1975,-0.4751,39.13
1788953746103,290.1691,14.6621,0.2917,-0.1182,0.6878,0.3491,39.13
1788953746111,294.1626,14.2661,0.1774,-0.3014,0.1994,0.1965,39.13
1788953746209,293.8115,14.3042,0.3446,0.7060,0.3825,-0.0172,39.14
1788953746209,290.6999,14.6184,0.3670,-0.7592,0.5962,0.1659,39.13
1788953746209,295.3298,14.1586,0.0975,-0.1182,-0.2280,0.1049,39.15
1788953746209,290.1361,14.6814,0.6452,1.0417,-0.1975,-0.7803,39.13
1788953746209,291.0209,14.5961,0.4478,-1.0034,0.7183,0.2880,39.14
1788953746209,296.4120,14.0594,0.1286,0.1870,-0.3196,0.4407,39.12
1788953746209,292.0615,14.4979,0.8215,0.7975,0.1688,-0.8109,39.13
1788953746209,291.2498,14.5821,0.7756,-1.0034,0.8099,0.5322,39.14
1788953746209,293.8911,14.3207,0.3040,-0.0572,-0.4722,0.3491,39.12
1788953746211,292.5978,14.4535,0.9241,1.2249,0.5351,-0.7193,39.13
1788953746304,290.8774,14.6286,1.2055,-1.4918,1.2372,0.3186,39.13
1788953746304,295.3487,14.1836,0.2106,0.2176,-0.3196,0.2880,39.17
1788953746304,296.2862,14.0929,0.9085,0.5839,0.1078,-0.9635,39.14
1788953746304,296.4101,14.0834,1.2418,-0.9729,1.3288,0.4712,39.10
1788953746304,291.5961,14.5671,0.2102,0.1260,-0.1364,0.2270,39.16
1788953746304,297.9140,13.9390,1.4536,0.7975,0.3520,-1.4824,39.12
1788953746304,297.7765,13.9553,1.6346,-1.4003,1.0541,0.2575,39.13
1788953746304,294.2749,14.3074,0.1874,0.4312,-0.5027,0.5017,39.13
1788953746304,297.9137,13.9463,0.8517,0.4007,0.3215,-0.5667,39.12
1788953746312,293.9539,14.3450,0.9723,-0.9729,0.3215,0.8375,39.12
1788953746419,295.4280,14.2004,0.4106,0.7975,-0.1975,0.6238,39.12
1788953746419,298.1469,13.9314,1.3674,0.4923,0.3520,-0.7803,39.15
1788953746419,296.8624,14.0620,0.6492,-0.6066,0.3215,0.0744,39.13
1788953746419,296.1263,14.1374,0.2097,0.3397,-0.1975,0.4101,39.13
1788953746419,294.1088,14.3420,1.1495,0.4923,1.0846,-0.6277,39.12
1788953746419,297.5662,13.9989,0.4888,-0.3929,0.3215,0.0438,39.13
1788953746531,295.0119,14.2570,0.4950,0.3091,-0.5638,0.1354,39.15
1788953746531,296.1972,14.1409,0.5913,-0.0266,0.2604,-0.5667,39.14
1788953746531,298.3640,13.9266,0.2961,-0.3319,-0.1364,-0.1393,39.13
1788953746531,294.4625,14.3189,0.2790,0.5533,-0.1059,0.2575,39.13
1788953746531,297.0227,14.0655,0.3428,-0.1182,-0.0754,-0.1393,39.13
1788953746531,295.0589,14.2650,0.5195,-0.3014,0.0467,0.2575,39.15
1788953746531,292.6456,14.5090,0.4358,0.3397,0.3825,-0.2919,39.14
1788953746636,291.8984,14.5862,0.2772,-0.2098,0.5046,0.1659,39.13
1788953746636,294.9831,14.2802,0.1183,-0.1487,-0.2585,0.1659,39.14
1788953746636,292.9565,14.4852,0.2260,0.4312,-0.2280,-0.6277,39.14
1788953746636,293.5511,14.4282,0.2293,-0.4540,0.1688,0.2270,39.12
1788953746636,294.7794,14.3079,0.0968,-0.0877,-0.0448,0.4101,39.09
1788953746636,291.3280,14.6560,0.6546,0.9502,-0.1059,-0.8414,39.12
1788953746636,293.9155,14.3998,0.2786,-0.6677,0.3215,0.0744,39.14
1788953746636,295.0746,14.2864,0.3216,0.0955,0.0773,0.5322,39.13
1788953746636,293.2706,14.4697,0.6728,0.6144,-0.1975,-0.6582,39.13
1788953746636,291.7600,14.6238,0.8460,-1.3697,0.8709,0.1354,39.12
1788953746636,294.9073,14.3115,0.4001,0.0344,-0.1364,0.3796,39.14
1788953746636,295.1676,14.2879,0.3876,0.2176,-0.1059,-0.3835,39.14
1788953746636,292.4478,14.5623,0.8314,-1.1561,0.8099,0.2880,39.14
1788953746636,296.5111,14.1579,0.1085,0.3091,-0.1364,0.4101,39.14
1788953746729,297.0682,14.1058,1.3693,1.0417,0.2604,-1.5435,39.14
1788953746729,296.0364,14.2115,1.0568,-1.2782,1.0235,0.2880,39.12
1788953746729,293.7452,14.4426,0.0256,0.3397,0.2604,0.3796,39.13
1788953746729,296.6256,14.1579,1.1910,0.6449,0.2604,-1.1466,39.13
1788953746729,296.5851,14.1646,1.1627,-1.0950,0.3825,0.4407,39.17
1788953746729,294.5605,14.3694,0.3518,0.2481,-0.5943,0.2575,39.14
1788953746729,297.9583,14.0322,0.7088,0.2481,0.3520,-0.5972,39.13
1788953746823,296.9431,14.1361,1.0435,-0.8203,0.1078,0.4712,39.06
1788953746823,295.2336,14.3090,0.3069,0.1870,-0.4417,0.1049,39.16
1788953746823,297.9532,14.0395,0.6233,-0.0572,0.2909,-0.8109,39.13
1788953746823,297.1775,14.1193,0.5654,-0.4540,0.1994,0.3796,39.16
1788953746823,292.9698,14.5425,0.8428,0.8281,-0.9911,0.1354,39.13
1788953746823,298.7170,13.9702,0.5780,-0.0572,0.3520,-0.3530,39.14
1788953746823,297.1616,14.1282,0.7640,-0.6677,0.4130,0.2880,39.12
1788953746930,294.5470,14.3917,0.6915,0.7975,-0.5943,0.2880,39.13
1788953746930,297.6096,14.0875,0.3878,-0.0266,-0.1364,-0.0172,39.13
1788953746930,294.5024,14.4011,1.0978,-0.9729,0.3825,0.9291,39.13
1788953746930,296.4010,14.2133,0.2614,0.1870,-0.1669,-0.0172,39.13
1788953746930,294.7354,14.3817,0.1895,0.1260,0.2909,0.4407,39.11
1788953746930,296.8907,14.1680,0.1996,-0.0266,-0.0448,0.1965,39.17
1788953746931,294.3371,14.4252,0.2555,0.2786,0.0467,-0.3835,39.14
1788953746931,292.5683,14.6047,0.4721,-0.7287,0.2909,0.0438,39.13
1788953746931,294.0368,14.4600,0.1263,-0.0572,-0.1059,0.5017,39.14
1788953746931,294.8224,14.3841,0.6517,0.7365,-0.4111,-0.6888,39.14
1788953746931,293.2228,14.5459,0.4201,-0.8508,0.9625,0.2880,39.13
1788953746931,296.7677,14.1930,0.0386,-0.1182,-0.2890,0.2575,39.11
1788953747028,293.4842,14.5235,0.5449,0.8281,-0.0143,-0.6277,39.14
1788953747028,292.5450,14.6194,0.5977,-1.2782,0.8099,0.0438,39.12
1788953747028,296.2768,14.2485,0.2983,0.0039,-0.4111,0.1354,39.10
1788953747028,293.4836,14.5306,0.9842,1.1028,0.2299,-0.7193,39.13
1788953747028,292.4322,14.6380,0.9707,-1.4308,1.1151,-0.0477,39.12
1788953747028,296.3598,14.2468,0.1550,0.2176,-0.2585,0.3796,39.14
1788953747028,293.3136,14.5542,1.1857,0.8891,0.1383,-1.2993,39.13
1788953747030,295.4442,14.3433,0.7560,-0.7592,0.3825,0.5628,39.13
1788953747030,296.2881,14.2612,0.4743,0.2176,-0.5027,0.3796,39.10
1788953747030,298.7088,14.0216,1.3358,1.0723,0.1688,-0.7498,39.13
1788953747030,297.6011,14.1340,0.7586,-0.7592,0.2604,0.2270,39.29
1788953747030,294.9682,14.3990,0.2790,0.1870,-0.5027,0.1659,39.16
1788953747030,297.1585,14.1823,0.6953,0.1870,0.7183,-0.6888,39.12
1788953747030,296.9222,14.2084,0.9078,-0.7898,0.1994,0.3491,39.05
1788953747140,295.7348,14.3292,0.3321,0.3397,-0.3501,0.1965,39.14
1788953747140,297.6207,14.1428,0.5697,0.0344,0.0162,-0.4140,39.12
1788953747140,295.9854,14.3088,0.7712,-0.6677,0.3520,0.3491,39.13
1788953747140,295.4112,14.3682,0.2597,0.2176,-0.2890,0.1049,39.14
1788953747140,297.6144,14.1506,0.7316,-0.0266,0.1688,-0.5056,39.14
1788953747140,297.1685,14.1975,0.5040,-0.2098,0.2909,0.5322,39.24
1788953747140,295.1477,14.4014,0.2446,0.3397,-0.1059,0.1354,39.16
1788953747236,296.6379,14.2548,0.5851,-0.0572,0.3215,-0.1393,39.14
1788953747236,297.0481,14.2163,0.4324,-0.1793,-0.1059,0.1354,39.07
1788953747236,293.5277,14.5706,0.3078,0.0955,-0.1364,-0.2919,39.13
1788953747236,292.4615,14.6793,0.2077,-0.4235,0.0162,-0.0172,39.13
1788953747236,298.0504,14.1223,0.2042,0.3091,-0.0143,0.4712,39.13
1788953747236,293.6623,14.5630,0.2824,0.3702,-0.1975,-0.5361,39.13
1788953747236,294.1329,14.5176,0.1797,-0.4235,0.5962,0.2270,39.12
1788953747330,296.3717,14.2954,0.1415,-0.0266,-0.3501,0.2575,39.14
1788953747330,292.6732,14.6682,1.0529,1.1638,-0.2280,-1.0245,39.13
1788953747330,292.2437,14.7130,0.6065,-0.8813,0.9320,0.5628,39.13
1788953747330,297.1774,14.2212,0.0857,0.3091,-0.0448,0.6543,39.13
1788953747330,294.6586,14.4752,0.8659,0.9502,-0.0754,-0.9024,39.13
1788953747330,293.7804,14.5647,0.5846,-1.1561,0.6878,0.0744,39.12
1788953747330,295.7663,14.3685,0.6630,0.2176,-0.7469,0.7459,39.13
1788953747330,292.8273,14.6648,1.4600,1.5301,0.0162,-1.5435,39.14
1788953747330,294.3713,14.5119,0.9327,-1.0950,0.8099,0.2575,39.13
1788953747330,297.6545,14.1846,0.0840,0.0955,-0.0754,0.2575,39.08
1788953747330,295.8816,14.3638,0.9814,0.5533,0.5962,-1.0551,39.12
1788953747330,298.6803,14.0864,1.5579,-1.4613,1.3898,0.4407,39.29
1788953747330,296.1194,14.3440,0.5270,0.3397,-0.4417,0.4407,39.15
1788953747330,298.9312,14.0649,0.9339,0.4923,0.8099,-0.5972,39.10
1788953747429,299.2355,14.0361,1.1444,-0.9119,0.4130,0.2270,39.13
1788953747429,296.7777,14.2829,0.2769,0.0955,-0.2585,0.1659,39.13
1788953747429,298.9854,14.0640,0.8426,0.1870,0.4130,-0.5361,39.13
1788953747429,297.0233,14.2621,0.8834,-0.7898,0.5351,0.2880,39.12
1788953747429,295.4601,14.4203,0.3559,0.3091,-0.2585,0.1049,39.13
1788953747429,298.6527,14.1033,0.6624,0.2481,0.3825,-0.3225,39.11
1788953747429,298.8324,14.0873,0.7618,-0.5150,0.4741,0.1659,39.12
1788953747527,295.7103,14.4012,0.4452,0.6144,-0.2280,0.2575,39.13
1788953747527,298.6875,14.1053,0.3981,-0.1793,-0.0754,-0.3835,39.13
1788953747527,296.1432,14.3618,0.5917,-0.6677,0.1078,0.2575,39.10
1788953747527,296.4854,14.3295,0.3439,0.1565,-0.1364,-0.1698,39.14
1788953747527,295.3067,14.4488,0.1663,-0.2403,-0.0143,0.0744,39.13
1788953747527,296.5501,14.3263,0.2656,-0.1182,-0.1975,0.2270,39.08
1788953747527,294.7954,14.5037,0.2661,0.7365,-0.1975,-0.0477,39.13
1788953747624,292.4880,14.7365,0.2521,-0.4845,0.2909,0.0438,39.13
1788953747624,296.0739,14.3801,0.2597,0.0649,-0.4111,0.3796,39.05
1788953747624,296.3699,14.3522,0.2770,0.1870,0.2909,-0.2309,39.13
1788953747624,293.2552,14.6654,0.3653,-0.5456,0.9014,0.3186,39.12
1788953747624,297.6504,14.2277,0.0257,-0.1793,-0.4111,0.1659,39.11
1788953747624,291.6939,14.8258,0.8475,0.9502,-0.2890,-1.2688,39.12
1788953747716,293.7134,14.6261,0.6218,-1.0340,0.6267,0.2575,39.12
1788953747716,297.8834,14.2105,0.1874,0.4923,-0.4722,0.6238,39.13
1788953747716,292.7436,14.7273,1.1744,1.4386,-0.0143,-1.2077,39.15
1788953747716,293.4630,14.6574,1.0436,-1.5834,1.5119,-0.0783,39.14
1788953747716,295.9389,14.4113,0.3182,0.0955,-0.2890,0.2575,39.12
1788953747716,298.7265,14.1348,1.0902,0.8891,0.1078,-1.0856,39.14
1788953747716,299.0918,14.1001,1.4864,-1.5529,1.6340,0.5017,39.09
1788953747813,295.7551,14.4346,0.2883,-0.1793,-0.4111,0.0133,39.12
1788953747813,298.7097,14.1413,1.0229,0.8281,0.3215,-0.4751,39.19
1788953747813,298.2950,14.1845,1.0721,-0.9729,0.2909,0.4101,39.12
1788953747813,294.5338,14.5621,0.3378,0.1565,-0.5943,0.1965,39.14
1788953747813,299.2445,14.0935,1.3506,0.2176,0.5657,-0.9330,39.08
1788953747813,299.1619,14.1035,1.3036,-0.7592,0.3825,0.5933,39.12
1788953747813,296.0406,14.4169,0.5556,0.5839,-0.6553,0.2575,39.13
1788953747922,299.8585,14.0366,0.5376,0.3397,0.1688,-0.3225,39.13
1788953747922,296.6857,14.3557,1.0641,-0.7592,0.1383,1.0817,39.13
1788953747922,297.7532,14.2503,0.3132,0.3397,-0.0754,0.1659,39.13
1788953747922,301.1016,13.9168,0.5730,0.0649,0.1078,-0.1698,39.15
1788953747922,297.7375,14.2548,0.7289,-0.7898,0.0162,0.4712,39.17
1788953747922,297.6334,14.2663,0.4023,0.4007,-0.2280,-0.0172,39.14
1788953747922,297.0399,14.3276,1.0579,0.3397,0.6878,-0.1393,39.14
1788953748024,295.7132,14.4614,0.1158,-0.1182,-0.1975,0.1354,39.08
1788953748024,296.1742,14.4172,0.7142,0.4312,-0.3196,-0.4446,39.12
1788953748024,294.6766,14.5682,0.2754,-0.4845,0.3215,-0.0477,39.13
1788953748024,297.7485,14.2621,0.0984,0.3091,0.0467,0.5628,39.13
1788953748024,294.9322,14.5453,0.3773,0.9807,-0.2280,-0.2004,39.14
1788953748024,293.9715,14.6429,0.3226,-0.9119,0.3825,0.1354,39.13
1788953748024,297.2487,14.3167,0.1537,-0.0572,0.0467,0.1659,39.14
1788953748024,294.1293,14.6310,0.9697,1.2249,0.0467,-0.7498,39.13
1788953748024,293.5690,14.6887,0.7247,-1.3697,0.7183,0.0438,39.12
1788953748024,297.0296,14.3439,0.2041,0.5228,-0.2890,0.6543,39.12
1788953748024,294.2899,14.6200,1.0854,1.0723,0.1078,-1.1161,39.13
1788953748024,295.0331,14.5473,0.8012,-0.6982,0.6572,0.6543,39.15
1788953748024,296.1757,14.4348,0.6195,0.0649,-0.7469,0.3491,39.12
1788953748024,299.9366,14.0606,1.3586,1.0417,0.1994,-1.1466,39.13
1788953748112,299.0513,14.1502,0.8927,-0.9119,1.0235,0.1659,39.14
1788953748112,296.9957,14.3568,0.2730,0.0344,-0.5638,0.1965,39.14
1788953748112,298.1381,14.2441,0.6208,0.2176,0.5962,-0.6277,39.16
1788953748112,297.9020,14.2699,1.4217,-0.9119,0.9625,0.7459,39.12
1788953748112,297.0508,14.3565,0.4066,0.3702,-0.5638,0.2270,39.13
1788953748112,298.4385,14.2191,0.5197,0.2481,0.3825,-0.2004,39.14
1788953748112,297.7067,14.2943,0.8177,-0.2708,0.4741,0.6543,39.14
1788953748114,296.2165,14.4446,0.3019,0.2481,-0.1669,0.0744,39.13
1788953748114,299.3203,14.1364,0.8722,0.1565,0.9320,-0.4446,39.14
1788953748114,298.3827,14.2319,0.5709,-0.0572,0.0773,0.6543,39.12
1788953748114,295.9543,14.4760,0.3437,0.7670,0.1078,0.3796,39.14
1788953748114,297.9458,14.2789,0.6698,-0.1793,0.2909,-0.4140,39.16
1788953748114,299.0608,14.1691,0.3177,-0.1487,-0.0448,0.0744,39.10
1788953748114,295.6404,14.5129,0.5370,0.3702,-0.2280,-0.2004,39.12
1788953748214,293.8921,14.6890,0.2214,-0.1182,0.0162,0.0438,39.13
1788953748214,298.9748,14.1823,0.1682,0.1565,0.1994,0.4712,39.10
1788953748214,294.2631,14.6548,0.2845,0.3397,-0.2585,-0.4751,39.13
1788953748214,294.5404,14.6284,0.1989,-0.4540,0.1994,0.1049,39.13
1788953748214,297.7041,14.3136,0.2172,0.0344,-0.3806,0.2575,39.21
1788953748214,293.6200,14.7242,0.8843,1.0112,-0.2890,-1.1772,39.15
1788953748214,293.1220,14.7754,0.6210,-1.0645,1.0235,0.3186,39.13
1788953748303,298.1596,14.2726,0.1394,0.0649,0.1688,0.2270,39.18
1788953748303,296.3378,14.4563,0.7433,0.7670,-0.0448,-0.8719,39.13
1788953748303,294.7736,14.6141,0.6534,-1.1866,0.8099,0.2575,39.13
1788953748303,297.0396,14.3892,0.4391,0.0649,-0.5027,0.5628,39.10
1788953748303,293.5533,14.7399,1.4707,1.4386,-0.0754,-1.9708,39.12
1788953748303,294.9245,14.6039,1.2106,-1.5529,1.0541,0.1965,39.13
1788953748305,298.9713,14.1999,0.2229,-0.0266,-0.1059,0.1049,39.13
1788953748305,297.1148,14.3868,0.7941,0.2786,0.4130,-1.0245,39.12
1788953748305,299.9367,14.1063,1.3446,-1.0645,1.1456,0.3491,39.23
1788953748305,296.6300,14.4379,0.4733,0.2176,-0.5943,0.2880,39.16
1788953748305,298.9853,14.2039,0.8769,0.2786,0.5657,-0.8414,39.12
1788953748305,300.1467,14.0890,0.8883,-0.4845,0.5657,0.2880,39.13
1788953748305,297.4092,14.3635,0.2209,0.1870,-0.5638,0.0744,39.14
1788953748305,300.1979,14.0860,0.6810,0.0955,0.5657,-0.4751,39.11
1788953748305,297.6195,14.3454,0.8530,-0.7898,0.0162,0.4101,39.10
1788953748305,296.4815,14.4605,0.5696,0.9502,-0.8080,0.5017,39.12
1788953748305,299.6383,14.1464,0.7445,0.0955,0.4436,-0.4140,39.16
1788953748305,300.4635,14.0650,0.1919,-0.1182,0.0467,-0.1698,39.11
1788953748305,296.8719,14.4253,0.4893,0.6144,-0.1975,0.1659,39.13
1788953748305,299.5229,14.1615,0.4316,-0.3319,0.4436,-0.1393,39.13
1788953748305,296.8817,14.4273,0.6184,-0.1793,-0.2585,0.4407,39.08
1788953748305,294.1896,14.6979,0.2429,0.4312,-0.1975,-0.2614,39.13
1788953748305,296.0966,14.5083,0.1687,-0.3319,0.0162,-0.0172,39.15
1788953748305,297.7665,14.3425,0.0658,-0.0877,0.2299,0.3186,39.07
1788953748305,296.0083,14.5197,0.4297,0.5228,-0.1669,-0.5056,39.12
1788953748305,293.8301,14.7392,0.4932,-1.1561,1.1762,0.0133,39.13
1788953748305,296.8979,14.4336,0.2069,-0.0572,-0.5943,0.3796,39.14
1788953748305,296.4101,14.4839,0.5324,0.6754,0.1078,-0.3835,39.13
1788953748311,294.7638,14.6499,0.5950,-0.9119,0.5046,0.2575,39.13
1788953748417,298.7149,14.2560,0.1536,-0.0572,-0.4111,0.1049,39.14
1788953748417,293.0327,14.8266,1.3816,1.3165,0.3215,-1.4824,39.13
1788953748417,294.4972,14.6815,1.0956,-1.0340,1.0235,0.5322,39.13
1788953748417,299.4687,14.1849,0.0598,0.2176,-0.3806,0.2880,39.14
1788953748417,299.9254,14.1413,1.2419,1.0723,0.0467,-1.2382,39.14
1788953748417,299.4487,14.1902,1.0517,-1.0340,0.8404,0.5322,39.02
1788953748417,296.7264,14.4635,0.2628,0.0955,-0.4417,0.2575,39.10
1788953748417,299.4344,14.1945,0.9739,0.2176,0.4130,-0.9024,39.13
1788953748417,299.3680,14.2026,1.2188,-1.0034,0.8404,0.4712,39.13
1788953748417,296.5947,14.4806,0.2240,0.4923,-0.4417,0.4407,39.12
1788953748504,299.6473,14.1771,1.0015,0.0344,0.7183,-0.9024,39.12
1788953748504,298.9181,14.2513,0.7134,-0.6066,0.0162,0.3186,39.13
1788953748504,295.0008,14.6444,0.6997,0.8586,-0.9911,0.2880,39.13
1788953748504,300.9681,14.0491,0.7991,-0.0877,0.1078,-0.5361,39.13
1788953748504,300.4243,14.1045,0.4221,-0.0877,0.2604,0.3491,39.09
1788953748504,297.4521,14.4025,0.4109,0.5228,-0.1975,0.2880,39.14
1788953748505,299.8216,14.1666,0.4233,-0.1182,0.3215,-0.0783,39.14
1788953748505,297.5262,14.3981,1.1403,-1.0950,0.3520,0.8680,39.12
1788953748505,293.9356,14.7582,0.2268,0.1565,-0.0754,-0.1393,39.12
1788953748511,296.0136,14.5516,0.2820,-0.2708,-0.0143,-0.0783,39.13
1788953748608,299.3674,14.2171,0.2625,0.0955,-0.1669,0.3796,39.14
1788953748608,296.1913,14.5354,0.2851,0.4312,-0.1669,-0.5972,39.13
1788953748608,295.8378,14.5723,0.5126,-0.8508,0.9014,0.1659,39.14
1788953748608,296.4762,14.5094,0.3422,0.0955,-0.5943,0.6849,39.17
1788953748608,296.6167,14.4969,0.7151,1.1333,-0.0448,-0.5667,39.14
1788953748608,294.9179,14.6680,0.7164,-1.1561,0.7488,0.4101,39.13
1788953748608,299.2475,14.2353,0.0745,0.3702,-0.4722,0.5628,39.17
1788953748608,295.9743,14.5640,0.8699,1.0417,-0.0448,-0.8414,39.14
1788953748608,294.6060,14.7021,1.2351,-1.6139,1.2372,0.1659,39.14
1788953748611,297.7437,14.3893,0.2286,0.0649,-0.4722,0.1965,39.13
1788953748709,301.0493,14.0604,1.0510,0.8281,0.0162,-0.9635,39.13
1788953748709,300.2207,14.1443,1.5406,-1.5834,1.7256,0.2880,39.14
1788953748709,297.4044,14.4264,0.2640,0.0649,-0.1364,0.2270,39.14
1788953748709,299.7181,14.1965,1.0005,0.4007,0.3825,-0.7193,39.13
1788953748709,297.7657,14.3928,0.6355,-0.3319,0.1688,0.8985,39.03
1788953748709,297.6356,14.4072,0.3541,0.0955,-0.4417,0.1965,39.14
1788953748709,300.7270,14.0994,0.7946,0.0344,0.5351,-0.6888,39.15
1788953748709,298.1996,14.3531,0.5225,-0.3929,0.4741,0.4407,39.11
1788953748709,298.0549,14.3686,0.3880,0.2786,-0.5027,0.2270,39.14
1788953748711,298.7344,14.3017,0.3687,-0.0266,0.2299,-0.4140,39.12
1788953748803,299.5530,14.2213,0.4188,-0.2708,-0.0143,0.2270,39.12
1788953748803,297.3349,14.4443,0.4371,0.3091,0.0773,-0.0783,39.12
1788953748803,298.6112,14.3178,0.3184,-0.0266,-0.1059,0.1354,39.12
1788953748803,299.1585,14.2648,0.2840,0.3091,-0.1975,0.6238,39.13
1788953748803,293.3201,14.8499,0.2605,0.3702,-0.2890,-0.3225,39.14
1788953748803,295.1056,14.6728,0.1475,-0.5761,-0.1669,0.0438,39.13
1788953748803,298.6343,14.3209,0.0378,-0.1182,-0.2280,0.1659,39.13
1788953748803,294.9846,14.6874,0.5123,0.6449,-0.0754,-0.6582,39.15
1788953748803,294.8451,14.7028,0.3194,-0.8508,0.5351,0.0133,39.13
1788953748811,297.5894,14.4297,0.0832,-0.0572,-0.2585,0.2880,39.14
1788953748907,295.9778,14.5926,0.7814,0.7975,-0.2585,-0.9024,39.13
1788953748907,294.6269,14.7288,0.6312,-1.2476,0.9320,0.1049,39.14
1788953748907,299.4026,14.2518,0.2270,0.1260,-0.1975,0.2880,39.14
1788953748907,295.0702,14.6866,1.1175,1.2859,-0.0448,-1.0856,39.14
1788953748907,295.4910,14.6452,0.8783,-1.1866,0.8709,0.1659,39.13
1788953748907,298.9608,14.2985,0.1243,0.0955,-0.0448,0.1659,39.15
1788953748907,300.2318,14.1736,1.5735,1.3165,-0.0143,-1.5435,39.13
1788953748907,300.4091,14.1570,1.6962,-1.5834,1.2067,0.4407,39.16
1788953748907,297.4062,14.4576,0.1413,0.0649,0.0162,0.1659,39.13
1788953748911,299.8858,14.2110,0.9161,0.6144,0.3520,-0.4446,39.16
1788953749006,297.1198,14.4890,1.1763,-1.2476,0.3215,0.6543,39.17
1788953749006,298.9483,14.3071,0.2366,0.4923,-0.2585,0.4101,39.14
1788953749006,301.0919,14.0939,1.1564,0.3091,0.3215,-0.7803,39.13
1788953749006,299.5946,14.2444,0.8112,-0.6677,0.1994,0.5322,39.13
1788953749006,299.5830,14.2458,0.2061,0.3702,0.1688,0.3186,39.14
1788953749006,297.4781,14.4576,1.1948,0.1870,0.8709,-0.9635,39.14
1788953749006,300.1652,14.1900,0.5132,-0.2403,0.4436,0.3186,39.10
1788953749006,297.9449,14.4131,0.4534,0.3702,-0.4417,-0.0172,39.14
1788953749006,300.2179,14.1866,0.4167,-0.1182,0.0773,0.0133,39.16
1788953749011,299.0845,14.3006,0.1102,0.1260,-0.2585,0.2880,39.13
1788953749107,295.6490,14.6449,0.1883,0.1565,-0.1059,-0.1698,39.12
1788953749107,295.3893,14.6717,0.2424,-0.1487,0.2909,0.3186,39.14
1788953749107,298.9494,14.3169,0.0577,0.0039,-0.1059,0.3491,39.13
1788953749107,295.2259,14.6907,0.7099,0.9502,-0.1364,-0.6888,39.12
1788953749107,294.8606,14.7283,0.3559,-1.0645,0.7183,0.0133,39.13
1788953749107,297.7595,14.4391,0.0685,-0.0266,-0.5332,0.1965,39.14
1788953749107,295.9123,14.6253,0.9785,1.0417,-0.0448,-1.0245,39.13
1788953749107,296.7870,14.5388,0.4650,-0.9119,0.5046,0.1049,39.13
1788953749107,298.2725,14.3912,0.2389,-0.1182,-0.4417,0.1659,39.07
1788953749111,295.1660,14.7034,1.3416,1.5607,-0.0143,-1.0856,39.13
1788953749211,296.7600,14.5445,0.5667,-0.1182,0.3825,1.0512,39.14
1788953749211,297.7970,14.4414,0.2751,0.4007,-0.0143,0.5628,39.16
1788953749211,298.6085,14.3615,0.4941,0.0649,0.2604,-0.8109,39.12
1788953749211,298.6615,14.3579,1.5054,-1.4308,0.9014,0.5017,39.08
1788953749211,298.4641,14.3785,0.2586,0.4312,-0.4111,0.5017,39.13
1788953749211,299.6008,14.2659,0.5197,0.2176,0.1383,-0.3530,39.12
1788953749211,299.3241,14.2949,0.9768,-0.5150,0.3520,0.6849,39.08
1788953749211,297.6253,14.4653,0.2233,0.2786,-0.1364,0.1659,39.09
1788953749211,299.7599,14.2535,0.7742,0.0344,0.5046,-0.5972,39.12
1788953749315,299.5930,14.2715,0.8546,-0.5761,0.0467,0.4407,39.07
1788953749315,296.6964,14.5619,0.3311,0.1870,-0.5332,-0.0477,39.13
1788953749315,299.6940,14.2637,0.5922,0.0649,0.2299,-0.3835,39.14
1788953749315,298.9402,14.3404,0.6727,-0.2708,0.2299,0.4407,39.12
1788953749315,297.4958,14.4859,0.4585,0.4007,-0.4722,-0.0477,39.14
1788953749315,301.0539,14.1307,0.3133,0.1565,0.4436,0.3186,39.14
1788953749315,299.5411,14.2832,0.1330,-0.1182,-0.1364,0.2270,39.12
1788953749315,295.1252,14.7256,0.3075,0.5839,0.1383,-0.1698,39.13
1788953749315,295.8142,14.6574,0.2282,-0.1793,0.3215,0.3796,39.13
1788953749315,298.4333,14.3965,0.0861,-0.1182,-0.4417,0.3186,39.13
1788953749315,295.7258,14.6689,1.1352,1.5301,0.1078,-0.7193,39.13
1788953749413,294.1609,14.8259,0.5338,-0.9119,0.8099,0.3491,39.13
1788953749413,299.7447,14.2680,0.2134,0.0039,0.0467,0.3491,39.13
1788953749413,296.8031,14.5630,0.8714,1.0417,0.4436,-0.9635,39.12
1788953749413,296.0445,14.6396,0.7615,-1.0645,1.1456,0.3186,39.13
1788953749413,297.8124,14.4641,0.6942,0.1870,-0.6859,0.6849,39.14
1788953749413,294.7078,14.7759,1.5651,1.8049,0.1994,-1.7266,39.13
1788953749413,300.3574,14.2113,0.9953,-0.8813,1.0235,0.5628,39.06
1788953749413,298.9655,14.3504,0.1495,0.0649,-0.2280,0.2575,39.11
1788953749413,299.0176,14.3464,1.3242,1.0417,0.8404,-1.0245,39.12
1788953749413,300.6729,14.1818,1.3238,-0.9729,0.6267,0.5322,39.03
1788953749518,298.3176,14.4179,0.4117,0.2176,-0.8385,0.1965,39.12
1788953749518,300.1310,14.2374,0.9527,0.4312,0.4436,-0.7193,39.12
1788953749518,300.8964,14.1615,0.7131,-0.3624,0.0467,0.5322,39.16
1788953749518,298.6693,14.3843,0.1612,0.2481,-0.3196,0.2880,39.14
1788953749518,301.0469,14.1474,0.6061,0.0039,0.2909,-0.0783,39.14
1788953749518,299.7766,14.2755,0.6421,-0.5761,0.4130,0.1659,39.10
1788953749518,297.2286,14.5311,0.4698,0.4312,-0.6553,0.1659,39.13
1788953749518,301.0443,14.1506,0.3457,-0.2708,0.0162,-0.2919,39.14
1788953749518,300.9410,14.1617,0.1295,0.0649,0.1688,0.2270,39.10
1788953749518,295.3875,14.7179,0.2121,0.0649,0.4436,-0.3530,39.13
1788953749606,297.0167,14.5563,0.4449,-0.0877,0.3825,0.2575,39.13
1788953749606,297.6829,14.4908,0.3982,-0.2708,-0.0448,0.4101,39.31
1788953749606,295.7342,14.6869,0.3868,0.9196,-0.2890,-0.2919,39.16
1788953749606,296.8732,14.5734,0.1629,-0.4540,0.3520,0.0744,39.15
1788953749606,298.1332,14.4482,0.2647,-0.0572,-0.3196,0.4712,39.12
1788953749606,297.9149,14.4711,0.5292,0.6144,-0.2585,-0.5667,39.13
1788953749607,295.0278,14.7609,0.6039,-0.8508,0.7183,0.4101,39.12
1788953749607,297.6690,14.4976,0.3525,-0.0572,-0.2585,0.5322,39.13
1788953749607,298.2013,14.4453,0.6181,0.7670,-0.0754,-0.2004,39.14
1788953749861,295.3700,14.7292,0.8105,-1.2476,0.8404,0.0744,39.11
1788953749861,298.9822,14.3685,0.1672,0.0039,-0.3806,0.2880,39.11
1788953749861,300.1943,14.2490,1.2746,1.0417,0.3520,-1.2382,39.13
1788953749861,299.3212,14.3373,1.0813,-0.8813,0.6267,0.6238,39.14
1788953749861,297.4140,14.5282,0.0745,0.3091,-0.1364,0.3796,39.13
1788953749861,299.8776,14.2833,0.8992,0.6144,0.5046,-0.5361,39.10
1788953749861,299.4933,14.3230,1.1290,-1.1255,0.6878,0.5322,39.12
1788953749861,297.2674,14.5464,0.4610,0.4618,-0.5638,0.2880,39.13
1788953749861,301.9478,14.0792,0.5285,0.3091,0.1994,-0.1698,39.13
1788953749861,300.4438,14.2304,0.9564,-0.7287,0.0162,0.5017,39.13
1788953749861,298.3115,14.4439,0.3287,0.6144,-0.3501,0.4407,39.13
1788953749861,302.0692,14.0688,0.5069,-0.0266,0.1078,-0.3225,39.17
1788953749861,299.7213,14.3044,0.4874,-0.4235,0.0162,0.3186,39.14
1788953749861,296.1848,14.6592,1.0582,0.9502,-0.6859,-0.0783,39.14
1788953749960,302.1888,14.0592,0.3161,0.1565,0.3215,0.2575,39.13
1788953749960,299.7700,14.3019,0.1302,0.4007,-0.1975,0.5322,39.16
1788953749960,297.3747,14.5421,0.7175,0.6449,-0.2585,-0.4140,39.12
1788953749960,296.4287,14.6370,0.2091,-0.4235,0.5046,0.1354,39.13
1788953749960,298.0970,14.4715,0.5698,0.0039,-0.5332,0.6238,39.17
1788953749960,295.9561,14.6866,0.6639,0.9196,-0.3196,-0.9330,39.14
1788953749960,296.4028,14.6423,0.4001,-1.0340,0.7183,0.1659,39.12
1788953750070,299.5538,14.3277,0.3575,0.0344,-0.1975,0.5628,39.13
1788953750070,297.6258,14.5210,0.7549,0.9196,-0.0143,-0.8719,39.12
1788953750070,297.0782,14.5766,0.8416,-1.0645,1.1762,0.2880,39.13
1788953750070,298.2929,14.4553,0.4368,0.1565,-0.6859,0.5628,39.16
1788953750070,297.7796,14.5075,1.0159,0.6449,0.1078,-0.9635,39.13
1788953750070,301.4958,14.1367,1.4604,-1.3087,1.2067,0.5628,39.05
1788953750070,299.0993,14.3760,0.1589,0.5228,-0.3501,0.5628,39.12
1788953750070,301.3259,14.1543,1.1304,0.4923,0.4130,-0.7193,39.13
1788953750070,300.0360,14.2841,1.5173,-0.9729,1.1151,0.6849,39.14
1788953750070,297.1655,14.5717,0.3164,0.5533,-0.3501,0.3186,39.14
1788953750070,301.4210,14.1472,0.9299,0.3397,0.5046,-0.4140,39.13
1788953750070,300.5291,14.2373,1.1078,-0.4845,0.1688,0.8985,39.12
1788953750070,298.4213,14.4484,0.3059,0.1870,-0.3196,0.0744,39.13
1788953750070,300.4832,14.2430,0.7157,-0.1182,0.1688,-0.7498,39.14
1788953750172,298.0334,14.4891,0.8988,-0.9424,-0.0143,0.6849,39.13
1788953750172,298.3420,14.4589,0.4793,0.5839,-0.3806,0.2575,39.13
1788953750172,302.0743,14.0862,0.3711,-0.0572,-0.2585,0.0438,39.11
1788953750172,298.9637,14.3978,0.0933,-0.1182,-0.2585,0.1354,39.13
1788953750172,297.3849,14.5564,0.3162,0.5228,-0.0448,0.1049,39.14
1788953750172,294.8374,14.8121,0.3205,-0.5150,0.1383,0.1049,39.12
1788953750276,298.5031,14.4468,0.3592,-0.1793,-0.3501,0.2575,39.12
1788953750276,298.2271,14.4753,0.4917,0.6449,-0.1975,-0.2004,39.14
1788953750276,296.0225,14.6965,0.2928,-0.4540,0.3215,0.5017,39.13
1788953750276,300.1411,14.2853,0.1348,-0.1487,-0.4111,0.1659,39.16
1788953750276,295.1063,14.7898,0.7238,0.8891,0.0467,-0.7803,39.13
1788953750276,295.6572,14.7357,0.6125,-1.0645,0.6878,0.1965,39.13
1788953750276,299.8322,14.3184,0.1962,0.0344,-0.3196,0.1049,39.14
1788953750276,294.9138,14.8121,1.3013,1.4386,0.1078,-1.2077,39.13
1788953750276,295.5609,14.7484,1.0310,-1.2171,0.9320,0.4101,39.14
1788953750276,298.2066,14.4842,0.1175,0.2176,-0.3806,0.3491,39.13
1788953750276,301.8306,14.1231,1.2179,1.0112,0.3520,-0.7498,39.12
1788953750276,300.6469,14.2421,1.5041,-1.0034,1.0235,0.7154,39.23
1788953750276,298.3672,14.4700,0.2440,0.0039,0.0773,0.1659,39.14
1788953750276,302.0573,14.1020,1.0363,0.4923,0.2909,-0.5972,39.09
1788953750390,300.9226,14.2159,0.7433,-0.5761,0.1994,0.1659,39.06
1788953750390,296.1501,14.6937,0.4633,0.8281,-0.8080,0.1659,39.12
1788953750390,302.1563,14.0942,0.7427,-0.0572,0.3215,-0.6888,39.15
1788953750390,301.5095,14.1596,0.8408,-0.6982,0.0162,0.2270,39.09
1788953750390,298.0589,14.5049,0.6090,0.4618,-0.7469,-0.0783,39.14
1788953750390,302.0190,14.1092,0.4828,0.1870,0.4436,0.2270,39.13
1788953750390,297.7312,14.5393,1.1244,-1.1561,-0.0448,0.9291,39.15
1788953750501,299.2170,14.3912,0.3822,0.3091,-0.3501,0.0133,39.12
1788953750501,296.6306,14.6504,0.2842,-0.0572,-0.0143,0.3186,39.12
1788953750501,299.7468,14.3395,0.4404,0.1260,-0.0754,0.6238,39.13
1788953750501,298.1046,14.5039,0.2930,0.4007,0.0162,-0.3225,39.12
1788953750501,296.4863,14.6667,0.7074,-0.8508,0.4130,0.0744,39.14
1788953750501,298.5361,14.4618,0.2076,-0.0877,-0.5332,0.5628,39.12
1788953750501,298.0702,14.5091,0.6707,1.1333,-0.1975,-0.3835,39.14
1788953750605,296.4948,14.6672,0.5921,-1.0034,0.7488,0.3186,39.14
1788953750605,300.5137,14.2650,0.1057,0.2176,-0.1059,0.3186,39.14
1788953750605,295.7377,14.7438,1.0561,1.1028,-0.1059,-1.3908,39.14
1788953750605,296.2137,14.6965,0.9754,-0.8508,1.1762,0.5933,39.13
1788953750605,299.3992,14.3783,0.1620,0.4007,-0.1059,0.5322,39.12
1788953750605,300.9982,14.2198,1.2092,0.8586,0.0773,-1.3298,39.12
1788953750605,300.8796,14.2325,1.5533,-1.6445,1.0235,0.6238,39.06
1788953750696,298.6515,14.4555,0.2746,0.1870,-0.5332,0.4101,39.12
1788953750696,300.9607,14.2257,1.3842,0.5839,0.6878,-0.7193,39.12
1788953750696,299.3460,14.3877,0.8010,-0.6982,0.2299,0.7154,39.16
1788953750696,299.5915,14.3637,0.3220,0.2176,-0.5332,0.2575,39.14
1788953750696,302.0330,14.1202,0.9841,0.3091,0.6572,-0.5361,39.14
1788953750696,300.3643,14.2873,0.5377,-0.3624,0.2909,0.0744,39.06
1788953750696,298.3948,14.4847,0.3881,0.4007,-0.1975,0.2575,39.13
1788953750806,299.2357,14.4014,0.8004,-0.1182,0.4436,-0.7498,39.14
1788953750806,300.3977,14.2862,0.4281,-0.0572,0.3215,0.1965,39.13
1788953750806,298.6792,14.4587,0.3278,0.7060,0.1383,0.3796,39.13
1788953750806,300.3636,14.2907,0.1281,-0.0572,-0.1059,-0.0172,39.13
1788953750806,299.4986,14.3783,0.2595,0.1260,0.3215,0.3796,39.13
1788953750806,294.7169,14.8573,0.3390,0.4312,0.1383,-0.4446,39.12
1788953750806,296.2108,14.7088,0.1325,-0.4845,0.5962,0.0438,39.13
1788953750904,300.4648,14.2840,0.0603,0.3091,-0.4417,0.6849,39.09
1788953750904,295.9564,14.7358,0.6105,0.7975,-0.0448,-0.7193,39.11
1788953750904,295.5294,14.7795,0.5947,-0.8203,0.7793,0.5628,39.11
1788953750904,298.9099,14.4421,0.2157,0.0344,-0.0448,0.3491,39.11
1788953750904,296.7274,14.6614,0.8403,1.1333,-0.1975,-0.7193,39.14
1788953750904,295.5470,14.7800,0.9522,-1.2171,1.3593,0.2270,39.13
1788953750904,300.7271,14.2618,0.1574,-0.0877,-0.3501,0.1049,39.17
1788953750906,296.0365,14.7322,1.3676,1.2859,0.1383,-1.3908,39.14
1788953750906,301.0042,14.2359,1.2238,-1.4003,1.3593,0.1965,39.13
1788953750906,296.6801,14.6683,0.2115,0.4312,-0.1364,0.4712,39.15
1788953750906,302.4215,14.0955,1.4609,0.9807,0.3520,-1.1772,39.18
1788953750906,301.1329,14.2248,1.6668,-0.9119,1.2677,0.7764,39.11
1788953750906,298.6053,14.4776,0.2990,0.2176,-0.4722,0.1659,39.13
1788953750906,301.7497,14.1638,0.9311,0.0955,0.3825,-0.8109,39.13
1788953750906,298.2550,14.5141,1.0458,-0.8203,0.6267,1.2648,39.26
1788953750906,300.1320,14.3268,0.3065,0.2481,-0.2280,0.1965,39.15
1788953750906,301.9034,14.1502,0.9205,-0.0266,0.3520,-0.7498,39.13
1788953750906,300.8047,14.2603,0.6102,-0.5456,0.0773,0.3491,39.12
1788953750906,300.3829,14.3023,0.2337,0.5839,0.2909,0.6543,39.14
1788953750906,299.1340,14.4280,0.8610,-0.0572,0.5351,-0.5056,39.13
1788953750906,297.2192,14.6198,0.1317,0.3702,-0.1059,0.6238,39.08
1788953750906,297.0618,14.6365,0.4544,0.5839,-0.2280,0.0438,39.12
1788953750906,296.7657,14.6666,0.2794,-0.6371,0.0162,-0.0477,39.13
1788953750906,300.3937,14.3038,0.0161,0.1870,0.0162,0.3796,39.10
1788953750906,296.5809,14.6855,0.3806,0.8586,-0.1975,-0.3530,39.13
1788953750906,296.5270,14.6913,0.4514,-1.0950,0.7793,0.1659,39.13
1788953750906,299.7340,14.3710,0.2122,0.0344,-0.4111,0.3796,39.15
1788953750907,296.2782,14.7177,0.8963,0.9807,0.1078,-0.9635,39.13
1788953750907,295.8689,14.7592,0.8158,-1.2782,1.0846,0.1965,39.13
1788953750907,299.0960,14.4365,0.1652,0.0344,-0.3501,0.1965,39.12
1788953750907,295.7233,14.7750,1.3570,1.2554,0.1078,-1.4824,39.13
1788953750907,298.9277,14.4549,0.6681,-0.6982,0.5962,0.4712,39.16
1788953750907,298.6413,14.4843,0.3723,0.1260,-0.5027,0.2575,39.13
1788953750907,302.3067,14.1188,1.5957,1.0723,0.4741,-1.2382,39.08
1788953750907,300.3446,14.3150,0.5769,-0.4235,0.5351,0.3796,39.12
1788953750907,299.1565,14.4340,0.3472,0.0649,-0.5943,0.2575,39.13
1788953750907,300.0595,14.3444,0.7879,0.3702,0.6267,-0.3530,39.13
1788953750907,300.1063,14.3407,0.8487,-0.7898,0.2909,0.5628,39.13
1788953750907,298.2202,14.5298,0.5026,0.4618,-0.5332,0.0744,39.13
1788953750907,300.0439,14.3479,0.5498,0.1260,0.0773,-0.4751,39.12
1788953750911,299.7312,14.3801,0.5881,-0.3014,0.2604,0.3491,39.07
1788953751004,298.3908,14.5144,0.3312,0.2786,-0.0143,0.1049,39.12
1788953751004,301.1968,14.2347,0.3355,-0.1793,0.0467,0.0133,39.14
1788953751004,300.9396,14.2612,0.2898,0.0039,0.0162,0.1354,39.13
1788953751004,296.2117,14.7344,0.2257,0.3091,-0.1059,-0.4446,39.13
1788953751004,295.0959,14.8469,0.2441,-0.6066,0.4436,-0.0783,39.13
1788953751004,298.7522,14.4823,0.2879,-0.0572,-0.0754,0.3491,39.12
1788953751004,297.3306,14.6254,0.4864,0.5839,-0.0143,-0.7498,39.11
1788953751005,295.0493,14.8538,0.3852,-0.5761,0.6878,0.3491,39.13
1788953751005,300.3907,14.3201,0.1957,-0.1182,-0.2585,0.3796,39.13
1788953751011,297.5831,14.6012,0.6679,0.7365,-0.1059,-0.8109,39.13
1788953751101,296.4513,14.7148,0.7820,-0.8508,1.3898,0.5933,39.13
1788953751101,299.5581,14.4042,0.2199,-0.0572,-0.4111,0.0744,39.15
1788953751101,295.6253,14.7994,1.7206,1.6522,0.1383,-1.9098,39.15
1788953751101,295.6027,14.8021,1.6137,-1.9192,1.5730,0.3796,39.13
1788953751101,298.9247,14.4696,0.2327,-0.0266,-0.4417,0.2575,39.12
1788953751101,301.7177,14.1909,1.0781,0.6754,0.6878,-0.7193,39.11
1788953751101,298.2440,14.5387,1.2174,-1.3392,0.6572,0.5628,39.09
1788953751101,300.5666,14.3070,0.5523,0.1870,-0.5943,0.2270,39.13
1788953751101,302.7182,14.0921,1.0449,0.3702,0.6572,-0.4446,39.13
1788953751111,300.4772,14.3164,0.9085,-0.6982,0.1994,0.6849,39.06
1788953751206,300.1139,14.3527,0.3586,0.4312,-0.4722,0.1354,39.12
1788953751206,299.1060,14.4541,1.0154,0.0344,0.9930,-1.1161,39.17
1788953751206,302.4370,14.1213,0.4362,-0.2708,0.2909,-0.0477,39.16
1788953751206,299.3501,14.4304,0.6068,0.4618,-0.2280,0.1965,39.14
1788953751206,301.9340,14.1719,0.3645,-0.1793,0.2299,-0.1698,39.13
1788953751206,301.0691,14.2584,0.0929,0.1565,-0.0448,0.3796,39.19
1788953751206,296.3558,14.7298,0.2780,0.5228,0.2604,0.0133,39.14
1788953751206,296.5700,14.7087,0.1777,0.0649,0.0773,0.5628,39.16
1788953751206,299.6941,14.3969,0.1971,0.0649,-0.1059,0.2880,39.20
1788953751211,296.4734,14.7201,0.7869,0.9502,0.0467,-0.7803,39.13
1788953751310,295.9598,14.7719,0.3816,-0.9119,0.6572,0.1659,39.13
1788953751310,299.1818,14.4502,0.1090,0.0344,0.0162,0.3796,39.11
1788953751310,297.5955,14.6096,0.9159,0.9196,-0.0754,-0.9024,39.13
1788953751310,297.8032,14.5893,0.5861,-0.8203,0.8709,0.2880,39.13
1788953751310,298.8614,14.4841,0.5319,0.0344,-0.5638,0.5628,39.13
1788953751310,297.1866,14.6524,1.2725,1.0112,0.1688,-1.3298,39.13
1788953751310,300.8179,14.2888,0.4548,-0.6066,0.2299,0.1354,39.01
1788953751310,298.9504,14.4756,0.3759,0.4618,0.0162,0.5933,39.11
1788953751310,300.1827,14.3529,0.6412,0.2786,0.4130,-0.5667,39.11
1788953751311,300.6349,14.3088,1.4280,-1.0950,1.0235,0.5322,39.14
1788953751420,298.7407,14.4985,0.4490,0.5228,-0.4417,0.2575,39.13
1788953751420,300.3988,14.3333,0.5326,-0.0877,0.4741,-0.7193,39.13
1788953751420,299.8490,14.3891,0.7241,-0.5456,0.1078,0.1659,39.12
1788953751420,297.9225,14.5822,0.4150,0.4618,-0.5638,0.0438,39.13
1788953751420,300.6062,14.3149,1.0367,0.4312,0.7793,-0.2309,39.14
1788953751420,301.5505,14.2209,0.4444,-0.3014,0.2604,-0.0172,39.08
1788953751420,298.3986,14.5363,0.2783,0.5228,0.1688,0.2880,39.12
1788953751420,300.5535,14.3215,0.6192,0.3091,0.3825,0.0744,39.15
1788953751517,299.1787,14.4595,0.1982,-0.2403,-0.1364,-0.0783,39.16
1788953751517,296.7964,14.6983,0.3411,0.4007,-0.0754,-0.1698,39.13
1788953751517,295.5412,14.8242,0.1327,-0.1487,0.0467,0.1659,39.14
1788953751517,300.7616,14.3026,0.1510,-0.0266,-0.2585,0.3491,39.24
1788953751517,296.9192,14.6873,0.5134,0.7365,0.0773,-0.5972,39.14
1788953751517,295.9325,14.7864,0.3861,-0.9729,0.6267,-0.1088,39.13
1788953751517,299.2275,14.4573,0.1236,0.0649,-0.1975,0.2575,39.12
1788953751608,296.4132,14.7401,1.1335,1.3165,-0.3501,-1.1466,39.14
1788953751608,295.5055,14.8311,1.0107,-1.6445,1.2677,0.1659,39.14
1788953751608,300.3741,14.3440,0.1805,-0.0266,0.1078,0.1659,39.11
1788953751608,297.6641,14.6158,1.2633,0.9502,0.0467,-1.2993,39.13
1788953751608,297.3518,14.6471,0.9696,-1.3697,1.2067,0.0133,39.14
1788953751608,299.8625,14.3964,0.2425,0.0955,-0.0143,0.2880,39.11
1788953751608,303.9200,13.9915,1.9325,1.5301,0.4741,-1.8793,39.12
1788953751609,300.7114,14.3120,0.8890,-0.8508,0.4436,0.3491,39.12
1788953751609,300.2102,14.3618,0.2063,0.0649,-0.0448,0.2880,39.14
1788953751609,299.0273,14.4808,1.0209,0.1870,0.9320,-1.3298,39.13
1788953751609,301.2611,14.2580,0.9488,-0.8203,0.0162,0.1965,39.13
1788953751609,298.6788,14.5167,0.7019,0.7670,-0.5638,0.1965,39.13
1788953751609,301.5636,14.2286,0.8557,0.3702,0.8099,-0.5361,39.13
1788953751609,302.7583,14.1090,0.3783,-0.3929,0.4436,0.0133,39.12
1788953751614,299.8798,14.3965,0.2719,0.3702,0.1994,0.2270,39.13
1788953751741,301.8130,14.2034,0.2929,0.0955,-0.1059,0.1354,39.12
1788953751741,299.1460,14.4707,0.2111,0.3091,-0.2280,0.5933,39.14
1788953751741,296.8227,14.7037,0.5700,0.7975,-0.3196,-0.0477,39.15
1788953751741,295.9332,14.7930,0.1932,0.0039,0.2299,0.3796,39.13
1788953751741,299.1263,14.4741,0.0535,0.1260,-0.2280,0.3796,39.12
1788953751741,296.6824,14.7191,0.5329,0.7975,-0.2585,-0.6888,39.15
1788953751741,297.5790,14.6296,0.4048,-0.4845,0.4436,0.3491,39.13
1788953751741,299.4653,14.4414,0.3250,-0.1487,-0.5332,0.2575,39.13
1788953751741,296.2780,14.7610,0.9780,1.0112,-0.0448,-1.3603,39.14
1788953751741,298.1194,14.5769,0.4304,-0.9424,0.4436,0.1049,39.13
1788953751741,299.0212,14.4870,0.4122,0.1565,-0.4722,0.5322,39.14
1788953751741,298.4373,14.5459,0.8131,0.4007,0.5046,-0.6582,39.12
1788953751741,301.1859,14.2720,1.4110,-1.6445,1.4814,0.2575,39.02
1788953751837,299.2104,14.4696,0.3646,0.1870,-0.5638,0.2575,39.10
1788953751837,301.3086,14.2601,0.5539,0.3091,0.2604,-0.5361,39.13
1788953751837,300.0085,14.3906,0.9572,-0.7287,0.2909,0.4101,39.13
1788953751837,297.9142,14.6000,0.1170,0.1870,-0.4417,0.1965,39.13
1788953751837,301.2710,14.2657,1.1896,0.5533,0.8404,-0.6582,39.12
1788953751837,300.8628,14.3071,0.7994,-0.4540,0.1383,0.3796,39.17
1788953751939,298.1163,14.5816,0.2547,0.6754,-0.2280,0.4407,39.13
1788953751939,300.7040,14.3239,0.8710,0.0955,0.6267,-0.7498,39.14
1788953751939,301.5913,14.2356,0.4793,-0.2403,-0.0448,0.0438,39.02
1788953751939,298.7321,14.5221,0.5511,0.2786,-0.6248,-0.1393,39.13
1788953751939,301.6495,14.2307,0.5240,-0.0572,0.0162,-0.1393,39.12
1788953751939,301.1414,14.2818,0.2062,-0.0266,0.1383,0.2270,39.05
1788953751939,297.4114,14.6551,0.4335,0.4007,-0.3501,-0.3225,39.13
1788953751939,296.4530,14.7510,0.1362,-0.4235,0.3825,-0.0783,39.13
1788953751939,300.3248,14.3643,0.1808,-0.1793,-0.3806,0.1049,39.18
1788953751939,296.2549,14.7723,0.9818,1.4386,-0.1669,-0.4751,39.14
1788953751939,295.1704,14.8811,0.4416,-0.7592,1.3288,0.5933,39.15
1788953751939,300.4331,14.3548,0.1401,-0.0266,0.1688,0.2270,39.12
1788953751939,297.7080,14.6280,0.9373,0.8586,0.1688,-1.2382,39.12
1788953752039,297.3828,14.6605,0.6720,-1.0034,1.1456,0.3491,39.13
1788953752039,299.6842,14.4309,0.4580,-0.1182,-0.2280,0.4101,39.14
1788953752039,296.0689,14.7933,1.6298,1.4996,-0.2280,-1.8793,39.14
1788953752039,298.1198,14.5879,0.8553,-0.9424,0.9625,0.3796,39.12
1788953752039,300.8604,14.3136,0.2791,0.2176,-0.2280,0.4712,39.16
1788953752039,299.4499,14.4550,1.0218,0.5533,0.5657,-1.1772,39.15
1788953752135,302.3542,14.1651,1.3281,-1.0950,0.5962,0.2575,39.18
1788953752135,299.5153,14.4490,0.7297,0.4312,-0.8385,0.2880,39.13
1788953752135,301.6742,14.2333,0.9044,0.1260,0.7183,-0.8719,39.15
1788953752135,303.1702,14.0837,0.6492,-0.2403,0.4130,0.2880,39.14
1788953752135,300.0967,14.3904,0.2061,-0.1182,-0.2280,0.0744,39.14
1788953752135,301.9158,14.2087,0.6459,0.1565,0.1383,-0.2919,39.13
1788953752135,299.8967,14.4113,0.6958,-0.5761,0.1383,0.3186,39.08
1788953752234,297.9012,14.6114,0.5475,0.9196,-0.1669,-0.0172,39.13
1788953752234,301.0303,14.2992,0.4475,-0.2708,-0.0143,-0.1393,39.13
1788953752234,299.0553,14.4970,0.0621,-0.0877,-0.0754,0.2880,39.12
1788953752234,298.0152,14.6016,0.5076,0.6449,-0.2585,-0.2004,39.13
1788953752234,297.5107,14.6521,0.1719,0.0344,0.6267,0.4101,39.14
1788953752234,299.5932,14.4443,0.3151,0.0955,-0.5027,0.7154,39.13
1788953752234,296.9989,14.7041,0.4962,0.7670,-0.1669,-0.7193,39.13
1788953752340,297.6500,14.6390,0.2795,-0.7287,0.1078,0.1659,39.13
1788953752340,299.6225,14.4418,0.2125,-0.0572,-0.5027,0.2880,39.13
1788953752340,297.8146,14.6233,0.7341,0.7365,-0.1975,-0.8109,39.13
1788953752340,295.6817,14.8374,0.9791,-1.3697,1.0541,0.2575,39.12
1788953752340,299.0338,14.5025,0.3090,0.0955,-0.0754,0.4101,39.15
1788953752340,299.0765,14.4986,0.4994,0.4007,0.3825,-0.3225,39.14
1788953752340,299.9276,14.4142,1.0399,-0.8508,1.1762,0.6543,38.97
1788953752340,298.5003,14.5568,0.0414,0.1565,-0.2280,0.3186,39.11
1788953752340,301.4106,14.2672,1.5852,0.8586,0.3215,-1.3908,39.13
1788953752340,301.3085,14.2777,1.0304,-0.9424,0.1688,0.3491,39.13
1788953752340,297.7459,14.6338,0.1285,0.4007,-0.1975,0.2880,39.14
1788953752340,300.5846,14.3509,0.9733,0.3397,0.4741,-0.7193,39.14
1788953752340,301.5717,14.2528,0.8232,-0.5150,0.0467,0.2575,39.14
1788953752340,298.4709,14.5633,0.5894,0.5228,-0.8385,-0.0477,39.13
1788953752340,302.5602,14.1544,0.4311,-0.0266,0.1078,-0.3530,39.12
1788953752340,301.7042,14.2403,0.5428,-0.1182,-0.0143,0.3491,39.08
1788953752340,299.2120,14.4896,0.3006,0.5228,-0.0448,0.2270,39.12
1788953752340,302.2401,14.1868,0.3045,-0.1793,0.1078,-0.1088,39.13
1788953752340,300.2792,14.3836,0.2759,0.1260,0.0773,0.4101,39.06
1788953752340,296.2828,14.7841,1.1915,1.1333,-0.5943,-0.6582,39.10
1788953752431,295.7085,14.8413,0.1731,-0.3624,0.3215,0.3186,39.11
1788953752431,300.7864,14.3337,0.0637,0.0649,-0.2280,0.4407,39.13
1788953752431,297.9826,14.6144,0.7237,0.9807,-0.2585,-0.9024,39.14
1788953752432,297.6404,14.6484,0.4003,-0.7592,0.3520,0.3186,39.13
1788953752432,298.8856,14.5248,0.6589,0.0344,-0.8385,0.7764,39.13
1788953752432,296.4163,14.7723,1.0484,1.2859,-0.0754,-1.4519,39.14
1788953752432,297.6692,14.6470,0.7548,-0.9424,0.7488,0.4407,39.13
1788953752432,300.4568,14.3680,0.3259,0.3397,-0.1059,0.3491,39.14
1788953752432,298.5696,14.5569,0.9840,1.1944,0.2604,-0.5667,39.14
1788953752432,302.8715,14.1274,1.4232,-1.3392,1.2067,0.3796,38.97
1788953752542,299.3271,14.4814,0.3934,0.1260,-0.0448,0.2270,39.13
1788953752542,301.8440,14.2300,0.8697,0.2481,0.5962,-0.8109,39.13
1788953752542,302.3923,14.1752,1.0837,-0.6066,0.5657,0.4712,39.06
1788953752542,299.7386,14.4401,0.2279,0.1870,-0.4417,0.0133,39.11
1788953752542,301.7332,14.2411,0.8291,0.0649,0.4130,-0.8109,39.12
1788953752542,299.8417,14.4309,0.8941,-0.7287,0.0467,0.4712,39.12
1788953752640,297.9180,14.6237,0.6602,1.0112,-0.6859,0.4101,39.15
1788953752640,301.9441,14.2215,0.5998,0.0649,0.1078,-0.1698,39.13
1788953752640,302.3907,14.1771,0.3861,-0.2403,-0.3501,-0.0783,39.13
1788953752640,299.9388,14.4223,0.2771,0.0649,-0.2280,0.0438,39.13
1788953752640,298.1334,14.6030,0.3157,-0.0877,-0.0754,0.0744,39.12
1788953752640,299.0699,14.5100,0.4793,-0.1793,0.0773,0.3186,39.15
1788953752640,297.2894,14.6885,0.3870,0.9196,0.1994,-0.1088,39.12
1788953752743,298.0370,14.6137,0.1607,-0.5150,0.1383,-0.0172,39.14
1788953752743,299.9495,14.4227,0.1381,-0.0877,-0.2280,0.3491,39.14
1788953752743,298.0793,14.6102,0.5819,0.9807,-0.1059,-0.2919,39.14
1788953752743,295.9149,14.8272,0.6354,-1.1561,1.1762,0.1049,39.13
1788953752743,299.2812,14.4910,0.3544,0.0344,-0.6553,0.3796,39.12
1788953752743,298.4969,14.5698,0.7293,0.5839,0.1994,-0.8109,39.13
1788953752743,296.7881,14.7412,1.0606,-1.4003,1.5119,0.1659,39.14
1788953752743,301.7011,14.2495,0.1197,0.0955,-0.1669,0.1659,39.13
1788953752743,302.1789,14.2029,1.4480,1.2554,0.3825,-1.3908,39.13
1788953752743,301.3634,14.2845,1.1880,-0.9119,1.1151,0.6849,39.34
1788953752743,298.8654,14.5339,0.1429,0.6144,-0.0754,0.4712,39.16
1788953752743,300.7527,14.3459,0.8750,0.4312,0.2909,-0.5667,39.16
1788953752743,300.0228,14.4198,1.1935,-1.0340,0.7183,0.5933,39.15
1788953752743,299.3233,14.4900,0.3608,0.3091,-0.2585,0.0744,39.13
1788953752856,301.4547,14.2775,0.8827,-0.1182,0.4741,-0.8414,39.12
1788953752856,301.6842,14.2550,0.8527,-0.3624,0.3520,0.5933,39.11
1788953752856,299.8120,14.4419,0.1918,0.0039,-0.2890,-0.0783,39.14
1788953752856,301.7248,14.2509,0.6829,0.2176,0.4741,-0.2004,39.14
1788953752856,301.4321,14.2804,0.3974,-0.1793,-0.1059,0.0133,39.16
1788953752856,297.0265,14.7218,1.1052,1.1028,-0.9911,-0.1698,39.14
1788953752856,295.4596,14.8785,0.2862,0.0649,0.1994,0.4101,39.12
1788953752962,300.6149,14.3631,0.1972,-0.1793,-0.2280,0.2270,39.10
1788953752962,298.4967,14.5750,0.4088,0.4312,-0.0754,-0.5361,39.13
1788953752962,297.1047,14.7142,0.2232,-0.8508,0.5657,0.0133,39.13
1788953752962,299.3105,14.4944,0.5894,0.4312,-0.2280,1.0512,39.00
1788953752962,296.7324,14.7529,0.8527,1.0417,-0.0143,-1.2993,39.13
1788953752962,297.8199,14.6440,0.5631,-0.7898,0.7793,0.3796,39.13
1788953752962,300.5325,14.3726,0.1943,0.0039,-0.5638,0.3186,39.13
1788953752962,299.2841,14.4974,0.8230,0.7975,0.2604,-0.7803,39.14
1788953752962,297.2696,14.6993,1.1406,-1.2782,1.0541,0.3796,39.13
1788953752962,299.2789,14.4981,0.4825,0.0955,-0.6248,0.3796,39.14
1788953752962,301.8336,14.2430,1.1046,0.5839,0.1383,-0.9635,39.13
1788953752962,302.3980,14.1867,1.2839,-0.6982,0.9014,0.4407,39.27
1788953752962,299.7201,14.4538,0.1584,0.1565,-0.1059,0.2270,39.15
1788953752962,302.9986,14.1264,1.0634,0.0955,0.5351,-0.7803,39.13
1788953753052,301.1168,14.3147,1.0468,-0.8203,0.3825,0.3186,39.12
1788953753052,298.6694,14.5593,0.3574,0.4923,-0.2280,0.2575,39.12
1788953753052,301.5714,14.2697,0.8303,-0.0572,0.3520,-0.5972,39.13
1788953753052,301.4814,14.2792,0.7563,-0.3929,0.2299,0.5322,39.13
1788953753052,299.0871,14.5187,0.3160,0.1870,-0.4417,-0.0172,39.13
1788953753052,301.2693,14.3011,0.5612,0.0344,0.1078,-0.2004,39.13
1788953753052,299.0004,14.5283,0.3514,-0.1182,-0.1059,0.1354,39.13
1788953753143,296.5790,14.7709,0.3409,0.6449,0.1688,0.0438,39.13
1788953753143,298.6652,14.5623,0.2206,-0.2708,0.2299,0.1965,39.14
1788953753143,298.3367,14.5954,0.0593,-0.0877,-0.2280,0.3186,39.12
1788953753143,298.6609,14.5637,0.5257,1.0112,-0.0448,-0.1088,39.12
1788953753143,295.5270,14.8777,0.5245,-1.0034,0.6572,0.1354,39.14
1788953753143,299.7119,14.4595,0.1642,0.1565,-0.2890,0.4407,39.11
1788953753143,298.9706,14.5341,0.5364,0.4618,0.0467,-0.6888,39.14
1788953753252,297.0220,14.7292,0.6192,-1.0034,0.7183,0.3186,39.14
1788953753252,300.7331,14.3580,0.0403,0.1565,0.0467,0.2880,39.14
1788953753252,295.1615,14.9164,1.3809,1.4080,0.1383,-1.3603,39.14
1788953753252,296.8697,14.7459,1.0233,-0.9424,0.7183,0.6849,39.03
1788953753252,298.0935,14.6234,0.0885,0.1260,-0.1669,0.2575,39.12
1788953753252,301.1404,14.3197,1.0917,0.5533,0.2604,-0.9940,39.16
1788953753252,300.8345,14.3508,1.2215,-1.1561,0.4741,0.4407,39.13
1788953753252,298.6338,14.5709,0.3415,0.7670,-0.2890,0.6849,39.13
1788953753252,302.4303,14.1917,0.8902,0.0649,0.2604,-0.7498,39.13
1788953753252,301.8012,14.2548,1.0742,-0.7287,0.1078,0.5017,39.14
1788953753252,299.9195,14.4425,0.2203,0.1565,-0.3501,0.1049,39.15
1788953753252,301.8033,14.2545,0.9245,0.0649,0.5046,-0.6582,39.12
1788953753252,301.1259,14.3225,0.5411,-0.3014,0.2909,0.5322,39.09
1788953753252,297.0723,14.7285,0.9678,0.8891,-0.6859,0.0744,39.13
1788953753252,302.6654,14.1694,0.4849,-0.1793,0.0162,-0.1088,39.12
1788953753252,301.0789,14.3280,0.0191,0.2481,0.2909,0.4712,39.13
1788953753252,298.1566,14.6203,0.5430,0.7060,-0.0143,-0.2309,39.13
1788953753252,297.0412,14.7316,0.2484,-0.3014,0.4436,0.3491,39.13
1788953753252,299.1966,14.5171,0.8221,0.0039,-0.4417,0.8985,39.12
1788953753252,296.5629,14.7807,0.5857,0.9807,-0.2280,-0.6277,39.14
1788953753359,297.6439,14.6726,0.4611,-0.6982,0.9930,0.4712,39.14
1788953753359,300.9827,14.3385,0.1884,0.3091,-0.3806,0.5628,39.13
1788953753359,298.6107,14.5756,0.6716,0.8586,-0.2890,-0.7193,39.13
1788953753359,296.8552,14.7518,1.1028,-1.3392,1.1762,0.3186,39.12
1788953753359,299.0502,14.5317,0.4884,0.5228,-0.8080,0.8375,39.13
1788953753359,298.1163,14.6258,1.2482,1.1028,0.1078,-0.9330,39.13
1788953753359,302.7965,14.1580,1.3947,-1.1255,1.4814,0.5933,39.00
1788953753359,299.9078,14.4461,0.1081,0.1260,0.1994,0.3491,39.13
1788953753359,302.8262,14.1547,1.3603,0.5533,0.1994,-1.2077,39.16
1788953753359,301.3615,14.3012,1.1593,-0.8813,0.5962,0.5322,39.11
1788953753456,298.2403,14.6133,0.3564,0.1870,-0.5332,0.0133,39.14
1788953753456,302.1819,14.2199,1.1250,0.2481,0.5657,-0.8109,39.14
1788953753456,302.0963,14.2286,0.7377,-0.0877,0.1383,0.7154,39.08
1788953753456,298.6387,14.5744,0.4893,0.3702,-0.7164,0.0438,39.14
1788953753456,301.4785,14.2908,0.7021,0.4007,0.1994,0.1354,39.12
1788953753456,299.5121,14.4877,0.6634,-0.5761,0.1688,0.3796,39.13
1788953753546,298.9159,14.5480,0.7441,0.7060,-0.3806,0.0438,39.13
1788953753546,298.5199,14.5875,0.2792,-0.0266,0.3215,0.1049,39.14
1788953753546,299.2238,14.5173,0.1892,0.1260,-0.1669,0.2575,39.14
1788953753546,299.2255,14.5174,0.4767,0.8281,-0.1059,-0.1393,39.13
1788953753546,296.5992,14.7803,0.5255,-0.6677,0.4741,0.1049,39.14
1788953753546,299.5629,14.4842,0.1077,-0.0266,0.0162,0.4101,39.14
1788953753546,299.8164,14.4590,0.4708,0.5228,-0.0754,-0.3835,39.13
1788953753644,296.1536,14.8253,0.5654,-1.1866,0.9930,-0.0477,39.13
1788953753644,301.1351,14.3271,0.2428,-0.0572,-0.2890,0.2880,39.11
1788953753644,295.3782,14.9038,1.2043,1.2249,-0.0754,-1.3298,39.14
1788953753644,296.7452,14.7674,0.9760,-1.3087,1.2067,0.3491,39.12
1788953753644,300.5673,14.3849,0.0972,0.0344,0.0162,0.1354,39.14
1788953753644,301.8208,14.2607,1.1757,1.0417,0.1078,-0.9940,39.13
1788953753644,300.6232,14.3809,1.3061,-1.3392,0.7793,0.4407,39.03
1788953753735,298.4809,14.5952,0.2147,0.2176,-0.4722,0.3491,39.13
1788953753735,302.2996,14.2139,1.2098,0.2786,0.4741,-0.9330,39.12
1788953753735,302.2291,14.2211,1.0863,-0.9119,0.1688,0.1049,39.07
1788953753735,299.4594,14.4974,0.3606,0.4007,-0.5027,0.2880,39.13
1788953753735,302.0722,14.2365,0.9559,0.1260,0.6572,-0.6582,39.13
1788953753735,301.6320,14.2807,0.5733,-0.1793,0.0162,0.6238,39.12
1788953753735,297.1337,14.7309,0.9458,0.8891,-1.2048,0.1354,39.13
1788953753829,302.7802,14.1665,0.6685,-0.2403,0.0162,-0.3225,39.13
1788953753829,302.6429,14.1804,0.4403,0.0649,0.3215,0.2270,39.12
1788953753829,299.6038,14.4842,0.5539,0.3702,-0.4111,-0.1698,39.13
1788953753829,298.3252,14.6120,0.3325,-0.2708,0.1078,0.1354,39.13
1788953753829,299.2054,14.5246,0.6292,-0.2098,-0.3196,0.5628,39.14
1788953753829,296.9612,14.7492,0.3335,0.8281,-0.1669,-0.3225,39.15
1788953753829,297.6562,14.6797,0.3583,-0.6066,0.6878,0.1354,39.14
1788953753922,300.3717,14.4082,0.3405,0.1870,-0.5027,0.6849,39.19
1788953753922,299.1046,14.5346,0.5668,0.6449,-0.1975,-0.6277,39.14
1788953753922,297.8855,14.6571,0.7867,-1.2476,0.9320,0.0438,39.13
1788953753922,299.0080,14.5443,0.4115,0.3091,-0.3196,0.9291,39.12
1788953753922,298.5675,14.5887,0.9642,1.2249,0.0773,-0.6888,39.14
1788953753922,297.1993,14.7256,1.1599,-1.1255,1.0541,0.5628,39.14
1788953753922,299.8008,14.4648,0.1941,0.2481,-0.3806,0.2575,39.12
1788953754036,301.3860,14.3068,1.0186,0.4923,0.1688,-0.9635,39.13
1788953754036,300.8969,14.3561,1.3434,-1.2171,0.7183,0.4101,39.17
1788953754036,297.5666,14.6891,0.3395,0.6754,-0.5638,0.4712,39.14
1788953754036,301.9000,14.2565,0.9981,0.3091,0.5962,-0.8719,39.11
1788953754036,302.1171,14.2349,0.7470,-0.6371,0.1688,0.2575,39.13
1788953754036,298.9020,14.5564,0.3694,0.3397,-0.4722,0.1354,39.12
1788953754036,301.7436,14.2728,0.7450,-0.1182,0.3520,-0.6582,39.13
1788953754134,300.2397,14.4233,0.5973,-0.0572,0.0467,0.7764,39.13
1788953754134,298.8566,14.5619,0.5968,0.3702,-0.3501,-0.0477,39.13
1788953754134,302.8987,14.1576,0.2679,-0.1182,-0.0754,-0.1393,39.13
1788953754134,299.1370,14.5340,0.0714,0.1565,0.0467,0.3186,39.18
1788953754134,298.3788,14.6102,0.3634,0.5533,-0.0754,-0.2309,39.14
1788953754134,296.1180,14.8366,0.1942,-0.3014,0.7183,0.0744,39.13
1788953754134,299.3206,14.5168,0.1902,0.1870,-0.3806,0.5933,39.11
1788953754134,299.7190,14.4772,0.4070,0.4312,-0.1364,-0.3530,39.14
1788953754134,296.3000,14.8193,0.3836,-1.0034,0.3520,0.1049,39.13
1788953754134,300.9893,14.3505,0.0358,0.2786,-0.0143,0.5933,39.14
1788953754134,295.3008,14.9202,1.0350,1.2859,-0.3196,-1.2077,39.13
1788953754134,297.4353,14.7071,0.6969,-0.8813,0.6878,0.4712,39.14
1788953754134,301.1618,14.3339,0.1567,0.1260,-0.1059,0.1965,39.14
1788953754134,296.3787,14.8134,1.2232,1.4386,0.1994,-1.0551,39.13
1788953754134,301.1905,14.3325,1.2149,-1.4918,0.7793,0.5322,39.06
1788953754134,299.1669,14.5349,0.3123,0.0344,-0.3501,0.1354,39.12
1788953754134,301.9176,14.2605,1.2215,0.7670,0.8404,-0.7193,39.12
1788953754134,301.5281,14.2999,1.5834,-1.3697,0.5657,0.5322,39.25
1788953754134,299.0410,14.5482,0.1691,0.3091,0.1078,0.2575,39.15
1788953754134,303.0541,14.1473,0.8429,0.4312,0.3520,-0.3530,39.15
1788953754254,301.9171,14.2610,0.7682,-0.6371,0.2604,0.4407,39.07
1788953754254,297.5587,14.6969,0.7229,0.7060,-0.8385,0.0438,39.12
1788953754254,302.9453,14.1586,0.6776,-0.0572,0.2909,-0.4446,39.14
1788953754254,301.9672,14.2566,0.4857,0.0344,0.4436,0.5628,39.17
1788953754254,299.3898,14.5142,0.5866,0.3702,-0.6248,0.0133,39.14
1788953754254,301.6374,14.2894,0.4305,0.2176,0.2909,0.4101,39.13
1788953754254,299.9754,14.4565,0.8550,-0.5150,0.1688,0.6543,39.13
1788953754254,297.1701,14.7371,0.4151,0.6754,-0.0448,-0.3225,39.13
1788953754254,298.1153,14.6424,0.2484,-0.5761,0.0162,0.0438,39.13
1788953754254,300.5608,14.3975,0.1566,-0.0877,-0.3501,0.2270,39.13
1788953754254,299.1485,14.5384,0.4597,0.6449,0.0773,-0.3835,39.13
1788953754254,297.1576,14.7379,0.5425,-1.0034,0.5962,0.1965,39.12
1788953754365,298.3228,14.6216,0.6302,0.1870,-0.5638,0.9291,39.14
1788953754365,298.5340,14.6010,1.0453,0.8586,0.1688,-1.1466,39.12
1788953754365,297.0424,14.7503,1.2020,-1.5224,1.3898,0.1965,39.13
1788953754365,301.3981,14.3136,0.1987,0.0344,-0.1975,0.1049,39.12
1788953754365,302.5831,14.1954,1.0242,0.6754,0.3215,-0.9024,39.14
1788953754365,300.3444,14.4193,1.2781,-1.4308,1.2372,0.4407,39.03
1788953754365,298.2254,14.6312,0.2985,0.5228,-0.5943,0.4407,39.12
1788953754464,302.6685,14.1878,1.2478,0.2786,0.4436,-0.9330,39.11
1788953754464,301.6646,14.2883,1.1512,-0.8508,0.5657,0.4712,39.14
1788953754464,300.2840,14.4261,0.3636,0.0955,-0.5027,0.0744,39.14
1788953754464,302.0666,14.2480,0.8271,0.0649,0.6267,-0.5361,39.13
1788953754464,300.1519,14.4398,0.7139,-0.6677,0.1078,0.4712,39.12
1788953754464,299.8949,14.4655,0.4820,0.6144,-0.3806,0.3796,39.13
1788953754464,303.7135,14.0837,0.4549,-0.0877,0.1383,-0.3225,39.14
1788953754582,301.1790,14.3371,0.3385,-0.1487,0.3215,-0.0477,39.11
1788953754582,299.0523,14.5501,0.4917,0.3091,-0.0448,-0.1698,39.14
1788953754582,295.6902,14.8865,0.3556,-0.4235,0.1994,-0.0477,39.12
1788953754582,299.0071,14.5554,-0.0070,0.2481,-0.4417,0.5933,39.17
1788953754582,299.3800,14.5185,0.4732,0.7975,-0.2280,-0.0172,39.15
1788953754582,296.7119,14.7853,0.2534,-0.9119,0.4436,0.0133,39.12
1788953754582,300.5479,14.4018,0.0674,0.1260,-0.3806,0.2270,39.15
1788953754582,295.9984,14.8575,0.8793,1.5301,-0.2890,-0.6888,39.12
1788953754582,297.0090,14.7567,0.5828,-1.1561,0.6267,0.1049,39.12
1788953754582,300.9261,14.3647,0.0870,-0.0572,-0.3501,0.1965,39.15
1788953754582,297.0420,14.7539,0.9171,0.8586,0.0162,-1.0856,39.13
1788953754582,296.1811,14.8406,1.2320,-1.5834,1.1762,0.2880,39.13
1788953754582,298.4258,14.6158,0.1603,0.0649,-0.3806,0.2270,39.13
1788953754582,302.3614,14.2230,1.0964,0.4923,0.1994,-1.1772,39.12
1788953754688,302.7039,14.1890,1.5816,-1.2782,1.0235,0.4712,39.11
1788953754688,298.8330,14.5754,0.2651,0.1565,-0.3196,0.1659,39.12
1788953754688,302.9813,14.1611,0.9916,0.1565,0.6267,-0.8414,39.12
1788953754688,301.9778,14.2616,0.8936,-0.5761,0.0773,0.5017,39.12
1788953754688,297.6488,14.6944,0.4852,0.8586,-0.8385,0.1965,39.13
1788953754688,303.1204,14.1476,0.8387,0.0955,0.6267,-0.4446,39.12
1788953754792,302.8949,14.1702,0.4689,-0.1487,0.1994,0.1354,39.12
1788953754792,299.1488,14.5448,0.5490,0.9502,-0.6248,0.4712,39.14
1788953754792,302.7670,14.1827,0.3265,-0.1182,0.1688,-0.0783,39.12
1788953754792,298.4875,14.6116,1.2737,-1.0034,-0.1364,1.0817,39.28
1788953754792,296.7303,14.7875,0.4238,0.2786,0.1994,-0.0783,39.14
1788953754792,298.0822,14.6520,0.2249,0.0039,0.2909,0.2575,39.14
1788953754792,301.6976,14.2904,0.4398,0.0344,-0.1364,0.3796,39.14
1788953754792,299.0102,14.5586,0.4240,0.5228,-0.1059,-0.5056,39.14
1788953754792,298.0338,14.6565,0.5146,-0.6677,0.7183,0.2880,39.13
1788953754792,298.9013,14.5693,0.2151,0.0344,-0.2280,0.5322,39.10
1788953754792,298.8993,14.5698,0.7216,0.7060,-0.1669,-0.8414,39.13
1788953754792,297.0751,14.7525,0.8678,-1.4308,1.0235,0.1659,39.13
1788953754792,300.8616,14.3732,0.1842,0.0955,-0.2280,0.2575,39.15
1788953754792,296.9480,14.7652,1.1191,0.9807,-0.1059,-1.2993,39.14
1788953754894,301.0797,14.3523,1.3225,-1.2171,1.5119,0.6238,39.13
1788953754894,298.1368,14.6465,0.2038,0.1565,-0.1669,0.3186,39.12
1788953754894,302.1192,14.2491,1.2567,0.6144,0.4130,-1.0856,39.13
1788953754894,303.0219,14.1589,1.3046,-0.8813,0.6572,0.4101,39.13
1788953754894,299.7830,14.4824,0.3410,0.5228,-0.4722,0.4712,39.13
1788953754894,302.2336,14.2376,0.9641,-0.0266,0.9014,-1.0245,39.12
1788953754894,300.9327,14.3677,0.6375,-0.3624,0.4436,0.4712,39.14
1788953755003,299.9156,14.4694,0.4022,0.6144,-0.6859,0.3491,39.13
1788953755003,303.0738,14.1536,0.6423,0.0344,0.1078,-0.0783,39.15
1788953755003,300.0423,14.4569,0.4006,-0.4235,0.0773,0.1049,39.15
1788953755003,298.9850,14.5631,0.5812,0.6144,-0.2890,0.1049,39.13
1788953755003,300.2842,14.4334,0.5169,-0.1793,0.1078,-0.2309,39.13
1788953755003,299.1428,14.5481,0.2380,-0.0572,-0.1059,0.1354,39.10
1788953755003,300.2635,14.4364,0.5971,0.4312,-0.1975,-0.3225,39.10
1788953755108,296.7580,14.7867,0.2064,-0.5761,0.1383,0.0744,39.12
1788953755108,301.5681,14.3058,0.0544,-0.0877,-0.2585,0.2880,39.20
1788953755108,296.3983,14.8231,0.5471,0.9807,0.0162,-0.5361,39.15
1788953755108,296.5155,14.8118,0.5171,-1.1255,0.6878,0.0133,39.13
1788953755108,301.3462,14.3285,0.1335,0.3397,-0.4111,0.4712,39.11
1788953755108,296.7485,14.7891,0.9892,1.1333,0.2299,-0.9024,39.13
1788953755108,296.6302,14.8016,1.0512,-1.4918,1.3288,0.0744,39.13
1788953755219,299.6906,14.4954,0.0793,-0.0266,-0.4111,0.1659,39.18
1788953755219,301.9162,14.2738,1.3008,1.3470,0.5046,-0.9330,39.13
1788953755219,301.7189,14.2938,1.6545,-1.7971,1.3593,0.3796,39.14
1788953755219,299.0656,14.5586,0.1256,0.4923,-0.4111,0.5933,39.15
1788953755219,302.7624,14.1892,0.9890,0.6144,0.4130,-0.5056,39.14
1788953755219,302.3865,14.2267,0.9846,-0.5456,0.2299,0.5017,39.07
1788953755219,297.5824,14.7069,0.5382,0.5533,-0.7774,0.1354,39.11
1788953755333,303.0461,14.1611,1.0772,0.0344,0.8404,-0.6888,39.13
1788953755333,302.5331,14.2125,0.7889,-0.5150,0.0467,0.4101,39.12
1788953755333,298.9272,14.5728,0.5707,0.5228,-0.2890,0.0133,39.14
1788953755333,302.2575,14.2397,0.4122,-0.0266,0.4436,-0.2309,39.13
1788953755333,298.7697,14.5892,1.1005,-0.9729,-0.0754,0.9596,39.13
1788953755333,299.9776,14.4685,0.4295,0.4618,-0.1669,-0.1088,39.13
1788953755333,298.2358,14.6426,0.2154,-0.2403,0.1994,0.0133,39.13
1788953755334,300.6554,14.4006,0.2776,-0.1793,-0.2280,0.3186,39.14
1788953755334,299.4375,14.5222,0.4252,0.6449,-0.1059,-0.3225,39.13
1788953755334,297.3632,14.7298,0.4670,-0.6982,0.7183,0.1354,39.13
1788953755334,299.3880,14.5270,0.3201,-0.1793,-0.6553,0.4101,39.11
1788953755334,299.4026,14.5258,0.7365,1.0112,-0.1059,-0.6277,39.13
1788953755334,296.7581,14.7904,0.7275,-1.0340,1.3898,0.5017,39.12
1788953755334,300.7293,14.3928,0.2257,-0.0877,-0.4417,0.0438,39.12
1788953755438,297.4836,14.7179,1.0573,1.1638,-0.1059,-1.0856,39.13
1788953755438,296.9784,14.7685,1.2331,-1.4918,1.1762,0.6543,39.14
1788953755438,298.7203,14.5939,0.1514,0.0344,-0.3806,0.2575,39.15
1788953755438,302.8687,14.1799,1.3038,0.8281,0.1994,-1.4824,39.16
1788953755438,303.1635,14.1504,1.4215,-1.2782,0.8099,0.1965,39.15
1788953755438,299.2706,14.5390,0.1825,0.4618,-0.0448,0.4407,39.14
1788953755535,302.3599,14.2305,1.0242,0.4007,0.6572,-0.7498,39.14
1788953755535,300.0293,14.4637,0.7582,-0.6982,0.5351,0.5628,39.12
1788953755535,300.0314,14.4638,0.4050,0.2481,-0.4111,-0.0172,39.13
1788953755535,302.6740,14.1998,0.9409,0.0039,0.7793,-0.7498,39.13
1788953755535,300.2468,14.4427,0.5346,-0.2098,0.0467,0.4407,39.13
1788953755535,299.9257,14.4748,0.2974,0.2481,-0.2585,0.1659,39.13
1788953755535,300.2551,14.4421,0.5789,0.0344,0.1688,-0.2614,39.13
1788953755640,299.7876,14.4894,0.5265,-0.1487,-0.1059,-0.0172,39.19
1788953755640,299.5262,14.5157,0.2910,0.3091,-0.0754,-0.2004,39.14
1788953755640,296.7352,14.7948,0.1561,-0.2098,0.5962,0.2575,39.12
1788953755640,300.4881,14.4198,0.0939,-0.1487,-0.3196,0.1965,39.10
1788953755640,295.3440,14.9349,0.5275,0.6449,-0.1059,-0.9024,39.13
1788953755640,297.1476,14.7550,0.4188,-1.0340,0.3520,0.2270,39.15
1788953755640,301.1091,14.3589,0.1299,0.0649,-0.5027,0.2880,39.14
1788953755739,297.3941,14.7311,0.8747,0.9502,0.0162,-0.9635,39.13
1788953755739,296.6026,14.8105,0.8662,-1.3087,1.3288,0.3491,39.13
1788953755739,299.6786,14.5029,0.2434,0.1565,-0.4722,0.5017,39.12
1788953755739,297.6869,14.7026,1.1269,1.0723,0.2604,-1.1772,39.14
1788953755739,302.7390,14.1974,1.4677,-1.8887,1.3593,0.2270,39.13
1788953755739,299.8651,14.4839,0.2452,0.0344,-0.3501,0.1049,39.16
1788953755739,303.0706,14.1639,1.1982,0.4618,0.2604,-0.9940,39.15
1788953755853,302.0426,14.2666,1.1872,-0.7898,0.3520,0.6238,39.20
1788953755853,296.6230,14.8084,0.4360,0.4618,-0.7774,0.0744,39.14
1788953755853,303.3453,14.1371,1.3552,0.1260,0.5351,-0.8414,39.12
1788953755853,302.1093,14.2607,0.9674,-0.6982,0.1994,0.2270,39.22
1788953755853,299.4963,14.5217,0.4479,0.3397,-0.7164,-0.0783,39.14
1788953755853,302.0240,14.2689,0.7025,0.0649,0.5657,-0.3225,39.14
1788953755853,299.2531,14.5467,1.0723,-1.1255,0.1383,0.8375,39.13
1788953755966,301.3401,14.3379,0.3120,0.1870,-0.1975,0.0744,39.12
1788953755966,303.2249,14.1492,0.2477,-0.1793,0.0773,-0.1698,39.13
1788953755966,300.9546,14.3763,0.4142,-0.1487,-0.0143,0.4407,39.12
1788953755966,298.8809,14.5833,0.3786,0.6754,-0.2280,-0.1698,39.14
1788953755966,297.9888,14.6728,0.5348,-0.6066,0.8404,-0.0172,39.13
1788953755966,299.4942,14.5219,0.1910,0.0039,-0.2280,0.5017,39.13
1788953755966,299.2601,14.5453,0.4740,0.7365,-0.1975,-0.5667,39.12
1788953756054,297.0065,14.7708,0.6831,-1.2782,1.1762,0.3186,39.13
1788953756054,300.6747,14.4033,0.2908,-0.0266,-0.4111,0.2880,39.14
1788953756054,297.5547,14.7155,0.7628,1.2249,0.4741,-0.5667,39.13
1788953756054,296.6493,14.8062,1.1014,-1.2782,1.4204,0.4712,39.13
1788953756054,299.7493,14.4961,0.0903,0.3091,-0.0143,0.4101,39.13
1788953756054,302.0963,14.2626,1.3404,0.9196,-0.1059,-1.4214,39.13
1788953756054,302.7368,14.1987,1.5314,-1.1866,1.1151,0.6238,39.11
1788953756150,298.9987,14.5720,0.2350,0.1260,-0.4722,0.2575,39.13
1788953756150,302.1270,14.2598,1.4032,0.5228,0.5046,-1.0551,39.12
1788953756150,300.8814,14.3842,0.6296,-0.6982,0.1688,0.3186,39.12
1788953756150,299.6259,14.5098,0.3542,0.3091,-0.6859,0.0744,39.12
1788953756150,302.9799,14.1747,0.9149,0.1260,0.5657,-0.5972,39.13
1788953756150,300.7357,14.3990,0.4955,-0.6066,0.1994,-0.0783,39.13
1788953756150,299.4329,14.5294,0.4307,0.4312,-0.1975,0.2880,39.13
1788953756265,300.0020,14.4729,0.7658,0.0955,0.5046,-0.3530,39.12
1788953756265,301.6851,14.3050,0.3957,0.0955,0.1383,0.1659,39.07
1788953756265,299.5794,14.5158,0.5782,0.3702,-0.3806,-0.1088,39.13
1788953756265,296.9380,14.7797,0.1311,0.0039,0.3520,0.4712,39.16
1788953756265,301.7607,14.2978,0.3667,-0.0266,-0.3806,0.2575,39.12
1788953756265,296.2846,14.8456,0.4606,0.6754,-0.2890,-0.6277,39.14
1788953756265,297.2306,14.7513,0.2212,-0.7592,0.5657,0.1965,39.15
1788953756358,301.0698,14.3671,0.0680,-0.1182,-0.3501,0.1354,39.13
1788953756358,297.3788,14.7369,0.8661,0.8281,-0.0448,-0.9635,39.13
1788953756358,297.1541,14.7595,0.6273,-1.1866,0.7183,0.0438,39.14
1788953756358,299.2864,14.5465,0.4325,0.0955,-0.4722,0.5628,39.11
1788953756358,297.5584,14.7199,1.0086,1.1333,0.3215,-0.9024,39.12
1788953756358,296.2137,14.8545,1.3576,-1.8276,1.5119,0.2270,39.13
1788953756449,299.6738,14.5076,0.1654,0.1260,-0.2585,0.1659,39.11
1788953756449,302.3304,14.2424,0.9652,0.4923,0.1383,-0.9635,39.13
1788953756449,301.6411,14.3114,1.0515,-0.4845,0.4130,0.6238,39.17
1788953756449,297.4071,14.7347,0.3609,0.5228,-0.8080,0.1965,39.13
1788953756449,302.9928,14.1769,1.2503,0.3091,0.5962,-0.9330,39.11
1788953756449,302.4440,14.2319,1.2132,-0.9119,0.2299,0.4407,39.12
1788953756449,299.4016,14.5358,0.5528,0.3702,-0.8080,0.0438,39.11
1788953756552,303.2094,14.1549,0.5542,-0.0877,0.1383,-0.5056,39.13
1788953756552,299.6882,14.5074,1.1213,-0.7592,-0.0143,1.2038,39.12
1788953756552,300.2698,14.4492,0.5501,0.3397,-0.2585,0.1659,39.13
1788953756552,303.2830,14.1476,0.2988,0.0649,-0.0754,0.0438,39.13
1788953756552,301.4245,14.3335,0.6559,-0.4235,-0.0754,0.3796,39.21
1788953756552,298.8186,14.5935,0.1757,0.5533,-0.1975,-0.0477,39.14
1788953756552,297.9531,14.6804,0.5808,-0.4235,0.4741,-0.0172,39.14
1788953756645,298.8645,14.5891,0.1818,-0.0877,-0.5943,0.3491,39.13
1788953756645,298.8510,14.5908,0.7283,1.1028,-0.0754,-0.5056,39.13
1788953756645,297.4555,14.7302,0.5569,-0.8508,0.8404,0.2270,39.14
1788953756645,301.8824,14.2864,0.0954,0.0955,-0.0448,0.2270,39.13
1788953756645,297.4753,14.7273,0.8165,1.3470,-0.0448,-0.5361,39.13
1788953756645,297.1098,14.7640,0.9670,-1.5834,1.1456,0.0133,39.13
1788953756645,299.9465,14.4800,0.1335,0.0344,-0.3806,0.1354,39.17
1788953756745,302.6313,14.2127,1.5722,1.2859,0.6878,-1.5129,39.15
1788953756745,302.4782,14.2280,1.3386,-1.2171,1.2983,0.4712,39.03
1788953756745,298.8731,14.5880,0.2072,0.0039,-0.4722,0.1659,39.11
1788953756745,301.6534,14.3105,1.1980,0.2786,0.4130,-0.9940,39.11
1788953756745,300.3614,14.4398,0.8113,-0.9119,0.3520,0.3491,39.13
1788953756745,298.9645,14.5796,0.4359,0.2786,-0.5943,0.1659,39.13
1788953756745,302.8976,14.1866,1.0332,0.0039,0.4130,-0.6888,39.13
1788953756844,301.4215,14.3339,0.3974,-0.3929,0.2909,-0.0783,39.12
1788953756844,299.0212,14.5740,0.5099,0.4312,-0.6248,0.0744,39.14
1788953756844,300.2443,14.4519,0.8204,0.1260,0.7793,-0.4751,39.13
1788953756844,300.9244,14.3844,0.4566,-0.3014,0.1994,0.2575,39.04
1788953756844,299.4947,14.5275,0.4088,0.2786,0.1078,0.1049,39.12
1788953756844,296.8350,14.7932,0.0533,-0.2708,-0.0448,0.0744,39.13
1788953756844,300.4668,14.4303,0.0299,0.0649,-0.0143,0.3186,39.11
1788953756943,296.0328,14.8742,0.5020,0.7670,-0.2280,-0.5972,39.12
1788953756943,297.2667,14.7511,0.2670,-0.5150,0.5351,0.2575,39.12
1788953756943,300.8417,14.3935,0.2364,0.0039,-0.4111,0.1965,39.16
1788953756943,296.9816,14.7801,0.6719,1.0723,-0.1059,-0.7498,39.14
1788953756943,296.8584,14.7926,0.5771,-1.3087,0.6878,0.1659,39.13
1788953756943,299.0897,14.5698,0.3386,0.1260,-0.6248,0.6543,39.13
1788953756943,297.4137,14.7381,1.0680,1.0112,0.2299,-1.1466,39.13
1788953756944,296.6193,14.8177,1.2043,-1.5834,1.4509,0.2575,39.12
1788953756944,299.3883,14.5400,0.1485,0.0649,-0.4111,0.1965,39.12
1788953756944,302.8849,14.1907,0.8482,0.5228,0.1383,-0.9024,39.11
1788953756944,301.7429,14.3049,1.3215,-0.8813,0.9930,0.5322,39.35
1788953756944,299.2233,14.5565,0.4614,0.4923,-0.7164,0.3186,39.15
1788953756944,304.1990,14.0590,1.2814,0.2481,0.3215,-0.8414,39.19
1788953756944,303.1987,14.1587,1.2398,-0.8508,0.1994,0.2575,39.14
1788953757035,299.3877,14.5391,0.4396,0.5228,-0.4722,0.1049,39.14
1788953757035,301.6686,14.3111,0.7268,0.2786,0.5962,-0.3835,39.14
1788953757035,298.2528,14.6536,1.2747,-0.8813,0.4436,1.4785,39.13
1788953757035,300.4054,14.4385,0.6425,0.4007,-0.6553,0.0438,39.13
1788953757035,303.8978,14.0890,0.4537,0.0955,0.5046,0.0133,39.13
1788953757035,301.0179,14.3768,0.5181,0.0649,-0.0754,0.7459,39.12
1788953757035,299.4811,14.5298,0.1491,0.2176,-0.1975,-0.0783,39.13
1788953757128,298.0936,14.6688,0.8161,-0.4235,0.3825,-0.1698,39.12
1788953757128,298.8694,14.5911,0.2984,-0.1182,-0.4417,0.2880,39.19
1788953757128,298.7559,14.6026,0.5705,0.6144,-0.1669,-0.8109,39.14
1788953757128,297.3758,14.7405,0.4777,-1.0340,0.5657,0.1049,39.13
1788953757128,301.8223,14.2950,0.0832,0.0039,-0.1059,0.3186,39.13
1788953757128,297.5710,14.7204,0.8665,0.8281,0.2299,-1.0551,39.13
1788953757223,297.2973,14.7479,0.8877,-1.4308,1.1151,0.0438,39.13
1788953757223,300.1407,14.4635,0.1503,0.0344,-0.4111,0.1659,39.13
1788953757223,297.6295,14.7155,1.1834,1.0112,0.0773,-1.0856,39.13
1788953757223,302.2688,14.2515,1.3360,-1.4918,1.3288,0.4101,39.12
1788953757223,299.8322,14.4947,0.2166,0.3702,-0.2890,0.4407,39.12
1788953757223,301.3810,14.3403,1.3016,0.7975,0.6267,-0.7193,39.13
1788953757223,300.4295,14.4355,0.8306,-0.8203,0.1994,0.5017,39.14
1788953757320,299.8351,14.4949,0.3053,0.1870,-0.5638,0.2575,39.14
1788953757320,303.1029,14.1684,1.1145,0.0649,0.5351,-0.7803,39.13
1788953757320,301.5667,14.3218,0.4581,-0.1182,0.3825,0.3796,39.13
1788953757320,299.1768,14.5607,0.4752,0.6754,-0.6248,0.3796,39.14
1788953757320,300.2891,14.4496,0.8277,0.4312,1.0235,-0.3225,39.11
1788953757320,301.9370,14.2852,0.4718,-0.2403,-0.0143,-0.0172,39.13
1788953757320,299.6147,14.5175,0.4622,0.1870,-0.2280,-0.0783,39.12
1788953757412,296.2148,14.8574,0.1322,0.0344,-0.0143,0.1659,39.13
1788953757412,300.9525,14.3842,0.1367,-0.0877,-0.1669,0.1659,39.14
1788953757412,295.2806,14.9517,0.2778,0.3702,-0.1364,-0.5361,39.12
1788953757412,296.7249,14.8079,0.2835,-0.6677,0.3825,-0.0783,39.13
1788953757412,301.2050,14.3600,0.1861,-0.1182,0.1383,0.1354,39.11
1788953757412,297.6557,14.7154,0.5633,0.7060,-0.0448,-0.8719,39.12
1788953757412,296.3995,14.8414,0.5702,-0.8508,0.7793,0.5017,39.16
1788953757503,299.4778,14.5337,0.2645,0.2786,-0.5027,0.5933,39.13
1788953757503,297.9941,14.6828,0.9179,1.0723,-0.1059,-0.8719,39.13
1788953757503,296.1507,14.8673,1.1734,-1.5224,1.5119,0.2575,39.13
1788953757503,301.0549,14.3762,0.2393,-0.0572,-0.4111,0.2575,39.13
1788953757503,302.4537,14.2367,1.0437,0.6754,0.1078,-0.9635,39.13
1788953757503,301.1536,14.3668,1.2882,-1.3392,1.2677,0.1965,39.06
1788953757503,296.9998,14.7819,0.2634,0.5533,-0.6248,0.3796,39.11
1788953757505,303.6469,14.1182,1.7318,0.9807,0.4130,-0.8109,39.12
1788953757505,303.5555,14.1270,1.1359,-0.7898,0.2909,0.1659,39.11
1788953757505,299.5300,14.5289,0.4502,0.4007,-0.5638,0.2880,39.12
1788953757505,302.9362,14.1882,0.6574,0.1260,0.7488,-0.5667,39.13
1788953757505,298.3750,14.6447,1.0862,-1.0340,0.2604,1.1733,39.11
1788953757505,301.3967,14.3426,0.4343,0.3397,0.0773,0.3186,39.13
1788953757505,303.6036,14.1218,0.4683,0.0955,0.0773,0.0438,39.12
1788953757506,301.7596,14.3062,0.5918,-0.4845,0.5046,0.2880,39.04
1788953757507,298.5893,14.6227,0.2647,0.0649,-0.0448,-0.3835,39.12
1788953757507,297.7079,14.7109,0.3667,-0.3319,-0.1364,0.0438,39.12
1788953757507,299.3148,14.5500,0.1191,0.0649,-0.2280,0.4101,39.12
1788953757507,299.2270,14.5591,0.6315,1.0112,0.2299,-0.2919,39.13
1788953757507,297.5025,14.7315,0.4390,-0.9729,0.5657,-0.0172,39.12
1788953757507,300.9898,14.3823,0.0333,0.0344,-0.0143,0.2880,39.13
1788953757508,297.9729,14.6842,0.7068,0.8281,-0.1669,-0.9024,39.14
1788953757508,296.9994,14.7815,0.7397,-1.2782,0.9014,0.3491,39.13
1788953757508,300.5995,14.4212,0.2294,0.0039,-0.2890,0.0438,39.17
1788953757508,297.1273,14.7693,1.3648,1.2859,0.1383,-1.1772,39.14
1788953757508,302.9862,14.1835,1.5589,-1.7360,1.6340,0.4101,39.14
1788953757508,299.1994,14.5613,0.2220,0.2176,-0.4722,0.3186,39.13
1788953757508,301.8182,14.3000,1.0919,0.9502,0.1688,-0.5972,39.13
1788953757509,299.4590,14.5360,0.7396,-0.5150,0.4436,1.0512,39.27
1788953757509,299.4322,14.5389,0.3404,0.6449,-0.6553,0.5628,39.15
1788953757509,303.1802,14.1643,0.9234,0.3091,0.3520,-0.5056,39.16
1788953757509,300.7718,14.4050,0.4910,-0.3014,0.5046,0.2880,39.14
1788953757509,299.2202,14.5601,0.4502,0.5228,-0.7164,0.2880,39.12
1788953757509,300.3610,14.4462,0.7415,0.1260,0.3520,-0.5056,39.11
1788953757509,301.4767,14.3352,0.6360,-0.1793,0.2604,0.5322,39.12
1788953757510,300.1833,14.4644,0.3117,-0.0266,-0.3501,-0.0783,39.13
1788953757510,301.2102,14.3616,0.2752,-0.0266,0.0467,0.0133,39.12
1788953757510,301.4391,14.3392,0.1706,0.1260,0.1383,0.3796,39.15
1788953757510,295.8066,14.9027,0.4257,0.4923,0.0467,-0.5361,39.12
1788953757510,297.1922,14.7645,0.2352,-0.4540,0.5046,0.2270,39.10
1788953757510,300.7753,14.4063,0.2243,0.1565,-0.3501,0.3796,39.12
1788953757511,296.8781,14.7964,0.6265,0.7975,-0.1669,-0.7498,39.13
1788953757511,296.7079,14.8138,0.5269,-1.1866,0.6267,-0.0172,39.13
1788953757511,299.6816,14.5162,0.2624,0.2786,-0.2890,0.5322,39.11
1788953757511,297.9590,14.6891,0.8856,1.2249,-0.1975,-0.7803,39.13
1788953757511,295.4473,14.9406,1.2434,-1.7360,1.7256,0.2575,39.13
1788953757511,301.3186,14.3528,0.1790,0.4007,0.1078,0.6238,39.12
1788953757511,303.5439,14.1309,1.2267,0.7975,-0.0754,-1.2688,39.13
1788953757512,301.1723,14.3678,1.1439,-0.8508,0.7488,0.6238,39.09
1788953757512,297.1188,14.7730,0.2966,0.4312,-0.6553,0.2575,39.12
1788953757512,303.6669,14.1193,1.8641,1.0417,0.4130,-1.2382,39.13
1788953757512,302.2946,14.2563,1.3616,-1.0340,0.8404,0.2880,39.07
1788953757512,299.5651,14.5288,0.3495,0.4007,-0.7164,0.0133,39.13
1788953757512,303.0215,14.1831,0.8513,0.3091,0.3825,-0.4751,39.13
1788953757513,300.1704,14.4683,0.9576,-0.9424,0.1688,0.6543,39.14
1788953757513,300.7665,14.4085,0.3915,0.2176,-0.3501,0.0438,39.14
1788953757513,304.1863,14.0663,0.5060,-0.2708,0.0162,-0.3225,39.13
1788953757513,301.1750,14.3674,0.7166,-0.7592,0.2299,0.2880,39.13
1788953757513,300.3721,14.4472,0.3942,0.6144,0.2299,0.0744,39.13
1788953757513,298.0764,14.6772,1.0899,-0.1182,0.7488,-0.4446,39.14
1788953757514,299.8147,14.5032,0.1404,-0.1182,-0.1364,0.2270,39.12
1788953757514,298.8600,14.5988,0.4945,0.9196,0.2299,-0.2004,39.13
1788953757514,298.0000,14.6847,0.3183,-0.7287,0.5046,0.2270,39.13
1788953757514,301.3009,14.3539,0.1169,-0.0266,-0.3196,0.2270,39.13
1788953757514,297.0790,14.7763,0.6284,0.7670,-0.1059,-0.9635,39.13
1788953757514,297.3459,14.7494,0.5996,-1.0645,0.8709,0.1965,39.13
1788953757515,299.9058,14.4935,0.2765,0.0039,-0.4722,0.3491,39.11
1788953757515,297.2871,14.7560,1.1598,0.9502,0.1383,-1.3603,39.13
1788953757515,296.5038,14.8345,1.3437,-1.6139,1.3288,0.3796,39.12
1788953757515,299.4773,14.5365,0.2519,0.4007,-0.4722,0.5628,39.13
1788953757515,302.0422,14.2804,1.2063,0.9196,0.1078,-0.9635,39.14
1788953757515,300.6841,14.4162,0.8042,-0.9119,0.2909,0.4407,39.13
1788953757515,299.1614,14.5683,0.3234,0.3091,-0.2585,0.2880,39.13
1788953757516,303.4876,14.1360,0.9428,0.3702,0.7183,-0.5056,39.15
1788953757516,300.6351,14.4210,0.6055,-0.5150,0.2299,0.2270,39.14
1788953757516,299.1572,14.5688,0.3673,0.3091,-0.3196,0.1659,39.13
1788953757516,300.6676,14.4181,0.8789,0.2176,0.5657,-0.5972,39.18
1788953757516,301.2393,14.3614,0.6613,-0.2098,0.1994,0.6849,39.12
1788953757516,300.0256,14.4830,0.5959,0.3091,-0.4417,-0.0477,39.13
1788953757516,302.0026,14.2848,0.2793,-0.0266,-0.1364,-0.1088,39.13
1788953757516,300.7534,14.4100,0.2136,0.1260,0.0773,0.3491,39.10
1788953757516,296.9200,14.7935,0.3973,0.3702,-0.1975,-0.4751,39.13
1788953757516,297.2138,14.7643,0.1464,-0.3014,0.5351,0.1659,39.13
1788953757517,300.8261,14.4032,0.0529,-0.3319,-0.3806,0.1049,39.16
1788953757517,298.2112,14.6651,0.5228,0.7060,-0.4722,-0.6888,39.14
1788953757517,296.0349,14.8829,0.5216,-1.0034,1.3288,0.2575,39.13
1788953757517,299.2221,14.5644,0.3112,0.0649,-0.2280,0.5628,39.11
1788953757517,297.6929,14.7179,0.8300,0.8891,-0.1669,-1.0551,39.13
1788953757517,296.4792,14.8394,0.9139,-1.3087,1.1151,0.3491,39.12
1788953757517,301.2528,14.3614,0.2657,0.0039,-0.3806,0.1965,39.12
1788953757517,303.2701,14.1604,1.3096,1.4080,0.4741,-1.0856,39.14
1788953757518,302.1224,14.2750,1.4331,-1.2476,1.4814,0.4101,39.09
1788953757518,297.7300,14.7137,0.2594,0.0955,-0.2585,0.2575,39.12
1788953757518,304.5073,14.0367,1.6959,0.7365,0.1994,-1.2993,39.14
1788953757518,302.7366,14.2135,1.6450,-1.0645,0.9625,0.5628,39.13
1788953757777,299.1314,14.5734,0.4142,0.9196,-0.8080,0.5628,39.12
1788953757777,302.7767,14.2090,0.9627,0.0649,0.7183,-0.9024,39.12
1788953757777,298.9279,14.5942,1.0555,-1.2476,-0.0143,0.8070,39.13
1788953757777,300.9026,14.3967,0.4050,0.0649,-0.3806,0.1049,39.12
1788953757777,303.3212,14.1549,0.9104,0.4923,0.2604,0.0133,39.13
1788953757777,301.7205,14.3147,0.4777,-0.0877,0.5046,0.5322,39.11
1788953757777,300.9660,14.3897,0.3580,0.0955,-0.3196,-0.1393,39.13
1788953757777,297.7665,14.7099,1.0063,-0.1793,0.6878,-0.5056,39.12
1788953757777,299.5672,14.5295,0.1171,0.1870,0.1078,0.4712,39.10
1788953757888,299.6085,14.5257,0.6089,0.4923,-0.2280,-0.6277,39.12
1788953757888,297.7690,14.7094,0.3689,-0.7898,0.6572,-0.0172,39.14
1788953757888,301.1296,14.3729,0.0616,0.4007,-0.3501,0.6238,39.13
1788953757888,298.0391,14.6820,0.6081,0.6449,0.0162,-0.9330,39.13
1788953757888,296.9547,14.7904,0.7351,-1.2476,0.7488,0.1659,39.13
1788953757888,300.6724,14.4185,0.1427,-0.0877,-0.3196,0.2270,39.19
1788953757986,296.8345,14.8031,1.2610,1.2859,0.3215,-1.2993,39.13
1788953757986,296.6238,14.8242,1.1689,-1.3697,1.0846,0.5017,39.13
1788953757986,300.3751,14.4486,0.1367,0.5228,-0.1364,0.6543,39.11
1788953757986,302.4478,14.2421,1.4998,1.2859,0.0162,-1.4214,39.14
1788953757986,300.4228,14.4445,0.9511,-0.8813,0.7488,0.4407,39.13
1788953757986,300.1360,14.4731,0.2913,0.2176,-0.1669,0.3491,39.14
1788953757986,304.2115,14.0657,1.1292,0.1260,0.4130,-0.8414,39.11
1788953758088,301.4214,14.3441,0.5314,-0.3319,0.3520,0.3186,39.14
1788953758088,300.1327,14.4728,0.3048,0.3091,-0.4417,0.2575,39.13
1788953758088,300.4347,14.4428,0.6556,0.2176,0.2909,-0.4140,39.13
1788953758088,301.5379,14.3330,0.5528,-0.4235,0.1078,0.2270,39.10
1788953758088,299.0924,14.5779,0.5625,0.4007,-0.6859,0.1354,39.12
1788953758088,300.6289,14.4242,0.4350,0.1565,0.0467,0.1049,39.13
1788953758088,301.1009,14.3778,0.4026,-0.0572,0.1383,0.3186,39.21
1788953758189,295.6956,14.9186,0.3805,0.3091,-0.1975,-0.4140,39.14
1788953758189,296.7595,14.8127,0.1572,-0.5456,0.2299,-0.1698,39.14
1788953758189,301.5276,14.3361,0.0893,-0.0572,-0.1364,0.2270,39.16
1788953758189,297.3961,14.7493,0.4335,0.4618,-0.1364,-0.6582,39.15
1788953758189,296.5021,14.8391,0.4828,-0.8813,0.8099,0.2270,39.14
1788953758189,299.5644,14.5328,0.2179,-0.0266,-0.5332,0.3796,39.13
1788953758189,297.8957,14.7001,0.8022,0.8281,0.2909,-0.8719,39.14
1788953758279,296.4203,14.8477,0.8609,-1.2171,1.0235,0.3796,39.13
1788953758279,301.2876,14.3604,0.0665,0.1260,-0.0143,0.3796,39.17
1788953758279,297.3416,14.7557,1.1077,0.9807,0.6267,-1.2382,39.13
1788953758279,301.6793,14.3220,1.1277,-1.3392,0.8404,0.4101,39.14
1788953758279,297.4573,14.7439,0.2723,0.3091,-0.0754,0.4407,39.13
1788953758279,303.0138,14.1894,1.7213,1.2249,0.5351,-1.3298,39.09
1788953758279,302.9449,14.1962,1.6417,-1.4003,0.9014,0.3186,39.13
1788953758372,300.2147,14.4686,0.3620,0.2176,-0.5027,0.2575,39.12
1788953758372,302.5386,14.2361,0.7856,0.0955,0.5657,-0.6277,39.13
1788953758372,298.9360,14.5967,1.1394,-0.9729,0.1688,1.0206,39.11
1788953758372,300.8898,14.4013,0.4183,0.3091,-0.5638,0.0744,39.13
1788953758372,304.7140,14.0187,0.7439,0.1565,0.2604,-0.2004,39.17
1788953758372,301.6438,14.3253,0.5703,-0.6371,0.3215,0.5933,39.09
1788953758372,301.5564,14.3332,0.2192,0.3091,0.1688,0.2575,39.12
1788953758469,299.9601,14.4932,1.0526,0.0649,0.6572,-0.5056,39.13
1788953758469,299.2919,14.5599,0.0611,0.1870,0.1383,0.4712,39.16
1788953758469,298.5078,14.6387,0.6193,0.8891,-0.1364,-0.0172,39.13
1788953758469,297.1822,14.7711,0.2676,-0.6371,0.2909,0.1049,39.13
1788953758469,301.4317,14.3456,0.0872,-0.0572,0.0467,0.2270,39.10
1788953758469,298.1714,14.6715,0.4634,1.0417,0.2604,-0.2614,39.13
1788953758469,297.1126,14.7773,0.5509,-0.8813,0.9014,0.2575,39.13
1788953758565,300.0955,14.4791,0.3437,0.0039,-0.6248,0.3796,39.13
1788953758565,297.5685,14.7327,1.1013,0.9807,-0.2585,-1.2382,39.13
1788953758565,296.7489,14.8147,1.0869,-1.5224,1.0846,0.2880,39.13
1788953758565,299.7111,14.5181,0.2417,0.2481,-0.5027,0.4101,39.11
1788953758565,301.8492,14.3046,1.2433,0.8281,0.3520,-0.9330,39.14
1788953758565,299.6436,14.5251,0.7600,-0.9119,0.3215,0.3796,39.15
1788953758565,300.5455,14.4348,0.2146,0.0649,-0.1975,0.2880,39.14
1788953758672,303.6698,14.1227,1.4368,0.2481,0.6267,-1.0551,39.14
1788953758672,301.5437,14.3349,0.7585,-0.5761,0.1383,0.2270,39.13
1788953758672,300.1996,14.4690,0.3623,0.5228,-0.5638,0.4101,39.14
1788953758672,300.4520,14.4438,0.8947,-0.0572,0.9625,-0.8109,39.13
1788953758672,302.1036,14.2790,0.5614,-0.4540,0.1078,0.2270,39.13
1788953758672,299.7869,14.5107,0.5052,0.2786,-0.5332,0.0744,39.14
1788953758672,301.0661,14.3828,0.3914,0.2176,-0.0754,0.2270,39.15
1788953758763,300.9685,14.3931,0.4138,-0.0572,0.0162,0.5017,39.13
1788953758763,296.3817,14.8518,0.2950,0.0955,0.0162,-0.4140,39.14
1788953758763,297.2194,14.7683,0.1228,-0.5456,0.0162,-0.0783,39.15
1788953758763,301.1411,14.3762,0.1632,-0.0877,-0.1364,0.1354,39.14
1788953758763,297.4431,14.7464,0.5673,0.8891,-0.0143,-0.6582,39.14
1788953758763,297.1740,14.7734,0.3912,-0.9729,0.5351,-0.0172,39.14
1788953758859,300.0324,14.4878,0.1801,0.2481,-0.3196,0.6849,39.12
1788953758859,297.2611,14.7655,0.8807,1.3470,0.0467,-0.7193,39.13
1788953758859,296.7150,14.8200,0.8000,-1.3697,1.0235,0.2270,39.13
1788953758859,301.4556,14.3453,0.1610,-0.0572,0.0162,0.1965,39.09
1788953758859,298.5204,14.6392,0.9997,0.6754,0.3215,-1.0551,39.13
1788953758859,301.8510,14.3061,1.3642,-1.4918,1.3288,0.5322,39.13
1788953758859,298.1131,14.6792,0.1217,0.0344,-0.3806,0.1965,39.14
1788953758960,302.0651,14.2849,1.4274,0.9502,0.5962,-1.2993,39.13
1788953758960,302.4740,14.2443,1.8469,-1.2476,0.9320,0.8070,39.13
1788953758960,299.7573,14.5154,0.3271,0.2481,-0.4111,0.0133,39.13
1788953758960,302.2349,14.2677,0.6654,0.4007,0.8099,-0.5361,39.14
1788953758960,298.7401,14.6176,1.2632,-1.2476,0.2909,1.2038,39.13
1788953758960,300.6398,14.4275,0.4570,0.2786,-0.5027,0.0133,39.09
1788953758960,303.9359,14.0978,0.6362,0.0344,-0.0143,-0.2919,39.13
1788953759056,302.0285,14.2883,0.6152,-0.6677,0.5962,0.3491,39.13
1788953759056,301.1672,14.3737,0.2636,0.2176,-0.2890,0.0744,39.13
1788953759056,300.2199,14.4687,0.9205,-0.1487,0.3520,-0.5056,39.12
1788953759056,298.7932,14.6112,0.1837,-0.1487,-0.2585,0.1049,39.08
1788953759056,298.7538,14.6155,0.6525,1.1028,-0.3806,-0.1088,39.14
1788953759056,298.8619,14.6045,0.2205,-0.6066,0.5351,0.0133,39.13
1788953759056,300.7290,14.4172,0.1760,0.0344,-0.0448,0.3186,39.17
1788953759152,297.6676,14.7234,0.5273,0.9807,-0.1364,-0.5361,39.13
1788953759152,297.9395,14.6961,0.5136,-1.0645,0.7793,0.0744,39.14
1788953759152,300.8499,14.4048,0.1414,0.2176,-0.3196,0.4101,39.13
1788953759152,297.0516,14.7854,1.1303,1.5607,0.0162,-0.9024,39.13
1788953759152,296.0948,14.8813,1.3439,-1.8581,1.6340,0.3186,39.13
1788953759152,300.3173,14.4583,0.1123,0.2786,-0.1364,0.3491,39.15
1788953759152,301.7488,14.3157,1.5795,1.6217,0.8404,-1.0551,39.14
1788953759153,300.6770,14.4229,0.8462,-0.9424,0.6267,0.1659,39.14
1788953759153,299.4247,14.5482,0.3365,0.1260,-0.3196,0.1965,39.13
1788953759153,303.2650,14.1646,1.3382,0.6144,0.4436,-0.6582,39.12
1788953759153,300.9113,14.3995,0.5476,-0.6066,0.3825,0.0744,39.13
1788953759153,299.3593,14.5546,0.2648,0.2786,0.1383,0.1354,39.14
1788953759153,300.7323,14.4174,0.8282,0.4007,0.9014,-0.2614,39.13
1788953759153,301.7930,14.3118,0.5314,-0.5150,0.0162,0.0438,39.10
1788953759251,299.2285,14.5684,0.5666,0.5839,-0.4111,0.1965,39.13
1788953759251,300.7179,14.4195,0.3788,0.0955,0.0162,0.0133,39.12
1788953759251,300.1112,14.4809,0.4887,-0.4845,-0.1059,0.2575,39.16
1788953759251,297.1600,14.7764,0.5559,0.7060,-0.1975,0.0133,39.14
1788953759251,297.5326,14.7393,0.2837,-0.3319,0.6267,-0.0172,39.13
1788953759251,302.0645,14.2860,0.0610,0.1260,-0.1975,0.4407,39.05
1788953759251,298.7564,14.6168,0.4189,0.6449,-0.2280,-0.5972,39.12
1788953759350,296.3395,14.8588,0.4499,-0.8203,0.5962,0.3796,39.13
1788953759350,299.4439,14.5484,0.3272,0.0344,-0.2890,0.3186,39.13
1788953759350,298.5427,14.6389,0.6470,0.8281,-0.1059,-0.8414,39.13
1788953759350,296.3276,14.8606,0.9141,-1.2171,1.5119,0.4712,39.14
1788953759350,301.1732,14.3753,0.1385,0.0344,-0.3196,0.3186,39.16
1788953759350,297.5174,14.7415,1.1933,1.2859,-0.1364,-0.9024,39.14
1788953759350,300.7648,14.4164,0.9539,-1.1866,0.8404,0.3491,39.08
1788953759451,296.7292,14.8198,0.1430,0.1870,-0.1975,0.3186,39.12
1788953759451,303.4091,14.1529,1.5354,0.8891,0.2909,-1.4214,39.12
1788953759451,302.7252,14.2213,1.7580,-1.5834,0.9625,0.1354,39.12
1788953759451,299.9347,14.4996,0.2532,0.1870,-0.0448,0.1049,39.11
1788953759451,302.3729,14.2557,0.7084,0.3702,0.6878,-0.3530,39.13
1788953759451,298.8550,14.6079,1.1455,-1.3697,0.2604,0.9291,39.12
1788953759451,300.8134,14.4121,0.3856,0.6144,-0.3196,0.2575,39.13
1788953759543,302.7142,14.2221,0.8602,-0.1182,0.3520,-0.5972,39.14
1788953759543,302.0692,14.2865,0.7570,-0.2708,-0.0143,0.7459,39.07
1788953759543,301.9908,14.2934,0.1790,-0.0572,0.2909,-0.1698,39.11
1788953759543,300.7085,14.4216,0.6000,0.0039,0.4130,-0.2614,39.14
1788953759543,299.3076,14.5615,0.2153,-0.1182,-0.1975,0.0133,39.18
1788953759543,298.4602,14.6466,0.6042,0.4923,-0.3501,-0.6277,39.16
1788953759656,297.8055,14.7119,0.2442,-0.6982,0.9014,-0.2004,39.14
1788953759656,301.0868,14.3833,0.0706,0.2176,-0.2280,0.5322,39.12
1788953759656,297.9772,14.6943,0.4316,0.5839,-0.2890,-0.7803,39.13
1788953759656,297.5157,14.7403,0.5077,-0.9424,1.0541,0.3491,39.13
1788953759656,300.3064,14.4612,0.2573,0.0649,0.2299,0.3186,39.14
1788953759656,297.7093,14.7217,1.1228,1.1638,0.0773,-1.1161,39.13
1788953759656,296.7328,14.8195,1.1349,-1.2782,1.5425,0.4407,39.13
1788953759750,299.7525,14.5171,0.3208,-0.0266,-0.5027,0.1965,39.14
1788953759750,301.8629,14.3064,1.1913,0.7975,0.1078,-1.1466,39.14
1788953759750,300.4794,14.4446,0.8127,-0.5761,0.6572,0.6238,39.14
1788953759750,300.0611,14.4862,0.2217,0.0649,-0.4111,0.1659,39.14
1788953759750,303.2046,14.1722,1.1851,0.3702,0.7183,-0.8719,39.14
1788953759750,300.8570,14.4066,0.6357,-0.3929,0.6572,0.5322,39.14
1788953759750,299.2992,14.5623,0.3679,0.2786,-0.5943,0.0438,39.15
1788953759866,300.7784,14.4146,0.8775,0.0039,0.5046,-0.7498,39.14
1788953759866,301.1888,14.3740,0.6050,-0.2708,0.1994,0.4101,39.13
1788953759866,300.0077,14.4923,0.6019,0.7975,0.0162,0.4101,39.13
1788953759866,301.4261,14.3503,0.3498,-0.0877,-0.1364,-0.2004,39.13
1788953759866,301.2484,14.3684,0.4745,-0.2708,-0.1669,0.1659,39.12
1788953759866,296.2581,14.8675,0.3312,0.4618,-0.1669,-0.2309,39.14
1788953759866,297.4926,14.7443,0.2300,-0.4540,0.3215,-0.0477,39.12
1788953759969,302.0725,14.2862,0.0146,0.2786,0.1688,0.3491,39.15
1788953759969,297.2637,14.7673,0.4057,0.5839,0.1078,-0.6277,39.14
1788953759969,296.9072,14.8034,0.4553,-0.9119,0.7488,0.1965,39.14
1788953759969,298.8318,14.6110,0.1804,0.0955,-0.3806,0.4712,39.15
1788953759969,297.8438,14.7104,0.8102,1.3775,0.3215,-0.8109,39.12
1788953759969,296.8822,14.8065,0.7735,-1.4003,0.8099,0.1049,39.12
1788953759969,301.5291,14.3411,0.1533,0.2176,-0.0448,0.4712,39.12
1788953760058,297.8105,14.7134,0.9647,1.0417,0.1688,-0.8414,39.13
1788953760058,301.4966,14.3447,1.2397,-1.6445,0.8404,0.1965,39.13
1788953760058,297.2231,14.7715,0.2361,0.0955,-0.3196,0.1965,39.14
1788953760058,302.8637,14.2086,1.7481,1.2859,0.3520,-1.2993,39.11
1788953760058,302.8499,14.2100,1.6065,-0.9729,0.9014,0.6543,39.12
1788953760058,299.2075,14.5735,0.2888,0.1870,-0.5638,0.0438,39.13
1788953760058,302.4877,14.2456,0.7237,0.1565,0.5962,-0.6277,39.14
1788953760158,298.9039,14.6043,1.1822,-1.2171,0.4436,0.8070,39.12
1788953760158,300.8686,14.4079,0.4906,0.3397,-0.5638,0.1049,39.09
1788953760158,304.0779,14.0867,0.5747,-0.0877,0.0162,-0.3225,39.12
1788953760158,302.1194,14.2822,0.5164,-0.6371,0.1383,0.2880,39.10
1788953760158,301.2013,14.3734,0.3518,0.0649,-0.3196,-0.2004,39.12
1788953760158,300.2625,14.4674,0.9063,-0.1182,0.8709,-0.5972,39.13
1788953760158,299.0688,14.5867,0.2350,-0.1182,-0.3501,0.1354,39.22
1788953760254,298.9876,14.5951,0.5562,0.5533,-0.2280,-0.4140,39.16
1788953760254,297.5373,14.7398,0.2344,-0.3929,0.5657,0.2270,39.14
1788953760254,301.9452,14.2982,0.1975,-0.0877,-0.4417,0.2270,39.14
1788953760254,297.4879,14.7438,0.5087,0.4923,-0.1669,-0.7803,39.14
1788953760254,296.7370,14.8189,0.6394,-1.2171,0.8709,0.2880,39.13
1788953760254,300.7508,14.4174,0.2028,0.0955,-0.3196,0.4407,39.17
1788953760254,297.1913,14.7743,1.1896,1.3165,0.3215,-1.0551,39.14
1788953760365,297.0488,14.7887,1.0357,-1.5224,1.0541,0.2880,39.14
1788953760365,299.9154,14.5015,0.2205,0.2481,-0.1669,0.4101,39.13
1788953760365,301.8244,14.3112,1.4895,1.5301,0.0467,-1.0245,39.12
1788953760365,300.3162,14.4620,0.7727,-0.8508,0.5962,0.5322,39.16
1788953760365,300.1154,14.4820,0.2790,0.0039,-0.5332,0.2575,39.13
1788953760365,303.6409,14.1298,1.2861,0.5533,0.4130,-0.6888,39.15
1788953760365,301.2518,14.3682,0.4924,-0.5456,0.0773,0.1965,39.12
1788953760365,298.9102,14.6024,0.3552,0.3702,-0.1059,0.0744,39.14
1788953760365,300.1959,14.4742,0.7788,0.0344,0.5046,-0.8414,39.13
1788953760365,301.3833,14.3561,0.7603,-0.5150,0.2604,0.4101,39.10
1788953760365,298.7949,14.6152,0.6010,0.7365,-0.6553,0.2575,39.13
1788953760365,301.2866,14.3660,0.3995,-0.0572,-0.0448,-0.2004,39.13
1788953760365,300.6991,14.4251,0.4509,-0.3014,0.0162,0.1659,39.13
1788953760365,296.3293,14.8620,0.1824,-0.0266,-0.1364,-0.2614,39.13
1788953760455,297.2609,14.7692,0.2662,-0.3014,0.1078,0.1049,39.13
1788953760455,301.8317,14.3121,0.1154,-0.2098,0.2299,0.0744,39.13
1788953760455,297.8002,14.7154,0.4937,0.6754,-0.1975,-0.8414,39.12
1788953760455,296.7045,14.8252,0.3959,-0.6066,0.6878,0.3186,39.14
1788953760455,299.7137,14.5244,0.1809,0.0344,-0.1364,0.4101,39.15
1788953760455,297.6102,14.7352,0.7204,1.2859,-0.1059,-0.6277,39.14
1788953760553,296.7804,14.8182,0.7496,-1.4308,0.9320,0.1049,39.12
1788953760553,301.4827,14.3474,0.2761,0.2786,-0.3806,0.5322,39.12
1788953760553,297.8023,14.7159,1.0475,0.9196,-0.0143,-1.1161,39.14
1788953760553,296.9605,14.8002,1.1850,-1.4003,1.3593,0.3186,39.09
1788953760553,298.0339,14.6925,0.1329,0.0344,0.1994,0.2575,39.11
1788953760553,302.9620,14.2006,1.5625,1.1028,0.4130,-1.4519,39.15
1788953760553,303.1588,14.1808,1.6849,-1.0950,1.1151,0.6543,39.14
1788953760668,300.0992,14.4858,0.2586,0.1565,-0.1975,0.0133,39.13
1788953760668,302.4493,14.2508,0.7936,0.1565,0.4436,-0.7193,39.13
1788953760668,299.4970,14.5463,1.1742,-1.1561,0.1383,0.9901,39.12
1788953760668,300.4778,14.4481,0.5047,0.2786,-0.6553,0.0133,39.14
1788953760668,303.6769,14.1282,0.7787,-0.0877,0.3215,-0.3530,39.14
1788953760668,302.3379,14.2618,0.6206,-0.5456,0.0467,0.1965,39.13
1788953760668,300.4804,14.4469,0.4631,0.4007,-0.4417,0.0744,39.13
1788953760771,300.5987,14.4353,0.9332,-0.2403,0.3215,-0.6888,39.15
1788953760772,299.5267,14.5423,0.1810,0.1870,-0.1364,0.5322,39.13
1788953760772,299.4537,14.5499,0.8031,0.7060,-0.5638,-0.4140,39.17
1788953760772,297.8075,14.7140,0.2440,-0.4235,0.3520,0.0133,39.14
1788953760772,301.0019,14.3942,0.0598,0.1565,-0.4111,0.6543,39.19
1788953760772,297.8649,14.7077,0.4791,0.9502,-0.2585,-0.3530,39.14
1788953760772,296.8737,14.8069,0.6468,-1.1561,1.0541,0.1354,39.12
1788953760772,300.6219,14.4319,0.0571,0.1260,-0.2280,0.4407,39.11
1788953760772,296.8212,14.8128,1.0345,1.1028,-0.0754,-1.1466,39.13
1788953760772,297.0296,14.7922,0.9677,-0.8813,1.0235,0.7764,39.13
1788953760772,299.6483,14.5299,0.2052,0.0649,-0.5027,0.2270,39.16
1788953760772,301.6290,14.3326,1.4362,1.1638,0.1078,-1.5435,39.14
1788953760772,299.9936,14.4960,0.5986,-0.4540,0.4436,0.6543,39.13
1788953760772,299.8318,14.5123,0.2603,0.2176,-0.5943,0.3186,39.13
1788953760868,303.9890,14.0969,1.2390,0.3091,0.6878,-0.8719,39.14
1788953760868,300.9446,14.4009,0.6451,-0.6371,0.1078,0.0744,39.14
1788953760868,299.3217,14.5630,0.3241,0.4923,-0.5027,0.1965,39.13
1788953760868,301.3434,14.3609,0.6983,0.1260,0.7488,-0.5361,39.11
1788953760868,301.6093,14.3348,0.7325,-0.5150,-0.0143,0.3796,39.20
1788953760868,300.2831,14.4675,0.5038,0.5228,-0.1364,0.4407,39.14
1788953760868,301.7174,14.3239,0.2663,-0.1182,0.1994,-0.1088,39.12
1788953760962,301.0983,14.3861,0.2841,-0.1487,0.2299,0.1049,39.13
1788953760962,297.1563,14.7805,0.4531,0.4618,-0.1059,-0.2919,39.13
1788953760962,296.9713,14.7992,0.2395,0.0649,0.3215,0.4407,39.12
1788953760962,301.7315,14.3234,0.1812,-0.1487,-0.2890,0.0438,39.14
1788953760962,296.7199,14.8248,0.4894,0.9502,-0.1975,-0.4140,39.13
1788953760962,296.7102,14.8261,0.4424,-1.0340,1.1762,-0.0477,39.12
1788953760962,299.6765,14.5294,0.2164,0.2176,-0.4722,0.4712,39.10
1788953761058,297.6272,14.7348,0.7259,0.8891,0.0773,-1.0245,39.14
1788953761058,296.7778,14.8198,0.8029,-1.1255,0.9625,0.4101,39.13
1788953761058,301.3792,14.3590,0.1908,-0.0266,-0.1364,0.1354,39.08
1788953761058,297.7410,14.7234,1.1666,1.0112,-0.0448,-1.1772,39.12
1788953761058,296.9070,14.8066,1.1908,-1.2782,0.9320,0.4101,39.07
1788953761058,298.0813,14.6889,0.1779,0.1565,-0.3196,0.3491,39.13
1788953761058,302.5909,14.2387,1.4321,1.0112,0.4436,-1.0551,39.12
1788953761159,303.8420,14.1135,1.7364,-1.0340,1.6340,0.5017,39.14
1788953761159,300.0247,14.4943,0.3792,0.1260,-0.5943,0.2270,39.15
1788953761159,303.4189,14.1546,0.7278,0.0344,0.3825,-0.5667,39.13
1788953761159,299.3185,14.5647,0.9856,-1.1561,-0.0143,0.6238,39.12
1788953761159,301.4039,14.3562,0.4252,0.3091,-0.4111,0.1354,39.14
1788953761159,303.7054,14.1260,0.8010,0.2176,0.1994,-0.1698,39.14
1788953761159,301.7649,14.3200,0.6118,-0.6677,0.2299,0.3491,39.13
1788953761257,300.9783,14.3981,0.4157,0.3397,-0.2890,0.0133,39.13
1788953761257,301.2915,14.3667,0.7483,-0.0572,0.4741,-0.2309,39.12
1788953761257,299.7187,14.5239,0.2249,-0.0266,0.1383,0.3186,39.06
1788953761257,298.8486,14.6110,0.4939,0.8281,-0.1975,-0.2309,39.13
1788953761257,297.4010,14.7555,0.1653,-0.6982,0.6267,0.0744,39.13
1788953761257,300.8345,14.4119,0.1151,-0.1487,0.0773,0.1354,39.12
1788953761367,298.4091,14.6543,0.4192,0.4007,0.1688,-0.5972,39.13
1788953761367,296.5883,14.8364,0.5699,-1.0034,1.0846,0.3186,39.12
1788953761367,300.4221,14.4531,0.3612,-0.0572,-0.4722,0.1354,39.14
1788953761367,297.7634,14.7197,1.0045,0.9196,-0.0448,-1.1161,39.12
1788953761367,296.8819,14.8078,1.0207,-1.3087,1.2067,0.4407,39.13
1788953761367,299.7840,14.5171,0.2670,0.0955,-0.2890,0.1659,39.13
1788953761367,301.4408,14.3519,1.3653,0.9502,0.2604,-1.5129,39.14
1788953761466,301.0049,14.3954,0.7563,-0.8203,0.3215,0.1965,39.12
1788953761466,299.6247,14.5334,0.2919,0.1565,-0.5943,0.3186,39.12
1788953761466,303.3229,14.1638,1.1123,0.1565,0.5657,-0.9024,39.14
1788953761466,300.9588,14.3999,0.5914,-0.6677,0.3215,0.4712,39.12
1788953761466,299.3604,14.5595,0.3482,0.1565,-0.5027,0.0133,39.14
1788953761466,300.4618,14.4496,0.8782,0.3091,0.8709,-0.6888,39.13
1788953761466,301.0955,14.3867,0.7430,-0.6982,0.2604,0.4101,39.17
1788953761581,299.6784,14.5284,0.5943,0.4312,-0.6248,-0.0172,39.13
1788953761581,301.8359,14.3124,0.2478,-0.0572,0.1383,-0.0477,39.14
1788953761581,301.7100,14.3252,0.2832,-0.0572,0.1383,0.0133,39.21
1788953761581,296.2715,14.8689,0.2568,0.0955,0.1383,-0.3530,39.14
1788953761581,297.1252,14.7839,0.2408,0.0039,0.0467,0.2880,39.15
1788953761581,301.1470,14.3820,0.1377,-0.1182,-0.2585,0.1965,39.10
1788953761581,297.4603,14.7511,0.5873,0.9807,-0.1059,-0.5667,39.13
1788953761674,296.6126,14.8360,0.3747,-0.7898,0.5351,0.1354,39.13
1788953761674,299.6570,14.5318,0.2290,-0.1487,-0.5638,0.3796,39.15
1788953761674,298.7711,14.6206,0.7196,0.8891,-0.0754,-0.5972,39.13
1788953761674,296.5168,14.8461,0.8634,-1.0950,0.9014,0.6238,39.14
1788953761674,301.3158,14.3656,0.3059,0.0649,-0.2585,0.2575,39.12
1788953761674,297.6617,14.7316,1.2532,1.1333,0.4436,-1.2077,39.14
1788953761674,301.7948,14.3182,1.1139,-2.1329,0.8099,-0.7803,38.99
1788953761766,297.3696,14.7600,0.1303,0.1565,0.1078,0.1354,39.11
1788953761766,302.1954,14.2785,1.6547,1.2554,0.2909,-1.2993,39.12
1788953761766,303.0781,14.1902,1.6069,-1.3087,0.9930,0.4101,39.13
1788953761766,299.4966,14.5478,0.3172,0.3091,-0.3806,0.2270,39.14
1788953761766,302.7011,14.2273,0.7565,0.5839,0.3825,-0.2919,39.14
1788953761766,299.0133,14.5963,1.1898,-1.2782,0.1688,0.9291,39.13
1788953761766,300.9306,14.4045,0.5580,0.8586,-0.5332,0.5628,39.13
1788953761872,304.1317,14.0842,0.4935,-0.0266,0.0162,-0.3225,39.12
1788953761872,302.2876,14.2682,0.5429,-0.2098,0.1078,0.5628,39.13
1788953761872,301.2889,14.3674,0.3613,0.3397,-0.1059,0.2270,39.14
1788953761872,300.2165,14.4748,0.8982,-0.2708,0.5962,-0.7193,39.13
1788953761872,299.0292,14.5935,0.2583,-0.1793,-0.3196,0.1659,39.07
1788953761872,298.9834,14.5983,0.6312,0.8586,0.0773,-0.2614,39.14
1788953761872,297.5389,14.7424,0.2678,-0.6677,0.7183,0.0133,39.14
1788953761872,301.9454,14.3010,0.1935,0.4618,-0.3501,0.6238,39.12
1788953761872,297.4829,14.7471,0.5442,0.8281,0.1994,-0.8414,39.13
1788953761872,297.1289,14.7822,0.6089,-0.8813,1.2372,0.3796,39.14
1788953761872,300.7470,14.4202,0.1733,0.2481,0.1078,0.4101,39.17
1788953761872,296.9076,14.8049,1.0989,1.2249,0.0162,-1.1772,39.12
1788953761872,296.8487,14.8110,1.0619,-1.0034,1.2372,0.5017,39.14
1788953761872,299.8176,14.5137,0.1695,0.3091,0.1383,0.4101,39.13
1788953761964,301.7943,14.3167,1.4082,1.4691,0.5657,-0.9635,39.14
1788953761964,300.6984,14.4263,0.9481,-1.0950,0.4130,0.4101,39.14
1788953761964,299.7307,14.5231,0.3232,0.1565,-0.4417,0.1965,39.13
1788953761964,303.9732,14.0992,1.1743,0.4007,0.4436,-0.7193,39.14
1788953761964,300.8683,14.4092,0.6695,-0.5456,0.5046,0.2880,39.14
1788953761964,299.3142,14.5645,0.3319,0.3091,-0.5332,0.1049,39.15
1788953761964,300.6911,14.4271,0.8857,0.3397,0.7793,-0.6277,39.13
1788953761964,301.6510,14.3317,0.8449,-0.6066,0.1078,0.3186,39.05
1788953761964,299.8858,14.5081,0.4481,0.2176,-0.1669,0.4101,39.13
1788953761964,302.2977,14.2667,0.4102,-0.1182,-0.0143,-0.0172,39.14
1788953761964,301.2460,14.3720,0.0958,0.4312,-0.0448,0.5628,39.15
1788953761964,295.2466,14.9719,0.2630,0.1565,0.2299,-0.3225,39.13
1788953761964,297.0433,14.7925,0.2622,-0.1793,0.5657,0.0133,39.12
1788953762067,301.6651,14.3305,0.1038,-0.0572,-0.2585,0.2575,39.13
1788953762067,297.6828,14.7289,0.4587,0.6144,-0.2585,-0.7498,39.12
1788953762067,297.1316,14.7843,0.2865,-0.7592,0.3825,0.2575,39.12
1788953762067,298.9692,14.6007,0.1516,0.0039,-0.1059,0.4407,39.18
1788953762067,298.2271,14.6755,0.7040,0.9196,-0.1364,-0.6582,39.13
1788953762067,296.1786,14.8806,0.7508,-1.1561,0.8099,0.4407,39.13
1788953762067,301.0528,14.3927,0.1160,0.5533,-0.3196,0.6849,39.14
1788953762154,298.0120,14.6971,0.9698,0.9502,-0.0143,-0.8719,39.14
1788953762154,297.0864,14.7896,1.1393,-0.8813,1.1762,0.5628,39.19
1788953762154,297.3893,14.7588,0.2026,0.4923,0.0773,0.6543,39.15
1788953762154,303.5435,14.1443,1.6983,1.4386,0.2604,-0.9940,39.14
1788953762154,303.2185,14.1767,1.7913,-1.4918,1.1151,0.0133,39.13
1788953762154,299.9179,14.5059,0.2963,0.6449,-0.2890,0.6238,39.15
1788953762154,302.3697,14.2607,0.9127,0.1565,0.3520,-0.6582,39.14
1788953762268,299.0612,14.5919,1.1935,-1.2782,0.2604,1.1122,39.14
1788953762268,301.0666,14.3913,0.5626,0.7060,-0.5027,0.4712,39.14
1788953762268,304.0609,14.0917,0.6353,0.0039,0.0162,-0.5361,39.12
1788953762268,301.7469,14.3227,0.6291,-0.3929,0.2299,0.5933,39.12
1788953762268,301.0019,14.3966,0.3836,0.3702,-0.3501,0.0438,39.13
1788953762268,300.3570,14.4613,0.8927,-0.2098,0.6878,-0.6277,39.13
1788953762268,299.5204,14.5446,0.2273,-0.0572,-0.1975,0.1049,39.12
1788953762358,299.4728,14.5496,0.6324,1.0723,-0.0448,-0.1088,39.13
1788953762358,297.7418,14.7224,0.2910,-0.6371,0.4436,0.0438,39.13
1788953762358,301.3508,14.3610,0.0082,0.1260,-0.0143,0.4407,39.12
1788953762358,297.8993,14.7062,0.5718,0.7060,0.0773,-0.8109,39.13
1788953762358,297.4342,14.7527,0.6051,-0.8508,0.9320,0.3796,39.12
1788953762358,300.2957,14.4665,0.2442,0.4312,-0.6553,0.7154,39.13
1788953762358,297.5197,14.7446,1.1249,1.4996,0.2299,-0.8109,39.14
1788953762464,296.5906,14.8377,1.2208,-1.5224,1.4204,0.4407,39.12
1788953762464,300.6598,14.4300,0.0878,0.4618,-0.3196,0.5322,39.14
1788953762464,301.6971,14.3266,1.2179,0.8891,0.1383,-1.3603,39.13
1788953762464,300.3644,14.4598,0.8157,-0.5150,0.2604,0.8680,39.15
1788953762464,299.2101,14.5752,0.2727,0.3397,0.0162,0.4712,39.14
1788953762464,303.2254,14.1740,1.1820,0.2176,0.5046,-0.8414,39.11
1788953762464,301.1374,14.3825,0.6173,-0.5150,0.2604,0.3186,39.14
1788953762574,299.9351,14.5026,0.3763,0.4312,-0.5943,0.2880,39.14
1788953762574,301.4855,14.3478,0.7486,0.4923,0.5657,-0.3225,39.14
1788953762574,301.7518,14.3215,0.6168,-0.6066,-0.0143,0.1659,39.13
1788953762574,299.5148,14.5452,0.6567,0.8586,-0.3501,0.5017,39.13
1788953762574,301.7430,14.3221,0.2424,-0.1182,0.1383,-0.0477,39.13
1788953762574,301.6541,14.3313,0.3951,0.2176,-0.0754,0.4101,39.25
1788953762574,296.1013,14.8863,0.2267,0.1870,-0.1669,-0.2614,39.14
1788953762676,297.0167,14.7951,0.1843,-0.3929,0.1688,0.0438,39.15
1788953762676,301.7320,14.3237,0.1528,-0.0572,-0.3196,0.1965,39.21
1788953762676,297.2106,14.7762,0.5520,0.8586,-0.1975,-0.6888,39.14
1788953762676,296.8976,14.8077,0.2550,-1.0950,0.4436,0.0438,39.13
1788953762676,298.8318,14.6145,0.2596,0.0039,-0.1059,0.3491,39.13
1788953762676,298.2590,14.6724,0.8504,1.0417,-0.1669,-0.9024,39.14
1788953762676,296.2179,14.8765,0.8653,-1.6139,0.9930,0.1659,39.13
1788953762773,302.1649,14.2808,0.1607,0.0039,-0.2890,0.2270,39.14
1788953762773,298.5674,14.6409,1.0944,0.9807,0.1994,-0.9635,39.13
1788953762773,301.8916,14.3082,0.9764,-1.4308,0.9014,0.2575,39.14
1788953762773,296.6167,14.8352,0.1138,0.5228,-0.0143,0.6543,39.12
1788953762773,303.8058,14.1177,2.1593,1.4691,0.4130,-1.7266,39.13
1788953762773,302.9687,14.2011,1.6044,-1.2782,0.9320,0.2270,39.12
1788953762773,299.2164,14.5758,0.3365,0.5228,-0.6859,0.4407,39.13
1788953762871,302.7937,14.2180,0.8750,0.5228,0.9014,-0.2614,39.14
1788953762871,299.0900,14.5886,1.0112,-0.9729,0.2909,0.9291,39.13
1788953762871,300.9944,14.3981,0.4142,0.2176,-0.3501,-0.0172,39.13
1788953762871,303.4253,14.1551,0.9014,-0.0266,0.6267,-0.5056,39.14
1788953762871,302.1300,14.2844,0.5696,-0.3014,0.1383,0.6238,39.13
1788953762871,300.3782,14.4589,0.5199,0.4618,-0.3196,-0.0783,39.12
1788953762967,300.1835,14.4785,1.0344,-0.1793,0.5657,-0.5361,39.14
1788953762967,298.7182,14.6250,0.2330,-0.0266,-0.2585,0.2575,39.12
1788953762967,298.7275,14.6245,0.7042,0.6144,-0.3196,-0.5972,39.13
1788953762967,298.2618,14.6708,0.2815,-0.1793,0.6267,0.4407,39.14
1788953762967,301.3187,14.3645,0.0709,-0.0572,-0.2890,0.2880,39.15
1788953762967,298.0686,14.6892,0.4639,1.0112,0.0773,-0.2919,39.14
1788953762967,297.8697,14.7086,0.4633,-1.0950,0.5657,0.0133,39.13
1788953763061,299.8272,14.5128,0.3272,0.2176,-0.1364,0.5628,39.14
1788953763061,297.9348,14.7027,1.0260,1.0723,0.2909,-0.8109,39.13
1788953763061,296.2302,14.8733,1.1106,-1.4003,1.2372,0.5017,39.13
1788953763061,300.1530,14.4806,0.1312,0.0344,-0.1059,0.1049,39.12
1788953763061,301.9593,14.3005,1.3732,0.9502,0.2299,-1.5129,39.14
1788953763061,300.8594,14.4105,1.0708,-1.0950,0.6878,0.4101,39.12
1788953763061,299.6791,14.5282,0.2279,0.4618,-0.4111,0.6543,39.12
1788953763157,303.0691,14.1897,1.2691,0.3702,0.3520,-1.0245,39.15
1788953763157,301.2853,14.3676,0.5421,-0.2403,0.2299,0.5017,39.12
1788953763157,299.6925,14.5267,0.3471,0.2481,-0.4417,0.1659,39.13
1788953763157,299.7278,14.5236,0.8203,0.4007,0.7793,-0.5667,39.13
1788953763157,300.6193,14.4352,0.8814,-0.7287,0.1383,0.6543,39.10
1788953763157,299.6829,14.5290,0.6009,0.4618,-0.7469,0.0133,39.12
1788953763157,301.8518,14.3117,0.3086,-0.1793,0.4130,-0.2004,39.13
1788953763254,301.2879,14.3682,0.1597,0.0344,0.1994,0.1965,39.08
1788953763254,296.5645,14.8405,0.3546,0.5228,-0.1669,0.0438,39.11
1788953763254,297.6135,14.7357,0.2274,-0.2708,0.1994,0.1354,39.13
1788953763254,301.0705,14.3899,0.0377,0.3702,-0.3501,0.6849,39.05
1788953763254,297.1330,14.7839,0.4367,0.5533,-0.3196,-0.6277,39.10
1788953763254,296.3187,14.8658,0.3694,-0.9424,1.0541,0.2575,39.13
1788953763254,299.4074,14.5571,0.2076,0.0039,-0.0143,0.3796,39.17
1788953763368,297.5138,14.7469,0.7547,0.7670,-0.1364,-1.0245,39.13
1788953763368,296.5289,14.8458,0.8735,-1.4308,0.8404,0.0438,39.13
1788953763368,301.2900,14.3692,0.1690,0.3397,0.0773,0.5017,39.09
1788953763368,297.6986,14.7289,1.1553,1.2554,0.2604,-0.8109,39.15
1788953763368,301.9773,14.3010,1.0743,-1.1866,0.9014,0.4407,39.12
1788953763368,297.6460,14.7336,0.3083,-0.1182,-0.4111,0.1659,39.12
1788953763368,303.1222,14.1870,1.7136,1.4691,0.8709,-1.1161,39.14
1788953763482,303.0413,14.1950,1.6239,-1.4003,0.8099,0.4101,39.14
1788953763483,299.5247,14.5460,0.2870,0.5533,-0.2585,0.4101,39.14
1788953763483,303.0044,14.1980,0.7216,0.0649,0.5962,-0.7803,39.13
1788953763483,299.1489,14.5838,1.0474,-1.2171,0.2604,0.6543,39.13
1788953763483,300.9547,14.4031,0.4352,0.2786,-0.5943,0.0133,39.12
1788953763483,304.1454,14.0838,0.6386,0.1260,0.3825,-0.2309,39.12
1788953763483,300.9463,14.4037,0.9153,-0.8203,0.0162,0.6849,39.12
1788953763576,302.1079,14.2866,0.1463,-0.1793,-0.1975,-0.0477,39.15
1788953763576,299.8500,14.5127,0.9091,0.3702,0.6878,-0.2004,39.13
1788953763576,299.4733,14.5502,0.1193,-0.0266,0.2909,0.3491,39.13
1788953763576,299.4398,14.5538,0.7147,1.0112,-0.3196,-0.1088,39.13
1788953763576,297.7424,14.7234,0.3366,-0.5761,0.2909,0.2880,39.12
1788953763576,301.1172,14.3855,0.0619,-0.1182,-0.1669,0.2880,39.14
1788953763576,297.8234,14.7148,0.4107,0.7975,-0.1975,-0.3835,39.12
1788953763668,297.5122,14.7458,0.4941,-0.7592,0.5657,0.5933,39.13
1788953763668,300.3396,14.4630,0.3613,-0.0266,-0.5943,0.2880,39.13
1788953763668,297.7363,14.7240,1.0798,0.8891,0.0162,-1.1772,39.12
1788953763668,296.7811,14.8197,1.1307,-1.6445,1.3898,0.1965,39.14
1788953763668,300.7539,14.4217,0.0791,0.4618,-0.3196,0.6238,39.14
1788953763668,302.0206,14.2955,1.3977,1.2554,0.1383,-1.1772,39.14
1788953763668,300.5193,14.4455,0.6930,-0.8203,0.2299,0.3796,39.13
1788953763763,299.5860,14.5389,0.4018,0.0955,-0.4111,0.0744,39.12
1788953763763,302.1995,14.2779,1.0486,0.3091,0.4130,-0.8719,39.12
1788953763763,301.3600,14.3618,0.6703,-0.5150,0.1994,0.4101,39.11
1788953763763,299.0215,14.5956,0.3591,0.8586,-0.1364,0.5322,39.14
1788953763763,300.3609,14.4619,0.9067,0.1260,0.4741,-0.7803,39.13
1788953763763,301.9315,14.3052,0.5919,-0.2708,0.1383,0.5933,39.05
1788953763763,300.6831,14.4299,0.3771,0.1260,-0.3501,-0.0783,39.13
1788953763872,301.6444,14.3334,0.3725,0.1565,0.3520,0.1659,39.13
1788953763872,301.5843,14.3398,0.3247,0.1260,-0.1669,0.2575,39.15
1788953763872,295.6891,14.9291,0.1489,0.0344,-0.1669,-0.3530,39.13
1788953763872,297.0575,14.7927,0.2470,-0.3624,-0.0143,0.1049,39.13
1788953763872,300.7433,14.4243,0.1702,0.3397,-0.2585,0.6543,39.20
1788953763872,296.8374,14.8154,0.4734,0.6449,-0.1059,-0.7193,39.13
1788953763970,296.7935,14.8201,0.3270,-0.6066,0.5962,0.2880,39.13
1788953763970,299.6931,14.5302,0.2199,-0.0877,-0.5332,0.2880,39.14
1788953763970,297.1084,14.7895,0.8541,1.0112,-0.2890,-1.0551,39.12
1788953763970,296.3637,14.8642,0.8645,-1.3392,1.1762,0.1965,39.13
1788953763970,302.0229,14.2977,0.0806,0.0955,-0.1059,0.1965,39.11
1788953763970,298.1043,14.6899,1.0045,1.3165,0.0162,-0.5972,39.14
1788953763970,301.3832,14.3619,1.3772,-1.2476,1.3593,0.3186,39.37
1788953764069,297.1051,14.7892,0.2376,0.2786,-0.3806,0.3186,39.16
1788953764069,304.0819,14.0927,1.9195,1.2554,0.3520,-1.7877,39.10
1788953764069,303.1505,14.1855,1.6251,-1.1866,0.9930,0.3491,39.13
1788953764069,300.1787,14.4817,0.2974,0.2786,-0.3501,0.2880,39.14
1788953764069,302.8141,14.2182,0.7974,0.2786,0.4130,-0.5056,39.13
1788953764069,299.1024,14.5896,0.8907,-0.6677,0.1383,1.0206,39.14
1788953764069,301.2675,14.3732,0.4921,0.4312,-0.4722,0.1354,39.12
1788953764159,303.6003,14.1399,0.8449,0.1260,0.4130,-0.2004,39.14
1788953764159,301.3804,14.3617,0.7039,-0.5761,0.1078,0.4712,39.13
1788953764159,300.7205,14.4273,0.4619,0.4923,-0.4722,-0.0172,39.14
1788953764159,300.4408,14.4553,0.8275,-0.0572,0.5962,-0.2309,39.13
1788953764159,299.4347,14.5558,0.2479,0.1870,-0.2280,0.4407,39.22
1788953764159,298.8311,14.6163,0.5401,0.9502,-0.2280,-0.0172,39.14
1788953764159,298.3148,14.6676,0.1797,-0.4540,0.3520,0.2270,39.13
1788953764253,301.3882,14.3597,0.0502,-0.0266,-0.2280,0.2575,39.13
1788953764253,298.2273,14.6757,0.5400,1.1333,-0.1059,-0.2919,39.13
1788953764253,297.1259,14.7857,0.6615,-1.0645,1.1762,0.2880,39.13
1788953764253,300.7283,14.4253,0.2040,-0.0572,-0.4111,0.2575,39.08
1788953764253,296.8890,14.8100,1.1880,1.3775,0.1688,-1.1466,39.12
1788953764253,296.3953,14.8594,1.1726,-1.6445,1.3898,0.2575,39.12
1788953764253,300.4578,14.4523,0.1457,-0.0572,-0.2890,0.1659,39.13
1788953764353,302.4603,14.2528,1.5310,1.1638,0.2604,-1.5435,39.12
1788953764353,299.7831,14.5202,0.6620,-0.6982,0.0773,0.4101,39.14
1788953764353,299.6972,14.5290,0.3738,0.1870,-0.6859,0.4101,39.13
1788953764353,303.4022,14.1587,1.0620,0.2481,0.5046,-0.6582,39.14
1788953764353,300.9309,14.4055,0.5479,-0.3014,0.5046,0.4101,39.05
1788953764353,299.4676,14.5518,0.4468,0.4312,-0.5027,0.0133,39.13
1788953764353,300.4605,14.4526,0.7022,-0.0877,0.4436,-0.9024,39.12
1788953764449,302.4904,14.2500,0.6390,-0.3014,0.1994,0.3796,39.12
1788953764449,299.9418,14.5047,0.4839,0.4312,-0.4417,0.1354,39.13
1788953764449,301.1713,14.3815,0.2906,0.1870,0.0773,0.2270,39.13
1788953764449,300.7174,14.4275,0.4207,-0.2403,-0.2280,0.2880,39.10
1788953764449,299.1863,14.5807,0.2493,0.6754,-0.1669,0.2880,39.14
1788953764449,297.1904,14.7810,0.2613,-0.5150,0.7183,-0.0172,39.13
1788953764449,301.8068,14.3193,0.1350,0.1260,-0.1059,0.3491,39.20
1788953764549,297.8495,14.7152,0.5480,0.9196,-0.1669,-0.4446,39.14
1788953764549,296.7916,14.8210,0.2749,-0.8203,0.5351,0.1354,39.13
1788953764549,299.8137,14.5190,0.2881,0.0344,-0.6248,0.5322,39.11
1788953764549,297.7999,14.7207,0.7173,0.8891,0.0162,-0.7803,39.14
1788953764549,296.3051,14.8701,0.7857,-1.5224,1.2983,0.1049,39.14
1788953764549,301.1869,14.3813,0.2543,0.2481,-0.1975,0.5322,39.13
1788953764549,297.5693,14.7437,1.2469,1.0112,0.4436,-1.2688,39.14
1788953764662,296.9626,14.8041,1.1346,-1.2782,1.1456,0.5322,39.13
1788953764662,296.9374,14.8060,0.1582,-0.0572,-0.3196,0.0744,39.16
1788953764662,303.5619,14.1449,2.0752,1.8964,0.6267,-1.3298,39.12
1788953764662,303.1038,14.1905,1.7809,-1.4003,1.2677,0.3491,39.13
1788953764662,299.8603,14.5141,0.2109,0.4312,-0.3196,0.2880,39.14
1788953764662,303.4846,14.1517,0.9598,0.0955,0.5046,-0.6582,39.13
1788953764662,299.3459,14.5655,0.9304,-1.1866,0.1383,0.5322,39.13
1788953764662,300.2002,14.4804,0.7031,0.4618,-0.6859,-0.0783,39.12
1788953764662,303.7169,14.1287,0.9572,0.3091,0.6572,-0.2614,39.13
1788953764662,301.4433,14.3559,0.6759,-0.7592,0.0467,0.3491,39.13
1788953764662,301.4065,14.3588,0.3436,0.4007,-0.1059,0.2575,39.14
1788953764662,300.2527,14.4742,1.0588,0.2786,1.1456,-0.3225,39.13
1788953764662,299.7718,14.5220,0.0510,0.2481,0.0773,0.2880,39.13
1788953764751,299.5920,14.5401,0.6048,0.6754,-0.2280,-0.2919,39.13
1788953764751,297.8485,14.7142,0.2967,-0.5456,0.1078,0.0133,39.13
1788953764751,301.1019,14.3884,0.1240,0.1260,-0.3501,0.3796,39.11
1788953764751,298.0321,14.6955,0.5020,0.5839,0.1994,-0.5667,39.12
1788953764751,297.0836,14.7903,0.4763,-1.1561,0.7488,0.1354,39.13
1788953764751,299.9889,14.4997,0.2038,-0.0572,-0.3806,0.1965,39.14
1788953764751,297.4327,14.7562,1.2204,1.5301,0.5351,-0.9635,39.13
1788953764846,296.8372,14.8155,0.9995,-1.5224,0.9930,0.1354,39.12
1788953764846,300.7735,14.4212,0.2319,0.3702,-0.4111,0.4407,39.15
1788953764846,302.0099,14.2980,1.3481,0.9807,0.2299,-1.6045,39.13
1788953764846,299.4159,14.5574,0.8701,-1.0340,0.3520,0.4407,39.14
1788953764846,300.3544,14.4636,0.2508,0.4923,-0.3806,0.6238,39.11
1788953764846,303.0205,14.1972,1.0713,0.5839,0.5657,-0.4446,39.13
1788953764846,301.5426,14.3447,0.6378,-0.5761,0.1383,0.1049,39.20
1788953764953,299.1040,14.5884,0.3823,0.4618,-0.4722,0.2575,39.14
1788953764953,300.9876,14.4004,0.6884,0.1565,0.5351,-0.5972,39.14
1788953764953,301.9415,14.3054,0.6721,-0.6371,0.0162,0.2575,39.21
1788953764953,299.1558,14.5839,0.4006,0.3702,-0.1364,0.0133,39.14
1788953764953,301.5280,14.3466,0.3896,0.2786,0.0162,0.2575,39.11
1788953764953,300.1740,14.4826,0.5940,-0.0572,-0.1059,0.8985,39.12
1788953764953,299.7589,14.5239,0.1591,0.3091,-0.0754,0.1049,39.12
1788953765049,297.0080,14.7994,0.1940,-0.2098,-0.0448,0.1659,39.14
1788953765049,301.7690,14.3235,0.1982,0.0649,-0.0143,0.3491,39.18
1788953765049,297.8121,14.7193,0.5142,0.7670,0.1688,-0.5056,39.15
1788953765049,296.6220,14.8386,0.3677,-0.6677,0.8099,0.4407,39.13
1788953765049,299.7198,14.5287,0.2146,0.0039,-0.2585,0.3796,39.11
1788953765049,297.7884,14.7222,0.6737,0.7975,0.2604,-0.7498,39.13
1788953765049,296.2763,14.8734,0.7742,-1.3392,1.3593,0.3186,39.12
1788953765141,301.1613,14.3845,0.2290,0.1870,-0.1975,0.4101,39.08
1788953765141,297.2650,14.7747,1.1077,1.0112,-0.0448,-1.2993,39.12
1788953765141,296.8894,14.8121,1.1372,-1.2171,1.0541,0.4101,39.13
1788953765141,300.6001,14.4404,0.3025,0.2786,-0.3501,0.2880,39.12
1788953765141,304.1834,14.0833,1.8498,1.4691,0.5351,-1.5129,39.13
1788953765141,302.2871,14.2725,1.6283,-1.5224,0.9930,0.2270,39.13
1788953765141,299.5752,14.5432,0.2450,0.1870,-0.0754,0.1354,39.13
1788953765237,302.9681,14.2039,0.7812,0.2176,0.8099,-0.7193,39.12
1788953765237,299.0933,14.5916,1.0078,-1.2476,0.6572,0.7764,39.14
1788953765237,300.8870,14.4122,0.4066,0.1870,-0.5943,-0.0477,39.13
1788953765237,303.0034,14.2006,0.8243,0.0344,0.2909,-0.7803,39.14
1788953765237,301.4932,14.3515,0.6934,-0.6677,0.2299,0.3796,39.14
1788953765237,301.9677,14.3033,0.1810,0.0649,-0.2280,-0.0783,39.13
1788953765237,299.8728,14.5130,1.1725,-0.1182,0.9014,-0.9024,39.13
1788953765334,299.5547,14.5445,0.2068,-0.2403,-0.1364,-0.0477,39.16
1788953765334,298.5215,14.6478,0.4660,0.5839,-0.2585,-0.1088,39.14
1788953765334,297.9742,14.7022,0.2630,-0.5456,0.5046,0.0438,39.13
1788953765334,301.4645,14.3526,0.1785,0.1870,-0.1364,0.4101,39.11
1788953765334,297.3120,14.7678,0.4451,0.6754,-0.1059,-0.5972,39.13
1788953765334,297.4586,14.7532,0.4819,-1.0645,0.9320,0.1354,39.13
1788953765334,299.9397,14.5053,0.3560,0.3702,-0.7164,0.8070,39.11
1788953765439,297.2852,14.7713,1.0700,1.3165,0.0162,-0.9940,39.12
1788953765439,297.0833,14.7917,1.0684,-1.6445,1.1151,0.1049,39.13
1788953765439,300.9539,14.4039,0.0330,0.3397,0.0773,0.5628,39.12
1788953765439,301.8037,14.3193,1.3014,0.9502,0.4130,-1.0551,39.13
1788953765439,300.7163,14.4279,0.9122,-0.5456,0.9625,0.7459,39.15
1788953765439,300.3687,14.4625,0.2456,-0.0572,-0.5027,0.1049,39.14
1788953765439,303.9633,14.1034,1.5190,0.8586,0.4741,-0.7803,39.14
1788953765534,301.4651,14.3525,0.4968,-0.1487,0.3825,0.3796,39.12
1788953765534,299.8308,14.5158,0.3840,0.7365,-0.5943,0.5017,39.12
1788953765534,300.1709,14.4823,1.1098,0.3397,1.0846,-0.7498,39.14
1788953765534,301.4102,14.3588,0.6444,-0.4235,0.1994,0.5017,39.25
1788953765534,299.2515,14.5748,0.6315,0.5533,-0.5027,0.0133,39.15
1788953765534,301.6068,14.3391,0.4064,-0.1793,-0.0143,-0.1698,39.13
1788953765641,300.9019,14.4099,0.3851,-0.2403,0.3520,0.1965,39.12
1788953765641,299.9327,14.5065,0.1568,0.0039,-0.0754,-0.1088,39.13
1788953765641,297.6730,14.7328,0.2064,-0.3624,0.0467,0.1049,39.13
1788953765641,302.2611,14.2741,0.2180,-0.2403,-0.2280,0.0133,39.13
1788953765641,297.3523,14.7649,0.3895,0.5533,0.1688,-0.4751,39.13
1788953765641,296.3486,14.8657,0.3721,-0.7287,0.7793,0.3796,39.13
1788953765641,299.4885,14.5518,0.1622,-0.0266,-0.3501,0.3796,39.09
1788953765761,297.7209,14.7293,0.7639,0.7365,0.0467,-1.1161,39.13
1788953765761,296.1975,14.8818,0.6892,-1.0645,0.7183,0.3796,39.13
1788953765761,301.8970,14.3113,0.2007,0.0344,-0.1059,0.2575,39.12
1788953765761,297.0108,14.8004,1.0633,1.1028,-0.0754,-1.2077,39.13
1788953765761,297.1044,14.7910,1.1288,-1.0034,1.0846,0.5628,39.14
1788953765761,297.9190,14.7090,0.1545,0.2786,-0.1364,0.3491,39.13
1788953765761,303.3633,14.1657,1.9607,1.5301,0.0467,-1.8793,39.11
1788953765851,303.3835,14.1635,1.7138,-1.5529,0.9930,0.2575,39.13
1788953765851,299.2694,14.5740,0.2204,0.1260,-0.1364,0.2880,39.14
1788953765851,302.8627,14.2148,0.9742,0.6144,0.5351,-0.4140,39.12
1788953765851,299.0538,14.5958,1.1110,-1.1255,0.6878,0.8375,39.12
1788953765851,300.8726,14.4139,0.4244,0.3091,-0.2280,-0.0172,39.13
1788953765851,304.1300,14.0880,0.5727,-0.0877,0.1688,-0.0783,39.12
1788953765851,302.1400,14.2866,0.5387,-0.3319,0.1688,0.3186,39.15
1788953766101,301.3032,14.3696,0.2769,0.0649,-0.2585,0.0438,39.13
1788953766101,300.6043,14.4397,0.9557,-0.0877,0.7183,-0.5972,39.13
1788953766101,299.5022,14.5497,0.1638,-0.0572,0.0773,0.0744,39.22
1788953766101,298.2569,14.6746,0.5965,0.6449,-0.4111,-0.3530,39.18
1788953766101,297.7001,14.7299,0.2125,-0.5761,0.1994,-0.0477,39.13
1788953766101,301.0875,14.3908,0.1329,-0.1487,0.1078,0.1659,39.16
1788953766101,297.8556,14.7138,0.3761,0.8281,0.0467,-0.2309,39.13
1788953766101,296.8893,14.8104,0.5132,-1.1561,0.5962,0.0133,39.13
1788953766101,299.8126,14.5181,0.3241,0.4618,-0.5638,0.8375,39.11
1788953766101,297.2397,14.7760,1.0433,1.0112,-0.1669,-1.1772,39.13
1788953766101,296.4253,14.8578,1.1800,-1.1866,1.6340,0.4712,39.14
1788953766101,300.2173,14.4779,0.1707,-0.1182,-0.2890,0.1049,39.13
1788953766101,301.6206,14.3380,1.1543,1.3165,0.0467,-0.8414,39.13
1788953766101,300.3041,14.4697,1.0591,-1.0950,0.6878,0.4407,39.13
1788953766208,299.9818,14.5019,0.3435,0.0039,-0.5332,0.2575,39.13
1788953766208,303.1982,14.1806,1.4415,0.6754,0.5046,-0.9330,39.16
1788953766208,301.7376,14.3262,0.6940,-0.6371,0.5351,0.2575,39.12
1788953766208,299.2178,14.5780,0.3898,0.6144,-0.4417,0.2880,39.12
1788953766208,301.2469,14.3752,0.8241,0.0649,0.4130,-0.8109,39.13
1788953766208,302.0161,14.2986,0.7196,-0.6982,0.3520,0.2270,39.12
1788953766208,299.6792,14.5322,0.5581,0.3702,-0.7164,0.1354,39.12
1788953766327,301.5684,14.3432,0.5354,-0.0266,0.0773,-0.1088,39.12
1788953766327,300.8290,14.4174,0.2959,-0.3319,-0.1975,0.1354,39.07
1788953766327,299.1965,14.5805,0.2715,0.3091,-0.1059,-0.0172,39.13
1788953766327,297.1977,14.7808,0.3011,-0.1487,0.2299,0.2575,39.13
1788953766327,301.7737,14.3233,0.0613,0.0955,0.1688,0.2575,39.12
1788953766327,297.0890,14.7918,0.3755,0.6449,-0.2280,-0.5056,39.12
1788953766327,296.9858,14.8023,0.3046,-0.7898,0.4130,0.1354,39.14
1788953766422,299.1228,14.5887,0.1845,-0.0572,-0.4722,0.4101,39.14
1788953766422,297.4225,14.7594,0.7403,0.9502,-0.1059,-0.9940,39.11
1788953766422,296.6207,14.8397,0.6826,-1.3087,1.0235,0.1049,39.13
1788953766422,301.3859,14.3626,0.2046,-0.0877,-0.3806,0.0744,39.13
1788953766422,298.4283,14.6588,0.9466,0.6754,0.2299,-1.1772,39.13
1788953766422,297.2131,14.7801,1.0674,-0.9424,1.3593,0.6238,39.13
1788953766422,299.9858,14.5026,0.2753,0.1565,-0.3196,0.1049,39.14
1788953766422,303.4878,14.1535,1.5546,1.1333,0.3520,-1.5740,39.07
1788953766422,303.0956,14.1925,1.8614,-1.7666,1.1456,0.3796,39.11
1788953766422,299.8335,14.5179,0.2891,0.3397,-0.3196,0.2880,39.14
1788953766422,303.5012,14.1511,0.9306,0.0649,0.3520,-0.6888,39.13
1788953766422,299.0757,14.5936,1.0143,-1.1255,0.3215,0.7764,39.10
1788953766422,300.8504,14.4161,0.4057,0.3091,-0.1669,0.1049,39.12
1788953766519,302.9705,14.2042,0.9966,0.1260,0.5962,-0.3835,39.13
1788953766519,301.4638,14.3547,0.6641,-0.6982,0.0773,0.4407,39.13
1788953766519,301.9808,14.3023,0.2287,0.0649,-0.1059,0.1659,39.13
1788953766519,299.8647,14.5142,1.2061,0.3397,0.8709,-0.4140,39.13
1788953766519,299.5361,14.5468,0.2629,-0.0266,-0.1364,0.1659,39.11
1788953766519,299.2831,14.5721,0.4701,0.3702,-0.1364,-0.5361,39.14
1788953766519,297.7287,14.7271,0.1452,-0.1793,0.4741,0.2880,39.13
1788953766628,301.2726,14.3722,0.0978,0.1870,-0.3806,0.4407,39.13
1788953766628,298.2058,14.6789,0.4453,0.7365,0.0467,-0.4140,39.13
1788953766628,296.7789,14.8218,0.5883,-0.7898,0.9320,0.5628,39.14
1788953766628,300.7853,14.4210,0.1024,0.1260,-0.2280,0.3186,39.17
1788953766628,296.9382,14.8065,0.9733,0.9502,0.0162,-1.3298,39.13
1788953766628,296.7754,14.8227,1.0121,-1.3697,1.3288,0.0438,39.12
1788953766628,300.4497,14.4547,0.3097,-0.0572,-0.2890,0.1354,39.13
1788953766628,302.2871,14.2716,1.3718,0.9807,0.3215,-1.5435,39.12
1788953766628,300.2829,14.4720,0.9780,-1.1255,0.4436,0.4407,39.31
1788953766628,300.8166,14.4185,0.3032,0.0039,-0.2890,0.2270,39.14
1788953766628,303.1298,14.1874,1.3219,0.7670,0.6572,-0.5667,39.15
1788953766628,301.7354,14.3264,0.6337,-0.3624,0.3215,0.2880,39.12
1788953766628,299.1937,14.5803,0.3233,0.3091,-0.6248,0.1354,39.12
1788953766628,300.4640,14.4535,0.7874,0.3702,0.9320,-0.5056,39.13
1788953766720,302.0416,14.2961,0.6320,-0.4540,0.3215,0.2270,39.08
1788953766720,299.8583,14.5146,0.5519,0.4618,-0.3196,0.1354,39.14
1788953766720,302.0459,14.2955,0.3318,0.0649,-0.0754,0.0744,39.14
1788953766720,300.4156,14.4590,0.6224,-0.3319,0.2299,0.5628,39.13
1788953766720,298.9431,14.6063,0.4847,0.6449,-0.1364,-0.0783,39.13
1788953766720,297.4467,14.7561,0.3318,0.1870,0.4741,0.4407,39.14
1788953766720,302.0679,14.2940,0.1037,-0.0877,-0.1669,0.0438,39.10
1788953766817,298.0467,14.6962,0.4441,0.6144,-0.2585,-0.5667,39.14
1788953766817,296.7315,14.8278,0.4016,-0.8203,0.5962,0.1354,39.12
1788953766817,299.4014,14.5609,0.0238,0.5533,-0.2280,0.7764,39.11
1788953766817,297.4287,14.7587,0.6582,0.9807,0.0467,-0.8719,39.12
1788953766817,296.0648,14.8952,0.7475,-1.1255,1.1762,0.3491,39.13
1788953766817,301.7265,14.3284,0.2156,0.0955,-0.2280,0.3186,39.13
1788953766817,297.1072,14.7910,1.1503,1.4386,0.0467,-0.9940,39.13
1788953766818,297.4346,14.7580,1.0476,-1.2171,0.9320,0.3186,39.14
1788953766818,300.2160,14.4794,0.1887,-0.0572,-0.2890,0.1049,39.13
1788953766818,303.9746,14.1049,1.9332,1.3775,0.4436,-1.5129,39.16
1788953766818,302.1484,14.2872,1.6550,-1.3087,1.1762,0.6849,39.13
1788953766818,299.4869,14.5528,0.3509,0.0955,-0.5943,0.1049,39.11
1788953766818,302.9134,14.2103,0.7815,0.0344,0.4436,-1.0245,39.13
1788953766818,299.0565,14.5962,1.1248,-1.0340,0.2299,1.0512,39.14
1788953766910,300.7580,14.4258,0.4730,0.3397,-0.6248,-0.0172,39.13
1788953766910,303.6663,14.1347,0.7101,0.1565,0.1688,-0.3530,39.14
1788953766910,301.5125,14.3499,0.6572,-0.4845,0.0773,0.5017,39.13
1788953766910,300.7982,14.4208,0.4542,0.2786,-0.4111,0.1049,39.13
1788953766910,300.5372,14.4469,0.7973,-0.0266,0.5046,-0.4140,39.13
1788953766910,299.4933,14.5511,0.1208,0.1565,0.0162,0.2880,39.12
1788953766910,299.2406,14.5764,0.3676,0.2481,-0.1364,-0.3530,39.14
1788953766911,297.3172,14.7686,0.4130,-0.4845,0.4130,0.1049,39.13
1788953766911,301.0322,14.3965,0.1228,0.1565,-0.1059,0.4407,39.12
1788953766911,297.0472,14.7952,0.5096,0.6754,0.1688,-0.8414,39.13
1788953766911,297.4877,14.7510,0.4336,-0.8203,1.1151,0.4407,39.13
1788953766911,300.2448,14.4753,0.2273,0.1565,-0.4111,0.5322,39.12
1788953766911,297.6366,14.7369,1.0954,1.2554,0.0467,-0.9024,39.13
1788953766911,296.9750,14.8028,0.9567,-1.2782,1.0235,0.3796,39.12
1788953767037,299.9033,14.5094,0.1333,0.3702,-0.0754,0.5933,39.11
1788953767037,302.3976,14.2605,1.3069,1.1944,0.1994,-1.0856,39.13
1788953767037,299.5424,14.5458,0.7694,-0.9119,0.2604,0.5017,39.13
1788953767037,300.4467,14.4553,0.2948,0.1565,-0.4722,0.4101,39.13
1788953767037,303.6471,14.1357,1.4985,0.4312,0.3520,-1.2077,39.14
1788953767037,301.4483,14.3551,0.7109,-0.6982,0.2299,0.3186,39.13
1788953767037,300.1783,14.4818,0.2636,0.5839,-0.0143,0.5322,39.13
1788953767037,301.1472,14.3850,0.6113,0.1870,0.2299,-0.5361,39.13
1788953767037,301.3315,14.3671,0.9601,-0.8203,0.0773,0.4407,39.13
1788953767037,299.7191,14.5283,0.4811,0.3702,-0.5943,0.1659,39.13
1788953767037,301.0237,14.3977,0.4145,0.2176,0.3215,0.1049,39.12
1788953767037,300.7258,14.4281,0.5575,-0.5456,-0.1669,0.1965,39.08
1788953767037,299.0465,14.5959,0.2553,0.3091,-0.1364,-0.0783,39.12
1788953767127,297.0457,14.7965,0.1556,-0.0572,0.1078,0.1049,39.12
1788953767127,301.4677,14.3546,0.2428,0.0344,-0.3196,0.2270,39.16
1788953767127,297.8047,14.7210,0.4282,0.9502,-0.2585,-0.3225,39.14
1788953767127,296.4784,14.8540,0.2208,-1.0034,0.8099,0.0438,39.13
1788953767127,299.4588,14.5560,0.1901,0.0955,-0.4111,0.5017,39.09
1788953767127,297.5208,14.7503,0.6191,0.8281,0.2909,-0.7193,39.12
1788953767127,296.4742,14.8551,0.6893,-0.8813,1.0846,0.5017,39.12
1788953767222,301.3397,14.3681,0.1110,-0.0266,-0.3196,0.2575,39.13
1788953767222,297.3789,14.7648,1.1692,0.9502,0.1688,-1.2077,39.13
1788953767222,297.3365,14.7688,1.0818,-1.4308,0.9320,0.0133,39.13
1788953767222,300.0865,14.4934,0.2312,0.4312,-0.2585,0.4101,39.10
1788953767222,303.8887,14.1143,1.9059,1.4386,0.4741,-1.6961,39.13
1788953767222,303.0952,14.1933,1.6723,-1.6445,1.1151,0.2575,39.14
1788953767222,299.5317,14.5489,0.3192,0.5228,-0.4722,0.6238,39.15
1788953767313,302.6890,14.2332,0.8210,0.2176,0.8099,-0.6277,39.16
1788953767313,298.9890,14.6034,1.0926,-1.3087,0.2909,0.6543,39.15
1788953767313,300.8375,14.4186,0.5401,0.2786,-0.5943,0.0133,39.12
1788953767313,302.9565,14.2068,1.0264,0.2786,0.5351,-0.4140,39.14
1788953767313,301.4934,14.3529,0.7113,-0.6982,0.3520,0.5322,39.10
1788953767313,301.7227,14.3290,0.1918,0.0039,-0.0143,0.1049,39.13
1788953767313,299.6869,14.5330,1.3052,0.2786,1.0541,-0.7498,39.13
1788953767421,299.1508,14.5860,0.0957,-0.0877,-0.1975,0.1049,39.11
1788953767421,298.9817,14.6031,0.4773,0.3397,-0.2280,-0.2309,39.12
1788953767421,297.7070,14.7306,0.4656,-0.5761,0.1994,0.0438,39.12
1788953767421,300.9610,14.4045,0.0350,-0.0572,-0.3806,0.2880,39.12
1788953767421,297.6955,14.7309,0.3823,0.6144,-0.1059,-0.3225,39.13
1788953767421,297.3551,14.7650,0.4078,-1.1255,0.6878,0.1049,39.12
1788953767421,300.2346,14.4772,0.2518,0.4312,-0.0754,0.7154,39.11
1788953767532,296.9415,14.8073,1.1357,1.2249,0.2299,-1.1772,39.13
1788953767532,297.0042,14.8010,0.9917,-1.0950,1.4814,0.5322,39.12
1788953767532,299.8818,14.5126,0.1507,0.0955,-0.3196,0.4101,39.13
1788953767532,302.3803,14.2630,1.1807,1.0112,0.0467,-1.3603,39.14
1788953767532,300.6111,14.4397,0.8008,-0.8813,0.3825,0.5628,39.16
1788953767532,300.2146,14.4794,0.4066,0.0344,-0.5332,0.2575,39.14
1788953767532,304.1306,14.0881,1.4862,0.5839,0.4741,-1.2077,39.13
1788953767624,301.4624,14.3543,0.5989,-0.4845,0.1078,0.2880,39.14
1788953767624,300.1146,14.4888,0.3107,0.0649,-0.3501,0.1049,39.14
1788953767624,300.3606,14.4646,0.8834,-0.0877,0.5962,-1.1466,39.14
1788953767624,301.9283,14.3083,0.7680,-0.5150,0.0773,0.3796,39.14
1788953767624,299.6247,14.5387,0.5524,0.3702,-0.8385,-0.0783,39.13
1788953767624,301.7530,14.3256,0.4052,-0.0266,-0.0143,-0.0477,39.14
1788953767624,301.1275,14.3885,0.5730,-0.4540,0.2299,0.0133,39.13
1788953767723,299.2754,14.5735,0.2357,0.3091,0.2604,0.1049,39.13
1788953767723,296.9892,14.8026,0.3637,0.2786,0.4741,0.4101,39.13
1788953767723,301.6951,14.3323,0.2314,-0.1487,-0.0754,0.1965,39.24
1788953767723,297.7867,14.7233,0.3956,0.7060,-0.0143,-0.4751,39.15
1788953767723,296.6121,14.8410,0.4102,-0.9119,0.9320,0.0744,39.13
1788953767723,299.6336,14.5389,0.1988,-0.1487,-0.1975,0.2880,39.14
1788953767723,298.4490,14.6577,0.6455,0.7060,0.0467,-0.8719,39.14
1788953767819,296.4977,14.8529,0.6337,-0.9424,0.6572,0.4712,39.12
1788953767819,301.3548,14.3667,0.2273,0.3702,-0.2280,0.5933,39.09
1788953767819,297.2099,14.7816,1.0605,1.0723,-0.0448,-1.0245,39.13
1788953767819,296.6450,14.8383,1.2321,-1.5834,1.3898,0.2880,39.13
1788953767819,301.3833,14.3637,0.0765,0.4007,-0.0143,0.5322,39.10
1788953767819,302.9712,14.2060,1.6842,1.3165,0.0773,-1.2993,39.13
1788953767819,303.3101,14.1720,1.7533,-1.4918,1.2677,0.3491,39.14
1788953767926,299.4775,14.5545,0.2107,0.2176,-0.6859,0.2575,39.14
1788953767926,302.3822,14.2644,1.0443,0.1870,0.5046,-0.8719,39.10
1788953767926,299.5278,14.5498,0.9811,-1.2171,0.1078,0.7154,39.13
1788953767926,300.1076,14.4919,0.5406,0.4312,-0.6553,0.2575,39.13
1788953767926,304.2597,14.0766,0.7612,0.2786,-0.0754,-0.2004,39.12
1788953767926,302.2713,14.2750,0.5695,-0.5761,0.1994,0.2880,39.12
1788953768031,300.7409,14.4276,0.5251,0.4312,-0.6553,0.1965,39.12
1788953768031,301.0056,14.4011,0.9786,0.0344,0.9320,-0.5667,39.14
1788953768031,298.8817,14.6133,0.3855,-0.1793,0.1383,0.2270,39.14
1788953768031,299.8980,14.5119,0.7463,0.5228,-0.2585,-0.2919,39.17
1788953768031,298.6239,14.6389,0.2638,-0.1793,0.1994,0.3186,39.14
1788953768032,301.5853,14.3420,0.1697,0.3091,-0.3196,0.5017,39.11
1788953768032,297.2715,14.7734,0.4528,0.5839,0.0162,-0.6888,39.12
1788953768134,297.3047,14.7698,0.3711,-1.0645,0.4436,0.0133,39.13
1788953768134,300.1146,14.4890,0.3236,0.2176,-0.0448,0.6849,39.07
1788953768134,297.3869,14.7623,1.0077,1.5301,-0.1669,-0.7193,39.12
1788953768134,296.7890,14.8220,0.9008,-1.2171,0.9930,0.3796,39.13
1788953768134,300.7446,14.4259,0.1507,0.3702,-0.2585,0.4712,39.17
1788953768134,302.0000,14.3007,1.2633,1.0112,0.1383,-1.4519,39.14
1788953768134,299.7577,14.5248,0.7026,-0.9424,0.4741,0.2575,39.13
1788953768240,299.6508,14.5357,0.3371,0.1565,-0.3501,0.2270,39.14
1788953768240,303.8768,14.1135,1.4304,0.7670,0.3520,-1.0245,39.15
1788953768240,301.2267,14.3779,0.5738,-0.6066,0.1078,0.2880,39.11
1788953768240,299.7240,14.5280,0.3857,0.3397,-0.3806,0.2575,39.12
1788953768240,300.9372,14.4069,0.7286,-0.0877,0.9320,-0.7803,39.10
1788953768240,301.8385,14.3172,0.8916,-0.7592,0.1383,0.2575,39.22
1788953768240,300.3659,14.4644,0.4774,0.5228,-0.6248,0.2270,39.13
1788953768334,301.4672,14.3538,0.3736,0.1260,0.5657,0.1659,39.13
1788953768334,300.9620,14.4049,0.4937,0.0039,0.2299,0.6543,39.12
1788953768334,299.2724,14.5737,0.2381,0.4007,0.2299,0.0744,39.13
1788953768334,296.8770,14.8137,0.3027,0.0039,0.2909,0.1049,39.10
1788953768334,301.6723,14.3345,0.1960,-0.2098,-0.0448,0.0744,39.20
1788953768334,297.7086,14.7310,0.4496,0.6449,-0.3196,-0.5056,39.14
1788953768334,297.1598,14.7861,0.2790,-0.3929,0.3215,0.4712,39.13
1788953768423,300.0224,14.4999,0.0818,0.0344,-0.3501,0.3186,39.08
1788953768423,298.0914,14.6935,0.6525,0.7365,-0.2280,-0.9024,39.14
1788953768423,296.0998,14.8927,0.6560,-1.4308,1.0846,0.1659,39.13
1788953768423,301.0502,14.3973,0.2370,0.4618,-0.4722,0.7154,39.13
1788953768423,297.3490,14.7678,1.0861,0.9807,0.1078,-1.2688,39.13
1788953768423,297.5263,14.7501,1.1147,-1.3392,1.0541,0.2270,39.13
1788953768423,300.9878,14.4030,0.0755,0.4312,-0.0448,0.5322,39.15
1788953768528,303.3822,14.1647,1.5824,1.3470,0.3215,-1.3603,39.15
1788953768528,302.7209,14.2307,1.8619,-1.5224,1.5119,0.5628,39.13
1788953768528,299.7903,14.5230,0.1840,0.3091,-0.4722,0.3491,39.13
1788953768528,302.2916,14.2732,1.2934,0.4618,0.4741,-0.8109,39.12
1788953768528,299.4240,14.5601,0.9480,-1.1561,0.3520,0.5322,39.10
1788953768528,300.1797,14.4846,0.5314,0.2786,-0.6859,-0.0477,39.14
1788953768528,303.2964,14.1729,0.8733,0.1870,0.3215,-0.3530,39.13
1788953768528,301.2783,14.3746,0.8178,-0.6677,0.3215,0.8375,39.13
1788953768528,301.5834,14.3433,0.3852,0.3091,-0.2585,0.1049,39.15
1788953768528,301.3474,14.3667,0.8105,-0.1182,0.1994,-0.4140,39.13
1788953768528,299.9211,14.5088,0.0815,0.0649,-0.0754,0.1965,39.13
1788953768528,298.5432,14.6466,0.4452,0.4312,-0.2280,-0.1393,39.14
1788953768528,297.2718,14.7737,0.2835,-0.4540,0.4130,0.2575,39.14
1788953768528,300.9909,14.4012,0.0757,0.3091,-0.2890,0.5322,39.13
1788953768617,296.9950,14.8010,0.4805,0.6754,-0.4417,-0.6277,39.12
1788953768617,297.4590,14.7544,0.4794,-0.7592,0.8709,0.3796,39.12
1788953768617,300.2787,14.4725,0.3088,0.0039,-0.3806,0.3491,39.11
1788953768617,297.6498,14.7361,1.1265,1.0417,-0.0143,-1.2688,39.13
1788953768617,296.5239,14.8486,0.9818,-1.4918,1.1456,0.1659,39.12
1788953768617,300.5984,14.4406,0.1388,0.0649,-0.4722,0.1049,39.12
1788953768617,297.2562,14.7753,1.4636,1.3470,0.2909,-1.3603,39.14
1788953768721,300.1096,14.4897,0.5704,-0.5150,0.6267,0.5017,39.08
1788953768721,300.1256,14.4883,0.4309,0.1260,-0.4722,0.2575,39.14
1788953768721,304.5299,14.0481,1.3621,0.5839,0.3520,-1.0551,39.13
1788953768721,301.6081,14.3396,0.6725,-0.6982,0.2604,0.1659,39.12
1788953768721,299.9990,14.5003,0.3366,0.3702,-0.2585,0.3491,39.15
1788953768721,300.8747,14.4126,0.6339,0.1565,0.3520,-0.5361,39.14
1788953768722,301.7971,14.3209,0.5794,-0.1182,0.5657,0.5933,39.23
1788953768722,299.2184,14.5789,0.5645,0.4618,-0.6553,0.1354,39.16
1788953768722,300.7306,14.4277,0.4258,0.0955,0.3215,0.0438,39.13
1788953768722,300.5636,14.4451,0.5203,-0.0877,0.3520,0.4712,39.17
1788953768722,298.9455,14.6069,0.3035,0.6754,-0.0143,0.3186,39.14
1788953768722,296.4371,14.8582,0.2673,-0.1793,0.2299,-0.1393,39.13
1788953768722,301.2206,14.3801,0.1931,-0.2098,-0.0143,0.0744,39.13
1788953768812,297.5524,14.7470,0.3144,0.3397,-0.0143,-0.6277,39.12
1788953768812,296.9348,14.8089,0.2807,-0.4235,0.5351,0.4101,39.13
1788953768812,299.1150,14.5910,0.2043,-0.0572,-0.5943,0.4712,39.20
1788953768812,297.3273,14.7704,0.7862,1.1333,-0.2280,-0.9940,39.13
1788953768812,296.6750,14.8354,0.6353,-1.0645,0.8709,0.3186,39.12
1788953768812,301.4045,14.3620,0.2278,0.0039,-0.2585,0.1965,39.11
1788953768812,298.4050,14.6623,1.0412,0.8586,0.1078,-1.0856,39.14
1788953768920,297.2004,14.7826,1.0917,-1.0340,1.0846,0.5322,39.12
1788953768920,300.8138,14.4207,0.0562,0.1260,0.0773,0.4407,39.19
1788953768920,303.0008,14.2029,1.5507,1.4386,0.1078,-1.4214,39.14
1788953768920,303.1582,14.1871,1.8380,-1.7971,1.2067,0.2575,39.14
1788953768920,299.1117,14.5909,0.1805,0.7060,-0.3501,0.6849,39.15
1788953768920,302.7983,14.2226,1.1229,0.3397,0.4741,-0.7193,39.13
1788953768920,300.1428,14.4882,1.1863,-0.7898,0.6267,1.0206,39.15
1788953768920,300.8020,14.4222,0.4832,0.4923,-0.5332,0.1965,39.14
1788953768920,303.5505,14.1471,0.7272,0.0039,0.2299,-0.5361,39.12
1788953768920,302.2350,14.2783,0.6078,-0.4540,0.0162,0.3796,39.12
1788953768920,301.2094,14.3800,0.2595,0.0344,-0.1975,0.0744,39.13
1788953768920,300.5321,14.4478,0.8425,-0.1487,0.3215,-0.5056,39.13
1788953768920,299.2801,14.5729,0.3486,-0.1793,0.0162,-0.0172,39.25
1788953768920,299.0853,14.5925,0.4127,0.3702,0.0773,-0.2919,39.16
1788953769008,298.1247,14.6885,0.3592,-0.3319,0.3215,0.2575,39.13
1788953769008,301.3465,14.3657,0.0663,0.0344,-0.1975,0.3491,39.10
1788953769008,297.1676,14.7836,0.3380,0.6449,-0.1975,-0.5972,39.12
1788953769008,297.3172,14.7687,0.4625,-0.7898,0.6572,0.3796,39.13
1788953769008,300.1892,14.4816,0.1985,0.1870,-0.2280,0.6543,39.17
1788953769008,297.4872,14.7524,0.8993,0.9502,0.1383,-0.9330,39.14
1788953769008,296.6365,14.8377,1.0051,-1.5834,1.1456,0.1354,39.14
1788953769009,300.3222,14.4684,0.1805,0.1870,-0.3196,0.1965,39.11
1788953769009,297.0247,14.7988,1.6012,1.2859,0.1383,-1.5129,39.14
1788953769009,301.1961,14.3815,0.8454,-1.0340,0.5962,0.1659,39.13
1788953769009,299.7093,14.5301,0.2619,0.3397,-0.1975,0.5017,39.16
1788953769009,303.9779,14.1036,1.5453,0.8891,0.1383,-0.9940,39.15
1788953769009,301.6719,14.3337,0.7834,-0.7287,0.2909,0.2575,39.13
1788953769009,300.3232,14.4682,0.2800,0.1870,-0.4417,0.1354,39.14
1788953769009,301.3802,14.3625,0.7015,0.0039,0.3215,-0.6888,39.13
1788953769009,301.7353,14.3274,0.7317,-0.2098,0.2604,0.7459,39.10
1788953769009,299.5274,14.5483,0.6408,0.6144,-0.6248,0.2270,39.15
1788953769009,301.7595,14.3248,0.3513,-0.1182,0.3825,-0.2919,39.14
1788953769009,299.9404,14.5073,0.5651,-0.4235,0.4436,0.5628,39.10
1788953769009,298.8007,14.6212,0.4548,0.2786,-0.2280,-0.3225,39.13
1788953769009,296.7298,14.8284,0.2689,0.3091,0.2909,0.5933,39.13
1788953769009,301.4814,14.3534,0.2679,-0.1487,-0.3196,0.1049,39.14
1788953769009,297.8514,14.7165,0.4047,0.6449,-0.1975,-0.5667,39.13
1788953769009,297.0368,14.7983,0.4011,-0.8813,0.5046,-0.0477,39.13
1788953769009,299.1375,14.5883,0.2506,-0.0266,-0.5638,0.5628,39.13
1788953769009,298.4294,14.6596,0.8086,0.8586,-0.0754,-0.8414,39.13
1788953769009,296.3620,14.8662,0.7485,-1.0950,0.9930,0.4101,39.12
1788953769009,302.2107,14.2805,0.0766,0.4007,0.1078,0.5933,39.16
1788953769009,297.9670,14.7051,1.0511,1.0112,0.3825,-1.1161,39.14
1788953769009,297.6036,14.7414,1.0478,-1.3087,1.3288,0.4712,39.13
1788953769009,300.2991,14.4713,0.2489,-0.0877,-0.1364,0.1354,39.11
1788953769009,302.7430,14.2280,1.5229,0.0955,0.2604,-2.1845,39.13
1788953769009,303.0005,14.2022,1.6541,-1.4613,1.2372,0.2270,39.12
1788953769009,299.1415,14.5875,0.3307,0.3091,-0.2890,0.3186,39.13
1788953769009,302.7354,14.2284,0.9338,0.1870,0.5046,-0.8109,39.11
1788953769009,299.3256,14.5694,1.0348,-0.8813,0.2604,0.8070,39.12
1788953769009,301.0177,14.4001,0.5195,0.6144,-0.6859,0.3796,39.13
1788953769009,304.4337,14.0583,0.7298,-0.0266,0.1383,-0.5056,39.12
1788953769009,301.1643,14.3850,0.7976,-0.7592,0.1078,0.6238,39.13
1788953769009,301.4462,14.3560,0.3473,0.1260,-0.3806,0.0133,39.14
1788953769009,300.3617,14.4645,0.8868,-0.1793,0.7488,-0.7498,39.13
1788953769009,298.8711,14.6132,0.1764,-0.1487,-0.1059,0.1354,39.13
1788953769009,299.5707,14.5435,0.5306,0.5228,-0.1364,-0.1698,39.14
1788953769009,297.1959,14.7806,0.1680,-0.3014,0.0773,0.2575,39.13
1788953769009,300.7274,14.4273,0.1036,0.1260,-0.2890,0.4407,39.17
1788953769009,297.7120,14.7288,0.4189,0.5839,-0.1669,-0.3225,39.14
1788953769009,296.8502,14.8150,0.4235,-1.2171,0.5962,0.0744,39.13
1788953769009,300.9390,14.4063,0.2378,0.1260,-0.0754,0.5322,39.12
1788953769010,297.1111,14.7897,1.1226,1.5301,-0.1059,-0.7803,39.12
1788953769010,296.5948,14.8412,1.0647,-1.5834,1.3288,0.1354,39.13
1788953769010,301.3308,14.3666,0.2032,0.4007,-0.3806,0.6238,39.15
1788953769010,301.8418,14.3161,1.5066,1.2859,0.3825,-1.4824,39.13
1788953769010,300.0820,14.4918,0.6206,-0.5456,0.1383,0.4407,39.11
1788953769010,299.8517,14.5149,0.2698,-0.0877,-0.1975,0.1659,39.13
1788953769010,303.1123,14.1893,1.4437,0.8891,0.3825,-0.6277,39.16
1788953769010,300.8353,14.4167,0.6695,-0.6677,0.1994,0.3186,39.15
1788953769010,299.3168,14.5684,0.3544,0.3091,-0.5943,0.0744,39.13
1788953769010,300.6997,14.4305,0.7326,0.2176,0.6878,-0.8109,39.13
1788953769010,302.4501,14.2556,0.4882,0.1260,0.4130,0.6238,39.14
1788953769010,299.9695,14.5037,0.5582,0.5533,-0.7774,0.2575,39.12
1788953769010,301.1726,14.3832,0.2957,-0.1793,0.0467,-0.3225,39.15
1788953769010,300.4338,14.4576,0.5285,-0.6677,0.1383,0.2575,39.23
1788953769010,298.8465,14.6164,0.4259,0.4312,-0.4111,-0.1088,39.15
1788953769010,297.4975,14.7515,0.2779,-0.2098,0.1078,-0.0172,39.13
1788953769010,302.0858,14.2927,0.1588,-0.0877,-0.2585,0.2575,39.11
1788953769010,297.9864,14.7027,0.4303,0.4923,-0.2890,-0.6277,39.12
1788953769010,296.7405,14.8274,0.3160,-0.9729,1.0846,-0.0477,39.12
1788953769010,299.8026,14.5214,0.2059,0.0039,-0.4417,0.4101,39.06
1788953769010,297.8899,14.7133,0.7822,0.7670,-0.1364,-1.1161,39.12
1788953769010,296.8667,14.8155,0.6452,-1.4003,0.8099,0.1354,39.14
1788953769010,301.5267,14.3489,0.2470,-0.0572,-0.4111,0.1965,39.15
1788953769010,297.3716,14.7648,1.0360,0.8586,0.0773,-1.2382,39.14
1788953769010,297.3474,14.7670,1.0261,-1.1866,1.2067,0.3491,39.14
1788953769010,301.1636,14.3846,0.1500,0.2176,-0.2585,0.2880,39.12
1788953769010,302.6924,14.2331,1.8592,1.8049,-0.4111,-1.3603,39.15
1788953769010,302.9523,14.2071,1.8284,-1.7055,1.5119,0.3796,39.13
1788953769010,299.9861,14.5029,0.2796,0.4923,-0.1059,0.4407,39.14
1788953769010,302.4453,14.2572,0.9743,0.0955,0.5657,-1.0856,39.13
1788953769010,299.4275,14.5591,0.9093,-0.6066,0.4741,1.0206,39.16
1788953769010,301.2528,14.3764,0.4122,0.2786,-0.5027,0.0438,39.14
1788953769010,303.7883,14.1229,1.0097,0.3397,0.5046,-0.1393,39.14
1788953769010,301.5887,14.3426,0.6628,-0.4540,-0.0754,0.5322,39.12
1788953769010,300.8456,14.4164,0.4665,0.2786,-0.5638,0.0438,39.13
1788953769010,300.5183,14.4490,0.8588,-0.0877,0.3215,-0.5667,39.14
1788953769010,299.4759,14.5531,0.2260,-0.0572,0.3825,0.1659,39.24
1788953769010,299.4597,14.5550,0.6601,0.6449,-0.2585,-0.2919,39.15
1788953769010,297.4696,14.7538,0.2868,-0.6677,0.1994,0.0744,39.12
1788953769010,301.9239,14.3080,0.0664,0.1565,-0.1364,0.4101,39.10
1788953769010,297.8044,14.7196,0.3710,0.4923,-0.1364,-0.6582,39.13
1788953769010,296.9822,14.8018,0.4357,-1.0950,0.8709,0.0438,39.13
1788953769010,300.6526,14.4347,0.2828,-0.0877,-0.3806,0.1965,39.15
1788953769010,297.2820,14.7727,1.1494,1.1333,0.1994,-1.1772,39.13
1788953769010,296.6714,14.8336,0.9910,-1.5529,1.1456,0.0438,39.13
1788953769010,300.4209,14.4579,0.2691,0.0344,-0.4111,0.3186,39.16
1788953769010,301.7377,14.3267,1.1307,0.8586,0.0773,-1.1772,39.14
1788953769010,299.3093,14.5696,0.8159,-0.9424,0.4436,0.6543,39.12
1788953769010,300.2919,14.4714,0.2649,0.2481,-0.2585,0.5017,39.12
1788953769010,303.9466,14.1063,1.5600,0.6144,0.4741,-1.0551,39.13
1788953769010,301.2899,14.3715,0.6529,-0.7287,0.7183,0.1049,39.16
1788953769010,300.0398,14.4963,0.3353,0.2176,-0.3501,0.2270,39.14
1788953769010,301.2352,14.3768,0.7945,0.0344,0.3520,-0.6277,39.13
1788953769010,301.2087,14.3799,0.8056,-0.7287,0.1994,0.3796,39.10
1788953769010,299.7550,14.5253,0.6261,0.4007,-0.7469,-0.0783,39.12
1788953769010,301.8562,14.3149,0.3066,-0.0877,-0.1059,-0.2309,39.13
1788953769010,300.0576,14.4954,0.6627,-0.5456,-0.0754,0.4101,39.13
1788953769010,299.5641,14.5444,0.2780,0.5533,0.0773,0.2575,39.14
1788953769010,297.7659,14.7247,0.3141,-0.0572,-0.0143,0.1659,39.14
1788953769010,302.3243,14.2690,0.1552,0.3702,-0.1975,0.6238,39.10
1788953769010,297.3798,14.7633,0.3050,0.4923,-0.1975,-0.6277,39.14
1788953769010,296.3651,14.8652,0.2668,-0.8508,0.5046,0.0438,39.13
1788953769010,299.5392,14.5478,0.2400,-0.0572,-0.4722,0.3491,39.10
1788953769010,297.8313,14.7193,0.8147,1.2554,-0.3196,-0.6582,39.13
1788953769010,296.8256,14.8199,0.6395,-1.1561,0.6572,0.2270,39.13
1788953769010,301.4626,14.3556,0.1551,0.4312,-0.3806,0.5933,39.15
1788953769010,297.4882,14.7535,1.1816,1.3470,0.4130,-0.9024,39.13
1788953769010,297.0005,14.8021,1.1402,-1.3697,1.3288,0.3186,39.13
1788953769010,300.6461,14.4369,0.1251,-0.0877,-0.2585,-0.0172,39.10
1788953769011,303.2672,14.1760,1.6052,0.2786,0.3825,-1.9708,39.13
1788953769011,302.1873,14.2838,1.5737,-1.0340,1.6035,0.7459,39.03
1788953769011,299.5560,14.5464,0.2999,0.3702,-0.5332,0.4407,39.12
1788953769011,302.9597,14.2062,0.7380,0.0039,0.3825,-0.9330,39.12
1788953769011,299.4608,14.5561,1.0132,-1.0340,0.1383,0.8375,39.12
1788953769011,300.9656,14.4056,0.5043,0.2176,-0.6553,-0.1088,39.12
1788953769011,304.8535,14.0166,0.7878,0.2481,0.4130,-0.4140,39.16
1788953769011,301.6754,14.3340,0.6634,-0.3319,0.1688,0.6238,39.13
1788953769011,301.7405,14.3268,0.3003,0.4312,-0.1669,0.4407,39.14
1788953769011,300.8279,14.4181,0.8554,-0.1487,0.4741,-0.6277,39.13
1788953769011,298.6443,14.6362,0.1901,-0.0877,-0.1669,0.0744,39.08
1788953769011,299.4157,14.5595,0.7541,1.0417,-0.1364,0.0133,39.16
1788953769011,297.0979,14.7910,0.3130,-0.2403,0.5046,0.1049,39.13
1788953769011,301.3827,14.3621,0.0687,0.3091,-0.3501,0.6849,39.08
1788953769011,298.0265,14.6974,0.3817,0.7670,-0.2890,-0.2004,39.13
1788953769011,297.5123,14.7487,0.4574,-1.0340,0.5046,0.1354,39.14
1788953769011,300.2759,14.4724,0.2935,-0.1793,-0.4722,0.2575,39.11
1788953769011,297.5994,14.7408,1.0319,0.9196,-0.1669,-1.1161,39.12
1788953769011,296.7393,14.8269,0.9859,-1.6445,1.1456,0.0438,39.13
1788953769011,300.4547,14.4549,0.2194,0.0039,-0.3196,0.3491,39.14
1788953769011,302.0996,14.2908,1.2804,1.1028,0.1688,-1.5740,39.14
1788953769011,300.5289,14.4477,0.7672,-0.9729,0.7488,0.4712,39.09
1788953769011,300.2506,14.4753,0.2601,0.5533,-0.3806,0.5628,39.12
1788953769011,303.9252,14.1083,1.6014,0.7670,0.3215,-1.2688,39.15
1788953769011,301.6935,14.3309,0.6570,-0.6371,0.2909,0.1049,39.12
1788953769011,299.1866,14.5814,0.2886,0.2176,-0.5027,0.0438,39.14
1788953769011,300.3834,14.4620,0.8053,0.0649,0.6267,-0.7803,39.14
1788953769011,301.4813,14.3529,0.8956,-0.6982,0.3825,0.3186,39.06
1788953769113,299.9500,14.5059,0.4502,0.3091,-0.4111,0.0438,39.12
1788953769113,301.1347,14.3874,0.4617,0.4007,-0.1059,0.2575,39.12
1788953769113,301.0665,14.3947,0.3861,-0.3319,0.0773,-0.0172,39.10
1788953769113,298.2198,14.6795,0.3440,0.7365,0.1078,0.1965,39.14
1788953769113,297.0269,14.7992,0.3288,0.0039,0.2909,0.0744,39.12
1788953769113,300.6777,14.4345,0.1496,0.1565,0.1688,0.4712,39.13
1788953769113,297.8937,14.7132,0.3756,0.9196,0.1383,-0.1393,39.12
1788953769114,296.5337,14.8495,0.3054,-0.2098,0.4436,0.4407,39.13
1788953769114,298.8890,14.6141,0.0950,0.0039,-0.5943,0.4712,39.11
1788953769114,298.2117,14.6824,0.7720,0.7365,0.1688,-0.9024,39.12
1788953769114,296.2311,14.8803,0.7001,-1.1866,1.0235,0.1965,39.12
1788953769114,301.7959,14.3232,0.0454,0.3702,-0.2585,0.4712,39.14
1788953769114,298.6032,14.6427,0.9240,0.7670,0.4436,-1.1466,39.13
1788953769114,296.8897,14.8137,1.0102,-1.3392,1.2677,0.2575,39.12
1788953769212,300.8946,14.4127,0.1579,0.0955,-0.2585,0.1965,39.17
1788953769212,303.6940,14.1340,2.0183,1.8049,0.0162,-1.4214,39.14
1788953769212,303.8307,14.1201,1.8773,-1.5224,1.5119,0.3186,39.19
1788953769212,299.7334,14.5289,0.2737,0.1870,-0.4417,0.2880,39.13
1788953769212,302.2085,14.2815,0.8761,0.2786,0.2909,-0.8109,39.12
1788953769212,299.4611,14.5565,1.1001,-0.7592,0.2299,1.1427,39.14
1788953769304,300.6321,14.4396,0.5569,0.6754,-0.6248,0.1659,39.13
1788953769304,303.7603,14.1268,1.0122,0.3702,0.8709,-0.1698,39.13
1788953769304,302.3241,14.2700,0.6251,-0.6371,0.0162,0.1965,39.13
1788953769304,301.3377,14.3678,0.2372,0.1870,-0.0143,0.1354,39.13
1788953769304,300.5715,14.4447,1.3135,0.0649,1.0235,-0.9024,39.11
1788953769304,303.3896,14.1624,0.1577,-0.0572,-0.0448,0.0438,39.09
1788953769304,299.4741,14.5542,0.5448,0.4312,-0.3806,-0.1088,39.12
1788953769306,297.4740,14.7538,0.1851,-0.1793,-0.0143,0.2880,39.13
1788953769306,301.8554,14.3149,0.0667,0.0344,-0.2585,0.2880,39.13
1788953769306,297.5613,14.7441,0.3796,0.4923,-0.0754,-0.6582,39.14
1788953769306,297.0999,14.7902,0.3388,-0.7592,0.9014,0.2880,39.13
1788953769306,299.9546,14.5048,0.1299,0.2481,-0.0754,0.5322,39.09
1788953769306,297.2886,14.7720,0.9363,1.0723,0.1078,-0.8414,39.13
1788953769306,296.2375,14.8774,0.9948,-1.5834,1.0541,0.0133,39.12
1788953769310,300.3449,14.4664,0.2184,0.0955,-0.3501,0.2575,39.15
1788953769310,297.0575,14.7956,1.4714,1.4691,0.5657,-1.3298,39.13
1788953769310,300.7802,14.4231,0.8248,-0.9729,0.5657,0.4101,39.13
1788953769310,300.4182,14.4590,0.1944,0.1565,-0.3501,0.3491,39.12
1788953769310,302.4953,14.2518,1.4010,0.5228,0.5962,-1.2077,39.12
1788953769310,301.0957,14.3915,0.7284,-0.7592,0.4130,0.4101,39.14
1788953769310,298.8005,14.6210,0.3850,0.5533,-0.5332,0.4101,39.13
1788953769310,300.1385,14.4876,0.9176,0.5533,0.9625,-0.5056,39.12
1788953769310,300.8903,14.4130,0.9501,-0.7287,0.3215,0.5933,39.14
1788953769310,299.8054,14.5216,0.5618,0.4312,-0.2280,0.0744,39.14
1788953769310,301.6821,14.3337,0.5401,0.1260,0.3215,-0.3225,39.12
1788953769310,301.8365,14.3182,0.3060,-0.3624,0.1688,0.1354,39.11
1788953769310,299.7673,14.5247,0.2712,0.0955,-0.1669,-0.2004,39.14
1788953769310,296.9488,14.8064,0.2171,-0.2403,-0.1059,-0.1698,39.13
1788953769310,301.5469,14.3466,0.0795,-0.1182,-0.0754,0.0744,39.12
1788953769310,296.8976,14.8117,0.3870,0.8281,-0.2585,-0.3530,39.13
1788953769310,296.6849,14.8333,0.3301,-0.5150,0.5351,0.2880,39.13
1788953769310,299.6742,14.5347,0.0860,-0.0877,-0.5638,0.3491,39.14
1788953769310,297.7913,14.7236,0.8111,1.0723,-0.1669,-0.7193,39.13
1788953769310,296.5262,14.8501,0.6476,-1.3392,0.9625,0.1354,39.13
1788953769310,301.3318,14.3691,0.1376,0.5533,-0.3501,0.6238,39.11
1788953769310,297.4943,14.7531,1.1105,1.4996,0.3520,-0.7498,39.14
1788953769310,297.3977,14.7625,1.0674,-1.0950,1.4814,0.5322,39.13
1788953769310,301.0831,14.3931,0.1307,0.2176,0.0467,0.2575,39.12
1788953769310,303.2094,14.1815,1.6592,1.1944,0.0467,-1.6045,39.13
1788953769310,302.4887,14.2536,1.9666,-1.9192,1.5425,0.3491,39.13
1788953769310,298.9815,14.6036,0.2360,0.5839,-0.1059,0.6238,39.13
1788953769310,303.2702,14.1749,1.0134,0.5228,0.3520,-0.4140,39.13
1788953769310,299.5446,14.5476,1.1344,-0.8813,0.4741,1.1122,39.05
1788953769310,301.1672,14.3851,0.3542,0.4312,-0.5943,0.3491,39.13
1788953769310,303.5322,14.1487,0.9630,-0.1182,0.3825,-0.7193,39.13
1788953769310,301.3584,14.3659,0.7275,-0.8508,0.5351,0.2880,39.13
1788953769310,300.8089,14.4204,0.4583,0.6144,-0.5943,0.1659,39.13
1788953769310,300.7649,14.4247,0.9069,0.0649,0.8404,-0.4446,39.13
1788953769310,302.8154,14.2195,0.3847,0.0039,0.2299,0.0438,39.16
1788953769310,299.6008,14.5412,0.6896,0.6144,-0.5943,-0.2309,39.18
1788953769310,297.8398,14.7169,0.1776,-0.1793,0.0467,0.0133,39.13
1788953769310,301.4349,14.3569,0.0276,-0.0266,0.0467,0.2270,39.16
1788953769310,298.0482,14.6955,0.4387,0.5228,-0.2585,-0.5972,39.15
1788953769310,297.4370,14.7563,0.3717,-0.5150,0.8099,0.5933,39.14
1788953769310,300.1930,14.4806,0.1391,0.0955,-0.4111,0.3491,39.15
1788953769310,297.6804,14.7326,1.0911,1.5301,-0.2280,-0.6888,39.14
1788953769311,296.6591,14.8348,0.9149,-1.5529,0.9930,0.1049,39.13
1788953769311,300.3904,14.4613,0.2877,0.3397,-0.4417,0.6849,39.12
1788953769311,297.4211,14.7586,1.1953,1.1028,-0.1364,-1.4214,39.13
1788953769311,299.9017,14.5103,0.6648,-0.3624,0.8404,0.6543,39.13
1788953769311,299.7439,14.5262,0.3877,0.3091,-0.4111,0.4101,39.13
1788953769311,303.1020,14.1909,1.6444,0.6754,0.8709,-1.4214,39.14
1788953769311,301.6238,14.3383,0.7728,-0.8203,0.2909,0.2880,39.14
1788953769311,300.2868,14.4717,0.4546,0.1870,-0.4111,0.1659,39.13
1788953769311,301.0237,14.3978,0.6826,0.3091,0.6878,-0.4751,39.14
1788953769311,301.9478,14.3058,0.8141,-0.4235,0.1688,0.4712,39.06
1788953769311,300.2412,14.4762,0.3516,0.5839,-0.4722,0.4712,39.11
1788953769311,300.1371,14.4868,0.6134,0.0955,0.4436,-0.3530,39.11
1788953769311,299.9976,14.5015,0.6399,-0.2098,0.2604,0.7459,39.08
1788953769311,298.5948,14.6420,0.3822,0.3702,0.1688,-0.2614,39.12
1788953769311,302.3120,14.2706,0.3030,-0.1487,0.3825,0.0744,39.13
1788953769311,301.5643,14.3456,0.0869,-0.1182,0.3825,0.1354,39.13
1788953769311,297.7171,14.7302,0.3069,0.6449,0.1383,-0.4140,39.15
1788953769311,296.5268,14.8492,0.3121,-0.5150,0.5962,0.1354,39.13
1788953769311,299.5027,14.5517,0.2013,-0.2403,-0.2890,0.1659,39.14
1788953769311,298.5549,14.6468,0.5479,0.8891,-0.1059,-0.5361,39.15
1788953769400,296.2997,14.8724,0.6006,-0.9424,1.2983,0.4712,39.12
1788953769400,301.1560,14.3865,0.1322,0.1870,-0.5027,0.3491,39.09
1788953769400,297.0527,14.7973,1.0533,1.2554,0.1688,-0.8719,39.13
1788953769400,297.0030,14.8025,1.1345,-1.3392,1.3898,0.3186,39.14
1788953769400,300.8954,14.4125,0.0724,0.2176,-0.1059,0.2270,39.11
1788953769400,303.8178,14.1216,1.9855,1.6522,0.2299,-2.0014,39.15
1788953769400,303.0520,14.1978,1.7781,-1.5224,1.8477,0.4407,39.12
1788953769402,299.3392,14.5682,0.1551,0.3091,-0.3806,0.2575,39.13
1788953769402,2119.2944,-95.0000,-13.3001,10.6571,-9.7213,-2.0319,25.45
1788953769402,2119.2944,-95.0000,-5.5907,-8.2989,2.6414,5.0805,13.52
1788953769402,1711.0480,-95.0000,-9.1198,6.6278,3.4045,-10.8231,9.47
1788953769402,1388.8496,-95.0000,-5.8772,-5.0022,7.5559,-2.5203,9.28
1788953769402,1388.8496,-95.0000,-3.2166,4.3384,1.2983,-6.1528,9.00
1788953769402,1128.6460,-72.2258,-1.3308,5.6815,0.2909,-6.1833,8.84
1788953769402,1128.6460,-72.6402,-2.9121,-6.2537,8.2885,-2.1540,8.76
1788953769402,1128.6460,-73.0540,-3.5323,-2.9570,-0.7774,3.7068,8.71
1788953769402,1128.6460,-73.4685,-2.3741,2.8427,-2.3037,0.0744,8.63
1788953769402,1128.6460,-73.8810,-1.9369,-6.6811,7.6475,-0.7193,8.73
1788953769402,1128.6460,-74.2954,-3.8341,-5.6127,1.1762,4.6836,8.70
1788953769402,1128.6460,-74.7100,-1.9574,4.7047,-4.9899,0.0438,8.64
1788953769402,1128.6460,-75.1255,-3.1456,-2.5907,5.3276,-2.6424,8.69
1788953769402,1128.6460,-75.5377,-1.9097,-4.1475,0.0467,4.1037,8.69
1788953769402,1128.6460,-75.9506,-1.5140,6.5668,-7.1572,-0.0477,8.69
1788953769402,1128.6460,-76.3672,-3.7947,2.6596,3.6792,-6.6412,8.71
1788953769402,1128.6460,-76.7825,-2.0365,-1.9802,1.6646,0.5017,8.62
1788953769402,900.6262,-54.3638,-5.6130,7.6351,-3.0668,-5.0233,8.84
1788953769402,745.0321,-39.0974,-3.3440,2.0185,3.5266,-5.3896,8.82
1788953769402,440.0640,-8.6846,-0.3108,-4.5749,4.6866,0.1659,15.00
1788953769402,368.4500,-1.5871,-1.1398,2.2627,-0.6248,-2.2456,26.96
1788953769402,260.5536,9.1865,2.4999,-9.0926,5.3886,3.4626,37.16
1788953769402,246.9945,10.5660,0.0784,1.3775,-1.8763,0.5628,38.82
1788953769402,230.8763,12.2104,-0.0454,3.1174,-0.5943,-2.8866,39.07
1788953769402,214.6990,13.8680,1.1727,1.6217,1.7867,-3.9244,39.17
1788953769402,217.8709,13.5925,1.6279,-2.1329,2.4277,0.2880,39.13
1788953769402,223.6082,13.0591,1.8043,-1.9192,0.1383,1.4480,39.07
1788953769402,236.7716,11.7778,1.4988,0.0344,-1.5711,1.5701,39.12
1788953769402,252.6219,10.2209,1.8808,1.7133,0.2299,-1.2688,39.42
1788953769402,262.2814,9.2772,0.7505,-0.3319,1.8782,-1.2993,39.94
1788953769402,263.0465,9.2199,0.3004,-0.5456,0.2299,1.2954,40.46
1788953769402,261.4656,9.3969,0.2581,0.2176,-0.3806,0.1965,40.45
1788953769402,252.2985,10.3347,-0.0134,-0.1182,0.1078,-0.0172,39.88
1788953769402,241.4640,11.4432,-0.0932,0.0039,0.1688,0.0744,39.28
1788953769402,238.5080,11.7687,-0.0425,0.1565,-0.1669,-0.0172,39.14
1788953769402,235.7191,12.0797,0.6308,-0.0877,0.7488,-0.6582,39.10
1788953769402,232.5640,12.4283,0.5663,-1.0340,0.0162,0.7764,39.12
1788953769402,233.3172,12.3859,0.3763,0.0955,-0.7469,0.5933,39.14
1788953769402,233.0869,12.4426,0.4709,0.9196,0.1078,-0.7193,39.13
1788953769402,238.3255,11.9508,0.2794,0.0955,0.3215,-0.0172,39.11
1788953769402,241.1221,11.7021,0.2204,0.0649,0.2909,0.2880,39.14
1788953769402,240.7566,11.7686,0.0796,-0.0266,-0.2585,0.1659,39.14
1788953769402,239.9908,11.8749,0.3339,0.1870,-0.1975,-0.2614,39.12
1788953769402,240.3044,11.8729,0.0233,-0.3929,0.0467,-0.0783,39.13
1788953769402,239.4482,11.9880,0.1010,0.1260,-0.4111,0.3186,39.09
1788953769402,238.8511,12.0783,0.0450,0.1565,-0.1059,-0.1393,39.13
1788953769402,241.0531,11.8885,0.3531,0.2786,0.5962,0.1659,39.11
1788953769402,238.9857,12.1258,0.2952,-0.0266,0.3520,0.2270,39.13
1788953769402,237.2814,12.3272,0.1685,0.0955,-0.5027,0.1049,39.13
1788953769402,237.9619,12.2904,0.5074,0.5228,-0.1059,-0.1698,39.13
1788953769402,235.9969,12.5177,0.2657,-0.4845,0.4741,0.1659,39.13
1788953769402,240.9057,12.0574,0.0313,0.0039,-0.1669,0.1049,39.01
1788953769402,240.4477,12.1329,0.1359,0.3397,0.1078,0.3491,39.12
1788953769402,241.0962,12.0981,0.3346,0.3702,0.0162,-0.0172,39.11
1788953769402,241.6036,12.0773,0.3726,-0.2098,0.3825,0.4101,39.09
1788953769402,241.4958,12.1173,0.1197,0.3091,0.0467,0.5322,39.13
1788953769402,237.7254,12.5244,0.4146,0.7670,-0.0143,-0.5667,39.12
1788953769402,239.0754,12.4192,0.1798,0.0955,0.1383,0.2575,39.12
1788953769402,242.7532,12.0811,0.1123,-0.0572,-0.1364,-0.0783,39.11
1788953769402,240.1529,12.3700,0.0705,0.0649,-0.2890,0.1354,39.13
1788953769402,241.9855,12.2167,0.4956,0.2786,0.4130,-0.5667,39.08
1788953769403,239.6138,12.4836,0.6643,-0.7287,0.8099,0.2270,39.11
1788953769403,242.2456,12.2490,0.0379,0.2481,-0.2585,0.4101,39.14
1788953769403,240.9642,12.4063,0.1901,0.4007,0.2909,-0.2614,39.14
1788953769403,244.3935,12.0919,0.1233,0.1260,-0.0143,-0.0172,39.13
1788953769403,244.6684,12.0932,0.2785,-0.1487,0.1383,-0.0172,39.11
1788953769403,243.0178,12.2860,0.1111,0.1870,-0.3196,0.2575,39.15
1788953769403,244.8145,12.1352,0.4799,0.2786,0.4436,-0.2919,39.12
1788953769403,241.4525,12.4998,0.5646,-0.9119,0.5351,-0.0783,39.12
1788953769403,244.3394,12.2389,0.1105,0.1565,-0.3196,0.2880,39.14
1788953769411,242.8141,12.4200,0.5116,0.5839,-0.0448,-0.4751,39.13
1788953769504,246.9451,12.0345,0.1896,-0.1182,0.0162,-0.0783,39.12
1788953769504,246.3482,12.1220,0.2353,0.1870,0.2299,0.3186,39.13
1788953769504,245.2133,12.2626,-0.0014,0.1260,0.0773,0.1659,39.13
1788953769504,246.6266,12.1488,0.3719,0.1870,0.1688,-0.3225,39.13
1788953769504,243.5593,12.4829,0.3896,-0.3929,0.5657,0.3796,39.13
1788953769504,245.6431,12.3022,0.1593,0.0955,-0.3196,0.3491,39.16
1788953769504,242.8163,12.6120,0.0863,0.2786,-0.1975,-0.1698,39.13
1788953769504,247.5928,12.1617,0.2826,0.2786,0.1078,0.3186,39.13
1788953769504,247.3328,12.2146,0.2783,-0.2708,0.2909,0.1049,39.16
1788953769511,246.9840,12.2758,-0.0124,0.3091,-0.1059,0.4407,39.16
1788953769603,246.5594,12.3452,0.5044,0.3397,0.2299,-0.2919,39.14
1788953769603,245.2548,12.5028,0.5556,-0.6677,0.6267,0.1354,39.13
1788953769603,245.9695,12.4576,0.1277,-0.0572,-0.2280,0.2880,39.15
1788953769603,246.1021,12.4712,0.2747,0.6144,0.0773,-0.2004,39.13
1788953769603,248.6570,12.2420,0.1502,-0.1182,0.1383,-0.1698,39.12
1788953769603,248.6190,12.2722,0.1379,0.0344,0.1688,0.0438,39.13
1788953769603,247.9104,12.3690,0.1622,0.0955,-0.3806,0.1049,39.11
1788953769603,249.1288,12.2738,0.4093,0.0344,0.0467,-0.7193,39.22
1788953769603,245.8087,12.6320,0.6889,-0.9119,0.6267,0.0744,39.14
1788953769611,248.2549,12.4133,0.1324,0.0344,-0.3501,0.1354,39.05
1788953769704,246.4491,12.6202,0.4491,0.7365,-0.3196,-0.4140,39.13
1788953769704,245.9473,12.6961,0.2674,-0.1793,-0.1364,-0.1088,39.13
1788953769704,250.7562,12.2411,0.1770,-0.0266,-0.1669,0.3186,39.13
1788953769704,248.7020,12.4721,0.1190,0.3702,0.0467,0.4712,39.12
1788953769704,250.1870,12.3494,0.4880,0.1870,0.2909,-0.4446,39.14
1788953769704,249.3755,12.4562,0.3788,-0.4845,0.1383,0.3796,39.15
1788953769704,248.3895,12.5803,0.2352,0.1260,-0.2585,0.3491,39.12
1788953769704,246.9858,12.7464,0.4392,0.5228,0.3215,-0.7193,39.15
1788953769704,248.3418,12.6359,0.1129,-0.3319,0.1078,0.0438,39.12
1788953769711,249.8392,12.5115,-0.0982,-0.1182,0.3215,0.2880,39.13
1788953769810,249.5003,12.5710,0.1402,-0.0877,-0.0448,0.0133,39.14
1788953769810,250.1304,12.5333,0.4241,0.1260,0.1383,-0.5056,39.13
1788953769810,250.5924,12.5129,0.7310,-0.7592,0.0773,0.4101,39.12
1788953769810,250.1004,12.5869,0.0726,0.0039,-0.2585,0.0744,39.12
1788953769810,250.0020,12.6218,0.3954,0.4618,-0.0143,0.0438,39.13
1788953769810,249.0338,12.7432,0.2787,-0.6677,0.2604,0.0744,39.14
1788953769810,252.0359,12.4674,0.1105,-0.1182,-0.2890,0.0744,39.11
1788953769810,250.0874,12.6867,0.1674,0.1565,-0.1669,-0.3225,39.13
1788953769810,252.4269,12.4776,0.2037,0.1260,0.1078,-0.1698,39.13
1788953769811,252.4111,12.5039,0.4490,0.0649,0.5046,0.4407,39.15
1788953769904,250.0414,12.7646,0.0862,-0.0877,-0.3501,0.0133,39.12
1788953769904,253.4327,12.4503,0.5290,0.4618,0.4130,-0.2309,39.14
1788953769904,249.5540,12.8624,0.5613,-0.9424,0.5046,0.1354,39.13
1788953769904,251.8179,12.6599,0.0794,0.0039,-0.1364,0.2575,39.12
1788953769904,250.4701,12.8189,0.2774,0.6144,-0.1364,-0.3225,39.14
1788953769904,249.6120,12.9284,0.1742,-0.1793,-0.0448,-0.0172,39.13
1788953769904,254.4634,12.4671,0.1233,-0.3319,-0.0754,-0.2004,39.13
1788953769904,253.0996,12.6266,-0.0254,0.4007,0.1688,0.5017,39.13
1788953769904,255.2956,12.4308,0.4905,0.4312,0.1688,-0.0477,39.18
1788953769911,255.1020,12.4736,0.5618,-0.3319,0.1994,0.6543,39.16
1788953770004,253.6798,12.6386,0.0927,0.0344,-0.1975,0.1049,39.14
1788953770005,250.9913,12.9318,0.9921,1.1333,-0.1059,-0.8414,39.14
1788953770005,251.1701,12.9370,0.4799,-1.0034,1.2067,0.0744,39.13
1788953770005,255.0697,12.5696,0.0878,0.0955,0.2299,0.3186,39.13
1788953770005,253.2894,12.7703,0.0902,0.6144,0.4436,0.2575,39.13
1788953770005,256.5432,12.4674,0.3399,0.3397,0.1994,0.1659,39.12
1788953770005,254.5026,12.6945,0.6081,-0.4540,0.0467,0.5628,39.11
1788953770005,255.2095,12.6461,0.1225,0.1260,-0.2585,0.0438,39.12
1788953770005,257.5047,12.4396,0.9192,0.6449,0.2604,-0.6582,39.12
1788953770011,253.9052,12.8218,0.5218,-0.8203,0.0467,0.1049,39.13
1788953770107,256.3623,12.5980,0.0894,0.0039,-0.0754,0.3491,39.17
1788953770107,253.7949,12.8769,0.3819,0.3397,-0.1364,-0.5972,39.14
1788953770107,253.6768,12.9116,0.3790,-0.6677,0.3215,-0.0172,39.13
1788953770107,254.8347,12.8175,0.0078,0.1565,0.0773,0.3186,39.09
1788953770107,255.7492,12.7485,0.2216,0.4312,0.0467,0.2575,39.13
1788953770107,257.7040,12.5750,0.3732,-0.0572,0.1688,-0.2919,39.14
1788953770107,258.5247,12.5147,0.3685,-0.3624,0.0162,0.0744,39.09
1788953770107,256.6694,12.7216,0.1852,0.0649,-0.3196,0.2270,39.12
1788953770107,257.8752,12.6230,0.4946,0.0649,0.3520,-0.5667,39.13
1788953770111,254.7278,12.9595,0.6582,-0.8508,0.6878,0.2880,39.13
1788953770211,256.7721,12.7766,0.0134,0.3702,0.0162,0.5628,39.13
1788953770211,254.4823,13.0278,0.5226,0.6754,-0.3196,-0.7803,39.14
1788953770211,254.6018,13.0372,0.1262,-0.4235,0.5962,0.0744,39.13
1788953770211,257.3689,12.7820,0.0468,-0.0877,-0.2280,0.0133,39.08
1788953770211,257.0094,12.8393,0.0460,0.4007,0.1383,0.2270,39.12
1788953770211,258.9763,12.6641,0.4717,0.1565,-0.0448,-0.1088,39.14
1788953770318,257.0096,12.8823,0.4708,-0.2403,0.3520,0.6849,39.13
1788953770318,257.5493,12.8498,0.1759,0.0344,-0.4111,0.1049,39.14
1788953770318,260.4124,12.5855,0.9816,0.8281,0.3520,-0.9635,39.13
1788953770318,257.6743,12.8797,0.1874,-0.3014,0.1688,-0.0172,39.14
1788953770318,257.4741,12.9205,0.1191,0.4312,-0.4722,0.7154,39.10
1788953770318,257.7384,12.9152,0.3703,0.5228,-0.2585,-0.4140,39.13
1788953770318,255.8134,13.1287,0.2234,-0.5150,0.3825,-0.0783,39.13
1788953770416,258.1256,12.9183,0.1498,-0.1182,-0.1364,0.0133,39.11
1788953770416,258.9894,12.8526,0.1225,0.3397,0.0162,0.2575,39.14
1788953770416,259.3828,12.8339,0.3951,0.0955,0.1383,-0.2004,39.14
1788953770416,259.4682,12.8464,0.5568,-0.4235,0.0773,0.3796,39.18
1788953770416,257.8757,13.0258,-0.0047,0.4923,0.0467,0.3491,39.12
1788953770416,260.2376,12.8111,0.8661,0.4007,0.5046,-0.7803,39.13
1788953770416,257.2969,13.1258,0.6325,-0.7287,0.6267,0.3186,39.13
1788953770506,260.8437,12.7909,0.0645,-0.0266,-0.2280,0.1659,39.13
1788953770506,256.9890,13.1973,0.6114,0.7670,-0.1364,-0.6277,39.13
1788953770506,257.5621,13.1602,0.2114,-0.5761,0.6267,0.1049,39.12
1788953770506,260.3800,12.8984,-0.0449,0.1565,-0.0754,0.3186,39.18
1788953770506,259.3801,13.0184,0.1682,0.6144,0.0467,0.2270,39.13
1788953770506,262.5569,12.7206,0.3242,0.0344,0.1078,0.0438,39.13
1788953770506,261.9331,12.8029,0.3488,-0.0572,0.3520,0.1659,39.12
1788953770507,260.3401,12.9816,0.1723,0.3702,0.1994,0.4712,39.13
1788953770507,262.4996,12.7858,0.6739,0.1870,0.3825,-0.4751,39.12
1788953770507,263.0598,12.7494,0.7450,-0.6066,0.2604,0.4407,39.16
1788953770507,261.1537,12.9589,0.1513,0.1260,-0.1364,0.0744,39.13
1788953770507,258.7864,13.2160,0.9288,1.0112,0.3520,-0.8414,39.13
1788953770507,258.8123,13.2327,0.6080,-1.0950,0.8404,0.1659,39.13
1788953770507,263.0211,12.8306,0.1259,0.3397,-0.2280,0.4407,39.11
1788953770511,260.9433,13.0573,0.2834,0.5228,-0.1059,-0.2004,39.13
1788953770511,261.0587,13.0644,0.1877,-0.1793,0.1078,-0.1698,39.11
1788953770511,262.3950,12.9500,0.4967,-0.5761,0.1078,0.0744,39.12
1788953770511,262.7240,12.9357,0.2078,0.2176,0.0773,0.1354,39.12
1788953770511,265.8568,12.6414,0.6227,0.4312,0.1994,-0.1088,39.10
1788953770511,264.2002,12.8255,0.5110,-0.5150,0.1078,0.2270,39.12
1788953770604,263.0864,12.9549,0.1933,0.0039,-0.2585,0.1049,39.13
1788953770604,262.2180,13.0607,0.5523,0.0039,0.1688,-0.7803,39.13
1788953770604,261.7026,13.1312,0.6883,-0.6677,0.6267,0.3186,39.12
1788953770604,261.5835,13.1614,0.3562,0.1565,-0.6248,0.5628,39.13
1788953770604,262.2473,13.1138,0.5801,0.5533,-0.3196,-0.7193,39.13
1788953770604,261.7967,13.1771,0.3330,-0.2403,0.2604,0.7154,39.13
1788953770604,264.8471,12.8897,0.0285,-0.0877,-0.1975,0.1659,39.12
1788953770604,261.7042,13.2220,0.0961,0.1260,0.1383,-0.1698,39.15
1788953770604,266.1683,12.7935,0.0967,-0.2098,0.1383,-0.2614,39.12
1788953770611,264.2124,13.0077,0.3418,-0.5456,0.1383,0.1049,39.11
1788953770702,263.0474,13.1422,0.3205,0.6144,-0.4111,0.5017,39.14
1788953770702,265.8868,12.8765,0.4064,-0.1793,0.2909,-0.5972,39.13
1788953770702,266.5221,12.8312,0.7636,-0.5761,0.4436,0.1965,39.02
1788953770702,264.2188,13.0789,0.1119,0.0649,-0.3806,0.1965,39.11
1788953770702,265.4344,12.9758,0.7422,0.3702,0.2909,-0.9330,39.13
1788953770702,263.0790,13.2291,0.5153,-0.6066,0.2909,0.2270,39.12
1788953770702,263.9284,13.1620,0.1392,0.0955,-0.3196,0.3186,39.17
1788953770702,261.8447,13.3887,0.5882,0.7365,-0.1669,-0.8719,39.14
1788953770706,264.0804,13.1826,0.1240,-0.5456,0.0467,-0.1698,39.14
1788953770711,264.3044,13.1777,0.1250,0.1260,-0.3501,0.5017,39.12
1788953770811,264.0454,13.2215,0.1930,0.3702,-0.2585,-0.2004,39.14
1788953770811,265.4079,13.1029,0.3513,-0.1487,0.1078,0.1049,39.13
1788953770811,266.5870,13.0028,0.1601,-0.1487,-0.0754,-0.1088,39.12
1788953770811,264.9342,13.1856,0.3544,0.3702,-0.3806,0.3186,39.13
1788953770811,266.7537,13.0209,0.5044,0.2176,0.4741,-0.2004,39.14
1788953770812,266.8129,13.0325,0.5126,-0.4235,0.1688,0.4101,39.14
1788953770812,265.0775,13.2226,0.0309,0.2786,-0.0143,0.2880,39.13
1788953770812,267.8701,12.9612,0.9429,0.6144,0.7183,-0.3225,39.14
1788953770812,263.7703,13.3882,0.6245,-0.8203,0.0467,0.4101,39.11
1788953770812,266.6777,13.1141,0.1670,0.1260,-0.3196,0.1965,39.14
1788953770905,263.3067,13.4689,0.7114,0.6754,-0.1364,-0.7803,39.13
1788953770905,263.2565,13.4913,0.4507,-1.1255,1.0235,0.0133,39.14
1788953770905,266.3815,13.1955,-0.0404,-0.0572,-0.1059,0.2575,39.16
1788953770905,264.2166,13.4291,0.3499,0.6449,-0.0754,-0.3530,39.14
1788953770905,264.1108,13.4563,0.2536,-0.1793,0.2604,0.0133,39.13
1788953770905,268.5341,13.0307,0.1832,0.0039,0.0773,0.1659,39.21
1788953770905,267.2439,13.1760,0.0542,-0.0266,0.1994,-0.0783,39.14
1788953770905,269.6114,12.9556,0.3833,0.0039,0.1688,-0.1698,39.14
1788953770905,269.5535,12.9775,0.3296,-0.0266,-0.0448,0.1965,39.13
1788953770911,265.1561,13.4336,0.4430,0.5228,-0.6248,0.0133,39.13
1788953771002,270.5103,12.9150,0.8986,0.1870,0.2299,-0.7803,39.16
1788953771002,270.1720,12.9650,1.0934,-1.0340,0.4130,0.3491,39.12
1788953771002,266.8683,13.3107,0.0441,0.2176,-0.0754,0.3796,39.13
1788953771002,266.5082,13.3634,0.9584,0.5839,0.3215,-0.9330,39.14
1788953771002,266.6986,13.3598,0.5457,-0.4845,0.6267,0.5322,39.13
1788953771002,268.2132,13.2245,0.3043,-0.0572,-0.6248,0.4101,39.11
1788953771002,265.4780,13.5139,0.6507,0.9502,0.0162,-1.0245,39.14
1788953771002,267.1403,13.3630,0.2768,-0.7898,0.3825,0.1049,39.13
1788953771002,269.6026,13.1320,0.0315,-0.1793,-0.3501,0.1659,39.16
1788953771011,267.5771,13.3499,0.1892,0.1870,-0.1669,-0.3530,39.14
1788953771105,267.7147,13.3520,0.5512,-0.3014,0.1688,-0.1698,39.13
1788953771105,270.7408,13.0647,0.0574,-0.1182,0.4436,0.2270,39.17
1788953771105,268.3916,13.3155,0.3882,0.2481,-0.4722,0.0744,39.14
1788953771105,270.3837,13.1316,0.6206,0.4007,0.4436,-0.0477,39.13
1788953771105,271.6653,13.0190,0.4329,-0.0572,0.1994,0.3491,39.12
1788953771105,269.7574,13.2245,0.0512,0.2481,0.1994,0.3491,39.13
1788953771105,271.3238,13.0834,0.4657,0.0649,-0.0143,-0.7193,39.16
1788953771105,270.6969,13.1616,0.9817,-0.9424,0.1994,0.2880,39.14
1788953771105,268.4356,13.4025,0.1167,0.0955,-0.2890,0.1354,39.14
1788953771111,272.0435,13.0579,0.9889,0.7365,0.1078,-0.9024,39.13
1788953771203,267.2970,13.5476,0.8965,-0.8203,0.7793,0.7154,39.13
1788953771203,270.2215,13.2696,0.0924,0.1565,0.0162,0.3186,39.13
1788953771203,267.5961,13.5474,0.7722,1.2554,0.2604,-0.4446,39.13
1788953771203,268.6948,13.4525,0.3000,-0.5761,0.4130,0.1659,39.12
1788953771203,269.8452,13.3526,0.1194,-0.0572,-0.4111,0.2575,39.16
1788953771203,267.3362,13.6186,0.3276,0.6449,0.1383,-0.5056,39.15
1788953771204,269.2538,13.4416,0.1456,-0.0877,-0.1059,0.2270,39.14
1788953771204,270.1766,13.3642,0.0003,0.2176,0.1994,0.5017,39.11
1788953771204,270.1659,13.3802,0.1323,0.0955,-0.0448,-0.1088,39.13
1788953771211,270.9842,13.3133,0.3568,0.1870,0.3825,-0.0477,39.14
1788953771311,272.0943,13.2173,0.3831,-0.4235,0.5962,0.0133,39.18
1788953771311,271.0679,13.3346,0.2991,0.6449,-0.1059,0.4407,39.14
1788953771311,272.0423,13.2515,0.3572,-0.0266,0.4741,-0.2919,39.13
1788953771311,271.4935,13.3213,0.6114,-0.6066,0.1383,-0.0477,39.15
1788953771311,270.1584,13.4690,0.0426,0.0649,-0.1975,-0.0172,39.13
1788953771311,272.3494,13.2653,0.8258,0.1565,0.5046,-0.6582,39.12
1788953771404,272.1837,13.2965,0.8677,-0.6371,0.1994,0.8985,39.12
1788953771404,272.4470,13.2841,0.0853,0.3091,-0.1669,0.4407,39.13
1788953771404,268.9780,13.6464,0.9790,0.8281,-0.1975,-0.9940,39.13
1788953771404,269.6875,13.5896,0.7009,-0.7592,0.8099,0.2575,39.12
1788953771404,271.8068,13.3915,0.1220,0.4007,-0.3806,0.5322,39.11
1788953771404,270.3516,13.5515,0.6438,0.5839,-0.0143,-0.7498,39.13
1788953771404,269.4036,13.6600,0.4503,-0.9729,0.9014,0.1659,39.13
1788953771406,273.5823,13.2556,0.0670,-0.1487,-0.1364,0.1049,39.11
1788953771406,269.8127,13.6463,0.2983,0.7060,-0.0448,-0.3530,39.11
1788953771406,270.2039,13.6212,0.2309,-0.5150,0.9320,0.0438,39.14
1788953771406,273.4736,13.3078,0.0514,-0.0266,-0.1364,0.1965,39.13
1788953771406,270.4478,13.6245,0.6694,0.7670,-0.3806,-0.1393,39.13
1788953771406,275.4342,13.1395,0.2156,0.0039,-0.1669,0.1049,39.13
1788953771411,275.8012,13.1163,0.1255,-0.0572,0.0162,-0.2004,39.12
1788953771502,272.3322,13.4764,0.3798,0.3702,-0.5027,0.2575,39.12
1788953771502,275.5239,13.1706,0.4285,-0.0572,-0.0143,-0.4446,39.13
1788953771502,272.7468,13.4621,0.8055,-0.8813,0.2604,0.5017,39.20
1788953771502,273.9316,13.3569,0.2562,0.0955,-0.4722,0.0133,39.13
1788953771502,275.9541,13.1684,1.2521,0.1260,0.9930,-0.9024,39.13
1788953771502,275.2120,13.2555,0.6678,-0.6677,0.3215,0.2270,39.13
1788953771502,274.9439,13.2950,0.0715,0.0344,-0.4111,0.1659,39.12
1788953771502,273.3858,13.4640,0.7175,0.2176,0.3215,-0.6582,39.13
1788953771502,276.5033,13.1657,0.9708,-1.0950,0.7488,0.0438,39.14
1788953771511,272.6357,13.5652,0.4125,0.1565,-0.4417,0.4101,39.12
1788953771606,272.7233,13.5698,0.8840,0.7670,0.1078,-0.6888,39.14
1788953771606,272.1257,13.6426,0.7958,-1.0034,0.6572,0.1354,39.14
1788953771606,274.9903,13.3685,0.0961,0.1565,-0.0143,0.3186,39.13
1788953771606,272.1956,13.6609,0.4386,0.5228,0.2299,-0.5056,39.14
1788953771606,271.8354,13.7098,0.3371,-0.6371,0.7183,0.3796,39.12
1788953771606,275.1406,13.3920,0.1425,0.4007,-0.3196,0.6543,39.10
1788953771606,270.8826,13.8311,0.4424,0.5839,-0.2585,-0.6888,39.14
1788953771606,271.7316,13.7591,0.1798,-0.3624,0.3825,0.0438,39.13
1788953771606,274.4474,13.5003,0.0152,0.3397,0.1383,0.6238,39.16
1788953771611,271.9267,13.7651,0.1527,0.2786,-0.2890,-0.0172,39.14
1788953771703,276.5675,13.3138,0.2561,0.3091,0.5351,0.4101,39.13
1788953771703,274.9843,13.4850,0.3924,-0.4235,-0.2280,0.2575,39.13
1788953771703,274.5405,13.5421,0.3081,0.2176,-0.4111,-0.1088,39.13
1788953771703,277.6805,13.2407,0.5946,-0.0266,0.2299,-0.3835,39.11
1788953771703,276.7344,13.3475,0.2154,-0.1182,0.2604,-0.0172,39.14
1788953771703,274.3470,13.5986,0.2489,0.3397,-0.4111,0.2270,39.12
1788953771703,275.8462,13.4613,0.6936,0.3397,0.2604,-0.5056,39.13
1788953771703,277.4301,13.3156,0.6939,-0.5456,0.1994,0.2880,39.30
1788953771703,274.3871,13.6321,0.2925,0.7060,-0.0754,0.4407,39.14
1788953771711,277.1202,13.3713,0.4995,0.4007,0.3825,-0.2614,39.15
1788953771806,276.2971,13.4662,0.8557,-0.3929,0.5046,0.7764,39.13
1788953771806,274.6616,13.6415,0.0991,-0.0572,-0.1669,-0.0172,39.13
1788953771806,277.5245,13.3685,1.3353,1.0112,0.3520,-1.1161,39.13
1788953771806,277.6482,13.3683,0.7839,-1.0340,0.5046,0.3186,39.13
1788953771806,277.0451,13.4399,0.1118,0.0649,-0.3501,0.1965,39.12
1788953771806,273.7052,13.7868,0.8326,0.8891,-0.0448,-0.7803,39.13
1788953771806,273.3227,13.8371,0.6934,-1.0950,0.6267,0.1965,39.12
1788953771806,276.0428,13.5768,0.1007,0.4312,0.0773,0.4407,39.14
1788953771806,273.5696,13.8366,0.7115,0.7975,-0.0143,-0.9330,39.14
1788953771811,273.4806,13.8574,0.4784,-0.7898,1.2067,0.2880,39.13
1788953771911,278.2613,13.3905,0.0763,0.3702,-0.0754,0.5322,39.13
1788953771911,273.7552,13.8530,0.4330,0.7365,-0.1059,-0.6277,39.13
1788953771911,274.2992,13.8102,0.0991,-0.6677,0.3215,0.0438,39.12
1788953771911,277.2594,13.5255,0.0899,0.1870,-0.2585,0.4101,39.11
1788953771911,274.4196,13.8219,0.9981,1.1028,-0.6553,-0.5361,39.15
1788953771911,273.9004,13.8852,0.1693,0.1260,0.1994,0.3491,39.14
1788953771911,277.9268,13.4937,0.0762,0.2176,-0.1975,0.2880,39.05
1788953771911,276.2650,13.6712,0.4662,0.3702,-0.4722,-0.1088,39.11
1788953771911,280.6873,13.2399,0.2811,-0.0877,-0.1059,0.1049,39.13
1788953771911,277.0051,13.6197,0.7660,-0.3319,0.0467,0.8680,39.07
1788953772017,278.3086,13.5006,0.2184,0.3091,-0.0143,0.4407,39.12
1788953772017,280.5887,13.2839,0.4813,0.0955,0.1383,-0.2919,39.13
1788953772017,279.6504,13.3887,0.4447,-0.4235,0.5351,0.0438,39.13
1788953772017,278.4437,13.5200,0.1982,0.3397,-0.2585,0.3796,39.15
1788953772017,277.7464,13.6011,0.8586,0.2786,0.9014,-0.6888,39.13
1788953772017,279.9447,13.3924,0.5036,-0.3929,0.2604,0.1965,39.16
1788953772017,277.5546,13.6426,0.4854,0.7060,-0.3501,0.5017,39.14
1788953772017,279.4593,13.4633,0.7671,0.0955,0.6267,-0.8719,39.14
1788953772017,281.0967,13.3104,0.6546,-0.3929,0.5046,0.1354,39.12
1788953772017,278.5298,13.5771,0.1409,0.4312,-0.3501,0.5322,39.12
1788953772113,280.2525,13.4159,0.5889,0.2176,0.1994,-0.5972,39.11
1788953772113,279.2989,13.5223,0.9414,-0.8508,0.3825,0.5017,39.12
1788953772113,277.1203,13.7506,0.0834,-0.1182,0.1078,-0.0783,39.12
1788953772113,280.1039,13.4641,1.1453,0.9502,0.5657,-1.0245,39.13
1788953772113,280.1085,13.4746,1.0802,-1.1561,0.6572,0.5322,39.19
1788953772113,279.0054,13.5952,0.1148,0.0344,-0.4722,0.1049,39.14
1788953772115,276.0671,13.9004,0.9386,0.8891,-0.1364,-1.0551,39.13
1788953772115,277.6897,13.7487,0.5072,-0.5150,0.8404,0.4407,39.14
1788953772115,278.3042,13.6978,0.0898,0.1870,-0.1669,0.4407,39.12
1788953772115,275.5330,13.9863,0.9760,1.3775,-0.1975,-0.8109,39.13
1788953772210,278.3026,13.7195,0.2417,-0.5761,0.1078,0.1049,39.13
1788953772210,278.3680,13.7232,0.1531,0.0344,-0.4417,0.2270,39.14
1788953772210,278.4820,13.7228,0.5246,0.6449,-0.0143,-0.4140,39.13
1788953772210,275.5787,14.0238,0.4842,-0.6677,1.2372,0.4712,39.12
1788953772210,278.9626,13.6960,0.1731,0.1260,-0.2890,0.4712,39.13
1788953772210,277.7504,13.8278,0.2624,0.2786,0.2604,-0.3835,39.15
1788953772211,276.7574,13.9376,0.1477,-0.6371,0.4130,0.0133,39.12
1788953772211,280.5560,13.5684,0.2183,-0.2098,-0.3196,0.1049,39.11
1788953772211,275.9828,14.0362,0.3269,0.4312,0.0773,-0.5056,39.12
1788953772211,277.1035,13.9348,0.1695,-0.4235,0.5046,-0.0172,39.11
1788953772304,281.2754,13.5278,0.0849,0.0344,-0.1059,0.2575,39.13
1788953772304,277.1715,13.9484,0.2123,0.4923,-0.2280,-0.3530,39.13
1788953772304,277.2385,13.9518,0.1521,-0.1793,-0.1059,0.1659,39.13
1788953772304,279.7249,13.7133,0.1164,0.2176,0.0467,0.2575,39.10
1788953772304,278.6928,13.8268,0.4675,0.4618,-0.1975,0.0133,39.13
1788953772304,282.4063,13.4656,0.2848,-0.1182,0.1994,-0.0783,39.11
1788953772304,282.2718,13.4891,0.1955,0.1870,0.0162,0.3186,39.12
1788953772304,279.6671,13.7590,0.0618,0.1565,-0.0754,0.1354,39.14
1788953772304,282.1378,13.5221,0.5428,0.0039,0.2299,-0.3225,39.13
1788953772311,282.0490,13.5409,0.3343,-0.0266,0.3825,0.5628,39.14
1788953772404,277.5193,14.0040,0.8115,1.1638,-0.8690,0.3491,39.14
1788953772404,284.0041,13.3656,0.6897,0.0039,0.1383,-0.2919,39.12
1788953772404,284.7196,13.3033,0.4237,0.0955,0.2909,0.1659,39.04
1788953772404,280.0622,13.7781,0.2765,0.1870,-0.5943,0.0744,39.13
1788953772404,283.6808,13.4258,0.4977,-0.0266,0.6267,-0.6277,39.14
1788953772404,279.8463,13.8190,0.8437,-1.1255,0.1994,0.5933,39.13
1788953772404,281.3374,13.6798,0.4421,0.2786,-0.6248,-0.0172,39.12
1788953772404,284.4448,13.3787,1.0110,0.5533,0.2299,-0.2919,39.16
1788953772404,282.7746,13.5548,0.5840,-0.2098,0.1688,0.5322,39.13
1788953772411,282.0506,13.6360,0.2664,0.0955,-0.1364,0.0744,39.15
1788953772651,281.5422,13.6963,0.6719,0.3397,0.7488,-0.7498,39.12
1788953772651,283.7210,13.4878,0.6538,-0.6677,0.2299,0.2270,39.03
1788953772651,280.7787,13.7912,0.2255,0.2786,-0.2890,0.3491,39.10
1788953772651,284.1115,13.4674,0.8766,0.3702,0.5351,-0.4751,39.11
1788953772651,284.5402,13.4337,1.1074,-0.7592,0.7183,0.4101,39.15
1788953772651,282.2550,13.6705,0.2248,0.1870,-0.0754,0.3186,39.14
1788953772651,282.6396,13.6416,0.8586,0.3091,0.5962,-0.7498,39.17
1788953772756,282.3776,13.6775,1.2274,-1.2782,0.7793,0.4407,39.16
1788953772756,280.0068,13.9236,0.1123,0.2176,-0.3501,0.4101,39.13
1788953772756,283.9554,13.5390,1.2254,0.9196,0.2299,-1.2993,39.13
1788953772756,279.3421,14.0095,1.0049,-1.2171,0.8404,0.2880,39.13
1788953772756,281.9750,13.7548,0.1383,0.2176,0.1383,0.3491,39.13
1788953772756,280.1023,13.9516,0.9676,1.1028,0.2299,-0.8719,39.14
1788953772756,281.1805,13.8525,0.5307,-0.3624,0.3520,0.4712,39.14
1788953772861,281.7297,13.8065,0.3541,0.1260,-0.3806,0.4101,39.13
1788953772861,279.3425,14.0548,1.0303,1.0417,-0.0143,-1.2993,39.13
1788953772861,281.4195,13.8554,0.3675,-0.4845,0.3520,0.5628,39.13
1788953772861,281.7782,13.8281,0.1894,0.3091,-0.3501,0.5628,39.11
1788953772861,281.6209,13.8529,0.4857,0.5533,0.1688,-0.6277,39.12
1788953772861,278.9483,14.1296,0.8523,-1.1866,0.8709,0.1965,39.14
1788953772861,281.6782,13.8654,0.3505,-0.1182,-0.5027,0.3186,39.13
1788953772861,281.5423,13.8882,0.4755,0.2786,-0.1059,-0.5056,39.13
1788953772861,279.7271,14.0787,0.5387,-0.6371,0.9625,0.5322,39.13
1788953772861,283.8666,13.6733,0.1605,-0.1182,-0.0448,0.1049,39.14
1788953772861,279.4337,14.1257,0.7081,1.0723,0.1078,-0.5361,39.13
1788953772861,280.2762,14.0502,0.3610,-0.9424,0.5657,0.1659,39.13
1788953772861,283.8303,13.7031,0.1314,0.4007,-0.1669,0.5322,39.13
1788953772861,279.9920,14.0959,0.4999,0.5228,-0.2585,-0.8109,39.13
1788953772861,279.7229,14.1318,0.3930,-0.9119,0.5351,0.2270,39.11
1788953772861,282.1751,13.8953,0.1605,-0.2098,0.0773,0.1965,39.12
1788953772861,280.3410,14.0877,0.3816,0.5839,0.3520,-0.6277,39.13
1788953772861,280.1655,14.1139,0.3290,-0.5456,0.8404,0.1354,39.13
1788953772861,284.6055,13.6781,-0.0381,0.0344,0.0773,0.2880,39.11
1788953772861,280.6090,14.0863,0.3787,0.7060,0.0467,-0.5972,39.13
1788953772861,281.5301,14.0026,0.2138,-0.2708,0.2604,0.3796,39.13
1788953772968,283.9842,13.7652,0.1651,-0.2098,-0.2890,0.0438,39.10
1788953772968,280.5794,14.1148,1.0350,1.4080,-0.4417,-0.2004,39.13
1788953772968,280.5694,14.1238,0.2072,-0.3929,0.8099,0.1049,39.13
1788953772968,284.8735,13.7011,-0.0341,-0.0572,-0.2280,0.1659,39.17
1788953772968,281.3091,14.0656,0.2903,0.3091,-0.0754,-0.4446,39.14
1788953772968,282.3084,13.9736,0.1353,-0.3929,0.2299,-0.2004,39.13
1788953772968,283.1047,13.9025,0.5151,-0.2708,-0.5943,0.4407,39.12
1788953773077,280.8275,14.1382,0.1270,0.0955,-0.1669,-0.2004,39.11
1788953773077,282.1139,14.0174,0.1499,-0.3014,0.0162,0.0133,39.13
1788953773077,285.0484,13.7318,0.1312,-0.0572,-0.0143,0.2575,39.15
1788953773077,282.4456,13.9997,0.1606,0.0649,0.3520,-0.2309,39.14
1788953773077,282.3524,14.0174,0.7247,-0.0877,0.3520,-0.4140,39.13
1788953773077,282.9656,13.9635,0.1133,-0.1182,-0.0143,0.1965,39.20
1788953773077,283.8811,13.8804,0.5506,0.4007,-0.3806,-0.0783,39.15
1788953773077,286.3780,13.6381,0.3483,-0.0877,0.0162,-0.0783,39.12
1788953773077,285.8422,13.6993,0.2068,-0.0572,-0.0754,0.0438,39.09
1788953773077,284.2375,13.8673,0.1485,-0.0266,-0.1364,-0.0172,39.12
1788953773077,286.6452,13.6343,0.2574,-0.0877,-0.1364,-0.0783,39.13
1788953773077,285.6827,13.7387,0.2746,-0.3014,0.2604,0.0438,39.12
1788953773077,283.6243,13.9523,0.2678,0.2176,0.2909,-0.0783,39.13
1788953773175,286.3408,13.6887,0.2474,0.2176,0.5351,0.4407,39.13
1788953773175,286.6045,13.6702,0.2658,-0.0572,0.1688,0.1659,39.11
1788953773175,284.4004,13.8982,0.1410,0.3091,-0.1364,0.2270,39.13
1788953773175,285.9632,13.7501,0.5496,0.0344,0.2604,-0.1393,39.13
1788953773175,285.3340,13.8208,0.3663,-0.1182,0.2604,0.5322,39.09
1788953773175,284.0822,13.9538,0.4181,0.3091,-0.1669,0.0744,39.13
1788953773175,287.4538,13.6244,0.3729,-0.0877,0.0162,-0.2919,39.13
1788953773283,286.4980,13.7273,0.0847,0.0955,0.1994,0.1659,39.10
1788953773283,284.3376,13.9510,0.2072,0.0344,-0.2890,0.0133,39.12
1788953773283,285.1385,13.8787,0.6868,0.3702,0.9014,-0.0477,39.14
1788953773283,286.1663,13.7840,0.5499,-0.1487,0.3520,0.5322,39.14
1788953773283,285.0743,13.9007,0.2860,0.4007,0.0467,0.2270,39.13
1788953773283,285.6148,13.8542,0.4920,0.0649,0.2299,-0.2919,39.14
1788953773283,286.1263,13.8109,0.4309,-0.2708,-0.0143,0.1659,39.14
1788953773375,284.4070,13.9901,0.3182,0.2481,-0.3806,0.0744,39.13
1788953773375,287.1864,13.7201,0.5558,-0.1487,0.0467,-0.5056,39.14
1788953773375,287.5001,13.6961,0.2918,0.0955,0.4741,0.0438,39.04
1788953773375,283.7227,14.0808,0.1583,0.1565,-0.2280,0.0133,39.13
1788953773375,285.9703,13.8641,0.6782,-0.1487,0.3825,-0.6888,39.14
1788953773375,287.4359,13.7251,0.5056,-0.2098,0.1383,0.1354,39.13
1788953773375,284.1833,14.0579,0.5328,0.2786,-0.0448,-0.0783,39.12
1788953773475,287.9348,13.6901,0.6499,0.2786,0.3215,-0.2309,39.12
1788953773475,288.3913,13.6516,0.5241,-0.3014,0.1994,0.1965,39.17
1788953773475,285.3438,13.9630,0.1712,0.4618,-0.1059,0.3796,39.13
1788953773475,288.7633,13.6282,0.4588,0.4312,0.3215,0.0438,39.13
1788953773475,287.2296,13.7887,0.6201,-0.5150,-0.1059,0.2880,39.15
1788953773475,283.6102,14.1577,0.5091,1.0417,-0.5638,0.4101,39.13
1788953773475,288.3972,13.6866,0.7228,0.0344,0.6267,-0.5361,39.14
1788953773586,288.6555,13.6677,0.5892,-0.3624,0.1383,0.1659,39.07
1788953773586,285.4202,13.9980,0.4757,0.3702,-0.7164,0.1354,39.12
1788953773586,289.0580,13.6412,0.6869,0.3091,0.4436,-0.5056,39.13
1788953773586,285.7805,13.9759,0.8832,-0.6677,0.1688,1.0206,39.11
1788953773586,287.6991,13.7908,0.3796,0.0955,-0.4111,0.1049,39.14
1788953773586,289.2635,13.6411,0.6693,-0.0266,0.1688,-0.3835,39.13
1788953773586,288.7126,13.7027,0.5211,-0.3929,0.0162,0.2270,39.12
1788953773676,287.1557,13.8646,0.2907,0.2176,-0.4417,0.0744,39.13
1788953773676,286.3071,13.9565,1.0220,0.3397,1.0235,-0.6582,39.13
1788953773676,289.8459,13.6092,0.3208,0.0344,-0.0143,0.1049,39.22
1788953773676,285.2150,14.0792,0.5548,0.6144,-0.6859,0.1965,39.14
1788953773676,289.0869,13.6987,0.6355,-0.0877,0.2909,-0.5972,39.12
1788953773676,289.7033,13.6434,0.2806,0.1870,0.3825,0.4101,39.10
1788953773676,286.9384,13.9259,0.1679,0.1870,-0.1975,0.1965,39.12
1788953773791,288.4310,13.7836,0.6163,0.0649,0.1994,-0.4751,39.11
1788953773791,287.2153,13.9123,0.8689,-0.5150,0.2299,0.7154,39.17
1788953773791,286.1257,14.0279,0.4452,0.3397,-0.7164,0.0438,39.12
1788953773791,289.1112,13.7363,0.6581,-0.0877,0.3520,-0.6888,39.13
1788953773791,290.3362,13.6201,0.3582,0.1870,-0.0143,0.3186,39.13
1788953773791,286.7799,13.9818,0.1820,0.1260,-0.2280,0.0744,39.13
1788953773791,289.1658,13.7501,0.7747,0.3091,0.4741,-0.1698,39.13
1788953773791,287.2893,13.9443,0.6707,-0.1793,0.2604,0.7764,39.14
1788953773791,286.9594,13.9838,0.2576,0.2481,-0.3501,0.0133,39.13
1788953773791,289.2887,13.7577,0.7511,-0.0572,0.2604,-0.5667,39.14
1788953773791,288.1476,13.8781,0.3932,-0.3624,0.5351,-0.0783,39.15
1788953773791,285.9157,14.1079,0.3557,0.5533,-0.4417,0.4407,39.14
1788953773791,288.1443,13.8919,0.6458,0.0649,0.5351,-0.4140,39.13
1788953773791,288.9708,13.8161,0.5634,-0.3014,0.0773,0.5628,39.12
1788953773887,287.5888,13.9605,0.3073,0.1565,-0.2585,0.1659,39.13
1788953773887,288.6833,13.8572,0.3981,0.3397,-0.0143,-0.0783,39.13
1788953773887,287.6597,13.9664,0.5334,-0.5456,0.4436,0.2270,39.14
1788953773887,286.2762,14.1110,0.2892,0.5839,0.0162,0.4101,39.13
1788953773887,288.8604,13.8596,0.6313,0.3397,-0.0143,0.0438,39.12
1788953773887,288.4991,13.9024,0.5765,-0.6066,0.1688,0.0744,39.24
1788953773982,285.8574,14.1727,0.3017,0.6754,0.0162,0.4407,39.15
1788953773982,288.3897,13.9263,0.8499,0.0649,0.4436,-0.5667,39.11
1788953773982,289.5738,13.8142,0.4199,-0.3014,0.4741,0.2575,39.23
1788953773982,287.0211,14.0758,0.4335,0.4312,-0.4722,0.1354,39.15
1788953773982,290.3596,13.7482,0.5754,0.1565,0.0773,-0.2919,39.12
1788953773982,290.3882,13.7513,0.3066,0.0039,0.5046,0.4407,39.12
1788953773982,287.4753,14.0481,0.2111,0.2786,-0.2890,0.3491,39.13
1788953774072,290.5636,13.7454,0.4737,0.2481,0.3215,0.0438,39.12
1788953774072,289.6894,13.8389,0.3487,-0.3014,0.1994,0.1659,39.14
1788953774072,285.3257,14.2817,0.7563,0.7060,-1.0827,0.0438,39.12
1788953774072,290.7944,13.7412,0.6798,0.4007,0.1383,0.0744,39.15
1788953774072,290.8924,13.7374,0.4683,-0.3319,0.1688,0.0438,39.13
1788953774072,287.6937,14.0630,0.5017,0.4007,-0.1364,0.0438,39.14
1788953774072,291.0764,13.7304,0.6312,-0.0266,0.2299,-0.4446,39.13
1788953774172,288.0842,14.0358,0.9310,-0.8508,0.3825,0.7764,39.15
1788953774172,289.5328,13.8963,0.1103,0.1870,-0.2280,0.2880,39.13
1788953774173,291.8521,13.6701,0.4344,0.1565,0.0162,-0.1393,39.13
1788953774173,289.6677,13.8943,0.5782,-0.5150,0.1688,0.3491,39.10
1788953774173,289.1760,13.9487,0.2621,0.1565,-0.2280,0.0133,39.10
1788953774173,288.7354,13.9989,0.8348,0.2786,0.9014,-0.3530,39.12
1788953774173,290.6030,13.8178,0.2869,-0.2708,0.4741,-0.0172,39.05
1788953774267,288.6167,14.0224,0.4013,0.4618,-0.1669,0.3186,39.12
1788953774267,290.7498,13.8146,0.3057,-0.0877,-0.0143,0.0438,39.12
1788953774267,291.2459,13.7704,0.1925,0.2481,0.1383,0.1965,39.09
1788953774267,289.5703,13.9432,0.0573,0.3091,0.2299,0.1354,39.12
1788953774267,290.0591,13.9001,0.3033,-0.1487,0.1078,-0.0477,39.11
1788953774267,289.9612,13.9158,0.2349,-0.1182,-0.0754,0.1049,39.13
1788953774267,286.8589,14.2318,0.5732,0.4618,-0.2890,-0.2919,39.14
1788953774361,291.7063,13.7527,0.1947,-0.1182,-0.0143,0.0133,39.12
1788953774361,289.4394,13.9848,0.2354,-0.2098,-0.1364,-0.0172,39.14
1788953774361,285.5608,14.3781,0.1203,0.0344,-0.1059,-0.1088,39.13
1788953774361,287.8112,14.1589,0.1918,0.1565,-0.1975,0.3491,39.13
1788953774361,288.6450,14.0811,0.0839,0.0344,-0.2890,0.1965,39.07
1788953774361,285.2510,14.4263,0.2644,0.5533,0.1078,-0.0172,39.12
1788953774361,287.7637,14.1803,0.2157,0.2176,-0.0754,-0.1088,39.13
1788953774362,288.5186,14.1103,0.0706,-0.0572,-0.1364,0.3186,39.12
1788953774362,287.7803,14.1899,0.2417,0.5228,-0.1059,-0.1088,39.14
1788953774362,285.8714,14.3866,0.2632,-0.2403,0.4130,0.4101,39.13
1788953774362,289.0872,14.0707,0.1577,-0.1182,-0.2890,0.1965,39.14
1788953774362,288.6414,14.1209,0.2752,0.2786,-0.0143,-0.1393,39.13
1788953774362,286.0607,14.3844,0.2237,-0.3014,0.4741,0.3186,39.12
1788953774362,290.7873,13.9174,0.0759,0.0955,-0.2890,0.3491,39.16
1788953774477,285.3438,14.4673,0.2999,0.8586,-0.2280,-0.0477,39.13
1788953774477,286.2358,14.3838,0.1529,-0.6066,0.2604,0.0438,39.13
1788953774477,290.7595,13.9368,0.0898,-0.1793,-0.0754,0.1659,39.11
1788953774477,286.6283,14.3554,0.4433,0.6449,0.1688,-0.5667,39.13
1788953774477,286.9639,14.3275,0.2215,-0.6371,0.2299,0.1354,39.13
1788953774477,288.9289,14.1361,0.1458,0.3702,-0.1059,0.5628,39.14
1788953774477,287.0152,14.3333,0.4904,0.9807,-0.3196,-0.2004,39.13
1788953774582,286.1566,14.4244,0.2536,-0.6982,0.2299,0.0744,39.13
1788953774582,290.6976,13.9753,0.1390,0.1870,-0.3196,0.4407,39.14
1788953774582,286.7135,14.3791,0.5024,0.8586,-0.1669,-0.5056,39.13
1788953774582,287.2444,14.3310,0.2380,-0.9119,0.1994,-0.0172,39.12
1788953774582,289.7392,14.0864,0.1817,0.3397,-0.3806,0.5322,39.16
1788953774582,286.4967,14.4169,1.0779,1.2249,0.1994,-1.2382,39.16
1788953774582,286.6809,14.4033,0.5648,-0.7898,1.3288,0.2880,39.14
1788953774672,290.2788,14.0482,0.1648,0.0039,-0.0448,0.4101,39.14
1788953774672,288.5638,14.2250,0.6756,0.6754,-0.2585,-0.8414,39.12
1788953774672,288.2502,14.2610,0.3504,-0.9119,0.3825,0.1049,39.13
1788953774672,290.1109,14.0804,0.5868,-0.1487,-0.4417,0.5322,39.13
1788953774672,287.6504,14.3314,0.8499,0.8891,-0.1059,-1.2077,39.13
1788953774672,288.4170,14.2594,0.5456,-0.7898,0.6267,0.3491,39.12
1788953774784,291.4887,13.9566,0.1818,-0.0572,-0.3501,0.1354,39.14
1788953774784,289.3000,14.1801,0.6267,0.6754,-0.2280,-0.5056,39.13
1788953774784,287.6628,14.3494,0.9387,-1.5834,1.0235,0.1965,39.13
1788953774784,289.3445,14.1857,0.6003,0.2481,-0.8080,0.8375,39.12
1788953774784,289.2855,14.1969,0.9205,0.7670,-0.1059,-0.9330,39.13
1788953774784,288.6413,14.2660,0.8102,-0.9424,0.8404,0.3491,39.14
1788953774784,291.6105,13.9729,0.1427,0.0039,-0.3196,0.2880,39.13
1788953774879,287.7587,14.3633,0.9838,1.2249,0.4130,-0.7803,39.12
1788953774879,288.2699,14.3170,1.0000,-1.2476,1.2983,0.2575,39.13
1788953774879,290.7790,14.0707,0.1597,0.1260,-0.4417,0.3796,39.11
1788953774879,287.4178,14.4126,1.2756,1.0112,0.3215,-1.3298,39.14
1788953774879,294.0815,13.7512,1.4162,-1.1866,1.2677,0.7154,39.12
1788953774879,290.4207,14.1209,0.0404,0.3702,-0.2280,0.3796,39.12
1788953774879,292.3398,13.9343,1.3738,1.3470,0.2909,-1.1161,39.13
1788953774977,291.1865,14.0541,0.6614,-0.6066,0.2909,0.6238,39.13
1788953774977,290.1129,14.1662,0.2504,0.6144,-0.1669,0.6543,39.10
1788953774977,294.2298,13.7598,1.4273,0.8891,0.1383,-1.4214,39.13
1788953774977,292.0344,13.9834,0.5883,-0.6371,0.1078,0.4101,39.15
1788953774977,290.1963,14.1716,0.1973,0.2481,-0.3806,0.4101,39.15
1788953774977,291.5461,14.0416,0.6286,0.1870,0.3520,-0.6277,39.12
1788953774977,292.6790,13.9335,1.1939,-0.8203,0.3215,0.5322,39.21
1788953775074,290.7177,14.1341,0.3874,0.6449,-0.4111,0.4712,39.14
1788953775074,291.8516,14.0255,0.6345,0.0649,0.6878,-0.5361,39.13
1788953775074,290.8259,14.1332,0.9287,-0.7592,0.0467,0.4101,39.13
1788953775074,289.6154,14.2588,0.3210,0.3091,-0.5943,0.1354,39.12
1788953775074,292.9979,13.9259,1.0139,0.2481,0.7183,-0.7803,39.15
1788953775074,292.7180,13.9585,0.9343,-0.5761,0.3825,0.8070,39.11
1788953775074,290.1505,14.2191,0.0878,0.1565,0.1383,0.1049,39.08
1788953775175,292.2661,14.0124,0.7438,0.3091,0.5657,-0.3530,39.14
1788953775175,292.7072,13.9731,0.7327,-0.2708,0.1383,0.6543,39.13
1788953775175,289.6212,14.2860,0.3404,0.2176,-0.6248,0.1354,39.15
1788953775175,293.0780,13.9452,0.6465,0.3091,0.3825,-0.4140,39.13
1788953775175,294.1533,13.8422,0.7965,-0.2098,0.0162,0.5017,39.14
1788953775175,290.4793,14.2135,0.2469,0.6144,-0.4417,0.6238,39.13
1788953775175,294.4301,13.8231,0.6734,0.1565,0.4741,-0.3530,39.13
1788953775276,292.8569,13.9848,0.6822,-0.5150,0.0773,0.3186,39.14
1788953775276,288.7271,14.4023,0.7722,0.7670,-1.1437,0.1049,39.12
1788953775276,294.9627,13.7834,0.7258,0.1260,0.3215,-0.1393,39.13
1788953775276,294.1024,13.8737,0.6007,-0.1793,0.1078,0.2880,39.14
1788953775276,290.5725,14.2307,0.6041,0.7060,-0.6859,0.0438,39.13
1788953775276,294.5482,13.8369,0.4409,0.2481,0.4436,0.0133,39.12
1788953775276,290.7408,14.2224,1.1043,-1.1255,-0.0143,0.8070,39.13
1788953775367,292.2384,14.0767,0.3148,0.1565,-0.3196,0.0438,39.13
1788953775367,295.5820,13.7464,0.2648,-0.1487,0.1078,-0.2309,39.14
1788953775367,293.5355,13.9550,0.2492,-0.0572,-0.0448,0.4101,39.15
1788953775367,293.1325,13.9988,0.1118,0.0955,-0.0448,0.0438,39.14
1788953775367,289.5377,14.3628,0.6390,-0.2403,0.3520,-0.4446,39.13
1788953775367,290.3477,14.2857,0.0148,-0.0572,0.1383,0.0438,39.12
1788953775367,290.0509,14.3200,0.4795,0.3091,-0.3501,-0.3835,39.12
1788953775462,289.4672,14.3825,0.3361,0.0649,0.5657,0.3796,39.12
1788953775462,293.4954,13.9834,0.1847,-0.0572,0.0467,0.2270,39.11
1788953775462,289.0344,14.4334,0.1948,0.1565,-0.0143,-0.3835,39.13
1788953775462,288.9789,14.4430,0.1123,-0.5456,0.2604,0.0438,39.14
1788953775462,292.4412,14.1010,0.2069,0.0039,0.1078,0.3491,39.12
1788953775462,289.1054,14.4390,0.4844,0.6144,-0.3501,-0.6582,39.13
1788953775462,289.1058,14.4432,0.2691,-0.8813,0.5046,-0.1088,39.14
1788953775566,291.8183,14.1758,0.1413,0.0955,-0.2280,0.4101,39.10
1788953775566,289.4986,14.4121,0.5585,1.2249,-0.3806,-0.4446,39.12
1788953775566,290.8835,14.2776,0.3355,-0.6371,0.5046,0.2575,39.13
1788953775566,292.1700,14.1529,0.3021,-0.0877,-0.4722,0.3796,39.13
1788953775566,288.0998,14.5643,0.7692,1.0112,-0.2280,-1.0856,39.14
1788953775566,291.2449,14.2535,0.2567,-0.3014,0.2909,0.4407,39.14
1788953775566,291.7012,14.2117,0.1254,-0.0266,-0.4722,0.3186,39.15
1788953775676,290.3607,14.3501,0.7309,0.8891,-0.1364,-0.4446,39.13
1788953775676,289.0292,14.4878,0.7865,-1.2171,0.8099,0.1354,39.13
1788953775676,291.8300,14.2117,0.2516,-0.1182,-0.5332,0.2575,39.13
1788953775676,291.5612,14.2427,0.5093,0.7975,0.0773,0.0133,39.13
1788953775676,289.2033,14.4827,0.8354,-1.0034,1.0235,0.4101,39.12
1788953775676,293.4740,14.0593,0.1951,0.1870,-0.3196,0.3491,39.11
1788953775772,288.4792,14.5636,1.0837,1.1638,0.1078,-1.1161,39.13
1788953775772,289.2834,14.4873,1.0826,-1.1866,1.0541,0.4101,39.13
1788953775772,293.7562,14.0431,0.1185,0.4312,0.2299,0.5017,39.12
1788953775772,292.7615,14.1473,0.9376,0.7060,0.0773,-1.0245,39.13
1788953775772,294.4607,13.9817,1.1719,-1.0340,0.9014,0.5322,39.12
1788953775772,291.6973,14.2615,0.1856,0.0649,-0.2890,0.2270,39.13
1788953775772,293.6320,14.0726,0.9567,0.8281,0.7183,-1.1466,39.13
1788953775867,295.5749,13.8824,1.5062,-1.1866,1.4509,0.6849,39.14
1788953775867,292.1550,14.2272,0.1030,0.3397,-0.2585,0.4407,39.14
1788953775867,294.6336,13.9838,1.0926,0.2786,0.2604,-1.0856,39.15
1788953775867,294.2966,14.0212,1.0421,-0.9729,0.2909,0.1354,39.12
1788953775867,289.4955,14.5046,0.1747,0.7365,-0.2890,0.3796,39.12
1788953775867,295.9292,13.8658,1.2910,0.1565,0.6572,-0.9024,39.12
1788953775867,295.6220,13.9001,1.2137,-0.7287,0.3825,0.5628,39.13
1788953775960,291.4850,14.3169,0.3355,0.4007,-0.3806,0.0133,39.13
1788953775960,295.2215,13.9471,0.6538,0.1565,0.4130,-0.6582,39.15
1788953775960,292.4117,14.2318,0.9309,-0.8813,0.2299,0.9291,39.23
1788953775960,293.3006,14.1464,0.4238,0.3702,-0.6248,0.1965,39.14
1788953775960,295.5088,13.9295,1.0342,0.2786,0.4436,-0.5972,39.12
1788953775960,294.6545,14.0183,0.7839,-0.6982,0.1383,0.3796,39.12
1788953775960,294.0034,14.0862,0.2443,0.3702,-0.3806,0.3491,39.14
1788953776057,292.3004,14.2604,1.1996,0.5228,1.2372,-0.6888,39.12
1788953776057,296.3382,13.8600,0.2184,-0.2098,-0.0143,-0.0783,39.15
1788953776057,291.9735,14.3001,0.5981,0.4923,-0.5027,0.3186,39.14
1788953776057,294.2184,14.0792,0.7130,0.1260,0.4130,-0.2004,39.13
1788953776057,295.5296,13.9514,0.1561,0.4618,-0.1364,0.4407,39.12
1788953776057,293.1022,14.1974,0.1490,0.0344,-0.1364,-0.1088,39.13
1788953776057,294.5349,14.0578,0.4063,-0.1793,0.0773,-0.1393,39.16
1788953776150,294.3757,14.0774,0.2183,-0.0572,-0.0448,0.1659,39.17
1788953776150,289.7069,14.5478,0.3713,0.4007,-0.1975,-0.3835,39.14
1788953776150,290.0936,14.5125,0.1934,-0.3929,0.5962,-0.0783,39.13
1788953776150,293.8266,14.1424,0.1923,-0.1182,-0.1975,0.1659,39.17
1788953776150,290.1942,14.5093,0.3164,0.4923,-0.0448,-0.4446,39.15
1788953776150,292.3323,14.2992,0.2320,-0.4845,0.1994,-0.0172,39.14
1788953776150,292.1093,14.3249,0.1980,0.0955,-0.3501,0.5628,39.13
1788953776255,289.6559,14.5745,0.5482,0.8586,0.1383,-0.6582,39.13
1788953776255,292.0805,14.3352,0.2328,-0.6677,0.4436,-0.0172,39.13
1788953776255,292.7908,14.2675,0.1943,0.0039,-0.4722,0.3491,39.12
1788953776255,291.1130,14.4391,0.5590,0.9196,-0.0143,-0.4751,39.13
1788953776255,289.9007,14.5642,0.5593,-0.9424,0.8709,0.3491,39.13
1788953776255,292.9992,14.2577,0.2378,0.1260,-0.5027,0.3491,39.12
1788953776255,291.9747,14.3639,0.5248,0.5228,0.1078,-0.3835,39.13
1788953776359,290.3567,14.5292,0.5727,-0.9729,0.8099,0.2880,39.12
1788953776359,295.0984,14.0580,0.1890,-0.0877,-0.2890,0.1659,39.13
1788953776359,289.2540,14.6466,1.0494,1.5607,-0.0143,-0.8109,39.13
1788953776359,290.6436,14.5113,0.9412,-1.5224,1.2677,0.1049,39.12
1788953776359,295.2271,14.0555,0.1103,0.1565,0.0162,0.2270,39.12
1788953776359,290.4463,14.5378,1.0422,0.7975,0.4741,-1.2688,39.13
1788953776359,296.0630,13.9799,1.2341,-1.4613,1.3593,0.4101,39.13
1788953776451,293.3394,14.2549,0.2352,0.1565,-0.2890,0.4101,39.12
1788953776451,296.7431,13.9188,1.5709,1.3165,0.1383,-1.1772,39.13
1788953776451,295.5218,14.0440,1.3877,-1.3392,1.2067,0.6238,39.17
1788953776451,293.5011,14.2484,0.1002,0.0039,-0.1059,0.0133,39.15
1788953776451,295.9113,14.0110,1.0421,0.9196,0.4741,-0.2004,39.13
1788953776451,295.6720,14.0382,1.2270,-1.0340,0.4436,0.4101,39.12
1788953776451,291.1023,14.4979,0.2786,0.1870,-0.5638,0.1049,39.13
1788953776565,297.4308,13.8692,1.3320,0.3702,0.3520,-0.8109,39.15
1788953776565,296.4847,13.9667,1.2931,-1.0645,0.2604,0.3796,39.13
1788953776565,292.7490,14.3429,0.2720,0.5228,-0.3806,0.2575,39.12
1788953776565,296.8597,13.9351,0.6781,0.0955,0.2604,-0.4751,39.13
1788953776565,292.9684,14.3275,0.9973,-1.1255,0.6267,0.6543,39.14
1788953776565,294.5299,14.1746,0.6106,0.3397,-0.6859,0.0133,39.13
1788953776654,296.9820,13.9325,0.8001,0.0039,0.0162,-0.7803,39.13
1788953776654,295.6165,14.0718,0.7270,-0.4540,0.2909,0.7764,39.13
1788953776654,295.2982,14.1060,0.2664,0.0649,-0.3196,0.0438,39.13
1788953776654,294.7138,14.1673,0.8434,0.0955,0.4436,-0.5972,39.12
1788953776654,296.6495,13.9766,0.2930,0.0344,0.1383,0.2575,39.13
1788953776654,293.8145,14.2632,0.4736,0.5228,-0.5943,0.1659,39.14
1788953776654,295.8255,14.0650,0.5658,0.1565,0.5046,0.0133,39.14
1788953776758,295.3664,14.1134,0.0427,-0.1182,-0.0754,0.1965,39.12
1788953776758,291.7354,14.4791,0.1269,0.0039,0.2604,0.0438,39.14
1788953776758,291.2034,14.5354,0.1958,-0.2403,0.0162,0.0133,39.13
1788953776758,297.5179,13.9066,0.7197,0.0955,-0.0448,0.6238,39.13
1788953776758,292.6832,14.3922,0.3547,0.4007,-0.2585,-0.3530,39.13
1788953776758,291.0500,14.5580,0.1104,-0.5150,0.5351,0.1354,39.13
1788953776758,294.7297,14.1925,0.0205,0.3702,-0.0143,0.5628,39.10
1788953776863,289.8261,14.6863,0.3717,0.5839,-0.1669,-0.8414,39.13
1788953776863,292.8911,14.3835,0.4298,-0.5456,0.5046,0.1965,39.13
1788953776863,292.8200,14.3940,0.4083,-0.0266,-0.7164,0.5322,39.16
1788953776863,289.9889,14.6809,0.6378,1.1028,0.2299,-0.8719,39.13
1788953776863,293.1681,14.3658,0.2120,-0.4235,0.1994,0.3796,39.12
1788953776863,294.5012,14.2351,0.1374,0.1565,-0.2280,0.5933,39.12
1788953776863,292.9325,14.3951,0.5916,0.8586,-0.1364,-0.4751,39.13
1788953776974,290.9708,14.5944,0.7825,-1.3392,1.2983,0.1049,39.13
1788953776974,294.2657,14.2674,0.2362,0.1565,-0.3806,0.4101,39.15
1788953776974,292.6160,14.4355,0.5170,0.4923,-0.1059,-0.4140,39.14
1788953776974,290.8573,14.6147,0.9637,-1.4003,1.0541,0.2575,39.12
1788953776974,295.4291,14.1601,0.0722,0.1870,-0.1364,0.4712,39.11
1788953776974,289.7153,14.7357,1.3077,1.1638,0.0162,-1.2993,39.12
1788953776974,296.1186,14.0984,1.0464,-1.0950,0.7183,0.6238,39.13
1788953777064,293.0240,14.4099,0.1701,0.0649,-0.0754,0.1659,39.13
1788953777064,295.2211,14.1940,1.2113,0.6449,0.4130,-0.9330,39.13
1788953777064,296.1641,14.1029,1.1809,-0.9424,0.6572,0.6238,39.08
1788953777064,294.2466,14.2971,0.2499,0.0955,-0.5332,0.1354,39.13
1788953777064,296.3105,14.0940,1.0773,0.4618,0.5046,-0.7498,39.12
1788953777064,297.7848,13.9495,1.4495,-1.0034,0.5657,0.3491,39.14
1788953777064,293.6861,14.3612,0.1292,0.1565,-0.1059,0.1354,39.13
1788953777064,297.0697,14.0261,1.1156,0.2481,0.4130,-0.7193,39.11
1788953777064,297.2496,14.0107,0.8375,-0.7287,0.1688,0.2270,39.02
1788953777064,291.5005,14.5883,0.5186,0.8891,-0.9606,0.2880,39.12
1788953777064,298.1617,13.9254,0.9786,-0.0572,0.3215,-0.6277,39.13
1788953777064,296.7684,14.0674,0.9637,-0.6677,0.5046,0.6543,39.13
1788953777064,293.7404,14.3726,0.4999,0.4007,-0.7469,0.1354,39.13
1788953777064,297.5364,13.9956,0.4817,-0.0266,0.1078,-0.4446,39.13
1788953777159,293.8199,14.3703,1.0515,-0.9729,0.1688,1.0512,39.12
1788953777159,294.8628,14.2686,0.4629,0.3702,-0.4111,0.1659,39.14
1788953777159,298.4644,13.9110,0.4165,-0.1182,0.1078,-0.0783,39.14
1788953777159,296.6346,14.0963,0.6736,-0.2403,0.2299,0.1049,39.13
1788953777159,295.2113,14.2411,0.4020,0.2481,0.1383,-0.1088,39.13
1788953777159,293.5813,14.4071,1.0252,-0.2403,0.9625,-0.4751,39.11
1788953777159,293.7380,14.3935,0.0608,0.2176,0.1994,0.5628,39.12
1788953777269,293.3002,14.4403,0.4239,0.3702,0.2604,-0.4446,39.13
1788953777269,292.1366,14.5592,0.2978,-0.4845,0.7793,0.1659,39.13
1788953777269,295.1020,14.2650,0.0413,0.0955,-0.2890,0.2880,39.10
1788953777269,290.6228,14.7159,0.3213,0.5533,-0.1059,-0.5667,39.13
1788953777269,291.4564,14.6358,0.3888,-0.6066,0.7793,0.4712,39.13
1788953777269,294.0953,14.3750,0.3665,0.0649,-0.5638,0.5628,39.12
1788953777269,290.0953,14.7788,0.9594,1.7133,-0.3196,-0.6582,39.13
1788953777373,291.8689,14.6044,0.5221,-0.7898,0.6878,0.3796,39.13
1788953777373,294.3167,14.3623,0.2028,-0.1182,-0.6248,0.3186,39.16
1788953777373,292.7664,14.5205,0.9790,0.9196,0.1688,-1.1466,39.14
1788953777373,293.9749,14.4022,0.4425,-0.6677,0.7488,0.2880,39.13
1788953777373,294.3494,14.3676,0.3201,0.5228,-0.3501,0.8680,39.13
1788953777373,291.9804,14.6078,1.0785,0.8281,-0.1975,-1.2688,39.13
1788953777373,292.8254,14.5256,0.6439,-0.7287,0.7488,0.5017,39.14
1788953777373,294.3265,14.3781,0.2221,0.0649,-0.3196,0.2270,39.14
1788953777373,292.8731,14.5268,0.7363,0.3091,0.4130,-0.8109,39.13
1788953777373,295.8868,14.2290,1.4616,-1.8887,1.5425,0.3796,39.13
1788953777373,293.3681,14.4835,0.2800,0.1260,-0.5332,0.1049,39.13
1788953777373,296.1136,14.2121,0.6076,0.1260,0.2604,-0.7498,39.11
1788953777373,294.7967,14.3467,0.9566,-0.5150,0.2604,0.9596,39.15
1788953777464,293.6574,14.4631,0.1445,0.4312,-0.4111,0.2270,39.13
1788953777464,296.3854,14.1940,1.3924,0.3702,0.9320,-1.1466,39.17
1788953777464,296.5109,14.1843,1.1186,-0.9119,0.3825,0.5017,39.22
1788953777464,293.1562,14.5220,0.1859,0.3091,-0.4417,0.0744,39.13
1788953777464,296.7019,14.1710,0.9802,0.2176,0.3825,-0.7193,39.11
1788953777464,297.0986,14.1341,0.9461,-0.7287,0.1994,0.3796,39.11
1788953777464,293.1190,14.5346,0.3851,0.6144,-0.2890,0.2270,39.14
1788953777559,297.4608,14.1035,0.8999,-0.1182,0.7793,-0.6888,39.14
1788953777559,297.0372,14.1486,0.7861,-0.5150,0.1688,0.2575,39.11
1788953777559,293.5391,14.5006,0.4236,0.4618,-0.5943,0.2575,39.14
1788953777559,297.2659,14.1310,0.8298,0.0649,0.4436,-0.6277,39.12
1788953777559,296.8012,14.1800,0.5393,-0.1182,-0.0448,0.4101,39.19
1788953777559,292.0432,14.6587,0.9326,0.8891,-0.8385,0.0133,39.14
1788953777559,297.3653,14.1293,0.6949,-0.0877,0.2299,-0.4446,39.13
1788953777657,298.3822,14.0299,0.2766,-0.0572,-0.0143,0.1354,39.12
1788953777657,293.6453,14.5064,0.9217,1.1638,-0.4417,0.1049,39.12
1788953777657,293.1343,14.5595,0.2809,-0.0877,-0.0754,0.0438,39.12
1788953777657,294.6294,14.4130,0.8225,-0.3319,-0.4111,0.6543,39.12
1788953777657,292.0284,14.6756,0.3692,0.6144,-0.1059,-0.4751,39.13
1788953777657,292.8737,14.5935,0.2931,0.0344,0.6878,0.5322,39.13
1788953777657,296.0353,14.2798,0.1575,-0.2098,-0.3806,0.3186,39.09
1788953777659,293.7584,14.5097,0.4948,0.6754,-0.0448,-0.8109,39.12
1788953777659,293.7113,14.5172,0.6406,-0.7898,0.9320,0.1659,39.12
1788953777659,294.8153,14.4088,0.3910,0.0344,-0.6859,0.6543,39.20
1788953777659,294.0654,14.4864,0.7423,0.8281,-0.1669,-0.7803,39.15
1788953777659,292.9773,14.5975,0.6998,-1.1866,0.7183,0.1049,39.14
1788953777659,296.6481,14.2320,0.1110,0.0039,-0.2890,0.1659,39.16
1788953777659,291.5138,14.7483,0.9841,1.0417,-0.1364,-1.2382,39.13
1788953777659,292.1891,14.6832,1.0598,-1.3697,1.1762,0.5017,39.15
1788953777659,295.2095,14.3833,0.2061,0.5839,-0.3196,0.5933,39.16
1788953777659,291.7232,14.7354,1.4897,1.4080,0.2604,-1.2382,39.12
1788953777659,298.7231,14.0378,1.3266,-1.9192,1.1151,0.0438,39.14
1788953777659,295.1100,14.4006,0.1640,0.1870,-0.4417,0.1659,39.13
1788953777659,296.9950,14.2151,1.5132,1.0112,0.1994,-1.5435,39.15
1788953777659,295.8525,14.3317,0.9491,-0.9119,0.3520,0.5322,39.03
1788953777750,294.6854,14.4506,0.2596,0.0344,-0.5943,0.1354,39.11
1788953777750,299.0056,14.0215,1.4279,0.7975,0.8709,-0.5667,39.14
1788953777750,296.7207,14.2517,0.5848,-0.3319,0.1994,0.3796,39.14
1788953777750,294.4073,14.4852,0.2288,0.2176,-0.1059,0.0744,39.13
1788953777750,295.5232,14.3763,0.7949,0.2786,0.4741,-0.6582,39.13
1788953777750,297.5578,14.1756,0.9729,-0.2098,0.1078,0.8070,39.10
1788953777750,295.2545,14.4081,0.4245,0.5839,-0.4111,0.1965,39.13
1788953777851,297.3425,14.2013,0.3569,0.4923,0.1078,0.1049,39.14
1788953777851,297.1740,14.2206,0.4902,-0.5150,0.0773,0.0744,39.13
1788953777851,294.3289,14.5073,0.3986,0.2786,-0.0754,-0.0477,39.13
1788953777851,296.3722,14.3059,0.8494,0.0039,0.1383,-0.5361,39.13
1788953777851,296.8874,14.2569,0.4247,-0.1793,0.0467,0.2575,39.09
1788953777851,294.2365,14.5241,0.2025,0.1260,0.1688,-0.3225,39.15
1788953777851,296.0889,14.3417,0.4761,0.3702,0.0467,0.2880,39.12
1788953777940,295.5070,14.4023,0.3942,-0.1182,-0.3196,0.2880,39.17
1788953777940,293.8761,14.5679,0.5052,0.4007,-0.1364,-0.5056,39.13
1788953777940,292.7743,14.6799,0.2498,-0.3014,0.3215,0.1659,39.14
1788953777940,297.2126,14.2381,0.1100,-0.0572,-0.0754,0.2575,39.20
1788953777940,292.9119,14.6701,0.3378,0.5228,-0.3196,-0.6888,39.14
1788953777940,293.7552,14.5877,0.2876,-0.5456,0.7488,0.1659,39.13
1788953778041,296.4405,14.3210,0.0438,-0.0572,-0.0448,0.3186,39.18
1788953778041,291.9945,14.7688,1.0505,1.1944,-0.2890,-1.2688,39.14
1788953778041,292.4050,14.7300,0.8026,-1.5224,1.3593,0.2270,39.14
1788953778041,296.9922,14.2728,0.1938,0.0344,-0.2890,0.3491,39.13
1788953778041,292.9561,14.6791,1.0591,1.3470,0.2604,-0.9024,39.13
1788953778041,294.3105,14.5455,0.7732,-1.1561,0.7488,0.1965,39.14
1788953778041,296.1446,14.3643,0.5398,0.0344,-0.6553,0.3186,39.13
1788953778140,292.1807,14.7634,1.7360,1.9270,0.5657,-1.6656,39.13
1788953778140,294.2436,14.5587,1.0667,-0.9424,0.9014,0.7154,39.13
1788953778140,296.0002,14.3841,0.1868,0.0344,-0.2585,0.2270,39.13
1788953778140,296.8584,14.3005,1.0798,0.7365,0.4741,-0.9635,39.15
1788953778140,298.3874,14.1497,1.0671,-0.7898,0.5657,0.6543,39.12
1788953778140,294.9284,14.4974,0.5785,0.4007,-0.6859,0.3491,39.14
1788953778140,299.5758,14.0344,0.8331,0.1870,0.2299,-0.8414,39.13
1788953778244,299.6359,14.0297,1.0164,-0.7898,0.2909,0.2880,39.13
1788953778244,297.1092,14.2833,0.2341,0.1565,-0.3196,0.1659,39.13
1788953778244,296.9943,14.2970,0.8410,0.0344,0.7488,-0.9024,39.12
1788953778244,297.6412,14.2348,0.9859,-0.8508,0.5657,0.3491,39.05
1788953778244,294.2713,14.5738,0.4911,0.3091,-0.5027,-0.0783,39.12
1788953778244,297.8351,14.2203,0.9085,-0.1182,0.6572,-0.7803,39.16
1788953778244,299.2251,14.0832,0.5700,-0.2098,0.4436,0.1965,39.13
1788953778333,295.4769,14.4598,0.3318,0.5839,0.0467,0.4101,39.13
1788953778333,298.2355,14.1862,0.7000,0.0955,0.6267,-0.2004,39.14
1788953778333,295.7065,14.4413,0.8049,-0.9119,0.0162,0.4407,39.10
1788953778333,295.4007,14.4742,0.6393,0.5839,-0.3196,-0.2004,39.12
1788953778333,294.6418,14.5519,0.2417,-0.3319,-0.0143,0.0438,39.13
1788953778333,296.0890,14.4091,0.1980,0.4007,-0.2890,0.7154,39.11
1788953778333,295.8064,14.4393,0.3673,0.3091,-0.1669,-0.2919,39.13
1788953778433,292.8353,14.7382,0.1958,-0.6677,0.3825,0.0744,39.13
1788953778433,295.6220,14.4616,0.0385,0.0344,-0.3196,0.5017,39.12
1788953778433,294.5794,14.5681,0.4038,0.4312,0.1994,-0.5056,39.14
1788953778433,293.0652,14.7215,0.3322,-1.0034,0.5962,0.0438,39.13
1788953778433,296.8229,14.3479,0.0775,-0.0572,-0.0448,0.1965,39.14
1788953778433,291.8782,14.8451,0.8645,1.2249,0.1078,-1.0551,39.14
1788953778433,293.5699,14.6782,0.6585,-1.0340,1.2372,0.2880,39.13
1788953778529,297.0795,14.3288,0.1742,-0.0266,-0.2890,0.2270,39.13
1788953778529,292.9770,14.7417,1.1124,1.3775,-0.1975,-0.9330,39.13
1788953778529,293.2117,14.7205,0.9964,-1.3087,1.4814,0.2575,39.12
1788953778529,296.0468,14.4386,0.2818,0.2176,-0.0143,0.2880,39.13
1788953778529,293.9342,14.6525,1.1229,0.9502,0.2909,-1.0856,39.13
1788953778529,299.0038,14.1478,1.6559,-1.9802,1.4204,0.3491,39.14
1788953778529,295.4776,14.5013,0.0675,0.5839,-0.1975,0.5628,39.14
1788953778636,299.2863,14.1229,1.2546,0.7060,0.1383,-0.9940,39.15
1788953778636,298.0501,14.2482,1.1324,-0.8813,0.5351,0.5628,39.13
1788953778636,293.4478,14.7098,0.2084,0.3397,-0.5638,0.2575,39.14
1788953778636,299.5377,14.1037,1.5589,0.3091,0.4741,-1.2688,39.13
1788953778636,299.3631,14.1229,1.2892,-0.6677,0.6267,0.6543,39.13
1788953778636,295.3096,14.5294,0.3894,0.4312,-0.7164,0.0438,39.14
1788953778636,299.4549,14.1169,0.8592,0.0039,0.6267,-0.7193,39.14
1788953778732,296.1018,14.4540,0.8759,-0.5761,0.3520,1.1733,39.12
1788953778732,296.4434,14.4218,0.5791,0.5228,-0.6248,0.1965,39.12
1788953778732,299.0626,14.1618,0.8622,0.0039,0.8709,-0.5056,39.12
1788953778732,298.6514,14.2045,0.4923,-0.4540,-0.0754,0.2575,39.12
1788953778732,297.2249,14.3483,0.2827,0.5533,0.1688,0.5017,39.12
1788953778732,297.1245,14.3603,1.0995,0.0039,0.5046,-0.5056,39.12
1788953778732,295.9496,14.4792,0.0454,0.1260,0.0467,0.3186,39.14
1788953778733,294.7177,14.6045,0.6623,0.7365,-0.0448,-0.2614,39.13
1788953778733,294.7463,14.6031,0.2655,-0.4235,0.1078,0.4712,39.13
1788953778733,297.4066,14.3382,-0.0017,0.1565,-0.1059,0.2880,39.09
1788953778733,293.9637,14.6841,0.2923,0.4923,0.0467,-0.3530,39.13
1788953778733,293.5120,14.7309,0.2713,-0.7898,0.7488,0.1354,39.14
1788953778733,297.0501,14.3789,0.2016,0.3091,-0.5943,0.7154,39.13
1788953778733,293.3206,14.7542,0.8771,1.0723,-0.1364,-0.9635,39.12
1788953778830,293.0682,14.7813,0.6752,-1.0340,0.9625,0.4407,39.12
1788953778830,296.7504,14.4143,0.1219,0.2481,-0.2280,0.5628,39.11
1788953778830,293.4307,14.7485,1.0500,1.3165,0.0467,-1.0245,39.13
1788953778830,295.1796,14.5754,0.8012,-1.1561,0.7488,0.1049,39.14
1788953778830,296.5706,14.4380,0.4963,0.1260,-0.5332,0.2880,39.13
1788953778830,293.3545,14.7620,1.4728,1.2859,0.1383,-1.4519,39.12
1788953778938,298.5699,14.2416,0.5591,-0.5761,0.7793,0.3796,39.09
1788953778938,295.9006,14.5100,0.2264,0.4312,-0.3501,0.5322,39.13
1788953778938,297.7274,14.3293,0.8110,0.5839,0.7183,-0.3225,39.11
1788953778938,298.0605,14.2982,1.4315,-1.4613,0.8709,0.3491,39.30
1788953778938,296.2791,14.4777,0.4092,0.1870,-0.6553,0.1354,39.13
1788953778938,298.8737,14.2200,0.7733,0.2481,0.3825,-0.6582,39.13
1788953778938,298.1686,14.2924,1.0109,-1.0340,0.2604,0.1354,39.12
1788953779033,295.7918,14.5312,0.3122,0.4618,-0.6248,0.2270,39.13
1788953779033,299.5580,14.1568,0.9239,0.0955,0.4741,-0.7803,39.13
1788953779033,298.5687,14.2573,0.7705,-0.7592,0.0773,0.2270,39.13
1788953779033,295.0930,14.6062,0.3267,0.3091,-0.3501,-0.1393,39.13
1788953779033,298.2597,14.2916,0.7333,0.0344,0.1383,-0.3225,39.16
1788953779033,298.7728,14.2421,0.4868,-0.0877,0.0162,0.3491,39.15
1788953779033,295.7155,14.5498,0.6304,0.6754,-0.5332,0.0438,39.13
1788953779133,299.0525,14.2176,0.4024,0.3702,-0.0143,0.4407,39.13
1788953779133,299.0091,14.2236,0.2904,-0.0572,0.0773,0.1049,39.04
1788953779133,293.5231,14.7734,0.2102,0.3397,-0.1975,-0.4140,39.12
1788953779133,294.8465,14.6425,0.1236,-0.3624,0.1994,0.0438,39.13
1788953779133,297.8650,14.3421,0.1820,-0.1793,-0.2890,0.1659,38.99
1788953779133,293.9075,14.7401,1.0264,1.2249,0.0467,-0.9024,39.11
1788953779133,293.4352,14.7890,0.4101,-0.6066,0.9625,0.4101,39.13
1788953779223,297.5914,14.3747,0.0972,0.0955,-0.1059,0.4712,39.13
1788953779223,294.1062,14.7251,0.8261,1.3470,-0.4417,-0.7193,39.13
1788953779223,295.7117,14.5659,0.5718,-1.0950,0.6572,0.1354,39.13
1788953779223,296.9393,14.4449,0.4300,0.0955,-0.6859,0.6543,39.17
1788953779223,293.5786,14.7829,1.2779,1.5912,-0.0143,-1.4519,39.14
1788953779223,295.7816,14.5637,0.8713,-1.3087,0.9625,0.0133,39.12
1788953779223,298.2932,14.3134,0.1914,0.1260,0.0467,0.2270,39.06
1788953779318,296.0577,14.5382,0.9341,0.8891,0.1994,-0.6888,39.11
1788953779318,300.9766,14.0481,1.4316,-1.3392,1.1456,0.1965,39.15
1788953779318,296.9736,14.4493,0.5945,0.5228,-0.5027,0.4407,39.13
1788953779318,298.5904,14.2893,0.8401,0.2481,0.5046,-1.0245,39.13
1788953779318,299.6090,14.1888,1.1559,-0.6677,0.5657,0.4712,39.05
1788953779318,297.2258,14.4278,0.2537,0.0649,-0.5332,0.1049,39.12
1788953779318,299.5184,14.2003,0.8781,-0.0266,0.4741,-0.9635,39.12
1788953779410,298.5118,14.3025,0.9516,-0.4235,0.5657,0.8680,39.06
1788953779410,295.5408,14.6010,0.5777,1.1638,-0.5638,0.5017,39.12
1788953779410,299.5584,14.2011,0.8002,0.5228,0.7488,-0.0783,39.13
1788953779410,300.0380,14.1545,0.6541,-0.1182,0.1688,0.6238,39.14
1788953779410,296.2125,14.5383,0.5041,0.4007,-0.4722,0.0438,39.13
1788953779410,298.9473,14.2664,0.7773,0.2481,0.4130,-0.1393,39.13
1788953779410,297.7416,14.3884,0.5040,-0.2708,0.1688,0.5933,39.12
1788953779411,296.7984,14.4843,0.3897,0.1870,-0.1669,-0.3225,39.13
1788953779411,296.7970,14.4856,0.1710,-0.1487,-0.0143,-0.0477,39.12
1788953779411,297.2153,14.4448,0.0131,0.0344,0.0773,0.0744,39.15
1788953779411,295.7483,14.5932,0.5168,0.6754,0.1383,-0.6277,39.14
1788953779411,294.9715,14.6725,0.5537,-0.8203,0.6267,-0.0783,39.11
1788953779411,297.2608,14.4449,0.0919,0.1260,-0.1059,0.4712,39.13
1788953779411,295.6589,14.6067,0.4824,0.6144,-0.0754,-0.5056,39.14
1788953779411,295.0261,14.6713,0.3426,-0.9424,0.7793,0.1659,39.13
1788953779411,298.6538,14.3096,0.2289,0.3397,-0.3806,0.6543,39.08
1788953779411,293.2930,14.8477,0.9476,1.2859,0.3825,-1.0551,39.13
1788953779411,294.4904,14.7297,0.9515,-1.5224,1.3593,0.1354,39.13
1788953779411,298.3410,14.3453,0.1845,0.0344,-0.3196,0.1354,39.12
1788953779411,293.8144,14.8003,1.2865,1.1638,0.3215,-1.3603,39.13
1788953779411,300.3614,14.1470,1.3547,-1.3392,1.1456,0.7459,39.12
1788953779510,296.9784,14.4858,0.1374,-0.0266,-0.3196,0.1659,39.14
1788953779510,300.3025,14.1553,1.3034,0.8586,0.0773,-1.3603,39.11
1788953779510,300.3789,14.1489,1.6092,-1.5224,0.9930,0.4407,39.12
1788953779510,296.4754,14.5394,0.1571,0.0955,-0.2585,-0.0172,39.13
1788953779510,300.8617,14.1025,1.1407,0.4618,0.9014,-0.6277,39.12
1788953779510,300.1775,14.1718,0.8404,-0.5456,0.3825,0.3186,39.14
1788953779511,294.5219,14.7383,0.3673,0.6754,-0.8995,0.0744,39.14
1788953779511,301.0252,14.0897,1.0148,0.0955,0.3520,-0.6582,39.12
1788953779511,301.1820,14.0750,0.7087,-0.3624,0.0773,0.2270,39.13
1788953779511,296.4380,14.5503,0.6880,0.6754,-0.5638,0.0133,39.13
1788953779511,300.1186,14.1834,0.7500,0.0039,0.7183,-0.4446,39.16
1788953779511,297.3163,14.4652,1.2497,-1.1255,-0.0754,1.0206,39.15
1788953779511,298.9779,14.2997,0.1964,0.3702,0.2604,0.1659,39.13
1788953779625,296.8559,14.5129,0.3643,0.2786,0.1994,0.4407,39.13
1788953779625,299.0717,14.2920,0.2986,-0.0572,-0.0143,0.1354,39.09
1788953779625,296.7429,14.5256,0.3678,0.3702,0.2299,-0.3225,39.13
1788953779625,296.3022,14.5710,0.5513,-0.3319,0.5351,0.1049,39.13
1788953779625,297.0600,14.4959,0.0216,0.3702,-0.1364,0.8680,39.13
1788953779625,296.9296,14.5105,0.7427,0.8891,-0.2585,-0.6888,39.13
1788953779625,296.0044,14.6040,0.4930,-1.0034,0.9930,0.2270,39.12
1788953779722,299.2873,14.2758,0.2149,-0.0266,-0.3196,0.2575,39.10
1788953779722,294.8505,14.7207,0.6916,0.7975,-0.1059,-0.9635,39.12
1788953779722,294.9003,14.7168,0.8959,-1.3697,1.1151,0.1965,39.13
1788953779722,298.5790,14.3495,0.1019,0.5533,-0.3806,0.6238,39.12
1788953779722,294.9875,14.7107,1.1589,1.0417,-0.0448,-1.0551,39.13
1788953779722,300.1830,14.1924,1.4825,-1.8887,1.2372,0.1659,39.12
1788953779722,297.6603,14.4451,0.1588,0.0955,-0.4417,0.1659,39.12
1788953779814,299.5494,14.2581,1.6792,1.1944,0.1688,-1.3603,39.13
1788953779814,298.2248,14.3915,0.7451,-0.5761,0.2909,0.7154,39.27
1788953779814,298.0801,14.4070,0.3463,0.1260,-0.4722,0.1354,39.17
1788953779814,301.5767,14.0585,0.8930,0.1565,0.3520,-0.7193,39.14
1788953779814,299.3282,14.2840,0.5808,-0.2403,0.6572,0.7154,39.14
1788953779814,297.6603,14.4515,0.3279,0.1565,-0.4111,0.0438,39.14
1788953779814,298.4612,14.3726,0.7362,0.3091,0.5351,-0.6888,39.12
1788953779815,300.3596,14.1841,0.7137,-0.0877,0.5351,0.5933,39.12
1788953779816,298.1121,14.4098,0.4215,0.2176,-0.1059,0.0438,39.13
1788953779816,298.7402,14.3480,0.3543,0.0344,0.0467,0.0133,39.13
1788953779816,299.1602,14.3075,0.4683,-0.6677,-0.0754,-0.1698,39.10
1788953779816,296.6484,14.5596,0.2645,0.0955,-0.0448,-0.4140,39.13
1788953779816,295.2361,14.7027,0.3551,-0.1487,0.0773,0.0438,39.13
1788953779816,299.9161,14.2359,0.2760,-0.0266,0.0467,0.2880,39.10
1788953779908,295.0378,14.7248,0.3431,0.4618,-0.0754,-0.6888,39.13
1788953779908,294.8794,14.7421,0.2368,-0.6677,0.2299,0.1049,39.13
1788953779908,298.4774,14.3830,0.0723,-0.0572,-0.2890,0.2270,39.16
1788953779908,295.2922,14.7028,0.5566,1.0417,0.0162,-0.5361,39.13
1788953779908,294.4239,14.7907,0.5242,-1.3392,1.0541,-0.0172,39.13
1788953779908,299.9366,14.2396,0.1767,0.1260,0.0467,0.3796,39.16
1788953779908,294.7674,14.7580,0.9010,0.9807,-0.1669,-1.1161,39.13
1788953779910,294.9376,14.7421,1.0129,-1.5224,1.3288,0.1049,39.13
1788953779910,298.5050,14.3857,0.1376,0.3091,-0.3806,0.4712,39.13
1788953779910,294.1230,14.8264,1.7036,1.4996,-0.0754,-1.7877,39.15
1788953779910,301.7358,14.0661,1.7225,-2.1634,1.2677,0.4407,39.19
1788953779910,297.3476,14.5047,0.1668,0.0344,0.1078,0.0438,39.15
1788953779910,300.9762,14.1432,1.3276,1.0112,0.2604,-0.9940,39.13
1788953779910,297.8371,14.4579,1.1479,-0.8203,0.4741,1.1427,39.16
1788953779911,298.4820,14.3945,0.4399,0.3702,-0.6248,0.1659,39.16
1788953779911,301.4536,14.0985,1.5379,0.2481,0.4741,-1.1772,39.15
1788953779911,300.0834,14.2361,0.9935,-0.6677,0.1994,0.7154,39.14
1788953779911,299.8760,14.2569,0.2352,0.4007,-0.0754,0.4101,39.13
1788953779912,298.8280,14.3626,1.0815,0.0344,1.1151,-0.9635,39.14
1788953779912,302.2940,14.0164,0.2673,-0.1182,0.0773,0.0744,39.10
1788953779912,297.6658,14.4801,0.5833,0.5839,-0.2280,0.3491,39.13
1788953779912,300.3121,14.2164,0.6381,0.2176,0.4436,-0.1698,39.11
1788953779912,299.5163,14.2966,0.3155,-0.1793,0.2909,-0.0172,39.06
1788953779912,295.4822,14.7007,0.2776,0.1870,-0.0143,-0.0783,39.13
1788953779912,295.9148,14.6583,0.2267,-0.3014,0.0467,-0.1698,39.13
1788953779913,298.2515,14.4257,0.0784,0.0039,-0.2280,0.3491,39.15
1788953779913,295.5995,14.6923,0.6983,0.8586,-0.2280,-0.9330,39.15
1788953779913,295.2444,14.7283,0.2434,-0.6677,0.3825,0.1049,39.14
1788953779913,298.6992,14.3834,0.2476,0.0955,-0.3196,0.3491,39.12
1788953779913,295.3942,14.7151,0.7877,0.9502,0.0162,-1.0245,39.12
1788953779913,297.5052,14.5045,0.3890,-0.4540,0.2299,0.5017,39.13
1788953779913,297.9041,14.4655,0.3434,0.1870,-0.6553,0.4407,39.12
1788953779914,294.9080,14.7669,1.2462,1.6522,-0.1669,-1.1466,39.13
1788953779914,297.1698,14.5411,0.5161,-0.9729,0.5046,0.1659,39.13
1788953779914,297.3917,14.5197,0.3653,0.1565,-0.4722,0.1965,39.12
1788953779914,299.0202,14.3580,0.6548,0.2481,0.3215,-0.6888,39.13
1788953779914,300.2813,14.2333,1.3704,-1.1561,1.2067,0.5322,39.10
1788953779915,297.9500,14.4671,0.3544,0.3702,-0.5943,0.2575,39.13
1788953779915,299.5745,14.3055,0.4496,0.2481,0.2604,-0.3835,39.13
1788953779915,298.9020,14.3740,0.9267,-0.7898,0.5657,0.4407,39.16
1788953779915,297.1927,14.5455,0.1962,0.2786,-0.4722,0.1354,39.14
1788953779915,299.7643,14.2900,0.8664,0.0039,0.3825,-0.8719,39.12
1788953779915,300.1363,14.2539,0.7692,-0.5761,0.0162,0.1965,39.15
1788953779916,297.0759,14.5605,0.2997,0.6754,-0.0754,0.4407,39.14
1788953779916,299.5864,14.3107,0.5641,-0.1182,0.1994,-0.4446,39.14
1788953779916,300.1129,14.2591,0.3669,-0.1793,0.4130,0.4101,39.13
1788953779916,297.3295,14.5385,0.5777,0.3397,-0.4722,-0.0477,39.14
1788953779916,301.1280,14.1594,0.4162,-0.1182,0.1383,-0.1698,39.14
1788953779916,300.2651,14.2466,0.1653,0.0344,-0.0754,0.3796,39.06
1788953779916,295.8720,14.6863,0.2111,0.3397,-0.1975,-0.2309,39.12
1788953779917,295.2805,14.7465,0.2664,-0.3624,0.4436,0.1659,39.13
1788953779917,298.6965,14.4056,0.1410,0.2481,-0.0448,0.5628,39.12
1788953779917,295.3206,14.7449,1.0296,1.0417,-0.2890,-1.0551,39.13
1788953779917,294.7655,14.8011,0.4362,-1.1866,1.4509,0.1354,39.13
1788953779917,299.2143,14.3565,0.2729,-0.0266,-0.4722,0.2575,39.15
1788953779917,297.0415,14.5749,0.7867,1.3165,-0.1059,-0.5056,39.14
1788953779918,296.2809,14.6513,0.6643,-1.1866,1.0235,0.0744,39.13
1788953779918,298.0110,14.4795,0.7388,-0.0572,-0.6859,0.6543,39.15
1788953779918,295.1633,14.7654,1.4853,1.6217,0.2604,-1.3908,39.13
1788953779918,296.5404,14.6280,1.2600,-1.4308,1.5119,0.1049,39.14
1788953779918,299.5961,14.3223,0.1657,0.0649,-0.2890,0.2575,39.13
1788953779918,299.5508,14.3277,1.1379,0.6754,0.2604,-1.1772,39.14
1788953779919,300.9832,14.1852,1.1989,-1.1255,0.6267,0.2575,39.11
1788953779919,298.4679,14.4372,0.5355,0.5533,-0.5027,0.4712,39.14
1788953779919,300.5951,14.2254,0.8703,0.1870,0.3215,-0.9024,39.11
1788953779919,301.9877,14.0865,0.5759,-0.3014,0.1078,0.3186,39.12
1788953779919,298.7998,14.4053,0.1703,0.1870,-0.0143,0.1659,39.12
1788953779919,299.8490,14.3014,0.7197,-0.0266,0.3825,-0.6277,39.11
1788953779919,299.0441,14.3831,0.8313,-0.3319,-0.0143,0.9596,39.09
1788953779919,297.3885,14.5495,0.6025,0.7060,-0.5943,0.1965,39.13
1788953779920,300.9890,14.1902,0.3062,-0.0877,0.0467,-0.1698,39.12
1788953779920,301.0567,14.1841,0.2421,0.4312,0.4436,0.5017,39.17
1788953779920,295.2237,14.7680,0.1554,-0.0266,0.1994,-0.2004,39.14
1788953779920,297.4061,14.5506,0.2108,-0.3319,-0.0143,-0.0477,39.12
1788953779920,298.5867,14.4335,0.4671,-0.0572,-0.5638,0.4407,39.11
1788953779920,295.2906,14.7639,0.2870,0.4618,-0.1975,-0.6888,39.14
1788953779920,296.8807,14.6054,0.2352,-0.6371,0.5657,0.1049,39.13
1788953779920,298.1339,14.4808,0.2639,-0.2098,-0.5027,0.4407,39.13
1788953779920,296.7552,14.6197,0.5695,1.0417,0.1383,-0.3835,39.13
1788953779920,294.4201,14.8544,0.6999,-1.0645,0.9930,0.4407,39.13
1788953779920,298.2213,14.4749,0.2797,0.0344,-0.3806,0.5322,39.14
1788953779920,297.8798,14.5099,0.4742,0.3702,-0.0754,-0.6582,39.14
1788953779921,295.7264,14.7261,0.8702,-0.9119,1.1762,0.4101,39.13
1788953779921,299.2121,14.3780,0.1460,0.2481,-0.3806,0.3491,39.12
1788953779921,300.7548,14.2257,1.5287,1.4080,0.3825,-1.3908,39.12
1788953779921,300.0833,14.2936,1.3338,-1.4918,0.9014,0.2575,39.21
1788953779921,297.8385,14.5180,0.1087,0.2176,-0.2280,0.2575,39.14
1788953779921,300.1130,14.2918,0.8338,0.2176,0.1688,-0.7498,39.10
1788953779921,300.6284,14.2414,1.2818,-0.7898,0.5962,0.5933,39.12
1788953779921,297.9478,14.5098,0.2495,0.2786,-0.5943,0.1049,39.13
1788953779921,300.5615,14.2497,1.0831,0.3702,1.0235,-0.5972,39.13
1788953779921,302.0583,14.1007,0.7571,-0.3319,0.0162,0.1354,39.21
1788953779921,297.3189,14.5748,0.3593,0.3091,-0.5943,0.0744,39.13
1788953779921,300.7043,14.2373,0.7908,0.0955,0.4436,-0.4446,39.12
1788953779922,301.2333,14.1851,0.4311,-0.1487,-0.0143,0.0744,39.15
1788953779922,295.5478,14.7548,1.0888,0.9502,-1.1132,-0.2004,39.12
1788953779922,301.7848,14.1318,0.4002,-0.0877,-0.0754,0.0744,39.13
1788953779922,299.5911,14.3517,0.1731,-0.0572,-0.0754,0.2270,39.11
1788953779922,297.2054,14.5909,0.6011,0.4312,-0.1364,-0.4751,39.13
1788953779922,296.9034,14.6215,0.2959,-0.0877,0.1994,0.3491,39.12
1788953779922,298.3620,14.4767,0.5067,0.0344,-0.2585,0.5628,39.07
1788953779922,295.0906,14.8049,0.6123,0.9502,0.2604,-1.0856,39.12
1788953779922,297.4826,14.5660,0.4609,-0.4540,0.8404,0.2270,39.14
1788953779922,300.2603,14.2883,0.1584,0.1565,-0.2890,0.4407,39.13
1788953779922,297.2915,14.5855,0.6248,0.6449,-0.0754,-0.9330,39.14
1788953779923,296.6886,14.6469,0.8887,-1.4003,0.9320,0.1659,39.13
1788953779923,297.9557,14.5204,0.5169,0.3397,-0.3806,0.9596,39.13
1788953779923,297.6071,14.5563,0.9800,0.9196,0.0162,-0.9024,39.13
1788953779923,302.1799,14.0995,1.1501,-1.3392,0.9014,0.0744,39.13
1788953779923,298.9093,14.4261,0.1138,0.3091,-0.0448,0.3186,39.12
1788953779923,301.1639,14.2017,1.1229,0.3397,0.4436,-1.0245,39.11
1788953779923,299.5980,14.3590,1.1995,-1.1255,0.3520,0.3186,39.13
1788953779923,297.8246,14.5369,0.3194,0.4312,-0.7774,0.1659,39.13
1788953779923,301.3246,14.1879,0.7841,0.1565,0.3520,-0.5972,39.12
1788953779923,302.1696,14.1039,0.7757,-0.1793,0.5351,0.4101,39.13
1788953779924,298.0349,14.5175,0.3156,0.4312,-0.2585,0.0744,39.13
1788953779924,300.2375,14.2983,0.9227,0.4923,0.7793,-0.2919,39.13
1788953779924,299.1653,14.4062,0.5251,-0.1487,-0.0143,0.8070,39.09
1788953779924,297.6653,14.5571,0.6126,0.8891,-0.1364,0.2880,39.13
1788953779924,302.2008,14.1040,0.2568,0.1565,0.3215,0.2270,39.16
1788953779924,298.9958,14.4250,0.0924,0.1565,0.1383,0.2880,39.14
1788953779924,297.3530,14.5900,0.2735,0.7060,-0.0448,0.0133,39.15
1788953779924,295.5293,14.7731,0.2343,-0.3929,0.3215,0.1965,39.12
1788953779924,298.1743,14.5094,0.1402,0.3091,-0.0143,0.7154,39.13
1788953779924,297.4715,14.5806,0.3844,0.7670,-0.2890,0.0438,39.13
1788953779924,296.0119,14.7273,0.3598,-1.0950,0.6267,-0.0477,39.12
1788953779924,300.3695,14.2921,0.0055,0.2481,-0.0448,0.4712,39.14
1788953779925,295.1856,14.8118,0.8904,1.0723,-0.0143,-1.0551,39.13
1788953779925,296.6960,14.6616,0.7212,-0.6982,0.8404,0.5628,39.13
1788953779925,300.5294,14.2781,0.1994,-0.1182,-0.1364,0.1354,39.12
1788953779925,296.1967,14.7126,0.9795,1.0723,0.2909,-0.8109,39.13
1788953779925,295.7127,14.7620,1.7774,-1.9802,1.6340,0.4407,39.13
1788953779925,299.0880,14.4240,0.2066,0.4007,-0.2890,0.4712,39.13
1788953779925,301.3242,14.2013,1.1731,1.0723,0.6878,-0.7803,39.14
1788953779925,301.1174,14.2226,1.7432,-1.5529,1.1456,0.6849,39.21
1788953779925,297.6950,14.5647,0.1044,0.3397,-0.1669,0.3491,39.15
1788953779931,300.8594,14.2496,1.1306,0.1260,0.5046,-0.9940,39.15
1788953779931,300.6451,14.2717,0.9687,-0.9424,0.0773,0.5322,39.13
1788953779932,295.7898,14.7579,0.6253,0.7975,-0.9606,-0.0172,39.13
1788953779932,301.8332,14.1548,1.0384,-0.0877,0.5046,-0.7803,39.13
1788953779932,302.1038,14.1282,0.7662,-0.4540,0.0162,0.1965,39.12
1788953779932,298.6309,14.4756,0.4842,0.3397,-0.6859,0.0744,39.12
1788953779933,301.7918,14.1599,0.4679,0.4007,0.4436,0.1965,39.13
1788953779933,299.0962,14.4303,0.9648,-1.1561,-0.0143,0.7154,39.19
1788953779933,299.3582,14.4045,0.3545,0.5228,-0.2280,0.1049,39.13
1788953779933,296.8207,14.6588,0.2565,-0.2708,-0.0754,0.0133,39.12
1788953779933,299.8518,14.3563,0.4216,0.1565,-0.2585,0.7154,39.13
1788953779933,297.7453,14.5671,0.2951,0.3397,-0.1364,-0.5667,39.14
1788953779933,297.2019,14.6222,0.5149,-0.5761,0.5962,0.1659,39.13
1788953779934,298.3149,14.5111,0.1391,0.4618,-0.6248,0.9291,39.17
1788953779934,296.9688,14.6469,0.9499,1.1944,-0.0448,-0.8719,39.14
1788953779934,296.7990,14.6644,0.6761,-1.0950,0.7793,0.1354,39.14
1788953780165,299.6755,14.3765,0.1337,0.1565,-0.2280,0.2270,39.10
1788953780165,296.1621,14.7289,0.9527,1.3470,-0.1059,-0.9024,39.18
1788953780165,296.3997,14.7058,1.1672,-1.2171,1.1456,0.3796,39.13
1788953780165,298.8387,14.4622,0.1241,0.3702,0.0467,0.4712,39.13
1788953780165,300.7020,14.2775,1.2851,1.0723,0.2604,-1.1772,39.13
1788953780165,300.7794,14.2707,1.4324,-1.2476,1.1151,0.7764,39.08
1788953780165,296.0300,14.7460,0.1126,0.1565,-0.2280,0.0438,39.12
1788953780165,299.2753,14.4236,1.6804,0.7670,1.0235,-1.2688,39.14
1788953780165,296.3744,14.7151,0.9493,-1.2476,0.1383,0.6543,39.14
1788953780165,296.9456,14.6598,0.7131,0.5839,-0.8690,0.0133,39.11
1788953780165,300.3642,14.3198,1.1774,-0.0266,0.7793,-1.1772,39.11
1788953780165,297.9528,14.5620,0.6817,-0.4845,0.1688,0.5933,39.13
1788953780165,296.8250,14.6761,0.5176,0.3702,-0.8690,-0.0783,39.14
1788953780276,298.2326,14.5368,0.7808,-0.1793,0.5351,-0.7193,39.13
1788953780276,298.6943,14.4926,0.7268,-0.6066,0.1383,0.4407,39.13
1788953780276,295.9106,14.7728,0.9245,0.8891,-0.7164,0.1965,39.12
1788953780276,298.9251,14.4727,0.3000,-0.2098,0.0162,-0.0783,39.12
1788953780276,297.0102,14.6664,0.7353,-0.1182,-0.1059,0.6543,39.22
1788953780276,296.8087,14.6880,0.3785,0.7975,0.4130,-0.0783,39.14
1788953780276,294.3349,14.9372,0.3991,-0.2708,0.1688,0.1965,39.13
1788953780387,298.3262,14.5397,0.2685,-0.1793,-0.3501,0.1659,39.16
1788953780387,293.7373,15.0002,0.5085,0.8586,-0.0143,-0.8109,39.12
1788953780387,294.0053,14.9753,0.4792,-0.3014,0.8404,0.4101,39.12
1788953780387,295.6817,14.8099,0.4277,0.4312,-0.5638,1.2038,39.12
1788953780387,293.5904,15.0214,0.8314,1.0723,-0.0448,-1.2077,39.12
1788953780387,292.4610,15.1364,0.7195,-1.1866,1.1762,0.2270,39.13
1788953780387,297.1017,14.6742,0.3323,0.1870,-0.4111,0.5933,39.16
1788953780484,291.8397,15.2033,1.2830,1.6217,-0.1364,-1.3908,39.14
1788953780484,292.6235,15.1273,1.0197,-1.4308,1.1456,0.2880,39.14
1788953780484,294.7247,14.9194,0.5957,0.3091,-0.8995,0.5017,39.15
1788953780484,291.9016,15.2057,1.8597,2.1101,0.4130,-1.8487,39.12
1788953780484,291.9724,15.2011,1.6639,-2.2244,1.8782,0.4712,39.13
1788953780484,296.0044,14.7998,0.5230,0.4007,-0.8385,0.3491,39.11
1788953780484,292.8604,15.1172,1.6565,1.4080,0.1383,-1.6351,39.13
1788953780594,293.6195,15.0432,1.2250,-1.5224,1.1151,0.9901,39.00
1788953780594,295.7869,14.8290,1.0809,0.7365,-1.0522,0.5628,39.11
1788953780594,298.7338,14.5371,2.0763,1.5301,0.8099,-1.8487,39.13
1788953780594,296.2303,14.7895,1.2450,-1.4613,0.3520,1.1427,39.18
1788953780594,295.0100,14.9135,0.4968,0.6754,-0.5027,0.1659,39.13
1788953780594,295.3460,14.8829,1.6644,0.1260,1.2067,-1.7266,39.08
1788953780594,298.3110,14.5889,1.5200,-1.3697,0.5351,0.8070,39.20
1788953780686,295.1477,14.9072,0.9155,0.9196,-1.2658,0.0438,39.15
1788953780686,298.4280,14.5814,1.3086,0.0649,1.1151,-1.2077,39.14
1788953780686,299.0346,14.5224,0.9107,-0.5456,0.3825,0.8680,39.12
1788953780686,295.3462,14.8928,0.7743,1.0417,-0.8385,0.3796,39.15
1788953780686,298.0466,14.6253,1.1459,-0.1182,0.7793,-0.8109,39.14
1788953780686,295.5701,14.8756,1.1553,-0.6677,0.1688,1.1427,39.14
1788953780686,294.3051,15.0046,1.0219,1.1028,-1.0522,-0.1393,39.12
1788953780778,297.3261,14.7051,1.0024,-0.4540,0.5046,-0.4751,39.12
1788953780778,298.2953,14.6106,0.6353,-0.2098,-0.3501,0.5017,39.13
1788953780778,294.6855,14.9739,0.8513,1.1028,-0.4722,-0.4446,39.13
1788953780778,297.5542,14.6893,0.7208,-0.3014,0.5657,0.2575,39.13
1788953780778,294.8791,14.9595,0.6157,0.0649,-0.8995,1.1733,39.08
1788953780778,291.4230,15.3079,0.7208,0.8891,0.1688,-1.1161,39.12
1788953780778,293.3264,15.1201,0.4724,-0.7898,0.4436,0.1049,39.13
1788953780875,293.0269,15.1531,0.5947,-0.1182,-0.6553,0.9901,39.12
1788953780875,293.6585,15.0933,0.9720,1.4996,0.1383,-1.1161,39.13
1788953780875,290.8427,15.3778,0.8484,-1.4003,1.0846,0.0438,39.12
1788953780875,294.3754,15.0276,0.8395,0.3091,-1.2353,1.4480,39.09
1788953780875,294.7530,14.9926,0.9445,1.2249,-0.0143,-0.9330,39.13
1788953780875,292.1131,15.2590,0.8660,-1.5224,1.1762,0.2270,39.13
1788953780875,296.2835,14.8445,0.5631,0.3702,-0.6553,0.8375,39.12
1788953780968,290.5516,15.4208,1.4146,1.5607,-0.0143,-1.8182,39.13
1788953780968,291.9774,15.2815,1.3083,-1.6445,1.2067,0.5017,39.14
1788953780968,295.0837,14.9732,0.4323,0.7670,-0.8080,0.5628,39.12
1788953780968,292.1959,15.2655,1.4943,1.6522,0.2604,-1.1161,39.14
1788953780968,291.1171,15.3766,1.4224,-1.7360,1.4814,1.0206,39.12
1788953780968,293.8261,15.1083,0.6678,0.8586,-0.8385,0.4407,39.12
1788953781067,291.4049,15.3542,1.6521,1.0417,0.6572,-2.1540,39.13
1788953781067,290.5295,15.4449,1.7108,-2.2244,1.1762,1.1733,39.12
1788953781067,295.1371,14.9866,0.5464,0.6144,-1.0216,-0.0172,39.12
1788953781067,295.9431,14.9100,1.8472,0.8281,1.2983,-2.2456,39.13
1788953781067,294.9834,15.0090,1.4887,-1.8887,0.3520,1.3259,39.13
1788953781067,291.5921,15.3509,0.7027,1.1944,-1.2658,0.2880,39.12
1788953781067,296.4548,14.8688,2.3230,0.9196,1.2983,-2.4592,39.13
1788953781157,296.4664,14.8708,2.1110,-2.1634,0.5046,1.2648,39.13
1788953781157,292.7417,15.2458,0.8932,1.1944,-1.3269,0.0438,39.13
1788953781157,295.6903,14.9545,1.4448,-0.1487,1.5425,-1.8487,39.13
1788953781157,292.1286,15.3142,1.6368,-2.0108,0.4741,1.8753,39.13
1788953781157,293.6794,15.1626,1.1540,1.3165,-1.4795,0.0438,39.12
1788953781157,295.6069,14.9735,1.9421,0.2786,2.0614,-1.6351,39.13
1788953781157,294.4005,15.0973,1.5015,-1.4308,0.4130,1.6006,39.12
1788953781251,294.0683,15.1336,1.1209,1.0723,-1.2658,-0.1393,39.13
1788953781251,293.2171,15.2224,2.0305,-0.0877,1.8477,-2.1845,39.13
1788953781251,295.3403,15.0138,1.5664,-0.8508,0.1383,1.6311,39.06
1788953781251,292.4451,15.3069,1.6490,1.5912,-1.3269,-0.0783,39.14
1788953781251,294.8982,15.0650,1.4120,-0.8508,1.4204,-0.9940,39.13
1788953781251,294.8082,15.0777,1.3040,-0.4845,-0.5332,1.4480,39.14
1788953781251,292.7195,15.2900,1.2192,1.3470,-0.8690,-0.6582,39.13
1788953781352,294.2249,15.1434,1.2727,-0.6677,1.1456,-0.1088,39.11
1788953781352,293.0028,15.2697,1.3776,-0.5761,-0.8385,1.3869,39.12
1788953781352,292.1492,15.3589,1.3594,1.5912,-0.6859,-1.0856,39.12
1788953781352,295.1718,15.0603,1.1453,-1.0645,0.9930,-0.0477,39.13
1788953781352,293.3392,15.2471,0.7078,0.3397,-1.1743,1.4175,39.13
1788953781352,290.1371,15.5708,0.8804,1.3165,-0.1975,-1.2993,39.12
1788953781352,291.6580,15.4225,0.9226,-1.2782,1.0846,0.1049,39.12
1788953781466,291.8908,15.4032,1.0679,0.4312,-1.2353,1.9974,39.15
1788953781466,290.3842,15.5577,1.1140,1.6217,-0.0143,-1.8793,39.12
1788953781466,291.5870,15.4408,0.7556,-1.0340,1.2983,0.3491,39.12
1788953781466,292.6082,15.3424,0.8862,-0.0266,-1.4795,1.4785,39.12
1788953781466,291.9474,15.4123,1.2169,2.1101,-0.2585,-1.3603,39.12
1788953781466,289.5018,15.6609,1.2705,-2.1329,1.7561,0.1354,39.11
1788953781466,292.7195,15.3428,1.0840,0.1565,-1.7237,1.4175,39.11
1788953781466,291.8171,15.4369,1.3121,1.5301,-0.1669,-1.6961,39.10
1788953781466,291.1356,15.5084,1.2370,-1.3697,1.9698,0.6543,39.13
1788953781466,294.5986,15.1652,0.8029,0.3091,-1.2353,0.7154,39.12
1788953781466,-284.2913,73.1191,5.1747,21.0662,-2.1205,-19.8890,35.33
1788953781466,-132.2141,58.1343,-0.2515,4.0332,4.5034,-8.6253,12.55
1788953781466,-81.8199,51.2867,4.8071,-4.2391,9.5095,-5.4812,10.81
1788953781466,21.0785,41.1600,6.5242,-4.8801,-0.7469,5.9962,13.18
1788953781555,57.9026,37.6068,5.2148,7.5436,-7.7371,-0.0477,15.77
1788953781555,83.8079,35.1268,8.8568,9.9856,-0.4722,-9.9379,16.11
1788953781555,98.2548,33.7841,8.3818,0.0649,9.3264,-9.1747,15.83
1788953781555,107.9712,32.9089,10.4350,-9.4589,10.7000,-1.2077,16.35
1788953781555,125.7324,31.2242,10.0545,-6.4979,-0.8080,7.6140,17.49
1788953781555,133.6665,30.5170,4.4047,4.6132,-4.7152,-0.1088,19.11
1788953781555,144.3368,29.5306,7.2872,8.4898,-1.2048,-7.3127,21.10
1788953781660,151.9362,31.0103,6.1677,-1.4613,7.7391,-6.0917,19.73
1788953781660,183.9717,27.8703,4.6997,-3.8423,-1.9069,5.7215,19.11
1788953781660,202.7039,26.0508,5.8088,5.3763,-6.1804,1.0512,21.21
1788953781660,227.6576,23.5993,6.6204,2.5680,4.8392,-7.1906,24.61
1788953781660,253.3092,21.0660,7.4284,-7.2305,2.6719,4.7142,29.50
1788953781660,274.9710,18.9177,6.7774,6.4141,-6.3025,0.3491,36.18
1788953781660,299.4660,16.4729,3.4605,-1.0034,2.9771,-2.2456,38.70
1788953781660,312.6584,15.1511,1.5355,-0.4540,-0.0754,1.6311,39.04
1788953781660,315.4736,14.8628,1.7626,1.6828,-1.0827,-0.2004,39.13
1788953781660,318.9457,14.5055,0.4584,-0.6982,0.7488,0.1965,39.13
1788953781660,321.1267,14.2763,0.1060,0.4618,-0.3806,0.5933,39.12
1788953781660,321.0590,14.2738,1.3361,0.7975,0.1688,-1.1772,39.12
1788953781660,314.9501,14.8763,0.7000,-0.8203,0.4741,0.5322,39.22
1788953781768,311.7497,15.1896,0.4470,0.8586,-0.5943,0.3491,39.14
1788953781768,310.4628,15.3131,1.5995,0.4923,1.5730,-1.0551,39.13
1788953781768,313.2408,15.0301,0.8909,-0.6371,-0.0754,0.3491,39.11
1788953781768,310.6586,15.2831,1.1144,1.4996,-0.8690,0.2270,39.13
1788953781768,310.6604,15.2771,0.8349,-0.4540,0.8404,-0.1698,39.13
1788953781768,315.4933,14.7867,0.0418,0.0649,0.0162,0.3186,39.10
1788953781768,310.4617,15.2830,0.6286,0.9502,0.0773,-0.9024,39.12
1788953781859,311.5628,15.1658,0.9546,-1.4308,1.2677,0.0133,39.14
1788953781859,314.1604,14.8986,0.2206,0.0649,-0.2585,0.1049,39.13
1788953781859,316.4145,14.6671,1.2084,0.7365,0.2909,-1.0856,39.13
1788953781859,316.3039,14.6714,1.4277,-1.1866,0.4436,0.3491,39.12
1788953781859,312.1989,15.0751,0.3725,0.4618,-0.3806,0.2575,39.11
1788953781859,314.7897,14.8102,1.0406,-0.1182,0.6572,-0.7498,39.12
1788953781859,312.9111,14.9919,0.8148,-0.6066,0.0773,0.6238,39.09
1788953781973,311.5112,15.1261,0.7145,0.6144,-0.3196,-0.1393,39.13
1788953781973,311.3909,15.1317,0.0933,0.0039,-0.0448,0.3796,39.13
1788953781973,312.2788,15.0366,0.3324,-0.0572,-0.5332,0.4712,39.17
1788953781973,312.3417,15.0243,0.7486,1.0112,0.2299,-0.3835,39.15
1788953781973,308.4234,15.4101,1.1289,-1.4613,1.2372,0.3796,39.13
1788953781973,313.1982,14.9259,0.2753,0.0955,-0.3806,0.1354,39.06
1788953781973,313.8778,14.8518,0.7931,0.6449,0.2604,-0.3530,39.13
1788953782069,313.2371,14.9099,1.1619,-0.6677,0.4436,0.6543,39.14
1788953782069,311.2343,15.1038,0.2502,0.6754,-0.3196,0.1659,39.14
1788953782069,314.1747,14.8044,1.0725,0.0955,0.3825,-0.7803,39.14
1788953782069,314.7419,14.7417,0.6997,-0.2708,-0.0448,0.4101,39.13
1788953782069,310.6817,15.1413,0.4508,0.6144,-0.1059,-0.1088,39.14
1788953782069,308.5644,15.3474,0.3846,-0.3319,0.0773,-0.0783,39.12
1788953782069,312.2235,14.9756,0.2801,-0.1182,-0.3806,0.4101,39.12
1788953782159,309.4234,15.2501,0.8117,0.9502,-0.2890,-0.9024,39.12
1788953782159,308.6326,15.3234,0.8615,-1.4308,1.3593,0.3186,39.13
1788953782159,314.2177,14.7580,0.1181,0.2481,-0.0754,0.3796,39.13
1788953782159,314.9061,14.6838,1.2827,1.2249,0.2909,-1.2382,39.14
1788953782159,315.0861,14.6596,1.3252,-0.9119,0.8709,0.5017,39.12
1788953782159,309.0244,15.2593,0.4432,0.4312,-0.5332,0.0133,39.14
1788953782159,314.1906,14.7377,1.3810,0.4007,0.6572,-0.6277,39.12
1788953782251,315.1795,14.6328,0.7469,-0.5150,0.1688,0.1659,39.13
1788953782251,310.3100,15.1140,0.8107,1.0417,-0.5943,0.4407,39.14
1788953782251,309.9272,15.1462,0.2786,-0.1487,0.1688,0.1049,39.13
1788953782251,311.7699,14.9566,0.8736,-0.1793,-0.5943,0.5933,39.13
1788953782251,307.7679,15.3510,0.5645,1.1028,-0.1364,-0.8414,39.13
1788953782251,309.4930,15.1725,0.5798,-1.2171,0.6267,0.0438,39.13
1788953782251,312.8743,14.8283,0.2824,0.2481,-0.4722,0.5628,39.13
1788953782357,309.4850,15.1614,1.1628,0.9807,0.6572,-1.2382,39.15
1788953782357,315.0240,14.6021,1.6219,-1.4918,1.3288,0.3491,39.12
1788953782357,311.3127,14.9670,0.5983,0.6449,-0.6553,0.5933,39.12
1788953782357,313.3245,14.7603,0.9369,0.0344,0.7488,-0.9330,39.13
1788953782357,314.6631,14.6205,0.9032,-0.1793,-0.0143,0.6849,39.13
1788953782357,311.6595,14.9147,0.3367,0.1870,-0.1975,0.1354,39.13
1788953782357,313.9359,14.6814,0.2832,-0.1182,0.0467,-0.1393,39.13
1788953782450,312.0129,14.8683,0.2905,-0.1487,-0.1364,0.1965,39.18
1788953782450,307.4969,15.3148,0.7621,1.0723,-0.1975,-0.7193,39.14
1788953782450,307.3311,15.3260,0.4397,-1.0340,0.9930,0.1965,39.13
1788953782450,311.4099,14.9120,0.1128,0.0344,0.0467,0.3186,39.13
1788953782450,306.7496,15.3732,1.2324,1.5912,0.0162,-1.5435,39.13
1788953782450,309.2826,15.1144,1.0102,-0.9729,1.1151,0.6543,39.15
1788953782450,310.8273,14.9543,0.1884,-0.1182,-0.4417,0.2575,39.14
1788953782572,314.4673,14.5855,1.4557,0.4923,0.3215,-1.3908,39.13
1788953782572,312.1829,14.8081,0.8244,-0.7287,0.2604,0.4101,39.16
1788953782572,310.4547,14.9755,0.4609,0.4007,-0.4722,0.1354,39.14
1788953782572,310.6890,14.9470,0.7645,-0.1182,0.5962,-0.8109,39.14
1788953782572,312.6075,14.7502,0.4883,-0.3319,0.4741,0.2880,39.10
1788953782572,309.1619,15.0895,0.4121,0.4618,-0.2890,0.0133,39.14
1788953782661,308.1864,15.1818,0.2641,-0.5456,0.1688,0.0438,39.14
1788953782661,312.0695,14.7881,0.1420,-0.0266,0.1994,0.2575,39.11
1788953782661,306.6601,15.3243,0.8812,1.1028,-0.0448,-1.0856,39.13
1788953782661,307.7929,15.2059,0.9896,-1.4613,1.4509,0.2575,39.13
1788953782661,312.9961,14.6795,0.0641,0.1260,-0.1975,0.2270,39.11
1788953782661,311.1178,14.8630,1.3493,1.0112,0.1383,-1.0551,39.14
1788953782661,313.0840,14.6615,1.4773,-1.2782,0.6267,0.2880,39.13
1788953782771,309.2749,15.0370,0.4038,0.4007,-0.7774,0.1659,39.12
1788953782771,312.0902,14.7509,1.0908,0.0955,0.6878,-0.7498,39.13
1788953782771,313.3934,14.6154,0.8121,-0.6066,0.4436,0.1659,39.14
1788953782771,309.8394,14.9651,0.2288,0.3702,-0.2280,0.2270,39.13
1788953782771,307.2946,15.2146,0.3404,-0.1487,-0.0448,-0.0783,39.13
1788953782771,311.4672,14.7922,0.2205,-0.0266,-0.3501,0.3491,39.13
1788953782771,306.7988,15.2546,1.0100,0.9807,-0.2890,-1.1161,39.12
1788953782875,306.0361,15.3262,0.8075,-1.0645,1.2067,0.4712,39.13
1788953782875,310.6455,14.8596,0.1719,0.0955,-0.5027,0.5322,39.11
1788953782875,307.7060,15.1493,1.3979,1.1333,-0.1364,-1.5129,39.16
1788953782875,309.7983,14.9346,1.0485,-1.3087,0.6878,0.3796,39.13
1788953782875,310.2354,14.8859,0.5711,0.7975,-0.4417,0.7764,39.13
1788953782875,313.9811,14.5066,1.6326,0.6449,0.3825,-1.1466,39.12
1788953782875,311.3870,14.7606,0.9861,-0.7592,0.2604,0.6849,39.16
1788953782974,311.3357,14.7600,0.3804,0.4007,-0.3196,0.1965,39.13
1788953782974,310.5472,14.8341,1.3730,0.2481,1.2372,-0.6582,39.14
1788953782974,309.3029,14.9531,0.0552,-0.1487,0.0773,0.0438,39.13
1788953782974,308.3936,15.0394,0.4338,0.3702,-0.1975,-0.5056,39.14
1788953782974,306.8048,15.1936,0.3780,-0.5456,0.3825,0.2880,39.13
1788953782974,311.1488,14.7538,0.1120,0.1565,-0.3196,0.4101,39.13
1788953782974,306.7973,15.1844,0.6703,0.7670,-0.0754,-0.8414,39.14
1788953783073,306.6419,15.1952,1.0347,-1.4308,1.4814,0.2575,39.13
1788953783073,310.2642,14.8279,0.2497,0.0649,-0.3501,0.2270,39.09
1788953783073,312.1425,14.6363,1.5543,1.1638,0.1688,-1.5129,39.16
1788953783073,312.6300,14.5827,1.6794,-1.2782,1.1456,0.5017,39.11
1788953783073,309.4743,14.8930,0.3736,0.5228,-0.2585,0.5017,39.12
1788953783073,310.5852,14.7776,1.1735,0.1565,0.9014,-1.0245,39.13
1788953783073,310.2230,14.8091,0.7292,-0.7287,0.1383,0.5628,39.12
1788953783172,308.7036,14.9564,0.5486,0.7365,-0.1059,0.1354,39.14
1788953783172,307.9375,15.0283,0.3938,-0.2098,0.5962,0.2575,39.14
1788953783172,309.2211,14.8951,0.0565,-0.0572,-0.1059,0.3796,39.14
1788953783172,308.3849,14.9741,0.4149,0.5839,0.1383,-0.5667,39.14
1788953783172,306.5117,15.1571,0.6664,-1.0340,0.8099,0.2575,39.14
1788953783172,309.3611,14.8674,0.3297,0.2786,-0.6248,0.6238,39.14
1788953783172,308.0971,14.9894,0.7117,0.9196,0.5657,-0.3225,39.12
1788953783268,310.8552,14.7094,1.2191,-1.1561,0.9625,0.3491,39.12
1788953783268,308.0172,14.9881,0.2307,0.2176,-0.3806,0.2575,39.13
1788953783268,310.7063,14.7155,1.2591,0.2786,0.6878,-1.0856,39.13
1788953783268,311.4727,14.6345,1.1073,-0.7592,0.1383,0.4407,39.13
1788953783268,307.5197,15.0247,0.3246,0.5839,-0.2280,0.1354,39.14
1788953783268,310.0454,14.7682,0.8666,-0.2098,0.8709,-0.5972,39.15
1788953783268,311.5842,14.6099,0.3969,0.1260,-0.1669,0.5017,39.11
1788953783364,306.0435,15.1598,0.4453,0.5533,-0.0448,-0.3225,39.13
1788953783364,305.4863,15.2111,0.2964,-0.5761,0.3520,-0.0783,39.13
1788953783364,310.2961,14.7256,0.2780,-0.0877,-0.3501,0.1354,39.13
1788953783364,305.6038,15.1907,0.9280,1.3470,-0.2890,-0.8109,39.14
1788953783364,306.7767,15.0691,0.7856,-1.3392,0.9014,0.1354,39.13
1788953783364,309.3554,14.8063,0.2568,0.4312,-0.4111,0.6849,39.14
1788953783364,311.7339,14.5653,1.7980,1.5301,0.1383,-1.6045,39.13
1788953783364,312.9141,14.4427,2.0278,-1.4003,1.9088,0.5628,39.09
1788953783364,308.0027,14.9284,0.2756,0.3702,-0.4111,0.2575,39.12
1788953783364,311.2366,14.6011,1.0308,0.0649,0.5351,-0.9635,39.13
1788953783364,308.4333,14.8773,1.3482,-1.4613,0.0773,1.0817,39.16
1788953783364,308.6852,14.8479,0.7417,0.5839,-0.3501,0.0133,39.14
1788953783364,312.9507,14.4168,0.3958,-0.1793,0.0162,-0.2004,39.13
1788953783364,310.5984,14.6475,0.6076,-0.5761,-0.1059,0.3491,39.07
1788953783457,307.5363,14.9489,0.3443,0.5839,-0.1059,-0.4446,39.12
1788953783457,306.9725,15.0011,0.6263,-0.9119,0.6878,0.0744,39.12
1788953783457,307.5533,14.9385,0.4533,0.1565,-0.6859,0.8070,39.13
1788953783457,307.3272,14.9573,0.9553,0.9807,-0.2280,-1.1161,39.13
1788953783457,305.8511,15.1008,1.3137,-1.7971,1.1762,0.3491,39.13
1788953783457,308.5777,14.8227,0.1802,0.1565,0.0467,0.2880,39.14
1788953783566,311.0617,14.5705,1.4651,1.1944,0.5962,-0.7193,39.13
1788953783566,309.9573,14.6767,1.4724,-0.8203,0.9320,0.9291,39.17
1788953783566,306.6109,15.0068,0.4450,0.8586,-0.4111,0.5017,39.11
1788953783566,311.9490,14.4692,0.8748,0.3091,0.2604,-0.3835,39.09
1788953783566,310.6685,14.5929,0.7060,-0.4235,0.2604,0.3796,39.13
1788953783566,307.4439,14.9113,0.6104,0.5228,-0.4111,-0.0172,39.12
1788953783566,306.6722,14.9844,0.3418,-0.0877,0.3215,-0.0172,39.13
1788953783677,307.7988,14.8679,0.3719,0.2176,-0.3501,0.5933,39.15
1788953783677,304.4628,15.1977,0.5286,1.0723,-0.4111,-0.4446,39.13
1788953783677,306.8994,14.9498,0.2938,-0.7592,0.5046,0.1049,39.14
1788953783677,307.5432,14.8812,0.2823,0.0955,-0.4111,0.6238,39.13
1788953783677,307.2844,14.9032,0.6874,0.4618,0.3520,-0.7193,39.14
1788953783677,310.1910,14.6094,1.4703,-1.7360,1.4204,0.1965,39.14
1788953783677,307.5383,14.8702,0.3201,0.0649,-0.5027,0.2880,39.09
1788953783768,309.5467,14.6656,0.6195,0.1870,0.2604,-0.6582,39.15
1788953783768,309.4589,14.6706,1.0369,-0.4235,0.5657,0.6543,39.11
1788953783768,306.3270,14.9796,0.3679,0.5533,-0.1059,0.2575,39.13
1788953783768,310.1465,14.5946,1.1475,0.1565,0.5351,-0.5361,39.13
1788953783768,309.8770,14.6175,0.4360,-0.2708,-0.0143,0.1659,39.08
1788953783768,306.5406,14.9471,0.2462,0.4312,-0.0754,-0.1698,39.13
1788953783768,304.2304,15.1746,0.2584,-0.3319,0.4436,0.0133,39.14
1788953783865,307.6343,14.8305,0.2103,0.0039,-0.2890,0.4101,39.18
1788953783865,304.9392,15.0968,0.7413,0.9502,-0.1975,-0.8109,39.14
1788953783865,303.8345,15.2038,0.6305,-1.3697,0.7488,0.0133,39.15
1788953783865,309.5553,14.6271,0.1429,0.0039,-0.2585,0.2270,39.10
1788953783865,304.2101,15.1585,1.2746,1.3165,0.2604,-1.3298,39.13
1788953783865,309.7904,14.5963,1.2803,-1.5224,1.0541,0.0438,39.01
1788953783865,304.7856,15.0924,0.2301,0.2786,-0.2585,0.2575,39.16
1788953783971,310.8389,14.4844,1.8024,1.0723,0.5046,-1.3603,39.16
1788953783971,310.3553,14.5288,1.4119,-0.8813,0.5351,0.4101,39.15
1788953783971,305.9973,14.9603,0.4349,0.6144,-0.6859,0.0744,39.14
1788953783971,309.8475,14.5717,0.7585,-0.0572,0.1994,-0.7803,39.13
1788953783971,307.5177,14.8014,1.1166,-0.9119,0.5046,0.8985,39.17
1788953783971,308.1858,14.7306,0.3551,0.5228,0.2909,0.3186,39.14
1788953783971,305.8945,14.9561,0.3266,-0.0572,0.1994,0.1659,39.13
1788953784078,309.0702,14.6346,0.2814,-0.0572,0.1383,0.3186,39.12
1788953784078,306.1572,14.9218,0.5670,0.7670,0.0773,-0.5056,39.12
1788953784078,305.3690,14.9972,0.7024,-0.8813,1.2677,0.4101,39.14
1788953784078,306.5854,14.8715,0.5469,0.0344,-0.8690,0.6543,39.18
1788953784078,307.4267,14.7838,1.2959,0.9807,0.1688,-1.4519,39.14
1788953784078,312.0546,14.3168,1.4259,-1.6750,1.3288,0.1354,39.13
1788953784078,309.0835,14.6081,0.0554,0.2176,-0.1059,0.3491,39.13
1788953784078,310.3358,14.4789,0.7985,0.2786,0.4436,-0.7193,39.13
1788953784078,308.2820,14.6806,1.0671,-0.9119,0.2604,0.6238,39.18
1788953784078,304.6857,15.0368,0.5410,0.9196,-0.6859,0.3491,39.14
1788953784078,309.8253,14.5200,0.8502,0.2176,0.4436,-0.2004,39.14
1788953784078,309.1466,14.5845,0.7822,-0.6066,0.0467,0.2270,39.13
1788953784078,306.8254,14.8131,0.3218,0.2481,-0.3196,-0.0783,39.12
1788953784078,305.6611,14.9262,0.4181,0.0955,0.0467,0.2575,39.14
1788953784078,306.9555,14.7936,0.4092,0.0649,-0.1364,0.7154,39.13
1788953784078,304.2340,15.0623,0.3349,0.6449,-0.2585,-0.6582,39.13
1788953784078,305.7402,14.9080,0.2350,-0.3624,0.2604,0.3796,39.14
1788953784078,307.1773,14.7606,0.2254,0.0039,-0.5027,0.4712,39.08
1788953784078,305.2992,14.9453,0.8860,0.6449,0.0773,-0.9635,39.12
1788953784078,303.4849,15.1240,1.3760,-1.3392,1.2067,0.5933,39.12
1788953784078,307.1889,14.7497,0.3098,0.1260,-0.4111,0.1354,39.14
1788953784191,308.4418,14.6209,0.5972,0.6144,0.6267,-0.1393,39.12
1788953784191,307.5803,14.7039,1.2072,-1.0340,0.1688,0.4407,39.11
1788953784191,306.0640,14.8517,0.2212,0.1870,-0.4722,0.1659,39.12
1788953784191,308.8150,14.5738,0.9992,0.4007,0.4436,-0.2309,39.12
1788953784191,308.5758,14.5944,0.6426,-0.5150,0.1078,0.3796,39.12
1788953784191,305.6924,14.8789,0.1615,0.2481,0.0467,-0.2004,39.13
1788953784297,302.8124,15.1639,0.2762,-0.2708,0.0773,0.0438,39.14
1788953784297,307.0316,14.7389,0.0853,-0.1793,-0.3196,0.2270,39.13
1788953784297,303.1516,15.1239,0.4824,0.7670,-0.2280,-0.5972,39.13
1788953784297,303.0452,15.1317,0.3913,-0.6066,0.5962,0.2880,39.13
1788953784297,307.9572,14.6367,0.2493,0.3702,-0.4111,0.6543,39.13
1788953784297,303.1312,15.1167,0.9774,1.0112,-0.0448,-1.2077,39.13
1788953784297,303.4890,15.0781,1.3211,-1.3087,1.6340,0.3796,39.13
1788953784409,307.5178,14.6713,0.1276,0.3091,-0.1059,0.5017,39.14
1788953784409,310.4505,14.3760,1.6812,1.2249,0.1688,-1.6961,39.11
1788953784409,310.2164,14.3957,1.7681,-1.3087,1.2677,0.1965,39.13
1788953784409,305.7136,14.8420,0.3886,0.2786,-0.6248,0.1354,39.12
1788953784409,310.2141,14.3888,0.8311,0.0649,0.3825,-0.7193,39.12
1788953784409,306.1277,14.7943,1.1388,-1.2476,0.1383,0.8680,39.08
1788953784409,306.9071,14.7130,0.4697,0.5228,-0.2280,0.1659,39.15
1788953784514,309.9366,14.4068,0.4586,-0.1793,0.0162,-0.2004,39.13
1788953784514,307.8851,14.6087,0.5617,-0.0572,-0.1059,0.7154,39.13
1788953784514,305.0117,14.8924,0.2631,0.5839,-0.2890,-0.2614,39.15
1788953784514,304.1689,14.9737,0.5588,-0.9729,0.5657,-0.1698,39.13
1788953784514,305.1459,14.8726,0.3321,0.2176,-0.7164,0.9291,39.12
1788953784514,304.6594,14.9185,0.9628,1.1944,0.2299,-0.9940,39.13
1788953784514,303.7895,15.0025,1.1113,-1.7666,1.3593,0.1049,39.13
1788953784616,307.5112,14.6261,0.2777,0.4312,-0.3806,0.5322,39.08
1788953784616,309.3300,14.4413,1.1874,0.7975,0.1688,-1.3298,39.13
1788953784616,308.3737,14.5337,1.5542,-1.4918,0.8404,0.4712,39.12
1788953784616,305.2466,14.8429,0.2722,0.8281,-0.5943,0.6543,39.15
1788953784616,309.3266,14.4322,1.0086,0.1870,0.4741,-0.5361,39.12
1788953784616,308.6330,14.4985,0.8438,-0.6982,0.6267,0.3186,39.13
1788953784616,305.5138,14.8073,0.3844,0.6144,-0.4722,0.3186,39.15
1788953784731,308.1443,14.5414,0.4285,0.0039,-0.1059,-0.4446,39.13
1788953784731,306.1282,14.7403,0.5329,-0.3929,0.2909,0.5017,39.19
1788953784731,303.3742,15.0129,0.3356,0.3397,0.1994,-0.2919,39.14
1788953784731,304.5037,14.8968,0.0876,0.0649,0.0773,0.5628,39.14
1788953784731,306.0472,14.7392,0.1712,0.4312,-0.1364,0.6543,39.11
1788953784731,305.7090,14.7700,0.5215,0.7975,-0.0143,-0.2919,39.12
1788953784731,301.7250,15.1659,0.8871,-1.2782,1.1762,0.4712,39.13
1788953784731,305.3752,14.7978,0.5423,0.0344,-0.7469,0.6238,39.15
1788953784731,304.8621,14.8466,0.8391,0.6144,0.5046,-0.9024,39.13
1788953784731,307.2794,14.6021,1.1237,-1.3697,0.9320,0.1049,39.13
1788953784731,305.2809,14.7984,0.1711,0.3702,-0.3196,0.4101,39.12
1788953784731,307.4569,14.5788,1.4443,0.7975,0.9930,-0.7803,39.15
1788953784731,307.7714,14.5446,1.0740,-0.7898,0.8099,0.5933,39.19
1788953784731,304.4996,14.8683,0.2307,0.1260,0.0162,0.0438,39.13
1788953784846,306.1925,14.6969,0.9022,0.0039,0.7183,-0.5972,39.12
1788953784846,306.8843,14.6252,0.7615,-0.6982,0.0773,0.2880,39.13
1788953784846,305.3363,14.7773,0.4865,0.2786,-0.1975,-0.0783,39.14
1788953784846,302.9930,15.0090,0.4179,0.0955,0.1688,0.4712,39.13
1788953784846,307.9106,14.5140,0.1678,0.0039,-0.2585,0.4101,39.21
1788953784846,303.1610,14.9860,0.5311,0.7060,-0.2280,-0.7803,39.15
1788953784846,302.6969,15.0294,0.5590,-1.0950,0.8709,0.1965,39.13
1788953784972,306.9220,14.6034,0.1412,0.3702,-0.3196,0.4712,39.13
1788953784972,301.8633,15.1076,1.4518,1.6522,-0.1364,-1.6351,39.16
1788953784972,302.3750,15.0535,1.4021,-1.7971,1.4814,0.2880,39.14
1788953784972,304.6646,14.8209,0.2190,0.0039,-0.3196,0.0438,39.12
1788953784972,308.5760,14.4277,1.3735,0.8586,0.2604,-1.2993,39.13
1788953784972,305.3306,14.7493,1.1959,-1.2782,0.5962,0.8375,39.12
1788953784972,305.9360,14.6862,0.5524,0.4618,-0.5943,0.3186,39.13
1788953784972,309.3541,14.3418,1.2799,0.5228,1.0235,-0.3530,39.13
1788953784972,307.5758,14.5165,0.7209,-0.7898,0.4741,0.4101,39.13
1788953784972,307.2932,14.5413,0.2473,0.0344,-0.4111,0.0744,39.13
1788953784972,306.5129,14.6165,0.9343,-0.0266,0.4130,-0.6888,39.14
1788953784972,304.1078,14.8539,-0.0630,0.1870,-0.0754,0.2880,39.10
1788953784972,303.9681,14.8655,0.6379,0.6449,0.1078,-0.4446,39.14
1788953785077,303.3489,14.9246,0.3921,-0.7592,0.9320,0.0133,39.13
1788953785077,307.1189,14.5443,0.0671,0.0039,-0.3806,0.1965,39.12
1788953785077,302.4303,15.0106,0.6144,0.7670,-0.0754,-0.7803,39.14
1788953785077,302.6614,14.9846,0.7754,-1.4613,0.9320,0.0744,39.14
1788953785077,305.9727,14.6504,0.1149,0.0344,-0.0754,0.1354,39.13
1788953785077,307.9097,14.4551,1.5157,1.4386,0.5046,-1.0856,39.13
1788953785077,307.4881,14.4946,1.4896,-1.5224,1.2372,0.8070,39.03
1788953785178,304.5414,14.7864,0.4203,0.2176,-0.6859,0.1049,39.12
1788953785178,307.4953,14.4889,1.2591,0.3702,0.5046,-0.8719,39.14
1788953785178,305.3835,14.6973,0.6764,-0.5456,0.2604,0.9291,39.13
1788953785178,305.0608,14.7271,0.5531,0.9196,-0.6248,0.5628,39.13
1788953785178,309.4051,14.2899,0.6475,0.0039,0.0162,-0.3835,39.13
1788953785178,306.3167,14.5958,0.4241,-0.8813,0.0467,0.0744,39.15
1788953785178,304.3798,14.7869,0.4453,0.7670,-0.3196,0.1965,39.13
1788953785179,301.6227,15.0602,0.3389,-0.4235,0.1994,-0.0783,39.13
1788953785179,305.2118,14.6989,0.1511,-0.0877,-0.2585,0.3186,39.14
1788953785179,304.1968,14.7982,0.4955,0.4618,-0.1669,-0.5361,39.12
1788953785179,302.0859,15.0069,0.5144,-0.4540,0.6572,0.7154,39.14
1788953785179,306.6685,14.5458,0.1108,0.0955,-0.3196,0.3491,39.17
1788953785179,300.6661,15.1443,1.1114,1.1944,-0.1059,-1.2688,39.14
1788953785179,302.2485,14.9838,1.0621,-1.4918,1.3288,0.4101,39.12
1788953785286,303.7267,14.8327,0.1308,0.2176,-0.2585,0.3491,39.12
1788953785286,306.1705,14.5870,1.3506,1.0723,0.7488,-1.1161,39.13
1788953785286,306.8068,14.5213,1.4483,-1.2782,0.5351,0.5628,39.24
1788953785286,304.2094,14.7783,0.3233,0.2481,-0.5332,0.0133,39.14
1788953785286,307.4152,14.4558,1.0075,0.0649,0.5046,-0.6582,39.14
1788953785286,306.7766,14.5173,1.0828,-0.9729,0.4436,0.4407,39.12
1788953785286,304.9412,14.6978,0.2031,0.4923,-0.1669,0.3796,39.14
1788953785389,306.9734,14.4923,0.6284,0.3091,0.3825,0.2270,39.14
1788953785389,305.2931,14.6579,0.4419,-0.0877,0.0162,0.1049,39.23
1788953785389,300.8544,15.1000,0.9450,0.8891,-0.6248,-0.6277,39.16
1788953785389,300.9988,15.0833,0.2373,-0.5150,0.5351,0.0744,39.15
1788953785389,305.6190,14.6185,0.0635,-0.0266,-0.1059,0.3186,39.12
1788953785389,302.8135,14.8970,0.9056,0.8891,-0.3501,-1.0856,39.12
1788953785389,303.3161,14.8441,0.6507,-1.0950,1.1762,0.1965,39.13
1788953785504,304.7430,14.6991,0.5702,0.0344,-0.7774,0.5017,39.12
1788953785504,300.8126,15.0905,1.7312,1.8964,0.2604,-1.9403,39.14
1788953785504,306.3771,14.5310,0.9904,-1.1866,0.6572,0.3186,39.12
1788953785504,305.5423,14.6115,0.3519,-0.1487,-0.5332,0.2270,39.13
1788953785504,304.6939,14.6941,1.0866,0.2786,0.7488,-1.0551,39.12
1788953785504,307.6870,14.3926,1.0893,-0.3014,0.5046,0.6543,39.11
1788953785504,304.1128,14.7474,0.6338,0.5228,-0.5332,0.0438,39.13
1788953785505,306.7766,14.4787,0.7940,0.0649,0.6572,-0.7803,39.13
1788953785505,308.7061,14.2829,0.2746,-0.0266,0.1688,0.2270,39.13
1788953785505,304.5715,14.6934,0.2632,-0.0266,-0.3196,-0.0783,39.13
1788953785505,302.2267,14.9255,0.3218,0.1260,0.1078,0.1354,39.13
1788953785505,304.9349,14.6526,0.2118,0.3091,-0.4111,0.6849,39.17
1788953785505,301.3011,15.0142,0.7022,1.0723,0.0162,-0.4140,39.13
1788953785505,300.8985,15.0522,0.3604,-0.6677,0.8709,0.3491,39.11
1788953785613,304.7484,14.6646,0.1907,0.4312,-0.4417,0.7154,39.16
1788953785613,301.7981,14.9577,0.9676,1.1638,-0.1364,-1.1161,39.14
1788953785613,303.4041,14.7947,0.5907,-0.8508,0.5351,-0.0783,39.13
1788953785613,304.1822,14.7147,0.4732,0.2786,-0.5638,0.6543,39.13
1788953785613,308.2702,14.3045,1.8121,1.4996,0.0467,-1.8793,39.13
1788953785613,305.7308,14.5554,0.6338,-0.2403,0.7183,0.7764,39.09
1788953785613,304.2880,14.6973,0.3439,0.2481,-0.4111,0.3186,39.14
1788953785724,306.0578,14.5181,0.8306,0.2481,0.5046,-0.6582,39.14
1788953785724,306.5388,14.4680,0.8243,-0.3319,0.4741,0.4712,39.19
1788953785724,304.2037,14.6992,0.4344,0.5839,-0.0448,0.2575,39.14
1788953785724,305.6908,14.5484,0.4848,-0.0572,0.1688,-0.4140,39.13
1788953785724,305.2229,14.5934,0.5701,-0.4540,0.1688,0.5933,39.16
1788953785724,302.8746,14.8261,0.4089,0.4007,-0.3196,-0.2309,39.14
1788953785818,301.5424,14.9577,0.3730,-0.2403,0.3520,-0.1088,39.13
1788953785818,306.2251,14.4870,0.1245,-0.0877,-0.2585,0.0744,39.14
1788953785818,301.4438,14.9634,0.5879,0.8891,-0.3196,-0.6582,39.13
1788953785818,301.9204,14.9140,0.5559,-0.8203,0.8099,0.3491,39.13
1788953785818,303.9981,14.7039,0.1966,0.2481,-0.5638,0.5322,39.18
1788953785818,301.1995,14.9825,1.0888,1.4386,0.0467,-1.2382,39.14
1788953785818,301.5580,14.9446,1.2502,-1.3392,1.5730,0.5017,39.12
1788953785931,306.0770,14.4895,0.1081,0.0955,0.0162,0.1659,39.15
1788953785931,307.1164,14.3841,1.1997,0.7060,0.1078,-1.1772,39.15
1788953785931,307.0683,14.3865,1.2111,-0.7592,0.7488,0.7154,39.15
1788953785931,301.5291,14.9379,0.3384,0.6754,-0.5332,0.2575,39.13
1788953785931,307.9326,14.2963,1.4967,0.2481,1.1151,-0.9024,39.14
1788953785931,308.1950,14.2676,1.0198,-0.5761,0.1994,0.2880,39.11
1788953785931,302.9166,14.7929,0.5626,0.7670,-0.6248,0.4101,39.14
1788953785931,306.0746,14.4751,0.8230,0.2481,0.3520,-0.3530,39.14
1788953785931,303.0349,14.7777,1.5391,-3.7812,-0.0143,0.0744,39.12
1788953785931,300.3511,15.0440,0.4127,0.2786,0.0162,-0.2004,39.13
1788953785931,302.6317,14.8137,0.2268,-0.1487,0.7488,0.1659,39.13
1788953785931,305.2160,14.5529,0.3349,0.0344,-0.2585,0.4407,39.14
1788953785931,302.9903,14.7732,0.5564,0.8891,-0.0754,-0.5361,39.14
1788953785931,302.9752,14.7727,0.7349,-0.6677,1.0235,0.6543,39.14
1788953786038,303.6352,14.7041,0.4028,-0.0877,-0.7164,0.5628,39.15
1788953786038,303.0329,14.7625,0.9080,0.7975,-0.1059,-1.0551,39.14
1788953786038,301.6456,14.8994,1.2511,-1.2171,1.2372,0.6238,39.13
1788953786038,304.3293,14.6279,0.2497,-0.0572,-0.4111,0.2575,39.13
1788953786038,305.2704,14.5322,1.1025,0.5533,0.5657,-1.1772,39.12
1788953786038,305.8599,14.4715,1.3121,-0.8203,0.4436,0.5933,39.08
1788953786038,302.4201,14.8132,0.3552,0.4312,-0.5638,-0.1088,39.13
1788953786134,306.0741,14.4464,0.9775,0.0955,0.4741,-0.8719,39.12
1788953786134,306.9380,14.3581,0.8795,-0.5761,0.1994,0.3796,39.13
1788953786134,303.6936,14.6802,0.3043,0.0344,-0.4111,0.1049,39.13
1788953786134,305.1413,14.5339,0.8406,-0.1182,0.4130,-0.4140,39.13
1788953786134,303.8641,14.6601,0.7785,-0.2403,0.3520,0.9291,39.09
1788953786134,299.3177,15.1129,0.1801,0.2786,-0.0143,-0.2919,39.13
1788953786134,302.9978,14.7429,0.2428,-0.1793,0.4436,0.1354,39.13
1788953786231,303.7225,14.6683,0.2125,-0.0266,-0.3501,0.3491,39.14
1788953786231,302.2104,14.8180,0.4856,0.5839,-0.1669,-0.7498,39.13
1788953786231,299.4935,15.0884,0.7901,-1.2782,1.2983,0.1965,39.13
1788953786231,303.0689,14.7292,0.2922,0.0955,-0.3501,0.5933,39.14
1788953786231,302.5565,14.7791,0.8135,0.6754,0.0773,-0.7803,39.13
1788953786231,300.4234,14.9909,1.1669,-1.4613,1.3898,0.1659,39.14
1788953786231,302.9335,14.7378,0.0747,0.0649,-0.3501,0.2880,39.13
1788953786349,305.9825,14.4320,1.4977,0.8891,0.2604,-1.2077,39.10
1788953786349,304.6699,14.5615,1.0141,-0.9729,0.6572,0.4407,39.15
1788953786349,301.5214,14.8742,0.1864,0.1565,-0.3501,0.0133,39.14
1788953786349,304.2023,14.6053,0.9010,-0.0266,0.5046,-0.8109,39.14
1788953786349,304.3576,14.5887,0.8920,-0.8203,0.1994,0.2880,39.13
1788953786349,302.0675,14.8164,0.5683,0.5228,-0.6859,0.0438,39.13
1788953786349,305.1244,14.5096,0.7319,0.2176,0.3520,-0.2004,39.14
1788953786349,305.8958,14.4310,0.3240,0.0955,-0.0448,0.3491,39.12
1788953786349,301.7527,14.8438,0.3147,0.4312,0.2604,-0.4140,39.14
1788953786349,300.6322,14.9548,0.5192,-0.3624,0.6267,0.1049,39.13
1788953786349,302.8121,14.7352,0.1594,0.1260,-0.1364,0.4407,39.16
1788953786349,298.4897,15.1672,1.1547,1.2859,-0.4417,-1.2077,39.13
1788953786349,298.5835,15.1567,0.5384,-1.3697,0.9014,0.1354,39.13
1788953786349,302.5211,14.7614,0.2949,0.0649,-0.5638,0.5933,39.13
1788953786438,299.9625,15.0170,1.1841,1.1944,-0.2585,-1.3908,39.14
1788953786438,299.7848,15.0337,0.9297,-1.3392,0.8709,0.2575,39.13
1788953786438,300.9463,14.9172,0.9877,0.0955,-1.1132,0.8375,39.12
1788953786438,306.6180,14.3498,1.8947,2.0491,0.6267,-1.7877,39.13
1788953786438,304.0741,14.6024,1.3588,-1.5529,0.9014,0.3186,39.16
1788953786438,303.8941,14.6184,0.2636,0.4312,-0.3806,0.4101,39.13
1788953786438,303.1537,14.6912,0.9746,0.7365,0.7488,-0.7803,39.13
1788953786439,305.0045,14.5049,0.9592,-0.5761,0.1994,0.5933,39.15
1788953786439,301.0190,14.9024,0.5977,1.1944,-0.5943,0.4712,39.14
1788953786439,302.7088,14.7329,1.1230,-0.0572,1.0235,-0.9940,39.13
1788953786439,304.2654,14.5764,0.6245,-0.4540,0.3825,0.3186,39.13
1788953786439,299.8597,15.0162,0.6953,0.5533,-0.6859,-0.2004,39.13
1788953786439,303.5331,14.6485,0.6609,-0.3014,0.4741,-0.3530,39.14
1788953786538,301.8555,14.8162,0.8879,-0.5761,-0.5027,0.6849,39.13
1788953786538,297.6604,15.2355,0.7222,1.3165,0.0162,-0.4446,39.13
1788953786538,296.9603,15.3051,0.3059,-0.2708,0.1078,0.2880,39.13
1788953786538,300.5136,14.9494,0.1938,0.0955,-0.4722,0.5933,39.17
1788953786538,296.7568,15.3256,0.9718,1.5607,0.1383,-1.1466,39.13
1788953786538,298.9012,15.1113,0.8340,-1.0645,0.9625,0.1965,39.13
1788953786538,299.0163,15.1003,0.9565,0.2481,-1.0827,1.2954,39.10
1788953786633,296.5044,15.3522,1.3651,1.5607,0.0162,-1.6656,39.13
1788953786633,298.2343,15.1791,0.8134,-0.9119,0.7488,0.8680,39.14
1788953786633,299.0853,15.0942,0.8451,0.2481,-1.1743,0.5933,39.12
1788953786633,298.6141,15.1421,1.2641,1.0112,0.9930,-1.0551,39.13
1788953786633,301.8110,14.8232,1.6933,-1.7360,1.5119,1.0512,39.13
1788953786633,298.7771,15.1265,0.6531,1.1638,-0.6859,0.4407,39.13
1788953786633,301.2904,14.8756,0.8521,0.0344,0.8404,-1.1161,39.12
1788953786733,300.0211,15.0030,1.4181,-1.5224,0.3825,0.9901,39.18
1788953786733,298.0831,15.1970,0.6264,0.8281,-1.0827,0.0133,39.12
1788953786733,301.9807,14.8083,1.4426,-0.0572,0.9320,-1.5129,39.14
1788953786733,300.0108,15.0058,1.2734,-1.3087,0.2299,0.8680,39.17
1788953786733,296.9575,15.3114,0.7863,1.0417,-0.8690,-0.0477,39.14
1788953786733,300.7102,14.9374,1.4278,-0.0572,1.0541,-1.0245,39.12
1788953786733,300.5283,14.9563,1.1336,-0.9119,-0.0448,0.6543,39.13
1788953786837,298.6207,15.1476,0.9768,0.8586,-0.3501,-0.5056,39.12
1788953786837,302.2664,14.7834,0.8869,-0.2403,0.4130,0.1049,39.13
1788953786837,300.4962,14.9610,0.7803,-0.1487,-0.5943,0.5933,39.13
1788953786837,295.7709,15.4339,0.6736,1.1028,-0.0448,-0.8719,39.13
1788953786837,296.4405,15.3676,0.6103,-0.6677,0.7793,0.2880,39.13
1788953786837,298.6327,15.1491,0.6170,0.0039,-1.0827,0.8985,39.12
1788953786837,295.2072,15.4934,1.6926,1.8049,0.1078,-1.8793,39.13
1788953786935,295.9563,15.4191,0.9473,-1.6445,1.3288,0.1354,39.13
1788953786935,300.1676,14.9978,0.5086,0.0039,-0.9301,0.5933,39.15
1788953786935,296.8365,15.3319,1.4442,1.4386,-0.1364,-1.8487,39.14
1788953786935,297.3690,15.2790,1.1439,-1.7360,1.4814,0.3186,39.14
1788953786935,298.0675,15.2102,1.1434,0.5533,-1.5711,1.3869,39.11
1788953786935,294.3231,15.5862,2.0531,2.2322,0.2604,-2.2150,39.13
1788953786935,296.3485,15.3841,1.3925,-1.8581,1.2372,0.9901,39.14
1788953787041,298.9491,15.1246,0.6953,0.4618,-0.8690,0.2880,39.14
1788953787041,298.0314,15.2174,1.4383,0.7365,1.0846,-1.3603,39.13
1788953787041,300.8772,14.9341,1.8865,-2.1329,0.7488,1.1122,39.16
1788953787041,297.6013,15.2624,1.0244,1.6217,-1.1437,0.5628,39.13
1788953787041,300.9605,14.9277,1.8052,0.3091,1.8172,-1.7571,39.13
1788953787041,300.9618,14.9282,1.3994,-1.4308,0.1688,0.8680,39.11
1788953787041,297.9084,15.2339,0.8763,1.0723,-1.2353,0.1659,39.12
1788953787041,299.6107,15.0651,1.4798,-0.1182,1.2677,-1.7571,39.11
1788953787041,297.7805,15.2496,1.6218,-1.5529,0.2909,1.3564,39.13
1788953787041,296.5185,15.3771,1.3546,1.6522,-1.3879,-0.0783,39.13
1788953787041,300.6062,14.9696,1.1937,-0.4845,1.1762,-0.7498,39.12
1788953787041,300.4763,14.9836,1.0139,-0.1182,0.0162,0.8070,39.13
1788953787041,296.7685,15.3555,1.0150,1.1638,-0.5332,-0.8109,39.13
1788953787041,299.9143,15.0423,1.0164,-0.9424,0.7488,-0.1698,39.13
1788953787133,297.5444,15.2808,1.0083,-0.2098,-0.7164,1.2343,39.09
1788953787133,294.7590,15.5607,0.9045,0.9807,-0.0448,-1.6045,39.10
1788953787133,296.4497,15.3925,0.4843,-0.9119,0.5962,0.0438,39.12
1788953787133,296.9242,15.3462,0.6719,0.0649,-1.1743,1.1427,39.12
1788953787133,296.2570,15.4144,1.0662,1.5607,-0.1059,-1.6045,39.11
1788953787133,294.1508,15.6263,1.0370,-2.0413,1.6035,0.1049,39.12
1788953787133,297.1460,15.3281,0.9801,-0.0572,-1.4185,1.2038,39.09
1788953787227,297.1377,15.3302,1.1614,1.2554,-0.1669,-1.3908,39.13
1788953787227,295.3214,15.5129,1.2258,-1.5224,1.5425,0.5017,39.12
1788953787227,298.9016,15.1556,0.7063,0.4923,-0.8690,0.3186,39.12
1788953787227,294.4281,15.6050,1.8252,1.5912,0.1994,-2.1845,39.13
1788953787227,295.2831,15.5207,1.6397,-2.1634,1.3593,0.9596,39.13
1788953787227,298.8117,15.1681,0.5159,1.3470,-1.0827,0.5933,39.13
1788953787325,299.6102,15.0906,2.0669,1.2249,1.0235,-2.1845,39.13
1788953787325,299.2586,15.1271,1.8110,-2.1634,0.6267,1.5090,39.14
1788953787325,296.0347,15.4505,0.9589,1.3775,-1.3574,0.3491,39.18
1788953787325,300.3409,15.0218,1.9598,0.1260,1.8477,-1.9098,39.15
1788953787325,299.4654,15.1106,1.8041,-1.7360,0.5046,1.4175,39.26
1788953787325,296.7846,15.3796,0.9407,1.2249,-1.4185,-0.0172,39.15
1788953787325,299.8620,15.0735,1.6874,-0.0572,1.3593,-1.6961,39.11
1788953787429,299.0446,15.1565,1.3951,-1.0340,0.0467,1.5090,39.13
1788953787429,295.0963,15.5526,1.5350,1.9575,-1.6321,0.1659,39.13
1788953787429,301.0430,14.9593,1.8070,-0.1487,1.5730,-0.9940,39.13
1788953787429,301.9054,14.8736,0.9564,-0.1793,-0.2280,0.8985,39.06
1788953787429,296.8271,15.3824,1.3429,1.7743,-0.9301,-0.2004,39.12
1788953787429,300.6820,14.9978,0.9961,-0.9119,0.8099,-0.1698,39.13
1788953787429,297.1437,15.3533,1.4996,-0.6982,-0.7774,1.8448,39.12
1788953787519,294.3506,15.6340,0.8870,1.2859,0.0162,-1.1161,39.13
1788953787519,296.2397,15.4461,0.5067,-0.7592,0.5046,0.1354,39.13
1788953787519,297.8348,15.2878,0.8854,-0.1487,-0.8995,1.0206,39.19
1788953787519,296.5814,15.4141,0.9978,1.3775,-0.2890,-1.4824,39.13
1788953787519,296.1809,15.4557,1.2972,-1.4308,1.6951,0.4101,39.11
1788953787519,295.9893,15.4756,0.8585,0.2786,-1.4795,1.2954,39.12
1788953787519,296.3632,15.4400,1.5278,1.6828,-0.1059,-1.8487,39.12
1788953787520,294.6591,15.6117,1.5445,-1.8276,2.0309,0.6849,39.13
1788953787520,298.3413,15.2441,0.8524,0.4923,-1.3269,0.5322,39.12
1788953787520,295.3345,15.5464,1.6574,1.4080,0.9625,-1.8487,39.12
1788953787520,295.1846,15.5626,1.6727,-1.9497,1.3898,1.2343,39.13
1788953787520,298.1125,15.2706,0.6258,1.1333,-1.2048,0.2880,39.14
1788953787520,299.6372,15.1205,2.3123,1.7438,1.0846,-2.0319,39.13
1788953787520,300.5003,15.0355,2.0524,-2.1939,1.2983,1.6311,39.13
1788953787625,296.0679,15.4794,0.7623,1.4386,-1.4795,0.2270,39.12
1788953787625,300.1854,15.0695,2.0485,0.2481,1.4814,-2.1540,39.11
1788953787625,297.8382,15.3053,1.3760,-1.4003,0.5046,1.8143,39.12
1788953787625,297.7140,15.3187,0.9234,1.2554,-1.2658,0.1049,39.14
1788953787625,301.3037,14.9610,1.5065,0.0344,1.6646,-1.4214,39.14
1788953787625,298.0284,15.2894,1.3021,-1.4918,0.0162,1.1122,39.14
1788953787625,296.8982,15.4037,1.2587,1.2859,-0.9606,-0.1698,39.14
1788953787729,298.3543,15.2595,1.5786,-0.4235,1.7256,-1.2077,39.12
1788953787729,299.3957,15.1569,1.2451,-0.8508,-0.1975,1.0512,39.10
1788953787729,296.9160,15.4062,1.3474,1.3775,-1.0216,-0.4751,39.13
1788953787729,300.0267,15.0958,0.7427,-0.5150,0.9625,0.3186,39.14
1788953787729,299.1941,15.1805,1.0096,-0.1487,-0.5638,1.3564,39.17
1788953787729,294.9182,15.6091,0.7725,1.6522,0.0467,-0.8719,39.13
1788953787729,294.3785,15.6641,0.6602,-1.0034,0.9930,0.1965,39.14
1788953787825,299.0698,15.1966,0.7310,-0.0266,-1.2353,1.0206,39.24
1788953787825,294.4776,15.6574,1.1786,2.1101,0.1383,-1.3603,39.15
1788953787825,293.9037,15.7164,1.0599,-1.8887,1.8172,0.2270,39.13
1788953787825,296.8509,15.4233,0.8895,0.1260,-1.4795,1.2954,39.14
1788953787825,294.9637,15.6139,1.5013,1.6828,-0.0448,-2.0014,39.13
1788953787825,294.2085,15.6909,1.2904,-1.8581,1.7256,0.5017,39.12
1788953787825,298.1619,15.2968,0.9786,0.3702,-1.2964,0.6849,39.13
1788953787917,293.5632,15.7587,1.8337,1.5912,0.1078,-2.1540,39.13
1788953787917,294.6050,15.6561,1.6194,-2.3160,1.2677,0.6849,39.13
1788953787917,297.3912,15.3787,0.9217,0.8891,-1.3269,0.2270,39.11
1788953787917,293.3940,15.7813,2.7192,2.1406,0.7488,-3.0697,39.12
1788953787917,299.2804,15.1937,2.1473,-2.4992,1.4204,1.6006,39.13
1788953787917,296.0270,15.5199,0.8553,1.1028,-1.5406,0.0133,39.13
1788953787917,298.6612,15.2584,1.5739,0.3091,1.4509,-1.6961,39.13
1788953788011,295.6438,15.5619,1.6813,-2.3771,0.5046,1.8448,39.12
1788953788011,297.0962,15.4186,1.1836,1.6217,-1.5406,0.0438,39.14
1788953788011,299.9990,15.1304,2.1342,0.0039,1.6340,-2.1845,39.13
1788953788011,297.5396,15.3777,1.7248,-1.8887,0.3215,1.8448,39.12
1788953788011,298.2611,15.3067,1.2479,1.6828,-1.3269,0.3491,39.13
1788953788011,296.6529,15.4692,2.0212,-0.0877,2.0003,-2.1540,39.12
1788953788104,299.5989,15.1761,1.3844,-1.0340,-0.3196,1.0512,39.10
1788953788104,296.3379,15.5040,1.6701,1.6217,-0.9606,-0.3835,39.13
1788953788104,298.2050,15.3190,1.5163,-0.7898,1.5119,-0.9635,39.12
1788953788104,298.8766,15.2536,0.9828,-0.2098,-0.7164,1.1733,39.22
1788953788104,296.0372,15.5393,1.2188,1.6522,-0.3196,-0.8719,39.14
1788953788104,298.4051,15.3044,0.9757,-1.1255,0.7793,0.0133,39.12
1788953788104,296.7486,15.4722,1.0420,-0.1182,-1.2353,1.2648,39.13
1788953788105,293.5291,15.7964,1.4023,1.8049,-0.1059,-1.8793,39.13
1788953788105,293.5945,15.7915,0.8502,-1.2171,1.3288,0.1049,39.13
1788953788105,296.9441,15.4583,0.7814,0.3397,-1.1132,1.6006,39.15
1788953788105,293.4662,15.8081,1.3119,1.7743,-0.1059,-2.1234,39.12
1788953788105,295.4561,15.6107,1.0621,-1.7971,1.5730,0.1049,39.12
1788953788105,296.4117,15.5169,1.0634,0.3702,-1.3269,1.8143,39.13
1788953788105,294.2358,15.7365,1.5700,1.9270,-0.0448,-2.0319,39.12
1788953788105,295.9535,15.5656,0.9499,-1.4613,0.9625,0.5933,39.12
1788953788105,296.1953,15.5430,1.1087,0.4923,-1.6016,1.1733,39.11
1788953788105,294.9693,15.6678,1.7530,1.4996,1.1151,-1.8487,39.13
1788953788105,293.5638,15.8106,1.9616,-2.5297,1.7561,0.9291,39.12
1788953788105,295.4125,15.6274,1.4720,0.9502,-1.9679,0.9596,39.13
1788953788105,296.0083,15.5698,1.5853,0.7975,1.0846,-1.9098,39.13
1788953788105,298.9090,15.2813,1.9297,-2.1939,1.1762,1.4785,38.99
1788953788105,296.7955,15.4935,0.6303,1.2859,-1.2048,0.3186,39.11
1788953788105,299.8524,15.1897,2.0135,0.1565,1.5119,-2.1845,39.12
1788953788105,298.9979,15.2763,1.5269,-1.6445,0.3825,1.7532,39.14
1788953788105,295.7061,15.6064,0.8284,1.2859,-1.5406,-0.1088,39.13
1788953788105,298.6853,15.3105,1.5986,0.0344,1.7561,-1.9098,39.12
1788953788105,298.2865,15.3522,1.6934,-1.3697,0.0467,1.6617,39.13
1788953788105,296.1822,15.5642,1.3204,1.5301,-1.5406,-0.0783,39.14
1788953788105,299.0451,15.2797,1.7413,-0.1793,1.5119,-1.4519,39.12
1788953788105,298.2794,15.3580,1.7185,-1.2782,-0.2585,1.4175,39.10
1788953788105,296.9208,15.4950,1.0547,1.3165,-0.5638,-0.5972,39.13
1788953788105,298.6553,15.3232,1.4781,-0.7287,1.1456,-0.7498,39.13
1788953788105,298.7379,15.3166,1.1697,-0.2403,-0.2890,1.4785,39.21
1788953788105,294.6577,15.7265,1.9057,2.1101,-1.0216,-1.3298,39.14
1788953788105,300.2135,15.1722,1.1136,-1.2476,1.0541,-0.0783,39.13
1788953788105,298.5400,15.3407,0.6462,0.0649,-1.0827,1.1427,39.12
1788953788105,295.8009,15.6161,1.3030,1.6828,0.2299,-1.7571,39.14
1788953788105,-1350.6747,95.0000,-0.4506,-24.2330,26.8172,-4.7181,38.97
1788953788105,-1031.3273,95.0000,-5.1176,2.9648,6.0602,-8.4727,13.49
1788953788105,-805.4438,95.0000,-7.5064,9.1309,-2.6700,-6.6412,9.73
1788953788105,-805.4438,95.0000,-2.2709,4.3384,-4.7762,-0.0477,8.95
1788953788105,-805.4438,95.0000,-2.6824,4.2469,-4.8373,-0.1698,8.88
1788953788105,-630.8022,95.0000,-1.8261,-4.4833,4.1371,0.1049,8.63
1788953788105,-630.8022,95.0000,-3.1203,-3.5981,-2.0900,6.4541,8.69
1788953788105,-630.8022,95.0000,-0.1029,3.2090,-6.4856,2.4858,8.76
1788953788105,-630.8022,95.0000,-1.9312,0.0344,4.2592,-4.4434,8.72
1788953788105,-511.8932,95.0000,-0.4950,0.5533,1.6646,-2.5203,8.63
1788953788105,-511.8932,95.0000,0.5397,-1.4003,-3.2805,4.8363,8.72
1788953788105,-511.8932,95.0000,0.9878,6.5973,-4.8373,-1.5740,8.68
1788953788108,-511.8932,95.0000,2.1021,-3.3539,3.6487,0.0438,8.60
1788953788108,-415.5297,93.2216,-3.3365,-3.8117,-5.7835,9.3540,8.79
1788953788109,-258.2152,77.7800,2.0058,-4.6359,5.0528,0.0744,8.79
1788953788109,-227.8162,75.0115,2.5787,-6.5895,6.6096,-0.1088,8.85
1788953788109,-227.8162,75.2752,-3.4283,-4.7275,6.3044,-1.4214,8.77
1788953788109,-200.9654,72.8405,-2.4304,-2.1634,5.6633,-2.0929,8.78
1788953788109,-200.9654,73.0902,2.2096,4.1553,-4.1352,0.0438,8.83
1788953788109,-174.1684,70.6495,-1.2825,4.5521,4.4729,-9.9684,8.73
1788953788110,-174.1684,70.8865,-0.6692,0.0039,-0.1059,-0.0477,8.61
1788953788110,-154.0006,69.0976,1.9312,3.7279,-3.2805,-0.0172,8.76
1788953788110,-139.2504,67.8494,-0.9108,7.1773,-8.0119,-0.4446,8.76
1788953788110,-139.2504,68.0683,-1.0984,3.0259,-4.1047,1.6922,8.74
1788953788110,-139.2504,68.2878,-3.3095,1.8659,-2.4868,0.7764,8.72
1788953788110,-122.4577,63.5455,0.8009,0.0344,-7.5845,7.3698,8.99
1788953788111,-122.4577,63.7573,-3.9479,-0.1487,-6.9435,6.4541,9.07
1788953788111,-122.4577,63.9688,-7.2666,-0.0877,-8.6529,8.1635,9.01
1788953788111,-122.4577,64.1802,-3.4874,-0.0877,-2.5479,2.2111,8.91
1788953788111,-91.4956,61.2930,3.4299,5.9257,-6.0888,-0.1698,8.95
1788953788111,-91.4956,61.4888,-0.3239,1.8659,-2.3037,-0.1393,8.99
1788953788111,-53.9989,57.9227,1.6958,6.0478,-0.2280,-6.2138,9.27
1788953788111,-25.5712,55.2561,0.7364,2.2627,-1.1437,-1.2382,8.93
1788953788112,-25.5712,55.4194,2.6240,-0.0572,7.4338,-7.4348,9.19
1788953788112,36.2557,49.3825,5.1330,-0.8508,1.3898,-0.2309,9.18
1788953788112,61.0909,47.0290,2.8716,-1.1866,0.0162,1.6922,8.06
1788953788112,85.4385,44.7091,3.4383,4.7353,-4.8373,-0.0477,11.40
1788953788112,102.6717,43.0885,6.6555,8.0625,-1.5406,-6.6412,11.79
1788953788112,116.4362,41.8057,6.9278,-0.0877,8.3190,-8.4727,12.63
1788953788114,141.2220,39.4116,4.7790,-3.6896,0.0162,3.6153,13.61
1788953788114,151.8610,42.0724,5.6436,0.6449,-6.8824,6.2404,13.96
1788953788114,180.4879,39.2752,5.7887,5.9257,-2.4258,-3.5581,12.66
1788953788114,189.9383,38.3873,5.1250,-1.9802,6.4875,-4.3213,13.27
1788953788115,212.4153,36.1878,4.9957,-4.4222,-1.0216,5.6604,15.09
1788953788115,235.2855,33.9382,6.8594,6.9941,-6.0888,-0.7498,17.68
1788953788115,259.5556,31.5359,6.6777,-1.8276,7.5254,-5.6033,20.42
1788953788115,293.1804,28.1850,6.4031,-2.7434,-4.1352,7.5835,24.13
1788953788115,-266.9281,84.2578,9.0602,14.9612,-6.2109,-8.7169,25.38
1788953788116,-37.6984,57.8372,9.0061,-5.7653,11.9210,-6.0307,13.47
1788953788116,65.3523,47.6704,7.6704,-7.4137,-0.0754,7.7667,12.14
1788953788116,135.2802,40.7781,10.3473,7.6962,-9.2023,1.1733,15.38
1788953788116,181.6933,39.9730,8.5572,-0.0572,8.8380,-8.8390,15.48
1788953788116,224.4347,35.7470,6.8506,-4.0254,-3.3110,7.5530,16.61
1788953788116,250.1678,33.2056,7.4364,7.9709,-2.7616,-5.1454,18.82
1788953788116,264.0976,31.8337,5.1904,-5.3380,5.9686,-0.3530,20.02
1788953788117,281.4524,30.1116,5.5565,0.4312,-5.9056,5.7520,22.08
1788953788117,294.7084,28.7914,6.7775,6.0173,2.2445,-8.1369,24.86
1788953788117,329.8173,25.2734,8.3518,-8.3295,3.9234,4.4700,28.91
1788953788117,359.6195,22.2722,8.5036,9.3751,-5.8141,-3.6802,35.37
1788953788117,387.4674,19.4523,6.1559,-6.3148,5.5107,1.5090,38.57
1788953788117,391.3122,19.0234,2.5226,2.1712,-2.3037,0.2270,39.05
1788953788118,392.8943,18.8178,1.8558,-2.0413,2.0003,-0.1698,39.13
1788953788118,399.4740,18.1098,0.7242,0.4923,-0.8385,0.5322,39.20
1788953788118,393.5037,18.6573,0.7429,-0.5761,0.2604,0.0744,39.15
1788953788118,398.4210,18.1171,0.3222,0.2176,-0.2890,0.3796,39.14
1788953788118,396.5702,18.2554,2.1651,0.2481,1.4814,-1.3298,39.11
1788953788118,391.3297,18.7332,1.1437,-0.0877,-1.1437,1.2954,39.13
1788953788119,393.9946,18.4221,3.0134,1.2249,0.8099,-4.0160,39.10
1788953788119,394.1535,18.3606,2.4416,-1.8581,0.0773,1.6617,39.13
1788953788119,387.8071,18.9497,2.0874,2.1406,-0.5943,-2.0319,39.13
1788953788119,393.4738,18.3368,2.6314,-2.3771,2.1224,1.0206,39.15
1788953788119,388.6212,18.7763,2.0865,1.9575,-1.9069,-0.1698,39.13
1788953788119,385.7990,19.0133,1.5900,-2.6213,2.3972,0.3186,39.13
1788953788119,389.3293,18.6145,1.2294,1.0723,-1.6016,0.2575,39.14
1788953788120,386.8841,18.8138,1.2963,-0.1182,0.9625,0.0438,39.12
1788953788120,388.8725,18.5711,2.0317,0.2481,-1.8458,2.0585,39.12
1788953788120,395.3501,17.8789,3.2683,1.0723,1.1456,-2.5203,39.14
1788953788120,389.8643,18.3828,2.1615,-1.3087,-0.7774,1.9669,39.12
1788953788120,385.5575,18.7696,2.6167,2.3848,0.3825,-2.9782,39.13
1788953788121,391.9329,18.0878,2.2030,-1.4613,0.3520,1.2954,39.14
1788953788121,384.9978,18.7375,2.2356,2.3848,-1.2964,-1.1161,39.13
1788953788121,390.9866,18.0949,2.5766,-3.0791,2.3361,0.4407,39.11
1788953788121,387.3063,18.4179,1.0800,1.0417,-1.4490,0.1049,39.12
1788953788121,383.6214,18.7431,1.0198,-1.5224,1.0235,0.1049,39.11
1788953788121,386.3505,18.4262,1.2281,0.2786,-1.1132,0.5628,39.18
1788953788121,391.5920,17.8587,1.6931,0.2481,1.0235,-0.8109,39.13
1788953788122,386.7147,18.3030,0.8976,0.3702,-0.7164,1.3564,39.14
1788953788122,390.0536,17.9267,3.0078,2.3543,0.6572,-2.9782,39.13
1788953788122,387.3055,18.1581,1.8463,-1.7055,-0.1059,1.4175,39.11
1788953788122,380.7022,18.7763,1.9922,2.2322,-0.0143,-2.1234,39.13
1788953788122,386.4065,18.1622,1.5144,-1.7971,1.2067,0.7459,39.00
1788953788122,384.5112,18.3089,1.4477,1.2859,-1.5406,-0.1393,39.11
1788953788123,380.0329,18.7146,1.4093,-2.2550,1.6340,0.3796,39.12
1788953788123,384.3048,18.2448,1.1928,0.9807,-1.2658,0.6849,39.13
1788953788123,388.4595,17.7867,1.1615,-0.1182,0.4436,-0.4751,39.14
1788953788123,386.4973,17.9408,1.0295,0.0955,-0.9911,0.8070,39.16
1788953788123,387.3869,17.8106,3.2368,2.2017,1.1456,-2.7034,39.11
1788953788123,385.6205,17.9452,1.7916,-1.0645,0.1078,1.5090,39.13
1788953788123,378.7242,18.5934,1.8270,2.3848,0.2909,-1.8182,39.12
1788953788124,384.9659,17.9279,2.7532,-2.4076,1.8172,0.8985,39.12
1788953788124,381.0840,18.2750,1.9366,1.8659,-1.6321,-0.2004,39.13
1788953788124,377.6213,18.5803,1.3105,-2.2550,1.8172,0.2575,39.13
1788953788124,381.5909,18.1417,0.5474,0.8586,-0.3501,0.5322,39.15
1788953788124,385.5724,17.7028,1.5532,-0.1182,0.9625,-0.8719,39.14
1788953788124,381.9083,18.0281,0.7442,0.0344,-1.2048,0.9291,39.16
1788953788124,386.0012,17.5794,3.4332,2.2627,1.0235,-3.2224,39.12
1788953788124,384.3739,17.7010,1.9309,-1.5529,0.0467,1.0817,39.13
1788953788124,377.1851,18.3799,2.1929,2.4764,-0.3806,-1.6656,39.15
1788953788124,379.5142,18.1067,2.1196,-2.3771,1.5730,0.9596,39.13
1788953788125,380.3268,17.9856,1.5768,1.1944,-1.2048,-0.0783,39.13
1788953788125,377.1199,18.2665,0.9675,-1.5224,0.9625,0.1354,39.13
1788953788125,379.5746,17.9812,1.2467,0.3091,-1.2658,0.8680,39.13
1788953788125,380.4679,17.8525,2.4355,0.1260,1.8477,-1.8182,39.14
1788953788125,377.1666,18.1436,1.5301,-0.2098,-1.4490,1.5396,39.12
1788953788125,381.4299,17.6785,2.4685,2.0796,0.4436,-2.7034,39.13
1788953788125,382.5564,17.5259,1.8146,-1.0034,0.2299,1.4785,39.13
1788953788125,373.6382,18.3786,1.4196,1.4996,-0.7774,-0.9635,39.12
1788953788125,373.9706,18.3067,2.2296,-2.8349,2.5498,0.4407,39.12
1788953788125,375.8316,18.0812,1.0164,1.3470,-1.4490,0.1354,39.13
1788953788125,372.7506,18.3508,0.8270,-0.3929,0.2909,0.1659,39.13
1788953788125,378.3387,17.7533,0.7834,0.2176,-0.9301,0.9901,39.13
1788953788126,379.1735,17.6319,2.8499,1.4386,1.1456,-2.4592,39.13
1788953788126,375.9346,17.9175,1.7182,-1.3087,-0.1364,1.3869,39.13
1788953788126,370.6823,18.4052,1.9551,2.2017,0.1688,-2.6119,39.13
1788953788126,377.2299,17.7117,1.6039,-1.4613,0.8404,0.8070,39.12
1788953788126,374.9424,17.9027,1.5440,1.4996,-1.5711,0.1965,39.10
1788953788126,371.1526,18.2439,1.0770,-1.6750,1.6035,0.0133,39.13
1788953788126,375.3881,17.7824,1.2825,0.8891,-1.1437,1.3869,39.13
1788953788126,378.7260,17.4107,1.2980,0.0039,0.7488,-0.6582,39.13
1788953788126,377.0557,17.5402,1.1238,-0.1182,-0.5943,1.2038,39.11
1788953788126,378.1001,17.3990,2.4207,2.5680,0.5657,-2.3982,39.12
1788953788126,376.3826,17.5332,1.9484,-1.5529,0.2909,1.1733,39.13
1788953788126,370.4244,18.0917,1.1031,1.2554,-0.6859,-0.5667,39.18
1788953788127,370.3169,18.0658,1.3578,-1.8581,1.4204,0.4407,39.13
1788953788132,372.6340,17.7973,1.2661,1.1333,-1.0216,0.5322,39.13
1788953788132,378.2777,17.1959,1.3551,-0.0572,0.9014,-0.5667,39.14
1788953788132,374.9872,17.4885,0.9674,0.1870,-0.8080,1.1427,39.11
1788953788132,376.2508,17.3259,2.4296,1.7743,0.4741,-2.5203,39.11
1788953788133,374.6228,17.4520,1.7602,-1.3697,0.2299,1.2954,39.12
1788953788133,367.6168,18.1169,2.4030,2.7817,-1.0827,-1.1466,39.13
1788953788133,367.1523,18.1276,2.1659,-2.5602,2.6414,0.6849,39.13
1788953788133,371.3070,17.6755,0.9136,0.9196,-1.1743,0.2270,39.15
1788953788133,369.1071,17.8592,0.8453,-0.2708,0.1078,0.1965,39.14
1788953788382,369.8618,17.7490,1.5396,-0.0572,-1.4185,1.5396,39.14
1788953788382,374.5429,17.2461,3.4237,2.1712,0.7488,-3.5276,39.13
1788953788382,370.9163,17.5734,2.0204,-1.6750,0.0773,1.9059,39.12
1788953788382,367.2306,17.9064,1.0536,1.4996,-0.1669,-1.0856,39.13
1788953788382,372.9364,17.3010,2.2811,-2.8655,2.2140,0.4712,39.04
1788953788382,369.6648,17.5926,1.4558,1.0723,-1.6321,0.0744,39.10
1788953788382,365.6735,17.9569,1.2969,-0.5761,0.7183,-0.3835,39.11
1788953788382,371.6145,17.3272,0.5274,0.4312,-0.4111,0.9596,39.14
1788953788382,374.3120,17.0231,2.5869,1.5301,0.5962,-2.3371,39.13
1788953788382,370.2118,17.3980,1.4799,-1.3087,0.0162,1.1733,39.11
1788953788382,363.6156,18.0237,1.8914,2.1101,-0.5943,-1.7877,39.13
1788953788382,371.5713,17.1939,2.1142,-2.5602,2.5803,0.6849,39.15
1788953788382,368.8340,17.4330,0.9290,0.8586,-0.6553,0.1965,39.13
1788953788382,366.5565,17.6264,1.2869,-0.0572,1.0235,-0.0172,39.13
1788953788382,367.2459,17.5239,1.1619,0.0039,-1.5100,1.3259,39.14
1788953788382,373.1712,16.8979,3.0709,2.3543,0.7488,-2.1845,39.14
1788953788382,367.8391,17.3968,1.5309,-1.4613,0.0773,1.3259,39.14
1788953788382,365.2565,17.6211,1.1963,1.2249,-0.2585,-1.2382,39.12
1788953788382,363.3319,17.7803,1.8364,-2.2244,1.9698,0.5628,39.12
1788953788382,366.6809,17.4115,1.1127,0.9502,-1.4490,0.1659,39.12
1788953788490,363.9645,17.6496,1.1494,-0.1793,0.3520,-0.3225,39.13
1788953788490,368.2297,17.1898,0.7894,-0.1793,-0.8080,0.5933,39.11
1788953788490,371.7942,16.8007,2.5543,2.0491,0.4741,-2.2150,39.13
1788953788490,368.8082,17.0654,1.4111,-0.8508,0.1383,0.9291,39.13
1788953788490,362.2090,17.6921,0.9025,1.3470,-0.0448,-0.6888,39.13
1788953788490,361.2681,17.7542,1.5971,-2.2855,1.8172,0.2270,39.13
1788953788490,363.2428,17.5237,0.9480,0.9807,-1.2048,0.5628,39.13
1788953788601,368.6917,16.9464,1.3977,-0.0877,0.7488,-0.8109,39.12
1788953788601,366.9293,17.0901,0.6749,0.2786,-0.5027,0.9291,39.15
1788953788601,369.2929,16.8219,2.2540,2.2933,0.3520,-2.4898,39.13
1788953788601,367.2662,16.9917,1.7395,-1.3392,0.4130,0.7459,39.14
1788953788601,360.5706,17.6293,1.9707,2.2627,-1.9069,-0.3225,39.14
1788953788601,359.4679,17.7081,1.0156,-1.6445,1.2067,0.3796,39.13
1788953788601,361.9476,17.4277,0.7082,0.2481,-0.6248,0.2880,39.12
1788953788702,366.3155,16.9597,2.0085,0.1565,1.3898,-1.4214,39.13
1788953788702,363.4500,17.2153,2.2017,-1.6750,-0.4417,2.0585,39.13
1788953788702,358.3701,17.6921,1.6663,2.0185,0.2909,-2.0624,39.11
1788953788702,364.4379,17.0536,1.8546,-1.7666,1.3593,0.7764,39.07
1788953788702,362.7555,17.1900,0.9269,0.8586,-1.1437,0.1354,39.13
1788953788702,359.7626,17.4586,1.7334,-0.7287,1.4814,-0.9635,39.13
1788953788702,360.4038,17.3631,1.0279,0.2786,-1.3269,1.4175,39.13
1788953788708,363.9525,16.9778,2.3056,0.9807,1.2677,-2.3371,39.14
1788953788708,364.9880,16.8430,1.5095,-0.9424,0.1078,1.1733,39.13
1788953788708,357.0403,17.6068,0.8208,0.8586,0.1688,-0.9635,39.12
1788953788708,358.4278,17.4373,1.3609,-1.5529,1.7867,0.6543,39.13
1788953788708,359.4148,17.3074,0.8426,0.7060,-1.2353,0.1354,39.13
1788953788708,365.0441,16.7142,1.3978,-0.1793,0.6267,-0.6277,39.11
1788953788708,362.0527,16.9831,0.8294,-0.2098,-0.5943,0.5933,39.11
1788953788708,356.4042,17.5184,2.2003,2.4459,0.1994,-2.3982,39.12
1788953788708,360.7867,17.0498,1.5914,-1.1255,0.4741,1.3869,39.10
1788953788708,359.1541,17.1832,1.4664,1.2249,-1.4490,-0.1698,39.12
1788953788708,358.7219,17.1959,0.2646,-0.5456,0.4130,0.1659,39.14
1788953788708,359.8337,17.0546,0.9161,0.0344,-1.0827,0.8375,39.13
1788953788708,361.6795,16.8405,2.0205,0.4312,1.4814,-1.7877,39.13
1788953788708,360.8904,16.8899,1.6176,-1.7055,0.1688,1.0512,39.09
1788953788708,358.7816,17.0713,1.1461,0.8891,-0.4111,-0.9024,39.12
1788953788708,355.4064,17.3795,1.7165,-2.2855,1.8172,0.2880,39.12
1788953788710,359.0066,16.9889,0.2887,0.2481,-0.2585,0.0438,39.08
1788953788811,361.2691,16.7336,1.2907,0.2481,0.8099,-0.3530,39.12
1788953788811,360.4700,16.7842,0.4975,0.0955,-0.5027,0.5933,39.11
1788953788811,354.7353,17.3294,1.9337,1.8964,0.1688,-1.9098,39.13
1788953788811,361.0283,16.6711,1.9597,-1.5529,1.1151,0.5322,39.04
1788953788811,356.0624,17.1388,1.3199,1.4080,-1.2048,0.0438,39.12
1788953788811,352.5859,17.4577,0.5143,-1.0950,0.8404,-0.0477,39.13
1788953788903,359.6069,16.7266,0.7498,0.1870,-0.7164,0.6849,39.09
1788953788903,360.3183,16.6271,2.0671,0.7975,0.7488,-2.1234,39.14
1788953788903,358.8975,16.7403,1.2166,-1.0950,0.0467,0.9291,39.15
1788953788903,352.6869,17.3337,2.1452,2.2017,-1.1743,-1.0551,39.12
1788953788903,351.8251,17.3920,1.6720,-2.1939,1.9698,0.3186,39.14
1788953788903,355.1272,17.0331,0.8521,0.4618,-0.6553,0.1659,39.15
1788953788903,359.5149,16.5661,1.3534,0.0955,0.7488,-0.9330,39.16
1788953788904,355.6295,16.9272,1.6887,-1.1255,-0.6553,1.4785,38.94
1788953788904,351.1422,17.3487,1.8335,2.0796,0.0773,-2.3371,39.10
1788953788904,356.4313,16.7916,1.8265,-2.0108,1.2067,0.7154,39.17
1788953788904,356.2576,16.7809,0.8416,1.0417,-0.6248,0.3796,39.15
1788953788904,352.0520,17.1742,1.8117,-0.4845,1.2983,-0.9635,39.14
1788953788904,353.5274,16.9991,0.8286,0.4923,-1.1132,1.5396,39.14
1788953788910,358.2620,16.4985,1.7132,1.4080,0.2299,-2.1234,39.19
1788953789016,358.4041,16.4564,1.5009,-1.2782,0.3825,0.4712,39.13
1788953789016,354.2589,16.8430,0.8460,0.9807,-0.7469,0.0438,39.14
1788953789016,352.2141,17.0208,0.9092,-1.4613,1.0846,0.0744,39.15
1788953789016,354.7161,16.7432,0.6990,0.4312,-0.7469,0.7764,39.12
1788953789016,356.5428,16.5341,1.9783,0.9196,1.2067,-1.2688,39.14
1788953789016,357.9460,16.3666,0.8945,-0.6677,0.2909,0.3186,39.16
1788953789016,349.8202,17.1525,0.8348,1.1333,-0.3501,-0.8719,39.13
1788953789016,351.8576,16.9223,1.0045,-1.3392,1.0235,0.2270,39.13
1788953789016,353.1053,16.7709,1.0957,0.3702,-0.8690,0.3186,39.15
1788953789016,356.9929,16.3558,1.4555,-0.0572,0.5962,-0.8414,39.14
1788953789124,353.1819,16.7102,1.0513,-0.2098,-0.4111,0.9901,39.19
1788953789125,350.9818,16.9040,1.1834,1.4691,-0.1364,-1.2077,39.13
1788953789125,354.4909,16.5270,2.0280,-2.1634,1.9698,0.3186,39.12
1788953789125,351.9045,16.7592,0.9441,1.3165,-0.8080,0.6238,39.13
1788953789125,349.3476,16.9884,0.8225,-0.1487,0.7793,-0.2614,39.16
1788953789125,353.9574,16.5013,0.4538,0.0649,-0.3806,0.5322,39.15
1788953789125,348.1067,17.0611,1.7752,1.6828,0.2604,-1.8487,39.13
1788953789125,353.9576,16.4502,2.0012,-1.6750,0.8709,0.8375,39.24
1788953789125,349.8625,16.8337,0.8195,0.7365,-0.9911,-0.1088,39.15
1788953789125,347.3802,17.0565,0.4215,-0.6677,0.5046,0.0438,39.14
1788953789125,351.5277,16.6162,0.6568,0.2481,-0.5332,0.9901,39.23
1788953789243,353.8200,16.3622,2.3118,1.8049,0.6878,-1.8793,39.14
1788953789243,353.6693,16.3517,1.9417,-1.4003,0.3825,0.9291,39.05
1788953789243,347.3711,16.9557,0.6504,0.7365,-0.5638,-0.0172,39.15
1788953789243,346.7830,16.9897,0.7804,-1.3087,1.0846,0.1354,39.13
1788953789244,350.3029,16.6126,0.8714,0.1260,-0.9606,0.6543,39.13
1788953789244,352.8357,16.3355,2.3341,1.3775,1.1456,-1.6961,39.16
1788953789244,352.7007,16.3243,1.5760,-1.0340,0.2604,0.8985,39.12
1788953789244,345.9014,16.9793,1.3486,1.4386,-0.5332,-0.8109,39.09
1788953789244,347.0428,16.8406,0.8104,-1.0950,1.0541,0.6543,39.11
1788953789244,348.5746,16.6634,1.4186,0.5839,-0.9911,1.2648,39.13
1788953789244,352.9247,16.2044,2.4449,0.4618,0.8709,-2.0929,39.13
1788953789339,351.2727,16.3447,0.9666,-0.7287,0.1383,0.6543,39.15
1788953789339,346.7135,16.7764,1.1373,1.0112,-0.2585,-1.0551,39.14
1788953789339,346.1158,16.8125,1.6025,-2.0108,1.8782,0.2880,39.13
1788953789339,346.7637,16.7236,1.4146,0.7365,-1.6627,1.2038,39.12
1788953789339,351.5872,16.2171,1.5467,0.0649,1.0541,-1.0245,39.12
1788953789339,349.1370,16.4376,0.4625,-0.2403,-0.1975,0.0744,39.12
1788953789339,343.4262,16.9850,0.8301,1.0723,-0.1669,-1.0856,39.12
1788953789432,343.9240,16.9118,1.6463,-2.2244,1.9698,0.2880,39.13
1788953789433,344.7227,16.8077,0.5319,0.5839,-1.0827,0.1354,39.11
1788953789433,350.5725,16.1998,1.4942,-0.0572,1.3593,-1.0245,39.12
1788953789433,346.9460,16.5387,0.4606,-0.2098,-0.2280,0.1354,39.14
1788953789433,343.4915,16.8611,1.2106,1.4386,-0.3196,-1.3603,39.14
1788953789433,347.4170,16.4455,1.4632,-1.7360,1.1762,0.4712,39.13
1788953789433,346.6204,16.5019,0.8190,0.5839,-1.0216,0.2880,39.13
1788953789529,351.4505,15.9955,1.2008,0.2786,0.7183,-0.1088,39.13
1788953789529,346.6541,16.4516,0.6157,-0.0877,-0.5027,0.5322,39.13
1788953789529,344.6011,16.6340,1.2067,1.5607,0.2299,-0.9024,39.13
1788953789529,349.4953,16.1217,2.0293,-2.2550,1.7561,0.2880,39.11
1788953789529,345.5018,16.4975,0.7100,0.6449,-0.9606,0.0744,39.13
1788953789529,348.5039,16.1741,0.9511,0.3702,0.4741,-0.1698,39.12
1788953789529,347.5368,16.2482,0.5537,-0.0266,-0.2890,0.5628,39.06
1788953789624,340.9603,16.8835,1.3935,1.5301,-0.0448,-1.5129,39.12
1788953789624,346.5395,16.3033,1.9012,-2.1329,1.5119,0.3186,39.17
1788953789624,343.1346,16.6207,0.3773,0.8281,-0.5638,0.3186,39.14
1788953789624,346.3902,16.2732,1.2021,0.0344,0.8404,-0.6277,39.14
1788953789624,344.5562,16.4341,0.4410,-0.0877,-0.3501,0.5017,39.13
1788953789624,341.8914,16.6788,1.2838,1.5301,0.0467,-1.5740,39.13
1788953789730,347.5300,16.0927,2.1460,-1.9802,2.2751,0.8375,39.09
1788953789730,344.0497,16.4175,0.2984,0.4618,-0.0143,0.1354,39.13
1788953789730,347.0697,16.0936,1.1583,-0.0266,0.3825,-0.6888,39.12
1788953789730,345.2723,16.2512,0.4686,0.0344,-0.2890,0.6238,39.18
1788953789730,339.3344,16.8240,1.7736,2.2322,-0.0143,-1.6961,39.14
1788953789730,347.6740,15.9684,2.6096,-2.9570,2.6108,0.4712,39.11
1788953789730,341.8162,16.5317,0.6235,1.0723,-0.6553,0.5322,39.14
1788953789730,346.0328,16.0886,1.5712,0.1870,0.9320,-0.8109,39.12
1788953789730,342.7837,16.3923,1.4450,-0.3014,-0.6248,1.5701,39.13
1788953789730,338.4718,16.8026,1.4613,1.7438,-0.1059,-1.9098,39.16
1788953789730,344.1907,16.2091,1.4745,-1.8887,1.6646,0.4712,39.14
1788953789730,342.9423,16.3120,0.6031,0.7975,-0.5638,0.5017,39.13
1788953789730,343.9669,16.1883,1.6214,0.1565,1.1456,-1.2077,39.15
1788953789730,341.3424,16.4292,0.4042,0.3091,-0.0448,0.7154,39.12
1788953789818,340.8521,16.4575,1.5301,1.4386,-0.1364,-1.3603,39.13
1788953789818,345.9614,15.9258,1.8704,-2.1939,1.8477,0.1659,39.13
1788953789818,341.8109,16.3185,0.3057,0.6144,-0.6553,0.4101,39.12
1788953789818,345.0657,15.9723,1.0778,0.2481,0.7793,-0.5972,39.12
1788953789818,342.8665,16.1713,0.8056,-0.5761,-0.1059,0.4101,39.13
1788953789818,337.6767,16.6700,1.1026,1.3775,0.1078,-1.2688,39.13
1788953789818,336.8279,16.7346,1.4627,-2.2244,1.7561,0.2270,39.12
1788953789923,340.6003,16.3358,0.4779,0.5533,-0.4722,0.3796,39.13
1788953789923,343.0954,16.0662,1.6885,0.0955,1.3288,-1.2077,39.14
1788953789923,341.4554,16.2096,0.9703,-0.3929,-0.1059,1.2343,39.15
1788953789923,337.5521,16.5800,1.1154,1.2249,-0.2890,-1.1466,39.12
1788953789923,339.1107,16.4037,0.6595,-1.1561,0.7183,0.2270,39.13
1788953789923,340.5013,16.2440,0.6454,0.1260,-0.3196,0.3186,39.13
1788953789923,342.0419,16.0696,1.0521,0.1565,0.8709,-1.0245,39.13
1788953789923,342.2883,16.0250,1.3712,-1.0645,0.0467,0.9901,39.14
1788953789923,339.3112,16.3023,0.6490,0.6144,-0.1975,-0.3225,39.15
1788953789923,337.2090,16.4922,0.7084,-1.0034,0.7793,0.4407,39.13
1788953789923,342.3862,15.9538,0.1896,-0.0572,-0.3501,0.0744,39.12
1788953789923,342.6050,15.9130,2.0558,0.9196,0.6267,-1.7571,39.13
1788953789923,341.5937,15.9942,1.1928,-0.8813,0.2299,0.8680,39.13
1788953789923,336.5950,16.4742,0.7517,0.8891,-0.2890,-0.3835,39.14
1788953790019,335.6656,16.5479,0.5403,-1.0645,0.9014,0.1049,39.14
1788953790019,338.6638,16.2284,0.7147,0.0344,-0.6859,0.5017,39.14
1788953790019,341.8488,15.8910,1.9000,1.3165,0.2909,-1.6961,39.13
1788953790019,341.8558,15.8709,1.8823,-1.4613,0.2604,0.8070,39.20
1788953790019,338.1931,16.2171,0.6436,0.4312,-0.7469,0.0744,39.14
1788953790019,336.0092,16.4162,0.4785,-0.4540,0.8404,0.1049,39.12
1788953790019,338.8455,16.1130,0.4596,-0.0266,-0.7774,0.5017,39.10
1788953790122,341.9154,15.7882,2.4038,2.5069,0.5962,-2.3677,39.13
1788953790122,340.2173,15.9387,2.1842,-2.0413,1.1762,0.4101,39.12
1788953790122,337.4717,16.1938,0.9122,1.1944,-1.1743,0.5017,39.10
1788953790122,341.3141,15.7904,0.7733,-0.1182,0.0773,-0.2004,39.13
1788953790122,337.1912,16.1844,1.0739,0.0649,-0.8080,1.3564,39.14
1788953790122,334.5025,16.4348,1.4242,1.6828,-0.1364,-1.8182,39.14
1788953790122,339.7797,15.8881,1.6441,-1.8887,1.6951,0.3491,39.14
1788953790122,338.0483,16.0418,0.5080,0.4312,-0.4722,0.2575,39.14
1788953790122,338.5157,15.9763,1.5304,-0.1487,1.1456,-1.3298,39.13
1788953790122,335.9674,16.2123,0.4812,-0.0572,-0.1669,0.3186,39.29
1788953790122,335.1089,16.2803,1.4458,1.7438,-0.0448,-1.1466,39.16
1788953790122,335.2526,16.2473,1.1639,-1.7055,1.2983,0.2575,39.13
1788953790122,337.4877,16.0042,0.2482,0.0649,-0.5638,0.2880,39.18
1788953790122,339.3947,15.7954,1.4591,-0.0266,0.7183,-1.2688,39.18
1788953790214,338.3927,15.8773,0.9806,-0.9729,0.0467,0.5017,39.13
1788953790214,332.0000,16.4986,0.9420,1.1638,-0.1669,-0.6582,39.12
1788953790214,332.8654,16.3944,0.7710,-1.4308,1.2067,0.1354,39.13
1788953790214,336.8577,15.9764,0.3941,0.4923,-0.5638,0.8375,39.13
1788953790214,338.8859,15.7563,1.8665,1.1944,0.3825,-2.0319,39.15
1788953790214,336.6420,15.9625,1.3103,-1.3697,0.2299,0.8985,39.14
1788953790214,336.1299,15.9956,0.8178,0.8586,-0.7164,0.2575,39.14
1788953790310,333.8959,16.2010,0.3204,-0.4845,0.0467,-0.0172,39.13
1788953790310,335.7680,15.9958,0.4827,0.3397,-0.8690,1.0206,39.10
1788953790310,337.5556,15.7996,1.3126,1.2249,0.5046,-1.2077,39.12
1788953790310,338.2943,15.7082,1.9563,-1.6139,1.2372,0.4407,39.12
1788953790310,335.3509,15.9845,0.7544,0.7975,-0.8385,0.1965,39.13
1788953790310,336.5410,15.8476,0.6120,-0.3319,0.4130,-0.5361,39.13
1788953790311,336.5115,15.8333,0.5726,0.0649,-0.5638,0.5933,39.19
1788953790311,330.5604,16.4113,1.0761,1.4386,0.1688,-1.3298,39.14
1788953790311,337.9653,15.6539,1.7201,-2.1634,1.8477,0.5017,39.13
1788953790311,333.7917,16.0527,0.2624,0.4312,-0.3806,0.3491,39.13
1788953790311,336.8432,15.7308,1.0618,-0.0266,0.6572,-1.0551,39.14
1788953790311,337.0441,15.6936,0.9162,-0.5150,-0.0448,0.5322,39.09
1788953790311,330.5951,16.3217,0.6378,0.7365,-0.3196,-0.7193,39.12
1788953790402,329.9253,16.3721,0.8702,-1.1866,1.0235,0.3796,39.13
1788953790402,336.4577,15.7014,0.1784,0.3397,-0.0448,0.5322,39.14
1788953790402,337.4563,15.5851,1.7854,1.0417,0.3825,-1.5435,39.14
1788953790402,336.7542,15.6380,1.1089,-0.6677,0.3520,0.6543,39.19
1788953790402,331.2054,16.1763,1.4381,1.2554,-1.5406,-0.2004,39.13
1788953790402,329.0779,16.3723,0.4400,-0.3319,0.4741,0.3796,39.13
1788953790402,334.5840,15.8046,0.4093,-0.0877,-0.6248,0.5322,39.13
1788953790403,330.9906,16.1478,1.5377,1.4996,-0.0448,-1.5129,39.13
1788953790403,332.9183,15.9381,1.5701,-1.6445,0.9320,0.7459,39.09
1788953790403,332.8709,15.9264,0.8375,0.8281,-0.7774,0.3186,39.12
1788953790403,337.4042,15.4565,1.1814,0.1260,0.6878,-0.2919,39.17
1788953790403,333.9142,15.7891,0.8632,-0.4845,0.1078,0.8070,39.13
1788953790403,330.5623,16.1077,0.8436,1.4996,-0.2890,-0.5056,39.14
1788953790403,330.1799,16.1301,1.4722,-1.5834,1.7256,0.4712,39.14
1788953790410,332.7110,15.8601,0.8794,0.1260,-1.0827,0.6543,39.14
1788953790505,335.7434,15.5407,1.7957,0.5533,0.9320,-1.3298,39.13
1788953790505,336.9180,15.4063,0.8041,-0.5761,0.4741,0.3491,39.14
1788953790505,328.8102,16.2005,0.3901,0.3397,-0.1975,-0.0172,39.13
1788953790505,328.4369,16.2220,0.3757,-1.0340,0.7183,0.1049,39.14
1788953790505,332.2890,15.8210,0.4457,0.2786,-0.6248,0.8070,39.14
1788953790505,335.3273,15.5024,2.1077,1.8049,0.4436,-2.1234,39.14
1788953790505,335.5003,15.4690,2.1770,-1.7971,1.4204,0.4407,39.11
1788953790505,331.2981,15.8726,0.4744,0.5839,-0.6859,0.1659,39.14
1788953790505,333.8027,15.6066,1.2155,-0.1182,0.5657,-0.7803,39.13
1788953790510,331.1635,15.8549,0.7002,-0.1793,-0.1059,0.6238,39.22
1788953790520,327.8625,16.1697,1.0224,1.3470,0.1078,-1.0856,39.16
1788953790617,329.8274,15.9576,0.7935,-1.0950,0.9014,0.3491,39.14
1788953790617,330.0083,15.9237,0.6642,0.2786,-0.6553,0.3186,39.19
1788953790617,333.5454,15.5548,1.4062,0.0649,0.9320,-1.2077,39.13
1788953790617,334.1579,15.4778,0.8033,-0.0877,0.0467,0.7764,39.13
1788953790617,329.8916,15.8889,0.6409,0.3397,-0.4417,-0.2004,39.15
1788953790617,327.3937,16.1231,0.3613,-0.6371,0.8404,0.3186,39.14
1788953790719,331.3580,15.7112,0.2754,0.2786,-0.3196,0.5322,39.15
1788953790719,332.9363,15.5392,1.8216,1.6217,0.2299,-1.8793,39.13
1788953790719,333.7747,15.4400,1.6551,-1.2782,0.7488,0.6543,39.14
1788953790719,327.9033,16.0113,0.5059,0.5228,-0.7469,0.0133,39.09
1788953790719,332.3043,15.5565,0.8193,0.3091,0.4741,-0.1698,39.12
1788953790719,329.0814,15.8638,0.2773,-0.1182,-0.4111,0.2880,39.12
1788953790719,326.6584,16.0920,1.0996,1.1333,-0.2890,-1.4214,39.13
1788953790719,326.3321,16.1099,1.1544,-1.6445,1.2983,0.4101,39.13
1788953790719,329.0861,15.8191,0.2938,0.0955,-0.3196,0.2880,39.15
1788953790719,332.2007,15.4930,1.4619,0.3397,0.8404,-0.9940,39.14
1788953790823,332.0482,15.4934,0.9661,-0.3624,0.3825,0.9291,39.12
1788953790823,326.9286,15.9908,1.3476,1.3165,-1.2658,-0.1088,39.11
1788953790823,325.2607,16.1427,0.2609,-0.2098,0.5046,0.3491,39.12
1788953790823,330.4128,15.6123,0.1410,0.1870,-0.0754,0.5322,39.12
1788953790823,325.5806,16.0817,1.4954,1.5912,-0.0448,-1.7266,39.13
1788953790823,328.2971,15.7954,1.6910,-1.9192,1.1762,0.5933,39.15
1788953790823,328.9736,15.7135,0.7962,0.9502,-0.7164,0.4712,39.13
1788953790916,331.8225,15.4144,1.4134,-0.1793,0.7488,-0.8719,39.13
1788953790916,330.7582,15.5064,0.7089,-0.2403,0.5962,0.8375,39.09
1788953790916,326.7613,15.8917,0.6203,0.5839,0.0162,-0.7498,39.12
1788953790916,326.9147,15.8620,0.7720,-0.9729,1.0846,0.3186,39.13
1788953790916,327.5891,15.7800,0.8653,0.2176,-1.1437,1.2954,39.13
1788953790916,331.1694,15.4080,1.5302,1.2859,0.6878,-1.0245,39.10
1788953791013,331.3558,15.3748,1.2550,-0.8508,0.2604,0.4101,39.14
1788953791013,327.6617,15.7295,0.5965,0.6144,-0.8385,0.2880,39.13
1788953791013,331.7448,15.3069,0.4048,0.0039,0.1994,0.0438,39.14
1788953791013,329.0988,15.5578,0.3857,0.2481,-0.5332,0.7764,39.13
1788953791013,323.7764,16.0768,1.1994,1.4386,-0.1059,-1.5740,39.15
1788953791013,323.7571,16.0652,1.4411,-2.0413,1.5425,0.1965,39.12
1788953791013,326.6597,15.7602,0.2402,0.1565,-0.4111,0.2575,39.15
1788953791124,329.6477,15.4483,1.6157,0.4923,0.8099,-1.2382,39.16
1788953791124,327.8396,15.6153,1.0253,-0.7592,0.2604,1.0206,39.26
1788953791124,327.7218,15.6133,0.5755,0.4923,-0.1364,-0.0172,39.14
1788953791124,325.4065,15.8312,0.2147,-0.4845,0.4130,0.0133,39.13
1788953791124,327.5388,15.6041,0.2723,-0.0266,-0.0143,0.4101,39.14
1788953791124,325.9864,15.7463,1.0555,0.8281,0.1688,-1.0551,39.13
1788953791124,329.7191,15.3602,1.8667,-1.8887,1.4204,0.2880,39.14
1788953791223,325.9778,15.7205,0.7157,0.7670,-0.7469,0.2880,39.14
1788953791223,328.3937,15.4655,0.7685,0.2786,0.6572,-0.4446,39.13
1788953791223,328.9503,15.3966,0.7292,-0.2708,-0.0143,0.6543,39.13
1788953791223,321.7264,16.1056,0.6631,0.8891,-0.3196,-0.6277,39.15
1788953791223,323.7963,15.8857,0.5726,-1.0034,1.1762,0.1965,39.14
1788953791223,328.6053,15.3910,0.2087,-0.0266,-0.3501,0.1659,39.12
1788953791223,328.4106,15.3981,1.5359,1.4691,-0.0448,-1.3298,39.14
1788953791323,328.6253,15.3636,1.6573,-1.4613,0.7488,0.4407,39.10
1788953791323,325.2469,15.6881,0.4343,0.9196,-0.5332,0.5628,39.13
1788953791323,327.3513,15.4650,1.0215,-0.0572,0.6572,-0.6277,39.14
1788953791323,327.5506,15.4323,0.4227,0.1260,-0.5027,0.4101,39.12
1788953791323,321.8335,15.9913,0.6811,1.4386,-0.4111,-0.4751,39.12
1788953791323,322.2596,15.9363,0.9040,-1.6445,1.0846,0.1965,39.13
1788953791323,327.2635,15.4223,0.2390,0.0955,-0.2890,0.3491,39.13
1788953791427,328.6635,15.2709,2.4164,1.9270,0.7793,-1.9098,39.12
1788953791427,329.1537,15.2090,1.9062,-1.3697,0.8099,0.5322,39.07
1788953791427,324.4897,15.6622,0.7495,0.7670,-1.0216,0.2270,39.13
1788953791427,328.2418,15.2742,0.6410,0.0649,0.1078,-0.0783,39.14
1788953791427,324.4879,15.6376,1.0838,-0.4540,-0.6859,1.0817,39.19
1788953791427,320.8704,15.9874,1.1089,1.8049,0.2299,-1.1466,39.16
1788953791427,323.3892,15.7229,0.9399,-1.4003,1.1456,0.3491,39.13
1788953791518,326.0332,15.4453,0.3925,-0.0877,-0.1975,0.2270,39.13
1788953791518,325.2826,15.5079,1.2788,0.2786,1.1456,-1.2077,39.14
1788953791518,328.4268,15.1810,0.9639,-0.4235,0.3215,0.5322,39.13
1788953791518,323.5829,15.6530,0.9080,1.1944,-1.0827,0.4712,39.14
1788953791518,321.5135,15.8475,0.4809,-0.2098,0.0162,0.0744,39.13
1788953791518,325.8325,15.4029,0.1151,0.0344,0.0467,0.2575,39.15
1788953791518,321.1847,15.8558,0.9536,1.0723,0.3520,-1.2688,39.13
1788953791635,321.5363,15.8085,1.4007,-1.8887,1.9088,0.1049,39.13
1788953791635,322.9260,15.6570,0.2765,0.4007,-0.2585,0.3491,39.13
1788953791635,325.7076,15.3674,1.3955,0.7975,0.5351,-0.8109,39.12
1788953791635,327.1749,15.2086,1.0997,-0.7592,0.0467,0.4712,39.11
1788953791635,323.3877,15.5752,0.7283,0.7670,-0.6859,0.0438,39.14
1788953791635,321.9768,15.7043,0.3037,-0.3929,0.1994,-0.0783,39.14
1788953791635,324.2325,15.4669,0.5517,0.1565,-0.3806,0.9291,39.14
1788953791727,320.7746,15.8012,1.3343,1.5301,0.1078,-1.6656,39.13
1788953791727,325.7294,15.2931,0.7443,-0.9119,0.8709,0.2270,39.13
1788953791727,322.5750,15.5964,0.5099,0.7975,-0.6248,0.7764,39.12
1788953791727,325.4799,15.2944,1.2287,0.2786,0.9320,-0.8109,39.15
1788953791727,326.2699,15.2037,0.8256,-0.3929,0.2909,0.6238,39.13
1788953791727,322.8795,15.5310,0.7381,0.7365,-0.4722,0.4101,39.13
1788953791727,321.3340,15.6738,0.3046,-0.4540,0.3520,0.1965,39.13
1788953791821,325.2353,15.2718,0.1175,0.1565,-0.0448,0.3491,39.13
1788953791821,318.5815,15.9263,1.2625,1.4996,0.1994,-1.4214,39.13
1788953791821,326.0660,15.1666,1.5251,-1.8581,1.3288,0.1965,39.09
1788953791821,321.1246,15.6483,0.2468,0.2176,-0.4111,0.1049,39.12
1788953791821,324.0102,15.3492,1.3505,0.1870,0.7488,-1.2077,39.14
1788953791821,324.2062,15.3185,1.0296,-0.9119,0.0773,0.5933,39.14
1788953791931,321.1989,15.6080,0.8272,0.9807,-0.3806,-0.2004,39.14
1788953791931,318.9264,15.8240,0.2797,-0.5456,0.5657,0.0133,39.14
1788953791931,324.3459,15.2707,0.2400,0.2481,-0.5027,0.5322,39.10
1788953791931,319.8080,15.7135,1.1151,1.1638,-0.1669,-1.3298,39.12
1788953791931,325.4067,15.1426,1.4525,-1.7055,1.4814,0.3186,39.27
1788953791931,319.6656,15.7047,0.3208,0.4618,-0.5943,0.3186,39.15
1788953791931,326.0759,15.0534,1.6124,0.1260,0.5962,-1.3603,39.12
1788953791931,325.7730,15.0723,1.1357,-0.7592,0.0773,0.2575,39.12
1788953791931,321.2491,15.5134,0.8998,1.1638,-0.8080,0.3186,39.14
1788953791931,319.3065,15.6965,0.2887,-0.4235,0.1688,0.1965,39.13
1788953791931,321.5121,15.4657,0.8981,0.1870,-0.7774,1.1427,39.32
1788953791931,317.8097,15.8253,1.3280,1.5912,-0.0754,-1.8182,39.15
1788953791931,319.8133,15.6137,1.1344,-1.1866,1.0846,0.5322,39.14
1788953791931,321.9769,15.3857,0.3617,0.6144,-0.5027,0.6543,39.13
1788953792021,321.6511,15.4076,1.4193,0.3091,1.0846,-1.4519,39.13
1788953792021,324.2498,15.1368,0.8562,-0.4845,0.0162,0.5628,39.06
1788953792021,321.1259,15.4386,0.9992,0.9502,-1.0216,0.1049,39.12
1788953792021,319.0037,15.6397,0.4237,-0.3014,0.0773,0.0133,39.13
1788953792021,323.1171,15.2171,0.2252,0.1870,-0.3806,0.5017,39.13
1788953792021,319.0525,15.6129,0.8071,1.3165,0.1688,-0.5972,39.14
1788953792021,317.8632,15.7212,1.3434,-1.7666,1.4204,0.2575,39.14
1788953792137,320.1577,15.4807,0.3941,0.0649,-0.5027,0.0438,39.14
1788953792137,323.3103,15.1555,1.3008,0.3397,0.4436,-0.9330,39.18
1788953792137,323.3499,15.1412,1.1920,-0.8508,0.1688,0.6543,39.13
1788953792137,320.0278,15.4628,0.6637,0.4923,-0.8080,-0.0477,39.13
1788953792137,319.4538,15.5099,0.4735,-0.0572,0.0162,-0.0477,39.13
1788953792137,320.8049,15.3644,0.3816,-0.2098,-0.2890,0.3796,39.17
1788953792137,317.4653,15.6884,0.8154,1.1638,-0.2280,-1.1466,39.13
1788953792228,319.0879,15.5155,0.5869,-1.1255,0.5962,0.1965,39.12
1788953792228,319.5789,15.4559,0.4925,0.0955,-0.2890,0.2575,39.13
1788953792228,322.1521,15.1886,0.9358,0.4923,0.5657,-0.6582,39.13
1788953792228,323.0071,15.0930,1.3897,-0.9424,0.4130,0.5933,39.13
1788953792228,320.8297,15.3001,0.6195,0.7060,-0.6553,0.2880,39.14
1788953792228,321.9733,15.1753,0.4775,0.4618,0.0773,0.2880,39.13
1788953792228,321.5709,15.2057,0.3961,0.1260,-0.3501,0.4712,39.05
1788953792334,316.2588,15.7271,0.7840,1.4080,0.0773,-0.5056,39.11
1788953792334,317.3837,15.6049,0.7070,-1.2171,0.8404,0.3491,39.13
1788953792334,322.5307,15.0793,0.2487,0.1870,-0.1669,0.3796,39.13
1788953792334,321.2810,15.1951,1.4238,0.9502,0.7183,-1.5129,39.11
1788953792334,321.3909,15.1744,1.5721,-1.2171,0.5046,0.7764,39.17
1788953792334,318.7820,15.4253,0.6158,0.6754,-0.5027,0.0133,39.14
1788953792334,322.5234,15.0414,0.7765,0.4007,0.2604,-0.2004,39.13
1788953792423,321.7183,15.1119,0.4021,-0.2708,-0.1669,0.0744,39.13
1788953792423,317.0919,15.5645,0.3621,0.5839,0.1994,-0.5667,39.13
1788953792423,316.2413,15.6398,0.4709,-1.0340,0.8099,0.1659,39.14
1788953792423,320.9352,15.1599,0.1090,0.3397,-0.1059,0.4712,39.14
1788953792423,315.1373,15.7315,1.8660,1.7438,0.1688,-2.1234,39.13
1788953792423,322.8832,14.9470,2.2129,-2.0718,1.8172,0.3796,39.15
1788953792423,317.9123,15.4337,0.4263,0.7365,-0.3806,0.4712,39.10
1788953792520,322.0579,15.0100,1.2135,0.1260,0.5657,-0.7193,39.14
1788953792520,318.8652,15.3199,1.2608,-0.8203,0.0773,1.5090,39.12
1788953792520,319.0500,15.2920,0.8210,0.6449,-0.8385,-0.2004,39.13
1788953792520,317.7366,15.4135,0.2655,-0.3014,0.1688,0.4101,39.12
1788953792520,319.6331,15.2139,0.3220,0.0955,-0.6248,0.5322,39.14
1788953792520,318.6769,15.2998,0.8394,1.0723,0.2909,-0.8414,39.12
1788953792520,316.7037,15.4882,1.4369,-1.5834,1.2983,0.3186,39.12
1788953792612,317.9987,15.3490,0.9176,0.3702,-0.8690,0.6238,39.15
1788953792612,321.6253,14.9772,1.1953,0.3397,0.5962,-1.0551,39.13
1788953792612,321.7026,14.9598,0.9261,-0.8508,0.2299,0.4407,39.24
1788953792612,318.6757,15.2526,0.6123,0.2176,-0.5638,-0.0172,39.14
1788953792612,315.4431,15.5664,0.3909,-0.1793,0.0773,0.0744,39.14
1788953792612,319.2060,15.1809,0.1859,-0.2098,-0.0143,0.3186,39.21
1788953792709,314.6577,15.6270,0.9947,1.5607,-0.1669,-1.0245,39.15
1788953792709,314.9115,15.5924,0.8552,-1.4918,1.1762,0.3491,39.12
1788953792709,318.9254,15.1811,0.2985,0.0955,-0.2585,0.2575,39.10
1788953792709,319.4581,15.1197,1.6386,1.2554,0.2604,-1.6656,39.13
1788953792709,317.8918,15.2672,0.8366,-1.0645,0.1383,0.4407,39.11
1788953792709,317.2374,15.3238,0.5225,0.4923,-0.7469,0.0438,39.14
1788953792709,321.5040,14.8884,0.8967,0.0649,0.3520,-0.4446,39.14
1788953792710,317.3242,15.2970,0.2600,-0.1182,-0.1364,-0.0477,39.10
1788953792710,316.2076,15.4002,0.8299,1.2249,-0.3196,-0.1698,39.14
1788953792711,314.7240,15.5397,0.5477,-1.1561,1.0541,0.0133,39.13
1788953792711,317.6748,15.2355,0.3183,-0.0572,-0.2280,0.4712,39.10
1788953792711,316.7581,15.3186,0.8469,0.8891,0.2604,-0.7803,39.12
1788953792711,319.5190,15.0336,1.3476,-1.4613,0.9320,0.2270,39.02
1788953792711,316.2192,15.3542,0.3136,0.4007,-0.3806,0.2575,39.12
1788953792711,319.9026,14.9778,1.0667,0.1870,0.9930,-0.9024,39.14
1788953792711,318.6819,15.0913,1.0120,-0.6677,0.1078,0.8070,39.11
1788953792711,315.5647,15.3943,0.5672,0.4923,-0.4417,-0.2614,39.13
1788953792711,314.0224,15.5404,0.5996,-0.4235,0.2604,-0.0172,39.13
1788953792711,317.5029,15.1836,0.1339,-0.0572,-0.4111,0.3186,39.15
1788953792711,313.7182,15.5542,0.9330,1.1333,-0.2585,-1.1772,39.12
1788953792711,313.5254,15.5650,1.1040,-1.9802,1.4204,0.0438,39.12
1788953792711,317.0107,15.2068,0.3258,0.0039,-0.4722,0.1659,39.12
1788953792711,320.3301,14.8671,1.6983,1.1333,0.5351,-1.3908,39.13
1788953792711,319.4246,14.9489,1.3343,-0.8508,0.7793,0.5933,39.08
1788953792711,313.5341,15.5292,0.7636,1.0417,-1.1437,0.1354,39.13
1788953792711,320.3746,14.8373,0.8438,0.4312,0.3825,-0.2309,39.15
1788953792711,317.9277,15.0737,0.6139,-0.3624,0.1688,0.2270,39.14
1788953792711,313.8091,15.4774,0.8726,1.1638,-0.5027,-0.3530,39.12
1788953792711,314.1757,15.4323,0.3692,-0.9119,0.8404,0.1049,39.12
1788953792711,316.9707,15.1447,0.4948,0.1870,-0.6248,0.8375,39.13
1788953792711,312.1772,15.6165,1.7381,1.9575,0.1688,-2.1540,39.14
1788953792711,318.5019,14.9753,1.2000,-1.4003,1.4204,0.1354,39.13
1788953792711,316.9655,15.1200,0.4492,0.0039,-0.6859,0.1965,39.14
1788953792711,316.5724,15.1512,1.1657,0.1565,0.9320,-1.2688,39.13
1788953792711,319.1784,14.8822,0.7506,-0.6371,0.1994,0.1659,39.14
1788953792813,316.1218,15.1799,0.8047,0.8891,-0.2890,0.4712,39.13
1788953792813,313.5710,15.4267,0.5883,-0.2403,0.0467,-0.1088,39.15
1788953792813,318.0837,14.9669,0.1448,0.4007,-0.3806,0.6543,39.15
1788953792813,312.9366,15.4735,0.5294,0.8281,-0.2890,-0.8719,39.15
1788953792813,313.5006,15.4092,0.7925,-0.9119,0.9625,0.5628,39.14
1788953792813,316.4654,15.1045,0.4351,0.0039,-0.4722,0.1659,39.14
1788953792813,318.0233,14.9416,1.2549,0.9502,0.4436,-1.5129,39.14
1788953792912,319.3268,14.8034,1.8031,-1.4918,0.7793,0.1659,39.13
1788953792912,315.2601,15.2014,0.4593,0.2786,-0.6248,-0.0172,39.13
1788953792912,317.1856,15.0014,1.0502,-0.0877,0.5962,-1.0551,39.13
1788953792912,316.8362,15.0285,0.7188,-0.4845,0.2299,0.6849,39.09
1788953792912,312.3342,15.4709,0.4026,0.2176,-0.1669,-0.5972,39.15
1788953792912,313.9543,15.3010,0.1238,-0.4235,0.1994,0.0744,39.12
1788953792912,315.5538,15.1331,0.2138,0.1260,-0.3806,0.4101,39.11
1788953793017,314.2421,15.2568,0.7030,0.8891,0.4741,-0.6277,39.13
1788953793017,310.9658,15.5776,1.5904,-2.1939,1.7256,0.1354,39.13
1788953793017,314.4822,15.2178,0.2330,0.1565,-0.5332,0.1965,39.13
1788953793017,316.5329,15.0054,0.7943,0.1565,0.2604,-0.9330,39.15
1788953793017,316.9704,14.9541,0.8898,-0.6982,0.3215,0.3491,39.12
1788953793017,314.6308,15.1800,0.3974,0.2176,-0.4417,-0.0172,39.14
1788953793017,317.3764,14.8983,0.7941,0.0649,0.0773,-0.0783,39.14
1788953793017,317.1669,14.9117,0.2982,0.0344,-0.1059,0.4407,39.06
1788953793017,311.8651,15.4345,0.4615,0.6144,-0.0448,-0.6888,39.12
1788953793017,310.6136,15.5528,0.5725,-1.0645,0.8709,0.2880,39.13
1788953793017,315.3188,15.0746,0.2123,0.3091,-0.1364,0.4407,39.12
1788953793017,311.1355,15.4863,1.3935,1.5912,0.4741,-1.2382,39.13
1788953793017,316.7330,14.9195,1.6495,-2.0413,1.5730,0.1659,39.14
1788953793017,313.5707,15.2274,0.1758,0.2786,-0.3806,0.2575,39.14
1788953793129,317.1785,14.8598,1.2104,0.3091,0.8099,-0.9330,39.14
1788953793129,318.1163,14.7584,0.7816,-0.5150,0.5657,0.3491,39.12
1788953793129,311.9354,15.3693,1.0942,1.1638,-1.3879,0.1659,39.13
1788953793129,318.6669,14.6888,0.4717,0.2176,0.3520,0.3796,39.14
1788953793129,315.5327,14.9947,0.1172,0.0955,-0.3806,0.3186,39.09
1788953793129,312.5665,15.2844,0.8349,1.1638,-0.1669,-0.7803,39.12
1788953793129,312.1118,15.3224,0.5611,-1.0340,0.8404,0.3491,39.14
1788953793129,313.5290,15.1739,0.7563,0.4618,-0.9301,1.1733,39.10
1788953793129,318.2531,14.6951,1.9153,1.8354,0.1383,-2.1845,39.13
1788953793129,316.0954,14.9031,1.3950,-1.4613,0.9930,0.3491,39.12
1788953793129,315.1955,14.9853,0.2900,0.1870,-0.5638,0.2270,39.13
1788953793129,314.8270,15.0151,1.2029,0.0039,0.9625,-1.2993,39.11
1788953793129,317.5757,14.7329,0.5224,-0.0572,0.1383,0.4407,39.07
1788953793234,313.8474,15.0986,0.6933,0.5228,-0.4417,0.0438,39.12
1788953793234,312.3767,15.2387,0.6297,-0.4540,0.3825,-0.2309,39.13
1788953793234,315.6698,14.9017,0.1210,-0.0572,-0.2280,0.1049,39.15
1788953793234,310.3540,15.4266,0.7049,0.9502,-0.2585,-0.9940,39.13
1788953793234,311.0584,15.3494,0.9270,-1.1866,1.5425,0.5017,39.13
1788953793234,314.6384,14.9841,0.2028,0.0344,-0.2890,0.0438,39.13
1788953793234,315.0758,14.9343,1.3476,0.7670,0.2909,-1.4214,39.13
1788953793234,316.9607,14.7392,1.7712,-1.4918,0.9320,0.4407,39.12
1788953793234,313.2111,15.1068,0.4608,0.4923,-0.1059,0.2880,39.13
1788953793234,315.8877,14.8326,1.0284,-0.0572,0.3825,-0.6888,39.13
1788953793234,314.3834,14.9761,0.8470,-0.7592,0.1688,0.4101,39.14
1788953793234,313.1694,15.0908,0.5183,0.3397,-0.2585,-0.1088,39.16
1788953793234,312.1358,15.1875,0.2414,-0.4235,0.1078,-0.0783,39.13
1788953793234,313.7248,15.0217,0.1448,0.0344,-0.4111,0.2880,39.11
1788953793340,312.4087,15.1470,0.8096,0.7365,-0.0754,-0.7498,39.13
1788953793340,309.4825,15.4334,1.0084,-1.6445,1.1151,0.1049,39.13
1788953793340,312.7569,15.0992,0.4290,0.2481,-0.4111,0.5322,39.12
1788953793340,315.4586,14.8225,0.7087,0.2481,0.1688,-0.9024,39.14
1788953793340,313.6941,14.9924,1.1719,-1.1561,0.3520,0.5017,39.13
1788953793340,312.4921,15.1057,0.2979,0.4007,-0.2585,-0.0172,39.14
1788953793340,315.7856,14.7701,0.7849,0.1260,0.3215,-0.5361,39.12
1788953793340,314.8895,14.8531,0.6497,-0.4845,0.4130,0.1965,39.14
1788953793340,309.8828,15.3471,0.4750,0.6144,-0.3196,-0.3225,39.13
1788953793340,309.6599,15.3633,0.3678,-0.3624,0.4130,0.0133,39.13
1788953793340,312.8834,15.0345,0.1838,0.1565,0.0162,0.5017,39.14
1788953793340,309.5470,15.3622,0.8471,1.2249,-0.1669,-1.0856,39.13
1788953793340,309.5589,15.3547,1.0387,-1.3392,1.7561,0.5322,39.14
1788953793340,314.7000,14.8333,0.1464,0.0955,-0.1364,0.1659,39.16
1788953793429,316.1592,14.6819,1.6663,1.1638,0.0773,-1.5740,39.12
1788953793429,315.4883,14.7424,1.5088,-1.3392,0.6267,0.2575,39.14
1788953793429,310.1301,15.2713,0.5190,0.6754,-0.9606,0.0133,39.14
1788953793429,314.9415,14.7846,1.4505,0.0344,0.9930,-0.7803,39.12
1788953793429,316.1157,14.6607,0.6124,-0.3014,0.1688,-0.0783,39.12
1788953793429,310.6633,15.1997,0.9237,0.9502,-0.7774,-0.1393,39.13
1788953793429,310.2362,15.2362,0.2348,-0.4540,0.2909,0.0133,39.13
1788953793539,312.3179,15.0222,0.6755,0.2786,-0.5638,0.8985,39.16
1788953793539,309.0794,15.3402,0.9425,1.3165,0.1994,-1.3298,39.14
1788953793539,310.2172,15.2203,0.8645,-1.4308,1.2983,0.3186,39.13
1788953793539,314.0742,14.8276,0.1979,0.1260,-0.2890,0.3491,39.13
1788953793539,312.1096,15.0180,1.1891,0.6754,0.4741,-1.3908,39.15
1788953793539,315.7698,14.6461,1.7253,-1.1866,1.0235,0.6238,39.03
1788953793539,311.8110,15.0352,0.5800,0.4618,-0.8385,0.1354,39.12
1788953793539,314.3704,14.7732,0.8048,0.0344,0.4741,-0.9330,39.13
1788953793539,315.1724,14.6866,0.5150,0.0649,0.2909,0.5322,39.11
1788953793539,311.8795,15.0094,0.3192,0.6449,-0.1975,0.3491,39.13
1788953793539,308.8472,15.3069,0.2210,-0.3319,0.3520,-0.0172,39.12
1788953793539,312.3709,14.9487,0.1845,0.0955,0.0162,0.4101,39.12
1788953793539,308.7234,15.3082,0.9308,1.2554,0.3520,-1.0856,39.12
1788953793539,308.4752,15.3275,0.8394,-1.5834,1.0846,0.1049,39.14
1788953793636,312.2320,14.9451,0.2155,0.2481,-0.3196,0.5628,39.16
1788953793636,313.5858,14.8047,1.5855,1.3165,0.1688,-1.7571,39.14
1788953793636,312.3445,14.9226,0.7495,-0.9119,0.6267,0.5322,39.08
1788953793636,311.1568,15.0355,0.4194,0.2481,-0.7164,0.1659,39.13
1788953793636,314.6903,14.6766,1.0301,0.2481,0.8404,-0.4446,39.12
1788953793636,312.7719,14.8623,0.5939,-0.6371,0.5046,0.2880,39.13
1788953793742,310.3116,15.1027,0.7039,0.9196,-0.8995,0.3186,39.15
1788953793742,308.8251,15.2457,0.5861,-0.3014,0.2299,-0.1698,39.13
1788953793742,311.6515,14.9574,0.2224,-0.1182,-0.4417,0.2880,39.11
1788953793742,310.7339,15.0436,0.5046,0.6144,0.2604,-0.5361,39.14
1788953793742,309.0874,15.2026,0.6133,-0.9729,0.8709,0.3491,39.14
1788953793742,313.8356,14.7214,0.0478,0.3091,0.1078,0.4712,39.12
1788953793742,306.4666,15.4537,1.6237,1.6522,0.3215,-1.7266,39.14
1788953793844,313.4899,14.7456,1.5131,-1.2171,1.4204,0.5933,39.14
1788953793844,310.5291,15.0351,0.2055,0.2481,-0.3501,0.0744,39.12
1788953793844,312.7056,14.8126,1.2823,0.5839,0.8709,-0.4446,39.12
1788953793844,313.7433,14.7035,0.9417,-0.6371,0.1078,0.3796,39.13
1788953793844,310.0495,15.0672,0.4950,0.2786,-0.5027,-0.0172,39.14
1788953793844,313.2922,14.7378,0.5831,-0.0877,-0.1059,-0.3835,39.14
1788953793844,313.2545,14.7362,0.2326,0.0039,0.1688,0.2575,39.10
1788953793844,307.3465,15.3216,0.5125,0.6449,-0.1059,-0.7498,39.10
1788953793844,308.0180,15.2491,0.4504,-0.6677,0.5657,0.3796,39.11
1788953793844,311.8955,14.8556,0.3525,0.0649,-0.5027,0.3491,39.17
1788953793844,307.5658,15.2842,1.5213,1.9880,-0.1669,-1.1772,39.15
1788953793844,307.5894,15.2765,1.6264,-1.6750,2.0614,0.2575,39.12
1788953793844,310.1882,15.0102,0.3223,0.1260,-0.1364,0.0744,39.13
1788953793844,313.5676,14.6672,1.0777,0.6144,0.4436,-0.6888,39.11
1788953793951,310.3232,14.9862,1.3466,-1.4613,0.5962,1.0206,39.13
1788953793951,311.7300,14.8400,0.5182,0.5533,-0.3196,0.2270,39.13
1788953793951,313.4012,14.6676,0.9559,0.0039,0.5962,-0.5667,39.14
1788953793951,312.3918,14.7631,0.8805,-0.8508,0.0467,0.6238,39.15
1788953793951,308.2894,15.1673,0.2478,0.2481,-0.0448,-0.3835,39.15
1788953793951,309.1176,15.0796,0.7778,-0.5456,0.6572,-0.0477,39.13
1788953793951,309.7064,15.0149,0.3468,0.0039,-0.4722,0.5322,39.20
1788953794054,308.6394,15.1169,1.1266,1.3165,0.3825,-1.1772,39.13
1788953794054,308.7615,15.0994,0.9359,-1.5224,1.0846,0.1354,39.13
1788953794054,312.4399,14.7252,0.1141,0.0955,-0.3196,0.1965,39.16
1788953794054,313.0278,14.6617,1.3764,0.9196,0.1994,-1.3298,39.14
1788953794054,312.6601,14.6932,1.4373,-1.1255,0.6572,0.5322,39.14
1788953794054,308.2261,15.1309,0.4318,0.5839,-0.8080,0.0744,39.15
1788953794054,312.3232,14.7167,0.9116,0.2176,0.3825,-0.6582,39.13
1788953794150,314.0277,14.5409,0.6316,0.0344,0.5962,0.4101,39.10
1788953794150,308.7856,15.0600,0.5909,0.5533,-0.3806,0.0133,39.11
1788953794150,309.7032,14.9635,0.4655,-0.0572,0.0162,-0.0172,39.13
1788953794150,309.6416,14.9647,0.4630,-0.2098,-0.4417,0.5322,39.15
1788953794150,305.6621,15.3581,0.7098,0.9502,-0.2585,-1.0551,39.13
1788953794150,309.0074,15.0183,0.2572,-0.8813,0.1078,0.2880,39.14
1788953794150,309.9839,14.9153,0.3476,0.0649,-0.3196,0.4101,39.12
1788953794264,308.7749,15.0315,0.9176,0.4618,0.1383,-0.9940,39.11
1788953794264,312.7343,14.6309,1.5735,-1.5834,1.2372,0.3491,39.13
1788953794264,309.8752,14.9113,0.2106,0.6754,-0.2890,0.6238,39.13
1788953794264,311.0801,14.7860,0.6445,-0.1793,0.3825,-0.8719,39.14
1788953794264,310.4478,14.8449,1.0273,-0.4540,0.2909,0.9291,39.17
1788953794264,308.6039,15.0242,0.3831,0.3397,-0.3196,0.0438,39.12
1788953794264,311.4385,14.7366,0.7656,-0.0572,0.2604,-0.4751,39.12
1788953794265,311.8924,14.6865,0.4164,-0.1487,0.5046,0.1354,39.15
1788953794265,306.8326,15.1875,0.4013,0.5228,-0.1364,-0.4751,39.13
1788953794265,306.1903,15.2473,0.3755,-0.6677,0.7183,0.1354,39.13
1788953794265,309.9499,14.8662,0.2735,0.0344,-0.4417,0.3796,39.14
1788953794265,305.9261,15.2645,0.9572,1.2249,0.2299,-1.0551,39.13
1788953794265,306.6661,15.1860,0.9608,-1.2782,1.0846,0.6543,39.13
1788953794265,311.3488,14.7120,0.1809,0.1260,-0.4722,0.2575,39.13
1788953794362,312.0438,14.6388,1.5383,1.2249,0.1994,-1.6961,39.15
1788953794362,312.0595,14.6324,1.5147,-1.3392,0.8404,0.3186,39.20
1788953794362,306.3315,15.2002,0.4853,0.5228,-0.7164,0.0133,39.15
1788953794362,312.5551,14.5739,1.3533,-0.0266,0.5657,-0.8719,39.11
1788953794362,313.8508,14.4391,0.5789,0.0344,0.3825,0.1965,39.21
1788953794362,308.7827,14.9409,0.6704,0.4007,-0.6248,-0.1393,39.14
1788953794461,307.3848,15.0759,0.3242,-0.2098,-0.0448,0.0438,39.16
1788953794461,309.0365,14.9065,0.7321,-0.1793,-0.3501,0.6849,39.13
1788953794461,305.3073,15.2751,0.6335,1.1028,-0.1059,-0.6277,39.13
1788953794461,307.1265,15.0882,0.4723,-0.9119,0.7183,0.2270,39.14
1788953794461,310.6171,14.7341,0.2939,0.0649,-0.5027,0.3491,39.13
1788953794461,307.2844,15.0627,0.9915,0.8586,0.1078,-1.2077,39.12
1788953794461,311.5865,14.6284,1.3346,-1.1866,1.4509,0.4101,39.13
1788953794570,308.3481,14.9474,0.9170,0.6449,-0.8690,0.8070,39.13
1788953794570,311.0201,14.6760,1.2943,0.7365,0.8709,-0.7803,39.10
1788953794570,312.6679,14.5062,0.7657,-0.4845,0.2909,0.3186,39.05
1788953794570,309.5903,14.8085,0.2020,0.2786,-0.1669,0.2880,39.13
1788953794570,311.6749,14.5955,0.3682,-0.0572,0.1383,-0.2614,39.12
1788953794570,310.2664,14.7321,0.5696,-0.1487,-0.0754,0.7154,39.11
1788953794570,306.1115,15.1433,0.5709,0.5839,0.1994,-0.4751,39.13
1788953794570,304.7927,15.2711,0.2085,-0.6371,0.3520,0.0438,39.13
1788953794570,309.7645,14.7695,0.1937,0.3091,-0.1975,0.5322,39.11
1788953794570,304.8509,15.2568,0.7508,1.0723,-0.3196,-0.9635,39.13
1788953794570,307.9991,14.9376,0.5509,-0.7287,0.6572,0.3796,39.14
1788953794570,308.3343,14.8996,0.5861,0.1870,-0.4111,0.5933,39.13
1788953794570,311.7314,14.5563,1.6033,1.3165,0.3520,-1.8182,39.15
1788953794570,310.3885,14.6857,0.8316,-0.9119,0.3215,0.2575,39.11
1788953794668,308.2396,14.8959,0.3580,0.4007,-0.4111,0.3796,39.11
1788953794668,309.4411,14.7718,0.8892,0.3702,1.1762,-0.6888,39.14
1788953794668,310.2642,14.6857,0.9882,-0.6371,0.0162,0.6543,39.08
1788953794668,308.3321,14.8747,0.6068,0.4923,-0.2585,0.1049,39.11
1788953794668,310.2176,14.6817,0.2954,0.0039,0.1078,0.0133,39.14
1788953794668,309.4755,14.7520,0.4024,-0.2098,0.0162,0.1354,39.19
1788953794668,303.9368,15.3018,0.3720,0.4618,-0.3196,-0.5972,39.15
1788953794766,306.0420,15.0873,0.1590,-0.2098,0.1994,0.5017,39.14
1788953794766,311.0090,14.5860,0.1051,0.1870,-0.2890,0.4407,39.10
1788953794766,306.1628,15.0668,0.8615,0.9502,-0.1059,-0.8414,39.13
1788953794766,305.3853,15.1409,1.0380,-1.3697,1.1151,0.4101,39.14
1788953794766,308.4664,14.8283,0.2931,0.0344,-0.4111,0.1354,39.15
1788953794766,310.9557,14.5761,1.5236,1.0112,0.4130,-1.5740,39.13
1788953794766,311.4087,14.5267,1.8803,-1.4308,1.4814,0.5628,39.13
1788953794858,307.4980,14.9126,0.2975,0.1565,-0.4417,0.1354,39.13
1788953794858,311.2419,14.5343,0.7316,0.0649,0.1994,-0.7193,39.12
1788953794858,310.9855,14.5556,0.5021,-0.4845,0.3215,0.3186,39.16
1788953794858,305.6405,15.0862,0.9261,0.9807,-0.9911,0.1049,39.14
1788953794858,311.0583,14.5405,0.3774,-0.0572,0.1078,-0.0477,39.13
1788953794858,309.3614,14.7063,0.2654,-0.1182,-0.1975,0.1659,39.12
1788953794858,305.7335,15.0651,0.6650,0.8586,-0.2890,-0.5361,39.14
1788953794946,305.9980,15.0344,0.3922,-0.9424,0.4741,0.0744,39.13
1788953794946,308.1491,14.8155,0.4852,0.1565,-0.3806,0.6849,39.13
1788953794946,303.6916,15.2578,1.3148,1.4691,-0.2585,-1.6656,39.12
1788953794946,305.8116,15.0417,1.1188,-1.3392,1.3898,0.2880,39.11
1788953794946,308.6240,14.7556,0.1473,0.0344,-0.3501,0.0744,39.15
1788953794946,308.7682,14.7375,1.2872,0.9502,0.5351,-1.3603,39.13
1788953794946,311.2337,14.4870,1.2953,-0.8508,0.4741,0.3186,39.15
1788953795036,307.5452,14.8516,0.6795,0.6754,-0.8690,0.2880,39.16
1788953795036,310.2657,14.5757,1.0295,0.3702,0.9320,-0.4751,39.13
1788953795036,311.8697,14.4109,0.3410,-0.1793,0.6267,0.0744,39.12
1788953795036,307.3904,14.8545,0.5072,0.3702,-0.0143,0.1049,39.13
1788953795036,304.8084,15.1087,0.2278,-0.2098,-0.0754,-0.0172,39.13
1788953795036,308.2630,14.7596,0.2190,0.1565,0.0773,0.5017,39.26
1788953795037,303.9921,15.1833,0.6779,0.8281,-0.2585,-0.9635,39.13
1788953795146,304.3014,15.1488,0.4958,-1.0950,1.0846,0.1965,39.13
1788953795146,308.7435,14.7001,0.1017,0.1870,0.0773,0.3491,39.11
1788953795146,303.4669,15.2247,1.3148,1.3470,0.0162,-1.6351,39.11
1788953795146,306.2569,14.9420,0.9063,-1.1255,0.6878,0.3186,39.14
1788953795146,306.9489,14.8688,0.2430,0.3702,-0.3501,0.4101,39.11
1788953795146,309.9175,14.5688,1.3699,0.7060,0.6267,-1.1772,39.14
1788953795242,308.9138,14.6650,0.5857,-0.5456,0.5351,0.2880,39.13
1788953795242,306.3179,14.9210,0.4976,0.4007,-0.6553,0.0438,39.14
1788953795242,308.8636,14.6627,0.6760,-0.0877,0.5657,-0.5972,39.11
1788953795242,309.6618,14.5794,0.7481,-0.3929,0.2604,0.5322,39.12
1788953795242,306.8065,14.8613,0.7034,0.7975,-0.0448,0.2880,39.14
1788953795242,304.2768,15.1102,0.2924,-0.1182,0.0773,0.1659,39.14
1788953795242,308.8612,14.6485,0.3339,-0.1487,0.1994,0.1659,39.14
1788953795244,302.9413,15.2369,0.4372,0.6449,-0.2585,-0.7803,39.13
1788953795244,304.2100,15.1069,0.3751,-0.9119,0.4436,0.2575,39.14
1788953795244,308.7255,14.6514,0.1297,0.3702,-0.1059,0.4712,39.07
1788953795244,303.7800,15.1433,1.2156,1.1028,0.3215,-1.3908,39.11
1788953795244,303.8565,15.1326,1.3063,-1.6750,1.7867,0.3796,39.13
1788953795244,306.2931,14.8847,0.2670,0.2481,-0.1059,0.2880,39.15
1788953795244,309.1460,14.5964,1.2784,0.6754,0.2909,-1.2077,39.09
1788953795337,309.7268,14.5348,1.5844,-0.9729,0.8099,0.7154,39.12
1788953795337,306.4189,14.8612,0.2820,0.6144,-0.5943,0.4101,39.18
1788953795337,309.9769,14.5022,1.0112,0.0344,0.3520,-0.6888,39.14
1788953795337,309.4451,14.5516,0.5879,-0.3624,0.1078,0.5017,39.17
1788953795337,303.7823,15.1146,1.1459,1.1028,-1.3269,-0.0172,39.15
1788953795337,310.8732,14.4017,0.2974,-0.0877,0.1078,0.0744,39.13
1788953795337,307.7955,14.7058,0.1572,0.0344,0.0773,0.2575,39.14
1788953795433,304.7107,15.0110,0.5761,0.8891,0.0467,-0.5056,39.14
1788953795433,304.7235,15.0060,0.4148,-0.9729,0.6267,0.0744,39.13
1788953795433,306.6062,14.8147,0.5977,0.4007,-0.8690,1.1427,39.12
1788953795433,303.0638,15.1660,1.2432,1.4996,0.2909,-1.5740,39.12
1788953795433,305.0414,14.9646,1.0050,-0.9729,1.0235,0.4712,39.12
1788953795433,308.0289,14.6619,0.4301,0.4007,-0.1059,0.5933,39.11
1788953795433,307.4085,14.7205,1.3414,0.7670,0.4436,-1.2688,39.13
1788953795526,309.6733,14.4906,1.0776,-0.5150,0.6572,0.6849,39.13
1788953795526,306.1402,14.8401,0.5200,0.4618,-0.5027,0.2270,39.15
1788953795526,308.7026,14.5806,0.9483,0.0649,0.8099,-0.8109,39.14
1788953795526,310.2708,14.4201,0.6435,-0.4235,0.3825,0.2270,39.13
1788953795526,306.9728,14.7458,0.3011,0.1870,-0.1669,0.1659,39.14
1788953795526,309.1416,14.5257,0.4186,-0.1793,-0.0448,-0.1393,39.11
1788953795526,307.3014,14.7065,0.1754,0.1260,-0.2280,0.3796,39.11
1788953795619,302.8780,15.1458,0.4613,0.7060,-0.1669,-0.5972,39.13
1788953795619,303.2141,15.1092,0.4533,-1.0340,0.4436,0.1354,39.14
1788953795619,307.3265,14.6942,0.1146,0.0344,-0.5332,0.1965,39.12
1788953795619,303.3023,15.0940,0.9822,1.3165,0.0162,-0.9940,39.13
1788953795619,304.2742,14.9938,0.9175,-1.2782,1.2983,0.0438,39.14
1788953795619,306.3332,14.7845,0.3272,0.1870,-0.3501,0.3186,39.13
1788953795619,308.7392,14.5414,1.6268,1.0723,0.1383,-1.7571,39.14
1788953795722,308.5603,14.5557,0.8834,-0.9424,0.1688,0.2270,39.13
1788953795722,306.3318,14.7749,0.2878,0.4312,-0.5332,0.3796,39.14
1788953795722,307.0457,14.7007,0.9503,0.3702,0.5657,-0.6582,39.12
1788953795722,309.3459,14.4675,0.7032,-0.5150,-0.0754,0.1354,39.13
1788953795722,305.9330,14.8055,0.5275,0.4312,-0.5943,0.1659,39.13
1788953795722,307.7303,14.6225,0.3449,-0.1182,0.1383,-0.2309,39.13
1788953795722,307.2670,14.6661,0.3357,0.3702,-0.3196,0.6238,39.10
1788953795828,301.6786,15.2221,0.4249,0.5228,-0.0448,-0.6888,39.12
1788953795828,303.0675,15.0806,0.3415,-0.3624,0.4436,0.3491,39.14
1788953795828,308.9135,14.4926,0.1584,0.2786,-0.3196,0.4407,39.03
1788953795828,303.1484,15.0663,0.7494,0.7670,-0.2280,-1.0856,39.11
1788953795828,302.4845,15.1301,1.0155,-1.6445,1.1456,0.1354,39.13
1788953795828,306.5709,14.7179,0.2550,0.0039,-0.5027,0.1049,39.12
1788953795828,308.4576,14.5272,1.6477,1.2859,0.3520,-1.8182,39.12
1788953795930,308.0820,14.5617,1.6089,-1.4918,1.6951,0.4101,39.02
1788953795930,305.7485,14.7912,0.2518,0.2481,-0.0448,0.1659,39.15
1788953795930,308.2974,14.5339,1.3249,0.5228,0.5046,-0.8719,39.14
1788953795930,308.6761,14.4928,0.7394,-0.3319,0.1994,0.6849,39.16
1788953795930,303.4891,15.0085,0.7887,1.2554,-1.1437,0.4407,39.14
1788953795930,308.8241,14.4723,0.9213,0.0344,0.3825,-0.4446,39.17
1788953795930,310.0819,14.3431,0.2251,0.0955,0.0773,0.2575,39.14
1788953796019,303.1262,15.0356,0.5275,0.5533,-0.2585,-0.1698,39.13
1788953796019,304.3291,14.9122,0.1938,-0.4235,0.4436,-0.0783,39.14
1788953796019,306.4408,14.6983,0.4489,0.0649,-0.0754,0.6238,39.07
1788953796019,301.3309,15.2066,0.7022,1.1638,0.0773,-1.0245,39.12
1788953796019,304.2495,14.9118,0.6411,-1.1561,0.9930,0.1354,39.13
1788953796019,307.0605,14.6272,0.3359,0.2481,-0.0448,0.4712,39.11
1788953796126,304.0605,14.9244,1.0943,1.2859,0.2299,-0.8109,39.12
1788953796126,309.6405,14.3641,1.5077,-1.6139,1.5425,0.3186,39.14
1788953796126,305.8431,14.7402,0.6118,0.2481,-0.7469,0.2270,39.11
1788953796126,307.7046,14.5513,1.1543,0.4007,0.7183,-0.7498,39.15
1788953796126,309.6409,14.3546,1.0267,-0.3319,0.8099,0.5628,39.13
1788953796126,305.6011,14.7548,0.3269,0.4923,-0.1669,0.3491,39.11
1788953796126,308.4424,14.4680,0.8186,0.0344,0.0467,-0.6888,39.13
1788953796221,307.0618,14.6033,0.7141,-0.4845,0.3215,0.5628,39.14
1788953796221,304.9306,14.8135,0.4595,0.4923,-0.4111,-0.1393,39.13
1788953796221,302.0554,15.0983,0.3313,0.0955,0.3215,0.2575,39.14
1788953796221,306.5750,14.6436,0.1626,-0.2098,-0.1059,0.0744,39.00
1788953796221,302.1593,15.0824,0.3992,0.7060,-0.1364,-0.4751,39.12
1788953796221,304.0259,14.8933,0.3618,-0.7287,0.5046,0.2270,39.12
1788953796221,305.2243,14.7708,0.4350,0.3702,-0.5332,0.8680,39.15
1788953796321,302.2761,15.0635,1.0988,1.4386,0.2299,-1.0551,39.13
1788953796322,304.6817,14.8199,0.5503,-0.6982,0.5046,0.3491,39.13
1788953796322,305.5917,14.7257,0.3332,0.0344,-0.4111,0.1659,39.12
1788953796322,306.8590,14.5966,0.9527,0.7670,0.3520,-0.5972,39.12
1788953796322,307.4714,14.5328,1.4744,-1.4003,0.7183,0.4407,39.06
1788953796322,305.7002,14.7068,0.4951,0.3702,-0.7164,0.1659,39.11
1788953796322,307.1771,14.5562,0.4368,0.0649,0.4436,-0.4140,39.16
1788953796324,306.1587,14.6557,0.8072,-0.5761,0.3520,0.6543,39.13
1788953796324,305.3027,14.7383,0.2521,0.1870,-0.2585,0.1354,39.14
1788953796324,306.5901,14.6075,0.7154,0.1260,0.2604,-0.1088,39.14
1788953796324,307.0874,14.5555,0.4433,-0.1487,0.2299,0.3491,39.16
1788953796324,303.1146,14.9502,0.3935,0.5839,0.1688,-0.5667,39.13
1788953796324,301.7923,15.0800,0.2263,-0.2098,0.2604,0.3491,39.13
1788953796324,305.4450,14.7119,0.0894,0.1870,-0.4111,0.5017,39.17
1788953796324,302.3474,15.0193,0.6668,1.2859,0.1078,-0.4140,39.14
1788953796324,301.0877,15.1431,0.9010,-1.5224,1.2983,0.1659,39.13
1788953796324,306.7318,14.5752,0.1883,-0.1487,-0.4111,0.1659,39.12
1788953796324,301.5903,15.0875,1.2725,1.4996,0.5657,-1.0245,39.13
1788953796324,307.7628,14.4679,1.3626,-1.2782,1.4204,0.6543,39.11
1788953796324,301.9199,15.0489,0.1106,0.4007,-0.1364,0.3796,39.13
1788953796324,307.6272,14.4769,1.6027,0.6144,0.3825,-1.3603,39.12
1788953796419,308.2625,14.4107,1.4805,-0.9729,0.2604,0.5322,39.13
1788953796419,304.0162,14.8322,0.3988,0.4007,-0.7164,0.0438,39.14
1788953796419,307.7741,14.4540,0.7110,0.0039,0.1994,-0.5972,39.12
1788953796419,304.9995,14.7291,1.1198,-1.0950,0.1078,0.9596,39.12
1788953796419,305.6971,14.6566,0.4576,0.5839,-0.4111,0.3491,39.14
1788953796419,303.8261,14.8413,0.3613,-0.0877,-0.0448,-0.2309,39.13
1788953796419,306.8708,14.5341,0.5534,0.0955,-0.1975,0.7459,39.11
1788953796509,304.3222,14.7857,0.2230,0.3702,-0.3196,-0.4446,39.14
1788953796509,302.8742,14.9285,0.8536,-1.1255,0.6572,0.1965,39.13
1788953796509,304.2713,14.7859,0.3936,0.1870,-0.8690,0.8985,39.10
1788953796509,304.0413,14.8065,0.8195,1.1028,-0.1059,-0.5667,39.12
1788953796509,301.9717,15.0112,1.2625,-1.4003,1.6646,0.5322,39.13
1788953796509,306.5449,14.5503,0.2126,0.4923,-0.4111,0.5628,39.13
1788953796509,307.0873,14.4940,1.3712,1.0417,-0.1669,-1.4214,39.12
1788953796511,306.6975,14.5305,1.4353,-1.2171,1.1456,0.5017,39.26
1788953796511,302.8911,14.9082,0.3421,0.3397,-0.7164,0.1049,39.15
1788953796511,307.8032,14.4153,1.0876,0.1870,0.5657,-0.7803,39.10
1788953796511,308.1020,14.3828,0.8429,-0.5456,0.3215,0.2880,39.12
1788953796511,304.3806,14.7521,0.4140,0.3091,-0.5638,0.0744,39.14
1788953796511,306.5627,14.5319,0.9281,0.2786,0.4436,-0.3530,39.13
1788953796511,305.6193,14.6238,0.4500,-0.1793,-0.0448,0.1659,39.12
1788953796768,300.6415,15.1194,0.3124,0.3702,0.1688,-0.2004,39.12
1788953796768,303.3409,14.8471,0.2783,-0.2403,0.5046,0.0133,39.13
1788953796768,304.7025,14.7085,0.1497,-0.1182,-0.4417,0.1965,39.14
1788953796768,303.9108,14.7856,0.4798,0.5839,-0.0754,-0.6582,39.13
1788953796768,300.6410,15.1107,0.8002,-1.4918,0.9930,0.0744,39.13
1788953796768,304.6814,14.7043,0.4779,0.0344,-0.6859,0.4712,39.13
1788953796768,303.6670,14.8036,0.5975,0.4923,0.2299,-0.7498,39.13
1788953796768,306.1388,14.5543,1.1311,-1.0034,1.4509,0.6543,39.19
1788953796768,304.1509,14.7500,0.0705,0.3397,-0.0143,0.3186,39.14
1788953796768,305.3761,14.6262,1.3293,0.8586,0.5962,-1.1772,39.13
1788953796768,306.3541,14.5263,1.0954,-0.5761,0.2909,0.8070,39.14
1788953796768,303.6022,14.7986,0.1862,0.5839,0.1078,0.4712,39.13
1788953796768,306.0213,14.5552,0.9240,0.2481,0.4130,-0.3530,39.13
1788953796861,306.5027,14.5050,0.8237,-0.5150,0.3520,0.6238,39.18
1788953796862,303.9740,14.7555,0.4646,0.3702,-0.4722,0.0438,39.14
1788953796862,306.5880,14.4920,0.5923,-0.1793,0.4436,-0.1698,39.13
1788953796862,306.5222,14.4965,0.3509,0.1565,0.0162,0.4101,39.08
1788953796862,301.1898,15.0272,0.2613,0.4007,-0.1669,-0.4446,39.12
1788953796862,302.2669,14.9175,0.2855,-0.3319,0.3520,0.2575,39.14
1788953796862,305.7070,14.5707,0.1414,0.1260,-0.1059,0.3491,39.13
1788953796973,300.4684,15.0935,1.3615,1.5301,0.3215,-1.3603,39.11
1788953796973,301.4917,14.9887,0.9222,-1.6445,1.2372,0.1659,39.13
1788953796973,305.1858,14.6163,0.2188,0.0649,-0.3501,0.1354,39.14
1788953796973,302.4640,14.8870,1.2900,1.0723,0.3520,-1.1466,39.13
1788953796973,303.7779,14.7531,1.1037,-0.9729,1.1762,0.7154,39.33
1788953796973,305.8941,14.5394,0.7202,0.4312,-0.5332,0.4101,39.16
1788953796973,308.4750,14.2792,1.6089,0.7060,0.3215,-1.2382,39.14
1788953797078,306.4307,14.4810,1.0336,-1.0034,0.5657,0.3491,39.12
1788953797078,305.6453,14.5566,0.4018,0.1870,-0.4417,-0.0477,39.12
1788953797078,304.8021,14.6387,1.2216,0.4923,1.0235,-0.6582,39.14
1788953797078,307.4724,14.3693,0.4158,-0.1793,0.2299,0.0744,39.18
1788953797078,303.4076,14.7739,0.8942,0.8891,-0.9301,0.2270,39.16
1788953797078,301.9243,14.9198,0.6413,0.3091,0.5962,0.1049,39.15
1788953797078,305.5313,14.5564,0.0709,0.0039,-0.2890,0.2270,39.16
1788953797176,301.4884,14.9585,0.2902,0.4618,-0.0143,-0.5056,39.13
1788953797176,301.5867,14.9463,0.3346,-0.9424,0.7488,-0.0783,39.13
1788953797176,305.2329,14.5793,0.2179,0.0039,-0.6248,0.3491,39.17
1788953797176,300.5958,15.0415,0.9632,1.0723,-0.0754,-1.2077,39.13
1788953797176,300.3907,15.0601,1.1118,-1.6750,1.7256,0.1354,39.13
1788953797176,304.4744,14.6491,0.1991,0.0039,0.0467,0.0744,39.13
1788953797176,306.0226,14.4930,1.4837,1.2554,0.5046,-1.5435,39.13
1788953797279,304.1324,14.6798,0.7830,-0.8508,0.3520,0.3491,39.13
1788953797279,304.1313,14.6778,0.3390,0.2786,-0.4417,0.4101,39.14
1788953797279,308.0687,14.2824,1.2919,0.1870,0.3520,-0.9330,39.12
1788953797279,305.3093,14.5557,0.5346,-0.3319,0.1688,0.3491,39.11
1788953797279,303.2359,14.7611,0.4665,0.8586,-0.3501,0.4712,39.13
1788953797279,304.7966,14.6030,0.7631,0.2481,0.4741,-0.2309,39.13
1788953797279,305.9522,14.4858,0.4759,-0.2403,0.2299,0.1659,39.21
1788953797368,303.8672,14.6924,0.4971,0.1870,-0.4111,-0.1088,39.14
1788953797368,301.4801,14.9290,0.2339,-0.1793,0.0162,0.0744,39.13
1788953797368,305.2657,14.5485,0.0467,0.1565,0.1078,0.3796,39.20
1788953797368,299.7362,15.0998,0.4622,0.5839,-0.3196,-0.7498,39.15
1788953797368,301.4424,14.9274,0.4270,-0.7287,0.6878,0.3186,39.13
1788953797368,305.9370,14.4756,0.1001,0.3702,0.0162,0.6849,39.16
1788953797368,300.8407,14.9839,1.0069,0.9502,-0.0143,-1.2688,39.14
1788953797461,301.0098,14.9652,1.0282,-1.3087,1.5730,0.1659,39.13
1788953797461,304.1552,14.6481,0.2697,0.1260,-0.3501,0.1354,39.13
1788953797461,306.0176,14.4609,1.4199,1.1944,0.3520,-1.2993,39.14
1788953797461,306.8740,14.3735,1.8366,-1.7666,1.2983,0.4712,39.14
1788953797461,303.0821,14.7499,0.1565,0.0955,-0.3196,0.1659,39.15
1788953797461,306.9745,14.3592,0.9913,0.4007,0.4741,-0.7193,39.13
1788953797461,306.5815,14.3964,0.9389,-0.7898,0.2909,0.2575,39.08
1788953797552,301.3783,14.9145,0.7509,0.7670,-0.8995,0.1965,39.13
1788953797552,307.0930,14.3414,0.7629,0.0955,0.0773,-0.2919,39.13
1788953797552,306.6406,14.3847,0.6091,-0.4540,-0.0754,0.1659,39.12
1788953797552,302.9176,14.7549,0.6730,0.8281,-0.2890,0.1659,39.12
1788953797552,301.8497,14.8598,0.3341,-0.3319,0.1383,0.0438,39.13
1788953797552,304.0459,14.6386,0.6905,-0.1793,-0.2280,0.5322,39.13
1788953797657,299.4210,15.0993,0.6215,1.2859,-0.4111,-0.4140,39.16
1788953797657,302.5695,14.7820,0.3095,-0.4845,0.7793,0.3491,39.12
1788953797657,304.8809,14.5483,0.1734,0.1565,-0.4111,0.4101,39.13
1788953797657,301.9579,14.8386,0.8349,1.2859,-0.2890,-0.5972,39.13
1788953797657,301.5737,14.8757,1.1287,-1.5224,1.0846,0.3186,39.13
1788953797657,302.5589,14.7748,0.5701,0.4923,-0.8995,0.9901,39.11
1788953797657,305.9965,14.4296,1.1544,0.7060,0.3215,-1.1466,39.14
1788953797657,306.7134,14.3558,1.4212,-1.3087,0.7793,0.1049,39.14
1788953797657,304.0761,14.6168,0.3064,0.1565,-0.5332,0.2270,39.14
1788953797657,306.2750,14.3953,0.9163,0.0649,0.3215,-0.7193,39.13
1788953797657,304.8470,14.5362,0.9482,-0.9119,0.5351,0.2880,39.11
1788953797657,302.4645,14.7725,0.6222,0.6144,-0.7774,0.1354,39.13
1788953797657,306.4538,14.3721,0.6486,0.4312,0.1688,0.0744,39.13
1788953797657,306.2234,14.3933,0.4102,0.2176,-0.1364,0.5322,39.23
1788953797751,302.9193,14.7219,0.4086,0.3091,-0.0143,-0.2614,39.14
1788953797751,303.0930,14.7029,0.2357,-0.0572,0.0162,0.1659,39.11
1788953797751,302.9302,14.7174,0.3342,0.1565,-0.4417,0.5933,39.13
1788953797751,300.6928,14.9397,0.5292,0.7670,-0.2890,-0.6582,39.14
1788953797751,302.7728,14.7295,0.2088,-0.6982,0.2299,-0.0477,39.15
1788953797751,303.5900,14.6458,0.3560,-0.0572,-0.3806,0.2575,39.12
1788953797751,301.3093,14.8726,0.8551,1.0723,-0.1364,-0.9024,39.13
1788953797844,300.2106,14.9812,1.1269,-1.1866,1.3288,0.0744,39.13
1788953797844,302.9464,14.7058,0.5140,0.1260,-0.6553,0.3186,39.13
1788953797844,304.7339,14.5253,0.3871,0.5228,0.1078,-0.2614,39.15
1788953797844,305.4850,14.4486,1.2763,-1.3697,0.8099,0.2880,39.14
1788953797844,303.2221,14.6725,0.2162,0.2786,-0.3196,0.1354,39.13
1788953797844,306.2376,14.3697,1.1578,0.5839,0.4130,-0.6582,39.14
1788953797844,305.6665,14.4249,0.6946,-0.1182,0.0773,0.6543,39.22
1788953797935,302.1426,14.7751,0.3189,0.2176,-0.2280,0.1965,39.15
1788953797935,304.9925,14.4890,0.5881,0.0344,0.1078,-0.2614,39.13
1788953797935,305.6375,14.4230,0.5490,-0.3929,0.0467,0.1965,39.11
1788953797935,302.6000,14.7252,0.3418,0.1565,-0.1975,-0.2614,39.14
1788953797935,299.8342,15.0004,0.3011,-0.2708,-0.1059,0.0133,39.13
1788953797935,305.1207,14.4698,0.0206,0.0039,-0.1059,0.3186,39.12
1788953797935,300.5066,14.9298,0.5262,1.1028,0.2299,-0.2614,39.12
1788953798029,300.8701,14.8917,0.3543,-0.9729,0.7488,-0.0477,39.13
1788953798029,304.0630,14.5704,0.1802,0.1565,-0.1975,0.4101,39.13
1788953798029,299.3150,15.0448,1.3580,1.6522,0.3825,-1.4519,39.13
1788953798029,299.9031,14.9844,1.2522,-2.0413,1.3898,0.1049,39.14
1788953798029,304.9702,14.4746,0.3143,0.0344,-0.2280,0.0438,39.14
1788953798029,306.1512,14.3556,1.2649,1.1028,0.0162,-1.1161,39.14
1788953798029,303.4254,14.6263,1.2447,-1.4613,0.8404,0.5628,39.05
1788953798124,303.6909,14.5980,0.3782,0.6449,-0.2585,0.6849,39.13
1788953798124,307.5676,14.2092,1.8983,0.8281,0.3825,-1.3298,39.13
1788953798124,305.1227,14.4515,0.9709,-0.4540,0.1688,0.6543,39.06
1788953798124,303.7256,14.5890,0.4524,0.8891,-0.3806,0.5322,39.12
1788953798124,303.5907,14.6010,1.2590,0.0649,0.8709,-1.1466,39.12
1788953798124,305.7974,14.3785,0.4589,-0.2708,-0.0754,0.1659,39.16
1788953798124,303.1091,14.6458,0.5768,0.3397,-0.5332,0.0438,39.13
1788953798219,301.3672,14.8182,0.4561,0.2481,0.1994,0.3186,39.12
1788953798219,305.0495,14.4478,0.0611,-0.0266,-0.1669,0.1965,39.07
1788953798219,300.5563,14.8954,0.3263,0.4923,-0.1364,-0.3225,39.12
1788953798219,299.9756,14.9519,0.3050,-0.8813,0.6878,0.1659,39.11
1788953798219,304.1778,14.5298,0.1315,-0.0877,-0.2890,0.2270,39.10
1788953798219,300.1512,14.9316,0.9205,0.9502,-0.0754,-0.9940,39.13
1788953798219,299.4040,15.0050,1.0174,-1.6750,1.2067,0.2575,39.13
1788953798309,303.8416,14.5589,0.2687,0.2176,-0.5332,0.2575,39.13
1788953798309,305.3987,14.4027,1.3661,1.4691,0.3520,-1.2077,39.13
1788953798309,303.9214,14.5487,0.8659,-1.0340,0.5046,0.5628,39.14
1788953798309,302.0473,14.7345,0.3150,0.5228,-0.3196,0.5322,39.13
1788953798309,306.4060,14.2978,1.5172,0.5839,0.4436,-1.2382,39.13
1788953798309,304.1632,14.5201,0.7114,-0.6677,0.0773,0.1659,39.13
1788953798311,302.4478,14.6900,0.4727,0.4312,-0.7469,0.2270,39.15
1788953798311,304.4267,14.4906,0.8693,0.0344,0.5962,-0.8719,39.13
1788953798311,305.6222,14.3696,0.5872,-0.3014,0.1078,0.3186,39.14
1788953798311,303.7513,14.5549,0.3228,0.1870,-0.1059,0.0744,39.13
1788953798311,304.5502,14.4732,0.1954,0.0955,0.4741,0.1965,39.14
1788953798311,304.2982,14.4974,0.4752,0.0649,-0.1059,0.2880,39.14
1788953798311,299.0220,15.0235,0.2176,0.5228,0.0162,-0.2614,39.13
1788953798404,299.9079,14.9339,0.2660,-0.5456,0.4741,0.1659,39.13
1788953798404,304.1817,14.5049,0.0863,-0.0572,-0.3501,0.2270,39.16
1788953798404,300.1382,14.9083,0.6950,0.9807,0.3825,-0.6888,39.16
1788953798404,298.9512,15.0261,0.7940,-1.6139,0.9625,0.0438,39.13
1788953798404,302.8756,14.6319,0.3119,0.0649,-0.3806,0.3796,39.13
1788953798404,299.7216,14.9466,1.2432,1.5912,-0.0448,-0.8719,39.13
1788953798404,306.3290,14.2846,1.6214,-1.5529,2.0309,0.8070,39.14
1788953798405,302.7512,14.6397,0.1712,0.2786,-0.3806,0.3491,39.13
1788953798405,304.5097,14.4631,1.4016,0.5228,0.1994,-1.1772,39.14
1788953798405,305.6883,14.3438,1.2471,-0.9119,0.3215,0.3186,39.08
1788953798405,299.9807,14.9129,0.4668,0.7060,-0.6859,0.0744,39.12
1788953798405,305.7044,14.3401,1.3676,0.1260,0.6878,-0.9024,39.13
1788953798405,307.1847,14.1903,0.7513,-0.4540,0.4436,-0.0477,39.13
1788953798405,302.0459,14.7023,0.5439,0.4007,-0.4722,0.1049,39.12
1788953798406,305.5766,14.3477,0.5943,-0.0572,-0.0143,-0.4446,39.12
1788953798406,302.2601,14.6784,1.1376,-0.7287,0.1078,1.2343,39.06
1788953798406,299.5200,14.9511,0.4942,0.4618,-0.2890,-0.2614,39.12
1788953798406,301.2567,14.7758,0.1881,-0.2403,0.2604,0.2575,39.13
1788953798406,304.0333,14.4962,0.1225,-0.0877,-0.2585,0.1965,39.13
1788953798406,301.5467,14.7433,0.6035,0.6754,-0.2280,-0.7803,39.13
1788953798406,301.3788,14.7589,0.7316,-0.7898,0.9320,0.5017,39.13
1788953798406,302.6272,14.6322,0.4953,-0.0266,-0.6553,0.5933,39.14
1788953798406,301.2980,14.7639,0.9611,0.9196,-0.0754,-1.1466,39.14
1788953798406,301.2028,14.7721,1.1120,-1.3087,1.1456,0.2880,39.13
1788953798406,302.4637,14.6434,0.0577,0.3091,-0.4417,0.5017,39.13
1788953798406,305.2647,14.3625,1.1661,0.7975,0.0773,-1.4214,39.13
1788953798406,303.3925,14.5484,1.4865,-1.0950,0.6572,0.7459,39.08
1788953798406,301.7662,14.7095,0.3160,0.2786,-0.1364,0.1965,39.11
1788953798406,304.8790,14.3975,1.0461,0.0955,0.6572,-0.9330,39.13
1788953798406,306.5022,14.2337,0.8111,-0.3929,0.3215,0.3186,39.07
1788953798406,302.3230,14.6496,0.3336,0.3397,-0.4111,0.2270,39.13
1788953798406,305.2155,14.3591,0.6442,0.0039,0.0773,-0.5361,39.11
1788953798406,303.1100,14.5683,0.6571,-0.6982,-0.0448,0.5628,39.13
1788953798406,301.7800,14.7003,0.6199,0.4312,-0.3806,-0.2004,39.14
1788953798406,301.6129,14.7155,0.2138,-0.0266,0.3520,0.2880,39.12
1788953798406,302.1142,14.6640,0.0920,-0.0572,-0.2585,0.1965,39.13
1788953798406,302.2406,14.6503,0.4866,0.7670,0.2299,-0.3835,39.13
1788953798406,298.5988,15.0134,0.5525,-1.0340,1.0541,0.3491,39.13
1788953798406,302.6594,14.6059,0.2612,0.0039,-0.6248,0.3186,39.14
1788953798406,301.4392,14.7270,0.6662,0.5533,-0.0143,-0.6888,39.14
1788953798406,299.6426,14.9055,0.7940,-1.2476,1.1762,0.2880,39.12
1788953798406,303.3951,14.5287,0.0906,0.2481,-0.1669,0.3491,39.12
1788953798406,304.2308,14.4449,1.5262,1.4996,0.3520,-1.2382,39.14
1788953798406,304.4060,14.4263,1.3621,-1.4613,1.2677,0.3186,39.15
1788953798406,301.3250,14.7322,0.1066,-0.0572,0.0773,0.0744,39.13
1788953798406,304.1335,14.4507,0.9396,0.4007,0.4130,-0.4751,39.10
1788953798406,305.0267,14.3603,1.0126,-0.7592,0.0773,0.4101,39.15
1788953798406,302.1943,14.6420,0.3520,0.4007,-0.5638,0.0133,39.13
1788953798406,304.5586,14.4048,0.9515,0.4007,0.6572,-0.2004,39.13
1788953798406,305.0517,14.3543,0.6463,-0.5456,-0.0143,0.1354,39.13
1788953798406,301.2742,14.7306,0.4676,0.4007,-0.3806,0.0133,39.14
1788953798406,304.4321,14.4139,0.5850,-0.0572,0.5046,-0.2004,39.14
1788953798406,303.2152,14.5344,0.2156,-0.0572,0.1688,0.2880,39.24
1788953798406,299.7151,14.8837,1.0490,0.8891,-0.5943,-0.6888,39.15
1788953798406,299.1413,14.9398,0.3419,-0.6982,0.7183,0.1354,39.14
1788953798406,303.6737,14.4848,0.0687,-0.0266,-0.4111,0.3491,39.13
1788953798406,300.4476,14.8064,0.8612,1.0723,-0.0754,-0.8109,39.13
1788953798406,300.2791,14.8216,0.6731,-1.1255,0.8709,0.3491,39.12
1788953798406,302.7509,14.5732,0.6203,0.2481,-0.7164,0.7764,39.11
1788953798406,298.9323,14.9543,1.4637,1.7743,0.1383,-1.4519,39.13
1788953798406,304.6374,14.3820,0.9457,-1.2782,0.8404,0.1965,39.02
1788953798406,302.3825,14.6054,0.1793,0.0344,-0.4111,0.2270,39.12
1788953798406,302.0766,14.6353,1.3023,0.5533,0.6878,-1.4519,39.13
1788953798406,305.9980,14.2422,1.2432,-0.9424,0.2909,0.3796,39.03
1788953798406,302.5598,14.5843,0.4381,0.2481,-0.6248,0.2270,39.12
1788953798406,303.6947,14.4698,0.9034,0.0649,0.6878,-0.9940,39.12
1788953798406,305.3814,14.2996,0.6010,-0.1793,0.1383,0.3186,39.16
1788953798406,302.1946,14.6166,0.3179,0.1565,-0.3806,0.0744,39.13
1788953798406,304.5877,14.3764,0.4701,0.1870,0.0467,-0.1393,39.13
1788953798406,304.0956,14.4246,0.5062,-0.3929,-0.0754,0.3491,39.11
1788953798406,300.0940,14.8238,0.5501,0.4312,-0.2890,-0.3530,39.12
1788953798406,299.2793,14.9039,0.1139,-0.3624,-0.0754,0.0744,39.13
1788953798407,302.7718,14.5530,0.0520,0.2176,-0.1059,0.3796,39.11
1788953798407,299.6305,14.8662,0.5310,1.1028,0.1994,-0.3835,39.13
1788953798407,301.0722,14.7210,0.3962,-0.7287,0.7183,0.3491,39.13
1788953798407,301.5160,14.6755,0.3936,-0.0572,-0.5943,0.4101,39.14
1788953798407,298.9121,14.9356,1.0721,1.2554,0.4741,-1.1772,39.12
1788953798407,300.9170,14.7335,0.6006,-1.0645,0.9930,0.2575,39.13
1788953798407,302.4039,14.5834,0.2383,0.0649,-0.3196,0.1659,39.13
1788953798407,303.3335,14.4899,1.0698,0.8586,0.7183,-0.6277,39.12
1788953798407,304.2274,14.3996,1.0689,-0.9729,0.7488,0.3186,39.13
1788953798407,302.1507,14.6059,0.2738,0.7365,-0.4417,0.6543,39.12
1788953798407,303.4087,14.4792,0.6452,0.2481,0.5962,-0.5361,39.12
1788953798407,302.6313,14.5562,0.8891,-0.5150,0.2909,0.5017,39.13
1788953798407,301.1886,14.6991,0.3813,0.3702,-0.1364,0.1659,39.13
1788953798407,304.8775,14.3296,0.7130,0.2786,0.1078,-0.2614,39.16
1788953798407,305.2629,14.2898,0.3325,-0.1182,0.1994,-0.0477,39.14
1788953798407,300.5815,14.7566,0.4550,0.4923,-0.4722,-0.2919,39.13
1788953798407,303.3326,14.4805,0.2733,-0.1793,-0.0448,-0.1088,39.13
1788953798407,302.3384,14.5792,0.1787,0.3702,-0.1059,0.7154,39.12
1788953798407,299.5541,14.8569,0.5616,0.6449,0.0773,-0.4751,39.13
1788953798407,298.7457,14.9366,0.2574,-0.6066,0.5046,0.1049,39.13
1788953798407,304.4365,14.3661,0.1579,-0.0877,-0.5027,0.2270,39.13
1788953798407,299.3277,14.8761,0.7047,0.7670,-0.1975,-0.9330,39.14
1788953798407,299.5457,14.8531,0.7037,-1.1866,0.8099,0.1659,39.13
1788953798407,303.1697,14.4891,0.2002,-0.0266,0.0467,0.2575,39.16
1788953798407,298.9500,14.9113,1.5077,1.6828,-0.0143,-1.3908,39.13
1788953798407,305.9640,14.2090,1.6778,-1.6445,1.4814,0.8375,39.04
1788953798407,300.9218,14.7109,0.2019,0.0039,-0.1669,0.1049,39.11
1788953798407,304.8109,14.3216,1.2527,0.7060,0.3825,-1.1466,39.15
1788953798407,301.7616,14.6254,1.2079,-1.1866,0.3520,0.8375,39.14
1788953798407,302.6754,14.5329,0.4923,0.4312,-0.7164,0.1965,39.13
1788953798407,305.2585,14.2738,1.1751,0.5839,0.7183,-0.4751,39.17
1788953798407,304.2022,14.3781,0.8455,-0.4540,0.5046,0.7459,39.20
1788953798407,303.1346,14.4830,0.3275,0.3091,-0.4417,0.2270,39.14
1788953798407,302.6976,14.5259,1.2088,0.0039,1.1151,-0.9635,39.15
1788953798407,305.2621,14.2679,0.1198,-0.1487,0.1078,0.0438,39.08
1788953798407,301.3396,14.6593,0.5232,0.3091,-0.4111,-0.2309,39.09
1788953798407,299.6739,14.8248,0.4206,-0.4845,0.4436,0.0133,39.12
1788953798407,303.3208,14.4586,0.0124,0.0344,-0.3196,0.2575,39.13
1788953798407,299.2921,14.8603,0.3418,0.8281,-0.3501,-0.1088,39.14
1788953798407,298.5429,14.9343,0.5066,-0.7287,1.1456,0.5322,39.12
1788953798407,302.5680,14.5303,0.2598,-0.0877,-0.5332,0.2575,39.13
1788953798407,299.2036,14.8666,1.0177,1.1944,0.4741,-1.0245,39.13
1788953798407,298.3540,14.9510,1.1519,-1.7360,1.7867,0.1354,39.13
1788953798407,302.4854,14.5362,0.0713,0.2786,-0.2280,0.3796,39.13
1788953798407,303.7356,14.4112,1.6916,1.7743,0.3520,-1.3603,39.14
1788953798407,302.1035,14.5733,0.8795,-0.8508,0.6267,0.4712,39.15
1788953798410,302.1532,14.5672,0.3124,0.0649,-0.5638,0.1965,39.14
1788953798420,304.9422,14.2878,1.2636,0.2481,0.3520,-1.0551,39.14
1788953798508,303.2457,14.4561,0.5936,-0.3014,0.6267,0.6238,39.16
1788953798508,301.2919,14.6505,0.4400,0.6754,-0.6248,0.2575,39.13
1788953798508,302.8783,14.4910,0.9008,0.2786,0.9014,-0.3530,39.12
1788953798508,304.9059,14.2874,0.4273,-0.3624,0.1994,-0.0172,39.13
1788953798508,301.2370,14.6533,0.5597,0.2786,-0.5638,-0.0783,39.13
1788953798508,302.8851,14.4875,0.4052,0.3091,0.3825,0.3186,39.13
1788953798508,302.5953,14.5158,0.3674,0.1260,-0.2890,0.1659,39.06
1788953798508,298.0545,14.9693,0.4381,1.0112,-0.1669,-0.2614,39.12
1788953798510,298.7408,14.9001,0.3194,-0.7287,0.4436,-0.0477,39.11
1788953798520,303.7319,14.3995,0.0374,-0.0877,0.1078,0.1049,39.13
1788953798612,298.8155,14.8906,0.6029,0.7670,0.0773,-0.8414,39.13
1788953798612,298.6951,14.9021,0.7111,-1.2782,0.9320,0.1965,39.14
1788953798612,301.6949,14.6011,0.2653,0.5228,-0.4417,0.8070,39.13
1788953798612,298.3869,14.9319,1.0977,1.0723,-0.1669,-1.3908,39.14
1788953798612,298.2363,14.9462,1.4403,-1.9497,1.7561,0.2270,39.13
1788953798612,301.3218,14.6355,0.1296,0.1565,0.0773,0.1659,39.13
1788953798612,304.0070,14.3669,1.4283,0.9196,0.2299,-1.5129,39.15
1788953798612,303.8513,14.3814,1.0798,-0.5761,0.5046,0.7459,39.18
1788953798612,298.4137,14.9239,0.2411,0.4312,-0.7774,0.1049,39.14
1788953798719,304.8997,14.2755,1.6066,0.2176,0.6267,-1.0856,39.14
1788953798720,305.8900,14.1752,1.1057,-0.4845,0.2909,0.3491,39.14
1788953798720,300.9846,14.6643,0.4612,1.0112,-0.7164,0.3491,39.15
1788953798720,305.2357,14.2382,0.6154,-0.0877,0.2604,-0.5056,39.12
1788953798720,301.0454,14.6566,1.1091,-1.1866,0.0162,0.9596,39.08
1788953798720,302.1897,14.5413,0.5186,0.5228,-0.3196,0.0438,39.13
1788953798720,300.4648,14.7128,0.4281,0.3091,-0.0143,0.3186,39.13
1788953798720,303.5649,14.4016,0.2714,0.0344,-0.1364,0.3186,39.10
1788953798720,300.5157,14.7051,0.3357,0.6754,-0.2280,-0.3835,39.13
1788953798720,299.6764,14.7883,0.5417,-0.7898,0.5351,0.1354,39.14
1788953798811,301.5629,14.5985,0.3090,-0.0877,-0.5943,0.5017,39.14
1788953798811,300.7815,14.6761,0.8679,0.7365,-0.1975,-1.1161,39.14
1788953798811,299.1934,14.8340,0.9202,-1.0034,1.3593,0.5322,39.14
1788953798811,303.7485,14.3766,0.1158,0.0955,-0.4111,0.2270,39.15
1788953798811,298.7011,14.8809,1.2456,1.2859,-0.0448,-1.5435,39.14
1788953798811,303.4019,14.4097,1.3019,-1.0950,1.2983,0.5933,39.11
1788953798812,300.1438,14.7341,0.1541,0.5228,-0.1364,0.4407,39.12
1788953798812,304.5932,14.2890,1.4070,0.8891,0.3520,-0.5667,39.16
1788953798812,304.6618,14.2811,1.2125,-0.9119,0.3825,0.5933,39.18
1788953798812,301.2959,14.6165,0.3476,0.6144,-0.3196,0.2880,39.14
1788953798908,303.1960,14.4261,1.0268,0.0649,0.6572,-1.0245,39.18
1788953798908,302.6703,14.4777,0.5709,-0.3624,0.1688,0.6238,39.16
1788953798908,301.5889,14.5849,0.3509,0.0039,-0.4111,-0.0477,39.16
1788953798908,304.7933,14.2639,0.6216,0.3702,0.5962,0.0438,39.13
1788953798908,303.8794,14.3541,0.1730,-0.1182,0.4436,0.0438,39.12
1788953798908,300.2212,14.7194,0.4791,0.3702,-0.3196,-0.3225,39.13
1788953798909,298.5783,14.8832,0.3569,-0.0572,0.4741,0.4407,39.14
1788953798909,300.8913,14.6511,0.1753,-0.2098,0.0467,0.2270,39.13
1788953798909,301.3659,14.6032,0.5300,0.3702,-0.4722,-0.4751,39.13
1788953798913,298.9857,14.8404,0.4232,-0.6677,1.0846,0.3491,39.12
1788953799016,303.8416,14.3536,0.0467,0.0955,-0.1364,0.3796,39.18
1788953799016,297.5105,14.9864,1.0352,1.5301,0.0162,-0.6888,39.14
1788953799016,298.8640,14.8506,0.9517,-1.4003,1.0235,0.1659,39.12
1788953799016,303.5930,14.3761,0.2226,-0.0572,-0.2280,0.1049,39.13
1788953799017,302.7939,14.4564,1.3569,1.0112,0.1383,-1.5435,39.13
1788953799017,304.4840,14.2868,1.3822,-1.3392,1.0541,0.3491,39.13
1788953799119,301.2209,14.6118,0.3326,0.0344,-0.5332,0.1354,39.12
1788953799119,304.0486,14.3288,1.2015,0.2176,0.4436,-1.0245,39.14
1788953799119,304.3487,14.2980,1.2341,-0.5456,0.3520,0.8070,39.13
1788953799119,300.8054,14.6509,0.3243,0.0039,-0.2585,0.0438,39.13
1788953799119,303.6877,14.3624,0.9099,0.0649,0.5046,-0.7803,39.13
1788953799119,304.0864,14.3217,0.6044,-0.3624,0.4130,0.3186,39.12
1788953799119,298.9725,14.8325,0.8493,0.7975,-1.0216,-0.0783,39.13
1788953799119,303.9406,14.3352,0.5695,0.2786,-0.0448,0.2270,39.13
1788953799119,302.0368,14.5246,0.2150,0.0955,0.3215,0.1354,39.13
1788953799119,298.7634,14.8516,0.8904,0.7670,-0.7774,-0.4446,39.10
1788953799119,300.0710,14.7199,0.2737,-0.1182,0.0773,0.3186,39.13
1788953799119,302.1089,14.5155,0.5444,0.0955,-0.4417,0.8680,39.16
1788953799119,298.2184,14.9038,0.6218,1.0723,-0.2585,-0.8109,39.14
1788953799119,300.4765,14.6767,0.3654,-0.9119,0.7183,0.0744,39.13
1788953799219,302.8233,14.4406,0.0667,0.4007,-0.5332,0.7459,39.12
1788953799219,299.6855,14.7536,0.9246,1.2554,0.3825,-0.7498,39.13
1788953799219,299.4137,14.7804,1.0830,-1.4613,1.0541,0.0438,39.12
1788953799219,300.4659,14.6741,0.6622,0.0039,-0.7469,0.5628,39.13
1788953799219,303.9684,14.3234,1.2226,0.0955,0.1383,-1.3298,39.12
1788953799219,304.8626,14.2330,1.4186,-1.2171,1.2983,0.3796,39.03
1788953799323,302.1194,14.5056,0.2149,0.3397,-0.2280,0.2575,39.12
1788953799323,304.5402,14.2630,0.8487,0.3091,0.3520,-0.6277,39.14
1788953799323,302.9734,14.4187,0.8977,-0.6982,0.5657,0.5017,39.12
1788953799323,299.8147,14.7337,0.6001,0.5839,-0.8385,0.1049,39.13
1788953799323,303.2039,14.3945,0.8113,0.0039,0.5657,-0.6582,39.13
1788953799323,304.4901,14.2652,0.6069,-0.3319,0.0773,0.2575,39.13
1788953799323,300.8989,14.6235,0.4464,0.3702,-0.5638,0.0744,39.14
1788953799323,303.2036,14.3925,0.6310,0.1565,0.5046,-0.0477,39.13
1788953799323,302.0187,14.5101,0.2655,-0.1793,-0.0448,0.0744,39.10
1788953799323,298.2864,14.8828,0.4352,0.4618,-0.0754,-0.5972,39.14
1788953799323,300.4084,14.6696,0.1963,-0.3929,0.1688,0.0438,39.14
1788953799323,301.0202,14.6076,0.1987,-0.0266,-0.3196,0.3796,39.13
1788953799432,300.3872,14.6705,0.4916,0.4923,-0.2280,-0.5972,39.13
1788953799432,297.6786,14.9410,0.7455,-0.9424,0.6572,0.5017,39.13
1788953799432,301.0446,14.6038,0.3808,0.4312,-0.6859,0.8070,39.13
1788953799432,300.2026,14.6874,0.6027,0.5228,-0.0448,-0.5667,39.13
1788953799432,297.9496,14.9126,1.1867,-1.5529,1.3593,0.2270,39.12
1788953799432,300.0656,14.6997,0.1329,-0.0266,-0.2890,0.1354,39.15
1788953799432,303.6266,14.3438,1.2876,1.3470,0.3520,-0.8109,39.16
1788953799526,303.5096,14.3549,1.3844,-1.1561,0.9014,0.4712,39.11
1788953799526,300.0995,14.6945,0.1625,0.4923,0.0467,0.3491,39.09
1788953799526,302.0753,14.4969,1.0061,0.2481,0.5962,-0.6277,39.12
1788953799526,303.3609,14.3680,0.9840,-0.5150,0.2909,0.7154,39.12
1788953799526,301.1538,14.5879,0.4454,0.3397,-0.5638,0.1354,39.17
1788953799526,303.8789,14.3150,0.5752,0.0649,0.3520,-0.5361,39.13
1788953799526,304.3199,14.2702,0.5881,-0.1182,0.1078,0.4101,39.13
1788953799528,301.4868,14.5522,0.0840,-0.0877,0.1383,-0.1088,39.14
1788953799528,302.7786,14.4227,0.4686,-0.1182,0.5046,-0.1698,39.13
1788953799528,302.6594,14.4340,0.3085,0.0039,-0.1669,0.2880,39.16
1788953799528,297.7445,14.9254,0.9946,1.0417,-0.4417,-0.6582,39.13
1788953799528,297.9644,14.9027,0.3162,-0.6677,0.5962,0.1659,39.13
1788953799528,302.9185,14.4061,0.0682,0.4312,0.0467,0.5628,39.13
1788953799528,299.0973,14.7879,0.8264,1.1333,-0.0448,-0.8414,39.13
1788953799627,299.8148,14.7154,0.5901,-0.7592,0.8709,0.4712,39.13
1788953799627,302.1228,14.4841,0.5629,0.0649,-0.6859,0.5017,39.17
1788953799627,297.5297,14.9432,1.3882,1.6828,-0.1975,-1.5129,39.15
1788953799627,299.9987,14.6952,0.9414,-1.2476,0.8404,0.1354,39.13
1788953799627,302.0392,14.4896,0.1636,0.0955,0.1383,0.2880,39.10
1788953799627,301.6039,14.5327,1.1662,0.7670,0.4130,-1.2077,39.13
1788953799627,304.5618,14.2363,1.2291,-0.7898,0.7488,0.5322,39.11
1788953799742,301.4604,14.5453,0.4770,0.1870,-0.6553,0.1049,39.12
1788953799742,303.3431,14.3564,0.7476,0.0344,0.4130,-0.8719,39.14
1788953799742,305.1806,14.1717,0.6200,-0.1182,0.6267,0.4712,39.12
1788953799742,301.3594,14.5526,0.3403,0.0955,-0.2585,0.1659,39.14
1788953799742,302.7173,14.4165,0.8392,0.4007,0.2909,-0.1698,39.13
1788953799742,303.4390,14.3438,0.4072,-0.4845,0.1078,0.0133,39.13
1788953799742,299.6341,14.7239,0.5924,0.5533,-0.5943,-0.2309,39.13
1788953799742,298.3895,14.8480,0.2687,0.0955,-0.0143,0.1965,39.13
1788953799742,302.4749,14.4385,0.1369,-0.2403,-0.1975,0.2270,39.13
1788953799742,298.3606,14.8495,0.4458,0.6754,-0.1059,-0.6277,39.14
1788953799742,299.9695,14.6882,0.3140,-0.4235,0.6267,0.2575,39.14
1788953799742,300.8302,14.6013,0.2007,0.2786,-0.5638,0.5628,39.22
1788953799742,296.6925,15.0152,0.8017,1.2249,-0.1059,-0.9940,39.14
1788953799846,300.2050,14.6632,0.4336,-0.9424,0.5046,0.1354,39.13
1788953799846,301.1721,14.5656,0.3157,0.2176,-0.3196,0.5933,39.11
1788953799846,299.8125,14.7014,0.8220,0.4312,0.1994,-0.7498,39.13
1788953799846,303.8746,14.2952,1.4884,-1.7666,1.3593,0.3796,39.13
1788953799846,300.0587,14.6755,0.1937,0.2176,-0.2585,0.3796,39.13
1788953799846,303.0051,14.3808,0.8009,0.4618,0.7183,-0.4751,39.14
1788953799846,302.8240,14.3984,1.1006,-0.8203,0.3825,0.1965,39.14
1788953799945,300.4382,14.6358,0.2179,0.0649,-0.3196,0.0438,39.15
1788953799945,302.6591,14.4141,1.0497,0.0344,0.6572,-0.8414,39.13
1788953799945,303.2751,14.3520,0.7316,-0.4540,0.0773,0.2880,39.15
1788953799945,300.0715,14.6714,0.2915,0.2176,-0.1669,0.0133,39.13
1788953799945,301.9120,14.4876,0.6695,-0.0572,0.2909,-0.6277,39.12
1788953799945,302.8669,14.3919,0.7119,-0.1487,-0.1059,0.5017,39.10
1788953799945,299.8903,14.6892,0.6098,0.4618,-0.5638,-0.1088,39.13
1788953800042,298.3596,14.8418,0.2983,-0.2098,0.1078,-0.0477,39.13
1788953800042,303.4553,14.3313,0.0271,-0.1487,-0.1669,0.1965,39.14
1788953800042,298.6786,14.8082,0.3435,0.4007,-0.2890,-0.5361,39.13
1788953800042,298.7654,14.7987,0.1656,-0.7287,0.8709,0.0133,39.12
1788953800042,302.0077,14.4735,0.0754,-0.0877,-0.0754,0.1965,39.10
1788953800042,297.4095,14.9339,1.1962,1.4386,0.0467,-1.2077,39.12
1788953800042,297.0645,14.9678,0.9823,-1.7666,1.3898,0.1049,39.13
1788953800136,302.6496,14.4079,0.1181,0.2481,-0.1059,0.2270,39.14
1788953800136,298.2081,14.8522,1.1886,1.3470,0.2604,-1.3908,39.13
1788953800136,299.2541,14.7469,1.2013,-1.2171,1.2067,0.3491,39.12
1788953800136,300.8747,14.5840,0.3191,0.3091,-0.1059,0.3491,39.11
1788953800136,304.6772,14.2038,1.8334,1.5301,0.2299,-1.2077,39.13
1788953800136,303.2024,14.3501,1.1263,-1.0645,0.7183,0.2270,39.25
1788953800136,302.6375,14.4053,0.2504,-0.0572,-0.2585,0.0438,39.10
1788953800235,301.4609,14.5226,1.1287,0.0344,0.7793,-1.2993,39.13
1788953800235,303.9996,14.2682,0.8947,-0.6677,0.0773,0.3186,39.03
1788953800235,301.2237,14.5450,0.5689,0.4312,-0.6248,0.1659,39.12
1788953800235,303.1210,14.3546,0.7929,0.0955,0.4436,-0.2004,39.12
1788953800235,305.1089,14.1548,0.2564,-0.0572,-0.2280,0.0744,39.13
1788953800235,301.3022,14.5346,0.3183,0.6144,0.1994,0.3796,39.14
1788953800235,298.7661,14.7875,0.1670,0.2176,0.1383,0.4712,39.12
1788953800327,301.9664,14.4670,0.3292,-0.1487,-0.1975,0.1354,39.08
1788953800327,297.7949,14.8839,0.4478,0.7670,-0.0754,-0.4446,39.12
1788953800327,297.7746,14.8857,0.3733,-0.8203,0.6267,0.2270,39.13
1788953800327,301.1008,14.5523,0.1124,0.4312,-0.0754,0.6849,39.11
1788953800327,298.7925,14.7832,0.7847,0.8281,-0.1059,-0.9635,39.14
1788953800327,299.6826,14.6937,0.5933,-1.0950,1.1151,0.0744,39.14
1788953800327,300.9914,14.5623,0.5071,0.0955,-0.4111,0.5322,39.10
1788953800425,297.5376,14.9079,1.4268,1.6522,0.1994,-1.5740,39.12
1788953800425,303.2334,14.3370,0.6967,-1.0034,0.4436,0.0744,39.08
1788953800425,300.2002,14.6392,0.1655,0.4312,0.1383,0.5017,39.12
1788953800425,301.9641,14.4624,0.5222,0.1565,0.4130,-0.6277,39.14
1788953800425,303.5255,14.3062,1.4653,-1.1866,0.5351,0.1965,39.14
1788953800425,300.5163,14.6062,0.3855,0.1870,-0.5943,0.0133,39.13
1788953800425,301.4942,14.5083,0.7590,-0.0266,0.7183,-0.7498,39.13
1788953800525,301.7211,14.4855,0.7369,-0.7287,0.0467,0.1965,39.13
1788953800525,299.7490,14.6821,0.3273,0.1260,-0.3806,0.0438,39.15
1788953800525,303.1392,14.3434,0.8254,-0.0877,0.4436,-0.6277,39.15
1788953800525,303.6808,14.2885,0.2783,-0.2403,-0.0143,-0.0783,39.10
1788953800525,299.2874,14.7273,0.4421,0.3397,-0.2280,-0.3225,39.13
1788953800525,298.0686,14.8487,0.2243,-0.1793,-0.0448,0.0133,39.13
1788953800525,301.1769,14.5376,0.1394,-0.1487,-0.0143,0.1659,39.27
1788953800629,298.8903,14.7661,0.4283,0.4618,0.0467,-0.5667,39.15
1788953800629,297.5109,14.9035,0.2864,-0.8203,0.3825,0.1354,39.14
1788953800629,302.7250,14.3812,0.1441,0.0649,-0.4417,0.3796,39.13
1788953800629,297.4676,14.9068,0.7378,1.0723,0.0773,-1.0856,39.13
1788953800629,298.3529,14.8179,0.6834,-1.1866,0.9014,0.1965,39.14
1788953800629,302.4622,14.4058,0.1632,0.2176,-0.4722,0.3491,39.13
1788953800629,297.6334,14.8893,1.4330,1.2554,-0.0754,-1.7571,39.13
1788953800629,297.4571,14.9067,1.7992,-2.0718,1.7256,0.2575,39.13
1788953800629,299.7668,14.6742,0.1867,0.5228,-0.2585,0.6849,39.15
1788953800629,303.7440,14.2765,0.9697,0.8586,0.2604,-0.6888,39.13
1788953800629,301.0883,14.5414,1.2135,-1.2171,0.4741,0.6238,39.13
1788953800629,301.1146,14.5380,0.3471,0.2786,-0.5943,0.2270,39.13
1788953800629,304.2826,14.2211,1.4036,0.1260,0.7183,-1.0245,39.13
1788953800724,303.1181,14.3366,0.8806,-0.5456,0.2604,0.6849,39.14
1788953800724,301.7822,14.4690,0.4278,0.2176,-0.3196,-0.0477,39.15
1788953800724,301.3844,14.5084,0.9672,0.0649,0.8404,-0.9330,39.11
1788953800724,303.5340,14.2928,0.3996,-0.0877,0.4436,0.3796,39.14
1788953800724,300.8983,14.5561,0.7437,0.7670,-0.5638,0.1354,39.14
1788953800724,298.5337,14.7917,0.3948,-0.1487,0.0773,-0.1698,39.13
1788953800724,302.2427,14.4199,0.1447,-0.0572,-0.3196,0.1659,39.17
1788953800822,298.7615,14.7673,0.3277,0.3702,-0.0754,-0.4446,39.14
1788953800823,298.4590,14.7968,0.2731,-0.8813,0.6267,0.0438,39.14
1788953800823,301.4860,14.4933,0.2101,0.2176,-0.2890,0.5628,39.10
1788953800823,297.4104,14.9012,0.9768,1.0112,-0.1669,-1.2688,39.12
1788953800823,298.4391,14.7975,0.6322,-0.8203,0.8099,0.5933,39.13
1788953800823,300.7935,14.5611,0.2045,0.0039,-0.4722,0.2270,39.11
1788953800823,297.6663,14.8741,1.2377,1.3470,-0.0448,-1.2382,39.13
1788953800923,299.4740,14.6927,0.7703,-0.7898,0.4436,0.5933,39.17
1788953800923,300.6090,14.5787,0.2454,-0.1182,0.0162,0.1354,39.14
1788953800923,303.9782,14.2421,1.6622,1.4080,0.2299,-1.1466,39.15
1788953800923,302.6700,14.3720,0.6008,-0.6677,0.4130,0.3796,39.12
1788953800923,299.7895,14.6593,0.2635,0.2176,-0.2585,0.1049,39.12
1788953800923,301.0468,14.5337,0.9132,-0.0266,0.9930,-1.2382,39.13
1788953800923,303.2103,14.3173,0.8847,-0.7592,0.1078,0.2575,39.13
1788953801018,300.4353,14.5942,0.5701,0.7975,-0.5638,0.2880,39.14
1788953801018,303.2357,14.3135,0.3910,0.1260,0.3825,0.0438,39.12
1788953801018,301.7967,14.4571,0.5758,-0.5456,0.0162,0.1965,39.11
1788953801018,300.0985,14.6264,0.4069,0.2481,0.0162,-0.1088,39.14
1788953801018,298.7509,14.7609,0.3077,0.0649,0.3825,0.1659,39.14
1788953801018,302.8360,14.3520,0.1520,-0.1487,-0.1364,0.2270,39.10
1788953801018,298.4920,14.7860,0.4068,0.9807,-0.1669,-0.3530,39.13
1788953801115,297.7675,14.8584,0.3564,-0.8203,0.5962,0.2575,39.14
1788953801115,301.3588,14.4986,0.1212,0.0955,-0.2280,0.4407,39.11
1788953801115,297.9353,14.8411,0.7133,1.2249,0.1994,-0.5361,39.11
1788953801115,297.0104,14.9334,0.7700,-1.5529,1.1456,0.1354,39.11
1788953801115,303.3921,14.2937,0.1678,0.5533,-0.0143,0.6543,39.14
1788953801115,297.7121,14.8620,1.0941,0.9807,-0.2280,-1.2993,39.14
1788953801115,298.4762,14.7850,1.0902,-1.3697,1.4204,0.4712,39.13
1788953801209,301.8223,14.4490,0.3213,0.0649,-0.3806,-0.0172,39.13
1788953801209,303.1643,14.3159,1.8008,1.1333,0.2604,-1.7266,39.08
1788953801209,304.6028,14.1717,1.8166,-1.6139,1.1456,0.5017,39.20
1788953801209,299.4140,14.6893,0.2193,0.3702,-0.3196,0.1659,39.14
1788953801209,302.7998,14.3509,1.0961,0.1260,0.3825,-0.9635,39.13
1788953801209,300.3108,14.5995,1.0813,-1.1561,0.4436,1.1122,39.12
1788953801209,301.7209,14.4579,0.3755,0.0955,-0.0448,-0.0783,39.13
1788953801210,304.8486,14.1446,0.6704,0.0344,0.0162,-0.4140,39.14
1788953801210,303.0957,14.3191,0.6255,-0.6371,0.0773,0.1965,39.13
1788953801210,301.8337,14.4442,0.2883,0.1565,-0.2585,-0.1088,39.13
1788953801210,299.1653,14.7109,1.1535,-0.1182,0.9320,-0.7498,39.13
1788953801210,300.2962,14.5969,0.0182,-0.1487,-0.2890,0.1659,39.13
1788953801210,299.0948,14.7170,0.5942,0.7365,0.0162,-0.3835,39.14
1788953801210,298.3333,14.7925,0.2270,-0.6677,0.4130,-0.0783,39.13
1788953801210,302.4063,14.3841,0.0195,0.1565,-0.2890,0.3186,39.14
1788953801210,297.8209,14.8423,0.5850,0.6754,-0.1669,-0.8719,39.14
1788953801210,298.5802,14.7658,0.6256,-1.2476,0.7488,0.1354,39.14
1788953801210,300.9937,14.5240,0.3704,0.4312,-0.1669,0.8985,39.15
1788953801210,297.9340,14.8303,1.1499,1.3775,0.4130,-1.0856,39.13
1788953801210,297.6612,14.8572,1.3065,-1.8276,1.3898,0.1965,39.13
1788953801210,301.0903,14.5129,0.2631,0.1260,-0.2280,0.2880,39.13
1788953801210,302.5728,14.3647,1.3532,1.3165,0.2909,-1.1772,39.14
1788953801210,301.4160,14.4798,0.7729,-0.3014,0.5351,0.8375,39.23
1788953801210,300.0580,14.6152,0.3236,0.0649,-0.1669,0.0744,39.14
1788953801210,303.7651,14.2445,1.0690,0.4007,0.2909,-0.6277,39.10
1788953801210,302.1038,14.4100,0.6376,-0.7592,0.1383,0.1659,39.12
1788953801210,300.4752,14.5724,0.3722,0.1565,-0.4722,-0.0172,39.13
1788953801210,301.4744,14.4723,0.8953,0.1260,0.7793,-0.6888,39.14
1788953801210,303.1544,14.3040,0.5655,-0.3624,0.0467,0.1354,39.13
1788953801210,300.4129,14.5778,0.6472,0.5839,-0.3806,0.1049,39.14
1788953801210,303.3080,14.2874,0.2873,0.1565,-0.0754,0.1049,39.12
1788953801210,302.2779,14.3901,0.3468,-0.0877,0.0467,0.2270,39.18
1788953801210,296.2065,14.9969,0.3012,0.6449,0.2604,-0.2919,39.15
1788953801210,298.5658,14.7608,0.2088,-0.4845,0.3520,0.1965,39.14
1788953801211,302.2832,14.3882,0.0546,-0.1793,-0.2585,0.0744,39.14
1788953801211,297.3498,14.8817,0.6179,1.0112,-0.2585,-0.7193,39.14
1788953801211,298.0023,14.8167,0.6620,-0.9424,0.9014,0.3186,39.13
1788953801211,300.2134,14.5949,0.1447,0.3397,-0.0448,0.4407,39.11
1788953801211,297.3985,14.8770,1.0606,1.4080,0.1688,-0.8719,39.13
1788953801211,297.6962,14.8472,1.1546,-1.7360,1.2067,0.1965,39.12
1788953801211,302.0899,14.4067,0.2260,0.3702,-0.2585,0.5322,39.12
1788953801211,303.1215,14.3041,1.4413,1.1638,0.4130,-1.4214,39.13
1788953801211,303.7521,14.2404,1.2734,-0.9119,1.1456,0.4712,39.15
1788953801211,297.7726,14.8373,0.2341,0.5839,-0.6859,0.4101,39.12
1788953801211,304.1176,14.2034,1.6227,0.4007,0.3825,-1.1772,39.14
1788953801211,303.8994,14.2246,1.3500,-0.8508,0.4130,0.5628,39.13
1788953801211,299.9101,14.6225,0.3581,0.9807,-0.2585,0.4101,39.13
1788953801302,304.1221,14.2009,0.5757,0.0039,0.2909,-0.3225,39.13
1788953801302,300.8294,14.5298,0.9727,-0.7898,0.2909,1.0512,39.17
1788953801302,301.5604,14.4563,0.4482,0.1260,-0.2280,-0.0172,39.13
1788953801302,304.7891,14.1329,0.4083,-0.1182,-0.1364,-0.0783,39.13
1788953801302,302.3771,14.3734,0.3041,0.0955,-0.1364,0.2575,39.13
1788953801302,298.5599,14.7544,0.3761,0.3702,-0.1364,-0.2614,39.14
1788953801303,299.4816,14.6623,0.8710,-0.4845,0.8099,-0.0477,39.12
1788953801303,299.7420,14.6356,0.1914,0.1565,-0.1059,0.6849,39.13
1788953801303,299.4385,14.6659,0.6337,0.7975,0.0162,-0.8719,39.14
1788953801310,298.4652,14.7628,0.6002,-1.2476,0.7488,0.0438,39.13
1788953801412,302.5678,14.3511,0.1075,0.0649,-0.3501,0.4101,39.14
1788953801412,298.9107,14.7164,0.7769,1.0723,0.0773,-0.5667,39.13
1788953801412,298.1741,14.7896,1.0098,-1.1866,0.9930,0.3491,39.15
1788953801412,301.6132,14.4448,0.2057,0.4312,-0.0143,0.5017,39.15
1788953801412,302.2507,14.3819,1.3328,1.2859,0.5962,-1.0551,39.14
1788953801412,303.5587,14.2510,1.5864,-1.0340,1.0846,0.7459,39.12
1788953801412,299.5919,14.6468,0.2573,0.1260,-0.6248,0.1354,39.14
1788953801412,302.3777,14.3685,1.3202,0.5228,0.4130,-0.9635,39.12
1788953801412,301.7166,14.4341,0.7799,-0.7898,0.1078,0.5322,39.14
1788953801412,299.8302,14.6223,0.4062,0.4312,-0.5027,0.0744,39.11
1788953801503,303.6106,14.2442,0.8090,-0.0877,0.2909,-0.8109,39.12
1788953801503,301.5540,14.4493,0.5151,-0.3319,0.1383,0.3186,39.13
1788953801503,300.0240,14.6020,0.4409,0.2481,-0.4722,0.0133,39.14
1788953801503,301.8048,14.4235,0.4042,-0.0572,0.1078,-0.0477,39.15
1788953801503,300.8080,14.5232,0.5525,-0.1182,-0.1975,0.1049,39.09
1788953801503,300.2735,14.5764,0.3836,0.6144,0.0773,0.0438,39.13
1788953801504,297.4333,14.8599,0.2749,-0.3624,0.0162,-0.0783,39.13
1788953801504,301.9295,14.4101,0.1537,-0.2098,-0.2585,0.1354,39.12
1788953801504,296.9501,14.9081,0.5568,0.8281,0.1688,-0.8109,39.13
1788953801510,297.9370,14.8092,0.4090,-0.9119,0.6878,0.1049,39.14
1788953801616,301.9242,14.4098,0.1379,-0.0572,-0.3806,0.1965,39.14
1788953801616,297.9731,14.8051,0.7506,0.9196,-0.1669,-0.5972,39.13
1788953801616,297.1265,14.8901,0.9979,-1.4003,1.4814,0.1049,39.11
1788953801616,299.9740,14.6048,0.2381,0.2481,-0.5332,0.4712,39.14
1788953801616,301.9395,14.4089,1.3455,1.1944,0.3825,-1.2688,39.13
1788953801616,303.7067,14.2322,1.7877,-1.8581,1.6646,0.3186,39.13
1788953801717,300.0999,14.5914,0.1346,0.0039,-0.2280,0.1659,39.12
1788953801717,303.1152,14.2902,1.2842,0.3702,0.3520,-0.9940,39.15
1788953801717,303.6480,14.2363,0.9308,-0.5150,0.4436,0.4712,39.30
1788953801717,298.0194,14.7984,0.2947,1.1028,-0.2585,0.5322,39.15
1788953801717,303.4721,14.2537,1.2451,0.1260,0.7793,-0.8719,39.12
1788953801717,305.1396,14.0862,0.5684,-0.1487,0.1994,0.0438,39.15
1788953801717,298.8115,14.7182,0.5506,0.6449,-0.4722,0.2575,39.14
1788953801820,303.7957,14.2195,0.5804,-0.0877,0.2909,-0.1698,39.12
1788953801820,300.0956,14.5896,1.0255,-0.8203,0.2604,1.1122,39.13
1788953801820,300.5026,14.5486,0.3982,0.3397,-0.2280,-0.2004,39.13
1788953801820,299.4050,14.6578,0.3008,-0.4235,0.0467,-0.0172,39.13
1788953801820,301.4569,14.4521,0.4566,0.0039,-0.3806,0.3796,39.15
1788953801820,300.4198,14.5549,0.3467,0.7365,0.1078,-0.2309,39.16
1788953801820,298.5343,14.7432,0.4976,-0.9119,0.5046,0.0438,39.14
1788953801820,298.5343,0.0000,-0.0159,-0.1182,-0.0754,0.0438,39.14
1788953801820,298.5343,0.0000,0.0279,-0.1487,-0.1364,-0.0477,39.13
1788953801820,298.5343,0.0000,0.0413,-0.0572,0.1688,-0.1088,39.12
1788953801820,298.5343,0.0000,0.0052,0.4007,-0.0143,0.4101,39.13
1788953801820,298.5343,0.0000,0.0748,-0.0877,0.4130,-0.1088,39.13
1788953801820,298.5343,0.0000,0.0225,0.0649,-0.2280,0.0133,39.13
1788953801820,298.5343,0.0000,0.0073,0.3091,0.4436,0.3186,39.13
1788953801821,298.5343,0.0000,-0.0104,-0.0572,0.1078,0.1049,39.13
1788953801821,298.5343,0.0000,0.0056,-0.1182,0.3520,-0.0477,39.13
1788953801821,298.5343,0.0000,0.0518,-0.1182,0.3215,0.0133,39.13

